Trading Day,Date,Open,High,Low,Close,Volume,Dividends,Stock Splits,date_only,RollingMean,RollingStd,UpperBand1,LowerBand1,UpperBand2,LowerBand2,CCI_10,CCI_40,OBV,VPT,VPT_signal,VWAP,MFI_14,PP,R1,S1,R2,S2,R3,S3,CMF,%R,macd,macd_signal,macde_histogram,rsi,ADX,sma_5,sma_20,sma_50,sma_100,symbol,created_on
1,2025-08-18 00:00:00+05:30,33495.0,33495.0,32530.0,32590.0,7255,0.0,0.0,2025-08-18,33498.7927734375,763.7859999348717,34262.57877337237,32735.006773502624,35026.36477330724,31971.220773567755,-38.75421667843541,-60.898512182096354,632145,10393.176866987731,12006.604963877455,26983.106418234758,47.76247009761969,32871.666666666664,33213.33333333333,32248.33333333333,33836.666666666664,31906.666666666664,34178.33333333333,31283.33333333333,-0.09575287046976409,-80.0,-146.4490221756423,-4.71261508647078,-141.73640708917154,44.24562150990522,20.5511029338019,32867.0,33498.7927734375,33070.153046875,31534.12388671875,ABBOTINDIA.NS,2025-08-18 10:52:16.409092
2,2025-08-14 00:00:00+05:30,33215.0,33480.0,32615.0,33265.0,6346,0.0,0.0,2025-08-14,33552.1052734375,733.6303400233742,34285.73561346087,32818.47493341412,35019.365953484245,32084.84459339075,-3.0286173434690222,-31.809386006927774,639400,9279.27693732727,12409.961988099883,26977.039347136233,48.11740246770252,33120.0,33625.0,32760.0,33985.0,32255.0,34490.0,31895.0,-0.05628730720668029,-60.14705882352941,-106.98128604853264,30.721486685822104,-137.70277273435474,49.68087677076281,20.611179694305132,32918.0,33552.1052734375,33042.263515625,31506.98388671875,ABBOTINDIA.NS,2025-08-18 10:52:16.409092
3,2025-08-13 00:00:00+05:30,32745.0,34060.0,32320.0,32940.0,18236,0.0,0.0,2025-08-13,33573.640234375,731.0760178091022,34304.7162521841,32842.5642165659,35035.7922699932,32111.488198756797,-22.236076475478285,-25.919322833131847,633054,26404.607680411827,13192.633250793036,26971.08217031943,42.77161071624587,33106.666666666664,33893.33333333333,32153.33333333333,34846.666666666664,31366.666666666664,35633.33333333333,30413.33333333333,-0.09783850065971353,-69.70588235294117,-121.30696803657338,65.14717986941079,-186.45414790598417,46.756658021408995,20.798381945159854,32809.0,33573.640234375,33002.15609375,31471.981875,ABBOTINDIA.NS,2025-08-18 10:52:16.409092
4,2025-08-12 00:00:00+05:30,33270.0,33800.0,31910.0,32560.0,12077,0.0,0.0,2025-08-12,33617.0962890625,717.1270696778452,34334.223358740346,32899.96921938466,35051.35042841819,32182.842149706812,-69.54671903125507,-45.397001401579836,614818,17285.024652322427,9889.639643388338,26954.787718686537,36.51765120555001,32756.666666666668,33603.333333333336,31713.333333333336,34646.66666666667,30866.666666666668,35493.333333333336,29823.333333333336,-0.0663216146596501,-80.88235294117646,-105.80262197525008,111.76071684590683,-217.5633388211569,43.171057353832694,20.999984369157247,32742.0,33617.0962890625,32960.65859375,31441.9020703125,ABBOTINDIA.NS,2025-08-18 10:52:16.409092
5,2025-08-11 00:00:00+05:30,32870.0,33070.0,32645.0,32980.0,3041,0.0,0.0,2025-08-11,33679.305859375,673.221041865014,34352.52690124002,33006.08481750999,35025.74794310503,32332.863775644975,-70.69587845211149,-31.155307593347047,626895,4408.5280886403725,8040.793391154815,26944.63571966892,45.86003992685263,32898.333333333336,33151.66666666667,32726.66666666667,33323.333333333336,32473.333333333336,33576.66666666667,32301.66666666667,-0.05034014563667646,-76.14379084967321,-46.925048275901645,166.15155155119604,-213.07659982709768,46.376401541774136,20.714881274600145,32881.0,33679.305859375,32923.6050390625,31413.9194921875,ABBOTINDIA.NS,2025-08-18 10:52:16.409092
6,2025-08-08 00:00:00+05:30,32720.0,32990.0,32600.0,32845.0,3019,0.0,0.0,2025-08-08,33721.5015625,653.2339853696807,34374.735547869685,33068.26757713032,35027.96953323936,32415.03359176064,-84.25251474158846,-32.29786449240785,623854,4358.7194855125845,8948.859716783425,26941.882008085686,46.466466287952876,32811.666666666664,33023.33333333333,32633.33333333333,33201.666666666664,32421.666666666664,33413.33333333333,32243.33333333333,-0.07219123484564892,-80.55555555555556,-12.196563035438885,219.42070150797045,-231.61726454340933,45.16113873125554,21.390239206952995,33084.0,33721.5015625,32867.6970703125,31376.023984375,ABBOTINDIA.NS,2025-08-18 10:52:16.409092
7,2025-08-07 00:00:00+05:30,32250.0,32900.0,32250.0,32720.0,4237,0.0,0.0,2025-08-07,33776.6115234375,621.0992140542983,34397.7107374918,33155.51230938321,35018.8099515461,32534.413095328906,-130.60451910564345,-38.966855616745626,620835,6093.941765933756,10096.394774601134,26939.206908934906,43.46603756310282,32623.333333333332,32996.666666666664,32346.666666666664,33273.33333333333,31973.333333333332,33646.666666666664,31696.666666666664,-0.09102569062518379,-84.640522875817,45.74667281084112,277.3250176438228,-231.57834483298166,44.07135553226692,21.96736475219332,33234.0,33776.6115234375,32811.5303125,31341.4396484375,ABBOTINDIA.NS,2025-08-18 10:52:16.409092
8,2025-08-06 00:00:00+05:30,33320.0,33500.0,32415.0,32605.0,8725,0.0,0.0,2025-08-06,33844.6287109375,571.830810382994,34416.45952132049,33272.797900554506,34988.29033170349,32700.96709017151,-150.5231036690643,-22.99883064523895,616598,12504.78361254378,11097.008026767977,26935.528013088366,43.38373098353827,32840.0,33265.0,32180.0,33925.0,31755.0,34350.0,31095.0,-0.0996226128745207,-93.43696027633851,131.54904790477303,335.2196038520682,-203.67055594729516,43.105470730204345,22.426298094546283,33571.0,33844.6287109375,32755.792421875,31315.01556640625,ABBOTINDIA.NS,2025-08-18 10:52:16.409092
9,2025-08-05 00:00:00+05:30,33855.0,34100.0,33200.0,33255.0,7996,0.0,0.0,2025-08-05,33910.2591796875,491.7914997950098,34402.050679482505,33418.46767989249,34893.84217927752,32926.67618009748,-87.50596579307648,16.987125767004,625323,11688.43264046642,10745.064130324026,26928.088420226028,45.18393291940221,33518.333333333336,33836.66666666667,32936.66666666667,34418.333333333336,32618.333333333336,34736.66666666667,32036.66666666667,-0.02538592246320347,-74.86338797814207,250.73467892799817,386.13724283889195,-135.40256391089378,47.40200830305799,23.131338687778563,34089.0,33910.2591796875,32697.8176953125,31291.05419921875,ABBOTINDIA.NS,2025-08-18 10:52:16.409092
10,2025-08-04 00:00:00+05:30,33595.0,34220.0,33235.0,33995.0,5526,0.0,0.0,2025-08-04,33932.04765625,470.42170695586503,34402.46936320586,33461.62594929413,34872.89107016173,32991.204242338266,-40.526520607230374,34.567042297112096,633319,8257.573858450563,10509.222002788425,26920.470643170243,47.253298648455676,33816.666666666664,34398.33333333333,33413.33333333333,34801.666666666664,32831.666666666664,35383.33333333333,32428.33333333333,0.008960910442991915,-47.90528233151184,335.5142416936724,419.9878838166154,-84.47364212294303,52.985084180989524,24.80712147984518,34380.0,33932.04765625,32632.661953125,31261.96080078125,ABBOTINDIA.NS,2025-08-18 10:52:16.409092
11,2025-08-01 00:00:00+05:30,34550.0,34815.0,33205.0,33595.0,7114,0.0,0.0,2025-08-01,33932.862890625,470.5506546034712,34403.413545228475,33462.31223602153,34873.96419983194,32991.76158141806,-26.33618206731449,39.25650006420638,627793,10505.459359790868,11072.134038872891,26914.579037553704,47.6961997698627,33871.666666666664,34538.33333333333,32928.33333333333,35481.666666666664,32261.666666666664,36148.33333333333,31318.33333333333,-0.04025017359483182,-62.47723132969035,366.09543581496837,441.10629434735114,-75.01085853238277,50.0310132464433,26.55707633220944,34160.0,33932.862890625,32548.859765625,31227.58638671875,ABBOTINDIA.NS,2025-08-18 10:52:16.409092
12,2025-07-31 00:00:00+05:30,34600.0,35100.0,34315.0,34405.0,6195,0.0,0.0,2025-07-31,33966.0064453125,468.84233391228423,34434.84877922478,33497.16411140022,34903.69111313707,33028.32177748793,100.9599396211973,76.83795825402987,634907,9368.917477629042,11213.802708643398,26907.40920875379,50.36243450691911,34606.666666666664,34898.33333333333,34113.33333333333,35391.666666666664,33821.666666666664,35683.33333333333,33328.33333333333,-0.0784384047584906,-32.96903460837887,439.09567017004156,459.8590089804468,-20.76333881040523,56.73401127360256,28.44164309629403,34197.0,33966.0064453125,32484.399609375,31201.79759765625,ABBOTINDIA.NS,2025-08-18 10:52:16.409092
13,2025-07-30 00:00:00+05:30,34600.0,35310.0,34215.0,35195.0,8866,0.0,0.0,2025-07-30,33992.4294921875,508.13067385692426,34500.56016604442,33484.29881833057,35008.69083990135,32976.168144473646,190.55771852285378,93.92625690284648,641102,13716.245106473916,11675.024016396987,26900.39529814395,52.45993199320983,34906.666666666664,35598.33333333333,34503.33333333333,36001.666666666664,33811.666666666664,36693.33333333333,33408.33333333333,-0.06374519246130524,-4.18943533697632,446.1323994554041,465.0498436830481,-18.917444227644012,64.56844291584312,28.60579532683439,34137.0,33992.4294921875,32410.64328125,31168.81419921875,ABBOTINDIA.NS,2025-08-18 10:52:16.409092
14,2025-07-29 00:00:00+05:30,32960.0,34750.0,32865.0,34710.0,14011,0.0,0.0,2025-07-29,33981.3251953125,482.23421426512925,34463.55940957763,33499.09098104737,34945.79362384276,33016.85676678224,88.39388736636265,59.9585343950221,632236,21377.173768716817,11164.718743877753,26889.275358288025,49.44200962725568,34108.333333333336,35351.66666666667,33466.66666666667,35993.333333333336,32223.333333333336,37236.66666666667,31581.66666666667,-0.0334777305705953,-4.2516401986634715,370.5789331699125,469.779204739959,-99.20027157004654,61.540878981474876,28.782574652031702,33949.57421875,33981.3251953125,32326.8073046875,31124.41625,ABBOTINDIA.NS,2025-08-18 10:52:16.409092
15,2025-07-28 00:00:00+05:30,33785.0,33870.0,32565.0,32895.0,6363,0.0,0.0,2025-07-28,33955.266796875,454.04371596518706,34409.31051284019,33501.22308090982,34863.35422880538,33047.179364944626,-222.44035121775647,16.72737229127532,618225,9200.646708254566,8611.604987667986,26872.671224784943,46.73876802378952,33110.0,33655.0,32350.0,34415.0,31805.0,34960.0,31045.0,-0.2072699777904922,-85.26948310748669,315.9979205290874,494.57927263247063,-178.5813521033832,45.29834637186211,29.626417849421536,33739.8109375,33955.266796875,32241.0333984375,31077.0975390625,ABBOTINDIA.NS,2025-08-18 10:52:16.409092
16,2025-07-25 00:00:00+05:30,34175.0,34290.0,33545.0,33780.0,5504,475.0,0.0,2025-07-25,34069.5181640625,460.64962382568007,34530.16778788818,33608.86854023682,34990.81741171386,33148.21891641114,7.737197362705372,52.99032259847113,624588,8172.6821961974665,8464.34455752134,26866.858959656904,45.70786452350393,33871.666666666664,34198.33333333333,33453.33333333333,34616.666666666664,33126.666666666664,34943.33333333333,32708.33333333333,-0.024634828603236854,-68.8428258147595,420.07983736728784,539.2246106583164,-119.14477329102851,56.00833511144196,31.813676156572555,33884.17109375,34069.5181640625,32188.4034765625,31043.669140625,ABBOTINDIA.NS,2025-08-18 10:52:16.409092
17,2025-07-24 00:00:00+05:30,34420.604395604394,34805.24725274726,33947.19780219781,34105.0,6926,0.0,0.0,2025-07-24,34103.5208984375,463.2458556409133,34566.76675407841,33640.27504279659,35030.01260971933,33177.02918715567,175.69420848985263,73.74344987170068,630092,10383.10107834221,8537.260147852308,26861.08284789583,45.286306456096405,34285.81501831502,34624.432234432235,33766.382783882786,35143.86446886447,33427.76556776557,35482.481684981685,32908.333333333336,-0.013709951243038195,-47.019876931118404,459.812293965173,569.0108039810734,-109.19851001590041,60.91991683499217,32.110962101970394,33859.42109375,34103.5208984375,32115.607890625,31003.67640625,ABBOTINDIA.NS,2025-08-18 10:52:16.409092
18,2025-07-23 00:00:00+05:30,33680.90680442097,34469.917798375194,33567.48647404005,34257.87109375,7134,0.0,0.0,2025-07-23,34028.318359375,572.2508080898162,34600.56916746482,33456.06755128518,35172.81997555463,32883.81674319537,133.76655785719203,69.56078946599825,637018,10742.862487097367,8075.799915229833,26853.458642975886,34.17191770152034,34098.42512205508,34629.36377007011,33726.932445734965,35000.85644639022,33195.99379771994,35531.79509440525,32824.50112139982,0.10961086989082616,-49.60422398237015,471.7074498523871,596.3104314850485,-124.60298163266145,63.34621170866145,31.328207810820754,33777.5609375,34028.318359375,32031.77546875,30956.66615234375,ABBOTINDIA.NS,2025-08-18 10:52:16.409092
19,2025-07-22 00:00:00+05:30,33779.535250100715,33848.573716305305,33592.14512754542,33661.18359375,4044,0.0,0.0,2025-07-22,33877.6666015625,841.7747433475007,34719.44134491,33035.891858215,35561.216088257504,32194.1171148675,-78.22249248302255,56.6705830712245,629884,5983.662230773984,7409.034272262948,26845.4227640882,39.67444371607792,33700.634145866905,33809.12316418839,33552.694575428504,33957.062734626794,33444.205557107016,34065.55175294828,33296.265986668615,0.10448231434764062,-83.90794696575345,464.7342849015113,627.4611768932139,-162.7268919917026,57.162483812927356,30.906975046633132,33687.8109375,33877.6666015625,31944.78703125,30899.53138671875,ABBOTINDIA.NS,2025-08-18 10:52:16.409092
20,2025-07-21 00:00:00+05:30,33779.53430417523,33878.16068170567,33473.79253383086,33616.80078125,2808,0.0,0.0,2025-07-21,33749.698828125,1046.146034556291,34795.84486268129,32703.55279356871,35841.990897237585,31657.406759012418,-133.03772506137926,58.29092951322829,625840,4149.349573099177,7765.377282635189,26841.227083413803,46.08269579401814,33656.251332262174,33838.710130693486,33434.34198281868,34060.61948013698,33251.88318438737,34243.07827856829,33029.97383494388,0.11996145929779024,-85.97695738193237,507.52977015529177,668.1428998911395,-160.61312973584768,56.65747428211314,31.4031434083395,33716.4125,33749.698828125,31871.014453125,30853.173515625,ABBOTINDIA.NS,2025-08-18 10:52:16.409092
21,2025-07-18 00:00:00+05:30,33779.53296703297,33917.60989010989,33444.2032967033,33656.25,4287,0.0,0.0,2025-07-18,33600.03330078125,1258.686279754669,34858.71958053592,32341.347021026584,36117.405860290586,31082.660741271913,-131.42600018202032,62.62716089085527,628648,6342.284933610155,8669.38421001919,26838.32970120416,40.558500586569124,33672.68772893773,33901.17216117216,33427.76556776557,34146.09432234432,33199.28113553114,34374.578754578746,32954.358974358984,0.10982833978895153,-84.13793817818384,559.0021491710359,708.2961823251012,-149.29403315406535,57.21421665403765,31.9374785671002,33757.83515625,33600.03330078125,31791.718828125,30810.13443359375,ABBOTINDIA.NS,2025-08-18 10:52:16.409092
22,2025-07-17 00:00:00+05:30,33828.84481788746,33966.92173551149,33616.79812296484,33695.69921875,4667,0.0,0.0,2025-07-17,33476.50380859375,1369.2560123729625,34845.75982096671,32107.247796220785,36215.015833339676,30737.991783847825,-82.45524496540475,70.07643638287895,632935,6912.558416976568,9251.159029121449,26833.875686573396,53.954675148511775,33759.80635907545,33902.81459518605,33552.690982639404,34109.92997162209,33409.6827465288,34252.938207732695,33202.56737009276,0.1415788990150104,-82.29891897443531,612.547512137462,745.6196906136174,-133.0721784761554,57.741079141490886,32.512916430380955,33816.025,33476.50380859375,31713.6067578125,30762.7987109375,ABBOTINDIA.NS,2025-08-18 10:52:16.409092
23,2025-07-16 00:00:00+05:30,33818.98373117525,34060.61834809382,33537.89856455568,33809.12109375,3902,0.0,0.0,2025-07-16,33321.90703125,1510.4715979306811,34832.378629180675,31811.435433319315,36342.85022711136,30300.963835388633,-69.43794997011153,76.34085472079802,637602,5798.927602299063,9835.809182157669,26828.992171233684,69.49920341144987,33802.54600213317,34067.19343971065,33544.473656172515,34325.265785671305,33279.82621859503,34589.91322324879,33021.75387263438,0.1264372802002112,-67.24349879289002,667.9356293594537,778.8877352326562,-110.95210587320241,59.196358142860944,32.69770796412003,33892.95390625,33321.90703125,31631.5496484375,30707.61234375,ABBOTINDIA.NS,2025-08-18 10:52:16.409092
24,2025-07-15 00:00:00+05:30,33868.298552607586,34119.79581908735,33631.59524297958,33804.19140625,4705,0.0,0.0,2025-07-15,33188.02177734375,1581.9929575582642,34770.01473490201,31606.028819785482,36352.007692460276,30024.035862227218,-65.25017161508882,83.62144189295476,633700,6991.280397727074,10845.029577122321,26824.836277665283,75.26419624454684,33851.86082277231,34072.12640256504,33583.92582645727,34340.061398880076,33363.66024666454,34560.326978672805,33095.725250349504,0.11488947758444579,-50.509706863027965,717.5586306988189,806.6257617009567,-89.06713100213778,59.15480777206346,32.89671423122364,33914.6515625,33188.02177734375,31553.930703125,30644.0944921875,ABBOTINDIA.NS,2025-08-18 10:52:16.409092
25,2025-07-14 00:00:00+05:30,33858.43329248068,34026.09812381543,33720.35637255795,33823.9140625,2513,0.0,0.0,2025-07-14,33065.97158203125,1625.5163189807276,34691.48790101198,31440.45526305052,36317.004219992705,29814.938944069792,-74.44311618969886,89.94487030903687,638405,3736.3099077962297,11808.466871971132,26819.82209061265,77.60650503339726,33856.78951962446,33993.22266669096,33687.48091543349,34162.53127088193,33551.04776836698,34298.96441794844,33381.73916417601,0.16373585613238054,-48.00356720442181,770.7045087477236,828.8925444514911,-58.18803570376747,59.379396037369965,32.89358037916178,33891.9671875,33065.97158203125,31472.761171875,30585.7476171875,ABBOTINDIA.NS,2025-08-18 10:52:16.409092
26,2025-07-11 00:00:00+05:30,34070.48219092733,34257.87230863688,33838.710203233946,33947.19921875,3025,0.0,0.0,2025-07-11,32936.77109375,1664.3309445216883,34601.10203827169,31272.440149228314,36265.432982793376,29608.109204706627,-58.89643883939129,104.31193996854294,640918,4513.940901391839,13826.506113014855,26817.133426093293,79.45685165317502,34014.593910206946,34190.477617179946,33771.315511777015,34433.75601560988,33595.431804804015,34609.63972258288,33352.153406374084,0.16808793773985228,-43.72879548580872,825.1276136077213,843.4395533774328,-18.311939769711557,60.71768052702368,32.996422611002984,33929.4453125,32936.77109375,31402.341953125,30531.35517578125,ABBOTINDIA.NS,2025-08-18 10:52:16.409092
27,2025-07-10 00:00:00+05:30,34026.0992439589,34366.3602363985,33656.250339133265,34080.34375,4398,0.0,0.0,2025-07-10,32793.5162109375,1695.7896345813883,34489.30584551889,31097.72657635611,36185.09548010028,29401.936941774726,-68.87901287845135,114.41069849398833,643943,6588.487592364131,16154.647415920608,26813.83723843476,78.31875321809366,34034.31810851058,34412.3858778879,33702.27598062267,34744.428005775815,33324.20821124535,35122.49577515313,32992.166083357435,0.1850241431332146,-39.95098004249262,870.1620262052529,848.0175383198607,22.14448788539221,62.12163016459833,32.85673027472913,33991.5796875,32793.5162109375,31325.1175,30479.1709765625,ABBOTINDIA.NS,2025-08-18 10:52:16.409092
28,2025-07-09 00:00:00+05:30,33779.53245402006,34124.7247564699,33532.96652369875,33917.609375,10341,0.0,0.0,2025-07-09,32646.562890625,1705.7242604683786,34352.28715109338,30940.83863015662,36058.011411561754,29235.114369688243,-40.085485276678064,116.50670823457851,639545,15417.512636177198,18546.187371809727,26808.94997328133,78.79193490535236,33858.43355172288,34183.900579747016,33592.14234697587,34450.19178449403,33266.67531895173,34775.658812518166,33000.38411420472,0.17078985916983358,-40.84508115301078,901.5227290107214,842.4814163485127,59.041312662208725,61.10080502102673,32.70629237412652,34162.203125,32646.562890625,31234.9730078125,30431.12416015625,ABBOTINDIA.NS,2025-08-18 10:52:16.409092
29,2025-07-08 00:00:00+05:30,34218.4206348571,34504.43712092451,33315.989308127195,33690.76953125,7819,0.0,0.0,2025-07-08,32510.705078125,1707.3669661777526,34218.07204430275,30803.338111947247,35925.439010480506,29095.971145769494,-6.121395648240415,127.23132236620901,629204,11579.470074959334,19328.356055717857,26797.690382667748,74.78421543989263,33837.06532010057,34358.141332073945,33169.69351927663,35025.51313289788,32648.617507303257,35546.58914487126,31981.24570647932,0.16079278468179498,-44.444442840302365,944.0413668221081,827.7210881829604,116.32027863914766,59.694794572144296,32.77269468159078,34373.2640625,32510.705078125,31150.3516015625,30385.85072265625,ABBOTINDIA.NS,2025-08-18 10:52:16.409092
30,2025-07-07 00:00:00+05:30,34415.672816306,34529.09314511745,33828.8458976729,34011.3046875,6130,0.0,0.0,2025-07-07,32386.682421875,1707.2255637645208,34093.90798563952,30679.45685811048,35801.13354940404,28972.23129434596,24.65298959070842,157.99199077631516,637023,9164.532321890869,21265.577550907485,26789.425108366788,77.99344488703242,34123.08124343012,34417.316589187336,33717.06934174279,34823.328490874665,33422.83399598557,35117.56383663188,33016.822094298244,0.16746138570035338,-39.35837885011646,1006.5147382253635,798.6410185231734,207.8737197021901,62.6668988927092,32.84420485885998,34472.8765625,32386.682421875,31063.9548828125,30335.759375,ABBOTINDIA.NS,2025-08-18 10:52:16.409092
31,2025-07-04 00:00:00+05:30,34933.461757323304,35184.95901164621,34183.90131306679,34257.87109375,9978,0.0,0.0,2025-07-04,32254.7697265625,1676.741762106838,33931.51148866933,30578.02796445566,35608.25325077618,28901.286202348823,51.26171418597315,204.872020705345,643153,15025.551148900684,24290.83885816164,26782.62975629805,81.60713686239512,34542.24380615433,34900.58629924187,33899.528600662445,35543.301504733754,33541.186107574904,35901.643997821295,32898.47090208302,0.1858447275424708,-35.44600763103065,1039.6815053423998,746.6725885976259,293.00891674477384,64.97771475224422,31.998899976568328,34706.62109375,32254.7697265625,30969.6680859375,30269.848359375,ABBOTINDIA.NS,2025-08-18 10:52:16.409092
32,2025-07-03 00:00:00+05:30,34977.84280486836,35461.1120273239,34617.856547324955,34933.4609375,13655,0.0,0.0,2025-07-03,32101.65234375,1623.1626820297563,33724.81502577975,30478.489661720243,35347.977707809514,28855.326979690486,79.63311956476915,264.05352845152623,653131,20968.13767799846,26607.160785476874,26771.16313055533,85.86197078519417,35004.143170716285,35390.429794107615,34547.17431410867,35847.39865071523,34160.88769071734,36233.68527410656,33703.918834109725,0.22003749004338727,-24.726143961061705,1042.1092125457726,673.4203594114323,368.6888531343403,71.70491499124759,30.401567160842212,34747.0578125,32101.65234375,30877.452421875,30184.914296875,ABBOTINDIA.NS,2025-08-18 10:52:16.409092
33,2025-07-02 00:00:00+05:30,34366.36183045156,35101.12835545333,33838.710701759024,34972.9140625,13570,0.0,0.0,2025-07-02,31917.9607421875,1488.0841837801697,33406.04492596767,30429.87655840733,34894.12910974784,28941.792374627163,85.54308490922116,273.91718458969126,666786,20861.148236999925,28016.916562346476,26753.992600584006,82.59055497030124,34637.58437323745,35436.45804471587,34174.04039102157,35900.002026931754,33375.166719543144,36698.87569841018,32911.62273732726,0.25453153305687304,-24.100124897473254,962.8925165118926,581.2481461278471,381.6443703840455,72.1097171550767,27.790474474818275,34280.55546875,31917.9607421875,30779.81234375,30091.78734375,ABBOTINDIA.NS,2025-08-18 10:52:16.409092
34,2025-07-01 00:00:00+05:30,35184.95839362018,35308.24135926006,33981.71664897501,34188.83203125,15146,0.0,0.0,2025-07-01,31712.5712890625,1318.003334073654,33030.574623136155,30394.567954988845,34348.57795720981,29076.564620915193,107.66057851846418,301.3013979923481,653216,22761.91293436261,29805.858643683114,26736.774584880226,77.80845317022202,34492.930013161684,35004.14337734836,33677.61866706331,35819.45472344673,33166.405302876636,36330.66808763341,32351.093956778263,0.207746754093076,-36.54147901022494,842.9963249380344,485.83705353183564,357.15927140619874,68.86587886297207,25.148626171831907,33534.93984375,31712.5712890625,30692.1334765625,29997.42259765625,ABBOTINDIA.NS,2025-08-18 10:52:16.409092
35,2025-06-30 00:00:00+05:30,34464.98613757622,35298.37899166842,33671.04383279016,35180.02734375,25043,0.0,0.0,2025-06-30,31538.49580078125,1198.203387694559,32736.69918847581,30340.29241308669,33934.90257617037,29142.08902539213,163.74481893323588,363.61215964546466,668362,38726.5729946814,31566.84507101324,26719.309156767475,83.29430237695847,34716.483389402856,35761.922946015555,34134.587787137294,36343.81854828112,33089.148230524595,37389.258104893815,32507.252628259033,0.26879075289942256,-20.813772741975896,753.9403960016061,396.5472356802859,357.39316032132024,79.75463998376969,22.011546857878464,32917.5390625,31538.49580078125,30618.1637109375,29913.67205078125,ABBOTINDIA.NS,2025-08-18 10:52:16.409092
36,2025-06-27 00:00:00+05:30,32605.878877182313,36491.75796901832,32502.321185648612,34460.0546875,53061,0.0,0.0,2025-06-27,31288.72451171875,876.6773246810034,32165.401836399753,30412.047187037744,33042.07916108076,29535.369862356743,271.1138386299415,405.92153910344325,643319,80374.43511183732,29776.913090096194,26686.39483510915,80.89004369394567,34484.71128072231,36467.101375796,32477.6645924263,38474.14806409202,30495.274497352602,40456.53815916571,28488.227809056592,0.21293142941669996,-32.2378768674391,530.8807608140378,307.1989455999558,223.681815214082,77.33781887171757,18.637089096720786,32006.231640625,31288.72451171875,30519.9318359375,29819.57658203125,ABBOTINDIA.NS,2025-08-18 10:52:16.409092
37,2025-06-26 00:00:00+05:30,31244.836522462563,32798.201974573625,31170.8667390287,32600.94921875,30735,0.0,0.0,2025-06-26,31067.5548828125,519.8534500534977,31587.408332865998,30547.701432759,32107.261782919493,30027.847982705505,268.5885311938918,199.69993408178578,590258,44044.3295546185,17127.532584660912,26621.786751195377,72.21943417248492,32190.00597745077,33209.14521587284,31581.80998032792,33817.3412129957,30562.670741905848,34836.48045141777,29954.474744782994,0.27690585314795924,-7.561435159230205,308.159584017998,251.27849179643528,56.88109222156271,68.24973402955406,15.003057661627901,31351.352734375,31067.5548828125,30436.4939453125,29726.49154296875,ABBOTINDIA.NS,2025-08-18 10:52:16.409092
38,2025-06-25 00:00:00+05:30,31126.48428622159,31358.25626997514,30934.162852894173,31244.8359375,5191,0.0,0.0,2025-06-25,30934.1626953125,442.1545544846272,31376.317249797128,30492.008140827875,31818.471804281755,30049.853586343248,53.517219715137465,87.56105451688836,559523,7129.446563196957,10398.333342171514,26592.8629562307,52.08254639347421,31179.085020123104,31424.007187352036,30999.91377027107,31603.17843720407,30754.991603042137,31848.100604433002,30575.8203531901,0.1951423683186468,-32.70443347003561,201.43362225423334,237.05821874104456,-35.624596486811214,56.40922381372929,13.560307080024542,30951.915625,30934.1626953125,30394.9722265625,29653.9326171875,ABBOTINDIA.NS,2025-08-18 10:52:16.409092
39,2025-06-24 00:00:00+05:30,30939.094602227684,31363.188025210085,30672.803383145714,31101.828125,9207,0.0,0.0,2025-06-24,30857.23408203125,513.3671236115254,31370.601205642775,30343.866958419723,31883.9683292543,29830.499834808197,-5.434871546720345,75.38554235093459,554332,12587.24255105286,11215.555036915155,26589.059093052598,60.03146872559787,31045.939844451932,31419.07630575815,30728.69166369378,31736.324486516303,30355.55520238756,32109.46094782252,30038.307021629407,0.1668644833853118,-41.82389890309026,195.29663644867105,245.96436786274734,-50.667731414076286,54.757030122754415,14.566052201714573,30929.231640625,30857.23408203125,30354.7543359375,29603.0231640625,ABBOTINDIA.NS,2025-08-18 10:52:16.409092
40,2025-06-23 00:00:00+05:30,30835.536946142813,31022.92706351902,30455.825392512077,30623.490234375,6678,0.0,0.0,2025-06-23,30802.0033203125,544.1638555236775,31346.167175836177,30257.83946478882,31890.331031359852,29713.675609265145,-143.68631895930437,37.065779779079875,545125,8989.33659295111,10872.63315838073,26582.50476409657,61.291284000488815,30700.7475634687,30945.669734425323,30378.56806341838,31267.84923447564,30133.64589246176,31512.771405432264,29811.46639241144,0.16820639964242848,-72.32702864556475,198.56449772489577,258.63130071626637,-60.066802991370594,48.72036803811633,15.649162332765377,30981.503515625,30802.0033203125,30306.8820703125,29561.08080078125,ABBOTINDIA.NS,2025-08-18 10:52:16.409092
41,2025-06-20 00:00:00+05:30,30672.80299998023,31308.943126507154,30189.533756572182,31185.66015625,9994,0.0,0.0,2025-06-20,30761.07333984375,587.3684968519547,31348.441836695707,30173.704842991796,31935.810333547663,29586.33634613984,-121.84745725156284,63.07038287771049,551803,13700.008220617388,11343.457299738133,26578.243303897747,67.59635261699857,30894.71234644311,31599.890936314037,30480.481566379065,32014.121716378082,29775.302976508137,32719.30030624901,29361.072196444093,0.15595309340738578,-34.11767348260423,246.84883210639236,273.648001464109,-26.799169357716607,57.023588916891626,15.905555884018494,31104.786328125,30761.07333984375,30274.314609375,29529.51837890625,ABBOTINDIA.NS,2025-08-18 10:52:16.409092
42,2025-06-19 00:00:00+05:30,31456.881801948217,31644.271911444066,30376.9230130116,30603.763671875,8828,0.0,0.0,2025-06-19,30720.38994140625,584.5844529984718,31304.974394404722,30135.80548840778,31889.558847403194,29551.221035409308,-195.22595955868817,64.17698057902517,541809,11875.822691125817,10754.319569518317,26570.96035047082,67.4112758042135,30874.986198776885,31373.04938454217,30105.700486109705,32142.33509720935,29607.63730034442,32640.398282974635,28838.35158767724,0.08930975684507494,-55.98089380284472,249.56205833279455,280.34779380353814,-30.78573547074359,48.6046845897183,16.181672016137234,31084.074609375,30720.38994140625,30221.9577734375,29491.59109375,ABBOTINDIA.NS,2025-08-18 10:52:16.409092
43,2025-06-18 00:00:00+05:30,31363.18800243545,31560.44075716775,31067.308870337005,31131.416015625,3647,0.0,0.0,2025-06-18,30726.0609375,583.9433129053011,31310.004250405298,30142.1176245947,31893.9475633106,29558.174311689396,46.50430471795766,114.19677271623692,550637,4990.696721617603,10473.943789116442,26565.32154816216,72.92896138655885,31253.055214376585,31438.801558416166,30945.66967158542,31746.18710120733,30759.92332754584,31931.933445246912,30452.537784754673,0.13384941423462615,-30.382766786776905,306.56255388182035,288.04422767122406,18.518326210596285,58.20534739288396,16.87843998634472,31191.57734375,30726.0609375,30183.4422265625,29458.07193359375,ABBOTINDIA.NS,2025-08-18 10:52:16.409092
44,2025-06-17 00:00:00+05:30,31239.904530267297,31407.569369103774,30894.712215015723,31363.1875,14707,0.0,0.0,2025-06-17,30719.6501953125,579.9490939043634,31299.599289216865,30139.701101408136,31879.548383121226,29559.752007503776,34.52198853068909,117.0965323090645,554284,20275.465207596993,11844.75555599115,26562.682489196555,72.87053212931313,31221.82302803983,31548.93384106394,31036.076686975888,31734.680182127882,30708.96587395178,32061.79099515199,30523.219532887837,0.21468461557594107,-18.604685128100815,322.92981275509374,283.414646118575,39.51516663651876,63.305601597446575,16.90972619736261,31205.384765625,30719.6501953125,30150.7830859375,29419.7762890625,ABBOTINDIA.NS,2025-08-18 10:52:16.409092
45,2025-06-16 00:00:00+05:30,31077.170778043608,31437.15704697366,30983.475721746745,31239.904296875,3428,0.0,0.0,2025-06-16,30672.5560546875,562.9336081622365,31235.489662849734,30109.622446525264,31798.423271011972,29546.688838363025,43.11648508506212,123.90635524990498,539577,4707.356055532277,9737.07814308969,26551.467654824402,66.57543333497034,31220.179021865133,31456.88232198352,31003.200996756605,31673.86034709205,30766.497696638216,31910.563647210438,30549.519671529688,0.1851869699219713,-23.863667020762385,316.16600841567924,273.53585445944526,42.63015395623398,61.6456545506818,17.297548673723334,31174.810546875,30672.5560546875,30106.22171875,29381.604921875,ABBOTINDIA.NS,2025-08-18 10:52:16.409092
46,2025-06-13 00:00:00+05:30,30968.681233142946,31190.590573189354,30672.80211308107,31082.1015625,5791,0.0,0.0,2025-06-13,30623.73603515625,553.3991822250565,31177.135217381307,30070.336852931192,31730.534399606364,29516.937670706135,-3.2200029702939,99.73371855270439,536149,7912.076558062078,10994.508664979043,26548.913264501585,63.62020964516813,30981.83141625681,31290.86071943255,30773.072259324264,31499.619876365094,30464.042956148525,31808.649179540833,30255.28379921598,0.17572620538903702,-31.136413827803544,314.8574227371464,262.8783159703868,51.97910676675963,59.46623364907983,17.451655733384925,31201.43984375,30623.73603515625,30079.45453125,29338.4371484375,ABBOTINDIA.NS,2025-08-18 10:52:16.409092
47,2025-06-12 00:00:00+05:30,31205.384486342045,31412.49987010095,30968.68119061758,31141.27734375,9056,0.0,0.0,2025-06-12,30576.6419921875,552.4154417240835,31129.05743391158,30024.226550463416,31681.472875635667,29471.81110873933,45.73935262997807,132.35423910155046,541940,12396.508341369941,11765.116691708283,26544.73711897784,62.26945795400649,31174.152801489512,31379.624412361445,30935.805732878074,31617.971480972883,30730.33412200614,31823.443091844816,30491.987053394703,0.020477605965847686,-27.654927589760742,323.95264790175133,249.88353927869687,74.06910862305446,60.666728750894706,18.176500179995013,31224.12421875,30576.6419921875,30063.783828125,29301.2619140625,ABBOTINDIA.NS,2025-08-18 10:52:16.409092
48,2025-06-11 00:00:00+05:30,31210.315762308364,31358.25532193378,31106.758070570573,31200.453125,2838,0.0,0.0,2025-06-11,30515.2470703125,554.5890701155699,31069.83614042807,29960.65800019693,31624.42521054364,29406.06893008136,60.21577569084594,149.92236829034215,550996,3892.2419869113432,11607.268779292866,26538.105617193472,64.71646389366842,31221.82217250145,31336.886274432323,31085.389023069118,31473.319423864654,30970.324921138243,31588.38352579553,30833.891771705912,0.01962500481675263,-25.000063420778954,324.86100093784626,231.36626212293325,93.494738814913,61.8257045034052,18.078949671690907,31247.79453125,30515.2470703125,30043.9431640625,29268.32615234375,ABBOTINDIA.NS,2025-08-18 10:52:16.409092
49,2025-06-10 00:00:00+05:30,31560.44003792068,31659.066413039185,31116.62134988742,31210.31640625,3041,0.0,0.0,2025-06-10,30450.646875,545.751258538628,30996.398133538627,29904.89561646137,31542.149392077255,29359.14435792274,84.5230496232742,175.12327617036476,553834,4171.969573447739,13536.025477388246,26535.996708181927,62.141010930755336,31328.668056392202,31540.714762896983,30998.26969974522,31871.113119543967,30786.222993240437,32083.159826048748,30455.824636593454,0.008675886171040587,-24.557556850927543,315.273913854322,207.99257741920496,107.28133643511705,62.00897628623467,17.53295806397989,31180.72890625,30450.646875,30023.35984375,29237.95712890625,ABBOTINDIA.NS,2025-08-18 10:52:16.409092
50,2025-06-09 00:00:00+05:30,31313.87495456421,31545.64694241689,31057.446372259117,31373.05078125,4819,0.0,0.0,2025-06-09,30388.7587890625,524.8516545880302,30913.61044365053,29863.90713447447,31438.46209823856,29339.05547988644,102.76357043049865,185.1235841083168,556875,6645.69215062056,15877.03945337337,26533.730049179674,67.43327223588875,31325.38136530867,31593.31635835822,31105.115788200448,31813.58193546644,30837.180795150896,32081.516928515994,30616.915218042675,0.03264118198819872,-17.25663657369596,297.25127596739185,181.1722433104257,116.07903265696615,64.96004181145864,16.914217863389837,31080.130078125,30388.7587890625,30012.6460546875,29209.62966796875,ABBOTINDIA.NS,2025-08-18 10:52:16.409092
51,2025-06-06 00:00:00+05:30,31412.501469629307,31757.693793471386,30524.864065463957,31195.5234375,16700,0.0,0.0,2025-06-06,30302.7072265625,495.2284165756075,30797.935643138106,29807.478809986893,31293.164059713716,29312.250393411283,111.35318845293536,171.59982618230316,552056,22899.989809223047,18184.876279061573,26530.00847614837,71.67578427695183,31159.360432145113,31793.85679882627,30561.02707081884,32392.190160152542,29926.530704137684,33026.6865268337,29328.19734281141,0.007817942707376591,-25.221229080641322,253.64616058992397,152.15248514618418,101.49367544373979,63.18517195922678,16.44998340112199,30842.440234375,30302.7072265625,29998.0947265625,29189.3505859375,ABBOTINDIA.NS,2025-08-18 10:52:16.409092
52,2025-06-05 00:00:00+05:30,30968.68110604985,31461.81297079587,30860.192095805727,31259.62890625,25789,0.0,0.0,2025-06-05,30230.46337890625,462.4328863489687,30692.896265255218,29768.030492557282,31155.329151604186,29305.597606208314,149.43635157165141,184.4662125676232,568756,35436.01370543615,17006.0978965212,26517.541526011857,76.88290854879116,31193.87799095053,31527.56388609533,30925.943011105188,31795.49886594067,30592.257115960387,32129.18476108547,30324.322136115046,0.011553768545903164,-10.459187531700927,211.45902914127146,126.77906628524923,84.67996285602223,64.27693255821183,15.950038595602775,30610.66796875,30230.46337890625,29971.7042578125,29169.41078125,ABBOTINDIA.NS,2025-08-18 10:52:16.409092
53,2025-06-04 00:00:00+05:30,30963.75137801566,31185.660728550887,30618.559054960857,30865.125,13335,0.0,0.0,2025-06-04,30147.12412109375,414.9513467867454,30562.075467880495,29732.172774307008,30977.026814667242,29317.22142752026,127.3194153680861,148.168026292921,542967,18092.042569116395,12398.618944292466,26497.89236415708,77.70508943830842,30889.781594503915,31161.004134046972,30593.902460456942,31456.883268093945,30322.679920913884,31728.105807637003,30026.800786866912,-0.06575063446727065,-19.345228710389417,147.9293748469172,105.60907557124365,42.32029927567355,60.36363760469393,14.476330155790022,30345.36328125,30147.12412109375,29941.80765625,29152.2956640625,ABBOTINDIA.NS,2025-08-18 10:52:16.409092
54,2025-06-03 00:00:00+05:30,30327.61071681287,30958.81952522784,30081.044776025774,30707.322265625,11464,0.0,0.0,2025-06-03,30100.2765625,381.1359667293406,30481.41252922934,29719.14059577066,30862.54849595868,29338.00462904132,70.25127085757815,110.16691961406934,529632,15474.073842181393,10975.263038086485,26488.515215032403,72.54305302026003,30582.395522292867,31083.74626855996,30205.971519357896,31460.17027149493,29704.620773090803,31961.521017762025,29328.19677015583,-0.029900267693441836,-27.575742623996195,103.20346920911834,95.02900075232526,8.174468456793079,58.682500321779614,13.297638407293446,30113.591015625,30100.2765625,29923.145546875,29139.036328125,ABBOTINDIA.NS,2025-08-18 10:52:16.409092
55,2025-06-02 00:00:00+05:30,30036.66200248121,30416.37353986277,29696.401014438,30184.6015625,9476,0.0,0.0,2025-06-02,30052.19619140625,360.6283232147903,30412.82451462104,29691.567868191458,30773.45283783583,29330.939544976667,-23.6082744057042,38.50033169113704,518168,12572.945712005241,9850.560337062758,26480.713326871868,71.27808777089356,30099.12537226692,30501.84973009584,29781.877204671073,30819.09789769169,29379.152846842153,31221.82225552061,29061.904679246305,-0.08783031811849397,-59.69700918485739,59.918246146004094,92.98538363812698,-33.06713749212288,52.48334226689847,12.387685926467325,29971.569140625,30052.19619140625,29904.2339453125,29122.8142578125,ABBOTINDIA.NS,2025-08-18 10:52:16.409092
56,2025-05-30 00:00:00+05:30,29933.104416993312,30199.3956259748,29716.126394860246,30036.662109375,3530,0.0,0.0,2025-05-30,30058.11376953125,363.8717577318956,30421.985527263147,29694.242011799353,30785.85728499504,29330.37025406746,-52.812112653107704,19.920106638661963,508692,4660.718952879217,9169.963993327136,26475.042829106784,70.56594343645668,29984.061376736685,30251.996358613123,29768.72712749857,30467.33060785124,29500.79214562213,30735.265589727678,29285.457896384014,-0.1051081216802551,-68.78791103796382,55.07226092378187,101.25216801115769,-46.179907087375824,50.532835282940596,12.406525924824567,29895.626953125,30058.11376953125,29884.3508984375,29116.4257421875,ABBOTINDIA.NS,2025-08-18 10:52:16.409092
57,2025-05-29 00:00:00+05:30,29706.264801276768,30031.731845912273,29637.22633726318,29933.10546875,3531,0.0,0.0,2025-05-29,30060.5794921875,363.8858287666977,30424.465320954198,29696.6936634208,30788.351149720893,29332.807834654104,-91.7488769886718,0.3268553125683924,505162,4645.966074929096,10297.275253439115,26473.01043366863,70.87167267812342,29867.354550641816,30097.482764020453,29702.97725537136,30261.86005929091,29472.849041992722,30491.988272669547,29308.471746722265,-0.08985465793908282,-75.15148232522444,62.60329778908999,112.79714478300164,-50.19384699391165,49.17675385246033,12.892096619999299,29962.69296875,30060.5794921875,29871.348984375,29112.13599609375,ABBOTINDIA.NS,2025-08-18 10:52:16.409092
58,2025-05-28 00:00:00+05:30,30071.181253501618,30081.043890842877,29587.91202377988,29706.263671875,4788,0.0,0.0,2025-05-28,30042.58017578125,379.1079204103611,30421.688096191614,29663.47225537089,30800.796016601973,29284.36433496053,-114.8558743150512,-12.383524533557845,501631,6252.140283471891,11710.10254806662,26471.034284503592,68.51930196981937,29791.73986216592,29995.567700551957,29502.435833488962,30284.871729228915,29298.607995102924,30488.699567614953,29009.303966425967,-0.09063118400376517,-72.23591512765148,81.49553235563872,125.34560653147953,-43.85007417584082,46.17558096425392,13.7903996383546,30119.50859375,30042.58017578125,29874.2387109375,29106.1296484375,ABBOTINDIA.NS,2025-08-18 10:52:16.409092
59,2025-05-27 00:00:00+05:30,30031.73212295023,30081.045311986272,29790.097496673618,29997.212890625,3586,0.0,0.0,2025-05-27,30041.5939453125,380.0533564739771,30421.647301786477,29661.54058883852,30801.70065826045,29281.487232364547,-86.82063231114127,10.783057350602405,506419,4728.438352967834,13074.5931142153,26468.526849614107,65.11931577765007,29956.118566428297,30122.139636182976,29831.19182087032,30247.06638174095,29665.170751115642,30413.08745149563,29540.244005557666,-0.053725247391000014,-57.73952834284388,126.78901672238499,136.30812507543973,-9.519108353054747,49.6688043512247,14.757802888891078,30378.89609375,30041.5939453125,29884.290703125,29103.0056640625,ABBOTINDIA.NS,2025-08-18 10:52:16.409092
60,2025-05-26 00:00:00+05:30,30564.31371504798,30672.802727911978,29528.73677407346,29804.890625,8605,0.0,0.0,2025-05-26,30010.27998046875,408.628956829617,30418.908937298365,29601.651023639133,30827.537894127985,29193.022066809513,-71.20016589489003,14.663305057637523,502833,11273.660388879052,15161.131804527166,26466.477359077824,62.195344527820566,30002.14337566181,30475.54997725016,29331.484023411642,31146.20932950033,28858.07742182329,31619.61593108868,28187.418069573123,-0.05264175159818101,-67.32188076093405,154.20326657682017,138.6879021637034,15.515364413116771,47.21792545689635,15.354902446661871,30463.714453125,30010.27998046875,29891.2596484375,29091.648828125,ABBOTINDIA.NS,2025-08-18 10:52:16.409092
61,2025-05-23 00:00:00+05:30,30771.429006332197,30815.810875091327,30327.610318740866,30371.9921875,4657,0.0,0.0,2025-05-23,29984.88369140625,436.87340872703487,30421.757100133284,29548.010282679214,30858.63050886032,29111.13687395218,53.36192033871523,85.31124331596277,511438,6217.360621378139,16132.999658439192,26461.81807394157,61.32790190512485,30505.137793777398,30682.66526881393,30194.46471246347,30993.33835012786,30016.937237426937,31170.86582516439,29706.264156113008,-0.04109399147449857,-39.066353450745176,205.90622979932596,134.8090610604242,71.09716873890176,54.48215184339879,15.997932739645801,30555.437109375,29984.88369140625,29906.3130078125,29075.6417578125,ABBOTINDIA.NS,2025-08-18 10:52:16.409092
62,2025-05-22 00:00:00+05:30,30968.68084263124,30988.4061170533,30327.60942391435,30717.18359375,7710,0.0,0.0,2025-05-22,29948.6384765625,433.1213415186144,30381.759818081115,29515.517135043887,30814.88115959973,29082.395793525273,98.6456114556832,115.87332427677764,516095,10410.277641581215,18611.909417704454,26458.862384440352,65.09843873233015,30677.733044905883,31027.856665897416,30367.059972758467,31338.529738044832,30016.936351766934,31688.653359036365,29706.263279619518,-0.05083285720615236,-21.86737913732248,213.13098746981268,117.03476887569875,96.09621859411394,59.67085210121629,14.701776926195464,30509.0828125,29948.6384765625,29919.1955859375,29053.13818359375,ABBOTINDIA.NS,2025-08-18 10:52:16.409092
63,2025-05-21 00:00:00+05:30,30421.305555797182,31156.072054064938,30322.67918019077,31003.201171875,22684,0.0,0.0,2025-05-21,29915.3521484375,394.837628074943,30310.189776512445,29520.514520362558,30705.02740458739,29125.676892287614,157.9627858189649,147.18757709791518,523805,30913.823121593916,20662.317361735262,26453.526663530505,69.34909166070719,30827.317468710233,31331.955757229694,30498.562883355527,31660.7103425844,29993.924594836066,32165.34863110386,29665.17000948136,-0.08883236443984724,-7.616708667859582,185.15548587984085,93.01071422717025,92.1447716526706,64.38897624392638,13.305916819402794,30348.321875,29915.3521484375,29926.9851171875,29027.63490234375,ABBOTINDIA.NS,2025-08-18 10:52:16.409092
64,2025-05-20 00:00:00+05:30,30381.85413838345,30534.725016210083,30189.532711440268,30421.3046875,26271,0.0,0.0,2025-05-20,29894.640625,342.11458635162734,30236.75521135163,29552.52603864837,30578.869797703253,29210.411452296747,116.6472842253981,85.98390616370743,501121,35130.22901843939,18099.440921770598,26436.69200615325,62.49620179827916,30381.85413838345,30574.17556532663,30228.983260556815,30727.046443153264,30036.661833613634,30919.367870096445,29883.790955787,-0.1680072273278042,-33.67615399783883,118.36458242460867,69.9745213140026,48.39006111060607,58.13552031326644,11.802682858241457,30129.371484375,29894.640625,29922.0251953125,29000.22021484375,ABBOTINDIA.NS,2025-08-18 10:52:16.409092
65,2025-05-19 00:00:00+05:30,30376.924240263972,30436.100066706047,30135.28961562551,30263.50390625,6073,0.0,0.0,2025-05-19,29898.092578125,348.0059189223338,30246.098497047333,29550.08665920267,30594.10441596967,29202.080740280333,126.11020131488544,73.23913054304104,474850,8078.840446000622,13841.743897603397,26419.543270219874,55.879200408463696,30278.29786286052,30421.30611009553,30120.495659014992,30579.10831394106,29977.48741177998,30722.11656117607,29819.685207934454,-0.24403734612248937,-41.90230085060807,88.36657066772386,57.87700603635109,30.489564631372772,56.19866611562721,11.09871500817723,30039.621484375,29898.092578125,29913.1616796875,28982.55474609375,ABBOTINDIA.NS,2025-08-18 10:52:16.409092
66,2025-05-16 00:00:00+05:30,30574.176760368948,31067.308643600703,30046.52564531097,30140.220703125,32062,0.0,0.0,2025-05-16,29898.3390625,348.2799907013503,30246.61905320135,29550.05907179865,30594.8990439027,29201.7790810973,173.26573414839135,99.1738986350802,468777,42477.9528648662,15282.46976050409,26415.715164735702,56.47614603001756,30418.018330678893,30789.511016046818,29768.728017757083,31438.801328968628,29397.23533238916,31810.294014336552,28747.945019467348,-0.2539195823502166,-45.85362777605816,64.16212391016234,50.25461487850789,13.907509031654449,54.677538454658375,10.503581069747616,29917.324609375,29898.3390625,29898.9348046875,28957.1544921875,ABBOTINDIA.NS,2025-08-18 10:52:16.409092
67,2025-05-15 00:00:00+05:30,30076.1124215659,30135.288245317137,29809.821214685337,29913.37890625,6204,0.0,0.0,2025-05-15,29905.73603515625,355.1900558342487,30260.9260909905,29550.545979322,30616.11614682475,29195.35592348775,41.64431049826582,27.34791544368826,436715,8157.626216894269,8483.59898441356,26396.0294896326,37.70633800132698,29952.829455417494,30095.83769614965,29770.37066551785,30278.296486049294,29627.362424785693,30421.30472678145,29444.90363488605,-0.13114646282017497,-42.12220914005772,44.34247156755737,46.77773762059427,-2.435266053036905,51.81863312998689,9.862667597592647,29839.409765625,29905.73603515625,29891.744921875,28931.86125,ABBOTINDIA.NS,2025-08-18 10:52:16.409092
68,2025-05-14 00:00:00+05:30,29972.556364643446,30224.053629302347,29834.47943502679,29908.44921875,4970,0.0,0.0,2025-05-14,29936.31025390625,381.2447767263174,30317.555030632568,29555.06547717993,30698.799807358882,29173.820700453616,69.72715548981658,31.62722905955122,430511,6533.965312037403,8565.092176293383,26392.42849248848,37.47176312275074,29988.994094359714,30143.508753692637,29753.93455941708,30378.56828863527,29599.419900084158,30533.082947968192,29364.360365141525,-0.0503879296795423,-42.443646340475645,40.63593497922193,47.386554133853494,-6.750619154631565,51.75722000345639,10.325480981115085,29775.302734375,29936.31025390625,29881.5568359375,28911.359296875,ABBOTINDIA.NS,2025-08-18 10:52:16.409092
69,2025-05-13 00:00:00+05:30,29587.911833662387,30081.04369755676,29587.911833662387,29972.5546875,6003,0.0,0.0,2025-05-13,29902.58486328125,412.40001896872064,30314.98488224997,29490.184844312527,30727.38490121869,29077.784825343806,39.50841989253285,12.913987156426131,435481,7908.946638876572,9072.873892357376,26389.542470597593,31.261698261851436,29880.503406239717,30173.094978817047,29679.963114922673,30373.63527013409,29387.371542345343,30666.22684271142,29186.8312510283,-0.00806365711750766,-51.269088895852256,35.76024849522946,49.074208922511374,-13.313960427281913,52.56628526242962,10.875025114356546,29779.24765625,29902.58486328125,29854.2757421875,28894.82705078125,ABBOTINDIA.NS,2025-08-18 10:52:16.409092
70,2025-05-12 00:00:00+05:30,29883.791511620653,30174.739316766798,29597.775025205803,29652.01953125,5054,0.0,0.0,2025-05-12,29839.36787109375,490.6010246567952,30329.968895750546,29348.766846436953,30820.56992040734,28858.16582178016,27.04818539113669,-1.4970925698757391,429478,6587.430645495166,9363.855705727576,26385.98665506805,29.998262625839004,29808.177957740863,30018.580890275924,29441.61659871493,30385.142249301858,29231.21366617987,30595.54518183692,28864.652307153934,-0.05379052848643921,-67.7665181590298,22.662652991173672,52.40269902933184,-29.74004603815817,48.854417339282215,11.159936662073736,29733.8796875,29839.36787109375,29835.332578125,28878.63556640625,ABBOTINDIA.NS,2025-08-18 10:52:16.409092
71,2025-05-09 00:00:00+05:30,29390.66020999088,29883.79209270885,29149.025587459077,29750.646484375,3367,0.0,0.0,2025-05-09,29806.52275390625,524.6142304156083,30331.13698432186,29281.90852349064,30855.751214737465,28757.294293075036,-28.74421915920403,-36.37555934845744,434532,4403.176197933576,10057.961970785676,26383.25553122398,32.18904682623145,29594.48805484764,30039.950522236202,29305.18401698643,30329.25456009741,28859.721549597867,30774.717027485975,28570.417511736658,5.642077363175969e-05,-62.6903474148966,37.11824454482121,59.83771053887138,-22.719465994050168,49.971722524240796,11.484491230023679,29864.06640625,29806.52275390625,29828.5500390625,28866.87240234375,ABBOTINDIA.NS,2025-08-18 10:52:16.409092
72,2025-05-08 00:00:00+05:30,29637.22561864689,30105.70089880853,29444.90418784369,29592.84375,12370,0.0,0.0,2025-05-08,29747.38134765625,593.4064917782243,30340.787839434473,29153.974855878027,30934.194331212697,28560.568364099803,0.7044787200935027,-22.637231271394857,431165,16090.996540372906,11471.658413998703,26381.37853122758,31.68510116782906,29714.48294555074,29984.061703257787,29323.26499229295,30375.279656515577,29053.6862345859,30644.858414222625,28662.46828132811,0.036427968532721434,-70.81220050066887,45.35012403612927,65.51757703738392,-20.167453001254643,48.21214174577692,11.233826782399579,29931.132421875,29747.38134765625,29811.9906640625,28855.32572265625,ABBOTINDIA.NS,2025-08-18 10:52:16.409092
73,2025-05-07 00:00:00+05:30,29691.47052548041,30164.877130769586,29222.995238996333,29928.173828125,10766,0.0,0.0,2025-05-07,29701.6384765625,639.4228342726879,30341.06131083519,29062.21564228981,30980.484145107876,28422.792808017126,-0.2874736175714687,-17.723579354664917,443535,14163.191716160369,10316.823882405151,26374.788449247462,42.691065246525945,29772.01539929697,30321.03555959761,29379.153667824357,30713.897291070225,28830.13350752372,31262.917451370864,28437.271776051104,0.045820133717024605,-53.553300389979405,70.74347958789804,70.55944028769757,0.18403930020046744,51.80772107279428,11.449155664354295,29927.1875,29701.6384765625,29783.6750390625,28846.511484375,ABBOTINDIA.NS,2025-08-18 10:52:16.409092
74,2025-05-06 00:00:00+05:30,30273.365952549942,30273.365952549942,29602.706599308895,29745.71484375,10889,0.0,0.0,2025-05-06,29680.152734375,638.629311679485,30318.782046054483,29041.523422695514,30957.411357733967,28402.89411101603,5.549987141871438,-5.838920960826565,432769,14237.670858335614,9355.231923966347,26368.430882796114,54.44482440396844,29873.929131869616,30145.151664430337,29474.49231118929,30544.588485110664,29203.269778628568,30815.811017671385,28803.83295794824,-0.026372270962084894,-62.944171030733905,69.15786681099053,70.51343046264745,-1.3555636516569223,49.920679555510596,11.681048306459374,29878.860546875,29680.152734375,29734.25828125,28833.59388671875,ABBOTINDIA.NS,2025-08-18 10:52:16.409092
75,2025-05-05 00:00:00+05:30,30302.953125,30559.38169497559,30036.661917717654,30302.953125,8416,0.0,0.0,2025-05-05,29649.62294921875,649.826795930819,30299.449745149566,28999.79615328793,30949.276541080388,28349.96935735711,65.74506987789138,51.47286761607636,443658,11210.299655376624,8134.622190374029,26362.308275458352,63.604360553981195,30299.66557923108,30562.669240744508,30039.949463486573,30822.385356489016,29776.945801973146,31085.389018002443,29517.22968622864,-0.02507372894725633,-32.32608209518007,84.04940093186087,70.85232137556167,13.197079556299201,56.15650568262721,12.558925584686497,29803.904296875,29649.62294921875,29698.7340625,28822.547734375,ABBOTINDIA.NS,2025-08-18 10:52:16.409092
76,2025-05-02 00:00:00+05:30,29578.050716583348,30169.808983670708,29346.278728640795,30085.9765625,4955,0.0,0.0,2025-05-02,29629.5525390625,634.606814199004,30264.159353261504,28994.945724863497,30898.766167460508,28360.338910664494,-7.19864013364854,-3.3019732393234316,435242,6552.91164750868,7365.702824123379,26356.779069133743,56.47513883719037,29867.354758270503,30388.43078790021,29564.9005328703,30690.885013300416,29043.82450324059,31211.961042930125,28741.370277840386,-0.06412408041235806,-36.91557283017531,46.96207372211575,67.55305148648688,-20.590977764371132,54.082627337271525,12.743711939117414,29602.706640625,29629.5525390625,29660.3683984375,28804.05529296875,ABBOTINDIA.NS,2025-08-18 10:52:16.409092
77,2025-04-30 00:00:00+05:30,29587.913097173587,29686.539474164165,29292.033966201852,29573.119140625,3754,0.0,0.0,2025-04-30,29640.18203125,644.3596293654418,30284.54166061544,28995.822401884558,30928.90128998088,28351.462772519117,-66.91166437712558,-48.668639337219034,430287,4879.978874785411,7568.900618277054,26353.69582626622,57.10271301690193,29517.23086033034,29742.427754458826,29347.922246496513,29911.73636829265,29122.725352368027,30136.93326242114,28953.4167385342,-0.06781372618854341,-56.60222521725117,20.1364136206721,72.70079592757966,-52.56438230690756,48.7633411301583,13.602426727285941,29514.92890625,29640.18203125,29633.224453125,28783.699296875,ABBOTINDIA.NS,2025-08-18 10:52:16.409092
78,2025-04-29 00:00:00+05:30,29400.52257319352,29730.920931530316,29158.88795291736,29686.5390625,5450,0.0,0.0,2025-04-29,29668.98828125,654.0094199500492,30322.99770120005,29014.97886129995,30977.007121150098,28360.969441349902,-82.32698415255429,-44.730243351903155,434041,7111.850396989591,8241.131054149964,26351.677956339234,51.575115855922185,29525.449315649224,29892.010678381088,29319.977699768133,30097.48229426218,28953.41633703627,30464.043656994043,28747.944721155178,-0.06067774538653752,-33.33376628659261,35.99502801453127,85.84189150430655,-49.846863489775274,49.95165829434973,13.835023589978697,29610.596484375,29668.98828125,29627.2753125,28764.6456640625,ABBOTINDIA.NS,2025-08-18 10:52:16.409092
79,2025-04-28 00:00:00+05:30,29045.466566015362,29533.66710761732,29045.466566015362,29370.93359375,4970,0.0,0.0,2025-04-28,29693.22568359375,663.6059846994841,30356.831668293235,29029.61969889427,31020.43765299272,28366.01371419478,-99.79351345088403,-66.04303444207736,428591,6416.536674305615,8523.451218440057,26348.640637151108,44.575972614721394,29316.689089127558,29587.911612239754,29099.711070637797,29804.889630729514,28828.4885475256,30076.11215384171,28611.51052903584,-0.13110219125041198,-41.53902629974843,44.583337046031374,98.30360737675036,-53.72027033071899,46.58847677348678,14.085512519032433,29791.0828125,29693.22568359375,29621.34984375,28741.20611328125,ABBOTINDIA.NS,2025-08-18 10:52:16.409092
80,2025-04-25 00:00:00+05:30,29647.088476792625,29878.860459229294,29025.742311111346,29296.96484375,5704,0.0,0.0,2025-04-25,29758.4103515625,693.6319590444282,30452.04231060693,29064.77839251807,31145.674269651354,28371.146433473645,-70.96362083563284,-54.58843300533488,423621,7345.623884090618,9050.179854473667,26346.12834589158,52.12851423732273,29400.522538030214,29775.302764949083,28922.184616831135,30253.640686148163,28547.404389912266,30628.42091306703,28069.066468713187,-0.13182437533633865,-43.462100792094716,85.98582678831735,111.73367495943012,-25.747848171112764,45.79576739508285,13.968618127584547,30014.96484375,29758.4103515625,29607.5638671875,28717.51904296875,ABBOTINDIA.NS,2025-08-18 10:52:16.409092
81,2025-04-24 00:00:00+05:30,30258.571406665837,30258.571406665837,29597.774703847514,29647.087890625,6809,0.0,0.0,2025-04-24,29825.836328125,711.7222890402702,30537.55861716527,29114.11403908473,31249.28090620554,28402.39175004446,-6.752429382803878,-0.44637256920521473,429325,8873.437931256836,9476.31884706943,26343.310506568465,50.79079792128494,29834.478000379448,30071.18129691138,29410.38459409306,30495.27470319777,29173.681297561125,30731.977999729705,28749.587891274736,-0.07083102270043856,-34.3594364828036,144.9755454464139,118.1706370022083,26.804908444205594,48.991546865233126,13.842731859871439,30209.25859375,29825.836328125,29570.0286328125,28695.73443359375,ABBOTINDIA.NS,2025-08-18 10:52:16.409092
82,2025-04-23 00:00:00+05:30,30722.116393942815,30968.68233610929,29952.83065438341,30051.45703125,7426,0.0,0.0,2025-04-23,29837.28193359375,710.5360863458591,30547.81801993961,29126.74584724789,31258.354106285467,28416.20976090203,51.57241536776694,58.406191839702146,436134,9809.503332779032,9627.039076022576,26339.540162222696,50.8574514310533,30324.3233405809,30695.81602677839,29679.96434505251,31340.17502230678,29308.47165885502,31711.66770850427,28664.112663326632,-0.030529055114500603,-23.846456611872597,183.82184660513303,111.46940989115689,72.35243671397615,52.95462547936438,14.539675640147488,30337.473046875,29837.28193359375,29492.376171875,28670.52306640625,ABBOTINDIA.NS,2025-08-18 10:52:16.409092
83,2025-04-22 00:00:00+05:30,30490.34432652295,30712.25367387756,30219.12179086732,30588.970703125,4188,0.0,0.0,2025-04-22,29822.9490234375,708.8776619211624,30531.826685358665,29114.071361516337,31240.704347279825,28405.193699595176,77.47530944991459,80.85244363979947,443560,5631.16272335682,9581.423011833462,26334.914424904153,56.96890609729835,30506.782055956628,30794.442321045935,30301.310438035696,30999.913938966867,30013.65017294639,31287.574204056174,29808.178555025457,-0.0235722558031903,-9.640223356995913,190.94747065428237,93.38130071266285,97.56616994161952,58.82846367508896,15.441431224028449,30432.154296875,29822.9490234375,29403.76234375,28643.77755859375,ABBOTINDIA.NS,2025-08-18 10:52:16.409092
84,2025-04-21 00:00:00+05:30,30574.176168526606,30791.15419294841,30179.670669577874,30490.34375,7917,0.0,0.0,2025-04-21,29790.10146484375,686.3776454638393,30476.479110307588,29103.72381937991,31162.856755771427,28417.34617391607,94.28329610126218,81.97088464980654,439372,10610.833658960306,10568.988083952621,26331.92255285796,50.15817023942498,30487.056204175427,30794.44173877298,30182.958215402447,31098.53972754596,29875.572680804893,31405.925262143515,29571.474692031912,0.003776227388539248,-12.210965310729378,144.2403326893036,68.98975822725797,75.25057446204565,58.035342467587206,15.947085087400003,30161.1484375,29790.10146484375,29302.71171875,28611.26537109375,ABBOTINDIA.NS,2025-08-18 10:52:16.409092
85,2025-04-17 00:00:00+05:30,30332.54073560708,30549.518754200268,30159.944584453406,30268.43359375,4806,0.0,0.0,2025-04-17,29753.67138671875,666.2974343933415,30419.968821112092,29087.373952325408,31086.266255505434,28421.076517932066,105.84686000105582,69.62577653211052,431455,6394.40668240243,10558.526690200699,26326.386502667974,42.95750950175613,30325.965644134558,30491.98670381571,30102.412534068848,30715.53981388142,29936.391474387696,30881.560873562572,29712.838364321986,0.02602654934965876,-17.995121979428287,91.96884336479707,50.17711461174656,41.791728753050506,56.275598352045364,16.491635401800135,29804.72265625,29753.67138671875,29209.180390625,28573.784375,ABBOTINDIA.NS,2025-08-18 10:52:16.409092
86,2025-04-16 00:00:00+05:30,30524.863459327174,30958.819514968658,30016.93762147407,30288.16015625,9589,0.0,0.0,2025-04-16,29699.77216796875,666.0658144962388,30365.83798246499,29033.70635347251,31031.903796961225,28367.640538976273,123.52151250377533,81.6727874250906,436261,12766.526541221978,11599.556692150265,26323.19814090942,48.235557556247336,30421.30576423091,30825.67390698775,29883.792013493163,31363.1876577255,29479.423870736322,31767.55580048234,28941.910119998574,0.011874945799725761,-17.480943043398266,45.50681797600555,39.729182423483934,5.777635552521616,56.47110324868477,17.41645364496479,29550.059375,29699.77216796875,29119.221328125,28539.60392578125,ABBOTINDIA.NS,2025-08-18 10:52:16.409092
87,2025-04-15 00:00:00+05:30,29237.789078276455,30766.497901731625,29173.681934067044,30524.86328125,11843,0.0,0.0,2025-04-15,29654.69248046875,654.5582510159574,30309.25073148471,29000.134229452793,30963.808982500665,28345.57597843684,98.63243365672793,59.80713707015028,445850,15890.662268291855,11307.814229882337,26316.78935484862,48.196181566925,30155.014372349557,31136.34681063207,29543.530842967488,31747.830340014138,28562.198404684976,32729.16277829665,27950.714875302907,-0.002250956280315364,-10.852850722914098,-16.610918684287753,38.28477353535352,-54.895692219641276,58.7445870406145,18.412411752988266,29205.991015625,29654.69248046875,29016.489140625,28504.861796875,ABBOTINDIA.NS,2025-08-18 10:52:16.409092
88,2025-04-11 00:00:00+05:30,29093.793715743745,29341.345911501285,28909.264157472193,29233.94140625,5580,0.0,0.0,2025-04-11,29632.32890625,630.4604664652525,30262.789372715255,29001.868439784746,30893.249839180506,28371.407973319496,-22.644760025310315,-33.37749662296529,434007,7170.478069353446,10162.102220279956,26308.371985933605,39.55615984840137,29161.517158407823,29413.770159343454,28981.688405314362,29593.598912436915,28729.43540437873,29845.851913372546,28549.60665128527,-0.09127912931637519,-44.675025145991334,-119.20043598141638,52.00869659026384,-171.20913257168021,48.179179217771505,19.736752884865155,28836.615625,29632.32890625,28912.8930078125,28469.368125,ABBOTINDIA.NS,2025-08-18 10:52:16.409092
89,2025-04-09 00:00:00+05:30,28611.116023391096,29193.45660072204,28577.534899037004,28708.21484375,5194,0.0,0.0,2025-04-09,29681.075,635.7044682463426,30316.779468246343,29045.37053175366,30952.483936492685,28409.666063507317,-68.37319327662365,-65.63959185036026,428427,6554.426138115349,10910.008258011581,26305.612136565127,40.76685466755666,28826.402114503013,29075.26932996902,28459.347628283987,29442.323816188047,28210.48041281798,29691.191031654056,27843.425926598953,-0.10166433503730528,-58.449069757110664,-121.60379337726772,94.81097973318388,-216.41477311045162,42.62235309345909,19.00246907290852,28889.519140625,29681.075,28851.2919921875,28449.53142578125,ABBOTINDIA.NS,2025-08-18 10:52:16.409092
90,2025-04-08 00:00:00+05:30,29093.695402659312,29148.876087592453,28503.119913204842,28995.1171875,6460,0.0,0.0,2025-04-08,29762.947265625,608.6844501285158,30371.631715753516,29154.262815496484,30980.31616588203,28545.57836536797,-78.54394667723267,-58.31576588903494,433621,8233.489331492774,11998.903787985639,26303.50056307944,48.21838683736033,28882.371062765767,29261.622212326693,28615.866037939082,29528.127237153378,28236.614888378157,29907.378386714303,27970.10986355147,-0.12916681997575785,-50.9322236174462,-71.06223656396469,148.91467301079678,-219.97690957476146,45.0714570687037,17.907045926894416,28974.9,29762.947265625,28815.27953125,28444.4994921875,ABBOTINDIA.NS,2025-08-18 10:52:16.409092
91,2025-04-07 00:00:00+05:30,27123.238654380944,28996.203548625963,27122.302474362346,28567.818359375,14086,0.0,0.0,2025-04-07,29841.0693359375,605.2064203424161,30446.275756279916,29235.862915595084,31051.482176622332,28630.656495252668,-169.4939848548967,-107.17897853905492,427161,17688.512004726774,12940.257402108855,26300.555171817454,47.978854952248135,28228.774794121102,29335.247113879857,27461.34603961624,30102.67586838472,26354.873719857485,31209.148188143474,25587.444965352624,-0.1649158097100706,-62.1274599640456,-33.5325615198235,203.90890040448713,-237.44146192431063,40.32962429281977,16.63870957326563,29156.185546875,29841.0693359375,28784.7221484375,28437.84568359375,ABBOTINDIA.NS,2025-08-18 10:52:16.409092
92,2025-04-04 00:00:00+05:30,29498.45953784142,29677.21984488897,28433.146348955044,28677.986328125,9166,0.0,0.0,2025-04-04,29963.48447265625,581.2459703771473,30544.730443033397,29382.238502279106,31125.976413410546,28800.992531901957,-163.39168684063745,-36.78504504505195,441247,11554.60349798638,11753.193751454375,26295.1323617414,51.351303778370735,28929.450840656336,29425.75533235763,28181.681836423704,30173.52433659026,27685.377344722412,30669.828828291553,26937.60834048978,-0.18378314261879766,-90.22964495757049,57.10732462505257,263.2692658855648,-206.1619412605122,41.180738938734514,14.980419186171297,29502.33515625,29963.48447265625,28761.2244140625,28433.7758984375,ABBOTINDIA.NS,2025-08-18 10:52:16.409092
93,2025-04-03 00:00:00+05:30,29390.659586580834,29980.445305801484,29331.483761909865,29498.458984375,10987,0.0,0.0,2025-04-03,30084.9181640625,551.4818801866511,30636.40004424915,29533.43628387585,31187.881924435802,28981.954403689197,-100.00808756701724,21.891341235054025,450413,14246.395410304152,11802.841314821373,26291.417963148866,50.35676270144723,29603.462684028782,29875.4416061477,29226.48006225608,30252.4242279204,28954.501140137163,30524.403150039318,28577.51851836446,-0.06571887603323184,-74.18483369696139,161.43870731812058,314.8097512006928,-153.37104388257222,48.2176981697078,14.578672328518454,29796.58671875,30084.9181640625,28732.701640625,28426.2467578125,ABBOTINDIA.NS,2025-08-18 10:52:16.409092
94,2025-04-02 00:00:00+05:30,29888.91936749719,29901.544313991042,28997.140457010708,29135.119140625,8629,0.0,0.0,2025-04-02,30147.75546875,552.7392389785878,30700.49470772859,29595.016229771412,31253.233946707176,29042.276990792827,-173.2827579977155,9.349184568748722,439426,11051.056724251592,11191.952790950676,26285.414427434738,49.763638629543934,29344.60130387558,29692.062150740454,28787.65829376012,30249.005160855915,28440.197446895247,30596.46600772079,27883.254436779785,0.03999062339629369,-92.89485133832098,211.76432647904585,353.15251217133584,-141.38818569229,44.30406398131607,15.541847356925766,29931.15234375,30147.75546875,28688.7694921875,28418.70923828125,ABBOTINDIA.NS,2025-08-18 10:52:16.409092
95,2025-04-01 00:00:00+05:30,30298.566172250445,30680.250250513047,29825.552528022752,29901.544921875,6596,0.0,0.0,2025-04-01,30189.90595703125,501.193324620885,30691.099281652136,29688.712632410363,31192.29260627302,29187.51930778948,8.650348372207887,61.201735307418254,448055,8669.63503333296,11227.176807625447,26281.218550234684,48.2819777602328,30135.7825668036,30446.012605584445,29591.31488309415,30990.480289293893,29281.084844313304,31300.71032807474,28736.617160603855,0.11162906755607983,-57.97900029638647,308.7712882516753,388.4995585944083,-79.72827034273303,52.002400045075305,16.430766025642157,30239.05390625,30189.90595703125,28656.988125,28416.62130859375,ABBOTINDIA.NS,2025-08-18 10:52:16.409092
96,2025-03-28 00:00:00+05:30,30150.08362429415,30376.924292713767,30002.242299051817,30298.56640625,5774,0.0,0.0,2025-03-28,30172.43671875,517.593843936655,30690.030562686654,29654.842874813345,31207.62440662331,29137.24903087669,41.528987418510134,68.18251457330422,454651,7689.983366282382,11866.562251198568,26277.139304374698,46.07685617856361,30225.910999338532,30449.579699625247,30074.897705963296,30600.592993000482,29851.22900567658,30824.261693287197,29700.215712301346,0.1304465341962324,-42.955048558279834,352.80991557608286,408.4316261800915,-55.621710604008626,56.74523372622952,16.33334412611785,30387.841796875,30172.43671875,28597.419765625,28408.16359375,ABBOTINDIA.NS,2025-08-18 10:52:16.409092
97,2025-03-27 00:00:00+05:30,29883.939198544722,30386.78537358148,29785.559391955474,30149.244140625,10564,0.0,0.0,2025-03-27,30146.5447265625,523.8664254013541,30670.411151963854,29622.678301161148,31194.27757736521,29098.81187575979,29.11757497983596,63.50660487623621,448877,14000.107224831663,12910.706972427612,26273.16887874469,38.23314029333491,30107.196302053984,30428.833212152495,29827.60723052649,30708.42228367999,29505.97032042798,31030.0591937785,29226.381248900485,0.1457057315067676,-50.36853510612861,364.74649807454625,422.33705383109356,-57.5905557565473,55.32215936267039,16.754970496406234,30303.328515625,30146.5447265625,28538.74,28394.108828125,ABBOTINDIA.NS,2025-08-18 10:52:16.409092
98,2025-03-26 00:00:00+05:30,30672.802219621874,30820.741780166674,30081.043977442674,30171.287109375,8589,0.0,0.0,2025-03-26,30109.28125,549.5412613207523,30658.82251132075,29559.73998867925,31208.363772641504,29010.198727358496,72.87453896200837,77.45816115391665,459441,11391.029618845216,12638.356909326598,26266.154553680473,49.99790918776508,30357.690955661452,30634.33793388023,29894.64013115623,31097.388758385452,29617.99315293745,31374.03573660423,29154.94232843223,0.22891331254394273,-55.792895634729454,389.2084594322405,436.73469277023037,-47.52623333798988,55.57274976725245,17.209029664409105,30226.439453125,30109.28125,28492.709140625,28378.42279296875,ABBOTINDIA.NS,2025-08-18 10:52:16.409092
99,2025-03-25 00:00:00+05:30,30648.146156588482,30939.09396402834,30298.02252390662,30674.626953125,7172,0.0,0.0,2025-03-25,30027.93662109375,650.9346762791932,30678.871297372945,29377.001944814558,31329.80597365214,28726.067268535364,136.68205088134292,93.12917852040002,468030,9670.437255420296,12950.188731946942,26260.400377757665,60.71231991189264,30637.247813686652,30976.473103466684,30335.401663344965,31278.31925380837,29996.176373564933,31617.544543588403,29694.330223223245,0.21492405956468263,-34.01469345344083,412.4591863779715,448.61625110472784,-36.157064726756346,61.47817916120269,17.057588929827016,30178.5859375,30027.93662109375,28452.5544140625,28356.876875,ABBOTINDIA.NS,2025-08-18 10:52:16.409092
100,2025-03-24 00:00:00+05:30,29883.84218199978,30755.40270115981,29834.47891001192,30645.484375,9503,0.0,0.0,2025-03-24,29945.47509765625,668.9144145596443,30614.389512215894,29276.560683096606,31283.303926775538,28607.646268536962,94.7353443124309,86.03258718026251,460858,12801.290705607878,13770.126601078604,26254.96243867882,65.7231915913442,30411.788662057243,30989.098414102566,30068.174622954677,31332.71245320513,29490.864870909354,31910.022205250454,29147.25083180679,0.2021467962855825,-35.27561679652805,386.4064326834414,457.65551728641685,-71.24908460297547,61.25685548217813,16.399677258365045,29996.008984375,29945.47509765625,28406.61328125,28330.94998046875,ABBOTINDIA.NS,2025-08-18 10:52:16.409092
101,2025-03-21 00:00:00+05:30,29873.929231367372,30080.058356800047,29633.824089988397,29876.0,7752,0.0,0.0,2025-03-21,29878.8455078125,661.8491240417525,30540.694631854254,29216.996383770747,31202.543755896004,28555.147259728998,-21.41316359843698,63.94483899828304,451355,10180.35108506021,14012.335574946284,26247.784069419195,67.07310295138075,29863.29414892948,30092.76420787056,29646.52994105891,30309.52841574113,29417.05988211783,30538.998474682212,29200.29567424726,0.22457592340656815,-57.71836549445956,350.06647265225183,475.46778843716066,-125.40131578490883,54.90377481586044,15.94471798299753,29705.001953125,29878.8455078125,28380.6064453125,28304.9239453125,ABBOTINDIA.NS,2025-08-18 10:52:16.409092
102,2025-03-20 00:00:00+05:30,29932.020619196664,30317.599665754104,29637.22599599387,29764.798828125,7787,0.0,0.0,2025-03-20,29831.17939453125,695.5364663276924,30526.71586085894,29135.642928203557,31222.252327186634,28440.106461875865,-27.344194008434602,68.71056629604236,443603,10188.251733913079,14970.331697417801,26242.938604926556,59.30497777632869,29906.541496624326,30175.85699725478,29495.48332749455,30586.91516638456,29226.167826864094,30856.230667015014,28815.109657734316,0.26158525675640687,-61.768365550790115,374.0188263221389,506.81811738338786,-132.79929106124894,53.889126306032196,16.51987865592274,29607.115234375,29831.17939453125,28367.1173046875,28287.3388671875,ABBOTINDIA.NS,2025-08-18 10:52:16.409092
103,2025-03-19 00:00:00+05:30,29587.911732541277,30121.825214495715,29303.966021022054,29932.01953125,12242,0.0,0.0,2025-03-19,29751.792578125,787.9787444580281,30539.77132258303,28963.813833666973,31327.75006704106,28175.835089208944,-55.07118294835456,66.08819505654189,451390,16107.010279978536,16165.85168829398,26238.207595387496,64.87168092517575,29785.93692225592,30267.90782348979,29450.04863001613,30603.796115729583,28968.07772878226,31085.76701696345,28632.189436542467,0.30155706402378923,-55.67810727691898,409.96977595805583,540.0179401487001,-130.04816419064423,55.63711567607858,17.132320521355176,29669.673828125,29751.792578125,28362.783671875,28272.017265625,ABBOTINDIA.NS,2025-08-18 10:52:16.409092
104,2025-03-17 00:00:00+05:30,29291.935824372205,29878.8610105733,29160.41793546876,29761.7421875,5725,0.0,0.0,2025-03-17,29628.0583984375,938.1714047536619,30566.229803191163,28689.88699368384,31504.401207944826,27751.715588930176,-96.09219353540237,60.28907983019587,439148,7489.630322051748,16180.562040372839,26230.39029455237,67.65856673358869,29600.340377847355,30040.26282022595,29321.81974512141,30318.783452951895,28881.897302742815,30758.70589533049,28603.37667001687,0.25970969665496707,-51.26394615072184,433.31751683630864,572.5299811963612,-139.21246436005254,54.23340705661129,18.120145039756203,29725.042578125,29628.0583984375,28354.927109375,28253.33990234375,ABBOTINDIA.NS,2025-08-18 10:52:16.409092
105,2025-03-13 00:00:00+05:30,29390.66076692739,29699.164849120298,29150.55561920072,29190.44921875,5268,0.0,0.0,2025-03-13,29538.446484375,1007.7455781284082,30546.192062503407,28530.70090624659,31553.937640631815,27522.955328118183,-135.84075274578092,51.131034640777244,433423,6759.476858565507,18353.294969953113,26226.891840350592,62.94466627945556,29346.72322902367,29542.890838846623,28994.281608927045,29895.33245894325,28798.113999104095,30091.5000687662,28445.67237900747,0.23043874538378376,-68.50121477378444,473.41402171131995,607.3330972863743,-133.9190755750543,49.22863465932116,19.42558937367192,29841.826171875,29538.446484375,28341.3945703125,28242.01611328125,ABBOTINDIA.NS,2025-08-18 10:52:16.409092
106,2025-03-12 00:00:00+05:30,30100.769686948457,30258.52180343604,29149.568382611917,29386.56640625,11266,0.0,0.0,2025-03-12,29498.15751953125,1038.0423401778937,30536.199859709144,28460.115179353357,31574.242199887038,27422.072839175464,-104.81554354575914,65.2191948071911,438691,14552.752145278784,21251.749497800014,26224.187789238098,64.76252980956562,29598.218864099315,30046.869345586714,28937.91592476259,30707.17228492344,28489.26544327519,31155.822766410838,27828.962503938466,0.23821029822416365,-62.58389244101762,573.840460152267,640.8128661801378,-66.97240602787076,51.00668234563169,20.515395062188723,30115.248046875,29498.15751953125,28348.5005859375,28237.8501171875,ABBOTINDIA.NS,2025-08-18 10:52:16.409092
107,2025-03-11 00:00:00+05:30,30199.493608461067,30676.550529725024,29976.796414338576,30077.591796875,9378,0.0,0.0,2025-03-11,29465.2681640625,1052.0897044731405,30517.35786853564,28413.178459589362,31569.447573008783,27361.08875511622,-4.691271844348494,98.83621839269915,449957,12398.805009569653,22926.498835930317,26218.00495403056,69.55190022785132,30243.646246979533,30510.49607962049,29810.741964234043,30943.40036236598,29543.892131593086,31210.250195006938,29110.987848847595,0.24198676433987695,-41.734011670347115,674.4076096879871,657.5559676871054,16.851642000881725,57.8420097536448,21.689031957514516,30441.158984375,29465.2681640625,28352.9230078125,28232.06765625,ABBOTINDIA.NS,2025-08-18 10:52:16.409092
108,2025-03-10 00:00:00+05:30,30345.659216931726,30672.752043271226,29711.194986339746,30208.86328125,11926,0.0,0.0,2025-03-10,29425.1716796875,1042.7649945267701,30467.93667421427,28382.40668516073,31510.70166874104,27339.641690633962,5.968243697606023,102.8376050693292,459335,15836.373260259683,25558.42229252048,26211.71333402935,70.92889768807444,30197.60343695366,30684.011887567576,29722.454830636096,31159.16049388514,29236.04638002218,31645.568944499057,28760.897773704615,0.2744049343413263,-35.27002939953471,724.8902079761283,653.343057186885,71.54715078924335,59.24239904942748,22.360940220736417,30646.97265625,29425.1716796875,28338.0205859375,28211.1115234375,ABBOTINDIA.NS,2025-08-18 10:52:16.409092
109,2025-03-07 00:00:00+05:30,30564.314062324444,31163.765948915316,30209.900563805208,30345.66015625,12123,0.0,0.0,2025-03-07,29384.241796875,1026.3209368406299,30410.562733715633,28357.92086003437,31436.88367055626,27331.599923193742,55.470459154439666,128.7098550092666,471261,16170.864413471876,27988.93455058568,26203.409896443416,74.7916223447398,30573.10888965684,30936.317215508472,29982.451830398364,31526.974274766948,29619.243504546732,31890.18260061858,29028.586445288256,0.32839477258744104,-25.99760179909045,765.6117943236277,635.4562694895741,130.1555248340536,60.663647004264895,23.090026421873528,30756.241015625,29384.241796875,28321.720625,28194.51271484375,ABBOTINDIA.NS,2025-08-18 10:52:16.409092
110,2025-03-06 00:00:00+05:30,31067.308636063717,31139.55245693964,30238.15745831756,30557.55859375,15991,0.0,0.0,2025-03-06,29301.04052734375,1011.623005402634,30312.663532746385,28289.417521941115,31324.28653814902,27277.79451653848,76.27650525937365,139.71108948153017,483384,21479.334295003886,30943.45208486413,26194.644386868647,74.25202045440831,30645.0895030024,31052.02154768724,30150.62654906516,31546.48450162448,29743.69450438032,31953.41654630932,29249.23155044308,0.39181246868586145,-21.05744898756132,792.675166513618,602.9173882810607,189.75777823255737,62.83173261601649,22.91031303798112,30682.734765625,29301.04052734375,28292.0380078125,28177.27380859375,ABBOTINDIA.NS,2025-08-18 10:52:16.409092
111,2025-03-05 00:00:00+05:30,31106.660877810657,31460.777726523964,30430.62522494755,31016.12109375,20717,0.0,0.0,2025-03-05,29144.17275390625,1049.0798653085917,30193.25261921484,28095.092888597657,31242.33248452343,27046.013023289066,134.8852069907606,162.7382175697736,499375,28244.955210633623,33309.48153232919,26182.43210086835,76.35389107888226,30969.174681740504,31507.724138533456,30477.571636957044,31999.327183316916,29939.02218016409,32537.87664010987,29447.41913538063,0.45825884692392305,-10.36662535354171,794.4454686316567,555.4779437229213,238.9675249087354,67.69327366683972,22.66003709380447,30481.655078125,29144.17275390625,28244.9705078125,28156.05876953125,ABBOTINDIA.NS,2025-08-18 10:52:16.409092
112,2025-03-04 00:00:00+05:30,30920.354550278542,31313.87378301629,30152.64646887124,31106.66015625,25847,0.0,0.0,2025-03-04,28881.58994140625,1201.973005534562,30083.562946940812,27679.61693587169,31285.535952475377,26477.643930337126,165.0993748300144,164.0265685071507,520092,35341.914191082025,34575.61311275308,26164.839582507935,71.75459908196882,30857.72680271251,31562.80713655378,30401.57982240873,32018.95411685756,29696.49948856746,32724.03445069883,29240.35250826368,0.4623186138935217,-5.002253651405657,739.5134809095762,495.73606249573743,243.77741841383875,68.66737697369416,22.015592774471003,30234.576171875,28881.58994140625,28187.08078125,28130.022890625,ABBOTINDIA.NS,2025-08-18 10:52:16.409092
113,2025-03-03 00:00:00+05:30,30189.729228044656,31133.387134505636,29317.922175281088,30755.205078125,30976,0.0,0.0,2025-03-03,28607.29521484375,1290.1923323720857,29897.48754721584,27317.102882471663,31187.679879587922,26026.91055009958,158.36438720376808,143.2459254197113,494245,41876.51225421626,34384.037843170845,26142.297393060162,67.02801072141787,30402.17146263724,31486.420749993395,29670.955790768847,32217.63642186179,28586.706503412694,33301.88570921794,27855.4908315443,0.45333941531880156,-9.54542678565519,649.0624150054064,434.7917078922777,214.27070711312865,66.95326666149472,21.470909540698088,29894.0390625,28607.29521484375,28128.2846875,28098.980234375,ABBOTINDIA.NS,2025-08-18 10:52:16.409092
114,2025-02-28 00:00:00+05:30,29193.407748191767,30228.984712232355,28715.069817182546,29978.12890625,17580,0.0,0.0,2025-02-28,28346.35693359375,1358.8344740949342,29705.191407688682,26987.522459498818,31064.02588178362,25628.68798540388,94.77183625237983,103.52980473652704,463269,23165.94037648529,32510.919240409487,26116.941451380557,60.14619428689217,29640.7278118883,30566.385806594055,29052.470911544246,31154.64270693811,28126.81291683849,32080.300701643864,27538.556016494436,0.407326715093221,-8.204561372493442,558.0363623372978,381.2240311139955,176.81233122330224,62.771902417615124,21.065302433524092,29451.876953125,28346.35693359375,28078.415234375,28073.9025,ABBOTINDIA.NS,2025-08-18 10:52:16.409092
115,2025-02-27 00:00:00+05:30,29587.912216845354,30025.813317654665,28996.153972508448,29552.16015625,33985,0.0,0.0,2025-02-27,28138.13935546875,1413.5878175972832,29551.727173066032,26724.551537871466,30965.314990663315,25310.963720274183,100.2436932898729,98.09764277844818,445689,44147.18808044832,34847.163956390534,26104.85840774618,62.256406687118854,29524.70914880437,30053.264325100292,29023.604979954074,30554.368493950587,28495.049803658152,31082.92367024651,27993.945634807857,0.39403867404491555,-20.104272226631203,509.5705639190419,337.0209483081699,172.54961561087197,60.20918387716814,21.657358305867668,29261.33046875,28138.13935546875,28051.9478125,28055.7118359375,ABBOTINDIA.NS,2025-08-18 10:52:16.409092
116,2025-02-25 00:00:00+05:30,29094.830219611224,30151.216919218696,29094.830219611224,29780.7265625,43438,0.0,0.0,2025-02-25,27949.05537109375,1466.4256321697173,29415.481003263467,26482.62973892403,30881.906635433184,25016.204106754314,148.93049827112057,106.83862767530556,479674,56863.246436082765,32522.15792537608,26083.876816084958,78.64665652307019,29675.59123377664,30256.352247942054,29199.96554833458,30731.97793338411,28619.204534169166,31312.738947549526,28143.57884872711,0.42452077667008414,-12.433611385843893,481.7503570211338,293.8835444054519,187.8668126156819,62.34766688960798,21.809886328620507,29213.476953125,27949.05537109375,28015.3741796875,28036.68681640625,ABBOTINDIA.NS,2025-08-18 10:52:16.409092
117,2025-02-24 00:00:00+05:30,28355.08310059306,29439.97323661575,28146.4883153487,29403.974609375,35520,0.0,0.0,2025-02-24,27717.59658203125,1526.213541572148,29243.810123603398,26191.3830404591,30770.023665175544,24665.169498886953,73.93123487731374,67.4959399353802,436236,45909.814387917715,26436.885797699404,26054.892356776545,78.69692131405014,28996.81205377982,29847.135792210942,28553.65087094389,30290.296975046873,27703.327132512768,31140.620713477994,27260.165949676837,0.3879254962048513,-1.2618027854951153,416.3224861041781,246.91684125153142,169.40564485264667,60.18315878256497,21.804145928002843,29041.8671875,27717.59658203125,27971.977578125,28016.06455078125,ABBOTINDIA.NS,2025-08-18 10:52:16.409092
118,2025-02-21 00:00:00+05:30,29025.39650378937,29170.475511898214,28330.425387484294,28544.39453125,18419,0.0,0.0,2025-02-21,27514.65068359375,1559.665313012839,29074.31599660659,25954.98537058091,30633.98130961943,24395.32005756807,19.338704988668074,47.904480680961164,400716,23110.717243541665,21568.653650144828,26033.28231292183,76.88904994016933,28681.76514354417,29033.104899604044,28193.054775190125,29521.81526795809,27841.71501913025,29873.155024017964,27353.004650776205,0.2919860869472125,-23.529106433814746,363.3514272666762,204.56543003836975,158.78599722830643,54.661307962288326,22.64539858871192,28796.484765625,27514.65068359375,27941.1617578125,28000.81248046875,ABBOTINDIA.NS,2025-08-18 10:52:16.409092
119,2025-02-20 00:00:00+05:30,29094.77975184598,29397.217906966387,28931.00989055477,29025.396484375,5736,0.0,0.0,2025-02-20,27395.12548828125,1568.1724526319654,28963.297940913217,25826.953035649283,30531.47039354518,24258.78058301732,74.98799879594024,71.71783276983285,419135,7318.3612653631235,21183.13775179562,26024.8519820092,79.670423416168,29117.874760632054,29304.739630709337,28838.53161429772,29584.08277704367,28651.666744220438,29770.947647120953,28372.323597886105,0.30081209772141254,-10.5379696264262,374.6827092178464,164.86893073129312,209.8137784865533,58.906055860634346,23.909342767292223,28579.073046875,27395.12548828125,27935.378359375,28001.54431640625,ABBOTINDIA.NS,2025-08-18 10:52:16.409092
120,2025-02-19 00:00:00+05:30,28266.318438133512,29414.27933356283,28255.66601935497,29312.892578125,21240,0.0,0.0,2025-02-19,27289.23525390625,1523.1508673161502,28812.3861212224,25766.084386590097,30335.536988538548,24242.93351927395,72.26148042672327,65.54772854500278,424871,27367.790056600497,24649.331873403742,26021.711647165608,75.00213082824538,28994.2793103476,29732.89260134023,28574.27928713237,30152.89262455546,27835.665996139738,30891.505915548092,27415.665972924508,0.2979540367672475,-3.4172088310848663,336.1417686169916,112.41548610965481,223.7262825073368,61.55927721330293,24.28082728811881,28367.89453125,27289.23525390625,27921.9385546875,27998.9391015625,ABBOTINDIA.NS,2025-08-18 10:52:16.409092
121,2025-02-18 00:00:00+05:30,27911.26425407282,29079.098780589076,27911.26425407282,28922.677734375,24856,0.0,0.0,2025-02-18,27196.95302734375,1448.1560349435,28645.109062287247,25748.79699240025,30093.26509723075,24300.640957456748,39.31129787122717,46.78215432340338,403631,31600.669192869045,23969.71732760455,26008.907243226808,73.75209759049028,28637.68025634563,29364.09625861844,28196.261732102183,29805.514782861886,27469.845729829372,30531.930785134697,27028.427205585926,0.2734906088553293,-13.022916475964005,253.39061924177076,56.483915482820606,196.90670375895016,59.245819497647716,24.680887541316675,28182.25,27196.95302734375,27905.194765625,27994.505859375,ABBOTINDIA.NS,2025-08-18 10:52:16.409092
122,2025-02-17 00:00:00+05:30,27538.30839037995,28256.40664899788,27171.468355253506,28177.0625,13719,0.0,0.0,2025-02-17,27120.46572265625,1391.501230707712,28511.96695336396,25728.964491948536,29903.468184071673,24337.463261240824,-14.086745845500179,2.2003629769812987,378775,16992.008324328075,22061.979361288424,25995.580578439225,72.1000300797475,27868.312501417127,28565.15664758075,27480.218353836375,28953.2507951615,26783.374207672754,29650.094941325122,26395.280060092,0.24939317380292508,-30.00523890838558,182.0350698921793,7.257239543083063,174.77783034909623,54.373677247116305,25.497012764843383,28143.4703125,27120.46572265625,27898.66078125,27993.1171875,ABBOTINDIA.NS,2025-08-18 10:52:16.409092
123,2025-02-14 00:00:00+05:30,28109.30635291422,28259.118273884014,27201.991870123653,27457.3359375,15905,0.0,0.0,2025-02-14,27074.20498046875,1369.7349179463274,28443.939898415076,25704.47006252242,29813.674816361403,24334.735144576094,-10.442388939850376,-11.921465651010065,365056,19196.34787105914,23329.47212052851,25990.059719075492,65.0967173570676,27639.48202716922,28076.972184214785,27019.845780454423,28696.60843092958,26582.355623408857,29134.098587975146,25962.71937669406,0.19897773658043263,-44.5712133047566,161.3520400968082,-36.437218044191,197.7892581409992,48.8977850042864,27.45507443519163,28363.190234375,27074.20498046875,27909.3479296875,27993.58123046875,ABBOTINDIA.NS,2025-08-18 10:52:16.409092
124,2025-02-13 00:00:00+05:30,28108.56709567765,28935.695652608592,27883.993682930482,27969.50390625,8028,0.0,0.0,2025-02-13,27066.43076171875,1367.8859222579576,28434.316683976707,25698.544839460796,29802.202606234667,24330.658917202836,33.206506518598474,23.913412307966347,380961,9870.034437271232,24362.753182895853,25985.742001086866,64.53600565741361,28263.064413929693,28642.135144928903,27590.433175250793,29314.766383607803,27211.362444251583,29693.837114607013,26538.731205572683,0.22007854689801382,-33.125045298695774,203.30892795201726,-85.8845325794408,289.1934605314581,53.10963177473627,29.526493431477324,28749.776171875,27066.43076171875,27932.9294921875,27997.68359375,ABBOTINDIA.NS,2025-08-18 10:52:16.409092
125,2025-02-12 00:00:00+05:30,28591.78530351481,28898.46323738151,27862.936412887095,28384.669921875,12096,0.0,0.0,2025-02-12,27045.25810546875,1356.4010946391322,28401.659200107882,25688.85701082962,29758.060294747014,24332.455916190487,47.551234489113114,30.769521854082218,388989,15092.186635624454,27985.932869302007,25982.79112365543,64.43312159452775,28382.023190714535,28901.109968541976,27865.58314404756,29417.55001520895,27346.49636622012,29936.636793036392,26830.056319553143,0.2577822272678843,-23.846722062573605,203.50523551168953,-158.1828977123053,361.68813322399484,56.791732259304496,30.722009605488108,28892.20234375,27045.25810546875,27946.36140625,27997.42322265625,ABBOTINDIA.NS,2025-08-18 10:52:16.409092
126,2025-02-11 00:00:00+05:30,29275.662560798148,29292.034154224384,28620.438606314707,28728.779296875,8385,0.0,0.0,2025-02-11,26972.18095703125,1319.304866271694,28291.485823302944,25652.876090759557,29610.79068957464,24333.571224487863,82.63464436228634,61.61167839892527,401085,10588.800857622155,31209.36942772139,25977.395749149335,65.91028824830721,28880.417352471366,29140.396098628025,28468.800550718348,29552.012900381043,28208.82180456169,29811.991646537703,27797.20500280867,0.23913942088066104,-16.156405683899084,159.7855938710527,-248.604931018304,408.3905248893567,59.99290324081109,32.05469963567379,28699.308984375,26972.18095703125,27947.7421875,27991.7808203125,ABBOTINDIA.NS,2025-08-18 10:52:16.409092
127,2025-02-10 00:00:00+05:30,28706.19302849782,29439.97326670308,28706.19302849782,29275.662109375,11735,0.0,0.0,2025-02-10,26903.9708984375,1257.5252815542935,28161.496179991795,25646.445616883204,29419.021461546086,24388.920335328912,120.41758457400043,80.36182842676138,409470,15101.370428992243,36364.5115702462,25973.10473721361,68.34539030030629,29140.609468191968,29575.025907886116,28841.245669680855,29874.38970639723,28406.829229986706,30308.806146091378,28107.465431475594,0.223631467567272,-3.934414201730555,67.50065068916228,-350.70256224064315,418.20321292980543,65.43606163755418,32.1969721862677,28106.44609375,26903.9708984375,27934.174140625,27980.36677734375,ABBOTINDIA.NS,2025-08-18 10:52:16.409092
128,2025-02-07 00:00:00+05:30,28581.924219698056,29451.710628744495,28581.874135990696,29390.265625,32928,0.0,0.0,2025-02-07,26832.5728515625,1151.8813180876757,27984.454169650176,25680.691533474826,29136.33548773785,24528.81021538715,173.1104096664473,84.14211554917974,421205,42539.796207468484,41680.29685555969,25965.880567448636,69.68213144140007,29141.283463245065,29700.692790499434,28830.856297745635,30011.119955998864,28271.446970491266,30570.529283253232,27961.019804991836,0.18478405849426996,-1.3732015254859196,-105.53444977764593,-455.25336547309445,349.7189156954485,66.61207415206519,32.19165920142447,27375.466796875,26832.5728515625,27902.016015625,27961.62431640625,ABBOTINDIA.NS,2025-08-18 10:52:16.409092
129,2025-02-06 00:00:00+05:30,27614.20264949078,29035.555132121837,27543.338057001296,28681.634765625,93624,0.0,0.0,2025-02-06,26771.237109375,1035.2789938962915,27806.516103271293,25735.95811547871,28841.795097167582,24700.67912158242,225.5645396418873,41.484777405483825,388277,118036.85619663219,41465.42201758248,25944.73222689193,66.79246927829612,28420.175984916044,29297.013912830793,27804.79683771025,29912.393060036586,26927.958909795503,30789.230987951334,26312.57976258971,0.1279724667940446,-8.720634020030761,-336.7595163114347,-542.6830943969566,205.92357808552185,62.77027306920351,32.185937525439456,26604.7015625,26771.237109375,27861.0623828125,27952.36478515625,ABBOTINDIA.NS,2025-08-18 10:52:16.409092
130,2025-02-05 00:00:00+05:30,25938.736725636518,27531.552688066287,25668.55054079431,27420.203125,48840,0.0,0.0,2025-02-05,26756.03388671875,1007.6108716252105,27763.64475834396,25748.42301509354,28771.25562996917,24740.812143468327,120.82901691304156,-56.633743236639035,294653,58867.13012179917,22322.56347282005,25895.81422870472,46.04520223622469,26873.435451286863,28078.320361779417,26215.31821450744,28736.43759855884,25010.433304014885,29941.322509051395,24352.31606723546,-0.046875912867637926,-12.00665080415709,-557.9058499456187,-594.163988918337,36.25813897271837,54.02617523425383,32.54933017289573,26031.130078125,26756.03388671875,27827.47421875,27952.9639453125,ABBOTINDIA.NS,2025-08-18 10:52:16.409092
131,2025-02-04 00:00:00+05:30,25642.75951054629,25937.652374690413,25595.567174904914,25764.46484375,9729,0.0,0.0,2025-02-04,26852.280859375,1155.4768245109376,28007.75768388594,25696.804034864064,29163.234508396876,24541.327210353127,-27.798104528884227,-130.53502975414114,245813,11018.332407177446,13186.421810575268,25881.467202213316,34.31262666790461,25765.894797781773,25936.222420658632,25594.137220873134,26107.979997567272,25423.809597996275,26278.30762044413,25252.052021087635,-0.24549477597708266,-71.64218936380804,-708.3551480983515,-603.2285236615166,-105.12662443683485,35.58691110323768,34.68371212023865,25701.185546875,26852.280859375,27821.440234375,27970.29162109375,ABBOTINDIA.NS,2025-08-18 10:52:16.409092
132,2025-02-03 00:00:00+05:30,25536.440071681867,25694.093951895135,25406.20509511284,25620.765625,8122,0.0,0.0,2025-02-03,27024.134765625,1237.8338597065303,28261.96862533153,25786.30090591847,29499.80248503806,24548.46704621194,-54.79832632274501,-153.41352513293376,236084,9147.062141847215,13728.44416142472,25881.68697214553,27.667264710353564,25573.68822400266,25741.17135289248,25453.282496110187,25861.577080784955,25285.799367220367,26029.060209674775,25165.393639327893,-0.2719223258770346,-76.81787467458538,-727.1780529117204,-576.9468675523079,-150.2311853594125,33.43533534908683,34.47086897339083,25578.602734375,27024.134765625,27848.6699609375,28005.47509765625,ABBOTINDIA.NS,2025-08-18 10:52:16.409092
133,2025-02-01 00:00:00+05:30,25889.37355352605,25963.34333534671,25389.3879121248,25536.439453125,19350,0.0,0.0,2025-02-01,27220.50234375,1312.7363632140755,28533.238706964075,25907.76598053592,29845.97507017815,24595.02961732185,-61.043561639841506,-163.49816460138166,227962,21720.40173382295,14873.789666319095,25882.096760484044,26.883024462736813,25629.723566865505,25870.05922160621,25296.103798384298,26203.678990087417,25055.768143643592,26444.014644828123,24722.148375162385,-0.3498114405751506,-81.934064855934,-726.1070299108578,-539.3890712124548,-186.71795869840298,32.20125099893305,33.53102442034649,25523.4609375,27220.50234375,27883.7927734375,28040.53875,ABBOTINDIA.NS,2025-08-18 10:52:16.409092
134,2025-01-31 00:00:00+05:30,25581.215584897243,25981.09544508315,25581.215584897243,25813.77734375,6906,0.0,0.0,2025-01-31,27420.63994140625,1347.149200814563,28767.789142220812,26073.49074059169,30114.938343035377,24726.341539777124,-60.71459352065366,-167.14430049198185,247312,7836.184892804114,13162.13664944313,25883.394960928872,28.168251677355443,25792.029457910132,26002.84333092302,25602.963470737115,26191.909318096037,25392.149597724227,26402.723191108926,25203.08361055121,-0.26946354405230666,-74.86594568043486,-705.4293239916005,-492.709581537854,-212.71974245374656,34.133804476249935,32.518884132452584,25646.951171875,27420.63994140625,27919.8190234375,28079.06220703125,ABBOTINDIA.NS,2025-08-18 10:52:16.409092
135,2025-01-30 00:00:00+05:30,25302.25175245199,25840.110304387275,25203.625377244403,25770.48046875,7557,0.0,0.0,2025-01-30,27584.2068359375,1340.3612323250056,28924.568068262506,26243.845603612495,30264.92930058751,24903.48437128749,-91.76637670718706,-198.12392610461137,240406,8560.487129615278,14493.624588602883,25883.48840318133,23.56548302909269,25604.73871679389,26005.852056343378,25369.367129200506,26241.223643936763,24968.25378965102,26642.33698348625,24732.882202057634,-0.29459361002073126,-76.1666449021071,-695.5808514899873,-439.5296459244173,-256.05120556556994,33.55569882307138,31.625016025991556,25865.7140625,27584.2068359375,27938.388359375,28115.80939453125,ABBOTINDIA.NS,2025-08-18 10:52:16.409092
136,2025-01-29 00:00:00+05:30,25006.71832933074,25522.534290136893,24977.130415708973,25151.55078125,27004,0.0,0.0,2025-01-29,27772.9703125,1337.3227708854656,29110.293083385466,26435.647541614537,30447.61585427093,25098.324770729072,-164.13835372768176,-254.38507527053864,232849,29855.16033011254,15976.908953349784,25883.654627387266,18.8431640809695,25217.071829031953,25457.013242354933,24911.609367927012,25762.475703459873,24671.667954604032,26002.417116782854,24366.205493499092,-0.326298275888236,-96.06734146398172,-668.1686323176218,-375.5168445330248,-292.651787784597,24.794507805585454,30.288282434360426,26205.067578125,27772.9703125,27959.9865234375,28152.95552734375,ABBOTINDIA.NS,2025-08-18 10:52:16.409092
137,2025-01-28 00:00:00+05:30,26153.841095672888,26263.31637498715,25120.33489786033,25345.056640625,20087,0.0,0.0,2025-01-28,27995.7771484375,1245.6598495223068,29241.43699795981,26750.117298915193,30487.096847482113,25504.45744939289,-232.3029423213416,-252.8881021759886,259853,22378.701654056724,12507.346109159094,25887.522974285646,21.135646618263962,25576.235971157494,26032.137044454656,24889.155567327838,26719.21744828431,24433.254494030676,27175.118521581473,23746.17409020102,-0.29256903646768684,-94.89099056861417,-561.993721391369,-302.3538975868755,-259.6398238044935,25.78144581648513,27.978397519262426,26653.34375,27995.7771484375,27993.234453125,28194.0062890625,ABBOTINDIA.NS,2025-08-18 10:52:16.409092
138,2025-01-27 00:00:00+05:30,26679.51912361484,26981.710723927074,26109.360431125704,26153.890625,9110,0.0,0.0,2025-01-27,28195.1478515625,1110.8829503181018,29306.0308018806,27084.264901244398,30416.913752198703,25973.381950926294,-226.46848716676962,-192.1915775426288,279940,10473.243983599648,10039.507222934684,25889.66351168968,22.525868528551626,26414.98726001759,26720.61408890948,25848.26379610811,27287.33755281896,25542.636967216222,27592.964381710848,24975.91350330674,-0.2776090547273567,-98.78855910999337,-436.6000000470958,-237.44394163575214,-199.15605841134368,30.492223812363022,25.59107161126174,27034.701953125,28195.1478515625,28025.8432421875,28233.82568359375,ABBOTINDIA.NS,2025-08-18 10:52:16.409092
139,2025-01-24 00:00:00+05:30,27527.60687387815,27575.785471664596,26848.071166232345,26907.591796875,5536,0.0,0.0,2025-01-24,28357.14658203125,1030.9034918901682,29388.05007392142,27326.243090141084,30418.95356581159,26295.339598250914,-95.33048560329044,-127.47763958403304,289050,6547.830865382422,9931.073032768443,25889.18980598668,35.68933890988282,27110.482811590646,27372.894456948947,26645.180151516695,27838.197117022897,26382.768506158394,28100.608762381198,25917.465846084444,-0.15447452537708728,-94.95452662404648,-349.1007795137484,-187.6549270329162,-161.44585248083223,36.21850185957606,23.861214370028637,27264.294140625,28357.14658203125,28047.770859375,28265.11291015625,ABBOTINDIA.NS,2025-08-18 10:52:16.409092
140,2025-01-23 00:00:00+05:30,27418.131343230827,27530.51532330802,27148.486457639214,27467.248046875,4584,0.0,0.0,2025-01-23,28454.84345703125,977.504272231995,29432.347729263245,27477.339184799253,30409.852001495237,26499.83491256726,-43.31357553408718,-98.28639951336423,294586,5534.60077042962,10776.883574614949,25888.07909369214,42.65567936205587,27382.083275940746,27615.680094242278,27233.65122857347,27764.112141609552,27000.05441027194,27997.708959911084,26851.622362904665,-0.08148802129426133,-79.03970551098055,-306.0140022805099,-147.29346391270812,-158.72053836780177,41.60590358387936,22.90505452049062,27391.9859375,28454.84345703125,28073.719453125,28291.70900390625,ABBOTINDIA.NS,2025-08-18 10:52:16.409092
141,2025-01-22 00:00:00+05:30,27289.917165464718,27467.44463527981,27047.346373755347,27392.931640625,6685,0.0,0.0,2025-01-22,28491.690234375,951.8709945567434,29443.561228931743,27539.81923981826,30395.43222348849,26587.948245261512,-61.624209537681416,-104.53304479550462,290002,8049.454800727396,12087.45427566128,25886.65167345999,38.85803443149456,27302.57421655339,27557.80205935143,27137.703797826965,27722.672478077853,26882.475955028924,27977.900320875895,26717.6055363025,-0.07898573309826291,-81.15302473369036,-301.33095601552486,-107.61332932075766,-193.7176266947672,40.51482924722401,22.334904132346097,27283.16171875,28491.690234375,28090.96921875,28314.84724609375,ABBOTINDIA.NS,2025-08-18 10:52:16.409092
142,2025-01-21 00:00:00+05:30,27368.81814783156,27753.559238589198,27214.12306907326,27251.84765625,9128,0.0,0.0,2025-01-21,28528.125390625,921.0471616499058,29449.172552274904,27607.078228975093,30370.21971392481,26686.031067325188,-61.50457565881023,-92.99641146033302,283317,10934.479750359464,13096.95414439475,25884.66348010988,43.247826846366415,27406.509987970818,27598.896906868376,27059.460737352438,27945.946157486756,26867.07381845488,28138.333076384315,26520.0245678365,-0.08497115744566179,-85.16499882179662,-283.45057713625283,-59.18392264706585,-224.26665448918698,38.48894976009068,21.534224297655847,27277.491015625,28528.125390625,28106.3273828125,28336.6362890625,ABBOTINDIA.NS,2025-08-18 10:52:16.409092
143,2025-01-20 00:00:00+05:30,27546.0500834749,27726.833000652285,27044.436721921968,27301.8515625,8618,0.0,0.0,2025-01-20,28573.87578125,875.9355522443634,29449.811333494363,27697.94022900564,30325.74688573873,26822.004676761273,-73.7925823729973,-98.10197243608255,292445,10342.490523221295,13637.572742903569,25882.19495474028,41.951449297707896,27357.707095024747,27670.977468127527,26988.58118939721,28040.103373755064,26675.31081629443,28353.373746857844,26306.184910666892,-0.059076034785315305,-83.74304878921274,-242.36893333516127,-3.1172590247690977,-239.25167431039216,38.92522025559691,20.919843833227546,27396.66171875,28573.87578125,28119.791875,28359.5555859375,ABBOTINDIA.NS,2025-08-18 10:52:16.409092
144,2025-01-17 00:00:00+05:30,27063.078177729436,27717.859087850044,26923.12696180616,27546.05078125,15194,0.0,0.0,2025-01-17,28621.86982421875,827.5301884311468,29449.400012649898,27794.3396357876,30276.930201081042,26966.809447356456,-85.04358996319175,-92.88542250907243,301063,18397.465899058796,14461.343297824136,25879.7707700695,48.87507184068603,27395.6789436354,27868.230925464642,27073.49879942076,28190.411069679285,26600.946817591517,28662.963051508526,26278.766673376875,-0.08308383824700229,-76.7988095667316,-191.02435085178877,56.69565955282895,-247.7200104046177,41.03463168054598,20.186656128468286,27569.0015625,28621.86982421875,28148.648984375,28379.82724609375,ABBOTINDIA.NS,2025-08-18 10:52:16.409092
145,2025-01-16 00:00:00+05:30,27364.57823654085,27566.072697654447,26730.16405898213,26923.126953125,12359,0.0,0.0,2025-01-16,28677.30517578125,787.8535625701438,29465.158738351394,27889.451613211106,30253.01230092154,27101.59805064096,-136.1963771218567,-121.39223839695343,285869,14626.330144859301,13477.31264751547,25874.739177661075,52.779456506949984,27073.12123658719,27416.078414192252,26580.169775519935,27909.029875259508,26237.212597914873,28251.98705286457,25744.261136847617,-0.0575990547995635,-94.51275681859487,-146.44334102114954,118.62566215398337,-265.06900317513293,32.351180440785626,19.374551200380893,27735.30546875,28677.30517578125,28176.2544921875,28390.5129296875,ABBOTINDIA.NS,2025-08-18 10:52:16.409092
146,2025-01-15 00:00:00+05:30,27980.30337190491,28073.06225071138,27319.506640880012,27364.578125,11977,0.0,0.0,2025-01-15,28717.32275390625,710.6026876657727,29427.925441572024,28006.720066240476,30138.528129237795,27296.117378574705,-135.83589506193871,-68.9137957525972,298228,14406.66134502634,13190.05827317951,25872.15775769013,64.75139878779288,27585.71567219713,27851.924703514247,27098.36909368288,28339.271282028498,26832.16006236576,28605.480313345615,26344.81348385151,-0.03815653843505583,-98.46026848800952,-25.79874171020856,184.8929129477666,-210.69165465797516,35.82268775601281,18.132562659351244,28219.70859375,28717.32275390625,28218.907421875,28407.94759765625,ABBOTINDIA.NS,2025-08-18 10:52:16.409092
147,2025-01-14 00:00:00+05:30,28163.55214887153,28305.868857201698,27783.790508118713,27847.701171875,10667,0.0,0.0,2025-01-14,28729.638671875,687.688532496036,29417.327204371035,28041.950139378965,30105.015736867073,27354.261606882927,-148.8806514176328,-27.004708308458035,310205,13057.444417639186,12885.907505217801,25868.58807066339,71.63600705829876,27979.120179065136,28174.44985001156,27652.371500928573,28501.19852814812,27457.04182998215,28696.528199094544,27130.293151845588,-0.03174765201850633,-97.40511330808803,85.57754262762319,237.5658266122604,-151.9882839846372,40.20719215692454,17.547426559044155,28587.1015625,28729.638671875,28249.47765625,28421.86279296875,ABBOTINDIA.NS,2025-08-18 10:52:16.409092
148,2025-01-13 00:00:00+05:30,28219.96429646724,28262.620203076898,27854.15869128836,28163.55078125,8154,0.0,0.0,2025-01-13,28730.41279296875,686.6514284646169,29417.064221433367,28043.76136450413,30103.715649897982,27357.109936039516,-228.23046671561988,-13.312342321073107,320872,10094.496375320068,12843.023277112454,25864.36303887226,73.6056644825401,28093.443225205086,28332.72775912181,27924.266247333275,28501.904736993623,27684.98171341655,28741.18927091035,27515.804735544738,-0.017506112105279192,-82.12284058276035,179.29600746446886,275.5628976084197,-96.26689014395083,43.43448359990139,17.630285568554555,28927.184765625,28730.41279296875,28264.1364453125,28424.72146484375,ABBOTINDIA.NS,2025-08-18 10:52:16.409092
149,2025-01-10 00:00:00+05:30,29339.373948133798,29412.307381711806,28325.69129836649,28377.5703125,7476,0.0,0.0,2025-01-10,28734.996484375,682.9643037985081,29417.960788173506,28052.03218057649,30100.925091972014,27369.067876777983,-246.02070484502218,44.812859574729316,329026,9325.476712099922,13530.155002560548,25860.60491137702,74.00696360650454,28705.189664192763,29084.688030019035,27998.07194667372,29791.805747538077,27618.57358084745,30171.30411336435,26911.455863328407,-0.03273845174656712,-73.68581562496956,265.4610348934402,299.6296201444074,-34.16858525096717,45.74476362916944,17.83440778783547,29202.312890625,28734.996484375,28261.1993359375,28417.44875,ABBOTINDIA.NS,2025-08-18 10:52:16.409092
150,2025-01-09 00:00:00+05:30,29094.7799165431,29518.87331871644,29045.416646539037,29345.142578125,7682,0.0,0.0,2025-01-09,28733.78828125,683.6509192536156,29417.439200503613,28050.137361996385,30101.09011975723,27366.486442742767,-18.713145164984876,102.16496358156698,336502,9909.165171547198,14581.324575175704,25856.827239421098,79.18276375121312,29303.144181126827,29560.871715714617,29087.415043537214,29776.60085330423,28829.687508949424,30034.32838789202,28613.95837135981,-0.005160056260160294,-35.54242139424186,350.6785626166129,308.17176645714915,42.50679615946376,58.895708740572104,18.87298335397881,29343.821875,28733.78828125,28255.2866796875,28410.79935546875,ABBOTINDIA.NS,2025-08-18 10:52:16.409092
151,2025-01-08 00:00:00+05:30,29588.948130886583,29785.164528678662,29056.8087669426,29201.54296875,9626,0.0,0.0,2025-01-08,28690.31630859375,670.2415366656373,29360.557845259387,28020.07477192811,30030.799381925022,27349.833235262475,24.263725467259075,112.71766870720049,328820,12356.008479550688,15749.36442608283,25851.439109642277,84.61951021374114,29347.838754790417,29638.868742638235,28910.51298090217,30076.19451652648,28619.482993054353,30367.2245043743,28182.157219166107,-0.02465351131238709,-38.84787935561142,359.1783020625044,297.5450674172832,61.633234645221194,57.20001849958808,19.070696986882535,29383.943359375,28690.31630859375,28229.2414453125,28392.81041015625,ABBOTINDIA.NS,2025-08-18 10:52:16.409092
152,2025-01-07 00:00:00+05:30,29587.912544613228,30246.736730606615,29494.26757192808,29548.1171875,19691,0.0,0.0,2025-01-07,28660.0380859375,659.5238369160767,29319.561922853576,28000.514249021424,29979.085759769652,27340.990412105348,93.40250296989866,161.94499897515442,338446,25575.499575670518,16597.703412715862,25844.94239893483,89.51557642175302,29763.040496678233,30031.813421428385,29279.34426274985,30515.509655356767,29010.5713379997,30784.28258010692,28526.875104071318,-0.013081920628753269,-25.533006864056095,378.7608345178487,282.1367587559779,96.62407576187081,63.02691419494762,19.255165979741257,29465.172265625,28660.0380859375,28207.5604296875,28367.61828125,ABBOTINDIA.NS,2025-08-18 10:52:16.409092
153,2025-01-06 00:00:00+05:30,28986.488802004722,29578.00050050017,28909.167263155177,29539.19140625,12181,0.0,0.0,2025-01-06,28618.20322265625,625.9062744897232,29244.109497145975,27992.296948166528,29870.0157716357,27366.390673676804,49.9974496253878,130.30371639902003,318755,15816.416281135665,14353.2543719772,25830.193566695776,82.74384030771135,29342.119723301785,29775.072183448392,29106.2389461034,30010.952960646777,28673.286485956793,30443.905420793384,28437.405708758408,0.06921754961547001,-10.27136721115292,363.9613002160877,257.98073981551016,105.98056040057753,62.93657787389918,18.305840538027358,29422.04296875,28618.20322265625,28181.250859375,28341.4842578125,ABBOTINDIA.NS,2025-08-18 10:52:16.409092
154,2025-01-03 00:00:00+05:30,29636.240202882553,29708.582265587636,28948.91259217853,29085.115234375,6842,0.0,0.0,2025-01-03,28573.06435546875,587.3570006579184,29160.421356126666,27985.70735481083,29747.778356784584,27398.350354152913,48.55039184883354,124.91390971042956,306574,8747.428461560998,13987.463894687582,25821.032912397684,78.80126332991384,29247.53669738039,29546.16080258225,28786.491129173144,30007.206370789496,28487.867023971285,30305.830475991355,28026.82145576404,-0.0018324039992196409,-30.35599881437741,340.3779006616969,231.48559971536577,108.89230094633115,58.1031617957311,18.450830144964392,29392.977734375,28573.06435546875,28151.7526953125,28312.19271484375,ABBOTINDIA.NS,2025-08-18 10:52:16.409092
155,2025-01-02 00:00:00+05:30,29607.638050889185,29771.407918621277,29361.072111091642,29545.75,6136,0.0,0.0,2025-01-02,28550.86357421875,575.2506034050043,29126.114177623756,27975.612970813745,29701.36478102876,27400.362367408743,99.03152896468247,160.96642771398277,313416,7969.05658250792,15297.472752969226,25816.498363823706,78.45663351618956,29559.41000990431,29757.747908716978,29347.412101187343,29969.745817433944,29149.074202374675,30168.083716246612,28937.07629365771,0.05935006613289485,-9.981268440367337,349.746384815935,204.26252447878298,145.48386033715204,66.24018096098155,18.495966824708358,29348.260546875,28550.86357421875,28142.63765625,28289.89033203125,ABBOTINDIA.NS,2025-08-18 10:52:16.409092
156,2025-01-01 00:00:00+05:30,29420.443788293906,29666.81324057762,29203.319367399043,29607.6875,5346,0.0,0.0,2025-01-01,28496.2615234375,525.5255120639778,29021.78703550148,27970.736011373523,29547.312547565456,27445.210499309545,116.51002733911555,158.1235990278355,319552,6957.60843291521,17129.57679558455,25811.84637845631,76.23493161009046,29492.606702658886,29781.89403791873,29318.400164740153,29956.100575837463,29029.11282948031,30245.387911097307,28854.906291561576,0.08153356174966098,-3.178347786770278,311.07615071978944,167.89155939449495,143.1845913252945,67.41909679628569,17.315745426606767,29079.947265625,28496.2615234375,28127.1996484375,28262.890859375,ABBOTINDIA.NS,2025-08-18 10:52:16.409092
157,2024-12-31 00:00:00+05:30,29393.86562263912,29676.528433086627,29249.476221847828,29332.470703125,10979,0.0,0.0,2024-12-31,28418.39599609375,463.944685590532,28882.340681684283,27954.451310503217,29346.285367274813,27490.506624912687,151.84624134778335,154.8559450696631,314206,14155.915821177046,19672.568886251887,25807.716468904793,73.9608203183022,29419.49178601982,29589.50735019181,29162.45513895301,29846.543997258617,28992.43957478102,30016.559561430608,28735.40292771421,0.11174673817563696,-15.884955004440112,250.7533525100298,132.09541156317133,118.65794094685847,64.8370077067774,16.212645285062294,28782.73671875,28418.39599609375,28111.2123046875,28244.3175390625,ABBOTINDIA.NS,2025-08-18 10:52:16.409092
158,2024-12-30 00:00:00+05:30,28749.58843689971,29622.58018424893,28747.615909391174,29393.865234375,25920,0.0,0.0,2024-12-30,28335.16025390625,440.036662571537,28775.196916477787,27895.123591334715,29215.233579049327,27455.086928763176,193.43086137758937,144.1118106847689,325185,33490.23821263221,21051.7321525206,25799.823022381293,69.99178950988866,29254.687109338367,29761.75830928556,28886.794034427803,30129.651384196124,28379.72283448061,30636.722584143317,28011.829759570046,0.15596222266864768,-10.829376539197858,196.82728248658532,102.4309263264567,94.39635616012862,65.91906967254386,14.885900322939367,28549.613671875,28335.16025390625,28084.2024609375,28225.2703125,ABBOTINDIA.NS,2025-08-18 10:52:16.409092
159,2024-12-27 00:00:00+05:30,28295.907035294607,29251.448285836832,28197.280660128017,28861.529296875,31508,0.0,0.0,2024-12-27,28232.59619140625,418.83150113844164,28651.42769254469,27813.76469026781,29070.259193683134,27394.933189129366,178.3640336369852,94.289542976988,299265,39972.99755945065,17942.105637492696,25780.720292884736,62.52406590260164,28770.086080946614,29342.89150176521,28288.723876056396,29824.25370665543,27715.9184552378,30397.059127474025,27234.55625034758,0.11932367397164644,-22.398138899911306,118.75690896245942,78.83183728642453,39.92507167603489,60.62828221408063,13.534377785180773,28323.187109375,28232.59619140625,28067.3048046875,28207.424375,ABBOTINDIA.NS,2025-08-18 10:52:16.409092
160,2024-12-26 00:00:00+05:30,28124.296232450084,28459.477572348558,27813.86972665812,28204.18359375,13901,0.0,0.0,2024-12-26,28139.6310546875,474.52907072220455,28614.160125409704,27665.101983965294,29088.68919613191,27190.57291324309,11.640093445440693,22.07937169752375,267757,17234.00113188887,12434.382657003205,25760.685819251234,53.47282063856566,28159.176964252227,28504.484201846335,27858.876356155895,28804.784809942666,27513.569118561787,29150.092047536775,27213.268510465456,0.057765407973457125,-49.99112443563381,69.43085020486251,68.8505693674158,0.5802808374467077,52.10225235849814,12.633501000471982,28281.8328125,28139.6310546875,28062.509609375,28197.20865234375,ABBOTINDIA.NS,2025-08-18 10:52:16.409092
161,2024-12-24 00:00:00+05:30,28188.404050535628,28254.385480229346,27710.066134979497,28121.634765625,5768,0.0,0.0,2024-12-24,28085.3470703125,526.0567081715342,28611.403778484033,27559.290362140964,29137.460486655567,27033.23365396943,-41.36758585156722,6.209981399412883,253856,7130.046397311368,11234.478038281788,25753.655126482172,52.84915966618891,28028.695460277948,28347.3247855764,27803.00544032655,28573.014805527797,27484.3761150281,28891.644130826247,27258.6860950767,0.059232102147289516,-55.9430207263238,69.96515710018139,68.70549915805411,1.2596579421272764,50.86139741764237,13.205863421936979,28185.691796875,28085.3470703125,28067.14703125,28195.14146484375,ABBOTINDIA.NS,2025-08-18 10:52:16.409092
162,2024-12-23 00:00:00+05:30,28210.10275001479,28467.81424488322,27972.51142141115,28166.85546875,7166,0.0,0.0,2024-12-23,28035.562890625,567.8923149495989,28603.4552055746,27467.670575675398,29171.347520524196,26899.7782607258,-8.313375252851074,27.46455832807066,259624,8872.412191260042,12260.585948524393,25750.824633023363,58.100686439568996,28202.39371168146,28432.27600195177,27936.9731784797,28697.69653515353,27707.09088820939,28927.57882542384,27441.67035500763,0.02809498866564317,-52.68253912645759,77.71896252997976,68.39058467252228,9.328377857457482,51.54057600870816,14.118274881321975,28083.544140625,28035.562890625,28072.965,28193.8770703125,ABBOTINDIA.NS,2025-08-18 10:52:16.409092
163,2024-12-20 00:00:00+05:30,28529.651353481047,28817.245476282584,28109.502998083568,28261.732421875,14576,0.0,0.0,2024-12-20,27996.0654296875,585.4787418926538,28581.544171580153,27410.586687794847,29167.022913472807,26825.107945902193,27.63347617056383,51.750262546751685,266790,18107.71625820428,13107.629387840478,25747.231414439124,66.59286760828203,28396.16029874705,28682.817599410533,27975.075121211517,29103.902776946066,27688.417820548035,29390.56007760955,27267.3326430125,0.029493357238575754,-45.841766238421435,82.01506898415391,66.0584902081579,15.956578775996007,52.917319302169645,14.630443222045205,28022.809765625,27996.0654296875,28069.67578125,28190.03458984375,ABBOTINDIA.NS,2025-08-18 10:52:16.409092
164,2024-12-19 00:00:00+05:30,27702.175383250833,28842.246160520284,27556.258436311662,28654.7578125,20491,0.0,0.0,2024-12-19,27949.86640625,599.6943289056366,28549.560735155635,27350.172077344363,29149.25506406127,26750.477748438727,8.264242494654455,46.53881141940914,281366,25809.906798261396,11857.607670249527,25739.601664251688,64.35384347321789,28351.087469777314,29145.916503242966,27859.928779034344,29637.075193985936,27065.099745568692,30431.90422745159,26573.941054825722,0.11617352774105293,-16.410047996979785,76.92879218234884,62.06934551415891,14.859446668189932,58.97704635012198,14.808270926679466,28021.508203125,27949.86640625,28069.389765625,28184.29158203125,ABBOTINDIA.NS,2025-08-18 10:52:16.409092
165,2024-12-18 00:00:00+05:30,27516.75802340379,28098.65362318186,27510.593875101054,27723.478515625,5681,0.0,0.0,2024-12-18,27854.24072265625,632.9391210802323,28487.17984373648,27221.30160157602,29120.118964816713,26588.362480495787,-117.90670982940357,-26.497676848131988,260875,6923.07523317521,8369.532888246556,25727.113413131843,61.03031943391312,27777.575337969305,28044.556800837556,27456.49705275675,28365.63508605011,27189.5155898885,28632.616548918362,26868.437304675943,0.02982201872665725,-61.945187623048916,30.544182773297507,58.354483847111425,-27.810301073813918,45.159687392361285,14.999777685516362,27961.237890625,27854.24072265625,28059.475859375,28179.6635546875,ABBOTINDIA.NS,2025-08-18 10:52:16.409092
166,2024-12-17 00:00:00+05:30,27861.95069022797,27978.822943565745,27566.07156785387,27610.896484375,11470,0.0,0.0,2024-12-17,27810.58623046875,671.3745750398748,28481.960805508625,27139.211655428877,29153.335380548502,26467.837080389,-177.1249290218167,-36.44509089511504,255194,13921.001056252175,8731.147302014393,25724.73953992862,51.91303897011563,27718.596998598205,27871.12242934254,27458.371053630664,28131.34837431008,27305.84562288633,28283.873805054416,27045.61967791879,0.00827770387812542,-63.576201439992,62.41193658919656,65.3070591155649,-2.8951225263683398,43.00475822809973,15.290867296572022,28111.6828125,27810.58623046875,28057.999453125,28178.7058984375,ABBOTINDIA.NS,2025-08-18 10:52:16.409092
167,2024-12-16 00:00:00+05:30,28394.533185755055,28394.533185755055,27802.87318055363,27863.18359375,5693,0.0,0.0,2024-12-16,27770.73876953125,706.5777198237736,28477.316489355024,27064.161049707476,29183.894209178798,26357.583329883702,-110.58643812170637,-2.1327539419389603,266664,6972.659557562322,7433.683863454948,25720.20035462524,53.68833948236586,28020.196653352894,28237.520126152158,27645.860120950732,28611.85665855432,27428.53664815147,28829.180131353583,27054.200115749307,0.05919065642625474,-49.237064158604795,113.35430725555125,66.03083974715697,47.32346750839427,46.83434233607539,15.246360751447762,28308.69921875,27770.73876953125,28060.1515234375,28175.80283203125,ABBOTINDIA.NS,2025-08-18 10:52:16.409092
168,2024-12-13 00:00:00+05:30,28113.44919028699,28514.808467057912,27951.94849549978,28255.224609375,7850,0.0,0.0,2024-12-13,27726.35439453125,728.0202000469586,28454.374594578207,26998.33419448429,29182.394794625165,26270.313994437332,-30.525160781114074,24.324459981004942,272357,9749.783263550427,7548.939939928103,25717.637548870458,53.799076563726324,28240.660523977564,28529.37255245535,27966.512580897215,28803.520495535697,27677.80055241943,29092.23252401348,27403.652609339082,0.058451181438348786,-30.575035323744693,152.01203154516043,54.1999728700584,97.81205867510202,53.73951431089809,15.736682088099075,28478.346484375,27726.35439453125,28060.463203125,28170.65009765625,ABBOTINDIA.NS,2025-08-18 10:52:16.409092
169,2024-12-12 00:00:00+05:30,28468.50245632724,28553.56770271069,28181.253146075887,28353.40625,3076,0.0,0.0,2024-12-12,27676.10673828125,724.2676706371586,28400.37440891841,26951.83906764409,29124.642079555568,26227.571397006934,15.748604633388387,37.473907728146685,280207,3833.6998902881805,6998.729109022521,25713.44611044224,60.065996462316534,28362.74236626219,28544.231586448495,28171.917029813692,28735.056922896994,27990.42780962739,28916.5461430833,27799.60247317889,0.012646810987123511,-25.901369724045693,160.59232047491605,29.746958201282887,130.84536227363316,55.647448058076506,16.62295268112944,28554.584375,27676.10673828125,28067.7102734375,28163.709765625,ABBOTINDIA.NS,2025-08-18 10:52:16.409092
170,2024-12-11 00:00:00+05:30,28798.850895810116,28894.223754489267,28408.58710750694,28475.703125,3263,0.0,0.0,2024-12-11,27668.6875,717.6945837009823,28386.38208370098,26950.99291629902,29104.076667401965,26233.298332598035,56.86291375075926,63.44986902038417,283283,4084.3041068659736,7789.986413706105,25711.736341739146,64.15047245036308,28592.8379956654,28777.088883823857,28291.45223684153,29078.474642647725,28107.201348683073,29262.725530806183,27805.815589859205,-0.01212718151975902,-19.5716380983081,159.47506941471875,-2.9643823671254026,162.43945178184416,58.03056353231609,17.645722140902322,28612.123046875,27668.6875,28075.9396484375,28150.45291015625,ABBOTINDIA.NS,2025-08-18 10:52:16.409092
171,2024-12-10 00:00:00+05:30,28711.421461238773,28849.20174036393,28546.468844539315,28595.978515625,4616,0.0,0.0,2024-12-10,27661.38916015625,709.7542500153646,28371.143410171615,26951.634910140885,29080.89766018698,26241.88066012552,76.03739109265547,72.50374836113524,286546,5802.261567454842,8716.406990416137,25709.83612986237,61.699183915673764,28663.883033509414,28781.297222479512,28478.564326654898,28966.615929334028,28361.1501376848,29084.030118304127,28175.831430830283,0.03259690876505404,-12.804069853426086,143.5839713616624,-43.57424531258644,187.15821667424885,60.39248250686315,18.125991705767227,28607.72421875,27661.38916015625,28083.816953125,28145.65326171875,ABBOTINDIA.NS,2025-08-18 10:52:16.409092
172,2024-12-09 00:00:00+05:30,28636.413795138757,28897.527116093905,28491.23654546995,28711.419921875,3243,0.0,0.0,2024-12-09,27639.6322265625,685.8646963267856,28325.496922889284,26953.767530235713,29011.36161921607,26267.902833908927,97.09171737913961,78.89526641104635,291162,4092.871978256479,9444.94334615646,25707.026440724967,67.80551201004303,28700.061194479622,28908.885843489294,28502.59527286534,29106.351765103576,28293.770623855668,29315.176414113248,28096.304702241385,0.0661261310776561,-7.902306663995661,109.21773202973782,-90.36379948114865,199.58153151088646,62.66556600432381,18.248656482644236,28498.60390625,27639.6322265625,28087.57359375,28137.642734375,ABBOTINDIA.NS,2025-08-18 10:52:16.409092
173,2024-12-06 00:00:00+05:30,28734.793869897367,28896.936012912294,28601.64826590093,28636.4140625,5016,0.0,0.0,2024-12-06,27600.31484375,642.3487850698435,28242.663628819842,26957.966058680155,28885.012413889686,26315.61727361031,127.8764833890299,83.69486579474399,287919,6313.972731815936,10782.961188131456,25704.970192148852,67.12169466659293,28711.666113771076,28821.68396164122,28526.396214629858,29006.95386078244,28416.378366759713,29116.971708652585,28231.108467618495,-0.04315731109993762,-11.064812403348673,52.194488147877564,-140.25918235887025,192.4536705067478,61.79801176292382,18.380757011588706,28289.87109375,27600.31484375,28077.81453125,28128.55265625,ABBOTINDIA.NS,2025-08-18 10:52:16.409092
174,2024-12-05 00:00:00+05:30,28314.64630459872,28749.686864163657,28113.498581132022,28641.099609375,12269,0.0,0.0,2024-12-05,27605.7294921875,651.9272154763431,28257.656707663842,26953.802276711158,28909.583923140188,26301.875061234812,146.6381345802679,59.87124116366206,292935,15446.333055970232,11900.208302210334,25701.863695061977,61.30397602414305,28501.428351556893,28889.358121981764,28253.16983895013,29137.61663458853,27865.240068525258,29525.5464050134,27616.981555918494,-0.00781866022543768,-4.919551202593103,-14.216428673746123,-188.37259998555717,174.15617131181105,61.881498383285624,18.228699712555347,28031.105078125,27605.7294921875,28062.4376953125,28109.28390625,ABBOTINDIA.NS,2025-08-18 10:52:16.409092
175,2024-12-04 00:00:00+05:30,28179.527663832323,28552.335358670927,27967.48095909608,28453.708984375,5870,0.0,0.0,2024-12-04,27619.9908203125,678.3528577422736,28298.343678054775,26941.63796257023,28976.696535797048,26263.285104827955,178.4583519739657,40.045794302439944,280666,7341.816529612033,11013.677113770358,25694.22529114035,53.09289421811378,28324.508434047337,28681.535908998594,28096.681509423746,28909.362833622185,27739.65403447249,29266.390308573442,27511.8271098489,-0.06136277793456391,-4.907009725662036,-99.48858166527498,-231.9116428135099,132.42306114823492,59.8700939351187,18.324603628090184,27703.33046875,27619.9908203125,28048.4850390625,28093.46341796875,ABBOTINDIA.NS,2025-08-18 10:52:16.409092
176,2024-12-03 00:00:00+05:30,27712.82819003443,28103.68335219027,27585.796650528115,28050.376953125,13979,0.0,0.0,2024-12-03,27650.09404296875,728.7823680264788,28378.876410995228,26921.311674942273,29107.65877902171,26192.529306915792,172.741986733157,-9.873891632414306,274796,17236.192964981277,11931.642259809938,25690.789986451793,53.006726271415445,27913.285651947794,28240.774653367473,27722.887951705317,28431.17235360995,27395.39895028564,28758.661355029628,27205.001250043162,-0.05109667471154509,-30.7195002717704,-188.70023747768937,-265.0174081005686,76.31717062287925,55.1389951717059,18.783488673848545,27436.289453125,27650.09404296875,28035.819453125,28081.9459375,ABBOTINDIA.NS,2025-08-18 10:52:16.409092
177,2024-12-02 00:00:00+05:30,27418.132883739523,27806.572485396093,27418.132883739523,27667.755859375,7460,0.0,0.0,2024-12-02,27692.2296875,775.9766328811864,28468.206320381185,26916.253054618814,29244.18295326237,26140.276421737628,161.34467876623972,-44.93303726818542,260817,9072.757499772291,10605.504583517104,25683.773804036624,49.93654005774098,27630.820409503536,27843.50793526755,27455.06833361098,28019.260011160106,27242.380807846966,28231.94753692412,27066.62873195441,-0.11055749409204549,-48.29845854327816,-260.33700225869325,-284.09670075628844,23.759698497595195,49.94016350699505,20.1757113660174,27251.404296875,27692.2296875,28026.5594140625,28076.93900390625,ABBOTINDIA.NS,2025-08-18 10:52:16.409092
178,2024-11-29 00:00:00+05:30,27002.224760060588,27542.697278305663,27002.224760060588,27342.583984375,11597,0.0,0.0,2024-11-29,27737.87392578125,800.9094191708767,28538.783344952124,26936.964506610373,29339.692764123003,26136.055087439494,93.92572289183956,-89.90685449977934,253357,13938.36241948795,10988.691354453307,25680.62057846475,39.820693570544556,27295.83534091375,27589.44592176691,27048.973403521835,27836.307859158824,26755.362822668674,28129.918440011985,26508.50088527676,-0.10304143358309457,-63.237997724638156,-310.4268888096158,-290.03662538068727,-20.390263428928506,44.90125355915139,21.098725146266503,27193.234375,27737.87392578125,28021.2326171875,28071.72208984375,ABBOTINDIA.NS,2025-08-18 10:52:16.409092
179,2024-11-28 00:00:00+05:30,27224.875612022424,27283.06517535276,26873.765704469897,27002.2265625,13006,0.0,0.0,2024-11-28,27771.5794921875,797.5761960100564,28569.155688197556,26974.00329617744,29366.731884207613,26176.427100167384,-18.63552906547147,-127.5542944955571,241760,15437.247508045977,10251.273588194646,25676.50415603277,25.316633103249856,27053.01914744089,27232.27259041188,26822.97311952902,27462.318618323752,26643.719676558027,27641.572061294744,26413.673648646156,-0.12666560156219975,-81.98529125420087,-337.82918179815533,-284.93905952345517,-52.89012227470016,38.926144019561214,21.431818217988518,27192.26796875,27771.5794921875,28043.6671875,28068.80169921875,ABBOTINDIA.NS,2025-08-18 10:52:16.409092
180,2024-11-27 00:00:00+05:30,27125.95096790366,27273.299153903004,26796.78544918211,27118.50390625,8046,0.0,0.0,2024-11-27,27825.5650390625,779.0870959203487,28604.65213498285,27046.477943142152,29383.7392309032,26267.390847221803,-35.27755357103788,-136.35719881573553,254766,9591.185604956565,8954.780108231813,25672.811343867997,25.60658499060544,27062.862836445038,27328.940223707967,26852.42651898707,27539.376541165933,26586.349131724142,27805.453928428862,26375.912814266176,-0.05683300393740216,-77.42960022694666,-334.2737474579408,-271.71652895478013,-62.55721850316064,40.312999116479624,21.08772850553047,27140.271484375,27825.5650390625,28078.453671875,28070.051953125,ABBOTINDIA.NS,2025-08-18 10:52:16.409092
181,2024-11-26 00:00:00+05:30,27410.241693178203,27478.935347505187,26980.280788893167,27125.951171875,5644,0.0,0.0,2024-11-26,27871.78388671875,762.1688043517702,28633.95269107052,27109.615082366978,29396.12149542229,26347.44627801521,-24.11774921260122,-129.39460266005477,262812,6729.743652420854,8795.678734050623,25670.315796156716,25.27060262664314,27195.05576942445,27409.83074995573,26911.17619134371,27693.710328036468,26696.40121081243,27908.48530856775,26412.521632731692,-0.06412112532749076,-79.57783229492439,-336.1085169301987,-256.0772243289899,-80.03129260120875,40.398628514258455,20.690629473040257,27086.6484375,27871.78388671875,28119.1430078125,28067.181953125,ABBOTINDIA.NS,2025-08-18 10:52:16.409092
182,2024-11-25 00:00:00+05:30,27515.772959537997,27594.377411603575,27260.330642733796,27376.90625,4573,0.0,0.0,2024-11-25,27921.3609375,743.1112720912179,28664.47220959122,27178.249665408784,29407.583481682435,26435.138393317568,-4.118592788191471,-108.09002021495913,268456,5503.159634358021,9312.162504458065,25668.55107658991,38.15274636896662,27410.538101445793,27560.74556015779,27226.69879128801,27744.58487031557,27076.491332576014,27894.79232902757,26892.65202241823,-0.07019744777004402,-70.79490384799475,-334.0984673853236,-236.0694011786877,-98.02906620663589,43.27381851652321,20.54784627632787,27024.24765625,27921.3609375,28162.280234375,28064.40033203125,ABBOTINDIA.NS,2025-08-18 10:52:16.409092
183,2024-11-22 00:00:00+05:30,26777.061007173685,27384.501240474154,26742.245126027014,27337.751953125,6113,0.0,0.0,2024-11-22,27964.14755859375,734.7008669396697,28698.848425533422,27229.44669165408,29433.54929247309,26494.745824714413,-43.05022861702389,-153.84496976148475,263883,7345.878403940608,10264.413221983074,25666.871335780976,36.83659850857931,27154.832773208724,27567.420420390434,26925.164305943294,27797.088887655864,26512.576658761584,28209.676534837574,26282.908191496153,-0.053614983004596294,-72.16522633922433,-351.17816971691354,-211.5621346270287,-139.61603508988483,42.68290121624462,20.850533636013065,26943.965625,27964.14755859375,28197.2847265625,28059.20587890625,ABBOTINDIA.NS,2025-08-18 10:52:16.409092
184,2024-11-21 00:00:00+05:30,26891.466612104858,26922.040787450533,26542.42749604445,26742.244140625,7808,0.0,0.0,2024-11-21,28000.47412109375,719.9117352202952,28720.385856314046,27280.562385873454,29440.29759153434,26560.65065065316,-97.2744520058299,-230.84257107660827,257770,9178.34112454153,10994.04692649369,25664.67229177427,37.42794325143028,26735.570808039993,26928.714120035536,26549.100828629453,27115.184099446076,26355.95751663391,27308.32741144162,26169.48753722337,-0.12052199971917871,-93.00681498470253,-363.86837801411093,-176.6581258545575,-187.21025215955342,32.79464680426085,20.671330005467045,26926.46953125,28000.47412109375,28238.305390625,28054.39568359375,ABBOTINDIA.NS,2025-08-18 10:52:16.409092
185,2024-11-19 00:00:00+05:30,26962.181280741435,27129.008176422965,26738.596063008565,26850.388671875,10942,0.0,0.0,2024-11-19,28094.830078125,668.1271224422493,28762.95720056725,27426.70295568275,29431.084323009498,26758.575833240502,-104.15599363127441,-225.9858529274383,265578,12914.387931201032,11447.973376981729,25662.857817483713,40.6704080933936,26905.997637102177,27073.39921119579,26682.987097781388,27296.409750516577,26515.585523687776,27463.81132461019,26292.574984366987,-0.14880297627215805,-93.71512719371512,-315.9540362239495,-129.85556281466916,-186.09847340928036,33.77723641730695,19.244293446798657,27219.025,28094.830078125,28293.2304296875,28053.142578125,ABBOTINDIA.NS,2025-08-18 10:52:16.409092
186,2024-11-18 00:00:00+05:30,27068.10666161999,27097.596332788286,26679.42050585099,26813.947265625,4672,0.0,0.0,2024-11-18,28191.003125,615.9686934304356,28806.971818430437,27575.034431569562,29422.94051186087,26959.06573813913,-147.42594005114458,-248.58082345089892,254636,5506.683625996948,11081.369738426902,25660.048942457448,33.689248319528105,26863.654701421427,27047.888896991863,26629.713070054568,27281.83052835872,26445.47887448413,27466.064723929157,26211.537243117273,-0.1412073465783434,-95.05473098364665,-260.47257464262293,-83.33094446234908,-177.14163018027386,33.15051491236902,17.96028214383569,27514.89453125,28191.003125,28345.92453125,28053.35623046875,ABBOTINDIA.NS,2025-08-18 10:52:16.409092
187,2024-11-14 00:00:00+05:30,27368.81884463761,27520.653377222916,26826.42387016126,26975.49609375,7905,0.0,0.0,2024-11-14,28290.72177734375,537.7757638781893,28828.49754122194,27752.946013465564,29366.27330510013,27215.170249587372,-170.67746720365116,-216.9684032137986,259308,9373.415213550883,12475.04126653439,25658.882401446448,32.71137198761487,27107.524447044725,27388.62502392819,26694.395516866534,27801.75395410638,26413.29493998307,28082.854530989847,26000.166009804878,-0.05574273227278034,-94.20698294976624,-181.90401072004897,-39.04553691728061,-142.85847380276837,34.494392489682284,16.492748181119325,27784.273046875,28290.72177734375,28394.778125,28046.31255859375,ABBOTINDIA.NS,2025-08-18 10:52:16.409092
188,2024-11-13 00:00:00+05:30,28113.448765408273,28200.733109058114,27171.56686500607,27250.271484375,7236,0.0,0.0,2024-11-13,28341.0458984375,447.78437783777355,28788.830276275272,27893.261520599728,29236.614654113047,27445.477142761953,-167.53151913102352,-144.3663592688932,267213,8667.541551369388,13250.447779780267,25656.62643109411,32.90830094948883,27540.85715281306,27910.14744062005,26880.981196568006,28570.023396865105,26511.690908761015,28939.313684672095,25851.81495251596,-0.07123587804113436,-91.34875764633885,-94.46643072967345,-3.3309184665885123,-91.13551226308493,36.85404507195904,15.089140525558797,27974.18828125,28341.0458984375,28441.808125,28037.4477734375,ABBOTINDIA.NS,2025-08-18 10:52:16.409092
189,2024-11-12 00:00:00+05:30,28403.408816522824,28719.013206303276,28109.502228539775,28205.021484375,5663,0.0,0.0,2024-11-12,28405.9814453125,368.41212635926996,28774.39357167177,28037.56931895323,29142.80569803104,27669.15719259396,-31.59551959672214,7.50360139724667,274449,7021.009121561044,14396.174336882987,25654.122946004794,32.0460224823848,28344.512306406017,28579.52238427226,27970.01140650876,28954.023284169518,27735.001328642516,29189.03336203576,27360.500428745258,-0.06794671590675008,-50.77336940377219,-8.14973526218455,19.452959599182723,-27.602694861367272,47.291743803119374,14.011667895322905,28273.075390625,28405.9814453125,28482.4549609375,28025.99419921875,ABBOTINDIA.NS,2025-08-18 10:52:16.409092
190,2024-11-11 00:00:00+05:30,28207.142974678045,28412.235748970135,27966.54470573251,28329.736328125,7021,0.0,0.0,2024-11-11,28426.81884765625,368.2331961025819,28795.05204375883,28058.58565155367,29163.285239861412,27690.352455451088,-36.560251217877926,-16.406110426910132,280112,8743.152353747557,16239.96564071347,25650.982951712187,27.65007043672101,28236.17226094255,28505.799816152587,28060.108772914962,28681.863304180173,27790.481217704924,28951.49085939021,27614.417729677338,-0.06309297031979931,-45.47318275306019,8.456863256978977,26.35363331452454,-17.896770057545563,48.974080082970005,14.373661402983752,28417.336328125,28426.81884765625,28509.6985546875,28005.5234765625,ABBOTINDIA.NS,2025-08-18 10:52:16.409092
191,2024-11-08 00:00:00+05:30,27925.072716206305,28511.899666342022,27659.274627027185,28160.83984375,15470,0.0,0.0,2024-11-08,28432.134765625,367.5246610407049,28799.659426665705,28064.610104584295,29167.18408770641,27697.08544354359,-52.2769811928346,-42.36542356332047,273091,19149.72127323417,18114.168962454947,25646.88860979692,22.86419654963524,28110.671379039733,28562.06813105228,27709.443091737445,28963.29641835457,27258.046339724897,29414.693170367118,26856.818052422608,-0.09534653960815742,-52.65102032972447,17.30768488178728,30.827825828910928,-13.520140947123647,46.58440278460935,13.984702472902136,28562.54375,28432.134765625,28538.7252734375,27983.8488671875,ABBOTINDIA.NS,2025-08-18 10:52:16.409092
192,2024-11-07 00:00:00+05:30,28784.304487894893,29094.781091895795,27635.110718471868,27925.072265625,31203,0.0,0.0,2024-11-07,28444.71943359375,362.014027225193,28806.73346081894,28082.705406368557,29168.747488044137,27720.69137914336,-35.94654647249426,-26.818622468159884,257621,38301.62479027139,17855.28088476014,25638.39358523543,28.946173137505497,28218.321358664223,28801.53199885658,27341.86162543265,29677.99173208815,26758.650985240296,30261.202372280506,25882.191252008724,-0.09353541094262731,-62.67077525764438,45.01092565227009,34.20786106569184,10.803064586578252,43.1322613192078,13.565823625121935,28708.99375,28444.71943359375,28566.9451953125,27966.6656640625,ABBOTINDIA.NS,2025-08-18 10:52:16.409092
193,2024-11-06 00:00:00+05:30,28926.325959483445,29041.177528764158,28231.8498820744,28744.70703125,10798,0.0,0.0,2024-11-06,28448.585546875,356.5439491375693,28805.12949601257,28092.041597737432,29161.67344515014,27735.497648599863,44.13220655182276,44.358103270598754,288824,13643.561426732844,12743.694908382331,25622.70119327151,44.899461414935445,28672.57814736285,29113.306412651298,28303.97876596154,29481.905794052607,27863.25050067309,29922.634059341057,27494.65111927178,-0.03674183900099656,-27.837574071638098,103.01701924720692,31.507094919047276,71.50992432815964,54.50289558790213,13.114723327512488,28840.107421875,28448.585546875,28599.319296875,27954.4344921875,ABBOTINDIA.NS,2025-08-18 10:52:16.409092
194,2024-11-05 00:00:00+05:30,29055.77328980488,29399.732774590004,28641.83916207451,28926.326171875,9203,0.0,0.0,2024-11-05,28423.72177734375,352.1183253165358,28775.840102660288,28071.603452027215,29127.958427976824,27719.48512671068,112.48102270386914,88.18137977951011,299622,11701.707597932571,12518.7282787947,25615.26933727315,44.568279359940185,28989.299369513174,29336.759576951838,28578.865964436343,29747.192982028668,28231.40575699768,30094.65318946733,27820.97235192085,-0.073408588074254,-20.11904341634542,94.99992701936571,13.629613837007366,81.37031318235834,57.6288569877632,13.673685200904863,28694.505078125,28423.72177734375,28611.0055078125,27935.48279296875,ABBOTINDIA.NS,2025-08-18 10:52:16.409092
195,2024-11-04 00:00:00+05:30,28749.588623518688,29272.30841667357,28723.206067920775,29055.7734375,23566,0.0,0.0,2024-11-04,28385.35859375,335.9008049083642,28721.259398658363,28049.457788841635,29057.160203566727,27713.55698393327,135.03243004899667,88.46576260681309,308825,30098.500143932975,12722.983449010231,25608.53804694612,42.89567718532956,29017.095974031447,29310.985880142118,28761.88353138932,29566.198322784243,28467.99362527865,29860.088228894914,28212.781182636525,-0.008469248916776669,-9.729272282587996,65.409493165811,-6.712964458582221,72.12245762439322,59.90271989546728,14.30261903980989,28525.62734375,28385.35859375,28604.7713671875,27914.16173828125,ABBOTINDIA.NS,2025-08-18 10:52:16.409092
196,2024-11-01 00:00:00+05:30,28719.950470986376,29094.780781711353,28719.014290937386,28893.08984375,1260,0.0,0.0,2024-11-01,28315.05283203125,335.34731904728596,28650.40015107854,27979.705512983965,28985.747470125825,27644.358193936678,123.45383464445307,67.91293678378419,285259,1600.2619313007726,8379.104275279544,25590.498491248247,36.38530978779827,28902.29497213291,29085.575653328433,28709.809162554466,29278.061462906877,28526.528481358942,29461.3421441024,28334.0426717805,-0.035958803148411995,-10.920226383082708,13.785123766523611,-24.743578864680526,38.52870263120414,57.96737575259722,15.241854937774594,28323.048828125,28315.05283203125,28596.9877734375,27895.62755859375,ABBOTINDIA.NS,2025-08-18 10:52:16.409092
197,2024-10-31 00:00:00+05:30,28016.744324686744,28814.09041092064,27871.468829767346,28580.640625,7230,0.0,0.0,2024-10-31,28256.32333984375,331.61995471095514,28587.943294554705,27924.703385132798,28919.563249265662,27593.08343042184,30.50933548119964,-4.668020712675675,283999,9083.15650346286,10073.814861274237,25589.574184893827,41.78547265331164,28422.066621895996,28972.664414024646,28030.042832871353,29364.68820304929,27479.445040742703,29915.28599517794,27087.42125171806,-0.06509652448414598,-25.99450059277453,-36.496709243052464,-34.37575452248156,-2.120954720570907,54.008393550241685,16.207053018320927,28167.929296875,28256.32333984375,28594.2479296875,27878.2968359375,ABBOTINDIA.NS,2025-08-18 10:52:16.409092
198,2024-10-30 00:00:00+05:30,28009.889707558264,28285.99346604082,27836.357376173808,28016.6953125,3118,0.0,0.0,2024-10-30,28221.2296875,332.62903756102935,28553.85872506103,27888.60064993897,28886.48776262206,27555.97161237794,-58.30585289850221,-59.38345840875878,276769,3839.8968545698913,10321.47945072708,25584.762990304785,41.73315092214315,28046.34871823821,28256.34006030261,27806.703970435596,28495.984808105222,27596.712628371195,28705.976150169623,27357.067880568582,-0.12656405347722705,-53.20233396136203,-69.54819800352197,-33.84551584233883,-35.70268216118315,45.387212242253106,16.635608845531937,28098.32890625,28221.2296875,28585.306484375,27859.80068359375,ABBOTINDIA.NS,2025-08-18 10:52:16.409092
199,2024-10-29 00:00:00+05:30,28009.890163409724,28141.951263207047,27046.705381993437,28081.9375,9711,0.0,0.0,2024-10-29,28251.273828125,340.2324454329941,28591.506273557992,27911.041382692005,28931.738718990986,27570.80893725901,-137.90990826999368,-101.3100781467718,279887,11987.194809795219,11941.875099766377,25583.074815048683,38.44523800424297,27756.864715066826,28467.024048140214,27371.778166926604,28852.110596280436,26661.618833853216,29562.269929353824,26276.532285712994,-0.1299007487032843,-50.05469087123147,-55.27028998845708,-24.919845302043033,-30.350444686414047,46.31991798112211,15.767755064349103,28107.846484375,28251.273828125,28573.6981640625,27842.1217578125,ABBOTINDIA.NS,2025-08-18 10:52:16.409092
200,2024-10-28 00:00:00+05:30,27615.385598195786,28353.06081546902,27615.385598195786,28042.880859375,8829,0.0,0.0,2024-10-28,28285.420703125,356.23731089972557,28641.658014024728,27929.183392225274,28997.89532492445,27572.94608132555,-110.00086899588449,-73.33538120157618,270176,10883.30209807238,11930.545172259166,25577.66059082075,44.52899528798648,28003.775757679934,28392.165917164082,27654.49069989085,28741.450974953168,27266.1005404067,29129.841134437316,26916.815482617614,-0.1950870368616925,-71.57708072293414,-42.578179404954426,-17.33223413043952,-25.245945274514906,45.69955173714452,14.42781683593265,28217.331640625,28285.420703125,28566.31203125,27828.4021484375,ABBOTINDIA.NS,2025-08-18 10:52:16.409092
201,2024-10-25 00:00:00+05:30,28329.440657893017,28451.73736592737,28015.119163487816,28117.4921875,6710,0.0,0.0,2024-10-25,28326.755078125,374.1254862115597,28700.88056433656,27952.62959191344,29075.00605054812,27578.50410570188,-88.2210985756132,-52.453145141835456,279005,8293.266932164895,12192.35594080586,25572.794799341886,52.435011318440324,28194.782905638393,28374.44664778897,27937.828445349416,28631.401108077946,27758.16470319884,28811.064850228522,27501.210242909863,-0.2077946234604704,-64.86188566812858,-21.836820499298483,-11.020747811810793,-10.81607268748769,46.65591259774501,13.898977944603498,28363.525390625,28326.755078125,28556.379375,27803.5921484375,ABBOTINDIA.NS,2025-08-18 10:52:16.409092
202,2024-10-24 00:00:00+05:30,28254.38655876601,28443.205989131893,27960.578193128138,28232.638671875,11040,0.0,0.0,2024-10-24,28360.07099609375,384.0461489228741,28744.117145016622,27976.024847170876,29128.1632939395,27591.978698248,-91.70954246525855,-53.41677426418886,285715,13700.836514266637,13167.1281929661,25568.97186474392,51.85351773820775,28212.140951378344,28463.70370962855,27981.075913624794,28694.7687473821,27729.51315537459,28946.331505632304,27498.44811762104,-0.1113846237940874,-52.12461283453509,-2.298820268766576,-8.316729639938869,6.017909371172292,48.0984365487599,14.124592864307363,28501.691015625,28360.07099609375,28527.6761328125,27774.627421875,ABBOTINDIA.NS,2025-08-18 10:52:16.409092
203,2024-10-23 00:00:00+05:30,28601.64861960334,28828.48928106916,28021.42888760504,28064.283203125,9208,0.0,0.0,2024-10-23,28359.61240234375,384.21176653748,28743.82416888123,27975.400635806272,29128.035935418713,27591.18886926879,-53.9869664712296,-44.824551931957885,274675,11359.149244744964,13033.701112640963,25562.371590526138,52.00624809785671,28304.73379059973,28588.03869359442,27780.9783001303,29111.79418406385,27497.67339713561,29395.099087058537,26973.91790666618,-0.06425668085075102,-62.020284997226334,11.410387175339565,-9.821206982731942,21.23159415807151,45.824329357320536,14.345285294125505,28451.558984375,28359.61240234375,28501.71765625,27743.98720703125,ABBOTINDIA.NS,2025-08-18 10:52:16.409092
204,2024-10-22 00:00:00+05:30,28818.627686117983,28974.55560466346,28547.45523000076,28629.36328125,8645,0.0,0.0,2024-10-22,28349.77685546875,394.5486661967834,28744.325521665534,27955.228189271966,29138.87418786232,27560.67952307518,79.47532127773299,3.457818746658478,283883,10879.356991160656,13452.339079614962,25557.190170878817,51.9851540650556,28717.12470530474,28886.794180608722,28459.693805946023,29144.22507996744,28290.02433064204,29313.89455527142,28032.593431283323,-0.038126988445250476,-28.80575837500782,45.36990518634775,-15.12910552224982,60.49901070859757,53.07168751372966,14.703028796174458,28548.498828125,28349.77685546875,28472.632734375,27716.03435546875,ABBOTINDIA.NS,2025-08-18 10:52:16.409092
205,2024-10-21 00:00:00+05:30,28848.21428033469,29119.43680775664,28615.554279734188,28773.849609375,7010,0.0,0.0,2024-10-21,28315.48203125,398.75470265003844,28714.23673390004,27916.72732859996,29112.991436550077,27517.972625949926,127.1890452682332,18.565896063874728,292528,8866.302166239833,14095.584601728537,25551.205125856417,53.2050938271734,28836.28023228861,29057.00618484303,28553.12365682058,29340.16276031106,28332.397704266157,29560.888712865482,28049.241128798127,-0.018867825079464554,-20.31307711118024,32.509130321668636,-30.25385819939921,62.76298852106785,55.1423635370243,15.437719649427752,28546.980078125,28315.48203125,28437.1430078125,27684.1617578125,ABBOTINDIA.NS,2025-08-18 10:52:16.409092
206,2024-10-18 00:00:00+05:30,27958.553947377273,28897.52709576344,27901.400735124495,28808.3203125,17456,0.0,0.0,2024-10-18,28267.81103515625,398.0628391168486,28665.8738742731,27869.7481960394,29063.936713389947,27471.685356922553,68.45846866194721,-17.374629562202866,299538,22104.933422975573,15402.90521060071,25546.106258036813,48.579914298984725,28535.74938112931,29170.098027134125,28173.97166649518,29531.875741768254,27539.623020490366,30166.22438777307,27177.845305856237,0.034627353911167225,-16.41663178448056,1.3211645762203261,-45.94460532966617,47.26576990588649,55.62311808041153,16.065842537110047,28479.42109375,28267.81103515625,28398.5820703125,27648.54451171875,ABBOTINDIA.NS,2025-08-18 10:52:16.409092
207,2024-10-17 00:00:00+05:30,28506.57259045169,28530.6378112542,27872.89812993832,27981.978515625,12015,0.0,0.0,2024-10-17,28206.76376953125,404.3795767702022,28611.143346301455,27802.38419276105,29015.522923071658,27398.004615990845,-20.706379608781972,-67.95490749428728,282082,14778.444832052668,13727.398157506992,25533.2025361646,45.33192455517114,28128.50481893917,28384.111507940022,27726.37182662414,28786.244500255052,27470.76513762329,29041.851189255904,27068.63214530826,0.01761437103994004,-66.36966139485553,-42.02374209618938,-57.76104780613779,15.737305709948409,44.936672404185735,17.205717575350082,28400.263671875,28206.76376953125,28377.4227734375,27615.61248046875,ABBOTINDIA.NS,2025-08-18 10:52:16.409092
208,2024-10-16 00:00:00+05:30,28779.966552283066,28953.59713298535,28378.557198421,28548.982421875,14556,0.0,0.0,2024-10-16,28177.73564453125,440.58202854118633,28618.317673072437,27737.153615990064,29058.899701613624,27296.571587448878,103.80828897236653,-6.297924839756747,294097,18266.663180224732,13464.63648887057,25526.51733232135,57.05683309441893,28627.045584427116,28875.533970433233,28300.494035868884,29202.085518991466,28052.005649862767,29450.573904997582,27725.454101304535,-0.03818140741297599,-32.5509548502362,-15.499487430053705,-61.69537423362489,46.195886803571184,53.08099911196966,17.783535077047713,28404.346875,28177.73564453125,28366.3381640625,27590.43734375,ABBOTINDIA.NS,2025-08-18 10:52:16.409092
209,2024-10-15 00:00:00+05:30,28593.117798177813,28897.528496420724,28479.69746448879,28621.76953125,9594,0.0,0.0,2024-10-15,28173.5021484375,437.22098641151933,28610.723134849017,27736.28116202598,29047.944121260538,27299.06017561446,111.8630341321707,1.716345018014855,308653,12070.429818471112,12264.12981603203,25516.48772524084,67.38750054566184,28666.331830719835,28852.96619695088,28435.135165018946,29084.16286265177,28248.5007987879,29270.797228882817,28017.30413308701,-0.03711782959441895,-28.209598706035507,-37.14685688318059,-73.24434593451768,36.09748905133709,54.25314915208556,18.749435898876854,28344.03671875,28173.5021484375,28347.5439453125,27558.79056640625,ABBOTINDIA.NS,2025-08-18 10:52:16.409092
210,2024-10-14 00:00:00+05:30,28414.555293523008,28749.490077838927,28251.623366208594,28436.0546875,12958,0.0,0.0,2024-10-14,28179.4912109375,444.4452398670195,28623.93645080452,27735.04597107048,29068.38169067154,27290.60073120346,57.43693941617559,-16.23886058269586,299059,16196.972959756238,12312.554815422258,25509.681093990217,61.43678697722795,28479.05604384917,28706.488721489746,28208.622009859413,28976.922755479503,27981.189332218837,29204.35543312008,27710.75529822908,-0.04721776797952669,-39.28648147973523,-71.46764586566132,-82.26871819735196,10.801072331690634,51.727808186674956,19.53337717810947,28251.4953125,28179.4912109375,28331.9076953125,27527.25783203125,ABBOTINDIA.NS,2025-08-18 10:52:16.409092
211,2024-10-11 00:00:00+05:30,28002.39580033678,28546.368425964723,27951.30656662028,28412.533203125,7136,0.0,0.0,2024-10-11,28215.33701171875,492.5358084283664,28707.872820147117,27722.801203290386,29200.408628575486,27230.265394862017,6.338722682583624,-30.88283567443919,286101,8912.33163106435,11341.450279338762,25500.991752122885,60.05397527937617,28303.402731903334,28655.49889718639,28060.437037841944,28898.46459124778,27708.34087255889,29250.560756530835,27465.3751784975,-0.04645622292978772,-40.68941039927823,-96.0357146350434,-84.9689862802746,-11.066728354768799,51.412379055775915,20.693897029646728,28094.216015625,28215.33701171875,28323.1358984375,27499.940390625,ABBOTINDIA.NS,2025-08-18 10:52:16.409092
212,2024-10-10 00:00:00+05:30,28296.89249385822,28404.395239730813,27950.713926874,28002.39453125,6927,0.0,0.0,2024-10-10,28258.8509765625,546.3750016699692,28805.22597823247,27712.475974892528,29351.600979902436,27166.10097322256,-34.37370327541916,-43.4416399413032,278965,8526.423474433393,11948.729941407364,25496.22296756203,60.936146935783945,28119.167899284937,28287.621871695876,27833.940558839062,28572.84921214175,27665.486586428124,28741.30318455269,27380.259245982248,-0.048206902353739006,-63.654149841947735,-123.71869111898195,-82.20230419158239,-41.516386927399566,45.66315365139263,22.181115127737222,27955.409375,28258.8509765625,28314.789140625,27473.3705078125,ABBOTINDIA.NS,2025-08-18 10:52:16.409092
213,2024-10-09 00:00:00+05:30,28546.41788065628,28546.41788065628,28152.94872948164,28247.431640625,7937,0.0,0.0,2024-10-09,28315.08779296875,575.6861198290087,28890.77391279776,27739.40167313974,29466.460032626765,27163.715553310733,2.314175696946339,-19.82686620946156,285892,9855.119332539316,12804.306558150854,25492.232011815096,51.0046239186743,28315.599416920973,28478.250104360308,28084.780953185666,28709.068568095616,27922.13026574633,28871.71925553495,27691.311802011023,-0.054747528966262456,-44.805513412466965,-116.89431921877258,-71.82320745973249,-45.07111175904009,48.8713284191301,23.46258958361581,27930.683984375,28315.08779296875,28310.3933984375,27451.398828125,ABBOTINDIA.NS,2025-08-18 10:52:16.409092
214,2024-10-08 00:00:00+05:30,27649.65728021978,28246.346840659342,27574.701236263736,28159.0625,13879,0.0,0.0,2024-10-08,28372.15546875,623.2339234440423,28995.38939219404,27748.92154530596,29618.623315638084,27125.687621861915,-45.639058798086324,-43.37527158773564,277955,17179.1989122054,13541.603364553739,25487.195573336296,39.933160526627525,27993.37019230769,28412.039148351647,27740.39354395604,28665.015796703297,27321.724587912086,29083.684752747253,27068.747939560435,-0.08577143278897796,-47.50152360105568,-130.5183717362197,-60.55542951997246,-69.96294221624724,47.639416136820145,25.26001493024187,28004.71328125,28372.15546875,28299.1933984375,27425.69734375,ABBOTINDIA.NS,2025-08-18 10:52:16.409092
215,2024-10-07 00:00:00+05:30,27718.943232910162,27878.12659051571,27418.13278330911,27649.658203125,8513,0.0,0.0,2024-10-07,28438.6271484375,668.5580727829955,29107.185221220494,27770.069075654505,29775.74329400349,27101.51100287151,-102.68029627871945,-68.96054850504414,264076,10346.630533765778,12632.204477640822,25478.627611575135,34.07846857357676,27648.639192316605,27879.1456013241,27419.1517941175,28108.632999523204,27188.645385110005,28339.1394085307,26959.1579869109,-0.11714935225338895,-73.3626853944725,-137.28071494721007,-43.06469396591066,-94.21602098129941,39.88667201525147,26.53410132411442,28125.87578125,28438.6271484375,28299.85125,27404.45197265625,ABBOTINDIA.NS,2025-08-18 10:52:16.409092
216,2024-10-04 00:00:00+05:30,27871.813931379274,28194.223940636006,27585.89568133914,27718.5,10751,0.0,0.0,2024-10-04,28530.39892578125,680.4258421314208,29210.824767912673,27849.973083649827,29891.25061004409,27169.54724151841,-72.8653443553629,-52.92573149701414,272589,13099.210680277733,13203.597963609584,25474.348947795053,34.44047279194923,27832.873207325047,28079.850733310952,27471.522474014087,28441.20146662191,27224.544948028182,28688.178992607816,26863.194214717223,-0.0997398086366277,-73.4579630966078,-93.68994762439252,-19.510688720585804,-74.17925890380671,40.641801021122966,26.998696176069743,28369.8578125,28530.39892578125,28299.41234375,27391.22994140625,ABBOTINDIA.NS,2025-08-18 10:52:16.409092
217,2024-10-03 00:00:00+05:30,28552.335637436754,28660.824650221486,27842.22573557304,27878.767578125,9326,0.0,0.0,2024-10-03,28607.3052734375,670.6847546384126,29277.990028075914,27936.62051879909,29948.674782714326,27265.935764160677,-16.70384266397723,-27.836035940057812,283340,11428.665535693613,13229.694784442543,25468.749530979985,35.65576959377826,28127.272654639844,28412.31957370665,27593.720659058203,28945.87156928829,27308.673739991398,29230.918488355095,26775.121744409757,-0.08999755389345913,-66.89116819173512,-43.24088540143566,-0.9658739946341264,-42.27501140680154,42.376171031004844,27.79336554022123,28582.919921875,28607.3052734375,28291.454140625,27370.42451171875,ABBOTINDIA.NS,2025-08-18 10:52:16.409092
218,2024-10-01 00:00:00+05:30,28650.96276864669,28854.77456375592,28487.48954734193,28617.578125,5340,0.0,0.0,2024-10-01,28679.71669921875,666.0512930169276,29345.767992235677,28013.66540620182,30011.819285252604,27347.614113184893,68.4330537939022,17.397839616541415,292666,6717.391724282052,13679.952096629773,25463.521976583404,34.69140792531563,28653.280745365948,28819.071943389965,28451.786926975976,29020.565761779937,28285.99572895196,29186.356959803954,28084.501910561987,-0.047827087725189205,-36.28052620411021,6.220438620206551,9.602878857066257,-3.382440236859706,51.84700781749401,29.118941220367905,28651.859765625,28679.71669921875,28280.8369921875,27340.1598828125,ABBOTINDIA.NS,2025-08-18 10:52:16.409092
219,2024-09-30 00:00:00+05:30,29045.467032967033,29081.367418226306,28682.17717097356,28764.875,5980,0.0,0.0,2024-09-30,28712.96845703125,679.2554620560887,29392.223919087337,28033.71299497516,30071.47938114343,27354.45753291907,97.6633934389297,34.43444987003011,298006,7561.191124116544,15420.592189716703,25459.599744712585,33.86751351631548,28842.80652973329,29003.435888493023,28604.245641240275,29241.996776986038,28443.616282480543,29402.62613574577,28205.055393987528,-0.0792568089756618,-35.28017929165435,-3.3099721900762233,10.448488916281182,-13.758461106357405,54.08483984975304,30.749010912367066,28501.85859375,28712.96845703125,28259.7092578125,27306.148125,ABBOTINDIA.NS,2025-08-18 10:52:16.409092
220,2024-09-27 00:00:00+05:30,28783.811568525343,29094.731222997845,28693.07530139935,28869.568359375,8957,0.0,0.0,2024-09-27,28753.084765625,705.6614869651047,29458.746252590106,28047.423278659895,30164.40773955521,27341.761791694793,100.29587350959805,39.68579626440447,303986,11366.569339137135,17385.44245611674,25454.990427262954,41.485683814699165,28885.791627924064,29078.507954448778,28676.852032850282,29287.44754952256,28484.135706325567,29480.163876047274,28275.196111251786,-0.0684019672935058,-36.01252621504355,-29.96814535339945,13.888104192870532,-43.85624954626998,55.670637434758504,31.994081103598955,28337.576953125,28753.084765625,28224.966171875,27268.69998046875,ABBOTINDIA.NS,2025-08-18 10:52:16.409092
221,2024-09-26 00:00:00+05:30,28404.395657345598,28896.541262658637,28223.466345109282,28783.810546875,20455,0.0,0.0,2024-09-26,28798.6599609375,742.07576764237,29540.73572857987,28056.58419329513,30282.81149622224,27314.508425652763,54.19746099461136,21.086740703219466,295029,25880.598306356413,18890.160735361642,25447.843234486256,40.759460296349104,28634.60605154764,29045.745757985995,28372.67084043664,29307.680969096993,27961.531133998284,29718.82067553535,27699.595922887285,-0.06527232639785488,-39.15789869607639,-73.95533206376786,24.852166579438027,-98.80749864320589,54.65939709949912,33.30667509709951,28127.74921875,28798.6599609375,28207.4895703125,27230.57533203125,ABBOTINDIA.NS,2025-08-18 10:52:16.409092
222,2024-09-25 00:00:00+05:30,27885.621377461714,28292.306851118625,27771.018299778352,28223.466796875,14877,0.0,0.0,2024-09-25,28838.06123046875,761.9014937827809,29599.96272425153,28076.159736685968,30361.864218034312,27314.258242903186,-22.734275363484148,-21.700375477347084,274574,18456.623902463205,17142.55134261295,25431.82044584005,37.09917726417697,28095.59731592399,28420.17633206963,27898.887780729357,28616.885867264264,27574.30876458372,28941.464883409903,27377.599229389085,-0.12034049214951865,-59.70984329201328,-120.70587999880809,49.5540412402395,-170.25992123904757,47.37609858949896,35.09475926354471,27888.462109375,28838.06123046875,28187.711875,27196.93998046875,ABBOTINDIA.NS,2025-08-18 10:52:16.409092
223,2024-09-24 00:00:00+05:30,28009.890897287176,28128.19246525909,27738.766603307322,27867.572265625,7831,0.0,0.0,2024-09-24,28904.0767578125,763.0455513777903,29667.12230919029,28141.031206434713,30430.167860568083,27377.98565505692,-50.93185424847209,-35.63720951897867,259697,9592.745017315314,16814.033202650386,25422.03428473138,33.31427130285603,27911.510444730473,28084.254286153624,27694.828424201856,28300.93630668224,27522.084582778705,28473.68014810539,27305.40256225009,-0.12004247082160882,-72.76312476119526,-123.54650190050597,92.11902155000139,-215.66552345050735,41.868926628337256,37.2306328088366,27724.051953125,28904.0767578125,28179.29078125,27173.737578125,ABBOTINDIA.NS,2025-08-18 10:52:16.409092
224,2024-09-23 00:00:00+05:30,27974.43586474339,28087.806115432333,27837.690006753153,27943.466796875,8269,0.0,0.0,2024-09-23,28977.1490234375,727.7208029704448,29704.869826407947,28249.428220467056,30432.590629378392,27521.70741749661,-60.09423390027121,-31.733912423458133,267528,10156.86823557128,18619.355248984153,25417.51332797061,33.7365195230703,27956.320973020163,28074.951939287173,27824.835830607994,28206.437081699343,27706.204864340983,28325.068047966353,27574.719721928814,-0.020654952844552585,-69.9795116640837,-90.26122304698583,146.03540241262823,-236.29662545961406,42.754889386551135,39.10755715448161,27843.4,28977.1490234375,28156.1301171875,27152.1759375,ABBOTINDIA.NS,2025-08-18 10:52:16.409092
225,2024-09-20 00:00:00+05:30,27812.637818596504,27859.535430543227,27378.681767526206,27820.4296875,10431,0.0,0.0,2024-09-20,29010.706640625,692.1507468691108,29702.857387494114,28318.55589375589,30395.008134363223,27626.40514688678,-103.42773137015226,-54.1771134777824,259259,12756.053133526577,20734.97700233737,25412.57288773648,28.557800311405913,27686.215628523147,27993.749489520087,27512.895826503067,28167.069291540167,27205.361965506127,28474.603152537107,27032.042163486047,0.012212068463012331,-75.49987432313148,-53.75284678874232,205.10955877753176,-258.8624055662741,40.871242560418914,41.32694684636714,28003.016796875,29010.706640625,28138.441796875,27128.334296875,ABBOTINDIA.NS,2025-08-18 10:52:16.409092
226,2024-09-19 00:00:00+05:30,27664.69846403219,27786.99517025465,27203.670240004874,27587.375,34887,0.0,0.0,2024-09-19,29053.01484375,639.4173024492657,29692.432146199266,28413.597541300733,30331.84944864853,27774.18023885147,-161.7760531515909,-66.3967391152251,248828,42305.86160547067,22729.707969540068,25406.61740802354,22.453185376120643,27526.013470086506,27848.356700168137,27265.03176991836,28109.33840033628,26942.68853983673,28431.681630417912,26681.706839668586,0.009842729995159416,-83.71003000540503,5.920666113503103,269.8251601691003,-263.9044940555972,37.23905155386891,43.1439238203989,28269.525,29053.01484375,28128.072421875,27101.88666015625,ABBOTINDIA.NS,2025-08-18 10:52:16.409092
227,2024-09-18 00:00:00+05:30,28601.598839219198,28601.598839219198,27124.965514310028,27401.416015625,34796,0.0,0.0,2024-09-18,29111.4509765625,544.832146002801,29656.283122565303,28566.6188305597,30201.1152685681,28021.7866845569,-232.98425299328332,-50.97874245891562,213941,41911.081641517005,17835.669560557413,25388.427156554302,36.32042564563241,27709.326789718074,28293.68806512612,26817.05474021695,29185.960114627243,26232.693464808905,29770.32139003529,25340.42141530778,-0.04043816701352475,-90.71313639526231,105.18349403586035,335.8012836829996,-230.61778964713926,34.24626242932797,44.916443398789816,28608.6125,29111.4509765625,28127.31859375,27075.62533203125,ABBOTINDIA.NS,2025-08-18 10:52:16.409092
228,2024-09-17 00:00:00+05:30,28741.55086438339,28986.292607607218,28418.994449650276,28464.3125,6373,0.0,0.0,2024-09-17,29148.05859375,438.0117621401,29586.0703558901,28710.0468316099,30024.0821180302,28272.0350694698,-221.08680985193968,22.782431925217242,248737,7973.906849773273,11816.816540317513,25371.53960830968,52.33753072358334,28623.199852419162,28827.40525518805,28260.107097231106,29190.498010376105,28055.90169446222,29394.70341314499,27692.808939274164,0.06324667014787706,-97.30692432931295,248.99044651829536,393.4557310947844,-144.46528457648907,45.850581197094876,46.82531063705695,28953.75546875,29148.05859375,28122.2115625,27049.06623046875,ABBOTINDIA.NS,2025-08-18 10:52:16.409092
229,2024-09-16 00:00:00+05:30,29312.745835278907,29361.17100166701,28696.381055857793,28741.55078125,6235,0.0,0.0,2024-09-16,29096.65693359375,564.5244295139723,29661.18136310772,28532.13250407978,30225.705792621695,27967.608074565804,-207.61911852452047,48.97150125173328,255110,7877.224007444511,12777.543962953572,25366.78017028865,63.7320482679583,28933.034279591604,29169.687503325415,28504.897557516197,29597.824225400822,28268.244333782386,29834.477449134632,27840.10761170698,0.06820553383599046,-96.78593136260027,324.6551418184499,429.5720522389066,-104.9169104204567,49.94998430209389,49.17386227571135,29138.65,29096.65693359375,28093.9362109375,27014.52794921875,ABBOTINDIA.NS,2025-08-18 10:52:16.409092
230,2024-09-13 00:00:00+05:30,29282.812713373845,29401.705654766454,29101.684987215718,29152.970703125,4204,0.0,0.0,2024-09-13,29045.2109375,640.3766483483212,29685.58758584832,28404.83428915168,30325.964234196643,27764.457640803357,-103.87610945326155,74.05923678710175,261345,5387.311210618812,14002.623951830836,25361.69156464067,71.02135863235912,29218.787115035724,29335.88924285573,29035.868575304994,29518.80778258646,28918.766447484988,29635.909910406466,28735.847907754258,0.100531582640145,-59.34603569706807,389.30609307481063,455.8012798440208,-66.49518676921019,56.96868645187484,50.811092844570446,29288.0390625,29045.2109375,28061.650234375,26982.9621484375,ABBOTINDIA.NS,2025-08-18 10:52:16.409092
231,2024-09-12 00:00:00+05:30,29295.239038120493,29467.44030540953,28985.848867033055,29282.8125,13721,0.0,0.0,2024-09-12,28964.8748046875,721.7581778627924,29686.632982550294,28243.116626824707,30408.391160413084,27521.358448961917,-103.36567760911153,80.67328375784915,265549,17661.398581550315,16156.452137133841,25357.83315523599,68.4870972657738,29245.36722414753,29504.885581262002,29023.294142885527,29726.958662524004,28763.775785771053,29986.477019638478,28541.70270450905,0.1568796584044125,-43.969930376196466,425.66169604299284,472.42507653632333,-46.76338049333049,59.41525768706393,51.035150539999016,29354.463671875,28964.8748046875,28015.2208984375,26945.45435546875,ABBOTINDIA.NS,2025-08-18 10:52:16.409092
232,2024-09-11 00:00:00+05:30,29388.78547658766,29658.825261975406,29048.82113233116,29127.130859375,9495,0.0,0.0,2024-09-11,28834.85068359375,878.6521702153246,29713.502853809077,27956.198513378426,30592.1550240244,27077.546343163103,-108.67892090815401,88.65930279326622,251828,12156.798458368112,15780.215526029724,25344.75254735966,64.41552168621124,29278.25908456052,29507.69703678988,28897.692907145632,29888.263214204766,28668.254954916272,30117.701166434126,28287.688777501386,0.1345712375010167,-52.32863678152876,452.9710153624037,484.1159216596559,-31.14490629725219,57.37726507479368,51.27644344276824,29349.2265625,28834.85068359375,27966.5204296875,26906.03759765625,ABBOTINDIA.NS,2025-08-18 10:52:16.409092
233,2024-09-10 00:00:00+05:30,29851.441091276985,29851.441091276985,29294.153920945766,29388.78515625,19074,0.0,0.0,2024-09-10,28725.2298828125,972.0655489507957,29697.295431763294,27753.164333861703,30669.36098071409,26781.098784910908,11.190553437776986,114.58017218476435,261323,24640.524787412432,16686.069792945127,25336.0094069361,74.84102662884177,29511.460056157583,29728.7661913694,29171.47902103818,30068.747226488802,28954.172885826363,30286.05336170062,28614.19185070696,0.1763499808449761,-35.80314199790163,496.40430522891984,491.9021482339689,4.502156994950951,62.25620765972381,51.292742773973266,29389.199609375,28725.2298828125,27921.12703125,26868.9510546875,ABBOTINDIA.NS,2025-08-18 10:52:16.409092
234,2024-09-09 00:00:00+05:30,29485.094254359865,29587.91224942662,29193.50499388249,29488.49609375,6438,0.0,0.0,2024-09-09,28586.29248046875,1066.252168016007,29652.544648484756,27520.040312452744,30718.796816500762,26453.788144436738,-13.470861463358853,115.88383627463172,280397,8345.072946474733,14697.4560443283,25317.102380429646,74.54508550985972,29423.30444568637,29653.103897490255,29258.696641946124,29817.711701230503,29028.89719014224,30047.511153034386,28864.289386401993,0.19664464176486504,-22.09630879070094,518.7218167259525,490.7766089852311,27.9452077407214,64.18759903975422,50.33480046605519,29367.965234375,28586.29248046875,27870.4859765625,26829.9771484375,ABBOTINDIA.NS,2025-08-18 10:52:16.409092
235,2024-09-06 00:00:00+05:30,29316.68921899434,29587.911743307995,29188.22836884214,29485.09375,8864,0.0,0.0,2024-09-06,28454.6115234375,1110.666251206042,29565.277774643542,27343.945272231456,30675.94402584958,26233.279021025417,16.65714973242968,124.9748035601144,273959,11488.380234975117,16285.551818791693,25310.523599424352,71.75473996371505,29420.41128738338,29652.59420592462,29252.910831458765,29820.094661849234,29020.727912917526,30052.277580390473,28853.22745699291,0.12902968198169362,-21.847792036013587,529.6155562869099,483.7903070500507,45.82524923685912,64.15238600960711,49.55802007133132,29383.70625,28454.6115234375,27813.0547265625,26792.19265625,ABBOTINDIA.NS,2025-08-18 10:52:16.409092
236,2024-09-05 00:00:00+05:30,29527.751250969595,29587.913341430503,29209.829507375212,29256.626953125,4071,0.0,0.0,2024-09-05,28322.64697265625,1138.2370985325208,29460.88407118877,27184.40987412373,30599.121169721293,26046.172775591207,14.826862757607474,129.27777048226264,265095,5235.424454705435,17484.844714745836,25301.439145107066,72.04908743193153,29351.456600643574,29493.083693911936,29114.999859856645,29729.540434698865,28973.372766588283,29871.167527967227,28736.916025801354,-0.0740785651862517,-29.784498484837556,535.87344524129,472.3339947408359,63.53945050045411,61.8092716671697,48.72148783457443,29442.901953125,28322.64697265625,27760.7879296875,26760.05337890625,ABBOTINDIA.NS,2025-08-18 10:52:16.409092
237,2024-09-04 00:00:00+05:30,29282.61422433514,29424.143074580305,29130.928013090648,29326.99609375,5342,0.0,0.0,2024-09-04,28247.3333984375,1122.915529215977,29370.248927653476,27124.41786922152,30493.164456869454,26001.502340005543,12.41078123163402,135.10715951015834,269166,6886.49134157416,20547.19977975593,25297.482201897565,73.77558511948013,29294.022393806983,29457.116774523318,29163.90171303366,29587.23745529664,29000.807332317327,29750.331836012974,28870.686651544005,-0.07352492137247756,-23.033296911404133,558.2666626820683,456.44913211572236,101.81753056634591,62.986758813117,47.740380972181754,29505.94375,28247.3333984375,27697.8469921875,26724.3527734375,ABBOTINDIA.NS,2025-08-18 10:52:16.409092
238,2024-09-03 00:00:00+05:30,29736.986138825858,29963.580231485073,29243.70594750127,29282.61328125,10509,0.0,0.0,2024-09-03,28152.37099609375,1107.0001636714044,29259.371159765153,27045.370832422344,30366.371323436557,25938.37066875094,54.36355349044689,167.82928309111668,263824,13526.883972208638,23962.37688930137,25292.185339903015,73.22618715958907,29496.633153412113,29749.560359322957,29029.686075339152,30216.507437395918,28776.758869428308,30469.434643306762,28309.811791355347,-0.09142864779513925,-23.389235748110586,571.547886879056,430.99474947413586,140.55313740492016,62.56917173678044,46.82593016149933,29549.3,28152.37099609375,27633.087421875,26687.7530859375,ABBOTINDIA.NS,2025-08-18 10:52:16.409092
239,2024-09-02 00:00:00+05:30,29883.791837880264,29908.448431805908,29292.62495665975,29567.201171875,12025,0.0,0.0,2024-09-02,28068.70390625,1079.9864449202253,29148.690351170226,26988.717461329776,30228.67679609045,25908.73101640955,75.73149115458197,195.38720016193068,274333,15628.663554287192,26571.25011857455,25281.839458186216,77.43214501130362,29589.424853446882,29886.224750234014,29270.401275087857,30205.24832859304,28973.601378300726,30502.04822538017,28654.5777999417,-0.08312753887913396,-15.046572059126152,584.2630965611206,395.8564651229058,188.40663143821484,67.07526286095577,45.452645188711344,29558.580859375,28068.70390625,27569.5334375,26653.8965234375,ABBOTINDIA.NS,2025-08-18 10:52:16.409092
240,2024-08-30 00:00:00+05:30,29587.912892881915,30101.756313454967,29491.259044098504,29781.072265625,18487,0.0,0.0,2024-08-30,27982.34169921875,1021.3176773861514,29003.6593766049,26961.024021832596,30024.977053991053,25939.706344446444,111.68582901891548,240.8361781620441,286358,24201.000042583215,29306.896759646388,25269.08830259611,75.58026672961958,29791.362541059487,30091.46603802047,29480.968768664006,30401.85981041595,29180.865271703024,30701.963307376933,28870.471499307543,-0.08520874188607987,-8.668363948389022,563.6623515991669,348.754807263352,214.90754433581486,70.62454718262651,44.01331290301271,29368.064453125,27982.34169921875,27501.3483984375,26616.89755859375,ABBOTINDIA.NS,2025-08-18 10:52:16.409092
241,2024-08-29 00:00:00+05:30,29543.530938099568,29736.936876224074,29408.36271923961,29571.8359375,16866,0.0,0.0,2024-08-29,27893.161328125,929.754932393625,28822.916260518625,26963.406395731374,29752.67119291225,26033.65146333775,110.57718968013974,241.27167335704587,267871,21923.85519068989,30583.37093891218,25248.353390410008,67.91428248308765,29572.378510987895,29736.394302736182,29407.820145751717,29900.95266797236,29243.80435400343,30064.968459720647,29079.245988767252,-0.08983067070299743,-4.9510626761922385,507.68375447402286,295.0279211793983,212.65583329462459,69.14111105570733,41.816124321165994,29145.16875,27893.161328125,27428.9724609375,26578.81033203125,ABBOTINDIA.NS,2025-08-18 10:52:16.409092
242,2024-08-28 00:00:00+05:30,29326.552751734882,29731.41402311834,29222.995057471144,29543.77734375,33538,0.0,0.0,2024-08-28,27814.329296875,842.6965851761131,28657.02588205111,26971.632711698887,29499.722467227224,26128.936126522774,121.31272446026142,260.8779260661081,251005,43554.1680777645,32748.249875967747,25230.150571204344,51.4542668585111,29499.395474779827,29775.79589208851,29267.376926441313,30007.814440427024,28990.97650913263,30284.214857735707,28758.957960794116,-0.10276985536064868,-5.636201280968537,448.928616917412,241.86396285574207,207.06465406166993,68.94582892968016,39.65194209031891,28982.02109375,27814.329296875,27366.3861328125,26548.34208984375,ABBOTINDIA.NS,2025-08-18 10:52:16.409092
243,2024-08-27 00:00:00+05:30,28503.021706862128,29391.743565895365,28503.021706862128,29329.017578125,27846,0.0,0.0,2024-08-27,27726.27080078125,737.9752853695776,28464.24608615083,26988.29551541167,29202.221371520405,26250.320230042096,115.07371249910894,229.34683851256852,217467,35899.373985976934,30046.770325518555,25193.731924694883,48.88897625415757,29074.594283627495,29646.166860392863,28757.445001359625,29963.316142660733,28185.872424594258,30534.8887194261,27868.723142326387,-0.11575515369577687,-6.601654050435106,369.66563387080896,190.09779934032457,179.5678345304844,67.48342251914502,37.32440032700755,28699.979296875,27726.27080078125,27309.5496875,26520.47220703125,ABBOTINDIA.NS,2025-08-18 10:52:16.409092
244,2024-08-26 00:00:00+05:30,28601.649386764475,28675.61916966128,28239.2475342773,28614.619140625,11584,0.0,0.0,2024-08-26,27644.19150390625,634.3464910348243,28278.537994941074,27009.84501287143,28912.8844859759,26375.498521836602,88.94007527668867,162.20226985164626,189621,14570.453171920137,28583.619410403957,25164.53968239959,43.23071274822149,28509.828614854527,28780.409695431754,28344.038060047773,28946.200250238508,28073.456979470546,29216.781330815735,27907.666424663792,-0.19107767792613936,-29.399611411919164,283.73458501101777,145.2058407077035,138.52874430331428,61.94832484770538,35.010874761108155,28321.431640625,27644.19150390625,27259.960078125,26490.856171875,ABBOTINDIA.NS,2025-08-18 10:52:16.409092
245,2024-08-23 00:00:00+05:30,28756.09718505436,28885.003012585414,28256.45635600467,28666.59375,26875,0.0,0.0,2024-08-23,27623.05830078125,606.7556879668579,28229.81398874811,27016.30261281439,28836.569676714964,26409.546924847535,124.61569925229388,187.9215141225832,201205,33865.00199565809,32086.91097002491,25154.378037108712,43.21753623007438,28602.684372863365,28948.91238972206,28320.365733141316,29231.23102944411,27974.13771628262,29577.459046302803,27691.819076560572,-0.20379170076460798,-27.74099226297815,239.77521576991057,110.57365463187492,129.20156113803566,62.6689332987142,33.00876957220412,28141.033984375,27623.05830078125,27223.552109375,26464.40044921875,ABBOTINDIA.NS,2025-08-18 10:52:16.409092
246,2024-08-22 00:00:00+05:30,28133.56873936329,29535.88748597535,28110.391540925357,28756.09765625,60209,0.0,0.0,2024-08-22,27571.1142578125,554.9769360856884,28126.091193898188,27016.137321726812,28681.068129983876,26461.160385641124,193.32403479873426,235.1248356249402,228080,76105.82615375785,31642.388213616614,25130.213201170674,45.89443095138228,28800.792227716902,29491.192914508447,28065.696969458455,30226.288172766894,27375.29628266691,30916.68885955844,26640.201024408463,-0.22488391422032333,-24.884734282467427,174.74223277625788,78.273264347366,96.46896842889188,63.85678568110541,30.7984764777677,27916.96484375,27571.1142578125,27194.26734375,26437.32775390625,ABBOTINDIA.NS,2025-08-18 10:52:16.409092
247,2024-08-21 00:00:00+05:30,27597.237361609008,28272.38498218684,27326.359637413523,28133.568359375,16987,0.0,0.0,2024-08-21,27499.3388671875,481.6381741752994,27980.9770413628,27017.7006930122,28462.6152155381,26536.0625188369,106.53606446123594,98.92333098868262,167871,21007.194067765846,20526.528728581303,25073.44881852451,32.26150046470573,27910.770992991787,28495.18234857005,27549.157003796736,28856.796337765103,26964.74564821847,29441.207693343367,26603.13165902342,-0.2461757831607847,-35.723162602702246,80.01791934648281,54.15602224014301,25.861897106339804,58.81476946339579,28.418160837605395,27502.211328125,27499.3388671875,27162.3457421875,26412.918828125,ABBOTINDIA.NS,2025-08-18 10:52:16.409092
248,2024-08-20 00:00:00+05:30,27861.950336940456,27861.950336940456,27279.216798072957,27436.279296875,7954,0.0,0.0,2024-08-20,27460.05595703125,458.67956655716034,27918.73552358841,27001.37639047409,28377.415090145572,26542.69682391693,47.05481525863738,39.43278446005894,150884,9592.622250904833,20406.362393785166,25059.872622316896,31.54450046004365,27525.81547729614,27772.41415651932,27189.680617651822,28108.549016163637,26943.08193842864,28355.14769538682,26606.947078784324,-0.280202684722306,-61.61113347514564,18.83940458171128,47.69054796355806,-28.851143381846782,51.8249095410307,26.981618293163432,27262.440625,27460.05595703125,27134.2948828125,26400.6283203125,ABBOTINDIA.NS,2025-08-18 10:52:16.409092
249,2024-08-19 00:00:00+05:30,27566.022364298326,27881.62677157424,27264.275733547944,27712.630859375,12331,0.0,0.0,2024-08-19,27466.3015625,459.1889215912922,27925.490484091293,27007.11264090871,28384.679405682586,26547.923719317416,58.167959616638576,56.81737050685338,158838,15021.129676993587,23109.79742950525,25054.92572956567,30.43961351912911,27619.51112149906,27974.74650945018,27357.395471423883,28236.862159525357,27002.160083472765,28592.097547476475,26740.044433397587,-0.21232254094004507,-51.3511400444381,8.89932888542171,54.90333380901975,-46.00400492359804,55.277429171626196,25.96601601446425,27097.1921875,27466.3015625,27110.5453515625,26395.461875,ABBOTINDIA.NS,2025-08-18 10:52:16.409092
250,2024-08-16 00:00:00+05:30,26830.072246040225,27629.982223750827,26738.103152185762,27546.248046875,22838,0.0,0.0,2024-08-16,27432.0560546875,465.3496025986495,27897.40565728615,26966.70645208885,28362.755259884798,26501.3568494902,-2.3454617095821657,13.350393729620235,146507,27653.30624624233,25131.964367633165,25046.321043023756,25.99977498618236,27304.777807603863,27871.452463021964,26979.5733914569,28196.656879168928,26412.8987360388,28763.33153458703,26087.694319891834,-0.25875666164639965,-57.52836787622444,-31.178260227788996,66.40433503991926,-97.58259526770826,53.547353772665865,24.872290483557435,26925.64140625,27432.0560546875,27090.492265625,26393.39150390625,ABBOTINDIA.NS,2025-08-18 10:52:16.409092
251,2024-08-14 00:00:00+05:30,27009.76965133888,27067.023033981146,26599.5340047541,26682.330078125,8129,0.0,0.0,2024-08-14,27454.53056640625,481.7211777114556,27936.251744117708,26972.809388694794,28417.97292182916,26491.08821098334,-88.67589727822033,-56.948356103540135,123669,9534.269345498857,24501.62889798087,25031.240138678244,24.38798590744794,26782.96237228675,26966.390739819402,26498.901710592356,27250.451401513797,26315.473343059704,27433.87976904645,26031.41268136531,-0.3145543113545447,-89.60270320423695,-65.63113505488946,90.79998385684632,-156.43111891173578,42.896370344504305,24.035625293850494,26785.55234375,27454.53056640625,27050.804921875,26396.024609375,ABBOTINDIA.NS,2025-08-18 10:52:16.409092
252,2024-08-13 00:00:00+05:30,26678.434592086775,27067.21899407101,26549.085715265493,26934.71484375,17460,0.0,0.0,2024-08-13,27510.1603515625,451.123300703497,27961.283652265996,27059.037050859002,28412.406952969493,26607.913750155505,-108.1406797620233,-45.792553367545594,131798,20672.031694947735,28243.468786101374,25027.687235458496,27.230259832193894,26850.339851028835,27151.593986792177,26633.460707986662,27368.47312983435,26332.20657222332,27669.727265597692,26115.327429181147,-0.2928118145901982,-80.23251541192741,-23.664013705802063,129.90776358478027,-153.57177729058233,45.74139042669367,24.034557487118658,26999.157421875,27510.1603515625,27021.5787109375,26405.35439453125,ABBOTINDIA.NS,2025-08-18 10:52:16.409092
253,2024-08-12 00:00:00+05:30,26777.060488155104,26952.565349823195,26402.28026769474,26610.037109375,21053,0.0,0.0,2024-08-12,27553.54521484375,434.2786545743394,27987.82386941809,27119.26656026941,28422.10252399243,26684.98790569507,-195.5618104387546,-72.17873652165224,114338,24625.55410456941,30136.328058889783,25018.83223357808,24.171105942554647,26654.96090896431,26907.64155023388,26357.356468105423,27205.245991092765,26104.675826835854,27457.926632362334,25807.071385976968,-0.24393893027951122,-92.28669520975109,5.569089190277737,168.30070790742585,-162.7316187171481,41.0726746288324,24.03340754140745,27097.7640625,27553.54521484375,26986.2567578125,26411.2245703125,ABBOTINDIA.NS,2025-08-18 10:52:16.409092
254,2024-08-09 00:00:00+05:30,26924.99991930392,27357.131759312015,26759.357695813407,26854.876953125,26269,0.0,0.0,2024-08-09,27558.5203125,423.3329444162289,27981.85325691623,27135.18736808377,28405.186201332457,26711.854423667544,-245.3612940635181,-26.847348564906742,135391,31009.391783434938,31514.02154746987,25009.87310177013,25.325361455274447,26990.455469416807,27221.553243020207,26623.7791795216,27588.229532915415,26392.6814059182,27819.327306518815,26026.005116022992,-0.2747077129780402,-94.7932667404801,74.88777675037272,208.98361258671287,-134.09583583634014,43.70604816861683,24.225155759730484,27297.6109375,27558.5203125,26959.4359765625,26411.53171875,ABBOTINDIA.NS,2025-08-18 10:52:16.409092
255,2024-08-08 00:00:00+05:30,27911.264238345306,29095.767006905473,26731.791029671287,26845.802734375,84434,0.0,0.0,2024-08-08,27568.72900390625,407.6425383634269,27976.371542269677,27161.086465542823,28384.014080633104,26753.443927179396,-119.97340913881227,52.075916337528824,109122,99636.92125671604,31640.178988478598,24996.81955586272,34.54481916823124,27557.786923650583,28383.78281762988,26019.806840395693,29921.76290088477,25193.810946416397,30747.758794864065,23655.830863161507,-0.25187449896320036,-95.17712084210328,138.38902429132213,242.5075715457979,-104.11854725447577,43.58161953537211,23.444208873361127,27494.626953125,27568.72900390625,26931.1805078125,26405.42138671875,ABBOTINDIA.NS,2025-08-18 10:52:16.409092
256,2024-08-07 00:00:00+05:30,27659.17615341308,28058.21809089184,27556.01334796945,27750.35546875,16507,0.0,0.0,2024-08-07,27591.5369140625,376.648316864899,27968.1852309274,27214.8885971976,28344.8335477923,26838.240280332702,-19.968207195242776,86.64649653078834,193556,20135.538216315268,14640.99342141923,24953.793828213536,48.25518505181394,27788.19563587043,28020.37792377141,27518.17318084902,28290.400378792823,27285.990892948037,28522.582666693805,27015.968437926625,-0.05554698505306679,-44.41411506912003,218.48673360637986,268.5372083594168,-50.05047475303695,54.798362957787965,22.603189149578743,27724.959375,27591.5369140625,26898.506953125,26401.69478515625,ABBOTINDIA.NS,2025-08-18 10:52:16.409092
257,2024-08-06 00:00:00+05:30,27615.38472343333,28158.81604424089,27318.51933765642,27427.748046875,9090,0.0,0.0,2024-08-06,27581.5033203125,374.8634870388366,27956.366807351336,27206.63983327366,28331.23029439017,26831.776346234827,-51.2269964823502,69.4254767544448,177049,10959.24347088422,13267.35722269522,24941.01324425757,46.82490867159382,27635.02780959077,27951.53628152512,27111.23957494065,28475.324516175242,26794.7311030063,28791.832988109592,26270.94286835618,-0.011321475270637905,-62.2879676473787,228.64092951665953,281.049827047676,-52.408897531016464,50.58654909757454,23.513849229837543,27773.92734375,27581.5033203125,26853.8021875,26390.91958984375,ABBOTINDIA.NS,2025-08-18 10:52:16.409092
258,2024-08-05 00:00:00+05:30,27566.12244445433,28142.100485909657,27418.132795304988,27609.271484375,12017,0.0,0.0,2024-08-05,27567.419140625,386.06851621125764,27953.487656836256,27181.350624413742,28339.556173047513,26795.282108202486,-8.448806891671019,85.92926171257807,186139,14584.030004927125,13844.38566064797,24934.7392249835,53.281274717380576,27723.16825519655,28028.20371508811,27304.23602448344,28447.13594580122,26999.20056459188,28752.17140569278,26580.268333878772,0.0214599342469969,-52.230780672210784,269.94906386649745,294.15205143043005,-24.202987563932595,53.17527910675206,24.49456008550087,27844.89921875,27567.419140625,26814.5365234375,26382.2675,ABBOTINDIA.NS,2025-08-18 10:52:16.409092
259,2024-08-02 00:00:00+05:30,27997.06962022426,28308.678887628328,27556.209715329762,27839.95703125,7719,0.0,0.0,2024-08-02,27539.4828125,402.73588418077486,27942.218696680775,27136.746928319222,28344.954580861548,26734.01104413845,43.317833804424595,116.76345257220432,198156,9446.178377231663,13659.47457457818,24925.788723608028,64.26550993412428,27901.615211402695,28247.02070747563,27494.551535177063,28654.08438370126,27149.14603910413,28999.489879774195,26742.082362878496,0.03688679417578712,-39.44979927750389,300.8685478808111,300.2027983214132,0.6657495593979093,56.59297847817973,25.289117037382773,27860.53125,27539.4828125,26770.0371875,26372.27607421875,ABBOTINDIA.NS,2025-08-18 10:52:16.409092
260,2024-08-01 00:00:00+05:30,28009.89138213208,28225.6866679468,27895.188133876105,27997.46484375,4779,0.0,0.0,2024-08-01,27503.84755859375,406.26538867040927,27910.11294726416,27097.58216992334,28316.37833593457,26691.31678125293,82.5256606117571,144.4674679573703,205875,5881.421153906749,14712.798623914809,24919.51083345162,55.11957494941723,28039.4465485243,28183.7049631725,27853.206429101803,28369.945082594997,27708.948014453606,28514.203497243194,27522.707895031108,0.05203148759863072,-28.162356125372447,313.17721146628537,300.0363609315637,13.140850534721665,58.99705964862851,25.783476688432927,27930.930859375,27503.84755859375,26722.60796875,26362.26787109375,ABBOTINDIA.NS,2025-08-18 10:52:16.409092
261,2024-07-31 00:00:00+05:30,27865.700035462192,28386.545546394456,27824.473439416626,27995.1953125,14155,0.0,0.0,2024-07-31,27445.54951171875,415.26113989632313,27860.810651615073,27030.288371822426,28276.071791511396,26615.027231926102,92.1202661580343,151.88926236491932,201096,17418.867523933954,16920.642991416822,24915.400123583087,55.061842887159635,28068.73809943703,28313.00275945743,27750.9306524796,28630.81020641486,27506.6659924592,28875.07486643526,27188.85854550177,0.051829702031675015,-28.277617228851053,308.6787884398618,296.7511482978833,11.927640141978543,58.973736800744916,25.36954597992127,27856.98046875,27445.54951171875,26676.7448828125,26356.6214453125,ABBOTINDIA.NS,2025-08-18 10:52:16.409092
262,2024-07-30 00:00:00+05:30,27762.288847125288,27911.26476047317,27552.46122953551,27782.607421875,17382,0.0,0.0,2024-07-30,27388.17919921875,414.5875861407703,27802.76678535952,26973.59161307798,28217.35437150029,26559.00402693721,31.352790429326532,111.8147385617247,186941,21227.521458797288,16796.086858287537,24903.168876464424,50.20392902439459,27748.777803961228,27945.094378386944,27586.290847449287,28107.581334898885,27389.97427302357,28303.8979093246,27227.48731651163,0.014032045203830208,-39.07417042001195,298.46600690884225,293.7692382623886,4.69676864645362,56.83876195127828,24.923774447677946,27722.059375,27388.17919921875,26631.951875,26353.1127734375,ABBOTINDIA.NS,2025-08-18 10:52:16.409092
263,2024-07-29 00:00:00+05:30,28256.40564264308,28304.58616665509,27447.719471701967,27687.431640625,11317,0.0,0.0,2024-07-29,27341.921875,419.8413180611373,27761.76319306114,26922.08055693886,28181.604511122274,26502.239238877726,53.74941644793779,123.06877058982872,169559,13773.379948053656,15688.228208160097,24889.05748766499,57.73496536367253,27813.245759660687,28178.772047619408,27321.905352666283,28670.112454613813,26956.379064707562,29035.638742572533,26465.038657713158,-0.009503480923325269,-43.90779655814664,301.805025738875,292.5950461007752,9.209979638099753,55.88433697166282,25.20101178188089,27635.119921875,27341.921875,26592.4042578125,26353.43916015625,ABBOTINDIA.NS,2025-08-18 10:52:16.409092
264,2024-07-26 00:00:00+05:30,27962.84715929121,28551.99143920312,27723.972917542877,28191.955078125,16474,0.0,0.0,2024-07-26,27300.3869140625,424.9208385938547,27725.307752656354,26875.466075468645,28150.22859125021,26450.54523687479,149.99199001948864,167.85876583183665,180876,20415.0664151053,16166.940273186705,24880.099978981885,62.40633804180562,28155.973144957,28587.97337237112,27759.954850710878,28983.991666617243,27327.954623296755,29415.991894031366,26931.936329050634,0.0030903581007528094,-18.284916002053865,310.88055064075525,290.29255119125025,20.58799944950499,62.709785963827755,25.499575064868676,27609.871875,27300.3869140625,26552.2012890625,26355.30404296875,ABBOTINDIA.NS,2025-08-18 10:52:16.409092
265,2024-07-25 00:00:00+05:30,27320.589978131793,27812.539099916514,27051.636627980155,27627.712890625,7455,0.0,0.0,2024-07-25,27221.63583984375,395.9516636115907,27617.587503455343,26825.68417623216,28013.539167066934,26429.73251262057,27.793716815531344,92.44545480970338,164402,9053.554550319306,15104.908737707055,24864.59579545589,56.529461229743646,27497.29620617389,27942.955784367627,27182.053312431268,28258.19867811025,26736.393734237532,28703.858256303985,26421.15084049491,-0.07492039193991783,-32.05128333132266,268.10174700163407,285.145551328874,-17.04380432723991,57.2930098173005,25.100534749700106,27377.025,27221.63583984375,26509.0526953125,26350.065,ABBOTINDIA.NS,2025-08-18 10:52:16.409092
266,2024-07-24 00:00:00+05:30,27418.1317119702,27507.783470345228,27175.510834231183,27320.58984375,6345,0.0,0.0,2024-07-24,27183.837890625,391.20070063709505,27575.038591262095,26792.637189987905,27966.23929189919,26401.43648935081,-14.821489356398022,75.68563653176713,156947,7619.881870264286,16617.747284553992,24858.729735828172,57.15983826375403,27334.628049442137,27493.74526465309,27161.472628539046,27666.900685556182,27002.355413328092,27826.017900767136,26829.199992425,-0.01998433978692829,-52.025910584684695,264.8390737325826,289.40650241068397,-24.56742867810135,53.90908347391209,25.93704779786757,27450.630078125,27183.837890625,26483.0475390625,26352.891171875,ABBOTINDIA.NS,2025-08-18 10:52:16.409092
267,2024-07-23 00:00:00+05:30,26929.437690152656,27664.697291976852,26753.7344235185,27347.91015625,8840,0.0,0.0,2024-07-23,27123.28740234375,457.0916811072667,27580.37908345102,26666.195721236483,28037.470764558286,26209.104040129216,-40.580063020929714,69.31999780154224,163292,10626.810843982643,18867.213638126417,24854.273378938313,54.25096170469282,27255.447290581786,27757.16015764507,26846.19728918672,28166.410159040137,26344.484422123434,28668.12302610342,25935.234420728368,-0.001158211291923987,-50.24905578923532,286.8961167586458,295.5483595802093,-8.652242821563505,54.26424310682005,27.497538381548612,27545.497265625,27123.28740234375,26449.3948828125,26360.2274609375,ABBOTINDIA.NS,2025-08-18 10:52:16.409092
268,2024-07-22 00:00:00+05:30,27023.577478921277,27664.69901940653,26747.07881355345,27561.19140625,20873,0.0,0.0,2024-07-22,27060.3427734375,508.33792404193105,27568.68069747943,26552.00484939557,28077.01862152136,26043.66692535364,-14.943591962245392,79.0326209985095,172132,25287.704101216834,20927.31433666236,24847.968640402767,60.78940745999018,27324.32307973666,27901.56734591987,26983.94714006679,28241.94328558974,26406.70287388358,28819.18755177295,26066.32693421371,0.007104710668314669,-36.37769865003944,308.0982680873385,297.7114202856001,10.386847801738384,56.98577127991479,29.178066702435885,27636.39765625,27060.3427734375,26399.4827734375,26369.9694921875,ABBOTINDIA.NS,2025-08-18 10:52:16.409092
269,2024-07-19 00:00:00+05:30,27967.086861219475,28009.8910941367,26847.086108221658,27027.720703125,16887,410.0,0.0,2024-07-19,26987.52890625,536.3472431257578,27523.87614937576,26451.181663124244,28060.223392501517,25914.834419998486,-14.48183301602513,78.60866732289054,151259,20062.65784144234,19837.21689552374,24831.67371382619,54.684687886689474,27294.899301827787,27742.712495433916,26579.907509518875,28457.70428774283,26132.094315912746,28905.517481348958,25417.102523603833,-0.08460063197706026,-71.07349420799315,309.57031951441604,295.1147083351655,14.455611179250525,51.31459631262012,30.987866432622184,27466.0671875,26987.52890625,26352.5869921875,26378.159140625,ABBOTINDIA.NS,2025-08-18 10:52:16.409092
270,2024-07-18 00:00:00+05:30,27941.584427851394,28120.522476912167,27805.522847451528,27995.73828125,11877,0.0,0.0,2024-07-18,26944.04033203125,567.2862868905981,27511.32661892185,26376.754045140653,28078.612905812446,25809.467758250055,148.00256722276364,151.1049595200822,168146,14615.88852766625,19780.85665904409,24820.95132543051,62.37553346289351,27973.927868537896,28142.332889624264,27827.333260163625,28288.927497998535,27658.928239077257,28457.332519084903,27512.333630702986,-0.040524261541084336,-8.115697668488037,359.30331339905024,291.50080554035287,67.80250785869737,65.96996745889274,32.7176501835799,27472.333203125,26944.04033203125,26312.4337890625,26394.94673828125,ABBOTINDIA.NS,2025-08-18 10:52:16.409092
271,2024-07-16 00:00:00+05:30,27802.41302301763,27976.440599360478,27586.481198303474,27794.92578125,12443,0.0,0.0,2024-07-16,26852.3671875,535.6486197638899,27388.01580726389,26316.71856773611,27923.66442702778,25781.06994797222,151.04343314258517,139.83085276648214,156269,15202.57520900752,21072.09869188855,24810.011442023468,67.04070745663535,27785.949192971315,27985.417187639156,27595.457786582152,28175.90859402832,27395.98979191431,28375.37658869616,27205.49838552515,-0.07338326023078427,-12.001093850961608,322.19756206632155,274.55017857567856,47.647383490642994,63.98885486326521,31.943974954068914,27333.577734375,26852.3671875,26253.66109375,26402.16984375,ABBOTINDIA.NS,2025-08-18 10:52:16.409092
272,2024-07-15 00:00:00+05:30,27124.967711778292,27951.35561697584,26848.85692933582,27802.412109375,30368,0.0,0.0,2024-07-15,26784.746875,494.15412568368,27278.90100068368,26290.59274931632,27773.055126367362,25796.43862363264,138.89242531088954,120.65080164543738,168712,37112.92705472724,22539.47956260881,24799.196629469927,69.07187795915148,27534.208218562224,28219.55950778863,27117.060820148607,28636.706906202246,26431.709530922202,29322.05819542865,26014.562132508585,-0.09153887492890206,-8.08716887492079,289.58616358630024,262.6383327030178,26.94783088328245,64.11813728835368,31.313848018335612,27284.529296875,26784.746875,26206.1680859375,26407.95310546875,ABBOTINDIA.NS,2025-08-18 10:52:16.409092
273,2024-07-12 00:00:00+05:30,27027.797173075345,27124.776232186727,26582.956629102384,26709.5390625,40052,0.0,0.0,2024-07-12,26729.7240234375,432.2669355098618,27161.99095894736,26297.457087927636,27594.257894457223,25865.190152417774,-116.9567982535247,49.322521371853306,138344,47023.73719299642,18896.117689579198,24772.40358504958,68.32091851364555,26805.757307929704,27028.557986757023,26486.73838367268,27347.576911014046,26263.93770484536,27570.377589841366,25944.918780588338,-0.18740384216375447,-55.911763881688735,242.708732253559,255.9013749821972,-13.19264272863822,50.59368791101193,30.66985047593146,27153.259765625,26729.7240234375,26168.184375,26415.44650390625,ABBOTINDIA.NS,2025-08-18 10:52:16.409092
274,2024-07-11 00:00:00+05:30,27387.661506265977,27416.58508339386,27013.11333522336,27059.05078125,5166,0.0,0.0,2024-07-11,26736.72392578125,433.0556751263745,27169.779600907626,26303.668250654875,27602.835276034,25870.612575528503,35.81861743160362,89.58739363039855,178396,6144.598355378582,11864.212813724891,24749.339089207922,79.55793253664119,27162.91639995574,27312.719464688118,26909.247716517617,27566.38814812624,26759.444651785238,27716.19121285862,26505.775968347116,-0.12785297081680305,-36.69600705401546,286.6454462659458,259.19953566435674,27.44591060158905,56.970457711473784,31.361401005689974,27221.4609375,26736.72392578125,26148.2217578125,26429.1762109375,ABBOTINDIA.NS,2025-08-18 10:52:16.409092
275,2024-07-10 00:00:00+05:30,27658.71669278294,27752.92529244257,27086.272178139785,27301.9609375,6942,0.0,0.0,2024-07-10,26723.482421875,426.68314797545173,27150.16556985045,26296.79927389955,27576.848717825902,25870.116125924098,132.0659697859456,118.5491015614168,183562,8331.150712834982,13294.116428311467,24745.78654567305,83.24235309465115,27380.38613602745,27674.500093915114,27007.846979612328,28047.039250330236,26713.733021724664,28341.1532082179,26341.193865309542,-0.16411412027525127,-23.849544670029516,304.1330328705735,252.33805801395948,51.79497485661403,62.014753289268185,30.52819794650367,27235.101171875,26723.482421875,26118.226796875,26435.45287109375,ABBOTINDIA.NS,2025-08-18 10:52:16.409092
276,2024-07-09 00:00:00+05:30,27086.663286539046,27659.593950631497,27086.663286539046,27549.68359375,13849,0.0,0.0,2024-07-09,26718.5021484375,420.1063528298502,27138.60850126735,26298.39579560765,27558.7148540972,25878.289442777797,187.32543158600595,132.4500718036137,190504,16771.10088482903,14534.857857180585,24740.49233914096,83.59659801703461,27431.980276973514,27777.297267407983,27204.36660331553,28004.910941065966,26859.049612881063,28350.227931500434,26631.43593922308,-0.17208240876989625,-6.114485269932076,297.9913968038345,239.38931429980593,58.60208250402857,67.69030782524888,29.331725318305274,27141.009765625,26718.5021484375,26075.7008984375,26435.46890625,ABBOTINDIA.NS,2025-08-18 10:52:16.409092
277,2024-07-08 00:00:00+05:30,27318.926119953187,27318.926119953187,26812.981892323543,27146.064453125,6982,0.0,0.0,2024-07-08,26699.01884765625,387.2833116049107,27086.302159261162,26311.73553605134,27473.585470866074,25924.452224446428,83.82418907539567,101.52227299284962,176655,8331.309361168782,13975.797100268472,24728.837033432683,78.08468518414705,27092.657488467245,27372.333084610946,26866.388856981303,27598.601716096888,26586.7132608376,27878.27731224059,26360.44462935166,-0.14511800378227543,-13.50730622998069,261.2162921058334,224.7387936737988,36.47749843203462,62.49752535143458,28.182103420739416,27000.630859375,26699.01884765625,26023.9320703125,26434.705234375,ABBOTINDIA.NS,2025-08-18 10:52:16.409092
278,2024-07-05 00:00:00+05:30,27209.455603026574,27219.420869491896,26936.407681650606,27050.544921875,8337,0.0,0.0,2024-07-05,26678.26689453125,372.921656776064,27051.188551307314,26305.345237755188,27424.110208083377,25932.423580979124,80.76471547168366,103.70303385672531,169673,9913.16558441531,15386.919035043393,24723.770269422806,74.03584679642309,27068.791157672502,27201.174633694398,26918.161445853108,27351.804345513792,26785.77796983121,27484.18782153569,26635.148258011817,-0.10436950916254345,-19.94162862276974,249.92556142364265,215.6194190657901,34.306142357852536,61.124494448303054,27.492839668137826,26942.91015625,26678.26689453125,25975.9208984375,26442.5384375,ABBOTINDIA.NS,2025-08-18 10:52:16.409092
279,2024-07-04 00:00:00+05:30,27027.7455072633,27346.584644805775,26784.01044671493,27127.251953125,10482,0.0,0.0,2024-07-04,26638.17978515625,373.8878024934571,27012.067587649708,26264.291982662795,27385.955390143165,25890.40418016934,93.83884254974289,110.82465872622625,178010,12499.0353743591,16755.357397700413,24717.93197754268,73.3356375535114,27085.949014881902,27387.887583048876,26825.31338495803,27648.52321297275,26523.374816791056,27950.461781139722,26262.739186867184,-0.13269312743229786,-14.774541196801616,241.09048034873558,207.04288347632695,34.04759687240863,62.84015196833083,26.275708178343923,26904.14765625,26638.17978515625,25935.1196875,26447.35626953125,ABBOTINDIA.NS,2025-08-18 10:52:16.409092
280,2024-07-03 00:00:00+05:30,26930.524244682667,27066.002874060305,26716.052651590937,26831.50390625,5417,0.0,0.0,2024-07-03,26617.316015625,356.3932587220969,26973.709274347097,26260.922756902906,27330.102533069195,25904.529498180807,62.86242945725624,91.99362985526626,167528,6388.963277745382,17819.437903535738,24710.30710526026,70.0932080338398,26871.186477300416,27026.320303009896,26676.370080540528,27221.136699769784,26521.23625483105,27376.270525479264,26326.41985807116,-0.0959816316739448,-33.43457577266187,218.57153285929235,198.5309842582248,20.04054860106754,58.688994894203304,24.964951189335107,26802.083984375,26617.316015625,25904.2740625,26448.98134765625,ABBOTINDIA.NS,2025-08-18 10:52:16.409092
281,2024-07-02 00:00:00+05:30,27044.517623984277,27318.44092123895,26796.308815495566,26847.7890625,19615,0.0,0.0,2024-07-02,26553.83486328125,423.0700281021522,26976.9048913834,26130.764835179096,27399.974919485554,25707.694807076943,98.61677437576881,109.90422611319153,172945,23148.528026826054,20677.056559983324,24706.832186868447,65.70293772797774,26987.512933078175,27178.717050660784,26656.5849449174,27509.64503882156,26465.38082733479,27700.84915640417,26134.452839174013,-0.01213828517799498,-45.16494368756232,215.5554678436929,193.52084710795788,22.034620735735018,59.026244958399595,23.975300332164043,26810.133984375,26553.83486328125,25875.6878125,26453.513359375,ABBOTINDIA.NS,2025-08-18 10:52:16.409092
282,2024-07-01 00:00:00+05:30,27010.342701279398,27010.39207188078,26764.80940853428,26857.4609375,6103,0.0,0.0,2024-07-01,26472.49638671875,510.8530228197661,26983.349409538518,25961.643363898984,27494.202432358285,25450.790341079217,101.21008773226121,103.9512069481835,192560,7205.01457143748,20059.18869327264,24694.056481102274,66.06796780634188,26877.55413930502,26990.29887007576,26744.71620672926,27123.13680265152,26631.97147595852,27235.88153342226,26499.13354338276,0.011629888024610008,-44.62691124219078,206.82415758177012,188.01219192402408,18.811965657746043,59.21380444731902,22.629838613417906,26662.4921875,26472.49638671875,25845.554765625,26436.7143359375,ABBOTINDIA.NS,2025-08-18 10:52:16.409092
283,2024-06-28 00:00:00+05:30,26617.518560315275,27172.558065414676,26617.518560315275,26856.732421875,11850,0.0,0.0,2024-06-28,26388.05419921875,578.9163655512862,26966.970564770036,25809.137833667464,27545.88693032132,25230.22146811618,109.74813066115023,111.37626123276748,186457,13989.366988767919,23272.732223731433,24690.032306228757,71.15061655100592,26882.269682534985,27147.020804754695,26591.981299655294,27437.309187634386,26327.230177435584,27702.060309854096,26036.941794555893,0.013560509115637711,-44.667437514832855,191.55920209367468,183.30920050958755,8.25000158408713,59.204717551857016,21.648148261002586,26508.803515625,26388.05419921875,25816.775078125,26420.01255859375,ABBOTINDIA.NS,2025-08-18 10:52:16.409092
284,2024-06-27 00:00:00+05:30,26950.891539079377,27091.912968117722,26463.954984593507,26616.93359375,39732,0.0,0.0,2024-06-27,26308.66748046875,618.7560262837795,26927.42350675253,25689.91145418497,27546.17953303631,25071.15542790119,73.35179652770357,99.47582915840167,174607,46486.3008604124,25593.573532472306,24682.17842550177,72.32016881159299,26724.26718215374,26984.579379713974,26356.62139618976,27352.225165677955,26096.309198629526,27612.53736323819,25728.663412665544,0.012171844890682874,-58.00710018554808,169.18476892283434,181.24670011356577,-12.061931190731428,56.230185330999696,20.590943266093777,26358.43984375,26308.66748046875,25789.4683203125,26399.445703125,ABBOTINDIA.NS,2025-08-18 10:52:16.409092
285,2024-06-26 00:00:00+05:30,26109.62942200628,27003.92660250363,26109.62942200628,26871.75390625,27461,0.0,0.0,2024-06-26,26249.9259765625,643.232592954162,26893.15856951666,25606.693383608337,27536.391162470823,24963.460790654175,44.39464514723963,98.04331733583324,214339,32436.86717640014,20370.391700487282,24658.374740317595,62.181492934058404,26661.76997691997,27213.910531833662,26319.613351336313,27556.06715741732,25767.472796422622,28108.207712331012,25425.316170838963,0.08865980688426728,-43.83181402182952,161.59185999789042,184.2621829112486,-22.670322913358177,60.58936515302342,19.57163004397328,26266.64296875,26249.9259765625,25771.3305859375,26381.8543359375,ABBOTINDIA.NS,2025-08-18 10:52:16.409092
286,2024-06-25 00:00:00+05:30,26201.358127927666,26261.29593733369,25886.795237682694,26109.580078125,26356,0.0,0.0,2024-06-25,26166.94453125,665.4581995502167,26832.402730800215,25501.486331699783,27497.860930350435,24836.028132149564,-78.54436143222046,29.883825207158505,186878,30248.64511859637,17353.772831509068,24639.392008814128,62.77762450085679,26085.890417713792,26284.98559774489,25910.484898093895,26460.391117364787,25711.389718062797,26659.486297395884,25535.9841984429,0.022718582289122578,-74.0668906625342,124.32633430992792,189.92976363958815,-65.60342932966023,49.77538584163666,18.60066271506205,26124.747265625,26166.94453125,25759.318828125,26356.7826953125,ABBOTINDIA.NS,2025-08-18 10:52:16.409092
287,2024-06-24 00:00:00+05:30,26006.914266278814,26133.253637905025,25862.053323262906,26089.017578125,8029,0.0,0.0,2024-06-24,26137.22138671875,681.2440860500435,26818.465472768792,25455.977300668706,27499.709558818835,24774.733214618664,-103.75278254943495,25.860780789371354,160522,9207.58473115967,14130.05475973724,24627.19007923176,63.46244320230776,26028.10817976431,26194.163036265712,25922.962721623593,26299.30849440643,25756.90786512219,26465.36335090783,25651.762406981474,-0.0003804117329670651,-56.45921307409537,149.7940104897716,206.33062097200317,-56.536610482231566,49.42779319089451,18.82014228436061,26191.33515625,26137.22138671875,25750.8585546875,26344.561875,ABBOTINDIA.NS,2025-08-18 10:52:16.409092
288,2024-06-21 00:00:00+05:30,26248.996464403634,26675.31540027685,26036.080051732628,26104.9140625,17463,0.0,0.0,2024-06-21,26105.99375,697.6860643670826,26803.679814367086,25408.307685632917,27501.365878734166,24710.621621265836,-84.62216057647885,59.15342418244993,168551,20038.613215368743,15360.672266881633,24623.484695875242,67.95683753216943,26272.10317150316,26508.126291273693,25868.89094272947,26911.338520047382,25632.86782295894,27147.361639817915,25229.65559418525,-0.014986893189680571,-55.88780028098597,182.15584195502743,220.46477359256104,-38.30893163753362,49.67466885868962,19.318354078857066,26313.92265625,26105.99375,25742.41875,26331.40724609375,ABBOTINDIA.NS,2025-08-18 10:52:16.409092
289,2024-06-20 00:00:00+05:30,26162.227371466193,26201.359271677138,26030.734464546178,26157.94921875,6370,0.0,0.0,2024-06-20,26069.96328125,716.1086762374555,26786.071957487453,25353.854605012544,27502.18063372491,24637.745928775086,-124.15523054423362,45.22045514607648,186014,7324.359717429593,14191.187029759854,24615.27217871564,61.61918443956589,26130.01431832444,26229.294172102702,26058.66936497174,26300.6391254554,25959.38951119348,26399.918979233662,25888.04455784078,0.04495697926968474,-53.981406008459516,219.2632929917163,230.04200650194443,-10.77871351022813,50.45528118611509,19.390564052706452,26462.847265625,26069.96328125,25738.259609375,26321.8425390625,ABBOTINDIA.NS,2025-08-18 10:52:16.409092
290,2024-06-19 00:00:00+05:30,26517.280396347218,26517.280396347218,26104.13581090997,26162.275390625,10863,0.0,0.0,2024-06-19,26035.490625,728.14382107887,26763.634446078868,25307.34680392113,27491.778267157737,24579.20298284226,-117.74976415374452,64.18626378959847,192384,12492.571194425185,15907.89385784242,24612.14631501227,59.96062635669458,26261.230532627396,26418.32525434482,26005.180668907575,26674.375118064643,25848.08594719015,26831.46983978207,25592.036083470328,0.017470987727699696,-53.825898042279725,258.226744567226,232.73668487950144,25.49005968772454,50.51545733789159,20.455602032133346,26590.1015625,26035.490625,25732.44671875,26310.4884375,ABBOTINDIA.NS,2025-08-18 10:52:16.409092
291,2024-06-18 00:00:00+05:30,26590.247771662176,26692.08793451708,26362.408130767348,26442.51953125,8759,0.0,0.0,2024-06-18,26012.5923828125,731.1416572650769,26743.73404007758,25281.450725547424,27474.875697342657,24550.309068282346,-26.08475321258942,98.78618432139366,203247,10180.846767716486,16761.72452369673,24606.771339183982,64.93113677867171,26499.00519884481,26635.602266922273,26305.92246317254,26828.685002594542,26169.32539509508,26965.282070672005,25976.24265942281,0.030924274379012393,-43.75228155139596,303.77318087594904,226.36416995757028,77.40901091837875,54.41577659053324,21.414724505100455,26798.117578125,26012.5923828125,25728.648203125,26299.02498046875,ABBOTINDIA.NS,2025-08-18 10:52:16.409092
292,2024-06-14 00:00:00+05:30,26930.52387390184,27006.30774742165,26561.516604016957,26701.955078125,10397,0.0,0.0,2024-06-14,25978.24365234375,725.9996257535871,26704.243278097336,25252.244026590164,27430.242903850925,24526.244400836575,32.073101857207675,140.30156857846407,212006,12203.310053403287,18406.94396269179,24601.624478289457,65.69127209537906,26756.59314318787,26951.669682358784,26506.87853895409,27201.384286592565,26311.801999783176,27396.46082576348,26062.087395549395,0.04912747096468985,-34.426647846823485,329.8839956206248,207.01191722797557,122.8720783926492,58.28434151483801,21.76834157501305,26941.6171875,25978.24365234375,25730.298046875,26285.496015625,ABBOTINDIA.NS,2025-08-18 10:52:16.409092
293,2024-06-13 00:00:00+05:30,26913.899284117993,26942.676648278786,26739.53181339591,26849.537109375,5056,0.0,0.0,2024-06-13,25933.4072265625,706.3771267727764,26639.784353335275,25227.030099789725,27346.161480108054,24520.652973016946,49.657245066575726,166.16279238689282,222403,5967.197453730915,19957.85244001391,24594.611245742864,69.9243429156289,26843.9151903499,26948.29856730389,26745.153732421015,27047.060025232775,26640.770355467026,27151.443402186764,26542.00889753814,0.07965118554584757,-29.121684894011977,332.7650379784609,176.29389762981327,156.47114034864762,60.558420171462465,21.5904148329782,26947.43125,25933.4072265625,25731.3947265625,26273.29998046875,ABBOTINDIA.NS,2025-08-18 10:52:16.409092
294,2024-06-12 00:00:00+05:30,27321.407611752955,27659.691194956875,26711.775591614765,26794.220703125,18728,0.0,0.0,2024-06-12,25874.79453125,674.2637642367408,26549.058295486742,25200.53076701326,27223.322059723483,24526.26700277652,76.67354889778152,217.2958886682044,217347,22057.641391278896,23455.51618658466,24590.94376666545,72.4113066078967,27055.229163232212,27398.68273484966,26450.76713150755,28003.14476657432,26107.313559890103,28346.59833819177,25502.85152816544,0.062274929495486325,-31.110080658411114,316.8771567380609,137.17611254265137,179.7010441954095,60.01539953967664,20.879268889712584,26827.284375,25874.79453125,25721.752265625,26255.14083984375,ABBOTINDIA.NS,2025-08-18 10:52:16.409092
295,2024-06-11 00:00:00+05:30,27160.063853451327,27553.716532867315,27024.828286373548,27202.35546875,21694,0.0,0.0,2024-06-11,25836.809765625,640.2842076604273,26477.093973285428,25196.52555796457,27117.378180945852,24556.241350304146,110.53122310773402,275.1534268504823,236075,25940.16224403831,23804.9848854111,24577.58971312621,75.00610073077475,27260.300095996954,27495.77190562036,26966.883659126594,27789.18834249072,26731.411849503187,28024.660152114127,26437.995412632827,0.09293631940625231,-13.130148790844427,297.1825130876532,92.25085149379896,204.93166159385424,66.2654074264026,20.113419412349614,26810.435546875,25836.809765625,25705.2487890625,26233.55607421875,ABBOTINDIA.NS,2025-08-18 10:52:16.409092
296,2024-06-10 00:00:00+05:30,26789.35828978314,27251.260147100995,26736.12918542454,27160.017578125,23001,0.0,0.0,2024-06-10,25793.06474609375,567.8703839177389,26360.93513001149,25225.19436217601,26928.80551392923,24657.32397825827,124.02814175726894,267.2334139475232,214381,27460.175304459142,23271.190545754296,24559.03122045194,69.78812712668852,27049.13563688351,27362.142088342483,26847.011126666028,27564.266598559967,26534.004675207056,27877.27305001894,26331.880164989572,0.176662368724391,-3.8441708539208226,227.26954523750828,41.01793609533541,186.25160914217287,65.92355410227339,18.383274592381785,26482.340625,25793.06474609375,25680.3881640625,26200.788828125,ABBOTINDIA.NS,2025-08-18 10:52:16.409092
297,2024-06-07 00:00:00+05:30,26331.296306620974,26848.322346940866,26298.5806869168,26731.025390625,21939,0.0,0.0,2024-06-07,25716.96171875,468.29610675718334,26185.257825507186,25248.665611992816,26653.553932264367,24780.369505235634,125.32099264926102,218.7859649413666,191380,25778.579795028898,22223.944356078086,24539.385621992962,67.3770211446753,26625.976141494222,26953.371596071644,26403.62993604758,27175.717801518287,26076.234481470157,27503.11325609571,25853.888276023514,0.13648958775126324,-20.946770671327396,138.4859234267169,-5.54496619020782,144.03088961692472,62.332309713964804,16.907643935938385,26094.541015625,25716.96171875,25663.4919140625,26164.77630859375,ABBOTINDIA.NS,2025-08-18 10:52:16.409092
298,2024-06-06 00:00:00+05:30,26736.079170472414,26917.495240633478,26135.246554932346,26248.802734375,15980,0.0,0.0,2024-06-06,25623.02568359375,441.85915269167,26064.884836285422,25181.16653090208,26506.74398897709,24739.30737821041,160.53657451904928,197.08736404552957,169441,18437.95772192608,21335.285496340377,24523.4816125873,64.44830512201797,26433.848176646938,26732.44979836153,25950.201112660397,27216.09686234807,25651.599490945806,27514.69848406266,25167.952426959266,0.07700840781622584,-41.51621172090974,64.96694240112993,-41.552688594439005,106.51963099556893,57.676615784192236,15.903633493695448,25782.059375,25623.02568359375,25666.9617578125,26127.47509765625,ABBOTINDIA.NS,2025-08-18 10:52:16.409092
299,2024-06-05 00:00:00+05:30,25627.74826245483,27222.094028252963,25566.838230608017,26709.9765625,31202,0.0,0.0,2024-06-05,25571.4056640625,424.88412045141206,25996.289784513912,25146.521543611085,26421.173904965322,24721.637423159675,305.60236561377343,222.68254417847785,185421,36633.843030955184,22059.617439943948,24514.313731979775,66.49764472674752,26499.636273786993,27432.43431696597,25777.178519321023,28154.89207143194,24844.380476142047,29087.690114610916,24121.922721676077,0.13802163940790843,-21.84461863360878,17.34764583388096,-68.18259634333124,85.5302421772122,64.78776100937861,14.822391478972287,25586.0984375,25571.4056640625,25680.3783984375,26097.19818359375,ABBOTINDIA.NS,2025-08-18 10:52:16.409092
300,2024-06-04 00:00:00+05:30,25229.13817953128,25627.74884055663,24877.72961364583,25561.880859375,31555,0.0,0.0,2024-06-04,25486.90986328125,347.5364987199538,25834.446362001203,25139.373364561296,26181.982860721157,24791.836865841342,-5.899016003670587,-35.200710151918045,154219,35455.8198106645,18416.06104219114,24491.294022783397,57.240225426974014,25355.78643785915,25833.84326207247,25083.824035161673,26105.80566476995,24605.767210948354,26583.862488983268,24333.804808250876,0.11265886080847229,-44.76460319065763,-89.30096156882792,-89.56515688763429,0.26419531880637237,50.7508067602884,13.657977001578113,25332.523828125,25486.90986328125,25696.2907421875,26059.24900390625,ABBOTINDIA.NS,2025-08-18 10:52:16.409092
301,2024-06-03 00:00:00+05:30,25277.748251879875,25569.414577863106,25084.616153250787,25221.01953125,16412,0.0,0.0,2024-06-03,25461.67099609375,359.913994024602,25821.584990118354,25101.75700206915,26181.498984142956,24741.843008044547,-54.74037123247153,-53.12558599201835,122664,18194.942502296806,14156.121350072797,24479.821177143604,50.334409364193114,25291.683420787962,25498.750688325137,25013.952263712818,25776.48184540028,24806.884996175642,25983.549112937457,24529.153839100498,-0.007418370309452837,-85.06942319234734,-111.42042056348873,-89.63120571733589,-21.789214846152845,44.670151783101204,13.626368423228277,25262.57265625,25461.67099609375,25741.244296875,26033.13853515625,ABBOTINDIA.NS,2025-08-18 10:52:16.409092
302,2024-05-31 00:00:00+05:30,25277.798378338848,25314.88709480663,25035.66594993047,25168.6171875,14492,0.0,0.0,2024-05-31,25471.6337890625,355.6342667867484,25827.26805584925,25115.99952227575,26182.902322635997,24760.365255489003,-115.01789989959657,-82.19877520095899,106252,16032.978912131568,13146.416062016793,24475.666814409473,50.84550725670188,25173.056744079033,25310.447538227596,25031.226393351437,25452.277888955192,24893.835599202874,25589.668683103755,24752.005248475278,-0.02591543313727113,-88.66609040841192,-104.48216649792084,-84.18390200579768,-20.298264492123167,43.677484174437645,14.134040409427326,25321.3921875,25471.6337890625,25789.130078125,26007.72078125,ABBOTINDIA.NS,2025-08-18 10:52:16.409092
303,2024-05-30 00:00:00+05:30,25472.241622847603,25521.7755272408,25085.491318340213,25268.998046875,13396,0.0,0.0,2024-05-30,25508.3642578125,360.59232098511075,25868.95657879761,25147.77193682739,26229.54889978272,24787.17961584228,-88.89955897368596,-61.13928133052248,120744,14879.546723510672,12424.775349488098,24472.220192271154,68.80508079373408,25292.088297485334,25498.685276630455,25062.40106772987,25728.37250638592,24855.804088584748,25934.96948553104,24626.116858829282,-0.005738770020924993,-81.77638815087786,-88.85519877953993,-79.10933588276689,-9.745862896773048,45.1173402465018,13.830373551566323,25380.56171875,25508.3642578125,25836.1923828125,25977.3228125,ABBOTINDIA.NS,2025-08-18 10:52:16.409092
304,2024-05-29 00:00:00+05:30,25212.12385325312,25640.387250818258,25003.48558349809,25442.103515625,14961,0.0,0.0,2024-05-29,25530.484765625,358.7004277569248,25889.185193381923,25171.784337868074,26247.88562113885,24813.08391011115,-79.637461238022,-50.328834850047265,134140,16731.704235062007,11811.082505982453,24468.53994534752,70.0606045338381,25361.992116647118,25720.498649796144,25083.596982475978,25998.893783967284,24725.09044932695,26357.40031711631,24446.695315155812,0.014871527122613104,-59.333778038041466,-77.3876474909739,-76.67287015857362,-0.7147773324002884,47.631824779384296,13.623926346667302,25403.623046875,25530.484765625,25863.6274609375,25946.7975,ABBOTINDIA.NS,2025-08-18 10:52:16.409092
305,2024-05-28 00:00:00+05:30,25517.596126116932,25592.409683013066,25122.291385867684,25212.125,6200,0.0,0.0,2024-05-28,25536.3447265625,358.13746168009413,25894.482188242593,25178.207264882407,26252.61964992269,24820.06980320231,-106.97838101410011,-63.13361989714913,119179,6871.122351396027,10580.927073712564,24463.491756214673,68.53473205047796,25308.94202296025,25495.59266005282,25025.474362907436,25779.060320105633,24838.82372581487,25965.7109571982,24555.356065762055,0.015547313048448511,-72.73336896059878,-78.5814325743122,-76.49417582547355,-2.087256748838655,43.765564869020906,13.40159858754528,25408.9015625,25536.3447265625,25879.662265625,25912.32884765625,ABBOTINDIA.NS,2025-08-18 10:52:16.409092
306,2024-05-27 00:00:00+05:30,25744.415157990938,25817.33174170881,25331.221183589645,25515.1171875,10065,0.0,0.0,2024-05-27,25534.52177734375,359.96276315231523,25894.484540496065,25174.559014191436,26254.44730364838,24814.596251039122,-52.16352616723377,-18.86444284115706,125379,11288.542888018139,11508.378254291698,24461.879605249047,67.54607414766798,25554.556704266153,25777.89222494266,25291.781666823495,26040.66726238532,25068.446146146987,26264.002783061827,24805.67110870433,0.04376596872139733,-53.784832427752995,-56.269812201666355,-75.97236163826388,19.702549436597522,48.11087087216759,13.425165764587232,25507.338671875,25534.52177734375,25904.8826171875,25879.6388671875,ABBOTINDIA.NS,2025-08-18 10:52:16.409092
307,2024-05-24 00:00:00+05:30,25434.7627291051,25615.303430818934,25277.749018853377,25464.46484375,8677,0.0,0.0,2024-05-24,25506.82802734375,382.15625768800226,25888.98428503175,25124.671769655746,26271.140542719753,24742.515511967744,-90.40122108571032,-41.107328360228905,115314,9712.492395508272,11563.337095860088,24458.184677543544,61.48174118943011,25452.505764474103,25627.262510094828,25289.70809812927,25790.06017643966,25114.951352508546,25964.816922060385,24952.153686163714,0.1204111958288845,-56.66668861974575,-56.69174379347896,-80.89799899741325,24.20625520393429,47.29864640384258,13.92963876937752,25555.42421875,25506.82802734375,25928.0369921875,25842.77611328125,ABBOTINDIA.NS,2025-08-18 10:52:16.409092
308,2024-05-23 00:00:00+05:30,25525.472336295872,25548.562588362074,25003.583268994917,25384.3046875,11152,0.0,0.0,2024-05-23,25470.880078125,418.4430039517799,25889.32308207678,25052.43707417322,26307.766086028558,24633.99407022144,-95.54095015105577,-69.10692790181598,106637,12443.557916023032,12026.048270948042,24455.13207833017,54.30422787687638,25312.150181618996,25620.717094243075,25075.737774875917,25857.129500986153,24767.170862251838,26165.696413610232,24530.75845550876,0.07329689517620179,-61.2273866158808,-51.3844898743846,-86.94956279839683,35.56507292401223,46.0577886220626,13.9075464800057,25623.5765625,25470.880078125,25949.9984765625,25807.8923046875,ABBOTINDIA.NS,2025-08-18 10:52:16.409092
309,2024-05-22 00:00:00+05:30,25704.309066968657,25729.976082244102,25406.080262418796,25468.49609375,8311,0.0,0.0,2024-05-22,25452.1890625,430.68355873081725,25882.872621230817,25021.505503769185,26313.556179961637,24590.821945038366,-26.25576082612963,-36.19699494946782,117789,9304.287550072826,11921.670859679292,24451.495214957373,59.94461905947498,25534.8508128043,25663.621363189803,25339.725543364497,25858.746632629605,25210.954992978994,25987.51718301511,25015.82972353919,-0.04300876997323795,-56.43733135976761,-35.91648287949283,-95.84083102939988,59.92434814990705,47.140244459214756,13.694400483812094,25682.172265625,25452.1890625,25974.5149609375,25771.38685546875,ABBOTINDIA.NS,2025-08-18 10:52:16.409092
310,2024-05-21 00:00:00+05:30,25909.6922537646,26011.77546902333,25609.51898984903,25704.310546875,7268,0.0,0.0,2024-05-21,25458.01279296875,431.70195344444335,25889.714746413196,25026.310839524307,26321.416699857637,24594.608886079866,36.974831521217446,-5.250170877352171,126100,8211.971224748539,12576.016687080908,24448.519981085225,65.88060218394631,25775.201668582453,25940.884347315874,25538.627868141575,26177.45814775675,25372.945189408154,26343.140826490173,25136.371388967276,-0.02733895093349631,-43.02070950997085,-23.860135404906032,-110.82191806687663,86.9617826619706,50.209326709176686,14.344584039076961,25795.378125,25458.01279296875,26001.9277734375,25731.9044921875,ABBOTINDIA.NS,2025-08-18 10:52:16.409092
311,2024-05-17 00:00:00+05:30,25861.080277819598,25902.593357665235,25557.796676740767,25755.544921875,5257,0.0,0.0,2024-05-17,25442.9068359375,427.8990658423611,25870.805901779862,25015.00777009514,26298.704967622223,24587.10870425278,37.74494588062149,-15.549324887644246,133368,5951.620906443436,13667.028052663998,24445.298978016297,67.33915973209548,25738.644985427003,25919.49329411324,25574.69661318877,26083.44166635147,25393.848304502535,26264.289975037707,25229.899932264303,0.01570916749617885,-40.105738752341715,-31.286990682259784,-132.56236373236928,101.2753730501095,50.877548023465636,15.34935275891579,25920.00703125,25442.9068359375,26036.4980078125,25697.52189453125,ABBOTINDIA.NS,2025-08-18 10:52:16.409092
312,2024-05-16 00:00:00+05:30,25861.079902214795,25923.205207016897,25452.796432253654,25805.2265625,10430,0.0,0.0,2024-05-16,25422.18642578125,421.95550254670115,25844.14192832795,25000.230923234547,26266.09743087465,24578.275420687845,38.811808033562464,-21.208879643332992,138625,11830.920215144744,15595.879839219137,24442.863656712718,67.72552341742613,25727.076067256847,26001.35570226004,25530.946927496796,26197.48484202009,25256.667292493603,26471.764477023284,25060.538152733552,-0.006597117199474102,-37.27911054397742,-45.36738034520022,-157.88120699489664,112.51382664969643,51.49466962799582,16.358905625683914,25896.489453125,25422.18642578125,26074.273671875,25661.441328125,ABBOTINDIA.NS,2025-08-18 10:52:16.409092
313,2024-05-15 00:00:00+05:30,26116.339789817233,26116.339789817233,25605.87431981409,25677.283203125,6434,0.0,0.0,2024-05-15,25402.84892578125,412.2274356329836,25815.076361414234,24990.621490148267,26227.303797047218,24578.394054515284,49.50067488629943,-16.104281493960226,128195,7262.007087354886,16537.119745237735,24437.82114318333,63.495137283341904,25799.832437585443,25993.790555356794,25483.325085353652,26310.297907588585,25289.3669675823,26504.256025359937,24972.85961535051,-0.04670016297616332,-39.947915294894436,-67.60005019725213,-186.00966365732074,118.40961346006861,50.045706016365,17.446116405280353,25705.905078125,25402.84892578125,26114.4740625,25624.0326953125,ABBOTINDIA.NS,2025-08-18 10:52:16.409092
314,2024-05-14 00:00:00+05:30,26347.1913106857,26460.4550666892,26006.913932134405,26034.525390625,8340,0.0,0.0,2024-05-14,25393.5544921875,407.7858143187441,25801.340306506245,24985.768677868757,26209.12612082499,24577.982863550013,120.73279241423421,23.275512578886065,134629,9544.259882156168,18855.897909708445,24434.98468112536,60.54339667315849,26167.2981298162,26327.682327497998,25874.141192943203,26620.839264370996,25713.756995261407,26781.223462052792,25420.60005838841,-0.05984230096488019,-21.725758307454413,-82.43987923306486,-215.61206702233787,133.172187789273,54.24731161735853,18.621709968957113,25613.72890625,25393.5544921875,26158.406796875,25588.3623828125,ABBOTINDIA.NS,2025-08-18 10:52:16.409092
315,2024-05-13 00:00:00+05:30,25831.914740819306,26365.614756468134,25328.061153524253,26327.455078125,17401,0.0,0.0,2024-05-13,25377.33056640625,386.8602057599408,25764.190772166192,24990.470360646308,26151.05097792613,24603.61015488637,122.81522851908855,4.829941456635681,142969,20137.688940998003,21183.807416596515,24430.225697224283,50.53487427853767,26007.043662705797,26686.02617188734,25648.47256894346,27044.597265649678,24969.490059761916,27723.57977483122,24610.91896599958,-0.07190367543141185,-2.0453911166605736,-135.37321094583967,-248.9051139696561,113.53190302381643,57.95185689037712,18.924453080529396,25410.8359375,25377.33056640625,26191.0773046875,25549.49734375,ABBOTINDIA.NS,2025-08-18 10:52:16.409092
316,2024-05-10 00:00:00+05:30,25083.304882586603,26055.5260020667,25080.194534552014,25637.95703125,50453,0.0,0.0,2024-05-10,25374.51611328125,379.72305398285664,25754.239167264106,24994.793059298394,26133.962221246962,24615.070005315538,55.9981086641952,-41.50282288605431,125568,56858.70330578684,21445.337035496144,24418.374798524306,49.47022868238515,25591.225855956236,26102.257177360458,25126.92570984577,26566.557323470923,24615.89438844155,27077.588644875144,24151.594242331084,-0.09722678943719557,-29.05838705705052,-229.94194257513664,-277.2880897256102,47.34614715047354,50.574645766368164,19.432014195332304,25156.765625,25374.51611328125,26222.7348046875,25508.13224609375,ABBOTINDIA.NS,2025-08-18 10:52:16.409092
317,2024-05-09 00:00:00+05:30,25340.94262592252,25374.727308686794,24744.145091599985,24852.3046875,10283,0.0,0.0,2024-05-09,25376.94658203125,381.6486729213591,25758.59525495261,24995.297909109893,26140.24392787397,24613.649236188532,-65.4692662886639,-107.04194285125782,75115,11233.447138070107,12591.995467923467,24395.879437908523,31.968914092328248,24990.392362595594,25236.639633591203,24606.057416504394,25620.974579682403,24359.810145508785,25867.221850678012,23975.475199417586,-0.15332036569153976,-78.03572309934925,-279.6294967480644,-289.1246265132285,9.495129765164108,39.30824334564981,20.59692292583362,25113.229296875,25376.94658203125,26271.0600390625,25475.81609375,ABBOTINDIA.NS,2025-08-18 10:52:16.409092
318,2024-05-08 00:00:00+05:30,25083.304892665816,25247.610261923975,24805.735762942713,25216.40234375,6455,0.0,0.0,2024-05-08,25417.68271484375,365.856425808479,25783.539140652232,25051.82628903527,26149.39556646071,24685.969863226794,-38.24361153759821,-101.95893631949625,85398,7154.938623963514,12931.632550386807,24394.157093013353,32.06739085524285,25089.916122872226,25374.09648280174,24932.221983820476,25531.790621853488,24648.041623890964,25815.970981783,24490.347484839214,-0.16871916365081635,-55.33798229296014,-261.632960331237,-291.4984089545195,29.865448623282532,43.58352468584092,20.81875476289045,25323.413671875,25417.68271484375,26340.4562109375,25449.523359375,ABBOTINDIA.NS,2025-08-18 10:52:16.409092
319,2024-05-07 00:00:00+05:30,25217.421429457005,25217.421429457005,24702.82594242069,25020.060546875,8782,0.0,0.0,2024-05-07,25451.71044921875,377.6102077014922,25829.32065692024,25074.10024151726,26206.930864621736,24696.490033815764,-64.94474021784818,-118.932121269587,78943,9658.469881188603,14375.806031992628,24392.204740578076,28.10020570974757,24980.10263958423,25257.37933674777,24742.783849711457,25494.698126620544,24465.507152547918,25771.974823784083,24228.188362675144,-0.20048168209741993,-67.5778721643453,-270.48590696868996,-298.96477111034017,28.478864141650206,40.33406670106128,20.68178883675029,25422.41484375,25451.71044921875,26403.7312890625,25421.6837890625,ABBOTINDIA.NS,2025-08-18 10:52:16.409092
320,2024-05-06 00:00:00+05:30,25394.464233753384,25569.414659298465,24908.45053123491,25057.103515625,10562,0.0,0.0,2024-05-06,25494.07265625,374.1450402166041,25868.217696466603,25119.927616033394,26242.362736683208,24745.78257581679,-34.209104671119064,-103.29899878065595,87725,11633.31722961625,15555.140069693633,24390.16995264101,26.323600927445042,25178.32290205279,25448.19527287067,24787.231144807116,25839.287030116346,24517.358773989235,26109.159400934226,24126.26701674356,-0.21273857086134026,-65.26862438712435,-258.3853979415471,-306.08448714575275,47.69908920420562,40.745177321704375,20.447162037521277,25530.26328125,25494.07265625,26477.4596875,25395.85287109375,ABBOTINDIA.NS,2025-08-18 10:52:16.409092
321,2024-05-03 00:00:00+05:30,26046.09524111384,26104.08670962307,25332.33875320973,25420.275390625,15129,0.0,0.0,2024-05-03,25539.8349609375,373.85817425446857,25913.69313519197,25165.97678668303,26287.551309446437,24792.118612428563,62.538436892132886,-60.67938658287207,98287,16905.07161137135,16535.595779712978,24387.560252467647,26.01195436951413,25618.90028448593,25905.461815762133,25133.713859348794,26390.64824089927,24847.152328072592,26677.209772175473,24361.965902935455,-0.23882790013489197,-54.380783115221305,-242.62632045882128,-318.0092594468041,75.38293898798281,44.91304041631537,20.558560858747438,25553.97578125,25539.8349609375,26550.67859375,25369.966484375,ABBOTINDIA.NS,2025-08-18 10:52:16.409092
322,2024-05-02 00:00:00+05:30,25763.80967753733,26022.469859717425,25525.664879581596,25903.2265625,8210,0.0,0.0,2024-05-02,25595.07177734375,432.30626267591674,26027.378040019667,25162.765514667833,26459.684302695583,24730.459251991917,120.52952506207413,-43.41637844899108,113416,9348.104572997441,16443.226821798384,24381.739304837283,33.39803135839817,25817.120433933003,26108.57598828441,25611.771008148582,26313.92541406883,25320.315453797175,26605.38096842024,25114.966028012754,-0.23026258113115608,-30.440993760976383,-254.54069651564714,-336.85499419379977,82.31429767815263,51.406271505460886,21.518471610869202,25462.169140625,25595.07177734375,26609.738125,25343.251328125,ABBOTINDIA.NS,2025-08-18 10:52:16.409092
323,2024-04-30 00:00:00+05:30,25636.740864195224,25905.073883849476,25422.366114797536,25711.408203125,14089,0.0,0.0,2024-04-30,25637.74990234375,501.0034468929336,26138.753349236682,25136.746455450815,26639.756796129615,24635.74300855788,105.13943189246673,-59.77483738292228,105206,15923.281516823774,18217.007383998618,24377.071154402507,27.09041265413387,25679.616067257335,25936.866019717134,25454.158250665194,26162.323836309275,25196.908298205395,26419.573788769074,24971.450481613254,-0.20958742826953322,-39.949390023658815,-313.50140405312413,-357.4335686133379,43.93216456021378,48.66928437487661,22.980330923039208,25230.625,25637.74990234375,26662.7086328125,25314.43615234375,ABBOTINDIA.NS,2025-08-18 10:52:16.409092
324,2024-04-29 00:00:00+05:30,25316.58736378929,25770.614604763196,25091.47071371577,25559.302734375,15391,0.0,0.0,2024-04-29,25670.5501953125,526.8851707085649,26197.43536602106,25143.665024603935,26724.32053672963,24616.77985389537,54.65534980911213,-82.17849795818702,91117,17291.886684826935,18790.43885079233,24370.0084381038,21.26509336878472,25473.796017617988,25856.121321520204,25176.97743047278,26152.939908665412,24794.652126570563,26535.26521256763,24497.833539425355,-0.14832384661456008,-47.48922654039505,-365.3477532489742,-368.41660975339136,3.0688565044171696,46.448302733335254,24.275905897709826,25090.440234375,25670.5501953125,26710.1306640625,25288.76076171875,ABBOTINDIA.NS,2025-08-18 10:52:16.409092
325,2024-04-26 00:00:00+05:30,25107.999805142554,25269.92209408516,24961.826738867032,25175.666015625,7664,0.0,0.0,2024-04-26,25691.03740234375,530.286984681031,26221.324387024782,25160.75041766272,26751.611371705814,24630.463432981687,-47.91585109436449,-117.48428854922592,75726,8481.311327550902,19165.076892283676,24363.09171027962,18.90555792453651,25135.80494952573,25309.783160184426,25001.6878049663,25443.900304743856,24827.709594307602,25617.878515402554,24693.592449748172,-0.1559524244858195,-66.50601906575992,-411.2111351720923,-369.1838238794956,-42.02731129259672,40.40988264864005,25.352228076596575,25095.573828125,25691.03740234375,26752.6789453125,25262.00720703125,ABBOTINDIA.NS,2025-08-18 10:52:16.409092
326,2024-04-25 00:00:00+05:30,24840.200656058918,25030.076203481723,24499.97262903796,24961.2421875,23811,0.0,0.0,2024-04-25,25730.2203125,519.0348115778124,26249.255124077812,25211.18550092219,26768.289935655626,24692.150689344377,-127.10925333557736,-151.59953474903014,68062,26125.846438984543,21836.018283466867,24360.73165248067,15.441761465123463,24830.43034000656,25160.888050975158,24630.784476531393,25360.533914450323,24300.326765562793,25690.991625418923,24100.680902087628,-0.1830144806759338,-77.13496372265773,-425.9172861638508,-358.6769960563464,-67.24029010750439,36.70589008593722,25.18662382132944,25140.87890625,25730.2203125,26795.2369140625,25240.645078125,ABBOTINDIA.NS,2025-08-18 10:52:16.409092
327,2024-04-24 00:00:00+05:30,25131.864988885387,25149.268125604493,24651.200416710777,24745.505859375,16823,0.0,0.0,2024-04-24,25797.91845703125,501.45916666360176,26299.37762369485,25296.45929036765,26800.836790358455,24795.000123704045,-165.38744147644834,-157.39558934319277,44251,18298.956383474415,20763.56124458745,24355.263519991462,15.803807784231807,24848.658133896755,25046.115851082734,24548.048142189018,25346.72584279047,24350.59042500304,25544.18355997645,24049.980433295303,-0.27066818388164743,-95.20679636667751,-417.1748254036611,-341.8669235294702,-75.30790187419086,32.80357118404713,24.276161834634102,25216.8578125,25797.91845703125,26845.4783984375,25224.81146484375,ABBOTINDIA.NS,2025-08-18 10:52:16.409092
328,2024-04-23 00:00:00+05:30,25520.803604760094,25520.803604760094,24951.131416795088,25010.484375,34185,0.0,0.0,2024-04-23,25905.86904296875,495.33015995198747,26401.199202920736,25410.53888301676,26896.529362872723,24915.208723064774,-131.54908535638825,-135.4140871330294,61074,37582.37552592614,21379.712459865706,24352.736657352714,20.18933004811548,25160.806465518395,25370.481514241703,24800.809326276696,25730.478653483402,24591.13427755339,25940.15370220671,24231.13713831169,-0.2544143707818858,-97.00145712411148,-378.4142361240847,-323.0399480609225,-55.374288063162226,35.28466506683101,23.51705560880154,25351.451953125,25905.86904296875,26909.1559765625,25209.58599609375,ABBOTINDIA.NS,2025-08-18 10:52:16.409092
329,2024-04-22 00:00:00+05:30,25520.707267597285,25840.47117010477,25358.24950006563,25584.970703125,12690,0.0,0.0,2024-04-22,26001.3265625,497.6498375734827,26498.97640007348,25503.676724926518,26996.626237646964,25006.026887353033,-31.196639113934065,-100.91727935701023,95259,14271.613865363459,17329.046693350596,24343.966831446585,28.4462829926308,25594.563791098466,25830.8780821313,25348.65641209216,26076.785461137606,25112.342121059326,26313.09975217044,24866.43474205302,-0.21377054987153846,-69.38206798252605,-349.1517561439978,-309.1963760451319,-39.955380098865874,41.62239678608931,23.16509442885328,25447.633984375,26001.3265625,26959.5928515625,25191.8833203125,ABBOTINDIA.NS,2025-08-18 10:52:16.409092
330,2024-04-19 00:00:00+05:30,25268.02490234375,25559.983641043953,24991.18496040676,25402.19140625,19821,0.0,0.0,2024-04-19,26097.35771484375,589.8474281427351,26687.205142986484,25507.510286701017,27277.05257112922,24917.66285855828,-121.8504074918779,-127.22731411599933,82569,22132.133766010695,18093.40490034738,24337.793982409003,35.21461248360609,25317.78666923357,25644.38837806038,25075.589697423187,25886.585349870762,24748.98798859638,26213.18705869757,24506.791016785995,-0.2348291792787631,-78.80688855888668,-362.9749352099243,-299.20753102041544,-63.76740418950885,38.35098264440006,23.510688217204354,25472.64921875,26097.35771484375,26993.6886328125,25168.88640625,ABBOTINDIA.NS,2025-08-18 10:52:16.409092
331,2024-04-18 00:00:00+05:30,25495.526189358985,25682.872436243888,25264.137566987592,25341.13671875,9484,0.0,0.0,2024-04-18,26217.72607421875,679.3605583114795,26897.08663253023,25538.36551590727,27576.44719084171,24859.00495759579,-119.00348555089631,-122.09465079149744,62748,10564.383981952982,17083.72268393155,24329.459712308533,35.47905724589208,25429.382240660492,25594.626914333392,25175.892045077097,25848.117109916788,25010.647371404197,26013.361783589688,24757.1571758208,-0.21977998154406664,-95.37927608358622,-357.17218166709426,-283.26567997303823,-73.90650169405603,37.26054120767333,23.047812962548964,25646.444140625,26217.72607421875,27031.33890625,25147.96228515625,ABBOTINDIA.NS,2025-08-18 10:52:16.409092
332,2024-04-16 00:00:00+05:30,25511.08061847981,25748.788667687826,25333.310377404232,25418.4765625,12154,0.0,0.0,2024-04-16,26331.43466796875,714.3388445019302,27045.77351247068,25617.09582346682,27760.11235697261,24902.75697896489,-119.14976036249693,-121.5749661267736,72232,13579.859937342624,18713.557359426195,24325.655175638054,34.754435547770996,25500.191869197355,25667.07336099048,25251.595070706884,25915.67015948095,25084.71357891376,26082.551651274072,24836.11678042329,-0.18474487183171168,-94.66783007973338,-338.31823735214857,-264.78905454952417,-73.5291828026244,38.05229631537989,23.037803715301905,25715.530078125,26331.43466796875,27027.87390625,25124.24302734375,ABBOTINDIA.NS,2025-08-18 10:52:16.409092
333,2024-04-15 00:00:00+05:30,25710.04743936904,25763.810127604058,25382.31208190345,25491.39453125,22533,0.0,0.0,2024-04-15,26436.5974609375,727.5572573104236,27164.154718247923,25709.04020362708,27891.711975558348,24981.482946316653,-118.71980356410461,-123.47863026130062,84386,25248.707552945503,19996.981714947087,24320.362992800467,33.263240794560446,25545.838913585834,25709.36574526822,25327.86769956761,25927.336959286444,25164.340867885225,26090.86379096883,24946.369653867,-0.10009277104567464,-94.01954680433602,-316.6702442068454,-246.406758848868,-70.26348535797737,38.7736296147846,23.15504542323709,25765.240234375,26436.5974609375,27023.2500390625,25096.5230859375,ABBOTINDIA.NS,2025-08-18 10:52:16.409092
334,2024-04-12 00:00:00+05:30,26201.35842396645,26517.330278800924,25667.609044569137,25710.046875,12842,0.0,0.0,2024-04-12,26494.06533203125,693.567097079176,27187.632429110425,25800.498234952072,27881.1995261896,25106.931137872896,-41.160901884973974,-94.88468520542558,106919,14513.163062477037,18684.05025544748,24309.754082240797,35.002739532476,25964.995399456686,26262.381754344235,25412.660520112448,26814.716633688473,25115.2741652249,27112.10298857602,24562.93928588066,-0.04856669436462329,-89.47527648612433,-291.3375340839666,-228.84088750937363,-62.49664657459297,40.93415345550702,23.36858546620455,25846.352734375,26494.06533203125,27009.4230859375,25064.50296875,ABBOTINDIA.NS,2025-08-18 10:52:16.409092
335,2024-04-10 00:00:00+05:30,25687.05479393736,26482.23484578881,25687.05479393736,26271.166015625,16752,0.0,0.0,2024-04-10,26520.75517578125,671.7357715503477,27192.4909473316,25849.0194042309,27864.226718881946,25177.283632680555,6.935493153305255,-84.45362913142411,119761,19345.17015326605,19726.772053690092,24302.48661905099,35.20954846776213,26146.818551783723,26606.582309630085,25811.402257778635,26941.998603635173,25351.638499932273,27401.762361481535,25016.222205927184,-0.02970230259521623,-62.32535905219443,-276.0237264310599,-213.21672586572538,-62.80700056533453,47.201770918038,24.11781883574848,25877.804296875,26520.75517578125,26992.3780859375,25032.4974609375,ABBOTINDIA.NS,2025-08-18 10:52:16.409092
336,2024-04-09 00:00:00+05:30,25671.49697988423,25953.29487315031,25532.469368896785,25686.56640625,29893,0.0,0.0,2024-04-09,26530.85400390625,669.2998098100888,27200.153813716337,25861.554194096163,27869.453623526428,25192.254384286072,-100.5699201871132,-126.37882057927985,103009,33752.2009241756,19822.1725287961,24289.067524377926,33.27927630937083,25724.11021609903,25915.751063301275,25494.92555904775,26144.935720352554,25303.284711845507,26336.5765675548,25074.100054794228,-0.060500220823204415,-93.75492964211769,-307.4969679607675,-197.51497572439172,-109.98199223637579,38.02098854366433,24.839209180385645,25818.041015625,26530.85400390625,26954.2465625,25000.25712890625,ABBOTINDIA.NS,2025-08-18 10:52:16.409092
337,2024-04-08 00:00:00+05:30,26039.777308302466,26086.880662950116,25624.443298304213,25667.02734375,15077,0.0,0.0,2024-04-08,26580.16748046875,639.4892458386297,27219.65672630738,25940.67823463012,27859.14597214601,25301.18898879149,-101.30700626524852,-129.06963273335785,73116,17010.498808571985,16339.665429951228,24271.860040703425,44.35806319134023,25792.783768334775,25961.124238365337,25498.686873719435,26255.221132980678,25330.346403688873,26423.56160301124,25036.249509073532,-0.046064444315517164,-98.2073837397085,-285.559005542018,-170.01947766529776,-115.53952787672023,37.68468129949477,24.216627098625956,25985.730078125,26580.16748046875,26938.2651953125,24975.5525,ABBOTINDIA.NS,2025-08-18 10:52:16.409092
338,2024-04-05 00:00:00+05:30,25958.254433308026,26146.039321685854,25831.91505879891,25896.95703125,8001,0.0,0.0,2024-04-05,26624.94306640625,602.4673917899888,27227.41045819624,26022.47567461626,27829.877849986227,25420.00828282627,-76.20141709983633,-122.88009731665497,88193,9107.927131737568,16171.957085296039,24263.141513631963,51.275119052359756,25958.30380391159,26084.69254902427,25770.568286137324,26272.428066798533,25644.179541024645,26398.816811911212,25456.44402325038,0.0015264026197175083,-91.12776030575222,-251.2208125696452,-141.1345956961177,-110.08621687352749,40.05980832133172,23.681702747369282,26203.682421875,26624.94306640625,26920.3957421875,24954.7984765625,ABBOTINDIA.NS,2025-08-18 10:52:16.409092
339,2024-04-04 00:00:00+05:30,26055.429476405865,26131.165882307738,25694.103113185654,25867.3046875,12556,0.0,0.0,2024-04-04,26660.60166015625,577.7085994198168,27238.31025957607,26082.893060736435,27816.018858995885,25505.184461316618,-100.04191192569793,-138.50823574375502,80192,14276.73920891584,17937.964573685655,24257.70535900099,56.374133239190286,25897.524560997797,26100.94600880994,25663.883239687857,26334.58733011988,25460.461791875714,26538.008777932024,25226.820470565774,0.005414705467752686,-92.41265680507082,-226.09573453956546,-113.61304147773583,-112.48269306182962,39.60400814721293,23.4139863556924,26297.773828125,26660.60166015625,26905.42546875,24927.08578125,ABBOTINDIA.NS,2025-08-18 10:52:16.409092
340,2024-04-03 00:00:00+05:30,26553.836532648736,26618.682916486265,25944.155199207515,25972.349609375,17085,0.0,0.0,2024-04-03,26709.19326171875,547.5557696422543,27256.749031361003,26161.637492076494,27804.304801003258,25614.08172243424,-70.19724767224714,-120.71788345922309,92748,19505.305828051307,18853.270914878107,24249.25671099816,61.676876640930274,26178.395908356262,26412.63661750501,25738.10890022626,26852.923625635012,25503.868191077512,27087.16433478376,25063.58118294751,-0.02347755622295298,-87.86084621207569,-187.58202147204793,-85.49236821227844,-102.08965325976949,40.62012330209966,23.087605699035596,26318.122265625,26709.19326171875,26888.53015625,24895.07634765625,ABBOTINDIA.NS,2025-08-18 10:52:16.409092
341,2024-04-02 00:00:00+05:30,26871.219276468455,26930.52476421637,26493.02526443668,26525.01171875,8694,0.0,0.0,2024-04-02,26782.21689453125,541.4687843855032,27323.685678916754,26240.74811014575,27865.154463302257,25699.279325760246,-12.844179375444128,-75.0338126838753,109833,10136.820613563772,18690.262186584805,24236.861476174177,64.33764715196551,26649.520582467685,26806.01590049869,26368.516400719,27087.020082247374,26212.021082687996,27243.51540027838,25931.01690093931,0.004887267543055303,-63.91287044230302,-145.77597929795957,-59.96995489733605,-85.80602440062351,46.441545348549134,23.096106574602995,26315.5171875,26782.21689453125,26869.4017578125,24856.9818359375,ABBOTINDIA.NS,2025-08-18 10:52:16.409092
342,2024-04-01 00:00:00+05:30,26517.3302483176,26812.739246947087,26347.19155744847,26756.7890625,12958,0.0,0.0,2024-04-01,26838.18271484375,570.5499772934285,27408.73269213718,26267.632737550324,27979.28266943061,25697.082760256893,-23.725791009993014,-68.16654617077573,118527,15240.475294405727,20828.622579840063,24228.454729788333,58.06821336046734,26638.906622298517,26930.621687148563,26465.073997649946,27104.454311797133,26173.3589327999,27396.16937664718,25999.52630815133,0.03601855414910094,-53.869485672566604,-144.47169396355457,-38.51844879718017,-105.9532451663744,49.186713131978564,24.00511439777107,26273.555859375,26838.18271484375,26840.693984375,24809.33521484375,ABBOTINDIA.NS,2025-08-18 10:52:16.409092
343,2024-03-28 00:00:00+05:30,26112.302872916156,26473.48300189638,25972.885991134863,26367.4140625,33995,0.0,0.0,2024-03-28,26891.10556640625,610.3074984494501,27501.4130648557,26280.798067956803,28111.720563305153,25670.49056950735,-75.28715036953601,-95.9115998981781,105569,39401.17066186053,22225.659401198645,24214.53339194774,56.52342118843475,26271.261018510413,26569.636045885964,26069.039035124446,26771.85802927193,25770.664007748896,27070.23305664748,25568.44202436293,-0.02346238214296441,-70.74189814155329,-163.43940501892212,-12.03013750558657,-151.40926751333555,44.02532118194758,24.716899536930228,26303.1015625,26891.10556640625,26815.205234375,24757.9401953125,ABBOTINDIA.NS,2025-08-18 10:52:16.409092
344,2024-03-27 00:00:00+05:30,26152.747290191368,26168.692095822447,25692.206919948625,25969.046875,17617,0.0,0.0,2024-03-27,26966.430859375,634.7491374113368,27601.179996786337,26331.68172196366,28235.92913419767,25696.932584552327,-123.6670677932979,-116.80778908352687,71574,20110.112743648235,17931.781586033172,24182.9787888701,46.834798242682794,25943.315296923694,26194.423673898764,25717.93849802494,26419.800472797517,25466.830121049872,26670.908849772586,25241.45332215112,-0.09367607828013715,-88.00396042498227,-146.89993046073505,25.822179372747318,-172.72210983348236,38.046985507515,24.679540102392547,26413.545703125,26966.430859375,26788.5294140625,24712.1762890625,ABBOTINDIA.NS,2025-08-18 10:52:16.409092
345,2024-03-26 00:00:00+05:30,26443.440942091904,26443.440942091904,25813.101789721,25959.32421875,14019,0.0,0.0,2024-03-26,27051.3810546875,607.3405300876539,27658.721584775154,26444.040524599845,28266.062114862805,25836.699994512193,-124.02148205709392,-97.81236737727407,53957,15996.941591222449,17387.198796629404,24169.308774132125,49.5290746406002,26071.955650187636,26330.80951065427,25700.470358283368,26702.29480255854,25441.616497816733,26961.148663025175,25070.131205912465,-0.02753203025490583,-93.31360941288715,-84.26550243985548,69.0027068311179,-153.2682092709734,37.8967065151331,23.84742596003209,26720.855078125,27051.3810546875,26761.863359375,24671.05814453125,ABBOTINDIA.NS,2025-08-18 10:52:16.409092
346,2024-03-22 00:00:00+05:30,27037.71156073358,27206.29507746706,26075.018997228173,26315.205078125,21967,0.0,0.0,2024-03-22,27148.93134765625,578.7132718384202,27727.64461949467,26570.21807581783,28306.35789133309,25991.50480397941,-72.26573802291857,-51.73839876213735,67976,25409.963995306596,17734.763097981144,24158.339800077272,49.2202663776837,26532.173050940077,26989.32710465198,25858.051024413093,27663.449131178964,25400.89697070119,28120.603184890868,24726.774944174205,-0.0114186289250642,-87.52247165755293,-1.8401700788090238,107.31975914886125,-109.15992922767028,41.30289740974934,23.106257086594265,27090.901953125,27148.93134765625,26721.1894921875,24631.87421875,ABBOTINDIA.NS,2025-08-18 10:52:16.409092
347,2024-03-21 00:00:00+05:30,27124.96871273477,27219.710899461446,26737.05249350964,26904.517578125,9629,0.0,0.0,2024-03-21,27235.88203125,577.4950138688446,27813.377045118843,26658.387017381156,28390.87205898769,26080.89200351231,-11.08427467240919,-13.15431688065756,89943,11387.61921702381,15815.962873649776,24137.42873171497,52.56508901602234,26953.760323698694,27170.46815388775,26687.809747935942,27436.4187296505,26471.101917746888,27653.126559839555,26205.151341984136,0.0074312619226161005,-57.16638641574251,68.66824156739312,134.60974145577882,-65.94149988838569,47.92657977319329,22.65108733354841,27350.92265625,27235.88203125,26666.060703125,24584.87025390625,ABBOTINDIA.NS,2025-08-18 10:52:16.409092
348,2024-03-20 00:00:00+05:30,27416.682773686272,27493.19581019613,26836.217440616856,26919.634765625,11001,0.0,0.0,2024-03-20,27306.76181640625,620.1072224190906,27926.86903882534,26686.65459398716,28546.976261244432,26066.54737156807,15.186912712824217,0.8175610466418048,99572,13017.5084634532,16923.048787806267,24125.619100927084,50.90063259831543,27083.016005479327,27329.814570341798,26672.836200762522,27739.994375058603,26426.03763590005,27986.792939921073,26015.857831183246,0.011115245948557412,-56.377491896813574,99.86159448461694,151.09511642787524,-51.233521943258296,48.11039487868706,23.180363663490155,27474.365625,27306.76181640625,26587.9884375,24534.68517578125,ABBOTINDIA.NS,2025-08-18 10:52:16.409092
349,2024-03-19 00:00:00+05:30,27999.968188325114,27999.968188325114,27419.94144930889,27505.59375,9557,0.0,0.0,2024-03-19,27379.787890625,657.0179235293513,28036.80581415435,26722.76996709565,28693.823737683702,26065.7520435663,100.55405204424358,41.41539999113274,110573,11554.978748151912,17899.43386889453,24111.92871052211,58.01959868713951,27641.834462544666,27863.72747578044,27283.700736764218,28221.86120156089,27061.807723528444,28443.754214796663,26703.673997747996,0.028142595279000693,-33.883334031750294,136.79667036751198,163.90349691368982,-27.106826546177842,55.81369938119039,23.923112687356753,27418.5890625,27379.787890625,26514.01796875,24486.3390625,ABBOTINDIA.NS,2025-08-18 10:52:16.409092
350,2024-03-18 00:00:00+05:30,27951.35666159679,27951.35666159679,27058.90706123104,27809.55859375,19878,0.0,0.0,2024-03-18,27439.8322265625,720.889732497026,28160.721959059527,26718.94249406547,28881.61169155655,25998.052761568448,123.43396196953654,41.49735050704409,120130,24299.275367243605,19485.547649080185,24097.421028985274,57.28845986272684,27606.60743885928,28154.30781648752,27261.858216121767,28499.05703922503,26714.157838493527,29046.75741685327,26369.408615756016,0.07020272087427405,-19.749081186338767,124.3040013265927,170.68020355023427,-46.37620222364157,60.478149116826366,25.668841294507235,27166.2390625,27439.8322265625,26422.207265625,24431.39640625,ABBOTINDIA.NS,2025-08-18 10:52:16.409092
351,2024-03-15 00:00:00+05:30,27521.732310937623,27789.48238719491,27292.04507130725,27615.30859375,14070,0.0,0.0,2024-03-15,27485.25673828125,772.2090830376692,28257.465821318918,26713.04765524358,29029.674904356587,25940.83857220591,119.14329587600531,41.324269952051495,100252,17079.31855725042,18282.115719539328,24064.118052828428,40.013421377918135,27565.612017417385,27839.17896352752,27341.74164763986,28063.049333305044,27068.174701529726,28336.61627941518,26844.304331752202,0.03957265394730656,-28.781634363703343,76.49027375600053,182.27425410614464,-105.7839803501441,58.41587153560122,27.63630071296723,26898.955859375,27485.25673828125,26325.0327734375,24373.568203125,ABBOTINDIA.NS,2025-08-18 10:52:16.409092
352,2024-03-14 00:00:00+05:30,26897.46961789798,27805.231721873373,26493.02563029422,27521.732421875,31673,0.0,0.0,2024-03-14,27523.15390625,797.1240608807462,28320.277967130747,26726.029845369256,29117.402028011493,25928.90578448851,66.52666036594519,26.27937366250971,86182,38317.000943698615,18582.815010111553,24041.423534136593,34.19306101400501,27273.329924680864,28053.634219067506,26741.428127488354,28585.536016260015,25961.123833101712,29365.840310646658,25429.222035909203,0.02058767972029279,-33.13289175672855,33.24595173370835,208.72024919368064,-175.4742974599723,57.42199489085622,29.282699394152054,26710.461328125,27523.15390625,26226.311484375,24315.464375,ABBOTINDIA.NS,2025-08-18 10:52:16.409092
353,2024-03-13 00:00:00+05:30,26249.968459987806,26762.718223680084,26083.71865974122,26640.751953125,12992,0.0,0.0,2024-03-13,27574.6548828125,829.6382696200445,28404.293152432547,26745.016613192456,29233.931422052592,25915.37834357241,-63.856233473667125,-16.784328140653116,54509,15214.19686675247,13649.268526714784,23990.62477995908,20.74577700550651,26495.7296121821,26907.740564622978,26228.741000684113,27174.729176120964,25816.730048243233,27586.740128561843,25549.741436745247,-0.0093724299680671,-77.13326540549234,-13.40777622735186,252.58882355867368,-265.9965997860255,46.176612302118485,31.05574412773571,26518.62265625,27574.6548828125,26118.4532421875,24258.24478515625,ABBOTINDIA.NS,2025-08-18 10:52:16.409092
354,2024-03-12 00:00:00+05:30,26249.969502431628,26638.85793950469,26181.23423072669,26243.84375,7102,0.0,0.0,2024-03-12,27646.7427734375,806.5358715671522,28453.278645004655,26840.206901870348,29259.814516571805,26033.671030303198,-92.47976651680608,-21.815740126607043,41517,8192.843369817812,13258.036441705362,23974.66243065768,14.441349859436585,26354.645306743794,26528.056382760897,26070.432673982898,26812.269015521793,25897.021597965795,26985.680091538896,25612.8089652049,-0.01116217472869026,-94.68156218905594,13.827690596786852,319.08797350518006,-305.2602829083932,39.490843868553256,31.594972503949887,26512.498046875,27646.7427734375,26029.9675390625,24210.36244140625,ABBOTINDIA.NS,2025-08-18 10:52:16.409092
355,2024-03-11 00:00:00+05:30,26930.473843135795,26930.473843135795,26115.26648881385,26473.142578125,18245,0.0,0.0,2024-03-11,27718.88642578125,735.8804340625333,28454.76685984378,26983.005991718717,29190.647293906317,26247.12555765618,-93.14621633947365,-10.075753483923458,48619,21231.266763806747,14524.334709677249,23967.16631542413,14.363897327874,26506.294303358212,26897.322117902575,26082.11476358063,27321.501657680157,25691.086949036267,27712.52947222452,25266.907409258685,0.06564198656533402,-86.14885305620021,87.57727508701646,395.4030442322784,-307.8257691452619,42.31021927960627,31.823188239359357,26631.556640625,27718.88642578125,25944.9954296875,24165.59701171875,ABBOTINDIA.NS,2025-08-18 10:52:16.409092
356,2024-03-07 00:00:00+05:30,26562.538215611447,26996.828612146433,26554.906659913515,26672.8359375,4563,0.0,0.0,2024-03-07,27760.40751953125,683.4515666033535,28443.859086134606,27076.955952927896,29127.310652737957,26393.504386324545,-84.73288331634708,5.746744772244361,66864,5349.906638574355,12847.601696144875,23945.717239358008,21.883714091657012,26741.523736519983,26928.14081312645,26486.218860893532,27183.4456887529,26299.601784287064,27370.06276535937,26044.296908660614,0.0390891381398009,-83.77936528502255,158.0897028373911,472.3594865185938,-314.26978368120274,44.90257959081232,32.068959031338785,26823.492578125,27760.40751953125,25854.3951171875,24117.73701171875,ABBOTINDIA.NS,2025-08-18 10:52:16.409092
357,2024-03-06 00:00:00+05:30,26497.886358671283,26755.475582272687,26259.692186670753,26562.5390625,9022,0.0,0.0,2024-03-06,27800.43154296875,638.3608015518145,28438.792344520563,27162.070741416934,29077.153146072378,26523.70993986512,-146.02682321891496,-0.8207741012056382,62301,10534.136693948827,14722.025460537503,23939.867009478476,23.494278537301668,26525.902277147816,26792.11236762488,26296.328972022944,27021.68567274975,26030.11888154588,27287.895763226814,25800.54557642101,0.0067878322505822005,-88.15115354578724,226.3049089909,550.9269324388945,-324.6220234479945,43.11492786326012,33.03346946649079,27017.791015625,27800.43154296875,25757.515234375,24069.0802734375,ABBOTINDIA.NS,2025-08-18 10:52:16.409092
358,2024-03-05 00:00:00+05:30,26979.086822841444,26979.086822841444,26512.519424487058,26610.12890625,6108,0.0,0.0,2024-03-05,27868.773828125,568.1652617173468,28436.939089842344,27300.608566407653,29005.10435155969,26732.443304690307,-169.37984080109084,10.634672249322204,71323,7144.511630235003,15768.997652184671,23928.69551646517,28.660994285457974,26700.578384526165,26888.63734456527,26422.069946210886,27167.14578288055,26234.01098617178,27355.204742919657,25955.5025478565,0.039603884535739625,-95.76180600445161,321.07475290727234,632.082438300893,-311.0076853936207,43.68275636797211,33.433179573793545,27268.332421875,27868.773828125,25665.7861328125,24024.61623046875,ABBOTINDIA.NS,2025-08-18 10:52:16.409092
359,2024-03-04 00:00:00+05:30,27389.463253116588,27531.018270946486,26742.886826148526,26839.13671875,14704,0.0,0.0,2024-03-04,27914.8837890625,493.10560573086804,28407.989394793367,27421.778183331633,28901.095000524238,26928.672577600762,-163.8145612864971,27.766561173655393,77431,17347.24760609034,17925.11915767209,23920.94046523272,34.4841316101475,27037.68060528167,27332.47438441481,26544.34293961685,27825.81205007963,26249.549160483708,28120.60582921277,25756.21149481889,0.07566728157865714,-95.35635751261056,432.85722372017335,709.8343596492982,-276.97713592912487,46.41421477971563,34.26609011144822,27521.090625,27914.8837890625,25568.25875,23981.76171875,ABBOTINDIA.NS,2025-08-18 10:52:16.409092
360,2024-03-01 00:00:00+05:30,27775.383982750656,27853.0154560701,27383.578888240925,27432.822265625,9277,0.0,0.0,2024-03-01,27937.41494140625,449.7546031790971,28387.169544585347,27487.66033822715,28836.924147764443,27037.905735048054,-92.24825449303874,51.21939491558433,92135,11186.76685837405,18069.587045567525,23900.4805941588,41.61082672704905,27556.47220331201,27729.365518383092,27259.928950553916,28025.908771141185,27087.035635482833,28198.80208621227,26790.49238272474,0.12543551083372947,-70.38123919027984,546.8604173371423,779.0786436315793,-232.21822629443704,54.63862855152977,35.5521325585861,27686.8734375,27937.41494140625,25461.8812109375,23937.33509765625,ABBOTINDIA.NS,2025-08-18 10:52:16.409092
361,2024-02-29 00:00:00+05:30,27815.24535196736,27901.919241812106,27319.41259665442,27644.328125,15096,0.0,0.0,2024-02-29,27930.00908203125,459.61221186686294,28389.621293898115,27470.396870164386,28849.233505764976,27010.784658297525,-95.4643031455446,56.68681349717244,101412,18344.017968048367,19790.292092365893,23884.786057350015,52.00385395493702,27621.88665448884,27924.36071232326,27341.854067165576,28204.393299646526,27039.380009331155,28506.867357480947,26759.34742200789,0.3112103764808173,-59.616003754947855,626.0642565584931,837.1332002051885,-211.0689436466954,58.04094668245781,38.22485746644374,27782.375,27930.00908203125,25358.54578125,23885.27556640625,ABBOTINDIA.NS,2025-08-18 10:52:16.409092
362,2024-02-28 00:00:00+05:30,27854.864104177133,28234.273394218588,27674.17718976983,27815.24609375,15458,0.0,0.0,2024-02-28,27806.18701171875,769.6442294724435,28575.831241191194,27036.542782246306,29345.475470663638,26266.898552773862,-60.05631679711931,70.63782856103316,116508,18900.041179324468,20151.86062344527,23857.406498530738,52.38884013286741,27907.898892579473,28141.620595389115,27581.524390940358,28467.99509702823,27347.802688130716,28701.71679983787,27021.4281864916,0.30131143240689046,-50.916612734956324,697.1532273419471,889.9004361168622,-192.74720877491518,60.885858842956814,41.10317659798273,27864.353125,27806.18701171875,25248.608984375,23830.65375,ABBOTINDIA.NS,2025-08-18 10:52:16.409092
363,2024-02-27 00:00:00+05:30,27688.858008045252,27992.19100307721,27688.858008045252,27873.919921875,6347,0.0,0.0,2024-02-27,27674.7888671875,967.0344848588661,28641.823352046365,26707.754382328636,29608.857836905234,25740.719897469768,-87.51201141688358,72.49070699608252,131966,7776.6595585067,20464.81548447547,23827.669857373774,44.70121748433905,27851.656310999155,28014.454613953058,27711.1216189211,28154.98930603111,27548.323315967198,28317.787608985014,27407.788623889144,0.31739954299661216,-47.93022940011956,760.7728941144524,938.0872383105909,-177.31434419613856,61.85219450647525,43.50795268547001,27965.7265625,27674.7888671875,25133.591328125,23777.296328125,ABBOTINDIA.NS,2025-08-18 10:52:16.409092
364,2024-02-26 00:00:00+05:30,27805.52322339407,28014.79381338832,26850.8989536534,27668.05078125,48847,0.0,0.0,2024-02-26,27521.09521484375,1158.9471577007132,28680.042372544463,26362.148057143037,29838.989530245177,25203.200899442323,-178.70087100347465,64.44957490710178,125619,59407.73587068518,23636.854465967663,23815.148728434215,46.91487883602752,27511.247849430572,28171.596745207746,27007.701885472823,28675.142709165495,26347.35298969565,29335.49160494267,25843.8070257379,0.30082669188257033,-58.408566852550216,824.9200011652065,982.4158243596255,-157.49582319441902,59.77185674473995,46.60385412278778,28066.973828125,27521.09521484375,25018.31796875,23723.9126171875,ABBOTINDIA.NS,2025-08-18 10:52:16.409092
365,2024-02-23 00:00:00+05:30,28054.218803110874,28183.8641089915,27763.718374470027,27910.330078125,8697,0.0,0.0,2024-02-23,27380.58251953125,1301.7538276887842,28682.336347220033,26078.828691842467,29984.09017490882,24777.07486415368,-72.47286233727058,84.44723391074182,174466,10669.915584222144,14694.134114788281,23721.151242369368,63.13782821301333,27952.637520528846,28141.556666587665,27721.410932066192,28372.78325505032,27532.491786007373,28561.702401109138,27301.26519754472,0.2953773499427405,-51.50435752578438,914.8239399331687,1021.7897801582302,-106.96584022506147,63.559643883437126,49.93790182451461,28274.659765625,27380.58251953125,24907.9173828125,23664.72427734375,ABBOTINDIA.NS,2025-08-18 10:52:16.409092
366,2024-02-22 00:00:00+05:30,28322.11313834593,28519.717079548718,27914.60627908793,28054.21875,13290,0.0,0.0,2024-02-22,27203.2955078125,1457.8943573053416,28661.18986511784,25745.40115050716,30119.084222423186,24287.506793201817,-5.042944853364881,97.62562483717898,183163,16388.896053816934,15700.188747429815,23702.875320248688,71.11224166158709,28162.847369545547,28411.088460003164,27805.977659542375,28767.958170006335,27557.73656908476,29016.199260463953,27200.866859081587,0.25142248039439646,-40.419486592902786,992.2064165433621,1048.5312402144955,-56.324823671133345,65.86133868172423,51.057326294711025,28436.203515625,27203.2955078125,24793.5296875,23606.73615234375,ABBOTINDIA.NS,2025-08-18 10:52:16.409092
367,2024-02-21 00:00:00+05:30,28432.60659106575,28532.8422085406,28194.36304659269,28322.11328125,7813,0.0,0.0,2024-02-21,27044.95947265625,1530.7566876617439,28575.716160317992,25514.202784994508,30106.472847979738,23983.446097332762,36.12208291691573,111.26264830715138,196453,9726.800772198196,15528.011920833034,23673.671864788674,84.24650936518795,28349.772845461095,28505.1826443295,28166.703482381592,28688.252007409003,28011.293683513188,28843.661806277407,27828.224320433685,0.28425635348010897,-15.720228030850965,1062.075151237761,1062.6124461322788,-0.5372948945177995,70.25994715042201,51.74063620111489,28500.01015625,27044.95947265625,24680.5721484375,23546.9931640625,ABBOTINDIA.NS,2025-08-18 10:52:16.409092
368,2024-02-20 00:00:00+05:30,28668.662869042197,28698.995408615305,28262.468123190047,28380.15625,7538,0.0,0.0,2024-02-20,26867.53154296875,1579.800939195275,28447.332482164027,25287.730603773474,30027.1334213593,23707.9296645782,59.879770273111035,122.52210960360496,204266,9403.671643377415,16978.314707991743,23655.2587190498,87.00966394488468,28447.206593935116,28631.945064680185,28195.417779254927,28883.733879360374,28010.679308509858,29068.472350105443,27758.89049382967,0.28185160391818015,-11.374143601271408,1109.0527039243316,1062.7467698559083,46.30593406842331,71.21681847204297,51.44313053326605,28545.937890625,26867.53154296875,24558.5905078125,23483.98642578125,ABBOTINDIA.NS,2025-08-18 10:52:16.409092
369,2024-02-19 00:00:00+05:30,28718.05027980528,28806.717984913827,28457.981131252625,28706.48046875,12349,0.0,0.0,2024-02-19,26705.9458984375,1582.2149932168181,28288.16089165432,25123.730905220684,29870.375884871137,23541.515912003866,108.38941668058246,137.65876151810173,211804,15582.54109402929,18871.975474145325,23637.13220618367,90.1150422166782,28657.059861638816,28856.138592025007,28507.401738363806,29005.796715300017,28308.323007977615,29204.875445686208,28158.664884702604,0.29272518803243064,-2.726829360818528,1146.6780251548698,1051.1702863388023,95.50773881606756,76.6680110067013,50.861486571168896,28486.40859375,26705.9458984375,24439.6362890625,23419.35509765625,ABBOTINDIA.NS,2025-08-18 10:52:16.409092
370,2024-02-16 00:00:00+05:30,28373.299617562112,28815.610832418522,28373.250246961055,28718.048828125,7903,0.0,0.0,2024-02-16,26521.748828125,1551.1936016207387,28072.94242974574,24970.55522650426,29624.136031366477,23419.361624883524,135.24269921753353,145.0104329876505,224153,9976.390779038118,19694.334069174332,23605.07041654307,90.07982037972168,28635.63663583486,28898.023024708666,28455.6624392512,29077.997221292328,28193.276050377393,29340.383610166133,28013.30185379373,0.296439146456629,-2.340297950040476,1145.3379372298841,1027.2933516347853,118.04458559509885,76.86170848657869,49.4795166473272,28282.455859375,26521.748828125,24314.2460546875,23354.32955078125,ABBOTINDIA.NS,2025-08-18 10:52:16.409092
371,2024-02-15 00:00:00+05:30,28551.753270844296,28583.301086815834,28203.988634966405,28373.251953125,9518,0.0,0.0,2024-02-15,26336.64287109375,1495.1905967604525,27831.8334678542,24841.4522743333,29327.024064614656,23346.261677572846,132.32330280158325,143.15268398652694,216250,11870.83738653532,22123.819891708383,23584.291103162184,90.72419134099766,28386.84722496908,28569.705814971752,28190.393363122323,28766.159676818508,28007.53477311965,28949.018266821182,27811.080911272893,0.26691140495166593,-6.3254170605548055,1125.1293053688423,997.7822052360106,127.34710013283177,75.12243938501439,47.99124134472846,27999.558984375,26336.64287109375,24189.254375,23292.62169921875,ABBOTINDIA.NS,2025-08-18 10:52:16.409092
372,2024-02-14 00:00:00+05:30,28085.473203806418,28646.590980209316,27758.467023143345,28551.751953125,12941,0.0,0.0,2024-02-14,26172.46142578125,1439.014180857323,27611.475606638574,24733.447244923926,29050.489787495895,23294.433064066605,120.91785089558486,148.32014686836527,225768,16241.537527858307,24687.065518001647,23560.7361022527,84.03833729065848,28318.93665215922,28879.406281175096,27991.282324109125,29207.06060922519,27430.81269509325,29767.530238241066,27103.158367043154,0.20037529511977942,-2.122287627174408,1116.1659870335861,965.9454302028025,150.2205568307836,77.93871405576999,46.55050316339235,27819.571875,26172.46142578125,24076.76453125,23235.49787109375,ABBOTINDIA.NS,2025-08-18 10:52:16.409092
373,2024-02-13 00:00:00+05:30,27737.904855758403,28188.578708368997,27647.488293025483,28082.509765625,12964,0.0,0.0,2024-02-13,26018.99140625,1331.5729067426992,27350.564312992698,24687.4184995073,28682.1372197354,23355.8455927646,82.34262749485177,143.15461746958394,212827,16003.002817616783,26798.44751553748,23527.133955436624,83.9399353061473,27972.858922339827,28298.22955165417,27757.139136310656,28513.94933768334,27431.76850699631,28839.319966997686,27216.04872096714,0.20522579866149923,-2.644646042401095,1070.1990720887006,928.3902909951065,141.80878109359412,75.71648399626307,44.99893896810731,27695.0984375,26018.99140625,23966.163671875,23177.00517578125,ABBOTINDIA.NS,2025-08-18 10:52:16.409092
374,2024-02-12 00:00:00+05:30,27303.612340605356,27899.48698943361,27057.932845967927,27686.716796875,31271,0.0,0.0,2024-02-12,25866.5470703125,1255.235330975283,27121.782401287783,24611.311739337216,28377.017732263066,23356.076408361932,57.150147499349224,134.56150074355526,199863,38057.4572945917,29497.30869001765,23496.201635721434,79.80925376644758,27548.04554409218,28038.158242216432,27196.604098750748,28389.599687557864,26706.491400626495,28879.712385682116,26355.049955285063,0.22627679623093733,-9.299749318974548,1041.3455998738282,892.938095721708,148.40750415212017,73.63657084391915,43.66021815953747,27585.062109375,25866.5470703125,23867.390859375,23118.9217578125,ABBOTINDIA.NS,2025-08-18 10:52:16.409092
375,2024-02-09 00:00:00+05:30,27611.078741045705,27658.571361148606,27242.267053199295,27303.564453125,13645,0.0,0.0,2024-02-09,25713.9984375,1206.8474655550722,26920.84590305507,24507.150971944928,28127.693368610144,23300.303506389853,56.493003138129374,136.93598054043272,168592,16376.43735458076,27357.271538874138,23426.421676551352,78.39455061557254,27401.467622490967,27560.66819178264,27144.363883833328,27817.771930440278,26985.163314541656,27976.97249973195,26728.059575884017,0.2639590913180968,-19.20387323189281,1027.6060588866203,855.8362196836779,171.76983920294242,71.43744536458077,42.456591586519316,27505.670703125,25713.9984375,23771.33546875,23065.70578125,ABBOTINDIA.NS,2025-08-18 10:52:16.409092
376,2024-02-08 00:00:00+05:30,27929.38494675329,28046.488219282684,27343.767944031002,27473.31640625,16917,0.0,0.0,2024-02-08,25545.1017578125,1209.0481685908906,26754.14992640339,24336.05358922161,27963.19809499428,23127.005420630718,79.55046000968618,155.50717411326232,182237,20429.65242633645,30102.48008494748,23398.04418775736,78.59375301521881,27621.190856521232,27898.613769011463,27195.89349375978,28323.911131772915,26918.47058126955,28601.334044263145,26493.1732185081,0.3201055594386949,-14.815946586957882,1032.1801946755477,812.8937598829422,219.28643479260552,73.9760527247285,41.37333626728142,27501.898828125,25545.1017578125,23686.0532421875,23015.28203125,ABBOTINDIA.NS,2025-08-18 10:52:16.409092
377,2024-02-07 00:00:00+05:30,27532.329289212328,28000.93985870279,27419.648484119076,27929.384765625,15152,0.0,0.0,2024-02-07,25349.37421875,1197.266318625915,26546.640537375915,24152.107900124083,27743.906856001828,22954.84158149817,109.67419847454298,175.11736162663422,199154,18601.9242487865,32520.68699960024,23360.725402655866,79.20318626773458,27783.32436948229,28147.0002548455,27565.708880261787,28364.615744066003,27202.032994898575,28728.291629429215,26984.417505678073,0.3638228184977398,-1.871667822261429,1005.6793853448871,758.0721511847908,247.60723416009637,81.17245331609135,39.87749570313926,27040.812890625,25349.37421875,23604.14453125,22964.01484375,ABBOTINDIA.NS,2025-08-18 10:52:16.409092
378,2024-02-06 00:00:00+05:30,27289.808341774962,27664.160920611932,27107.273838244866,27532.328125,13959,0.0,0.0,2024-02-06,25102.9501953125,1144.3188431742096,26247.26903848671,23958.63135213829,27391.58788166092,22814.31250896408,129.51396950105226,174.6974930612193,184002,16893.661376877866,36000.37768730367,23322.943570276366,67.59462750048361,27434.587627952267,27761.90141765967,27205.014335292602,27991.474710319333,26877.7005455852,28318.788500026734,26648.127252925537,0.31338343074408653,-3.7814672019090065,911.5969291369584,696.1703426447667,215.42658649219163,79.56540007462394,38.027230956753336,26492.392578125,25102.9501953125,23510.016015625,22908.35421875,ABBOTINDIA.NS,2025-08-18 10:52:16.409092
379,2024-02-05 00:00:00+05:30,27391.356869082767,27538.162253026527,26931.885563745233,27289.759765625,30098,0.0,0.0,2024-02-05,24887.38935546875,1065.9800917798734,25953.369447248624,23821.409263688874,27019.349539028495,22755.429171909003,187.94861487716346,182.7193656271121,170043,36104.71250770642,40777.056764910114,23290.627496001012,69.10520275789801,27253.269194132252,27574.65282451927,26968.376135237977,27859.545883413546,26646.992504850958,28180.929513800565,26362.099445956683,0.3176987005913443,-7.392297040294042,816.4348637635594,642.3136960217188,174.12116774184062,78.52558995412298,36.27505650169161,25945.936328125,24887.38935546875,23424.1737890625,22856.92423828125,ABBOTINDIA.NS,2025-08-18 10:52:16.409092
380,2024-02-02 00:00:00+05:30,25676.358970422418,27494.606092225844,25676.358970422418,27284.705078125,103081,0.0,0.0,2024-02-02,24668.654296875,993.4459457182606,25662.10024259326,23675.20835115674,26655.54618831152,22681.76240543848,290.4076180216689,179.20047745545438,139945,123630.15895543084,41945.142829211036,23223.31460475213,69.43859636134454,26818.556713591086,27960.754456759754,26142.507334956328,28636.803835394512,25000.30959178766,29779.00157856318,24324.260213152902,0.3421373274145531,-6.3285489962995,706.1176660078272,598.7834040862585,107.33426192156867,78.50444502812891,34.48167630801039,25459.54375,24668.654296875,23344.0841796875,22808.6738671875,ABBOTINDIA.NS,2025-08-18 10:52:16.409092
381,2024-02-01 00:00:00+05:30,25447.886385571186,25600.864990430364,24987.150442927334,25167.88671875,9535,0.0,0.0,2024-02-01,24451.9607421875,855.9336268326069,25307.89436902011,23596.027115354893,26163.827995852713,22740.09348852229,115.67896341762719,110.49059444154209,36864,10548.579702736673,21523.888797656087,22974.86724197415,63.20606596876639,25251.9673840359,25516.784325144465,24903.069777641434,25865.68193153893,24638.25283653287,26130.498872647495,24289.355230138404,0.27056322621291456,-25.809464982603576,554.6772810439361,571.9498386058664,-17.272557561930284,65.1465228750969,32.5816255145711,24875.520703125,24451.9607421875,23264.5856640625,22757.42759765625,ABBOTINDIA.NS,2025-08-18 10:52:16.409092
382,2024-01-31 00:00:00+05:30,24835.242315096846,25520.75504752184,24813.513552823286,25187.283203125,23752,0.0,0.0,2024-01-31,24327.52861328125,924.523551513769,25252.05216479502,23403.005061767482,26176.575716308787,22478.481510253714,93.78847472443962,114.65939211534719,46399,26297.111676921995,24267.716071385938,22962.387412670825,65.48931087235952,25173.850601156708,25534.18764949013,24826.946154791574,25881.092095855263,24466.609106458152,26241.429144188685,24119.70466009302,0.3202326030128577,-20.512936145086112,560.8580314294559,576.2679779963489,-15.40994656689304,65.49287464837866,32.683943026307034,24819.44296875,24327.52861328125,23220.6121484375,22722.99396484375,ABBOTINDIA.NS,2025-08-18 10:52:16.409092
383,2024-01-30 00:00:00+05:30,24890.803330273455,25057.732925065575,24646.825217243535,24800.046875,13033,0.0,0.0,2024-01-30,24174.60546875,1022.5757628158362,25197.181231565835,23152.029705934165,26219.75699438167,22129.45394311833,-34.98072239484979,103.37542620372642,22647,14207.688859008163,23760.367170001922,22930.394350118047,64.68694412332047,24834.868339103035,25022.911460962536,24612.003753140496,25245.776046925075,24423.960631280996,25433.819168784576,24201.096045318456,0.2921854132915081,-32.66487838099505,558.3631560917202,580.1204646380722,-21.75730854635208,61.720775458546576,32.940204174036936,24736.697265625,24174.60546875,23169.7961328125,22691.860546875,ABBOTINDIA.NS,2025-08-18 10:52:16.409092
384,2024-01-29 00:00:00+05:30,24364.58838277935,25092.29582986335,24325.310273062696,24857.796875,32932,0.0,0.0,2024-01-29,24045.42646484375,1099.687717105598,25145.114181949346,22945.738747738153,26244.801899054946,21846.051030632552,-63.62305174463224,106.77429296506497,35680,35983.82138547007,26148.53674775036,22915.525015637835,59.957023980849485,24758.46765930868,25191.625045554665,24424.639488754012,25525.453216109334,23991.482102508027,25958.61060235532,23657.65393195336,0.32170736561181174,-29.091991073531315,584.845822920237,585.5597917746602,-0.7139688544232285,62.6694501191862,34.162021622914914,24806.3765625,24045.42646484375,23119.5828515625,22668.536015625,ABBOTINDIA.NS,2025-08-18 10:52:16.409092
385,2024-01-25 00:00:00+05:30,24887.498580720883,25031.193618329176,24177.874022622218,24364.58984375,27325,0.0,0.0,2024-01-25,23902.29853515625,1172.2798805302164,25074.578415686465,22730.018654626034,26246.858296216684,21557.738774095815,-110.01486968988395,99.35394269323643,2748,29264.817235239643,23689.715588320432,22875.693143317916,58.62460039515009,24524.552494900465,24871.23096717871,24017.911371471753,25377.872090607423,23671.232899193506,25724.55056288567,23164.591775764795,0.31351186142435467,-45.604089676958466,604.2028611640199,585.7382839882661,18.46457717575379,57.48743824132661,35.477825029398886,24839.325,23902.29853515625,23072.6168359375,22647.10439453125,ABBOTINDIA.NS,2025-08-18 10:52:16.409092
386,2024-01-24 00:00:00+05:30,24791.637428591635,25003.484780745497,24538.859948927566,24887.498046875,12433,0.0,0.0,2024-01-24,23781.225390625,1244.8214447087025,25026.046835333702,22536.4039459163,26270.868280042407,21291.582501207595,-4.7322706590660175,126.95926425178683,30073,13601.403147825431,22295.94017659063,22849.91919358009,57.872484419859646,24809.947592182685,25081.035235437805,24616.410403619873,25274.572424000617,24345.322760364754,25545.660067255736,24151.785571801942,0.35355030136425775,-24.18243989073782,668.4045668240287,581.1221396943275,87.2824271297012,66.58732470597928,37.023751467850836,24969.59296875,23781.225390625,23046.2676953125,22631.10357421875,ABBOTINDIA.NS,2025-08-18 10:52:16.409092
387,2024-01-23 00:00:00+05:30,24504.881770950262,25063.85952314943,24504.881770950262,24773.5546875,15952,0.0,0.0,2024-01-23,23628.292578125,1288.8636724960681,24917.15625062107,22339.428905628934,26206.01992311714,21050.565233132864,11.625459211972247,134.04277351480823,17640,17371.20751950565,24469.574433781927,22833.7428317692,58.56275874859283,24780.765327199897,25056.648883449532,24497.671131250365,25339.743079399064,24221.78757500073,25615.6266356487,23938.693379051198,0.33304358595787414,-27.801817795608027,688.9763280533298,559.3015329119022,129.67479514142758,65.48178082722552,37.58223400537251,25010.01796875,23628.292578125,23012.8398046875,22609.61603515625,ABBOTINDIA.NS,2025-08-18 10:52:16.409092
388,2024-01-19 00:00:00+05:30,25022.005244939304,25267.92971312603,24976.409594144396,25148.443359375,9675,0.0,0.0,2024-01-19,23488.41904296875,1309.6624229703348,24798.081465939085,22178.756619998418,26107.74388890942,20869.094197028084,58.59042654153764,172.60178931201082,33592,10695.192917332717,26244.16616235099,22813.780481485723,66.23880799515439,25130.927555548475,25285.445516952554,24993.92539797092,25422.447674530107,24839.407436566842,25576.965635934186,24702.40527898929,0.35259605744663275,-14.214687013273803,716.0970755042435,526.8828341265453,189.21424137769827,72.84574903469972,38.18367673808817,25151.77734375,23488.41904296875,22989.2012109375,22587.63994140625,ABBOTINDIA.NS,2025-08-18 10:52:16.409092
389,2024-01-18 00:00:00+05:30,25034.642454922323,25156.21945574308,24598.164577768337,25022.5390625,14103,0.0,0.0,2024-01-18,23317.68486328125,1304.4305639446682,24622.11542722592,22013.254299336582,25926.545991170588,20708.823735391914,51.53267098135715,170.95817282004197,23917,15512.05809481236,30131.409473605556,22799.117198700656,67.22862146976473,24925.64103200381,25253.11748623928,24695.062608264536,25483.695909978553,24367.586154029064,25811.172364214024,24137.00773028979,0.36328052512447234,-17.59183721496614,703.0490409119775,479.57927378212065,223.46976712985685,71.85885534436787,37.20109298026772,25128.81328125,23317.68486328125,22948.74609375,22561.36712890625,ABBOTINDIA.NS,2025-08-18 10:52:16.409092
390,2024-01-17 00:00:00+05:30,24888.861144252693,25413.811188409585,24836.507415721182,25015.9296875,15925,0.0,0.0,2024-01-17,23142.5708984375,1298.5853427223228,24441.156241159824,21843.98555571518,25739.741583882147,20545.400212992856,74.88361950894065,199.94652908192725,9814,17511.47100303261,33786.24731830385,22778.5732557988,70.94604108274407,25088.749430543587,25340.99144536599,24763.687672677588,25666.05320323199,24511.445657855184,25918.295218054394,24186.383899989185,0.30504545669115823,-16.856778943146953,688.0910100896908,423.7118319996564,264.37917809003443,71.80890533998512,36.28352409710523,25051.454296875,23142.5708984375,22901.6225390625,22536.99939453125,ABBOTINDIA.NS,2025-08-18 10:52:16.409092
391,2024-01-16 00:00:00+05:30,25491.63645938281,25575.150629082716,24889.831616958785,25089.623046875,51548,0.0,0.0,2024-01-16,23005.076953125,1233.7550003664774,24238.831953491477,21771.321952758524,25472.586953857957,20537.566952392044,101.30115826772894,229.87423251894788,25739,56850.26546896853,37854.94139712166,22754.98368424908,74.50426345469478,25184.86843097217,25479.90524498555,24794.58623286162,25870.1874430961,24499.549418848237,26165.224257109483,24109.26722073769,0.3188412404490537,-14.817178858496934,659.1654998310078,357.61703747714785,301.5484623538599,73.15305823787392,34.380826912031274,24833.39453125,23005.076953125,22844.5619140625,22515.1015625,ABBOTINDIA.NS,2025-08-18 10:52:16.409092
392,2024-01-15 00:00:00+05:30,24986.082065612252,25648.79695278007,24986.082065612252,25482.3515625,33616,0.0,0.0,2024-01-15,22857.97021484375,1144.2808516559146,24002.251066499666,21713.689363187834,25146.53191815558,20569.40851153192,149.10544466347127,277.8799125041738,77287,37654.08328843929,33106.110379159945,22672.490568136825,85.96839089550468,25372.410193630774,25758.738321649296,25096.023434481478,26035.125080798593,24709.695306462956,26421.453208817115,24433.30854731366,0.383307350929213,-4.354435356271577,604.8870460033213,282.22992188868284,322.65712411463846,80.62134988681775,32.12317103303376,24527.223046875,22857.97021484375,22777.9764453125,22492.05556640625,ABBOTINDIA.NS,2025-08-18 10:52:16.409092
393,2024-01-12 00:00:00+05:30,24634.233878826544,25151.309265997992,24499.970531205177,25033.623046875,37367,0.0,0.0,2024-01-12,22687.07080078125,974.3147928144747,23661.385593595725,21712.756007966775,24635.7003864102,20738.4412151523,164.37448217818059,260.4943668634319,43671,41118.61531336385,31969.117151840102,22606.216848750675,79.36653725388759,24894.967614692723,25289.96469818027,24638.625963387454,25546.306349485538,24243.62887989991,25941.303432973084,23987.28722859464,0.3586195960788308,-3.3338526074850248,487.5514134880941,201.56564086002317,285.98577262807095,78.26734164042628,29.32600942409667,24030.93359375,22687.07080078125,22700.67515625,22464.727890625,ABBOTINDIA.NS,2025-08-18 10:52:16.409092
394,2024-01-11 00:00:00+05:30,23925.390374799375,24683.236764216097,23785.487370988198,24635.744140625,42601,0.0,0.0,2024-01-11,22540.90224609375,809.015145464249,23349.917391557996,21731.8871006295,24158.932537022247,20922.87195516525,168.21163430077937,226.9959686266046,6304,46133.0342064978,29681.742611459165,22540.861761772343,77.67529325140328,24368.156091943096,24950.824812897994,24053.075419670095,25265.905485170995,23470.406698715196,25848.574206125893,23155.326026442195,0.33021794524765063,-1.5510509329623914,374.1320648598703,130.06919770300541,244.06286715686488,75.85218922804827,26.706381844671643,23668.43125,22540.90224609375,22635.8231640625,,ABBOTINDIA.NS,2025-08-18 10:52:16.409092
395,2024-01-10 00:00:00+05:30,23624.971499855237,23986.63773022339,23398.93010587514,23925.630859375,33691,0.0,0.0,2024-01-10,22416.51611328125,644.4973208610616,23061.01343414231,21772.01879242019,23705.51075500337,21127.52147155913,139.65154785556265,168.163413805338,-36297,35432.666805548586,25568.919712699506,22474.5229451409,71.29293773077652,23770.399565157844,24141.869024440548,23554.1614000923,24358.107189506092,23182.691940809596,24729.576648788796,22966.453775744052,0.25461602126861566,-2.3484292665380084,262.4373052641131,69.05348091378917,193.38382435032392,70.40090297041954,24.34963923172286,23324.294140625,22416.51611328125,22580.2529296875,,ABBOTINDIA.NS,2025-08-18 10:52:16.409092
396,2024-01-09 00:00:00+05:30,23079.265023442815,23615.105080043784,23050.440185978554,23558.765625,16783,0.0,0.0,2024-01-09,22329.7818359375,538.7684449061497,22868.55028084365,21791.013391031353,23407.3187257498,21252.244946125204,117.55666502325374,122.84292403861959,-69988,17379.95577219949,23102.982939487236,22437.24801483632,62.57841256224498,23408.10363034078,23765.767074703002,23201.102180637772,23972.76852440601,22843.438736275548,24330.431968768233,22636.43728657254,0.17742198683981422,-2.5306991169050557,185.39324218865295,20.707524826208193,164.68571736244476,66.80604150491283,22.779741308018576,23129.334765625,22329.7818359375,22542.5589453125,,ABBOTINDIA.NS,2025-08-18 10:52:16.409092
397,2024-01-08 00:00:00+05:30,23138.862854761934,23416.918097470418,22929.835312166397,23000.904296875,20750,0.0,0.0,2024-01-08,22272.16064453125,455.6206609591392,22727.78130549039,21816.53998357211,23183.401966449528,21360.919322612972,101.50440372700172,79.44318511244121,-86771,20979.230410892662,24533.739731309175,22422.71110841011,61.893199715017936,23115.885902170605,23301.936492174813,22814.853706870792,23602.968687474626,22628.803116866584,23789.019277478834,22327.77092156677,0.17001789146898272,-20.5129571476737,120.07517327005189,-20.463904514402998,140.5390777844549,59.93548481248774,21.816288450141926,22953.43046875,22272.16064453125,22503.6798046875,,ABBOTINDIA.NS,2025-08-18 10:52:16.409092
398,2024-01-05 00:00:00+05:30,22915.057270137582,23333.306021016582,22832.805847318057,23221.111328125,22754,0.0,0.0,2024-01-05,22233.2669921875,422.1065972805149,22655.373589468014,21811.160394906983,23077.48018674853,21389.053797626468,133.03609253959286,79.0110268974759,-66021,23225.618873868505,25422.3670614133,22413.294303410123,68.75198168631732,23129.07439881988,23425.342950321705,22924.84277662318,23629.574572518406,22628.574225121356,23925.84312402023,22424.342602924655,0.2060560646535517,-5.770020942957901,89.56981926885055,-55.59867396051672,145.16849322936727,64.85599503907363,21.239644148159584,22779.013671875,22233.2669921875,22481.3819140625,,ABBOTINDIA.NS,2025-08-18 10:52:16.409092
399,2024-01-04 00:00:00+05:30,23017.335498168755,23017.335498168755,22500.649332668927,22915.05859375,34327,0.0,0.0,2024-01-04,22193.83369140625,356.74268162121086,22550.57637302746,21837.09100978504,22907.31905464867,21480.34832816383,127.56712650577664,33.240304361729656,-88775,34576.685748975346,25971.554108299497,22398.604713967183,63.50478366825854,22811.01447486256,23121.379617056195,22604.693451556366,23327.70064036239,22294.328309362732,23638.065782556023,22088.007286056538,0.15659338567493575,-6.280547443091942,27.4695475189219,-91.89079726785855,119.36034478678044,60.69127580910171,20.8233596379662,22578.084765625,22193.83369140625,22458.66015625,,ABBOTINDIA.NS,2025-08-18 10:52:16.409092
400,2024-01-03 00:00:00+05:30,22798.584541581204,22993.02875941985,22575.167375736874,22950.833984375,19924,0.0,0.0,2024-01-03,22169.92919921875,319.9968979238901,22489.92609714264,21849.93230129486,22809.92299506653,21529.93540337097,186.25819607344616,39.031783335394266,-54448,20100.25399228198,23820.271198130537,22384.037154211244,68.68398533578466,22839.676706510578,23104.186037284282,22686.324653601307,23257.538090193553,22421.815322827602,23522.047420967257,22268.46326991833,0.10097102975920341,-2.63032730480129,-22.312266677297885,-121.73088346455366,99.41861678725577,61.48222266698746,21.233937655518798,22394.120703125,22169.92919921875,22440.585546875,,ABBOTINDIA.NS,2025-08-18 10:52:16.409092
401,2024-01-02 00:00:00+05:30,22147.19615571649,22804.417604411152,22128.820797569366,22679.244140625,55844,0.0,0.0,2024-01-02,22145.8107421875,272.728853888342,22418.53959607584,21873.08188829916,22691.268449964184,21600.353034410815,169.22405341958648,-3.3248207377968373,-74372,55671.33494216546,24750.275499592673,22374.603230054334,63.94083970512111,22537.494180868507,22946.16756416765,22270.570757325862,23213.090987710293,21861.89737402672,23621.764371009434,21594.973950484076,-0.003991332833895893,-8.84272361212317,-89.23334352526217,-146.5855376613676,57.352194136105425,57.58624442442302,21.369742840847422,22192.579296875,22145.8107421875,22422.1036328125,,ABBOTINDIA.NS,2025-08-18 10:52:16.409092
402,2024-01-01 00:00:00+05:30,22217.195586322367,22267.6542389358,22088.862406845972,22128.8203125,24341,0.0,0.0,2024-01-01,22149.2865234375,280.2249322383174,22429.511455675816,21869.06159119918,22709.736387914134,21588.836658960863,77.08084420037304,-54.41963046245198,-130216,23676.81165495216,17020.01063894948,22359.695845388742,50.84177223931694,22161.778986093923,22234.695565341874,22055.903733252046,22340.57081818375,21982.987154004095,22413.4873974317,21877.111901162218,-0.155463875567496,-34.72002951135761,-146.81309603666887,-160.92358619539397,14.1104901587251,47.61475504049983,22.062372808566913,22022.498828125,22149.2865234375,22404.617265625,,ABBOTINDIA.NS,2025-08-18 10:52:16.409092
403,2023-12-29 00:00:00+05:30,22020.807305911876,22263.86257418905,21894.418566407745,22216.466796875,19648,0.0,0.0,2023-12-29,22193.93095703125,341.269596765358,22535.200553796607,21852.661360265894,22876.470150561967,21511.391763500535,68.27756389162002,-56.71108765474113,-105875,19187.565800095777,15355.81038494881,22364.727564897803,48.18962239084642,22124.915979157264,22355.413391906783,21985.969384125478,22494.35998693857,21755.47197137596,22724.857399688088,21616.525376344172,-0.13344136984125554,-26.987731866848055,-164.09977949674067,-164.45120873507523,0.3514292383345605,49.329637086134795,22.661957695755913,21991.9515625,22193.93095703125,22398.036328125,,ABBOTINDIA.NS,2025-08-18 10:52:16.409092
404,2023-12-28 00:00:00+05:30,21991.641822639318,22085.3149481533,21874.975287771205,21995.23828125,11577,0.0,0.0,2023-12-28,22240.30107421875,402.0804285256286,22642.381502744378,21838.220645693124,23044.46193127001,21436.140217167493,9.182804179841591,-74.32647393265258,-125523,11193.12220201143,14397.871531162067,22367.38249357642,40.97521625535565,21985.1761723915,22095.377057011796,21885.0373966297,22195.515832773595,21774.836512009406,22305.71671739389,21674.697736247606,-0.16882763968999856,-46.50482650519797,-192.37746315305776,-164.53906604465885,-27.838397108398908,44.65816603809621,23.290107109623875,21895.41015625,22240.30107421875,22390.75734375,,ABBOTINDIA.NS,2025-08-18 10:52:16.409092
405,2023-12-27 00:00:00+05:30,21858.446875537335,22062.56393485359,21826.363579407247,21943.126953125,11512,0.0,0.0,2023-12-27,22284.7365234375,422.1772646732284,22706.913788110727,21862.55925876427,23129.091052783955,21440.381994091043,-16.01534762782559,-79.87290012765784,-137100,11103.907555315021,15199.058863449725,22371.350955942424,44.128182217440326,21944.01815579528,22061.67273218331,21825.472376736965,22180.218511241623,21707.817800348934,22297.873087629654,21589.27202129062,-0.19106373610288946,-55.17200186851375,-203.8790003385584,-157.57946676755913,-46.29953357099927,43.51924795636854,23.123711668341393,21800.414453125,22284.7365234375,22386.19859375,,ABBOTINDIA.NS,2025-08-18 10:52:16.409092
406,2023-12-26 00:00:00+05:30,21972.145655961736,22040.250497881556,21621.272609345328,21828.841796875,24132,0.0,0.0,2023-12-26,22339.55283203125,445.9904831248317,22785.543315156083,21893.56234890642,23231.533798280914,21447.57186578159,-66.92012624520878,-95.86640865120195,-148612,23155.307393928146,16222.846690483399,22375.94046845812,37.41793462840762,21830.121634700627,22038.970660055926,21619.992771519697,22249.099523236855,21411.143746164398,22457.948548592154,21201.01488298347,-0.209205520572341,-65.69002852400452,-210.38320123285666,-146.0045833748093,-64.37861785804736,41.04845349138269,22.833992541170012,21864.99921875,22339.55283203125,22381.07890625,,ABBOTINDIA.NS,2025-08-18 10:52:16.409092
407,2023-12-22 00:00:00+05:30,21745.96002798295,22031.500582636785,21704.445051016206,21976.083984375,12474,0.0,0.0,2023-12-22,22417.00478515625,485.39544051597136,22902.40022567222,21931.609344640277,23387.79566618819,21446.213904124306,-60.490834931173104,-84.19076241527141,-124480,12049.876244302894,14489.731514622212,22388.514430921376,35.908635726094616,21904.009872676,22103.574694335795,21776.519162715216,22231.06540429658,21576.95434105542,22430.630225956374,21449.463631094637,-0.20727587888271085,-64.19579967695408,-204.26756878908418,-129.90992891029745,-74.35763987878673,43.31523530545327,22.41910586893689,21928.728515625,22417.00478515625,22380.6453125,,ABBOTINDIA.NS,2025-08-18 10:52:16.409092
408,2023-12-21 00:00:00+05:30,21528.767325233937,21811.780509368116,21388.86432833067,21733.759765625,13841,0.0,0.0,2023-12-21,22479.34853515625,505.4431143584869,22984.791649514736,21973.90542079776,23490.23476387322,21468.462306439276,-181.81513120998102,-120.46254867951664,-136954,13222.965708850967,15099.69533220204,22393.47304125199,29.539388308430787,21644.80153444126,21900.73874055185,21477.822559514403,22067.717715478706,21221.885353403813,22323.654921589296,21054.906378476957,-0.24637902283158286,-81.52344929340457,-207.84386740213813,-111.32051894060075,-96.52334846153738,38.09070113673742,22.18134802800211,21946.384375,22479.34853515625,22383.446328125,,ABBOTINDIA.NS,2025-08-18 10:52:16.409092
409,2023-12-20 00:00:00+05:30,22266.05017447857,22321.806673505107,21429.210881933843,21520.259765625,24567,0.0,0.0,2023-12-20,22554.67138671875,500.7115649534969,23055.382951672247,22053.959821765253,23556.094516625744,21553.248256811756,-213.73529799562203,-107.96227910208823,-150795,23239.46767664966,15568.877738039806,22402.39291891672,33.40986084722947,21757.09244035465,22084.973998775455,21192.37820720419,22649.688231925913,20864.496648783384,22977.56979034672,20299.782415632926,-0.2963766054721546,-95.03022859357573,-185.40819987980285,-87.18968182521641,-98.21851805458644,33.04164829956443,20.93675348346977,22021.6828125,22554.67138671875,22395.2646875,,ABBOTINDIA.NS,2025-08-18 10:52:16.409092
410,2023-12-19 00:00:00+05:30,22148.16897237853,22412.12700214021,22120.217615635815,22266.05078125,11982,0.0,0.0,2023-12-19,22642.92236328125,462.9166785053362,23105.839041786585,22180.005684775915,23568.755720291923,21717.089006270577,7.921345622750256,-37.588415077782614,-126228,11727.32743790731,13651.23025338734,22424.08354536993,39.64646106759742,22266.13179967534,22412.045983714863,22120.13659721047,22558.041186179733,21974.222413170944,22703.955370219257,21828.227210706074,-0.2426228375847522,-71.89312018080363,-132.8480164628818,-62.63505231156981,-70.21296415131198,44.926382502844724,19.680672024691127,22147.23515625,22642.92236328125,22412.788984375,,ABBOTINDIA.NS,2025-08-18 10:52:16.409092
411,2023-12-18 00:00:00+05:30,22118.078594040813,22297.793278089062,21991.64048502021,22147.48828125,20584,0.0,0.0,2023-12-18,22695.1087890625,476.81744787445984,23171.926236936957,22218.29134118804,23648.74368481142,21741.473893313578,-70.35440235678988,-52.43634269026145,-138210,20039.219138880213,14132.205957257347,22426.001781650546,34.94692891651849,22145.64068145309,22299.64087788597,21993.488084817116,22451.793474521943,21839.487888384236,22605.793670954823,21687.335291748263,-0.18052112913906532,-80.45794070502933,-136.9913208018188,-45.081811273741806,-91.909509528077,41.838202993794894,20.228819823353188,22132.2140625,22695.1087890625,22412.0053515625,,ABBOTINDIA.NS,2025-08-18 10:52:16.409092
412,2023-12-15 00:00:00+05:30,22110.251355753462,22206.55061133438,21981.91817577987,22064.36328125,11975,0.0,0.0,2023-12-15,22736.194921875,462.3296303199742,23198.524552194976,22273.865291555026,23660.85418251495,21811.53566123505,-96.10683280444677,-58.95633744074671,-158794,11614.311297931534,12655.452661851628,22431.9331309006,26.79608038527452,22084.277356121416,22186.636536462964,21962.004100908453,22308.909791675927,21859.644920566905,22411.268972017475,21737.37166535394,-0.1085978547239097,-87.68098503906599,-128.54376998119187,-22.104433891722554,-106.43933608946932,39.63461936596849,20.261398772705366,22183.984765625,22736.194921875,22412.698515625,,ABBOTINDIA.NS,2025-08-18 10:52:16.409092
413,2023-12-14 00:00:00+05:30,22234.69625221919,22269.842424276292,21876.968262925457,22110.251953125,12923,0.0,0.0,2023-12-14,22765.30087890625,435.3445398387933,23200.645418745044,22329.95633906746,23635.98995858384,21894.611799228664,-104.46484677135658,-57.23232499881666,-146819,12559.824662573248,12915.738002831651,22436.544258778533,31.282889817513563,22085.687546775585,22294.406830625714,21901.53266927488,22478.56170812642,21692.81338542475,22687.28099197655,21508.658507924043,-0.020894295031298946,-84.93678274311054,-107.5941591580995,4.505400130644777,-112.09955928874427,40.4196970166735,19.8345062158511,22215.718359375,22765.30087890625,22421.001328125,,ABBOTINDIA.NS,2025-08-18 10:52:16.409092
414,2023-12-13 00:00:00+05:30,22190.94542342351,22310.528612342725,22090.90349779773,22148.021484375,8835,0.0,0.0,2023-12-13,22774.257421875,422.82116516431313,23197.078587039316,22351.436256710687,23619.899752203626,21928.615091546377,-89.58177140485348,-42.62174188549929,-133896,8601.377939431759,13004.716337896252,22441.022232996034,33.104797302413544,22183.151198171818,22275.398898545904,22055.77378400091,22402.77631271681,21963.526083626824,22495.024013090897,21836.148669455917,-0.08151335060446586,-93.53721792360294,-83.66143330170235,32.53028995283085,-116.1917232545332,41.04099515041076,19.374775770008043,22280.15703125,22774.257421875,22429.507265625,,ABBOTINDIA.NS,2025-08-18 10:52:16.409092
415,2023-12-12 00:00:00+05:30,22406.341644182823,22522.375845922532,22128.237055209476,22190.9453125,12943,0.0,0.0,2023-12-12,22792.33115234375,401.84907701773597,23194.18022936149,22390.482075326014,23596.029306379223,21988.63299830828,-83.24721593732164,-27.449044689062095,-125061,12625.171755973906,14105.550937512375,22443.797346136682,33.67206336182953,22280.519404544,22432.801753878524,22038.66296316547,22674.658195257056,21886.380613830945,22826.94054459158,21644.524172452413,-0.12153777793507495,-90.86577512723498,-55.47242095258116,61.57822076646415,-117.0506417190453,41.717630485138116,19.52326729031245,22337.946484375,22792.33115234375,22421.531171875,,ABBOTINDIA.NS,2025-08-18 10:52:16.409092
416,2023-12-11 00:00:00+05:30,22345.577981256916,22453.445147194445,22059.744992589447,22406.341796875,13002,0.0,0.0,2023-12-11,22835.14052734375,379.38849961734735,23214.529026961096,22455.7520277264,23593.917526578443,22076.363528109054,-92.38844330092955,-21.82898966658406,-112118,12805.82784472278,14475.64573289699,22447.355092200105,39.56024405929741,22306.510645552964,22553.27629851648,22159.576143911483,22700.21080015796,21912.810490947966,22946.97645312148,21765.875989306485,-0.10782519883478747,-75.96333298661938,-22.76879850347541,90.84088119622547,-113.60967969970088,45.18960594707669,19.80139167697443,22393.450390625,22835.14052734375,22419.9426171875,,ABBOTINDIA.NS,2025-08-18 10:52:16.409092
417,2023-12-08 00:00:00+05:30,22497.148246202396,22506.91982839706,22097.274822870946,22223.03125,8428,0.0,0.0,2023-12-08,22875.62861328125,374.3946541683604,23250.02326744961,22501.233959112888,23624.41792161797,22126.83930494453,-122.57370539520065,-24.308373836355695,-125120,8232.928896793872,14893.100204940542,22447.94311037454,41.37810275951833,22275.74196708934,22454.209111307733,22044.564105781617,22685.386972615455,21866.096961563224,22863.85411683385,21634.9191002555,-0.20299652281244912,-91.04567148481397,-1.7665599123356515,119.24330112115068,-121.00986103348633,41.331085156375394,19.80698559560916,22461.933984375,22875.62861328125,22413.4141796875,,ABBOTINDIA.NS,2025-08-18 10:52:16.409092
418,2023-12-07 00:00:00+05:30,22380.528329217024,22625.284975910352,22322.291909177322,22432.4453125,22327,0.0,0.0,2023-12-07,22944.05830078125,373.9104064466459,23317.968707227894,22570.147894334605,23691.879113674542,22196.237487887956,-122.93251587798188,-0.8136555602002644,-116692,22015.752324797835,16558.143031977208,22450.052942037466,51.655846214420926,22460.007399195893,22597.722889214463,22294.729822481433,22763.000465928922,22157.014332462863,22900.715955947493,21991.736755748403,-0.13002001218671466,-85.04498967425438,43.202747292983986,149.49576637952225,-106.29301908653827,44.66663746751839,19.917665495241955,22621.66953125,22944.05830078125,22409.38234375,,ABBOTINDIA.NS,2025-08-18 10:52:16.409092
419,2023-12-06 00:00:00+05:30,22640.307281524136,22671.22467320054,22244.419594443516,22436.96875,18107,0.0,0.0,2023-12-06,22978.72041015625,355.6745206858536,23334.394930842103,22623.045889470395,23690.069451527957,22267.37136878454,-169.18961273849186,-1.5114387587050455,-94365,17858.1812060952,15193.74070877205,22450.50165760804,52.06851887282022,22450.871005881356,22657.322417319196,22230.51733856217,22877.67608463838,22024.06592712433,23084.12749607622,21803.712259805146,-0.04814681924698769,-84.68520881438263,79.49838828247812,176.0690211511568,-96.57063286867867,44.73900330415029,20.691136556021686,22763.954296875,22978.72041015625,22399.07390625,,ABBOTINDIA.NS,2025-08-18 10:52:16.409092
420,2023-12-05 00:00:00+05:30,22847.194307228787,23028.95027005287,22361.133160653106,22468.46484375,32166,0.0,0.0,2023-12-05,22990.1900390625,340.6669322417841,23330.856971304285,22649.523106820718,23671.52390354607,22308.856174578934,-183.37527555994103,19.699518601495303,-76258,31768.52115891199,14527.63058444126,22450.7872504338,52.11953972132256,22619.516091485322,22877.89902231754,22210.081912917776,23287.333200885085,21951.69898208556,23545.7161317173,21542.264803518014,-0.008096621176579558,-81.24083934847324,124.31779633671613,200.21167936832646,-75.89388303161033,45.2130284285912,21.52410539070755,22853.35,22990.1900390625,22394.413046875,,ABBOTINDIA.NS,2025-08-18 10:52:16.409092
421,2023-12-04 00:00:00+05:30,23255.530043004434,23255.530043004434,22701.363984287353,22748.759765625,18405,0.0,0.0,2023-12-04,22974.91171875,370.8149551927969,23345.726673942798,22604.096763557205,23716.541629135594,22233.28180836441,-131.85603479665298,55.82905621246734,-44092,18404.33318578027,10217.407940823578,22450.09871819195,56.370930280307384,22901.884597638928,23102.405210990502,22548.23915227342,23456.05065635601,22347.718538921847,23656.571269707583,21994.07309355634,0.09632141249536702,-59.201812500784584,176.7147292893169,219.18515012622905,-42.470420836912155,49.55092495529342,22.76004648026946,22967.54765625,22974.91171875,22395.9890234375,,ABBOTINDIA.NS,2025-08-18 10:52:16.409092
422,2023-12-01 00:00:00+05:30,23091.319633688803,23261.264637433767,22958.222188522475,23021.708984375,6396,0.0,0.0,2023-12-01,22925.4912109375,458.1277441176576,23383.618955055157,22467.363466819843,23841.746699172814,22009.235722702186,-30.052860621772375,81.2670418060862,-25687,6472.507399044986,8170.676629584403,22443.290917467428,57.872259149683245,23080.398603443744,23202.575018365013,22899.53256945372,23383.441052355036,22777.356154532452,23505.617467276305,22596.49012054243,0.15776796419956537,-37.740363538931554,213.51638251686018,229.80275533545705,-16.286372818596874,54.258226227610116,23.82167558706804,23093.371875,22925.4912109375,22394.2312109375,,ABBOTINDIA.NS,2025-08-18 10:52:16.409092
423,2023-11-30 00:00:00+05:30,22934.695394420047,23187.472876512,22780.40466778318,23143.869140625,7069,0.0,0.0,2023-11-30,22855.2701171875,542.4728778059861,23397.74299499349,22312.797239381514,23940.215872799472,21770.32436157553,-15.72357112926836,80.81942381676697,-19291,7191.51660388364,8595.218937219257,22438.67246323993,48.35676927885689,23037.248894973396,23294.093122163613,22887.02491343479,23444.31710370222,22630.180686244574,23701.161330892435,22479.956704705968,0.16217383415407605,-40.87419627087665,230.51719150679492,233.87434854010624,-3.3571570333113243,56.48841090900617,23.961839148178267,23133.621875,22855.2701171875,22387.8466796875,,ABBOTINDIA.NS,2025-08-18 10:52:16.409092
424,2023-11-29 00:00:00+05:30,23039.696331051266,23119.175408402243,22847.196547375508,22883.947265625,5327,0.0,0.0,2023-11-29,22787.62783203125,587.1017872845086,23374.729619315756,22200.52604474674,23961.831406600264,21613.424257462233,-17.71584810876436,74.12699366465063,-26360,5358.462254417942,8946.144520553162,22432.393844006918,51.427166952694,22950.10640713425,23053.016266892995,22781.03740586626,23222.085268160987,22678.127546107517,23324.99512791973,22509.058544839525,0.12989541093683343,-57.68856566832136,236.75976957524108,234.71363779843406,2.046131776807016,52.642588904713115,24.310669762595122,23152.89140625,22787.62783203125,22370.45265625,,ABBOTINDIA.NS,2025-08-18 10:52:16.409092
425,2023-11-28 00:00:00+05:30,23334.522235925615,23398.153348898722,23012.473988828053,23039.453125,4778,0.0,0.0,2023-11-28,22736.29208984375,622.0819323873903,23358.374022231143,22114.21015745636,23980.455954618534,21492.12822506897,35.307907307695764,105.82547148339563,-21033,4838.880003557757,9843.065087086965,22429.34376294748,57.898505684354085,23150.026820908926,23287.5796529898,22901.90029291913,23535.706180979596,22764.347460838257,23673.25901306047,22516.22093284846,0.11475757883859304,-47.62887768323607,266.7632584344574,234.2021048542323,32.561153580225096,55.36104586345494,24.86713641346374,23233.1578125,22736.29208984375,22360.07609375,,ABBOTINDIA.NS,2025-08-18 10:52:16.409092
426,2023-11-24 00:00:00+05:30,23222.95781679287,23425.66590315133,23164.77076746094,23377.880859375,6351,0.0,0.0,2023-11-24,22686.366015625,636.3754256402142,23322.741441265214,22049.990589984787,23959.116866905428,21413.615164344574,76.95838259464225,137.85489759753906,-16255,6526.401601007984,11094.111357969265,22425.62487955316,61.69930096981959,23322.772509995757,23480.774252530573,23219.879116840184,23583.667645686146,23061.877374305368,23741.669388220962,22958.983981149795,0.14030085866180345,-23.44927073573619,285.81997758948637,226.061816459176,59.758161130310384,61.811335203347184,24.834643682645687,23287.223046875,22686.366015625,22344.5108203125,,ABBOTINDIA.NS,2025-08-18 10:52:16.409092
427,2023-11-23 00:00:00+05:30,23329.46656395656,23333.306077700792,23114.896230828785,23222.958984375,2820,0.0,0.0,2023-11-23,22598.21240234375,657.3119624402691,23255.524364784018,21940.900439903482,23912.83632722429,21283.58847746321,51.512145506539845,135.60812149285775,-22606,2878.6787653311303,12236.038797209585,22417.846527359052,62.266289206450445,23223.720430968195,23332.544631107605,23114.134784235597,23442.130277840202,23005.310584096187,23550.954477979612,22895.72493736359,0.11463403265884371,-26.580198464535563,272.557743007259,211.1222761765984,61.43546683066057,59.8214736309329,24.184226187097643,23205.4890625,22598.21240234375,22323.88515625,,ABBOTINDIA.NS,2025-08-18 10:52:16.409092
428,2023-11-22 00:00:00+05:30,23256.59834303594,23496.104637092456,23116.987769442476,23240.216796875,5685,0.0,0.0,2023-11-22,22531.36494140625,658.414121270834,23189.779062677084,21872.950820135415,23848.19318394792,21214.53669886458,58.55431669178601,156.9631044918824,-19786,5807.606529463493,14575.378805179196,22414.915799705574,64.1754350097964,23284.436401136645,23451.885032830814,23072.768165180834,23663.553268786625,22905.319533486665,23831.001900480795,22693.651297530854,0.07896863499354709,-23.9994483340468,266.7058584965707,195.76340946893325,70.94244902763748,60.145694942132465,23.67518602251822,23090.19375,22531.36494140625,22306.692421875,,ABBOTINDIA.NS,2025-08-18 10:52:16.409092
429,2023-11-21 00:00:00+05:30,23338.168506757927,23501.695343245847,23149.751289946686,23285.279296875,7418,0.0,0.0,2023-11-21,22473.6052734375,643.4569525910977,23117.0622260286,21830.1483208464,23760.519178619696,21186.691368255306,77.06566847300329,177.22811834450107,-14101,7592.675186625578,16767.321874108122,22408.814653725607,64.44819143934696,23312.24197668918,23474.732663431674,23122.788610132513,23664.18602998834,22960.29792339002,23826.676716730835,22770.84455683335,0.12308760653189289,-21.90401649160869,253.47304211930168,178.02779721202387,75.44524490727781,60.946447920047866,23.119090773363496,22900.026953125,22473.6052734375,22289.6746875,,ABBOTINDIA.NS,2025-08-18 10:52:16.409092
430,2023-11-20 00:00:00+05:30,22944.224165032265,23381.966713202986,22684.83481725144,23309.779296875,17365,0.0,0.0,2023-11-20,22409.90771484375,621.5616160821655,23031.469330925916,21788.346098761584,23653.030947008083,21166.784482679417,50.89196023979743,162.4612725308294,-6683,17792.603054554478,19060.983545978757,22400.277768805903,61.78791297777719,23125.526942443143,23566.219067634844,22869.0871716833,23822.658838394687,22428.395046491598,24263.35096358639,22171.955275731754,0.14594426737849556,-20.809789711989037,228.25255308902342,159.16648598520442,69.086067103819,61.35888880961695,22.40391529082492,22744.8703125,22409.90771484375,22273.2635546875,,ABBOTINDIA.NS,2025-08-18 10:52:16.409092
431,2023-11-17 00:00:00+05:30,22652.752950995746,23040.66919251709,22604.14189316099,22969.2109375,25702,0.0,0.0,2023-11-17,22345.7556640625,589.1643612801859,22934.920025342686,21756.591302782315,23524.08438662287,21167.42694150213,14.501979243301882,124.4141601006457,-24048,25950.12989780805,19378.078668834827,22379.05640051869,55.70871471420523,22871.340674392693,23138.539455624395,22702.012156268298,23307.86797374879,22434.813375036596,23575.066754980493,22265.4848569122,0.1232964259962374,-36.02036192093823,190.0914337534523,141.89496920924967,48.19646454420263,57.660480442506326,21.845790380385804,22692.341015625,22345.7556640625,22250.26953125,,ABBOTINDIA.NS,2025-08-18 10:52:16.409092
432,2023-11-16 00:00:00+05:30,22293.030668024563,22696.93917978211,22260.071991711386,22646.482421875,23823,0.0,0.0,2023-11-16,22287.54140625,581.7939920879853,22869.335398337986,21705.74741416201,23451.12939042597,21123.953422074028,-23.258817557436682,63.302682350923305,-49750,23715.033694984286,17735.06586159152,22357.94624705201,51.194036225773566,22534.497864456167,22808.92373720095,22372.056549130222,22971.365052526893,22097.63067638544,23245.790925271674,21935.189361059496,0.0620727360917311,-50.43416536354129,171.8942870614519,129.845853073199,42.048433988252896,53.766729809141694,21.89967615254716,22741.71953125,22287.54140625,22225.37578125,,ABBOTINDIA.NS,2025-08-18 10:52:16.409092
433,2023-11-15 00:00:00+05:30,22652.410531772784,22736.94439238961,22229.88364388129,22289.3828125,17952,0.0,0.0,2023-11-15,22245.20595703125,585.0971070457732,22830.303064077023,21660.108849985474,23415.400171122794,21075.011742939703,-23.360017373367715,40.270534185015066,-73573,17588.84912026636,16240.073903243328,22348.051634416057,41.60785668821641,22418.7369495903,22607.59025529931,22100.52950679099,22925.79769809862,21911.67620108198,23114.65100380763,21593.46875828267,-0.017628762570395605,-63.59273124000383,177.77583507702002,119.33374457613579,58.442090500884234,48.94225960321965,22.731989739076916,22930.748046875,22245.20595703125,22213.9249609375,,ABBOTINDIA.NS,2025-08-18 10:52:16.409092
434,2023-11-13 00:00:00+05:30,23218.245302824926,23281.730203767467,22458.308271098485,22509.49609375,18257,0.0,0.0,2023-11-13,22223.3626953125,591.4809190992755,22814.843614411773,21631.881776213224,23406.324533511048,21040.40085711395,23.981179540684867,103.76772409511116,-55621,18064.324625270016,15902.88009898757,22349.607931789287,42.32168882790533,22749.84485620532,23041.381441312154,22217.959508643173,23573.2667888743,21926.42292353634,23864.803373981136,21394.53757597419,0.05062791498960697,-54.175186262689245,217.78132648877727,104.7232219509147,113.05810453786256,52.05103712472568,23.628327447647422,23098.008984375,22223.3626953125,22217.4891796875,,ABBOTINDIA.NS,2025-08-18 10:52:16.409092
435,2023-11-10 00:00:00+05:30,23216.103695325382,23472.236475812733,22852.105645423006,23047.1328125,13934,0.0,0.0,2023-11-10,22186.2529296875,595.8506228018653,22782.103552489367,21590.402306885633,23377.95417529123,20994.55168408377,72.77872920129806,185.10279527364014,-37364,14116.247085218845,15362.518967416958,22345.174957397925,51.33075009874548,23123.82497791191,23395.544310400815,22775.413480011088,23743.955808301638,22503.694147522183,24015.675140790543,22155.28264962136,0.13435354195242843,-31.17240355221181,244.02293815058874,76.45869581644907,167.5642423341397,60.81224013595771,23.91932000472013,23129.38203125,22186.2529296875,22221.591953125,,ABBOTINDIA.NS,2025-08-18 10:52:16.409092
436,2023-11-09 00:00:00+05:30,23588.999664084196,23775.715478880113,23139.007524609755,23216.103515625,24641,0.0,0.0,2023-11-09,22118.25341796875,569.4521664538104,22687.70558442256,21548.80125151494,23257.15775087637,20979.34908506113,121.39540504967061,256.46919733406617,-23430,25146.30628504796,15674.086937966484,22330.000092214355,58.07604062570813,23376.94217303829,23614.876821466823,22978.168867196466,24013.650127308647,22740.23421876793,24251.58477573718,22341.460912926108,0.1352367228225445,-23.94299337082069,220.9737650505449,34.56763523291414,186.40612981763076,63.953714184642784,22.899684916248216,22952.53515625,22118.25341796875,22215.939453125,,ABBOTINDIA.NS,2025-08-18 10:52:16.409092
437,2023-11-08 00:00:00+05:30,23041.64027830565,23622.202493193035,22993.32164874657,23591.625,18187,0.0,0.0,2023-11-08,22047.80634765625,510.59752399807064,22558.40387165432,21537.20882365818,23069.00139565239,21026.611299660108,176.6052241004894,293.74227253492893,1211,18860.163955951455,13306.032101196113,22294.778482779122,69.43504873264553,23402.3830473132,23811.44444587983,23182.563601433365,24031.263891759667,22773.502202866734,24440.3252903263,22553.6827569869,0.14734090610898534,-1.4002253273559462,171.4746974396876,-12.033897221493554,183.50859466118115,71.58510953831623,20.657502441129232,22661.384375,22047.80634765625,22206.392265625,,ABBOTINDIA.NS,2025-08-18 10:52:16.409092
438,2023-11-07 00:00:00+05:30,22516.68973060218,23187.472909585635,22512.800846256756,23125.6875,22283,0.0,0.0,2023-11-07,21974.0318359375,360.25765403586416,22334.289489973366,21613.774181901637,22694.54714400923,21253.516527865773,219.23174075265118,214.10601199017643,-16976,22651.389797564112,11917.499137507277,22255.581920186767,62.67874333012768,22941.987085280794,23371.173324304833,22696.501260975954,23616.659148609673,22267.315021951916,24045.84538763371,22021.829197647075,0.05250320519110646,-3.5325617602897883,68.51961321250201,-57.91104588678884,126.43065909929085,67.05583161612765,18.452873342616503,22266.516796875,21974.0318359375,22186.078671875,,ABBOTINDIA.NS,2025-08-18 10:52:16.409092
439,2023-11-06 00:00:00+05:30,22164.695271450364,22745.014390040276,22079.139819924454,22666.361328125,13291,0.0,0.0,2023-11-06,21933.98134765625,254.48471299652252,22188.466060652772,21679.496634659725,22442.950773649292,21425.011921663205,226.77983439219216,107.61259174628452,-39259,13242.378788949347,9234.026472493068,22222.121461102543,57.092747455121035,22496.838512696577,22914.5372054687,22248.662635352877,23162.7130828124,21830.963942580755,23580.411775584522,21582.788065237055,-0.03655531903813641,-6.019825769806458,-18.44448497553094,-89.51871066161155,71.07422568608061,61.42763312378876,16.76519040022641,21999.583984375,21933.98134765625,22173.9881640625,,ABBOTINDIA.NS,2025-08-18 10:52:16.409092
440,2023-11-03 00:00:00+05:30,22263.863219093066,22263.863219093066,21696.13546655393,22162.8984375,10127,0.0,0.0,2023-11-03,21920.48701171875,218.16996671179407,22138.656978430543,21702.317045006956,22356.826945142337,21484.147078295162,88.52502715784748,-17.170807161911167,-52550,9865.836343676268,8231.938393378998,22211.692547388662,58.08608942766375,22040.965707715663,22385.795948877396,21818.06819633826,22608.6934602548,21473.237955176526,22953.523701416532,21250.340443799123,-0.08011724408313194,-12.231988772472501,-84.26875307743103,-107.2872670831317,23.018514005700666,53.30907710603171,15.863121094091236,21837.758203125,21920.48701171875,22172.37625,,ABBOTINDIA.NS,2025-08-18 10:52:16.409092
441,2023-11-02 00:00:00+05:30,21728.072628244263,22007.43998292703,21544.419681778694,21760.349609375,7027,0.0,0.0,2023-11-02,21923.685546875,222.34002529866328,22146.025572173665,21701.345521576335,22368.365597472326,21479.005496277674,-59.6624983818346,-92.77814935012577,-62677,6721.440568324264,7823.463905804679,22212.581238357736,52.185195011522005,21770.736424693576,21997.053167608457,21534.032866460122,22233.75672584191,21307.71612354524,22460.073468756793,21071.012565311787,-0.12187869943095113,-60.95524238638474,-117.68349720578408,-113.04189558455685,-4.641601621227224,44.6613673957398,16.280616062595715,21813.36484375,21923.685546875,22185.6412109375,,ABBOTINDIA.NS,2025-08-18 10:52:16.409092
442,2023-11-01 00:00:00+05:30,21798.12023666423,21892.425684766673,21536.691498081906,21617.287109375,5098,0.0,0.0,2023-11-01,21944.775390625,226.00587413101817,22170.781264756017,21718.769516493983,22396.787138887037,21492.763642362963,-124.46984400053384,-120.52761335678898,-69704,4844.261317450257,8098.969740174782,22218.369617374316,46.34405597777035,21682.134764074526,21827.578030067147,21471.84384338238,22037.868950759294,21326.40057738976,22183.312216751914,21116.109656697612,-0.13671495218248564,-78.30783852851442,-119.0364517334674,-111.88149517925004,-7.154956554217364,41.058895330882414,17.351859855237716,21784.256640625,21944.775390625,22206.1346875,,ABBOTINDIA.NS,2025-08-18 10:52:16.409092
443,2023-10-31 00:00:00+05:30,21857.28068402176,21988.5780018433,21736.96832510683,21791.0234375,5232,0.0,0.0,2023-10-31,21987.88623046875,241.92316837317188,22229.80939884192,21745.96306209558,22471.732567215095,21504.039893722405,-39.13609724825155,-82.60961862934482,-64606,5011.548110211835,8912.646845855912,22224.003550248097,41.36567258192863,21838.856588150044,21940.744851193256,21689.135174456787,22090.466264886512,21587.246911413575,22192.354527929725,21437.52549772032,-0.08708041631775974,-60.948686595728404,-104.87557227674188,-110.09275604069569,5.217183763953813,44.31193877492287,18.00760505913789,21838.001171875,21987.88623046875,22228.780625,,ABBOTINDIA.NS,2025-08-18 10:52:16.409092
444,2023-10-30 00:00:00+05:30,21923.63588470049,22255.017077579807,21777.75334437933,21857.232421875,10699,0.0,0.0,2023-10-30,22025.1125,266.1096951566015,22291.222195156603,21759.002804843396,22557.331890313202,21492.893109686796,58.95333916481483,-50.37834300266803,-59374,10279.33213382078,9887.92152976693,22228.2089887151,40.821571893337065,21963.334281278047,22148.915218176764,21671.651484976286,22440.598014478524,21486.07054807757,22626.178951377242,21194.38775177581,0.014662131637818206,-54.12415264018834,-102.26672752586819,-111.39705198168414,9.130324455815952,45.59011997341986,19.273010325527903,21896.801171875,22025.1125,,,ABBOTINDIA.NS,2025-08-18 10:52:16.409092
445,2023-10-27 00:00:00+05:30,22166.640585598943,22166.640585598943,21709.793521124517,22040.931640625,6072,0.0,0.0,2023-10-27,22019.71171875,270.75181652496735,22290.46353527497,21748.959902225033,22561.215351799936,21478.208085700066,76.66852652532958,-51.15059855666109,-48675,5882.856451959498,9790.068878753467,22235.726566865163,41.129443351290185,21972.455249116156,22235.116977107795,21778.26991263337,22429.302313590582,21515.60818464173,22691.96404158222,21321.42284815894,0.0387742614257966,-41.57646630114602,-103.89770160863554,-113.67963309563812,9.78193148700258,49.25010873294351,20.463793516236006,21927.6203125,22019.71171875,,,ABBOTINDIA.NS,2025-08-18 10:52:16.409092
446,2023-10-26 00:00:00+05:30,21855.530156446606,21856.502377538975,21438.44730782047,21614.80859375,12651,0.0,0.0,2023-10-26,22023.241015625,271.5019907731982,22294.7430063982,21751.739024851802,22566.244997171398,21480.237034078604,-149.90488188479873,-145.19349556908168,-54747,12019.953582770697,10766.871985451959,22237.992887090895,40.94301031170481,21636.586093036483,21834.7248782525,21416.669808533992,22054.64116275499,21218.531023317977,22252.779947971005,20998.614738815486,0.05871434979285772,-82.9990304159678,-122.50322479439274,-116.12511596738877,-6.37810882700397,38.63962746867717,21.986721137278003,21924.781640625,22023.241015625,,,ABBOTINDIA.NS,2025-08-18 10:52:16.409092
447,2023-10-25 00:00:00+05:30,22088.8147136671,22262.891666625455,21783.294223416997,21886.009765625,15093,0.0,0.0,2023-10-25,22046.49658203125,254.03401312670297,22300.530595157954,21792.462568904546,22554.564608284654,21538.428555777846,82.75693813353617,-61.09091179315399,-42096,14520.069712899105,10453.601586122275,22253.474290124876,43.86471944756537,21977.398551889153,22171.50288036131,21691.90543715285,22456.99599509761,21497.801108680695,22651.100323569768,21212.307993944392,0.05552064493519564,-59.592355069537206,-102.50115933552661,-114.53058876063776,12.029429425111147,44.08695021042761,22.24939779777008,21962.805078125,22046.49658203125,,,ABBOTINDIA.NS,2025-08-18 10:52:16.409092
448,2023-10-23 00:00:00+05:30,21973.16864262931,22122.890689041633,21781.690460352955,22085.0234375,14792,0.0,0.0,2023-10-23,22053.26806640625,251.32146515818673,22304.589531564437,21801.946601248063,22555.910996722625,21550.625136089875,65.96456636842143,-59.32741861761892,-27003,14359.896291372766,9436.984554428067,22264.697731396125,47.604292391876875,21996.5348622982,22211.379264243442,21870.179035554764,22337.735090986876,21655.33463360952,22552.57949293212,21528.978806866086,0.1154345988414913,-43.995414691733416,-102.04861276852535,-117.53794611691553,15.48933334839019,48.772084279465425,23.94145933102252,21945.5578125,22053.26806640625,,,ABBOTINDIA.NS,2025-08-18 10:52:16.409092
449,2023-10-20 00:00:00+05:30,22020.904122785192,22095.668302994665,21711.69035016205,22011.328125,9241,0.0,0.0,2023-10-20,22044.86806640625,253.0061465290802,22297.87421293533,21791.861919877167,22550.88035946441,21538.85577334809,6.149765140306773,-78.3162954709836,-41795,8941.116608674245,8206.25662019189,22270.242028863217,47.29249298024055,21939.56225938557,22167.43416860909,21783.456215776474,22323.540212218184,21555.584306552955,22551.412121441703,21399.47826294386,0.04039070823803751,-54.97930725419581,-119.52285624591241,-121.41027945401308,1.887423208100671,46.82898578416513,25.049023247708288,21899.056640625,22044.86806640625,,,ABBOTINDIA.NS,2025-08-18 10:52:16.409092
450,2023-10-19 00:00:00+05:30,21820.530563866672,22052.794566511144,21632.89188988582,22026.73828125,6679,0.0,0.0,2023-10-19,22054.49794921875,255.31712268332282,22309.81507190207,21799.180826535427,22565.132194585392,21543.863703852105,-22.47373772150483,-92.14865721175681,-32554,6466.781330221781,8022.541623071302,22275.331374196787,51.05443741554018,21904.14157921566,22175.391268545496,21755.488591920173,22324.04425584098,21484.238902590336,22595.29394517082,21335.58591529485,-0.004718729902983981,-53.65843585476214,-132.82635906929136,-121.88213525603824,-10.944223813253117,47.1764127399322,26.09839225541953,21850.251171875,22054.49794921875,,,ABBOTINDIA.NS,2025-08-18 10:52:16.409092
451,2023-10-18 00:00:00+05:30,21799.14182516757,21972.197183515615,21694.677425982187,21804.92578125,5601,0.0,0.0,2023-10-18,22080.52421875,277.87255254650245,22358.396771296502,21802.6516662035,22636.269323843007,21524.779113656994,-54.51347228142927,-118.20288172029848,-39233,5368.422973565706,8411.481696283681,22278.914007017924,42.3512406940622,21823.933463582598,21953.18950118301,21675.66974364958,22101.453221116026,21546.41370604917,22230.709258716437,21398.149986116154,-0.05032679566134235,-67.08075843676279,-149.3640203591567,-119.14607930272494,-30.21794105643177,41.36176442477808,27.00976681682463,21782.33203125,22080.52421875,,,ABBOTINDIA.NS,2025-08-18 10:52:16.409092
452,2023-10-17 00:00:00+05:30,21872.107065819186,21949.29990068206,21746.690546163984,21799.7734375,4443,0.0,0.0,2023-10-17,22123.32138671875,298.3519408514064,22421.67332757016,21824.969445867344,22720.025268421563,21526.61750501594,-63.118258780355546,-122.8506554105369,-44834,4257.5017393432745,9172.246376963176,22284.71250618473,41.10335222263099,21831.921294782016,21917.15204340005,21714.54268888197,22034.530649300094,21629.31194026394,22119.761397918126,21511.933334363894,-0.04194750140075626,-67.48841595991789,-146.42897655059278,-111.591594038617,-34.837382511975775,41.222272271492784,27.581457524321245,21782.779296875,22123.32138671875,,,ABBOTINDIA.NS,2025-08-18 10:52:16.409092
453,2023-10-16 00:00:00+05:30,21687.676725371304,22118.03078994381,21486.08705308827,21852.517578125,16710,0.0,0.0,2023-10-16,22168.4568359375,314.6647159038581,22483.12155184136,21853.792120033642,22797.786267745218,21539.127404129784,-82.7447822677367,-133.52176323782078,-40391,16051.087746539315,10400.932536368153,22289.464556317318,43.89971646553214,21818.878473719025,22151.66989434978,21519.726157494242,22450.822210574563,21186.934736863488,22783.613631205317,20887.782420638705,-0.006865953367167111,-63.31525772913575,-139.94518241802507,-102.88224841062305,-37.06293400740202,42.17635524174751,28.374949812317688,21846.0515625,22168.4568359375,,,ABBOTINDIA.NS,2025-08-18 10:52:16.409092
454,2023-10-13 00:00:00+05:30,21583.307942148575,21862.189178735316,21520.0167297137,21767.30078125,5334,0.0,0.0,2023-10-13,22189.53935546875,306.3994264148763,22495.938781883626,21883.139929053876,22802.338208298504,21576.740502638997,-144.64429678270977,,-57101,5103.688157415651,8988.393733825362,22306.184351333915,35.816243994658734,21716.502229899674,21912.987730085646,21570.81528106403,22058.67467892129,21374.32978087806,22255.16017910726,21228.642832042417,-0.0722151239718156,-70.05767827226686,-134.71807828836972,-93.61651490877253,-41.101563379597195,40.09605330256749,29.22947996862155,21940.48359375,22189.53935546875,,,ABBOTINDIA.NS,2025-08-18 10:52:16.409092
455,2023-10-12 00:00:00+05:30,21950.758812544467,21950.758812544467,21651.3640817919,21687.142578125,7647,0.0,0.0,2023-10-12,22219.4302734375,291.854782698599,22511.2850561361,21927.575490738902,22803.1398388347,21635.720708040302,-137.56302872051293,,-62435,7289.873054769972,9959.57012792779,22312.847984850534,34.79734572512699,21763.088490820457,21874.812899849014,21575.418169096447,22062.483221573024,21463.69376006789,22174.20763060158,21276.02343834388,-0.024231350361985544,-76.39985886658381,-117.59205469848894,-83.34112406387322,-34.25093063461571,38.15260118442873,28.89734802958382,22066.318359375,22219.4302734375,,,ABBOTINDIA.NS,2025-08-18 10:52:16.409092
456,2023-10-11 00:00:00+05:30,22166.64085749156,22341.30075612719,21758.307999590397,21807.162109375,20037,0.0,0.0,2023-10-11,22248.1326171875,263.6127759531814,22511.74539314068,21984.51984123432,22775.358169093863,21720.90706528114,-90.53737256895093,,-54788,19206.9493440256,10626.994396217244,22324.1405416588,35.62155665745169,21968.92362169753,22179.539243804662,21596.546487267868,22551.916378234324,21385.930865160735,22762.532000341456,21013.553730731073,-0.030403101802789254,-66.90381838217122,-85.98948851128443,-74.77839140521928,-11.211097106065154,39.95478218498599,28.90198412658233,22174.263671875,22248.1326171875,,,ABBOTINDIA.NS,2025-08-18 10:52:16.409092
457,2023-10-10 00:00:00+05:30,22351.31352862274,22351.31352862274,22069.41878261891,22116.134765625,6996,0.0,0.0,2023-10-10,22275.10439453125,242.90273740788703,22518.007131939135,22032.20165712336,22760.909869347022,21789.298919715475,-6.813825630809227,,-34751,6801.200361579412,8482.005659265153,22349.801650644713,39.9539715532598,22178.955692288884,22288.492601958857,22006.597855955028,22460.850438292713,21897.060946285055,22570.387347962685,21724.7031099512,0.04071849347800623,-45.199664540699196,-56.04586156878213,-71.97561712870299,15.929755559920864,45.04054230593466,29.216931837987882,22249.260546875,22275.10439453125,,,ABBOTINDIA.NS,2025-08-18 10:52:16.409092
458,2023-10-09 00:00:00+05:30,22331.920022461843,22469.683001145793,22166.642425430127,22324.677734375,9485,0.0,0.0,2023-10-09,22287.46376953125,240.6667300189822,22528.130499550232,22046.797039512265,22768.797229569213,21806.130309493285,61.343182800204595,,-27755,9307.843539292053,8902.206983686589,22353.922720249448,50.44833581804797,22320.33438698364,22474.02634853715,22170.985772821485,22623.374962699305,22017.293811267973,22777.066924252817,21867.94519710582,0.06678384597362581,-36.000476271596376,-47.28889077204076,-75.95805601868321,28.66916524664245,48.945225578929666,30.600552417698257,22321.934375,22287.46376953125,,,ABBOTINDIA.NS,2025-08-18 10:52:16.409092
459,2023-10-06 00:00:00+05:30,22262.89104997466,22475.807471650038,22195.75842322745,22396.474609375,5532,0.0,0.0,2023-10-06,22290.69638671875,241.62518747149545,22532.321574190246,22049.071199247257,22773.946761661744,21807.44601177576,87.70884612121935,,-18270,5446.134646864677,8800.797844785222,22354.63913146409,61.28009397546004,22356.013501417492,22516.268579607535,22236.219531184946,22636.06254984008,22075.964452994904,22796.317628030123,21956.170482762358,0.04776683092958167,-37.03328251192085,-55.899138859589584,-83.12534733034383,27.226208470754244,50.340468559511685,32.46820036556879,22364.10859375,22290.69638671875,,,ABBOTINDIA.NS,2025-08-18 10:52:16.409092
460,2023-10-05 00:00:00+05:30,22310.52952478523,22360.988179020325,22118.07911998612,22226.869140625,3094,0.0,0.0,2023-10-05,22294.1087890625,243.6709508522558,22537.779739914753,22050.437838210244,22781.45069076701,21806.766887357986,42.886365594088154,,-23802,3022.909481260259,9639.463644265357,22354.032743936437,63.9301249232438,22235.312146543816,22352.545173101513,22109.636114067307,22478.221205578022,21992.40308750961,22595.45423213572,21866.7270550331,0.11244652574125324,-47.63210478555366,-73.14681328440929,-89.9318994480324,16.785086163623106,47.0281916463981,34.59205336709569,22234.65703125,22294.1087890625,,,ABBOTINDIA.NS,2025-08-18 10:52:16.409092
461,2023-10-04 00:00:00+05:30,22458.306637883346,22555.52874454085,22084.973748318534,22182.146484375,4764,0.0,0.0,2023-10-04,22290.76923828125,245.0945156136851,22535.863753894933,22045.674722667565,22780.95826950862,21800.580207053878,36.55225089585032,,-26896,4645.172673229686,11293.602185016633,22355.072045375673,59.406012028609744,22274.216325744794,22463.458903171053,21992.903906948737,22744.77132196711,21803.661329522478,22934.01389939337,21522.34891072642,0.16167257158493448,-50.42687012355827,-77.41720917437851,-94.12817098893815,16.71096181455964,46.14879438648315,36.390019210864914,22211.58671875,22290.76923828125,,,ABBOTINDIA.NS,2025-08-18 10:52:16.409092
462,2023-10-03 00:00:00+05:30,22599.231422632492,22652.752956870216,22100.531339724195,22479.50390625,13820,0.0,0.0,2023-10-03,22267.8880859375,275.2720732273602,22543.160159164858,21992.61601271014,22818.43223239222,21717.343939482776,58.23142790035672,,-22132,13655.930772085714,12955.70956296337,22357.275932386998,54.87851743120947,22410.92940094814,22721.32746217208,22169.10584502606,22963.15101809416,21858.707783802118,23273.5490793181,21616.88422788004,0.11610040793605403,-31.844695330336705,-77.30711793048613,-98.30591144257805,20.998793512091922,51.41943871642195,38.326290119539465,22191.14140625,22267.8880859375,,,ABBOTINDIA.NS,2025-08-18 10:52:16.409092
463,2023-09-29 00:00:00+05:30,21845.807352418014,22599.278678547253,21585.0090514707,22535.548828125,18207,0.0,0.0,2023-09-29,22247.6099609375,273.79684975349824,22521.406810690998,21973.813111184005,22795.2036604445,21700.016261430505,2.785987133019889,,-8312,18035.7028856211,12780.654260682782,22352.583501657722,53.42606523052506,22239.945519380984,22894.881987291268,21880.612360214716,23254.215146457536,21225.675892304433,23909.15161436782,20866.342733138164,0.06370186043278107,-28.342389828806347,-105.28004844787938,-103.55560982060102,-1.72443862727836,52.46808607720408,40.46024739391236,22099.528515625,22247.6099609375,,,ABBOTINDIA.NS,2025-08-18 10:52:16.409092
464,2023-09-28 00:00:00+05:30,22208.445021304335,22208.445021304335,21388.86269179597,21749.216796875,17582,0.0,0.0,2023-09-28,22244.21220703125,270.43656375968516,22514.648770790936,21973.775643271565,22785.085334550622,21703.33907951188,-112.72630816823396,,-26519,16808.86692193117,11466.892104448201,22342.836593021955,45.68460612960109,21782.174836658436,22175.486981520902,21355.904652012538,22601.7571661668,20962.59250715007,22995.069311029267,20536.322322504173,-0.01143599870060115,-77.48109690415487,-145.01829954575078,-103.12450016378143,-41.893799381969345,35.26732163915075,42.56006293274229,21975.8234375,22244.21220703125,,,ABBOTINDIA.NS,2025-08-18 10:52:16.409092
465,2023-09-27 00:00:00+05:30,22079.920391410506,22169.898317640454,21758.01645627902,22111.517578125,9786,0.0,0.0,2023-09-27,22292.48310546875,263.50452909157224,22555.987634560322,22028.978576377176,22819.492163651892,21765.474047285607,-80.40855459331544,,-8937,9511.528262149708,10131.398400077458,22375.030450556987,54.678618752103745,22013.144117348158,22268.271778417296,21856.38991705586,22425.025978709593,21601.262255986723,22680.15363977873,21444.508055694427,-0.005022522177176141,-69.01511524388505,-116.25626492605079,-92.6510503182891,-23.605214607761695,41.72783632521938,43.185458460344506,22066.765234375,22292.48310546875,,,ABBOTINDIA.NS,2025-08-18 10:52:16.409092
466,2023-09-26 00:00:00+05:30,22108.308018710122,22376.105563637037,21896.363816947643,22079.919921875,11513,0.0,0.0,2023-09-26,22325.1326171875,279.84930999936944,22604.98192718687,22045.283307188132,22884.83123718624,21765.43399718876,-66.84186153253059,,-18723,11174.099633432512,10286.365934559393,22383.232357542583,64.17749367164359,22117.463100819892,22338.56238469214,21858.820638002748,22597.204847509285,21637.7213541305,22818.304131381534,21379.078891313355,-0.00850792323760027,-71.50005057946896,-113.35182383262145,-86.74974666634867,-26.602077166272778,40.850266879322604,44.8544298442689,22153.914453125,22325.1326171875,,,ABBOTINDIA.NS,2025-08-18 10:52:16.409092
467,2023-09-25 00:00:00+05:30,21967.28560046472,22104.36877067584,21717.5235278776,22021.439453125,4373,0.0,0.0,2023-09-25,22358.073828125,288.1191135855045,22646.192941710506,22069.954714539497,22934.31205529601,21781.835600953993,-145.1934613431859,,-30236,4233.033658754232,10064.432509841112,22394.76126228101,66.70856162918818,21947.77725055948,22178.03097324136,21791.18573044312,22334.622493357718,21560.932007761243,22564.876216039596,21404.340487644884,0.015563414159828528,-76.09913166600955,-104.80391683486232,-80.09922737478047,-24.704689460081852,39.27883320168203,47.09716726755205,22270.104296875,22358.073828125,,,ABBOTINDIA.NS,2025-08-18 10:52:16.409092
468,2023-09-22 00:00:00+05:30,22203.925505971445,22300.807718912532,21737.891698803964,21917.0234375,9333,0.0,0.0,2023-09-22,22385.79912109375,280.60191811257886,22666.40103920633,22105.197202981173,22947.00295731891,21824.595284868592,-172.8265294814033,,-34609,8991.442651552605,11522.282222612832,22400.230010782587,63.309863027779805,21985.240951738833,22232.590204673703,21669.674184565134,22548.156971847402,21422.324931630264,22795.50622478227,21106.758164456565,0.02589534982589222,-83.16619164650491,-86.51262736485296,-73.92305500976,-12.589572355092955,36.48088717818279,48.12930177599983,22406.312890625,22385.79912109375,,,ABBOTINDIA.NS,2025-08-18 10:52:16.409092
469,2023-09-21 00:00:00+05:30,22459.28003756018,22544.495598291247,22166.641481164108,22203.92578125,4203,0.0,0.0,2023-09-21,22416.0060546875,259.18237968512176,22675.18843437262,22156.82367500238,22934.370814057744,21897.641295317255,-61.8824700615094,,-25276,4102.189302568804,12154.992115377889,22415.82459613345,60.73210000344579,22305.02095356845,22443.400425972795,22065.546308845656,22682.87507069559,21927.166836441313,22821.254543099934,21687.692191718517,0.009678129351830829,-60.90961741773069,-51.5000411657129,-70.77566192098676,19.275620755273863,41.34094960832587,49.2966167877697,22477.741796875,22416.0060546875,,,ABBOTINDIA.NS,2025-08-18 10:52:16.409092
470,2023-09-20 00:00:00+05:30,22652.700281415786,22715.993388594645,22494.666894731497,22547.263671875,4759,0.0,0.0,2023-09-20,22435.098046875,256.79039157127227,22691.888438446273,22178.307655303724,22948.678830017543,21921.517263732454,85.38063394273335,,-21073,4716.676484640385,14168.192818580159,22418.949710504225,59.938339165317686,22585.974651733715,22677.282408735933,22455.955914872786,22807.301145596863,22364.648157870568,22898.60890259908,22234.62942100964,0.010776629288484791,-34.27503106905757,-34.14855115635146,-75.59456710980523,41.44601595345377,48.52464666784096,51.955716670113176,22509.98046875,22435.098046875,,,ABBOTINDIA.NS,2025-08-18 10:52:16.409092
471,2023-09-18 00:00:00+05:30,22702.480962966667,22851.0845773062,22473.912163701872,22660.869140625,18594,0.0,0.0,2023-09-18,22449.0421875,270.4123333713452,22719.454520871346,22178.629854128652,22989.86685424269,21908.21752075731,159.0854030232798,,-16314,18521.490374952762,16531.0719020651,22416.77059028639,58.91830314151513,22661.95529387769,22849.99842405351,22472.826010449182,23039.127707482017,22284.782880273364,23227.170837657835,22095.653596844855,0.02411614646155471,-25.462037368900447,-45.22956376415823,-85.95607109816866,40.726507334010435,51.26159866977414,55.515290185671574,22452.765625,22449.0421875,,,ABBOTINDIA.NS,2025-08-18 10:52:16.409092
472,2023-09-15 00:00:00+05:30,22274.169632142515,22989.092079281178,22264.83668882079,22702.482421875,22279,0.0,0.0,2023-09-15,22455.24990234375,276.8788257245103,22732.12872806826,22178.371076619238,23009.00755379277,21901.492250894727,169.04819100842099,,2280,22232.87275162225,16033.467283843187,22399.42268007282,57.506397900764455,22652.137063325656,23039.437437830522,22315.182047370134,23376.392453786044,21927.881672865267,23763.69282829091,21590.926656909745,0.024391113218997656,-22.233868958221567,-69.91973874098403,-96.13769793167127,26.21795919068724,52.26414657813372,59.34867704858061,22389.911328125,22455.24990234375,,,ABBOTINDIA.NS,2025-08-18 10:52:16.409092
473,2023-09-14 00:00:00+05:30,22498.507983696003,22542.210460706956,22225.02333231635,22274.16796875,16366,0.0,0.0,2023-09-14,22457.60498046875,279.28230424551487,22736.887284714267,22178.322676223233,23016.16958895978,21899.04037197772,49.226107378550054,,-19999,16023.986778260964,14483.61591689842,22371.21385048802,53.98914008906556,22347.133920591103,22469.244508865857,22152.05738047525,22664.32104898171,22029.946792200495,22786.431637256464,21834.870252084642,-0.008048132025823612,-49.30697329607154,-104.56953230046565,-102.69218772934306,-1.8773445711225918,41.28906363654164,63.476939824021116,22322.079296875,22457.60498046875,,,ABBOTINDIA.NS,2025-08-18 10:52:16.409092
474,2023-09-13 00:00:00+05:30,22358.167380376755,22409.695095781375,21928.44567832316,22365.119140625,15208,0.0,0.0,2023-09-13,,,,,,,-20.26903075133252,,-3633,14950.986889440883,14098.52320155778,22378.336476024597,47.532206181434645,22234.419971576513,22540.394264829865,22059.144847371652,22715.669389034727,21753.1705541183,23021.64368228808,21577.89542991344,,-41.27659721287712,-105.16489712112525,-102.22285158656241,-2.942045534562837,43.24974242688576,66.23342349276776,22345.11171875,,,,ABBOTINDIA.NS,2025-08-18 10:52:16.409092
475,2023-09-12 00:00:00+05:30,22389.2795823086,22604.140444164965,22114.433438477172,22261.189453125,18817,0.0,0.0,2023-09-12,,,,,,,0.5425565263907405,,-18841,18413.031298820966,13885.407279587003,22379.303894468027,49.20403491937287,22326.587778589048,22538.742118700924,22049.03511301313,22816.29478427684,21836.880772901255,23028.449124388717,21559.32810732534,,-50.45288883868383,-113.29104935463329,-101.4873402029217,-11.803709151711587,40.23849469687112,68.14379005661122,22365.032421875,,,,ABBOTINDIA.NS,2025-08-18 10:52:16.409092
476,2023-09-11 00:00:00+05:30,22409.69518211144,22492.869452410963,22216.320035668527,22346.59765625,8108,0.0,0.0,2023-09-11,,,,,,,-4.431855366550482,,-24,7964.374817637031,12753.501274778511,22391.065833073415,52.34479672428909,22351.92904810983,22487.53806055113,22210.988643808694,22628.478464852265,22075.379631367392,22764.087477293568,21934.439227066257,,-48.04110650849702,-111.74295610656554,-98.5364129149938,-13.20654319157174,41.93656071214473,70.93769547521511,22344.81015625,,,,ABBOTINDIA.NS,2025-08-18 10:52:16.409092
477,2023-09-08 00:00:00+05:30,22390.202660061783,22510.807447590585,22166.690547292306,22363.322265625,8725,0.0,0.0,2023-09-08,,,,,,,-15.130809900487462,,8084,8576.859554952367,13950.78288906388,22393.05941893651,51.94280788676391,22346.940086835966,22527.189626379626,22183.072726081347,22691.056987134245,22002.823186537687,22871.306526677905,21838.95582578307,,-46.697110365459515,-116.4792664814704,-95.23477711710086,-21.244489364369542,42.26074567630772,72.93412094698448,22220.3953125,,,,ABBOTINDIA.NS,2025-08-18 10:52:16.409092
478,2023-09-07 00:00:00+05:30,22414.558457244137,22545.711469240196,22302.802396377236,22389.330078125,12869,0.0,0.0,2023-09-07,,,,,,,-0.6525565539331862,,16809,12665.211327525132,15294.263722591755,22394.566757401517,53.06134850325768,22412.614647914143,22522.42689945105,22279.51782658809,22655.523720777102,22169.705575051183,22765.33597231401,22036.60875372513,,-44.607112392706114,-122.42546225625483,-89.92365477600848,-32.501807480246356,42.737981970940645,75.08411760888994,22162.519140625,,,,ABBOTINDIA.NS,2025-08-18 10:52:16.409092
479,2023-09-06 00:00:00+05:30,22264.15459186647,22516.63964037601,22122.11157659409,22464.72265625,26456,0.0,0.0,2023-09-06,,,,,,,-18.517632184988322,,29678,26124.72839072349,15951.52682135841,22394.989907129067,49.14729138410484,22367.824624406698,22613.537672219307,22219.009608437384,22762.35268818862,21973.296560624774,23008.06573600123,21824.48154465546,,-44.06170882121205,-130.74483895266167,-81.79820290594688,-48.94663604671479,,77.89759816466719,22178.171875,,,,ABBOTINDIA.NS,2025-08-18 10:52:16.409092
480,2023-09-05 00:00:00+05:30,21907.106959608318,22262.890504178868,21737.211325929762,22160.078125,25555,0.0,0.0,2023-09-05,,,,,,,-112.33836596747452,,3222,24892.7979022968,13408.22642901714,22381.09838570845,,22053.393318369544,22369.575310809327,21843.89613256022,22579.07249661865,21527.71414012044,22895.254489058432,21318.216954311116,,,-146.8402063724534,-69.56154389426817,-77.27866247818523,,80.6728431704091,22228.154296875,,,,ABBOTINDIA.NS,2025-08-18 10:52:16.409092
481,2023-09-04 00:00:00+05:30,22262.50160100225,22361.03582927218,21700.02422543743,21724.5234375,15081,0.0,0.0,2023-09-04,,,,,,,-210.28549898464846,,-22333,14401.473810947948,10537.083560697227,22433.762492249345,,21928.527830736537,22157.031436035642,21496.019832200895,22589.539434571285,21267.51622690179,22818.04303987039,20835.008228366147,,,-135.21943194025516,-50.24187827472186,-84.97755366553329,,81.04052457226837,22349.040234375,,,,ABBOTINDIA.NS,2025-08-18 10:52:16.409092
482,2023-09-01 00:00:00+05:30,22477.75308283227,22592.038439044707,21909.053078288234,22073.94140625,18058,0.0,0.0,2023-09-01,,,,,,,-234.08973270247202,,-7252,17521.693328011574,9570.985998134545,22549.81181722846,,22191.677641194314,22474.302204100393,21791.31684334392,22874.663001950787,21508.69228043784,23157.287564856866,21108.331482587448,,,-75.39700254312265,-28.997489858338533,-46.39951268478412,,81.43648915888603,22551.884375,,,,ABBOTINDIA.NS,2025-08-18 10:52:16.409092
483,2023-08-31 00:00:00+05:30,22714.63476129059,22770.05136613386,22429.967652653188,22467.59375,6976,0.0,0.0,2023-08-31,,,,,,,-103.49772201531384,,10806,6889.529677010747,7583.309165665288,22665.764696481583,,22555.870922929014,22681.77419320484,22341.69047972417,22895.954636409686,22215.787209448343,23021.857906685513,22001.606766243498,,,-32.076161789696926,-17.397611687142504,-14.678550102554421,,82.24448601691134,22652.28515625,,,,ABBOTINDIA.NS,2025-08-18 10:52:16.409092
484,2023-08-30 00:00:00+05:30,22832.61342092154,22832.61342092154,22605.113674679444,22714.634765625,8440,0.0,0.0,2023-08-30,,,,,,,,,17782,8427.033986799377,7756.754037828923,22686.356952605984,,22717.453953741995,22829.794232804546,22602.29448656245,22944.953699984093,22489.954207499897,23057.293979046644,22374.79474032035,,,-14.895147076378635,-13.727974161503898,-1.1671729148747367,,85.1470850316223,22662.998828125,,,,ABBOTINDIA.NS,2025-08-18 10:52:16.409092
485,2023-08-29 00:00:00+05:30,22822.793607090753,22822.793607090753,22570.93897018735,22764.5078125,11307,0.0,0.0,2023-08-29,,,,,,,,,26222,11314.417442214555,7589.184050586309,22682.290698101595,,22719.413463259367,22867.887956331382,22616.03331942798,22971.268100162768,22467.558826355966,23119.742593234783,22364.17868252458,,,-17.00235482199787,-13.436180932785213,-3.5661738892126564,,89.96431028598361,22637.225,,,,ABBOTINDIA.NS,2025-08-18 10:52:16.409092
486,2023-08-28 00:00:00+05:30,22652.65510035326,22806.313508007705,22472.89103670799,22738.744140625,6122,0.0,0.0,2023-08-28,,,,,,,,,14915,6119.082956616563,6657.875702679247,22662.672893376614,,22672.649561780232,22872.408086852472,22538.98561555276,23006.072033079945,22339.22709048052,23205.830558152185,22205.563144253047,,,-24.35434731245914,-12.544637460482047,-11.809709851977093,,94.95356712403104,22649.552734375,,,,ABBOTINDIA.NS,2025-08-18 10:52:16.409092
487,2023-08-25 00:00:00+05:30,22454.41767957883,22621.590331877487,22388.4034896022,22575.9453125,8733,0.0,0.0,2023-08-25,,,,,,,,,8793,8666.344428516762,6792.573889194918,22651.387102133314,,22528.646377993227,22668.889266384256,22435.702424108968,22761.833220268516,22295.45953571794,22902.076108659545,22202.51558183368,,,-30.86078899342465,-9.592209997487773,-21.268578995936878,,100.0,22658.80859375,,,,ABBOTINDIA.NS,2025-08-18 10:52:16.409092
488,2023-08-24 00:00:00+05:30,22594.36921961636,22792.751696605337,22506.918690343526,22521.162109375,8568,0.0,0.0,2023-08-24,,,,,,,,,60,8481.971234535795,6324.131254364455,22671.638951047236,,22606.944165441284,22706.969640539042,22421.13663427723,22892.777171703096,22321.111159179472,22992.802646800854,22135.30362801542,,,-22.690200360633753,-4.275065248503553,-18.4151351121302,,100.0,22693.536328125,,,,ABBOTINDIA.NS,2025-08-18 10:52:16.409092
489,2023-08-23 00:00:00+05:30,22944.418375051693,22944.418375051693,22430.98878262791,22585.765625,7668,0.0,0.0,2023-08-23,,,,,,,,,8628,7612.783202165354,5784.671259321621,22725.439884925043,,22653.7242608932,22876.45973915849,22363.030146734705,23167.153853316984,22140.294668469414,23389.889331582275,21849.60055431092,,,-6.490264600877708,0.3287185295289965,-6.818983130406705,,100.0,,,,,ABBOTINDIA.NS,2025-08-18 10:52:16.409092
490,2023-08-22 00:00:00+05:30,22785.02267188551,22928.715808631932,22680.65321952958,22826.146484375,6529,0.0,0.0,2023-08-22,,,,,,,,,16296,6550.972997960899,5327.643273610686,22791.162898247654,,22811.83850417884,22943.023788828097,22694.961199725745,23059.90109328119,22563.775915076487,23191.08637793045,22446.898610623393,,,7.986432137575321,2.033464312130673,5.952967825444648,,100.0,,,,,ABBOTINDIA.NS,2025-08-18 10:52:16.409092
491,2023-08-21 00:00:00+05:30,22829.5993958797,22929.835013131644,22662.474206321756,22785.0234375,5014,0.0,0.0,2023-08-21,,,,,,,,,9767,5021.810842523133,5021.810842523133,22767.77722876619,,22792.444218984467,22922.414231647177,22655.05342483729,23059.805025794354,22525.08341217458,23189.775038457065,22387.692618027402,,,2.726111778847553,0.5452223557695106,2.1808894230780425,,100.0,,,,,ABBOTINDIA.NS,2025-08-18 10:52:16.409092
492,2023-08-18 00:00:00+05:30,23012.472943956458,23067.063537325717,22703.40348311442,22749.583984375,4753,0.0,0.0,2023-08-18,,,,,,,,,4753,,,22749.583984375,,22840.017001605043,22976.630520095667,22612.97046588437,23203.67705581634,22476.356947393746,23340.290574306964,22249.310411673072,,,0.0,0.0,0.0,,,,,,,ABBOTINDIA.NS,2025-08-18 10:52:16.409092
