Trading Day,Date,Open,High,Low,Close,Volume,Dividends,Stock Splits,date_only,RollingMean,RollingStd,UpperBand1,LowerBand1,UpperBand2,LowerBand2,CCI_10,CCI_40,OBV,VPT,VPT_signal,VWAP,MFI_14,PP,R1,S1,R2,S2,R3,S3,CMF,%R,macd,macd_signal,macde_histogram,rsi,ADX,sma_5,sma_20,sma_50,sma_100,symbol,created_on
1,2025-07-18 00:00:00+05:30,11.220000267028809,11.220000267028809,11.220000267028809,11.220000267028809,7101,0.0,0.0,2025-07-18,10.15999994277954,0.9666055908548078,11.126605533634349,9.193394351924733,12.093211124489157,8.226788761069924,127.10141141628635,46.82240476969362,8719444,29056.607915183515,90262.49344732649,5.852677332056797,58.86991405797118,11.220000267028809,11.220000267028809,11.220000267028809,11.220000267028809,11.220000267028809,11.220000267028809,11.220000267028809,,-0.0,0.1261097613758544,0.023726547460941088,0.1023832139149133,60.039304208976816,19.448545608570768,10.639999961853027,10.15999994277954,9.56177996635437,8.224309983253479,AJCON.BO,2025-07-21 02:11:32.462794
2,2025-07-17 00:00:00+05:30,11.0,11.0,11.0,11.0,5928,0.0,0.0,2025-07-17,10.241999912261964,1.118836775285655,11.360836687547618,9.12316313697631,12.479673462833274,8.004326361690653,144.43258543183657,41.06543967691723,8712343,23781.18072597151,105563.96483036222,5.851182287288793,66.02196235028552,11.0,11.0,11.0,11.0,11.0,11.0,11.0,,-0.0,0.046294829066686916,-0.0018692560177872384,0.04816408508447415,58.45346590191322,19.364652744567067,10.357999992370605,10.241999912261964,9.498939962387086,8.192789978981018,AJCON.BO,2025-07-21 02:11:32.462794
3,2025-07-16 00:00:00+05:30,10.5,10.789999961853027,10.5,10.789999961853027,19407,0.0,0.0,2025-07-16,10.304449892044067,1.1955972403492,11.500047132393266,9.108852651694868,12.695644372742468,7.913255411345667,160.41665370913609,32.001117002615814,8706415,76368.1697279368,126009.6608564599,5.849984737248432,64.10275982411414,10.693333307902018,10.886666615804035,10.596666653951008,10.983333269755045,10.40333334604899,11.176666577657063,10.30666669209798,,-6.206905850330382,-0.034927214471254686,-0.013910277288905776,-0.02101693718234891,56.93877443253374,19.54296363113596,10.02800006866455,10.304449892044067,9.427859964370727,8.16510998249054,AJCON.BO,2025-07-21 02:11:32.462794
4,2025-07-15 00:00:00+05:30,9.960000038146973,10.399999618530273,9.420000076293945,10.279999732971191,23934,0.0,0.0,2025-07-15,10.40844988822937,1.3236625897045624,11.732112477933933,9.084787298524807,13.055775067638494,7.761124708820246,93.60799957883174,9.916075423806511,8687008,89730.67263565212,138420.03363859068,5.846220339827505,59.71956862093067,10.03333314259847,10.646666208902996,9.666666666666668,11.013332684834799,9.053333600362143,11.626665751139324,8.68666712443034,,-23.793117169389955,-0.11770502078230827,-0.008656042993318546,-0.10904897778898973,53.081314595826456,19.993662146452305,9.652000045776367,10.40844988822937,9.352019968032836,8.141209979057312,AJCON.BO,2025-07-21 02:11:32.462794
5,2025-07-14 00:00:00+05:30,10.289999961853027,10.289999961853027,9.319999694824219,9.90999984741211,57661,0.0,0.0,2025-07-14,10.571799898147583,1.497188642478649,12.068988540626233,9.074611255668934,13.56617718310488,7.5774226131902855,52.40171811278551,5.027243316279423,8663074,208395.5068335354,150592.3738893253,5.842049663640026,57.27848264170315,9.839999834696451,10.359999974568684,9.389999707539875,10.81000010172526,8.869999567667643,11.330000241597492,8.419999440511067,,-37.83783348395588,-0.17167499236972716,0.018606201453928883,-0.19028119382365605,50.0680267445826,20.978075788112598,9.294000053405762,10.571799898147583,9.295219974517822,8.12411998271942,AJCON.BO,2025-07-21 02:11:32.462794
6,2025-07-11 00:00:00+05:30,9.75,9.8100004196167,9.75,9.8100004196167,26086,0.0,0.0,2025-07-11,10.789249897003174,1.6983223415762618,12.487572238579435,9.090927555426912,14.185894580155697,7.392605213850651,38.61095361796804,5.375574471201999,8605413,93327.37466582711,136141.59065327275,5.832809913688291,51.5700213223114,9.790000279744467,9.830000559488933,9.770000139872234,9.850000699361166,9.729999860127768,9.890000979105633,9.709999720255535,,-50.8474366230877,-0.20173239162174994,0.0661764999098429,-0.2679088915315928,49.25004418057957,22.181561025041564,9.08400001525879,10.789249897003174,9.24901997566223,8.11246998310089,AJCON.BO,2025-07-21 02:11:32.462794
7,2025-07-10 00:00:00+05:30,9.300000190734863,9.350000381469727,9.300000190734863,9.350000381469727,8776,0.0,0.0,2025-07-10,10.988149881362915,1.8070625473161555,12.79521242867907,9.18108733404676,14.602274975995226,7.374024786730605,-25.43041602280509,-8.659209448736279,8579327,29925.455968472415,146845.14465013417,5.828718882387136,45.843635077476286,9.333333651224772,9.36666711171468,9.316666920979817,9.383333841959635,9.283333460489908,9.416667302449543,9.266666730244953,,-69.1566142130545,-0.2273099910839278,0.1331537227927411,-0.36046371387666887,45.43166391475487,23.6530685992883,8.985999870300294,10.988149881362915,9.191859970092773,8.10010998249054,AJCON.BO,2025-07-21 02:11:32.462794
8,2025-07-09 00:00:00+05:30,8.069999694824219,8.90999984741211,8.069999694824219,8.90999984741211,17646,0.0,0.0,2025-07-09,11.177249860763549,1.8244164073461904,13.001666268109739,9.35283345341736,14.826082675455929,7.528417046071168,-120.95808496306176,-30.5311659711089,8570551,57339.843691324655,176075.0668205496,5.827499902348733,55.10615405188814,8.629999796549479,9.189999898274738,8.349999745686848,9.46999994913737,7.789999643961588,10.030000050862629,7.509999593098957,,-82.46346222802612,-0.2113099443493045,0.22326965126190831,-0.43457959561121284,41.5238638248423,24.559520414262987,9.019999885559082,11.177249860763549,9.152539958953858,8.090669980049134,AJCON.BO,2025-07-21 02:11:32.462794
9,2025-07-08 00:00:00+05:30,8.859999656677246,8.859999656677246,8.420000076293945,8.489999771118164,46392,0.0,0.0,2025-07-08,11.357099866867065,1.7654923505203675,13.122592217387432,9.591607516346699,14.8880845679078,7.82611516582633,-158.47667367566578,-30.190737202569373,8552905,143642.61655250925,205758.87260285582,5.825352808705206,37.869166998512554,8.589999834696451,8.759999593098957,8.320000012715656,9.029999415079752,8.15000025431315,9.199999173482258,7.880000432332356,,-98.42343014775295,-0.14428998427658435,0.3319145501647115,-0.47620453444129585,37.56050941959362,24.827949661705006,9.185999870300293,11.357099866867065,9.128019962310791,8.083989977836609,AJCON.BO,2025-07-21 02:11:32.462794
10,2025-07-07 00:00:00+05:30,8.859999656677246,9.680000305175781,8.859999656677246,8.859999656677246,33512,0.0,0.0,2025-07-07,11.504449892044068,1.6315020859528462,13.135951977996914,9.872947806091222,14.76745406394976,8.241445720138376,-124.9007677624768,-11.257063800924682,8599297,108284.57233464648,221287.93661544242,5.820464254525831,37.039931333277764,9.133333206176758,9.40666675567627,8.586666107177734,9.953333854675293,8.313332557678223,10.226667404174805,7.766665458679199,,-100.0,-0.01493427054427876,0.45096568377503543,-0.4658999543193142,39.76524038917863,25.509727214470466,9.53799991607666,11.504449892044068,9.107159967422485,8.079899983406067,AJCON.BO,2025-07-21 02:11:32.462794
11,2025-07-04 00:00:00+05:30,9.260000228881836,9.899999618530273,9.050000190734863,9.319999694824219,31294,0.0,0.0,2025-07-04,11.581349897384644,1.5336064254615496,13.114956322846194,10.047743471923095,14.648562748307743,8.514137046461546,-105.01116082340342,-0.4620983684586928,8632809,106367.63657706059,249538.77768564137,5.816430763049964,33.76325885218702,9.423333168029785,9.796666145324707,8.946666717529297,10.273332595825195,8.573333740234375,10.646665573120117,8.096667289733887,,-94.95327975762766,0.1144671358919318,0.567440672354864,-0.45297353646293215,42.65574084529321,26.771874717497045,9.855999946594238,11.581349897384644,9.071959972381592,8.070529985427857,AJCON.BO,2025-07-21 02:11:32.462794
12,2025-07-03 00:00:00+05:30,9.729999542236328,10.199999809265137,9.260000228881836,9.520000457763672,53683,0.0,0.0,2025-07-03,11.548599910736083,1.5903817097504684,13.138981620486552,9.958218200985614,14.729363330237021,8.367836491235146,-90.12094078897248,8.28180050093468,8664103,186382.99247894622,285331.5629627865,5.812083821126635,55.09637147286318,9.660000165303549,10.060000101725262,9.12000052134196,10.59999974568685,8.720000584920248,10.999999682108562,8.18000094095866,,-95.00959257239641,0.2331027640739407,0.6806840564705969,-0.4475812923966562,43.94538588790974,28.36783580786509,9.98400001525879,11.548599910736083,9.025559978485107,8.055009989738464,AJCON.BO,2025-07-21 02:11:32.462794
13,2025-07-02 00:00:00+05:30,10.0,10.5,9.739999771118164,9.739999771118164,39389,0.0,0.0,2025-07-02,11.433649897575378,1.8123203958039455,13.245970293379324,9.621329501771433,15.05829068918327,7.809009105967487,-80.47862160159752,20.159845330263742,8717786,139915.6953222833,310068.7055837466,5.804175138266512,65.47459112814386,9.993333180745443,10.246666590372723,9.486666361490887,10.75333340962728,9.233332951863607,11.006666819254558,8.72666613260905,,-94.60000991821289,0.36176341344059715,0.7925793795697609,-0.43081596612916373,45.345737764806934,30.34678465672456,10.17599983215332,11.433649897575378,8.97477996826172,8.035969986915589,AJCON.BO,2025-07-21 02:11:32.462794
14,2025-07-01 00:00:00+05:30,10.970000267028809,10.970000267028809,10.0,10.25,104424,0.0,0.0,2025-07-01,11.311699914932252,2.004186494713167,13.315886409645419,9.307513420219085,15.320072904358586,7.303326925505917,-66.21095166235837,34.63531212109014,8757175,390352.282930326,352606.9581491124,5.798005945849442,73.38233988808783,10.40666675567627,10.813333511352539,9.84333324432373,11.376667022705078,9.436666488647461,11.783333778381348,8.873332977294922,,-84.40000534057617,0.49934016982298424,0.9002833711020517,-0.40094320127906746,48.68525885705528,32.264824194368394,10.433999824523926,11.311699914932252,8.909979972839356,8.0132399892807,AJCON.BO,2025-07-21 02:11:32.462794
15,2025-06-30 00:00:00+05:30,9.470000267028809,10.449999809265137,9.470000267028809,10.449999809265137,104512,0.0,0.0,2025-06-30,11.179249906539917,2.1595532543211,13.338803160861017,9.019696652218817,15.498356415182117,6.860143397897717,-98.68678961714473,28.325982412843334,8861599,398304.28119687864,343170.62695380894,5.779428715307756,82.4958115485041,10.123333295186361,10.776666323343914,9.796666781107586,11.10333283742269,9.143333752950033,11.756665865580242,8.816667238871258,,-80.40000915527344,0.6176870525011182,1.0005191714218185,-0.38283211892070024,50.02686850686007,33.9783764703384,10.705999755859375,11.179249906539917,8.84093997001648,7.983949990272522,AJCON.BO,2025-07-21 02:11:32.462794
16,2025-06-27 00:00:00+05:30,9.960000038146973,9.960000038146973,9.960000038146973,9.960000038146973,13246,0.0,0.0,2025-06-27,11.002249908447265,2.358387554455706,13.360637462902972,8.643862353991558,15.719025017358677,6.285474799535853,-133.71647110021487,25.393475387717185,8757087,48114.571681125686,329387.2133930415,5.7598411814496915,83.90217127010415,9.960000038146973,9.960000038146973,9.960000038146973,9.960000038146973,9.960000038146973,9.960000038146973,9.960000038146973,,-100.0,0.7401510793735113,1.0962272011519933,-0.356076121778482,46.684424075516176,36.43094837731322,11.05999984741211,11.002249908447265,8.777839975357056,7.951229991912842,AJCON.BO,2025-07-21 02:11:32.462794
17,2025-06-26 00:00:00+05:30,10.479999542236328,10.479999542236328,10.479999542236328,10.479999542236328,26514,0.0,0.0,2025-06-26,10.85419991016388,2.5149991493189154,13.369199059482796,8.339200760844964,15.88419820880171,5.824201611526049,-143.05127068940007,43.082667441972596,8770333,101337.2346555217,399705.3738210204,5.757607480732482,86.39372686084802,10.479999542236328,10.479999542236328,10.479999542236328,10.479999542236328,10.479999542236328,10.479999542236328,10.479999542236328,,-80.28170041080911,0.9339852870039902,1.185246231596614,-0.2512609445926237,49.97849857025957,39.07217966174765,11.639999771118164,10.85419991016388,8.713039970397949,7.922009992599487,AJCON.BO,2025-07-21 02:11:32.462794
18,2025-06-25 00:00:00+05:30,11.029999732971191,11.029999732971191,11.029999732971191,11.029999732971191,6030,0.0,0.0,2025-06-25,10.680949926376343,2.6574454851347378,13.33839541151108,8.023504441241606,15.995840896645818,5.366058956106867,-153.13304990009672,62.65988171752559,8796847,24256.344234679,474297.40861239505,5.752575089863122,87.3166435025961,11.029999732971191,11.029999732971191,11.029999732971191,11.029999732971191,11.029999732971191,11.029999732971191,11.029999732971191,,-48.416612159809766,1.1167884458099095,1.24806146774477,-0.13127302193486035,53.69992789907892,41.27415861597647,11.993799781799316,10.680949926376343,8.637839975357055,7.8862099981307985,AJCON.BO,2025-07-21 02:11:32.462794
19,2025-06-24 00:00:00+05:30,11.609999656677246,11.609999656677246,11.609999656677246,11.609999656677246,7399,0.0,0.0,2025-06-24,10.491949939727784,2.7636120086577756,13.255561948385559,7.728337931070008,16.019173957043336,4.964725922412232,-120.55716453892542,84.89765234630205,8802877,31328.36769986597,586807.674706824,5.751295762487493,87.33918547158716,11.609999656677246,11.609999656677246,11.609999656677246,11.609999656677246,11.609999656677246,11.609999656677246,11.609999656677246,,-39.33975832556314,1.2797441614692069,1.280879723228485,-0.001135561759278092,57.92331197226866,42.90332631592497,12.361799812316894,10.491949939727784,8.546439981460571,7.843910002708435,AJCON.BO,2025-07-21 02:11:32.462794
20,2025-06-23 00:00:00+05:30,12.220000267028809,12.220000267028809,12.220000267028809,12.220000267028809,27527,0.0,0.0,2025-06-23,10.269599962234498,2.8465727955249234,13.116172757759422,7.423027166709574,15.962745553284345,4.576454371184651,-53.34824912330852,111.32585705620188,8810276,122676.854381902,725677.5014585635,5.749552566903532,87.5739793063955,12.220000267028809,12.220000267028809,12.220000267028809,12.220000267028809,12.220000267028809,12.220000267028809,12.220000267028809,,-30.949103965973112,1.4118655903730275,1.2811636136683042,0.13070197670472328,62.74240361867584,43.793626547429554,12.749199867248535,10.269599962234498,8.443439989089965,7.795810008049012,AJCON.BO,2025-07-21 02:11:32.462794
21,2025-06-20 00:00:00+05:30,12.84000015258789,12.859999656677246,12.350000381469727,12.859999656677246,90823,0.0,10.0,2025-06-20,10.0235999584198,2.8815264443533106,12.90512640277311,7.142073514066489,15.78665284712642,4.260547069713178,9.727315966749227,137.94940934507855,8837803,425960.5050860019,876427.6632277289,5.742382127562329,88.42264189560765,12.68999989827474,13.029999415079754,12.520000139872234,13.19999917348226,12.18000062306722,13.539998690287273,12.010000864664715,,-22.1458116778003,1.4995533355959747,1.2484881194921233,0.25106521610385135,68.27652477316695,43.73670060145362,13.156999778747558,10.0235999584198,8.335039987564087,7.740280003547668,AJCON.BO,2025-07-21 02:11:32.462794
22,2025-06-19 00:00:00+05:30,12.22700023651123,12.61299991607666,12.22700023651123,12.24899959564209,210260,0.0,0.0,2025-06-19,9.745149970054626,2.8620194407860198,12.607169410840646,6.883130529268607,15.469188851626665,4.021111088482587,12.135658882456038,141.60998167822217,8746980,939268.6208016115,989044.4527631606,5.716262084568697,88.07546329803496,12.36299991607666,12.49899959564209,12.11299991607666,12.74899959564209,11.97700023651123,12.88499927520752,11.72700023651123,,-29.378314128444533,1.5260694735206446,1.1857218154661604,0.3403476580544842,65.59035887534951,43.44969448778267,13.342599868774414,9.745149970054626,8.21383999824524,7.677430005073547,AJCON.BO,2025-07-21 02:11:32.462794
23,2025-06-18 00:00:00+05:30,12.869999885559082,12.869999885559082,12.869999885559082,12.869999885559082,46110,0.0,0.0,2025-06-18,9.496749997138977,2.8488286681499018,12.34557866528888,6.647921328989075,15.19440733343878,3.7990926608391735,44.664495546243124,178.942090106133,8957240,216424.38819551573,1001488.4107535478,5.6602862379021985,94.54121535299039,12.869999885559082,12.869999885559082,12.869999885559082,12.869999885559082,12.869999885559082,12.869999885559082,12.869999885559082,,-19.72143848122112,1.5970701489424997,1.1006349009525391,0.4964352479899605,71.287295439751,43.29071725188798,13.51919994354248,9.496749997138977,8.104840002059937,7.6195200109481815,AJCON.BO,2025-07-21 02:11:32.462794
24,2025-06-17 00:00:00+05:30,14.258999824523926,14.399999618530273,13.54699993133545,13.54699993133545,84590,0.0,0.0,2025-06-17,9.215750002861023,2.774797495059828,11.99054749792085,6.440952507801195,14.76534499298068,3.666155012741367,82.87029740985358,248.66450849384765,9003350,417921.473795434,1197754.4163930558,5.6467131462955,96.17956242307207,13.83133316040039,14.115666389465332,13.262666702270508,14.684332847595215,12.978333473205566,14.968666076660156,12.409667015075684,0.8548926867214246,-11.376806249134914,1.6026153768174058,0.9765260889550489,0.626089287862357,78.20511229680041,42.015242327374466,13.446599960327148,9.215750002861023,7.980500001907348,7.555720009803772,AJCON.BO,2025-07-21 02:11:32.462794
25,2025-06-16 00:00:00+05:30,14.300000190734863,14.470000267028809,13.399999618530273,14.258999824523926,304620,0.0,0.0,2025-06-16,8.914950013160706,2.6012098918088657,11.516159904969571,6.31374012135184,14.117369796778437,3.712530229542974,104.52971255879193,311.094059237888,9087940,1584090.577458124,1392712.652042461,5.61933336070298,99.61359170509213,14.042999903361002,14.68600018819173,13.615999539693195,15.113000551859537,12.972999254862467,15.756000836690266,12.54599889119466,0.9107604668554723,-2.6007695339097734,1.5187586507729502,0.8200037669894595,0.6987548837834907,86.32723416012546,39.32892302072379,13.0246000289917,8.914950013160706,7.842620000839234,7.484070010185242,AJCON.BO,2025-07-21 02:11:32.462794
26,2025-06-13 00:00:00+05:30,13.788000106811523,13.788000106811523,13.0,13.788000106811523,232850,0.0,0.0,2025-06-13,8.561350011825562,2.2997236614899528,10.861073673315515,6.261626350335609,13.160797334805467,3.9619026888456563,114.17534663310134,363.2780644232394,8783320,1170873.706883584,1344868.1706885456,5.510144633562484,99.55237917269704,13.525333404541016,14.050666809082031,13.262666702270508,14.313333511352539,12.737333297729492,14.838666915893555,12.474666595458984,0.9471395998752116,-0.0,1.3182639339963664,0.6453150460435868,0.6729488879527796,85.39484927074803,36.43596376740768,12.252400016784668,8.561350011825562,7.690500001907349,7.404050011634826,AJCON.BO,2025-07-21 02:11:32.462794
27,2025-06-12 00:00:00+05:30,13.131999969482422,13.131999969482422,12.699999809265137,13.131999969482422,291110,0.0,0.0,2025-06-12,8.259950017929077,1.9465664859183462,10.206516503847423,6.3133835320107305,12.15308298976577,4.366817046092384,131.5237435955706,435.0000492134339,8550470,1394185.4002623474,1388366.7866397859,5.42939652022322,99.10112305959345,12.98799991607666,13.276000022888184,12.843999862670898,13.420000076293945,12.555999755859375,13.708000183105469,12.411999702453613,0.9414321915727564,-0.0,1.087982580413227,0.4770778240553919,0.6109047563578351,83.96940628237579,33.50176887861412,11.227799987792968,8.259950017929077,7.550740003585815,7.330000009536743,AJCON.BO,2025-07-21 02:11:32.462794
28,2025-06-11 00:00:00+05:30,12.579999923706055,12.579999923706055,10.364999771118164,12.506999969482422,962840,0.0,0.0,2025-06-11,7.997100019454956,1.5731767048642826,9.570276724319239,6.423923314590674,11.143453429183522,4.850746609726391,142.696637629365,471.31809963330676,8259360,4391772.2094375845,1386912.1332341454,5.334300593689303,98.9442918149782,11.817333221435547,13.26966667175293,11.054666519165039,14.032333374023438,9.602333068847656,15.48466682434082,8.839666366577148,0.9328850135867274,-1.173066907309922,0.8412741551776328,0.3243516349659331,0.5169225202116997,82.4776449138305,30.538274846906226,10.045600032806396,7.997100019454956,7.4195600032806395,7.26381000995636,AJCON.BO,2025-07-21 02:11:32.462794
29,2025-06-10 00:00:00+05:30,11.39900016784668,11.437000274658203,11.104999542236328,11.437000274658203,325260,0.0,0.0,2025-06-10,7.735500025749206,1.166108091875157,8.901608117624363,6.56939193387405,10.06771620949952,5.403283841998892,197.21509161520555,567.5410113337488,7296520,1356673.4389504993,635697.1141832855,5.0289419597065645,97.77723515751535,11.326333363850912,11.547667185465496,11.215666453043621,11.658334096272787,10.994332631429037,11.879667917887371,10.883665720621746,0.9225818981103113,-0.0,0.5742190629414905,0.19512100491300818,0.3790980580284823,79.40660797157688,27.530083501807066,9.004400062561036,7.735500025749206,7.30742000579834,7.205190010070801,AJCON.BO,2025-07-21 02:11:32.462794
30,2025-06-09 00:00:00+05:30,10.092000007629395,10.39799976348877,9.5,10.39799976348877,509710,0.0,0.0,2025-06-09,7.5346500158309935,0.7755465017972004,8.310196517628194,6.759103514033793,9.085743019425394,5.983557012236592,266.0576528148889,545.9129872072787,6971260,1932882.6624241725,455453.03299148206,4.935439784081043,96.33031887149988,10.098666508992514,10.697333017985027,9.799333254496258,10.996666272481283,9.200666745503744,11.595332781473797,8.901333491007488,0.8763570471987532,-0.0,0.32898608808485186,0.10034649040588758,0.22863959767896427,75.53699800738583,24.74775492521217,8.237199974060058,7.5346500158309935,7.210520000457763,7.158620009422302,AJCON.BO,2025-07-21 02:11:32.462794
31,2025-06-06 00:00:00+05:30,7.364999771118164,8.664999961853027,7.364999771118164,8.664999961853027,100870,0.0,0.0,2025-06-06,7.3921000242233275,0.3854557038788332,7.77755572810216,7.006644320344495,8.163011431980994,6.621188616465661,211.02467424086151,236.6683374318573,6461550,318759.4869879283,86095.62563330942,4.80761066567858,83.84686240353743,8.231666564941406,9.098333358764648,7.798333168029785,9.53166675567627,6.931666374206543,10.398333549499512,6.498332977294922,0.5770345140761867,-0.0,0.1123547374656173,0.04318659098614652,0.06916814647947078,65.53308848262137,22.304351188128397,7.539599990844726,7.3921000242233275,7.128980007171631,7.123820013999939,AJCON.BO,2025-07-21 02:11:32.462794
32,2025-06-05 00:00:00+05:30,7.447000026702881,7.447000026702881,7.199999809265137,7.2210001945495605,7770,0.0,0.0,2025-06-05,7.3627500295639035,0.2952164299216869,7.65796645948559,7.067533599642217,7.953182889407278,6.772317169720529,30.99662019466585,28.531836698419887,6360680,20462.133261894713,27929.6602946547,4.789664081879467,63.305735511559405,7.289333343505859,7.378666877746582,7.131666660308838,7.5363335609436035,7.042333126068115,7.625667095184326,6.884666442871094,0.35939330525712077,-52.86413208469441,0.003972841190484466,0.025894554366278816,-0.02192171317579435,49.60416877999069,21.152901618187776,7.20640001296997,7.3627500295639035,7.087680006027222,7.107760014533997,AJCON.BO,2025-07-21 02:11:32.462794
33,2025-06-04 00:00:00+05:30,7.2210001945495605,8.1899995803833,7.2210001945495605,7.301000118255615,15480,0.0,0.0,2025-06-04,7.374000024795532,0.2938141535705354,7.667814178366068,7.080185871224997,7.961628331936604,6.786371717654461,136.25664695527084,95.78648581025162,6368450,41217.89846290452,29796.542052844692,4.7887924201262,69.19156869167807,7.570666631062825,7.92033306757609,6.95133368174235,8.539666016896565,6.601667245229085,8.88933245340983,5.982334295908609,0.4233402592091774,-48.499705651210604,0.007363074690990068,0.0313749826602274,-0.024011907969237335,50.81567161616919,21.87145487674875,7.165199947357178,7.374000024795532,7.0700600051879885,7.107580013275147,AJCON.BO,2025-07-21 02:11:32.462794
34,2025-06-03 00:00:00+05:30,7.550000190734863,7.60099983215332,7.5,7.60099983215332,31250,0.0,0.0,2025-06-03,7.358850026130677,0.3053612919684998,7.664211318099176,7.053488734162177,7.969572610067676,6.748127442193677,181.19335228100604,98.77038487912452,6383930,86627.00066830238,26941.202950329734,4.786996782170011,62.327430123404156,7.567333221435547,7.634666442871094,7.533666610717773,7.668333053588867,7.466333389282227,7.735666275024414,7.432666778564453,0.5101622417681335,-18.050075436386063,0.0037132588123904853,0.037377959652536735,-0.03366470084014625,55.5390327888155,22.5890212470373,7.154999923706055,7.358850026130677,7.051579999923706,7.108070011138916,AJCON.BO,2025-07-21 02:11:32.462794
35,2025-06-02 00:00:00+05:30,6.999000072479248,7.199999809265137,6.909999847412109,6.909999847412109,5870,0.0,0.0,2025-06-02,7.350800037384033,0.30072872953906327,7.6515287669230965,7.05007130784497,7.95225749646216,6.749342578305907,-78.0033271212648,-23.06754553664523,6352680,14792.741641394472,12019.75352083657,4.782930533176336,21.098526617056123,7.006666501363118,7.103333155314127,6.8133331934611,7.2966664632161455,6.716666539510091,7.393333117167154,6.523333231608072,0.3881002077239799,-63.57049226364758,-0.03056129938290031,0.04579413486257329,-0.0763554342454736,44.52665846499672,23.91008890677966,7.067399978637695,7.350800037384033,7.027080001831055,7.106690011024475,AJCON.BO,2025-07-21 02:11:32.462794
36,2025-05-30 00:00:00+05:30,6.599999904632568,7.4770002365112305,6.35699987411499,6.999000072479248,9320,0.0,0.0,2025-05-30,7.385300040245056,0.2867520815362986,7.672052121781355,7.098547958708758,7.958804203317653,6.811795877172459,-132.4541889223408,-34.11216799889543,6358550,23789.452306808354,11326.506490697095,4.7823530264812755,22.251538634196322,6.944333394368489,7.531666914621988,6.411666552225748,8.064333756764729,5.824333031972249,8.651667277018229,5.291666189829508,0.46446289542450203,-60.04977858381472,-0.005927041311707626,0.06488299342394169,-0.07081003473564931,45.90373741887624,24.12312486905942,7.145400047302246,7.385300040245056,7.016880006790161,7.113740010261536,AJCON.BO,2025-07-21 02:11:32.462794
37,2025-05-29 00:00:00+05:30,7.105000019073486,7.105000019073486,7.014999866485596,7.014999866485596,750,0.0,0.0,2025-05-29,7.382950043678283,0.2902557000510719,7.673205743729355,7.092694343627212,7.963461443780427,6.8024386435761395,-106.51089761668662,-11.439122143984676,6367870,1918.7635675556671,8210.770036669279,4.781397072486084,18.30036989116229,7.044999917348226,7.0749999682108555,6.984999815622965,7.135000069936116,6.954999764760335,7.165000120798746,6.894999663035074,0.4623359493917355,-72.77608004133563,0.016936903921489943,0.08258550210785401,-0.06564859818636407,46.19856630902446,24.352548213053012,7.203800010681152,7.382950043678283,7.004900007247925,7.121450009346009,AJCON.BO,2025-07-21 02:11:32.462794
38,2025-05-28 00:00:00+05:30,7.105000019073486,7.25,7.050000190734863,7.25,690,0.0,0.0,2025-05-28,7.4014000415802,0.277064003390695,7.678464044970895,7.124336038189505,7.95552804836159,6.84727203479881,-57.9582968118321,19.769079826157338,6368620,1824.3981809236973,9783.77165394768,4.781319553726702,39.68106059782199,7.183333396911621,7.316666603088379,7.116666793823242,7.383333206176758,6.983333587646484,7.516666412353516,6.9166669845581055,0.47958134075154907,-59.0277823768999,0.04437732524334592,0.09899765165444503,-0.05462032641109911,49.75977091055173,26.2224791175918,7.257000064849853,7.4014000415802,6.992600011825561,7.12957001209259,AJCON.BO,2025-07-21 02:11:32.462794
39,2025-05-27 00:00:00+05:30,7.25,7.25,6.769999980926514,7.163000106811523,130,0.0,0.0,2025-05-27,7.4231000423431395,0.2815415973185685,7.704641639661708,7.141558445024571,7.986183236980277,6.860016847706002,-115.5551624838763,-3.371033865837755,6367930,339.6024722492784,11773.615022203676,4.781240728098454,46.33725124047797,7.061000029246013,7.352000077565512,6.872000058492025,7.541000048319499,6.581000010172526,7.832000096638998,6.392000039418539,0.3597075872369561,-65.0694393854101,0.05569304355561577,0.1126527332572198,-0.05695968970160403,48.37402607167005,28.13997283681848,7.257000064849853,7.4231000423431395,6.97100001335144,7.131620011329651,AJCON.BO,2025-07-21 02:11:32.462794
40,2025-05-26 00:00:00+05:30,6.659999847412109,7.300000190734863,6.659999847412109,7.300000190734863,14280,0.0,0.0,2025-05-26,7.437300038337708,0.2748142132669444,7.712114251604652,7.162485825070763,7.986928464871596,6.887671611803819,-121.47381893378451,4.502426873928928,6368060,38017.50503574452,14632.118159692274,4.78122639971083,44.01003554239982,7.086666742960612,7.513333638509115,6.873333295186361,7.726667086283366,6.446666399637858,8.153333981831869,6.233332951863607,0.40586264217540435,-55.55554819696017,0.0779049293064693,0.12689265568262081,-0.04898772637615151,50.38127702582879,30.20496607290875,7.330600070953369,7.437300038337708,6.949540014266968,7.130990009307862,AJCON.BO,2025-07-21 02:11:32.462794
41,2025-05-22 00:00:00+05:30,7.322000026702881,7.322000026702881,7.281000137329102,7.290999889373779,40,0.0,0.0,2025-05-22,7.427300024032593,0.28357253882901673,7.710872562861609,7.143727485203576,7.994445101690626,6.860154946374559,-52.59081900301105,46.614600702846474,6353780,106.36031532464486,8785.771440679211,4.779560838704354,50.13092731431756,7.298000017801921,7.31499989827474,7.274000008900961,7.3389999071757,7.257000128428142,7.3559997876485195,7.233000119527182,0.30819767045696966,-62.23079795385537,0.09167006371766462,0.1391395872766587,-0.04746952355899409,50.24434053117416,32.428804942544424,7.307999992370606,7.427300024032593,6.926140012741089,7.125610008239746,AJCON.BO,2025-07-21 02:11:32.462794
42,2025-05-20 00:00:00+05:30,7.260000228881836,7.300000190734863,7.25,7.281000137329102,150,0.0,0.0,2025-05-20,7.412750029563904,0.2980310693650132,7.710781098928917,7.114718960198891,8.00881216829393,6.816687890833878,-73.20341477860747,45.46769862097573,6353740,398.3041501004018,10955.624222017852,4.779556186844629,50.798224551756526,7.277000109354655,7.3040002187093105,7.254000027974447,7.3270003000895185,7.226999918619792,7.354000409444174,7.203999837239584,0.31367787420266824,-63.000009536741764,0.10879105997335259,0.15100696816640724,-0.04221590819305465,50.116506701592535,32.993260098620446,7.401800060272217,7.412750029563904,6.908840017318726,7.117100009918213,AJCON.BO,2025-07-21 02:11:32.462794
43,2025-05-19 00:00:00+05:30,7.300000190734863,7.300000190734863,7.25,7.25,1960,0.0,0.0,2025-05-19,7.397750020027161,0.3122227563563682,7.709972776383529,7.085527263670793,8.022195532739897,6.773304507314425,-87.96524920373551,46.60447398671733,6353590,5182.348455957168,13594.954239997214,4.77953881167601,49.37314179501092,7.266666730244954,7.283333460489908,7.233333269755045,7.316666920979817,7.216666539510091,7.3333336512247715,7.183333079020182,0.3020243784916067,-65.384635135264,0.1300475980327871,0.1615609452146709,-0.03151334718188381,49.756909561655675,33.64601107048062,7.520600032806397,7.397750020027161,6.89850001335144,7.109240007400513,AJCON.BO,2025-07-21 02:11:32.462794
44,2025-05-15 00:00:00+05:30,7.330999851226807,7.531000137329102,7.186999797821045,7.531000137329102,4030,0.0,0.0,2025-05-15,7.360250020027161,0.3705030699630838,7.730753089990245,6.989746950064077,8.101256159953328,6.619243880100994,-15.145159329035062,75.80523870912795,6355550,11068.537349894988,15698.105686007224,4.779314567837646,48.58948994530076,7.416333357493083,7.645666917165121,7.301666577657064,7.76033369700114,7.072333017985026,7.989667256673178,6.957666238149008,0.34434524353833873,-43.769243127493766,0.15834503379988707,0.16943928201014183,-0.011094248210254759,53.07266392766276,34.3489736555608,7.5256000518798825,7.360250020027161,6.895900011062622,7.102140007019043,AJCON.BO,2025-07-21 02:11:32.462794
45,2025-05-14 00:00:00+05:30,7.53000020980835,7.53000020980835,7.110000133514404,7.186999797821045,940,0.0,0.0,2025-05-14,7.323600006103516,0.38853863473516087,7.712138640838677,6.935061371368355,8.100677275573837,6.546522736633194,-62.28037633747712,55.358307308000704,6351520,2463.8145719134573,16855.497770035283,4.7788009130669264,52.18317544886805,7.2756667137146,7.441333293914795,7.02133321762085,7.695666790008545,6.855666637420654,7.86133337020874,6.601333141326904,0.3514091035688644,-72.13825600492149,0.1645009034344458,0.1722128440627055,-0.0077119406282597225,49.2601225265596,35.106010285647145,7.503400039672852,7.323600006103516,6.88528000831604,7.091490006446838,AJCON.BO,2025-07-21 02:11:32.462794
46,2025-05-13 00:00:00+05:30,7.800000190734863,7.800000190734863,7.760000228881836,7.760000228881836,370,0.0,0.0,2025-05-13,7.329000020027161,0.38728870497548523,7.716288725002646,6.941711315051676,8.103577429978131,6.55442261007619,133.37443154808574,144.07685068381582,6352460,1047.1188828724862,20453.418569565736,4.778696053855322,59.44689107293907,7.773333549499512,7.7866668701171875,7.74666690826416,7.813333511352539,7.733333587646484,7.826666831970215,7.706666946411133,0.361206153604217,-30.885523374290752,0.2037686653660833,0.17414082921977042,0.02962783614631287,56.3922546729174,35.922926781011036,7.575400066375733,7.329000020027161,6.884560012817383,7.0858600091934205,AJCON.BO,2025-07-21 02:11:32.462794
47,2025-05-12 00:00:00+05:30,6.800000190734863,7.875,6.800000190734863,7.875,390,0.0,0.0,2025-05-12,7.276999998092651,0.39609264820728307,7.673092646299934,6.880907349885368,8.069185294507218,6.484814701678085,57.69600385247593,109.48044597053821,6352830,1120.0765443602006,25304.993491239045,4.778644956098001,60.26909859327719,7.516666730244954,8.233333269755045,7.158333460489908,8.59166653951009,6.441666920979817,9.308333079020182,6.0833336512247715,0.37075062159809613,-22.606201835668656,0.19452403530490603,0.1667338701831922,0.02779016512171384,57.89433482721357,34.825762037240644,7.639000034332275,7.276999998092651,6.87528000831604,7.074400005340576,AJCON.BO,2025-07-21 02:11:32.462794
48,2025-05-09 00:00:00+05:30,7.380000114440918,7.4120001792907715,6.994999885559082,7.275000095367432,16300,0.0,0.0,2025-05-09,7.219249987602234,0.3884410331461284,7.607691020748363,6.8308089544561055,7.996132053894491,6.442367921309978,-72.72574875337727,64.67483035046143,6352440,43246.71666674491,31351.222727958753,4.778589016797248,60.44038164267488,7.227333386739095,7.4596668879191075,7.042666594187418,7.644333680470784,6.810333093007405,7.876667181650797,6.625666300455729,0.36979827722394093,-67.008784429103,0.16841503852092732,0.15978632890276373,0.008628709618163588,51.327935346134986,33.64420000548792,7.553200054168701,7.219249987602234,6.866660003662109,7.068010005950928,AJCON.BO,2025-07-21 02:11:32.462794
49,2025-05-08 00:00:00+05:30,7.964000225067139,7.964000225067139,7.199999809265137,7.420000076293945,6240,0.0,0.0,2025-05-08,7.178499984741211,0.4234559223299279,7.601955907071138,6.755044062411283,8.025411829401067,6.3315881400813545,36.00522273232933,122.91701852301588,6368740,16885.776344599868,28377.349243262215,4.7767026183650625,70.88711833103403,7.528000036875407,7.856000264485678,7.091999848683676,8.29200045267741,6.763999621073405,8.62000068028768,6.327999432881674,,-55.36357719200918,0.19152676751099662,0.15762915149822282,0.0338976160127738,53.122920293580066,32.9281679360614,7.497800064086914,7.178499984741211,6.8730599975585935,7.055560007095337,AJCON.BO,2025-07-21 02:11:32.462794
50,2025-05-07 00:00:00+05:30,7.505000114440918,7.64300012588501,7.270999908447266,7.546999931335449,20180,0.0,0.0,2025-05-07,7.130499982833863,0.4483198646844703,7.578819847518333,6.682180118149392,8.027139712202803,6.233860253464922,28.440198294118638,124.50476026001823,6374980,55542.83475332372,31250.242467927797,4.775937751232877,66.59394974068042,7.486999988555908,7.703000068664551,7.330999851226807,7.859000205993652,7.114999771118164,8.075000286102295,6.9589996337890625,,-31.332362903516703,0.20393456230080798,0.14915474749502938,0.05477981480577859,54.77456482937233,31.45887902493312,7.501800060272217,7.130499982833863,6.8796399974822995,7.031610007286072,AJCON.BO,2025-07-21 02:11:32.462794
51,2025-05-06 00:00:00+05:30,7.446000099182129,8.100000381469727,7.068999767303467,8.07800006866455,21800,0.0,0.0,2025-05-06,7.093149995803833,0.4428781937327758,7.536028189536609,6.650271802071057,7.9789063832693845,6.207393608338281,147.4315895480545,183.1090730243634,6395160,64223.338760790335,25177.094396578814,4.7733422012247315,74.42767857045249,7.749000072479248,8.42900037765503,7.3979997634887695,8.780000686645508,6.717999458312988,9.460000991821289,6.36699914932251,,-5.417279003226621,0.20422282047760199,0.13545979379358475,0.06876302668401724,62.081679733124915,30.251874291870802,7.512400054931641,7.093149995803833,6.886840000152588,7.004130005836487,AJCON.BO,2025-07-21 02:11:32.462794
52,2025-05-05 00:00:00+05:30,7.557000160217285,7.557000160217285,7.150000095367432,7.446000099182129,11590,0.0,0.0,2025-05-05,7.029250001907348,0.3812047214179156,7.410454723325264,6.648045280489432,7.791659444743179,6.266840559071517,30.95954119788362,130.321065805287,6373360,31473.062694345474,15415.533305525933,4.769994978351563,67.03197334613029,7.384333451588948,7.618666807810465,7.211666742960611,7.791333516438802,6.977333386739095,8.025666872660318,6.804666678110758,,-36.26158785124265,0.14920212506582065,0.11826903712258045,0.030933087943240192,55.534218656788795,28.952023040880615,7.28720006942749,7.029250001907348,6.886639995574951,6.973800005912781,AJCON.BO,2025-07-21 02:11:32.462794
53,2025-05-02 00:00:00+05:30,7.599999904632568,7.599999904632568,6.89900016784668,6.998000144958496,5520,0.0,0.0,2025-05-02,6.99689998626709,0.37130125383785145,7.368201240104941,6.625598732429239,7.739502493942793,6.254297478591387,-51.44040485860619,94.03324040802413,6361770,14087.87722434874,11401.150958321048,4.768553175301595,61.878609067646956,7.165666739145915,7.43233331044515,6.731333573659262,7.866666475931804,6.464667002360026,8.133333047231039,6.030333836873373,,-58.12590686899081,0.13874074497906808,0.11053576513677041,0.028204979842297667,49.78297008179129,28.260315175925307,7.27480001449585,6.99689998626709,6.902360000610352,6.948980007171631,AJCON.BO,2025-07-21 02:11:32.462794
54,2025-04-30 00:00:00+05:30,6.920000076293945,7.445000171661377,6.920000076293945,7.440000057220459,1000,0.0,0.0,2025-04-30,6.97964997291565,0.3791779623761243,7.358827935291774,6.600472010539526,7.7380058976678985,6.221294048163401,17.347705365712702,117.9103880041711,6367290,2713.3478401729544,10729.469391814124,4.767980928667452,68.96152916705032,7.268333435058594,7.616666793823242,7.0916666984558105,7.793333530426025,6.743333339691162,8.141666889190674,6.566666603088379,,-31.61671953339601,0.16736608346609838,0.10348452017619598,0.0638815632899024,56.407041598766085,27.515399013665743,7.411999988555908,6.97964997291565,6.930399990081787,6.926240005493164,AJCON.BO,2025-07-21 02:11:32.462794
55,2025-04-29 00:00:00+05:30,6.952000141143799,7.599999904632568,6.952000141143799,7.599999904632568,1280,0.0,0.0,2025-04-29,6.9402999639511105,0.36960521158657506,7.309905175537685,6.570694752364536,7.67951038712426,6.201089540777961,51.662393867295414,146.88786257201943,6368290,3547.775168679833,12733.499779724414,4.767856675696885,69.90171561282602,7.3839999834696455,7.815999825795492,7.168000062306723,8.031999746958416,6.736000219980876,8.463999589284262,6.520000298817953,,-24.862821253693273,0.15794904693556955,0.08751412935372038,0.07043491758184917,59.06057464389466,26.926998719489426,7.413399982452392,6.9402999639511105,6.95301999092102,6.899060006141663,AJCON.BO,2025-07-21 02:11:32.462794
56,2025-04-28 00:00:00+05:30,7.980000019073486,7.980000019073486,6.824999809265137,6.952000141143799,2570,0.0,0.0,2025-04-28,6.892949962615967,0.3401276162491466,7.233077578865114,6.5528223463668205,7.5732051951142605,6.212694730117674,30.637430623106603,121.77840518971117,6367010,6515.91527776111,15029.930932485557,4.7676880909605694,68.9230591904118,7.252333323160808,7.6796668370564785,6.524666627248129,8.407333532969158,6.097333113352458,8.834667046864828,5.369666417439779,,-52.21612538905303,0.12774165842126806,0.06990539995825809,0.057836258463009965,50.228058243466506,26.203282695480453,7.313399982452393,6.892949962615967,6.975919990539551,6.872560005187989,AJCON.BO,2025-07-21 02:11:32.462794
57,2025-04-25 00:00:00+05:30,7.447000026702881,7.447000026702881,7.019999980926514,7.383999824523926,3510,0.0,0.0,2025-04-25,6.88534996509552,0.34043676657104155,7.225786731666561,6.544913198524478,7.566223498237603,6.204476431953436,46.93475533243261,128.05667367999027,6369580,9452.165722296098,17158.434846166667,4.76742699943155,71.87464323900267,7.283666610717773,7.547333240509033,7.120333194732666,7.710666656494141,6.856666564941406,7.9743332862854,6.693333148956299,,-33.980596008214725,0.15094972622122604,0.0554463353425056,0.09550339087872045,57.9017594804119,25.423896208086173,7.322999954223633,6.88534996509552,7.0083599948883055,6.853550004959106,AJCON.BO,2025-07-21 02:11:32.462794
58,2025-04-24 00:00:00+05:30,8.189000129699707,8.189000129699707,7.64900016784668,7.684000015258789,10650,0.0,0.0,2025-04-24,6.844799971580505,0.32590533466797955,7.170705306248484,6.518894636912526,7.496610640916464,6.192989302244546,173.5104030780464,248.16420245910612,6373090,29844.856706265702,19085.002127134307,4.766999775252522,72.74230270600296,7.840666770935059,8.032333374023438,7.49233341217041,8.380666732788086,7.300666809082031,8.572333335876465,6.952333450317383,,-21.317016605567503,0.13583054532583816,0.03157048762282549,0.10426005770301267,64.26211884388323,25.280280255590256,7.242399978637695,6.844799971580505,7.028800001144409,6.825890007019043,AJCON.BO,2025-07-21 02:11:32.462794
59,2025-04-23 00:00:00+05:30,7.300000190734863,7.5,7.099999904632568,7.447000026702881,17330,0.0,0.0,2025-04-23,6.805599975585937,0.26017494142584296,7.0657749170117805,6.545425034160094,7.325949858437623,6.285250092734252,113.31047167221418,144.29531689027192,6362440,47066.55930527158,16395.038482351454,4.765553945488563,69.76290833935086,7.348999977111816,7.5980000495910645,7.197999954223633,7.749000072479248,6.948999881744385,7.998000144958496,6.797999858856201,,-13.45743783678216,0.08486990031428121,0.005505473197072317,0.0793644271172089,61.08676176831074,23.320252945829292,7.0055999755859375,6.805599975585937,7.039959993362427,6.792690005302429,AJCON.BO,2025-07-21 02:11:32.462794
60,2025-04-22 00:00:00+05:30,7.699999809265137,7.699999809265137,7.099999904632568,7.099999904632568,2910,0.0,0.0,2025-04-22,6.762849974632263,0.21567625249071126,6.978526227122974,6.547173722141552,7.194202479613685,6.331497469650841,137.30159756886022,126.28277326372447,6345110,7535.010556673449,8727.158276621423,4.763389487604342,55.355265080619134,7.299999872843425,7.499999841054281,6.899999936421713,7.899999777475993,6.699999968210856,8.09999974568685,6.3000000317891445,,-31.914894696326957,0.04167983246310847,-0.014335633582229907,0.05601546604533837,55.7643523519949,22.083757087063056,6.875799942016601,6.762849974632263,7.0526399993896485,6.76389000415802,AJCON.BO,2025-07-21 02:11:32.462794
61,2025-04-21 00:00:00+05:30,6.980999946594238,7.0,6.980999946594238,7.0,980,0.0,0.0,2025-04-21,6.723899984359742,0.22183776364150187,6.945737748001243,6.50206222071824,7.167575511642745,6.280224457076738,90.23963921707279,53.427375655779485,6342200,2501.8233925310465,9025.195206608416,4.763072735378607,51.00715583907465,6.993666648864746,7.006333351135254,6.987333297729492,7.012666702270508,6.974666595458984,7.025333404541016,6.9683332443237305,,-20.27028289652795,0.01992619954750019,-0.0283395000935645,0.04826569964106469,54.098704769918285,20.752146162237878,6.914799976348877,6.723899984359742,7.069099998474121,6.736260004043579,AJCON.BO,2025-07-21 02:11:32.462794
62,2025-04-17 00:00:00+05:30,7.0980000495910645,7.150000095367432,6.800000190734863,6.980999946594238,5680,0.0,0.0,2025-04-17,6.70389997959137,0.21351049296006408,6.917410472551434,6.490389486631305,7.130920965511498,6.276878993671241,106.5278790208884,40.30003163749514,6341220,14461.005910728501,10656.038160127757,4.762970608950296,42.230773875527696,6.977000077565511,7.153999964396158,6.80400005976359,7.326999982198079,6.627000172932942,7.503999869028727,6.4540001551310215,,-21.554070272264347,0.0016215207474274962,-0.040405925003830674,0.04202744575125817,53.775462149555956,20.49973099405386,6.858799934387207,6.70389997959137,7.084460000991822,6.7129300022125244,AJCON.BO,2025-07-21 02:11:32.462794
63,2025-04-16 00:00:00+05:30,6.139999866485596,6.5,6.139999866485596,6.5,4710,0.0,0.0,2025-04-16,6.671849989891053,0.2177930617353739,6.889643051626426,6.454056928155679,7.107436113361801,6.2362638664203045,-132.20941653880192,-69.12559986569013,6335540,11165.207458066761,9704.796222477571,4.762383537769732,41.164721710401736,6.379999955495198,6.620000044504801,6.2599999109903965,6.740000089009603,6.019999821980794,6.980000178019205,5.899999777475992,,-54.05406624492354,-0.01996736610433114,-0.05091278644164521,0.030945420337314067,45.17060440292668,20.22789927447107,6.806599903106689,6.671849989891053,7.097160005569458,6.686980004310608,AJCON.BO,2025-07-21 02:11:32.462794
64,2025-04-15 00:00:00+05:30,6.599999904632568,6.829999923706055,6.599999904632568,6.797999858856201,9690,0.0,0.0,2025-04-15,6.665699982643128,0.2245334658298296,6.890233448472958,6.441166516813298,7.114766914302787,6.216633050983469,20.258367538540973,-15.054681082317233,6340250,24023.565338426546,9339.693413580273,4.762002081024718,35.6897361373162,6.742666562398274,6.8853332201639805,6.655333201090494,6.972666581471761,6.512666543324788,7.115333239237467,6.425333182017008,,-33.918940906022804,6.605935011272379e-05,-0.058649141525973725,0.05871520087608645,50.64170598948336,21.422958322472834,6.798599910736084,6.665699982643128,7.116500005722046,6.671350002288818,AJCON.BO,2025-07-21 02:11:32.462794
65,2025-04-11 00:00:00+05:30,6.71999979019165,7.300000190734863,6.71999979019165,7.295000076293945,760,0.0,0.0,2025-04-11,6.644599986076355,0.23117650307014834,6.875776489146504,6.4134234830062065,7.106952992216652,6.182246979936059,217.26809310567833,28.04757984686591,6349940,2021.9547227310277,5668.725432368705,4.761082123585571,46.90194643188492,7.105000019073486,7.490000247955322,6.909999847412109,7.685000419616699,6.524999618530273,8.070000648498535,6.3299994468688965,,-0.33784556597831356,-0.0036345571804163868,-0.07332794174499534,0.06969338456457895,62.32433536510472,21.09181189089121,6.730999946594238,6.644599986076355,7.126960010528564,6.652130002975464,AJCON.BO,2025-07-21 02:11:32.462794
66,2025-04-09 00:00:00+05:30,6.71999979019165,6.71999979019165,6.590000152587891,6.71999979019165,1370,0.0,0.0,2025-04-09,6.599849987030029,0.1794973268749709,6.779347313905,6.420352660155058,6.9588446407799704,6.240855333280088,24.32307215192717,-30.395637063089804,6349180,3357.5490031895206,6580.418109778123,4.760992321134415,41.32919796861061,6.6766665776570635,6.763333002726236,6.633333365122477,6.806666215260823,6.546666940053304,6.893332640329996,6.503333727518717,,-30.015569514601193,-0.05726438980154658,-0.09075128788614008,0.0334868980845935,49.86684293009272,20.240381064672736,6.631999969482422,6.599849987030029,7.124620008468628,6.628159999847412,AJCON.BO,2025-07-21 02:11:32.462794
67,2025-04-08 00:00:00+05:30,7.105999946594238,7.105999946594238,5.820000171661377,6.71999979019165,3620,0.0,0.0,2025-04-08,6.583850002288818,0.18246131969519586,6.766311321984014,6.401388682593622,6.948772641679209,6.218927362898427,-79.07407324623243,-47.129960246563854,6350550,8871.771818646763,7386.135386425273,4.760867160874855,58.225993162631255,6.548666636149089,7.277333100636801,5.991333325703939,7.83466641108195,5.2626668612162275,8.563332875569662,4.705333550771078,,-30.015569514601193,-0.06843036869577634,-0.09912301240728845,0.030692643711512105,49.86684293009272,20.878886481673646,6.648000049591064,6.583850002288818,7.130980014801025,6.609950003623962,AJCON.BO,2025-07-21 02:11:32.462794
68,2025-04-04 00:00:00+05:30,6.460000038146973,6.460000038146973,6.460000038146973,6.460000038146973,140,0.0,0.0,2025-04-04,6.567850017547608,0.183918540865525,6.751768558413133,6.383931476682083,6.935687099278658,6.200012935816558,-168.30849823012983,-58.40045707532446,6346930,329.8322287997458,7014.726278369901,4.760536368471536,56.800449525206936,6.460000038146973,6.460000038146973,6.460000038146973,6.460000038146973,6.460000038146973,6.460000038146973,6.460000038146973,,-71.86543272255871,-0.08168938154224037,-0.10679617333516646,0.02510679179292609,42.520742783525215,21.566507699982317,6.663800048828125,6.567850017547608,7.134580020904541,6.588750004768372,AJCON.BO,2025-07-21 02:11:32.462794
69,2025-04-03 00:00:00+05:30,6.800000190734863,6.800000190734863,6.460000038146973,6.460000038146973,360,0.0,0.0,2025-04-03,6.553350019454956,0.20328130918469892,6.756631328639655,6.350068710270257,6.959912637824353,6.146787401085558,-124.17531897143081,-49.199568204114726,6347070,848.140016913632,8685.949790762439,4.760525270953091,26.544768911904228,6.5733334223429365,6.6866668065389,6.34666665395101,6.913333574930827,6.233333269755046,7.026666959126791,6.006666501363119,,-71.86543272255871,-0.07182118178002206,-0.11307287128339798,0.04125168950337592,42.520742783525215,21.42725301038383,6.702400016784668,6.553350019454956,7.141380023956299,6.572180004119873,AJCON.BO,2025-07-21 02:11:32.462794
70,2025-04-02 00:00:00+05:30,6.800000190734863,6.800000190734863,6.800000190734863,6.800000190734863,90,0.0,0.0,2025-04-02,6.534850025177002,0.22760496791392718,6.7624549930909295,6.307245057263075,6.990059961004857,6.079640089349148,91.12088291012822,-29.54276712040781,6347430,223.19474623551673,10645.40223422464,4.76049673381157,30.51940069465371,6.800000190734863,6.800000190734863,6.800000190734863,6.800000190734863,6.800000190734863,6.800000190734863,6.800000190734863,,-19.877626341834016,-0.058098695996877225,-0.12338579365924195,0.06528709766236472,50.936590396828834,21.277286421585455,6.740999984741211,6.534850025177002,7.148180027008056,6.554030003547669,AJCON.BO,2025-07-21 02:11:32.462794
71,2025-04-01 00:00:00+05:30,6.798999786376953,6.800000190734863,6.630000114440918,6.800000190734863,3010,0.0,0.0,2025-04-01,6.501350021362304,0.23568826889267075,6.737038290254975,6.265661752469634,6.972726559147646,6.0299734835769625,63.4242822288112,-36.691601025555215,6347520,7464.624290765615,13250.954106221921,4.760488172071755,29.414688040120495,6.743333498636882,6.856666882832846,6.6866668065389,6.913333574930827,6.5733334223429365,7.026666959126791,6.516666730244955,,-15.662608379925498,-0.07313433610519038,-0.13970756807483312,0.06657323196964274,50.936590396828834,22.42720355682626,6.711599922180175,6.501350021362304,7.14552001953125,6.5329900026321415,AJCON.BO,2025-07-21 02:11:32.462794
72,2025-03-28 00:00:00+05:30,6.6529998779296875,6.798999786376953,6.6529998779296875,6.798999786376953,6000,0.0,0.0,2025-03-28,6.482650017738342,0.2253561068853678,6.70800612462371,6.257293910852974,6.9333622315090775,6.031937803967606,78.73062591042816,-37.87908455636644,6344510,14877.460680499806,14697.536560085997,4.760201788030313,30.085385072309933,6.750333150227864,6.847666422526041,6.7016665140787754,6.89633305867513,6.604333241780599,6.993666330973307,6.55566660563151,,-15.78313903653607,-0.09127641569681622,-0.15635087606724382,0.0650744603704276,50.936590396828834,23.665575856316355,6.711599922180175,6.482650017738342,7.141020011901856,6.510529999732971,AJCON.BO,2025-07-21 02:11:32.462794
73,2025-03-27 00:00:00+05:30,6.6529998779296875,6.6529998779296875,6.6529998779296875,6.6529998779296875,60,0.0,0.0,2025-03-27,6.4809000253677365,0.22289264301459116,6.703792668382327,6.258007382353146,6.926685311396919,6.035114739338554,30.98526235609041,-48.52985158330929,6338510,145.57986056948118,14652.555529982543,4.759630962912169,26.758258508470504,6.6529998779296875,6.6529998779296875,6.6529998779296875,6.6529998779296875,6.6529998779296875,6.6529998779296875,6.6529998779296875,,-33.37349106878175,-0.11302227450695401,-0.1726194911598507,0.05959721665289669,47.24860437280431,25.09394847426962,6.666399955749512,6.4809000253677365,7.134200019836426,6.488870000839233,AJCON.BO,2025-07-21 02:11:32.462794
74,2025-03-26 00:00:00+05:30,6.486999988555908,6.6529998779296875,6.486999988555908,6.6529998779296875,350,0.0,0.0,2025-03-26,6.504250025749206,0.2627653844040375,6.767015410153244,6.241484641345169,7.029780794557281,5.978719256941131,12.103587025323208,-55.765123677839554,6338570,849.2158533219737,18279.29944733581,4.759625661820244,28.615089425910156,6.597666581471761,6.708333174387613,6.542333285013834,6.76366647084554,6.4316666920979815,6.874333063761393,6.376333395640055,,-26.89320604092653,-0.1247723258712341,-0.18751879532307486,0.06274646945184076,47.24860437280431,25.952995204283667,6.715799999237061,6.504250025749206,7.130940017700195,6.46576000213623,AJCON.BO,2025-07-21 02:11:32.462794
75,2025-03-25 00:00:00+05:30,6.460000038146973,6.885000228881836,6.460000038146973,6.6529998779296875,6310,0.0,0.0,2025-03-25,6.5216000318527225,0.2837241397248148,6.805324171577538,6.237875892127907,7.089048311302352,5.954151752403093,54.99365596282541,-51.95918735807948,6338920,15310.14866989044,22636.820345839267,4.759594738192382,30.025881936932493,6.666000048319499,6.872000058492025,6.446999867757162,7.091000239054362,6.240999857584636,7.297000249226889,6.021999677022299,,-26.89320604092653,-0.1379254624532109,-0.20320541268603504,0.06527995023282412,47.248604372804294,26.878122451991104,6.703600025177002,6.5216000318527225,7.12552001953125,6.4446300029754635,AJCON.BO,2025-07-21 02:11:32.462794
76,2025-03-24 00:00:00+05:30,6.89900016784668,6.89900016784668,6.800000190734863,6.800000190734863,5050,0.0,0.0,2025-03-24,6.546500039100647,0.3158919355309739,6.862391974631621,6.230608103569673,7.178283910162595,5.9147161680387,153.06660373689576,-38.21116331830382,6345230,12523.705205437329,24468.488264826472,4.759037056042173,30.121747325069705,6.833000183105469,6.866000175476074,6.767000198364258,6.932000160217285,6.734000205993652,6.965000152587891,6.668000221252441,,-11.754036517277802,-0.15267568334296566,-0.21952540024424103,0.06684971690127536,50.27428729053139,27.874413334137575,6.63720006942749,6.546500039100647,7.117600021362304,6.424550004005432,AJCON.BO,2025-07-21 02:11:32.462794
77,2025-03-21 00:00:00+05:30,6.900000095367432,6.900000095367432,6.554999828338623,6.572999954223633,10880,0.0,0.0,2025-03-21,6.571300029754639,0.3540111255489033,6.925311155303542,6.217288904205735,7.279322280852445,5.863277778656832,122.9831522425487,-53.98688386057155,6340180,26081.049166917506,27454.684029673757,4.7585558370517145,22.51109170476144,6.6759999593098955,6.797000090281168,6.451999823252359,7.021000226338704,6.330999692281087,7.142000357309977,6.106999556223551,,-32.27847118929056,-0.18372447145016224,-0.23623782946955985,0.052513358019397605,45.28557874612777,29.86003254766412,6.597200012207031,6.571300029754639,7.109260015487671,6.401090002059936,AJCON.BO,2025-07-21 02:11:32.462794
78,2025-03-20 00:00:00+05:30,6.400000095367432,6.900000095367432,6.400000095367432,6.900000095367432,1470,0.0,0.0,2025-03-20,6.61485002040863,0.40424221319785936,7.019092233606489,6.210607807210771,7.423334446804349,5.806365594012911,193.64493348662904,-49.27858002096163,6351060,3699.1246386550047,27798.092745362817,4.757633670469995,23.937466633537326,6.733333428700765,7.066666762034098,6.566666762034098,7.233333428700765,6.233333428700765,7.566666762034098,6.066666762034098,,-2.7124533833451894,-0.1983365409393283,-0.24936616897440925,0.05102962803508096,52.27242495079497,31.998391700692707,6.550600051879883,6.61485002040863,7.10806001663208,6.3795500040054325,AJCON.BO,2025-07-21 02:11:32.462794
79,2025-03-19 00:00:00+05:30,6.320000171661377,6.599999904632568,6.320000171661377,6.5920000076293945,4310,0.0,0.0,2025-03-19,6.649600005149841,0.4565347366075618,7.106134741757403,6.193065268542279,7.562669478364964,5.736530531934718,94.97659425718295,-71.84707096674252,6349590,10361.604290908213,33822.834772039765,4.75748654840945,22.125521655449617,6.504000027974446,6.687999884287516,6.408000151316324,6.783999760945638,6.224000295003255,6.967999617258707,6.128000418345133,,-30.56056392679299,-0.2462438780352345,-0.2621235759831795,0.01587969794794497,44.850315308675675,34.30124001933888,6.446000003814698,6.649600005149841,7.102960014343262,6.356180005073547,AJCON.BO,2025-07-21 02:11:32.462794
80,2025-03-18 00:00:00+05:30,6.599999904632568,6.929999828338623,6.309999942779541,6.321000099182129,19230,0.0,0.0,2025-03-18,6.707450008392334,0.5180167463094628,7.225466754701796,6.189433262082871,7.7434835010112595,5.671416515773408,111.90087040606498,-71.49620789435089,6345280,44329.988089505554,39688.142392322654,4.757117101246706,20.347108186180492,6.520333290100098,6.730666637420654,6.110666751861572,7.14033317565918,5.900333404541016,7.350666522979736,5.49066686630249,,-67.4311789001748,-0.2735154770696546,-0.26609350047016567,-0.007421976599488955,36.916310302435335,35.96045907956041,6.402799987792969,6.707450008392334,7.106720018386841,6.336690006256103,AJCON.BO,2025-07-21 02:11:32.462794
81,2025-03-17 00:00:00+05:30,6.276000022888184,6.599999904632568,6.276000022888184,6.599999904632568,1600,0.0,0.0,2025-03-17,6.78675000667572,0.5741030831125591,7.360853089788279,6.212646923563161,7.934956172900838,5.638543840450602,113.28787069494592,-74.88885281114325,6364510,3851.203300784241,38527.68096802692,4.7557106389050885,9.910869160293657,6.4919999440511065,6.707999865214029,6.383999983469645,6.815999825795491,6.168000062306722,7.031999746958414,6.06000010172526,,-49.14809886965222,-0.2775978291367993,-0.2642380063202934,-0.01335982281650594,42.85293496564904,37.747310375183595,6.41859998703003,6.78675000667572,7.118660020828247,6.317480006217957,AJCON.BO,2025-07-21 02:11:32.462794
82,2025-03-13 00:00:00+05:30,6.340000152587891,6.340000152587891,6.340000152587891,6.340000152587891,70310,0.0,0.0,2025-03-13,6.860150003433228,0.6391304534695275,7.499280456902755,6.2210195499637,8.138410910372283,5.581889096494173,25.101467881823385,-90.0917254878268,6362910,162569.43617225328,47196.80038483759,4.7555726239699165,8.93316537011954,6.340000152587891,6.340000152587891,6.340000152587891,6.340000152587891,6.340000152587891,6.340000152587891,6.340000152587891,,-66.18609022908807,-0.3060957027120237,-0.2608980506161669,-0.0451976520958568,33.653283554922226,38.22160748692432,6.378600025177002,6.860150003433228,7.127840023040772,6.294970006942749,AJCON.BO,2025-07-21 02:11:32.462794
83,2025-03-12 00:00:00+05:30,6.376999855041504,6.400000095367432,6.376999855041504,6.376999855041504,7320,0.0,0.0,2025-03-12,6.954750013351441,0.6956141272139907,7.650364140565431,6.25913588613745,8.345978267779422,5.563521758923459,19.551168846879484,-86.30845519103525,6433220,17023.937704410007,18353.641437983664,4.750345087629178,16.63139930020148,6.3846666018168134,6.392333348592123,6.369333108266195,6.407666842142741,6.361666361490886,6.415333588918051,6.3463328679402675,,-63.7614701833042,-0.31233776674390246,-0.24959863759220263,-0.06273912915169982,34.44544033134481,37.32159527946571,6.39060001373291,6.954750013351441,7.145100021362305,6.276600003242493,AJCON.BO,2025-07-21 02:11:32.462794
84,2025-03-11 00:00:00+05:30,6.5,6.5,6.099999904632568,6.375999927520752,4990,0.0,0.0,2025-03-11,7.055900001525879,0.7519807542086013,7.80788075573448,6.303919247317278,8.559861509943081,5.551938493108676,-23.44489130926354,-92.32146945599246,6425900,11603.296295851878,18686.067371377074,4.749786150116858,1.7940435977670148,6.32533327738444,6.550666650136312,6.150666554768881,6.725333372751872,5.925333182017009,6.950666745503744,5.750666459401449,,-65.92592069314468,-0.3192410199241804,-0.23391385530427766,-0.08532716461990275,34.44544033134481,36.42463368330397,6.349200057983398,7.055900001525879,7.164560022354126,6.256870002746582,AJCON.BO,2025-07-21 02:11:32.462794
85,2025-03-10 00:00:00+05:30,6.400000095367432,6.400000095367432,6.400000095367432,6.400000095367432,40,0.0,0.0,2025-03-10,7.165650010108948,0.805781377784738,7.971431387893686,6.3598686323242095,8.777212765678424,5.554087254539471,-17.302332693590156,-84.82226456191978,6430890,93.36250700169778,20456.760140258375,4.749405139823971,1.820113920854638,6.400000095367432,6.400000095367432,6.400000095367432,6.400000095367432,6.400000095367432,6.400000095367432,6.400000095367432,,-67.475988514982,-0.32314381302909734,-0.21258206414930197,-0.11056174887979536,34.79857946741912,35.45867504128364,6.292000102996826,7.165650010108948,7.186300020217896,6.238450002670288,AJCON.BO,2025-07-21 02:11:32.462794
86,2025-03-07 00:00:00+05:30,6.400000095367432,6.400000095367432,6.400000095367432,6.400000095367432,10,0.0,0.0,2025-03-07,7.282899999618531,0.8574614916395424,8.140361491258073,6.425438507978988,8.997822982897615,5.567977016339446,-27.945538871931262,-84.12396916753721,6430930,23.340626750424445,25547.609548572545,4.749402039837155,1.8199172462060602,6.400000095367432,6.400000095367432,6.400000095367432,6.400000095367432,6.400000095367432,6.400000095367432,6.400000095367432,,-70.07791394539237,-0.3256081053827291,-0.1849416269293531,-0.14066647845337601,34.79857946741912,35.01097107422351,6.238000106811524,7.282899999618531,7.21060001373291,6.218489999771118,AJCON.BO,2025-07-21 02:11:32.462794
87,2025-03-06 00:00:00+05:30,6.171000003814697,6.400000095367432,5.900000095367432,6.400000095367432,3610,0.0,0.0,2025-03-06,7.391600012779236,0.8772168315643022,8.268816844343538,6.514383181214933,9.14603367590784,5.637166349650632,-64.56734051155844,-100.36143722775242,6430940,8425.966256903224,31928.676779028072,4.749401264838631,1.8036716518993217,6.233333428700765,6.566666762034098,6.066666762034098,6.733333428700765,5.733333428700765,7.066666762034098,5.566666762034098,,-72.34756778732927,-0.3238296902084743,-0.14977500731600907,-0.17405468289246523,34.79857946741912,34.52882834046645,6.24320011138916,7.391600012779236,7.238000011444091,6.198379998207092,AJCON.BO,2025-07-21 02:11:32.462794
88,2025-03-05 00:00:00+05:30,6.090000152587891,6.170000076293945,6.090000152587891,6.170000076293945,2700,0.0,0.0,2025-03-05,7.491900014877319,0.8725405564415943,8.364440571318914,6.619359458435725,9.236981127760508,5.74681890199413,-94.54506153153045,-110.94709772636996,6427330,6075.492188270327,37804.35440955928,4.749121442810742,0.7047540266902956,6.143333435058594,6.196666717529297,6.116666793823242,6.223333358764648,6.063333511352539,6.276666641235352,6.0366668701171875,,-84.58109621124821,-0.3166462694140355,-0.10626133659289275,-0.21038493282114276,28.00220852785337,34.009597704112686,6.316000080108642,7.491900014877319,7.266540012359619,6.178909997940064,AJCON.BO,2025-07-21 02:11:32.462794
89,2025-03-04 00:00:00+05:30,6.170000076293945,6.170000076293945,5.823999881744385,6.090000152587891,6510,0.0,0.0,2025-03-04,7.5954999923706055,0.8292604283513478,8.424760420721952,6.766239564019258,9.254020849073301,5.93697913566791,-137.6052150833117,-125.87081370650012,6424630,14458.752554391514,45736.56996488152,4.748941261815437,0.0,6.028000036875407,6.23200019200643,5.885999997456869,6.374000231424968,5.681999842325847,6.57800038655599,5.5399998029073085,,-88.95347927689481,-0.28000012622431125,-0.053665103387607056,-0.2263350228367042,25.493850031080925,32.340280696589865,6.50600004196167,7.5954999923706055,7.292240009307862,6.159319996833801,AJCON.BO,2025-07-21 02:11:32.462794
90,2025-03-03 00:00:00+05:30,6.105000019073486,6.300000190734863,6.105000019073486,6.130000114440918,29110,0.0,0.0,2025-03-03,7.695050001144409,0.7552190698555117,8.450269070999921,6.939830931288897,9.205488140855433,6.184611861433385,-163.60225945573146,-115.74154820048145,6431140,65078.15340209038,53556.02431750402,4.748531105050666,0.0,6.178333441416423,6.251666863759359,6.056666692097982,6.3733336130778,5.983333269755046,6.446667035420736,5.861666520436605,,-98.91067103570087,-0.22096075152968542,0.0029186523215689944,-0.2238794038512544,25.913003933199732,30.542554688488362,6.688000011444092,7.695050001144409,7.312440004348755,6.139839997291565,AJCON.BO,2025-07-21 02:11:32.462794
91,2025-02-28 00:00:00+05:30,6.699999809265137,6.699999809265137,6.426000118255615,6.426000118255615,1740,0.0,0.0,2025-02-28,7.7846999883651735,0.6600876581174903,8.444787646482665,7.124612330247683,9.104875304600155,6.464524672130193,-141.8137451225049,-84.747258750367,6460250,4077.7679743864364,50675.49204635742,4.746639202572402,0.0,6.517333348592122,6.608666578928629,6.3346668879191075,6.791333039601644,6.243333657582601,6.8826662699381504,6.060667196909586,,-100.0,-0.14596396120876332,0.058888503284382596,-0.20485246449314592,29.26377725781994,29.017366643796564,6.892199993133545,7.7846999883651735,7.325080003738403,6.1224699974060055,AJCON.BO,2025-07-21 02:11:32.462794
92,2025-02-27 00:00:00+05:30,6.800000190734863,6.800000190734863,6.763999938964844,6.763999938964844,6550,0.0,0.0,2025-02-27,7.851799988746643,0.5777799598886144,8.429579948635258,7.274020028858029,9.007359908523872,6.696240068969415,-122.06654836581907,-59.822001425163194,6461990,16157.621420873811,62324.923064350165,4.746501721080641,3.465517020771159,6.776000022888184,6.788000106811523,6.751999855041504,6.812000274658203,6.739999771118164,6.824000358581543,6.715999603271484,,-94.97133402730992,-0.07688528365526182,0.11010161940766908,-0.1869869030629309,33.873322284353904,27.934815490515458,7.0661999702453615,7.851799988746643,7.325360002517701,6.103089995384217,AJCON.BO,2025-07-21 02:11:32.462794
93,2025-02-25 00:00:00+05:30,7.0,7.349999904632568,6.650000095367432,7.119999885559082,16420,0.0,0.0,2025-02-25,7.894400000572205,0.5220789082530525,8.416478908825257,7.372321092319152,8.93855781707831,6.8502421840661,-95.85083736066767,-32.99078401683082,6468540,42636.905080019766,73866.74847521925,4.745879794292383,8.863260197288355,7.039999961853027,7.429999828338623,6.730000019073486,7.739999771118164,6.340000152587891,8.12999963760376,6.03000020980835,,-79.26776145014043,-0.020566576044410922,0.1568483451734018,-0.17741492121781272,40.0805935286562,27.50190101761526,7.202199935913086,7.894400000572205,7.319980001449585,6.080789995193482,AJCON.BO,2025-07-21 02:11:32.462794
94,2025-02-24 00:00:00+05:30,7.151000022888184,7.151000022888184,7.0,7.0,1050,0.0,0.0,2025-02-24,7.91175000667572,0.5003007571246585,8.412050763800378,7.411449249551062,8.912351520925037,6.911148492426403,-111.51058327469782,-33.01863019129119,6452120,2680.525063426121,81674.20932401912,4.744043694060906,16.263594327084064,7.050333340962728,7.100666681925455,6.9496666590372715,7.201333363850911,6.899333318074544,7.251666704813639,6.798666636149088,,-100.0,0.016789449960116443,0.20120207547785496,-0.18441262551773852,36.47759641709549,27.035685431415047,7.2971999168396,7.91175000667572,7.308380002975464,6.0557699966430665,AJCON.BO,2025-07-21 02:11:32.462794
95,2025-02-21 00:00:00+05:30,7.151000022888184,7.151000022888184,7.151000022888184,7.151000022888184,60,0.0,0.0,2025-02-21,7.927800011634827,0.47396765542305835,8.401767667057886,7.453832356211769,8.875735322480944,6.97986470078871,-115.29087894053686,-23.103095365459748,6453170,156.47701869316361,101422.63038916736,4.743932120315853,17.915340678738417,7.151000022888184,7.151000022888184,7.151000022888184,7.151000022888184,7.151000022888184,7.151000022888184,7.151000022888184,,-100.0,0.07618026819582102,0.24730523185728956,-0.17112496366146854,39.21456046299068,27.43181529624076,7.44699993133545,7.927800011634827,7.297700004577637,6.031269998550415,AJCON.BO,2025-07-21 02:11:32.462794
96,2025-02-20 00:00:00+05:30,7.296000003814697,7.296000003814697,7.296000003814697,7.296000003814697,100,0.0,0.0,2025-02-20,7.929150009155274,0.47167154352566193,8.400821552680936,7.457478465629612,8.872493096206597,6.98580692210395,-115.50311425601716,-8.151790028820734,6453230,266.0831411290119,126739.16873178589,4.743925317591913,18.53105907585916,7.296000003814697,7.296000003814697,7.296000003814697,7.296000003814697,7.296000003814697,7.296000003814697,7.296000003814697,,-100.0,0.13619305189200404,0.2900864727726567,-0.15389342088065266,41.94192595131772,28.31353760739,7.598199939727783,7.929150009155274,7.287160005569458,6.005339999198913,AJCON.BO,2025-07-21 02:11:32.462794
97,2025-02-19 00:00:00+05:30,7.443999767303467,7.443999767303467,7.443999767303467,7.443999767303467,230080,0.0,0.0,2025-02-19,7.916250014305115,0.49294751916179236,8.409197533466907,7.423302495143322,8.9021450526287,6.930354975981531,-119.97467961350569,6.8251154698621415,6453330,624622.6849478582,158357.44012945011,4.74391329664496,20.95492029952453,7.443999767303467,7.443999767303467,7.443999767303467,7.443999767303467,7.443999767303467,7.443999767303467,7.443999767303467,,-100.0,0.1966837684740197,0.32855982799281985,-0.13187605951880016,45.05984027428714,29.7312619486902,7.752599906921387,7.916250014305115,7.273520002365112,5.981909999847412,AJCON.BO,2025-07-21 02:11:32.462794
98,2025-02-18 00:00:00+05:30,7.59499979019165,7.59499979019165,7.59499979019165,7.59499979019165,40,0.0,0.0,2025-02-18,7.889050030708313,0.5337008178303028,8.422750848538616,7.355349212878011,8.956451666368919,6.821648395047708,-131.41610112043514,22.014901423942312,6683410,110.7950328942849,41791.12892484807,4.714330846273458,46.42404878103504,7.59499979019165,7.59499979019165,7.59499979019165,7.59499979019165,7.59499979019165,7.59499979019165,7.59499979019165,,-100.0,0.25657442483809945,0.3615288428725199,-0.10495441803442046,48.400902665310845,31.768986132092227,7.910200023651123,7.889050030708313,7.2693600082397465,5.956810002326965,AJCON.BO,2025-07-21 02:11:32.462794
99,2025-02-17 00:00:00+05:30,7.749000072479248,7.749000072479248,7.749000072479248,7.749000072479248,30,0.0,0.0,2025-02-17,7.849300050735474,0.5839906942275621,8.433290744963037,7.265309356507911,9.017281439190597,6.68131866228035,-141.22726077089175,39.272318688296274,6683450,84.78117922763859,52211.21239783651,4.714325359313734,49.21267911963432,7.749000072479248,7.749000072479248,7.749000072479248,7.749000072479248,7.749000072479248,7.749000072479248,7.749000072479248,,-89.77709964176728,0.3144939080070914,0.387767447381125,-0.07327353937403358,51.97976122211967,33.9032864219686,8.071199989318847,7.849300050735474,7.23806001663208,5.921980004310608,AJCON.BO,2025-07-21 02:11:32.462794
100,2025-02-13 00:00:00+05:30,7.9070000648498535,7.9070000648498535,7.9070000648498535,7.9070000648498535,2010,0.0,0.0,2025-02-13,7.801850056648254,0.629360475726413,8.431210532374667,7.172489580921841,9.06057100810108,6.543129105195428,-125.20468617568345,58.47496332234956,6683480,5796.159567236384,65242.82020248873,4.714321024080659,50.86975031179604,7.9070000648498535,7.9070000648498535,7.9070000648498535,7.9070000648498535,7.9070000648498535,7.9070000648498535,7.9070000648498535,,-69.6551644759559,0.36871664414199135,0.40608583222463335,-0.037369188082642,56.08748344923025,35.58933641123576,8.235599994659424,7.801850056648254,7.183580017089843,5.884750003814697,AJCON.BO,2025-07-21 02:11:32.462794
101,2025-02-11 00:00:00+05:30,8.067999839782715,8.067999839782715,8.067999839782715,8.067999839782715,25890,0.0,0.0,2025-02-11,7.739850044250488,0.677679712867943,8.417529757118432,7.0621703313825455,9.095209469986374,6.384490618514603,-78.87231365897992,79.32025155916381,6685490,76178.15755137346,80104.4853613018,4.714015410999459,53.26522899912837,8.067999839782715,8.067999839782715,8.067999839782715,8.067999839782715,8.067999839782715,8.067999839782715,8.067999839782715,,-53.19549669649788,0.4169909563972647,0.4154281292452938,0.0015628271519708692,60.52915803575213,36.72757411578641,8.40319995880127,7.739850044250488,7.121420011520386,5.8445200037956235,AJCON.BO,2025-07-21 02:11:32.462794
102,2025-02-07 00:00:00+05:30,8.232000350952148,8.232000350952148,8.232000350952148,8.232000350952148,55120,0.0,0.0,2025-02-07,7.665200042724609,0.7205074015655504,8.38570744429016,6.944692641159059,9.10621484585571,6.224185239593508,-18.88198095044377,101.50988252523372,6711380,165480.61353045382,81086.06731378389,4.709874942204075,59.502573768570315,8.232000350952148,8.232000350952148,8.232000350952148,8.232000350952148,8.232000350952148,8.232000350952148,8.232000350952148,,-39.390427116160446,0.45662262142922927,0.4150374224573011,0.041585198971928194,65.33347745668573,37.20629330853143,8.504400062561036,7.665200042724609,7.06096001625061,5.805060007572174,AJCON.BO,2025-07-21 02:11:32.462794
103,2025-02-06 00:00:00+05:30,8.399999618530273,8.399999618530273,8.399999618530273,8.399999618530273,1680,0.0,0.0,2025-02-06,7.576500034332275,0.7554086548417183,8.331908689173993,6.821091379490557,9.087317344015712,6.0656827246488385,33.133231389871696,126.01285980080506,6766500,5146.607888054916,59987.430759616414,4.700593544506205,74.93872436918608,8.399999618530273,8.399999618530273,8.399999618530273,8.399999618530273,8.399999618530273,8.399999618530273,8.399999618530273,,-27.514650246615446,0.4842930722045411,0.40464112271431896,0.07965194949022214,70.88435835730138,36.89553842668094,8.539200019836425,7.576500034332275,6.99560001373291,5.762700004577637,AJCON.BO,2025-07-21 02:11:32.462794
104,2025-02-05 00:00:00+05:30,8.916999816894531,8.916999816894531,8.571000099182129,8.571000099182129,55530,0.0,0.0,2025-02-05,7.48100004196167,0.7664727401449222,8.247472782106591,6.714527301816747,9.013945522251515,5.9480545616718254,94.62555576393537,167.0719974685263,6768180,173576.8116811535,73697.63647750678,4.700296394647854,75.82329403642744,8.686333338419596,8.801666577657063,8.45566685994466,9.032333056131998,8.340333620707193,9.147666295369465,8.109667142232258,,-16.343872404931,0.4958364779477451,0.3847281353417634,0.11110834260598168,76.95566315328291,35.637937245336715,8.507600021362304,7.48100004196167,6.922080020904541,5.719010009765625,AJCON.BO,2025-07-21 02:11:32.462794
105,2025-02-04 00:00:00+05:30,8.699999809265137,8.744999885559082,8.699999809265137,8.744999885559082,12570,0.0,0.0,2025-02-04,7.371550035476685,0.7588857386602915,8.130435774136977,6.612664296816393,8.889321512797268,5.853778558156102,121.4152352336081,186.90690348685047,6823710,40089.22116426517,48727.8426765951,4.689992381114066,100.0,8.729999860127768,8.759999910990398,8.714999834696453,8.774999936421713,8.684999783833822,8.804999987284344,8.669999758402508,,-0.0,0.4862619049646524,0.35695104969026803,0.12931085527438435,83.60501425878945,33.254549841363655,8.409600067138673,7.371550035476685,6.845100021362304,5.672850008010864,AJCON.BO,2025-07-21 02:11:32.462794
106,2025-02-03 00:00:00+05:30,8.574000358581543,8.574000358581543,8.574000358581543,8.574000358581543,21370,0.0,0.0,2025-02-03,7.247150039672851,0.7250623894133496,7.972212429086201,6.522087650259501,8.697274818499551,5.797025260846152,123.21986634534706,185.9888644218302,6811140,66822.16658658514,50887.49805467758,4.687547388561998,100.0,8.574000358581543,8.574000358581543,8.574000358581543,8.574000358581543,8.574000358581543,8.574000358581543,8.574000358581543,,-0.0,0.44949960294213387,0.3246233358716719,0.12487626707046195,82.1748454529812,30.91575154264331,8.245200061798096,7.247150039672851,6.7692000198364255,5.626020007133484,AJCON.BO,2025-07-21 02:11:32.462794
107,2025-02-01 00:00:00+05:30,8.406000137329102,8.406000137329102,8.406000137329102,8.406000137329102,32080,0.0,0.0,2025-02-01,7.137600016593933,0.6780309514535144,7.815630968047448,6.4595690651404185,8.493661919500962,5.781538113686905,123.15792040591732,183.25682385373256,6789770,98345.90600882616,46903.83092170068,4.683559399563231,100.0,8.406000137329102,8.406000137329102,8.406000137329102,8.406000137329102,8.406000137329102,8.406000137329102,8.406000137329102,,-0.0,0.41246297872257465,0.2934042691040564,0.11905870961851822,80.60372332671135,28.64659056184564,8.08400001525879,7.137600016593933,6.698740015029907,5.580210003852844,AJCON.BO,2025-07-21 02:11:32.462794
108,2025-01-31 00:00:00+05:30,8.241999626159668,8.241999626159668,8.241999626159668,8.241999626159668,8250,0.0,0.0,2025-01-31,7.042950010299682,0.6214121133511943,7.664362123650877,6.421537896948488,8.285774237002071,5.800125783597293,122.70490395206193,176.49472142172704,6757690,24798.137987486414,34043.31214991931,4.6778165470503685,100.0,8.241999626159668,8.241999626159668,8.241999626159668,8.241999626159668,8.241999626159668,8.241999626159668,8.241999626159668,,-0.0,0.3753409137659913,0.26363959169942686,0.11170132206656447,78.98492008789299,26.47284210700624,7.926000022888184,7.042950010299682,6.622980012893676,5.537040004730224,AJCON.BO,2025-07-21 02:11:32.462794
109,2025-01-30 00:00:00+05:30,8.081000328063965,8.081000328063965,8.081000328063965,8.081000328063965,3280,0.0,0.0,2025-01-30,6.963100028038025,0.5586652857722464,7.521765313810271,6.404434742265779,8.080430599582519,5.8457694564935325,123.78850677483054,163.2036698294752,6749440,9666.549992861354,36354.605690527525,4.676401887925983,100.0,8.081000328063965,8.081000328063965,8.081000328063965,8.081000328063965,8.081000328063965,8.081000328063965,8.081000328063965,,-0.0,0.3382780034630217,0.2357142611827857,0.10256374228023601,77.21947268383222,24.421570745047905,7.771000099182129,6.963100028038025,6.5454200172424315,5.4984900093078615,AJCON.BO,2025-07-21 02:11:32.462794
110,2025-01-29 00:00:00+05:30,7.922999858856201,7.922999858856201,7.922999858856201,7.922999858856201,13700,0.0,0.0,2025-01-29,6.898050022125244,0.49360252101342267,7.391652543138667,6.404447501111822,7.88525506415209,5.910844980098399,125.86818957411992,147.18338394549028,6746160,39586.102840659005,43026.619614944066,4.675864551688721,100.0,7.922999858856201,7.922999858856201,7.922999858856201,7.922999858856201,7.922999858856201,7.922999858856201,7.922999858856201,,-0.0,0.30155681427450887,0.21007332561272668,0.09148348866178219,75.29205576464322,22.524514566793272,7.619000053405761,6.898050022125244,6.475140008926392,5.4611800050735475,AJCON.BO,2025-07-21 02:11:32.462794
111,2025-01-28 00:00:00+05:30,7.76800012588501,7.76800012588501,7.76800012588501,7.76800012588501,32560,0.0,0.0,2025-01-28,6.8478000402450565,0.4309475578863843,7.2787475981314405,6.416852482358673,7.709695156017825,5.985904924472288,128.5437535718232,130.31757092153387,6732460,92241.45681919715,43886.74880851533,4.673722579976222,100.0,7.76800012588501,7.76800012588501,7.76800012588501,7.76800012588501,7.76800012588501,7.76800012588501,7.76800012588501,,-0.0,0.26553417411006297,0.18720245344728112,0.07833172066278185,73.32751049839848,20.816917704768805,7.470000076293945,6.8478000402450565,6.403420009613037,5.425450005531311,AJCON.BO,2025-07-21 02:11:32.462794
112,2025-01-27 00:00:00+05:30,7.616000175476074,7.616000175476074,7.616000175476074,7.616000175476074,15780,0.0,0.0,2025-01-27,6.812350034713745,0.37705949058102034,7.189409525294765,6.435290544132725,7.566469015875786,6.0582310535517045,132.24045576619991,114.11548520713178,6699900,43829.49608122299,31798.07180584487,4.6688639050848355,69.59662420952117,7.616000175476074,7.616000175476074,7.616000175476074,7.616000175476074,7.616000175476074,7.616000175476074,7.616000175476074,,-0.0,0.23065615890259394,0.16761952328158566,0.06303663562100828,71.20126104252837,19.337705623651576,7.324000072479248,6.812350034713745,6.341400003433227,5.390840005874634,AJCON.BO,2025-07-21 02:11:32.462794
113,2025-01-24 00:00:00+05:30,7.4670000076293945,7.4670000076293945,7.4670000076293945,7.4670000076293945,10420,0.0,0.0,2025-01-24,6.791700029373169,0.3402420790813419,7.131942108454512,6.451457950291827,7.472184187535853,6.111215871210486,136.1915836672792,98.20701256032525,6684120,28375.688241025695,28790.215737000333,4.666619444332568,62.41674370136264,7.4670000076293945,7.4670000076293945,7.4670000076293945,7.4670000076293945,7.4670000076293945,7.4670000076293945,7.4670000076293945,,-0.0,0.19747663214084277,0.15186036437633357,0.045616267764509194,68.89908147690554,18.129656490082102,7.180800056457519,6.791700029373169,6.276800003051758,5.360740003585815,AJCON.BO,2025-07-21 02:11:32.462794
114,2025-01-23 00:00:00+05:30,7.321000099182129,7.321000099182129,7.321000099182129,7.321000099182129,14270,0.0,0.0,2025-01-23,6.785850024223327,0.3288347060415346,7.1146847302648615,6.457015318181793,7.443519436306397,6.128180612140258,141.98667748591225,83.23209879238955,6673700,38100.17049275431,28893.84761099399,4.665210453945894,58.9368516572793,7.321000099182129,7.321000099182129,7.321000099182129,7.321000099182129,7.321000099182129,7.321000099182129,7.321000099182129,,-0.0,0.1666789722543962,0.14045629743520627,0.02622267481918994,66.40534085875274,17.239542798855645,7.047400093078613,6.785850024223327,6.2261999988555905,5.3349600028991695,AJCON.BO,2025-07-21 02:11:32.462794
115,2025-01-22 00:00:00+05:30,7.177999973297119,7.177999973297119,7.177999973297119,7.177999973297119,10460,0.0,0.0,2025-01-22,6.792950010299682,0.34225652599658923,7.1352065362962716,6.450693484303093,7.477463062292861,6.108436958306504,136.9179261742795,69.43746276789541,6659430,27382.157877612142,26592.26689055391,4.663379235079368,48.17148444777919,7.177999973297119,7.177999973297119,7.177999973297119,7.177999973297119,7.177999973297119,7.177999973297119,7.177999973297119,,-0.0,0.13910197486421527,0.13390062873040876,0.005201346133806517,63.89646058406769,16.718246227653523,6.94320011138916,6.792950010299682,6.177299995422363,5.311200003623963,AJCON.BO,2025-07-21 02:11:32.462794
116,2025-01-21 00:00:00+05:30,7.038000106811523,7.038000106811523,7.038000106811523,7.038000106811523,12560,0.0,0.0,2025-01-21,6.8148000001907345,0.38000034323048487,7.194800343421219,6.43479965696025,7.574800686651704,6.054799313729765,131.68316527359306,56.953253135953844,6648970,32238.24873126018,26394.794143789346,4.662107647308176,35.26176066852811,7.038000106811523,7.038000106811523,7.038000106811523,7.038000106811523,7.038000106811523,7.038000106811523,7.038000106811523,,-0.0,0.11577080159024611,0.13260029219695713,-0.016829490606711017,61.2062466695517,16.62084565267832,6.841000080108643,6.8148000001907345,6.1316999912261965,5.287800002098083,AJCON.BO,2025-07-21 02:11:32.462794
117,2025-01-20 00:00:00+05:30,6.800000190734863,6.900000095367432,6.800000190734863,6.900000095367432,4110,0.0,0.0,2025-01-20,6.851399993896484,0.434038712866377,7.285438706762861,6.417361281030107,7.719477419629238,5.98332256816373,116.25768124419298,42.14843122123675,6636410,10342.450520321137,24933.930496921632,4.66066412876347,30.140361427573694,6.866666793823242,6.933333396911621,6.833333492279053,6.9666666984558105,6.766666889190674,7.0333333015441895,6.733333587646484,,-2.2988666743805077,0.09793359233139398,0.13680766484863488,-0.0388740725172409,58.32252207591883,17.00666555240151,6.748400020599365,6.851399993896484,6.0889199924468995,5.262550001144409,AJCON.BO,2025-07-21 02:11:32.462794
118,2025-01-17 00:00:00+05:30,6.900000095367432,6.900000095367432,6.800000190734863,6.800000190734863,1030,0.0,0.0,2025-01-17,6.897749996185302,0.4858995837494482,7.383649579934751,6.411850412435854,7.869549163684199,5.925950828686406,144.95502176285493,41.25588784914995,6632300,2554.339873584248,28581.80049107175,4.660218828062366,23.09195104320915,6.833333492279053,6.866666793823242,6.766666889190674,6.933333396911621,6.733333587646484,6.9666666984558105,6.6666669845581055,,-28.03029051981455,0.08720362717506447,0.1465261829779451,-0.05932255580288062,56.161103519363905,17.943358211301113,6.660000038146973,6.897749996185302,6.042919988632202,5.239720001220703,AJCON.BO,2025-07-21 02:11:32.462794
119,2025-01-16 00:00:00+05:30,6.666999816894531,6.800000190734863,6.666999816894531,6.800000190734863,330,0.0,0.0,2025-01-16,6.9304999828338625,0.5008093937773197,7.431309376611182,6.429690589056543,7.932118770388502,5.928881195279223,134.68555146091776,36.63278300540052,6633330,818.380736196895,35088.66564544362,4.660112187955862,22.022967553108415,6.755666732788086,6.844333648681641,6.711333274841309,6.888667106628418,6.622666358947754,6.977334022521973,6.578332901000977,,-42.91845634095208,0.08199322864819703,0.16135682192866524,-0.07936359328046821,56.16110351936392,18.952104151654535,6.597999954223633,6.9304999828338625,6.0029799842834475,5.219930000305176,AJCON.BO,2025-07-21 02:11:32.462794
120,2025-01-15 00:00:00+05:30,6.570000171661377,6.699999809265137,6.570000171661377,6.666999816894531,10100,0.0,0.0,2025-01-15,6.945499968528748,0.501187587811583,7.446687556340331,6.4443123807171645,7.947875144151913,5.943124792905582,75.53760045716164,30.045264725516926,6633000,24557.511167501474,43656.236872755304,4.660078019459832,21.765790088095684,6.645666599273682,6.721333026885986,6.591333389282227,6.775666236877441,6.515666961669922,6.851332664489746,6.461333751678467,,-56.21401399272146,0.0740800179789769,0.1811977202487823,-0.10711770226980541,53.45539651424859,20.406693256317258,6.514399909973145,6.945499968528748,5.959879980087281,5.195909996032714,AJCON.BO,2025-07-21 02:11:32.462794
121,2025-01-14 00:00:00+05:30,6.5,6.574999809265137,6.5,6.574999809265137,4250,0.0,0.0,2025-01-14,6.950249981880188,0.4988539278873764,7.449103909767564,6.451396053992812,7.947957837654941,5.952542126105436,11.131223936525812,25.144383641881728,6622900,10191.009533090879,48430.91829906876,4.659096757428593,18.14565558784203,6.549999872843425,6.5999997456868496,6.524999936421713,6.6249996821085615,6.475000063578288,6.674999554951986,6.450000127156576,,-66.86749129358995,0.07592480753100794,0.20797714581623364,-0.1320523382852257,51.532360142261766,21.60296076556399,6.432399940490723,6.950249981880188,5.920459985733032,5.172599997520447,AJCON.BO,2025-07-21 02:11:32.462794
122,2025-01-13 00:00:00+05:30,6.489999771118164,6.489999771118164,6.400000095367432,6.458000183105469,3300,0.0,0.0,2025-01-13,6.943499994277954,0.5050732428865946,7.448573237164549,6.43842675139136,7.953646480051144,5.933353508504765,-37.31879784848072,19.99523813337234,6618650,7772.209994068229,57990.895490563234,4.65870249536395,16.284270737938755,6.4493333498636884,6.498666604359945,6.408666928609213,6.539333025614421,6.359333674112956,6.588666280110678,6.31866725285848,,-78.17567201841365,0.08619692812504898,0.24099023038754006,-0.15479330226249108,48.91942903093341,22.404872158925386,6.39399995803833,6.943499994277954,5.8800399875640865,5.148619999885559,AJCON.BO,2025-07-21 02:11:32.462794
123,2025-01-10 00:00:00+05:30,6.255000114440918,6.499000072479248,6.255000114440918,6.489999771118164,17240,0.0,0.0,2025-01-10,6.945349979400635,0.5032658847804367,7.448615864181071,6.442084094620198,7.951881748961508,5.938818209839761,-57.364268932779844,19.937572165786786,6621950,40805.102790401565,70545.56686468699,4.658414948329017,9.98573498674682,6.414666652679443,6.574333190917969,6.330333232879639,6.658666610717773,6.170666694641113,6.818333148956299,6.086333274841309,,-82.94910759068954,0.10956503164185527,0.27968855595316283,-0.17012352431130756,49.53941561551096,22.92994801952082,6.404999923706055,6.945349979400635,5.843539981842041,5.124909996986389,AJCON.BO,2025-07-21 02:11:32.462794
124,2025-01-09 00:00:00+05:30,6.135000228881836,6.381999969482422,6.135000228881836,6.381999969482422,19480,0.0,0.0,2025-01-09,6.947849988937378,0.5010039546267998,7.448853943564178,6.446846034310578,7.949857898190977,5.9458420796837785,-92.40347133699105,14.217154907106986,6604710,45339.6625585982,77980.68288325834,4.656884498951375,39.1628310282549,6.29966672261556,6.464333216349283,6.217333475748697,6.5466664632161455,6.052666982014974,6.711332956949869,5.970333735148111,,-88.13641849908502,0.1346717345728532,0.3222194370309897,-0.1875477024581365,47.26381321229059,23.495414330931283,6.435999965667724,6.947849988937378,5.800579986572266,5.101820001602173,AJCON.BO,2025-07-21 02:11:32.462794
125,2025-01-08 00:00:00+05:30,6.300000190734863,6.300000190734863,6.25600004196167,6.256999969482422,59420,0.0,0.0,2025-01-08,6.952049994468689,0.4963410636412481,7.448391058109937,6.455708930827441,7.944732121751185,5.959367867186193,-115.22841969334971,14.270770268588608,6585230,135591.1466889817,86140.93796442337,4.655254182056317,50.32698374514606,6.271000067392985,6.286000092824301,6.241999944051107,6.315000216166179,6.226999918619792,6.330000241597494,6.197999795277914,,-99.94900930452533,0.1754117856899553,0.3691063626455238,-0.19369457695556852,44.739380892797165,23.66610948609104,6.51560001373291,6.952049994468689,5.763739986419678,5.078110003471375,AJCON.BO,2025-07-21 02:11:32.462794
126,2025-01-07 00:00:00+05:30,6.382999897003174,6.382999897003174,6.382999897003174,6.382999897003174,10750,0.0,0.0,2025-01-07,6.970399999618531,0.47564484417294883,7.44604484379148,6.494755155445581,7.921689687964428,6.019110311272633,-117.87573855715227,23.0153480738403,6644650,25024.52454972193,73778.38578328378,4.650623500803396,62.09623740276556,6.382999897003174,6.382999897003174,6.382999897003174,6.382999897003174,6.382999897003174,6.382999897003174,6.382999897003174,,-100.0,0.23722424832184963,0.4175300068844159,-0.18030575856256625,47.00275172351446,24.1508489502422,6.647800064086914,6.970399999618531,5.73149998664856,5.05724000453949,AJCON.BO,2025-07-21 02:11:32.462794
127,2025-01-06 00:00:00+05:30,6.513000011444092,6.513000011444092,6.513000011444092,6.513000011444092,2320,0.0,0.0,2025-01-06,6.981949996948242,0.463274187306808,7.44522418425505,6.518675809641435,7.908498371561858,6.055401622334626,-117.80376987218862,32.79075807341777,6655400,5510.634375992869,85966.85109167425,4.649716940745138,67.88003724077453,6.513000011444092,6.513000011444092,6.513000011444092,6.513000011444092,6.513000011444092,6.513000011444092,6.513000011444092,,-100.0,0.30035954097622053,0.46260644652505745,-0.16224690554883692,49.3196168648941,24.99639296433496,6.783000087738037,6.981949996948242,5.692919988632202,5.034810004234314,AJCON.BO,2025-07-21 02:11:32.462794
128,2025-01-03 00:00:00+05:30,6.664999961853027,6.664999961853027,6.644999980926514,6.644999980926514,20440,0.0,0.0,2025-01-03,7.018099999427795,0.45284639968488405,7.470946399112679,6.565253599742911,7.923792798797563,6.112407200058027,-120.90023518995665,43.375059492002485,6657720,49534.571301325435,106080.9052705946,4.649506484541455,59.60218644880928,6.651666641235352,6.6583333015441895,6.638333320617676,6.671666622161865,6.631666660308838,6.678333282470703,6.618333339691162,,-77.93752464564643,0.3638379037709498,0.5031681729122667,-0.13933026914131685,51.685318584889394,26.24656237262448,6.9210000991821286,7.018099999427795,5.651039991378784,5.011180005073547,AJCON.BO,2025-07-21 02:11:32.462794
129,2025-01-02 00:00:00+05:30,6.78000020980835,6.78000020980835,6.78000020980835,6.78000020980835,41380,0.0,0.0,2025-01-02,6.987350010871888,0.49813091214005817,7.485480923011946,6.489219098731829,7.983611835152004,5.991088186591771,-133.8815767360756,53.58053433881831,6678160,102318.16124851338,120217.48876291187,4.64751874943581,58.71959917467768,6.78000020980835,6.78000020980835,6.78000020980835,6.78000020980835,6.78000020980835,6.78000020980835,6.78000020980835,,-71.24440537915761,0.4265967515095541,0.5380007401975958,-0.11140398868804169,54.28940488307023,27.946291594607583,7.06200008392334,6.987350010871888,5.609399995803833,4.986710004806518,AJCON.BO,2025-07-21 02:11:32.462794
130,2025-01-01 00:00:00+05:30,6.918000221252441,6.918000221252441,6.918000221252441,6.918000221252441,3500,0.0,0.0,2025-01-01,6.899600005149841,0.6636571597378589,7.5632571648877,6.235942845411982,8.22691432462556,5.572285685674123,-122.82835727032884,64.83902518033018,6719540,8830.415705645062,124692.32064151148,4.643209717341984,58.985795810849396,6.918000221252441,6.918000221252441,6.918000221252441,6.918000221252441,6.918000221252441,6.918000221252441,6.918000221252441,,-62.87511113121654,0.4871880302166849,0.5658517373696063,-0.07866370715292137,56.95397743804958,30.04503923325148,7.198600006103516,6.899600005149841,5.5666599941253665,4.961620001792908,AJCON.BO,2025-07-21 02:11:32.462794
131,2024-12-31 00:00:00+05:30,7.059000015258789,7.059000015258789,7.059000015258789,7.059000015258789,42210,0.0,0.0,2024-12-31,6.793649983406067,0.8129235821132551,7.606573565519322,5.980726401292812,8.419497147632578,5.167802819179557,-76.60848142439492,77.07301007397533,6723040,108665.34626254113,153657.7968754781,4.642820862365222,54.67425266051853,7.059000015258789,7.059000015258789,7.059000015258789,7.059000015258789,7.059000015258789,7.059000015258789,7.059000015258789,,-56.050338863659654,0.5437906809159161,0.5855176641578366,-0.04172698324192048,59.67360911632082,31.917716699968096,7.33799991607666,6.793649983406067,5.516299991607666,4.933709998130798,AJCON.BO,2025-07-21 02:11:32.462794
132,2024-12-30 00:00:00+05:30,7.300000190734863,7.300000190734863,7.203000068664551,7.203000068664551,6980,0.0,0.0,2024-12-30,6.692949986457824,0.8985545798755896,7.591504566333414,5.794395406582234,8.490059146209003,4.895840826706645,-13.031657100648815,92.62535504410943,6765250,18335.863818651636,164905.9095287123,4.637829501852062,51.05559766790271,7.235333442687988,7.267666816711426,7.170666694641113,7.332333564758301,7.138333320617676,7.364666938781738,7.073666572570801,,-49.08034590774009,0.5941336300390647,0.5959494099683167,-0.0018157799292519705,62.44233848969471,33.529148509429966,7.480199909210205,6.692949986457824,5.4620999908447265,4.90610999584198,AJCON.BO,2025-07-21 02:11:32.462794
133,2024-12-27 00:00:00+05:30,7.314000129699707,7.349999904632568,7.314000129699707,7.349999904632568,1480,0.0,0.0,2024-12-27,6.5809999942779545,0.9684242899887727,7.549424284266728,5.612575704289181,8.517848574255499,4.644151414300409,17.75042644563243,105.42000494663567,6772230,3967.1770423959,201548.42095622743,4.636952915894642,28.19663631978338,7.337999979654948,7.361999829610189,7.326000054677328,7.3739997545878095,7.302000204722087,7.397999604543051,7.290000279744467,,-41.96515534366896,0.6354040122167852,0.5964033549506297,0.039000657266155536,65.46424414059643,34.841000183531044,7.604999923706055,6.5809999942779545,5.40809998512268,4.8745999956130985,AJCON.BO,2025-07-21 02:11:32.462794
134,2024-12-26 00:00:00+05:30,7.4629998207092285,7.4629998207092285,7.4629998207092285,7.4629998207092285,2360,0.0,0.0,2024-12-26,6.4496999979019165,1.034442665197255,7.484142663099171,5.415257332704662,8.518585328296426,4.380814667507407,43.72854836683446,121.1314185638778,6773710,6423.2964680140885,250943.7319346853,4.636756320500674,58.472266094094955,7.4629998207092285,7.4629998207092285,7.4629998207092285,7.4629998207092285,7.4629998207092285,7.4629998207092285,7.4629998207092285,,-36.495653073037786,0.6641380174896412,0.5866531906340908,0.07748482685555036,67.69512235211626,35.92384860286759,7.625999927520752,6.4496999979019165,5.349179983139038,4.844499998092651,AJCON.BO,2025-07-21 02:11:32.462794
135,2024-12-24 00:00:00+05:30,7.614999771118164,7.614999771118164,7.614999771118164,7.614999771118164,4570,0.0,0.0,2024-12-24,6.3126500129699705,1.0739469085838138,7.386596921553784,5.238703104386157,8.460543830137599,4.164756195802343,73.7323359177488,141.4379209533754,6776070,12691.665808464157,312073.84080135304,4.6364297130616645,65.46373768544711,7.614999771118164,7.614999771118164,7.614999771118164,7.614999771118164,7.614999771118164,7.614999771118164,7.614999771118164,,-18.148937366136625,0.6797347746649187,0.5672819839202032,0.11245279074471548,70.74792919915674,36.643115227262044,7.55339994430542,6.3126500129699705,5.290599985122681,4.812449998855591,AJCON.BO,2025-07-21 02:11:32.462794
136,2024-12-23 00:00:00+05:30,8.217000007629395,8.217000007629395,7.435999870300293,7.769999980926514,101730,0.0,0.0,2024-12-23,6.179400014877319,1.0691724968392542,7.248572511716573,5.110227518038065,8.317745008555828,4.041055021198811,119.92744013356435,168.96943914013565,6780640,288272.08912054857,386919.3845495752,4.635763020346892,62.05811549601874,7.807666619618733,8.179333368937174,7.398333231608072,8.588666756947834,7.026666482289632,8.960333506266275,6.617333094278971,,-12.042026927940551,0.6744346463162518,0.5391687862340244,0.1352658600822274,74.05577232776051,36.95284959794937,7.382800006866455,6.179400014877319,5.226379985809326,4.78058000087738,AJCON.BO,2025-07-21 02:11:32.462794
137,2024-12-20 00:00:00+05:30,7.827000141143799,7.827000141143799,7.827000141143799,7.827000141143799,157290,0.0,0.0,2024-12-20,6.043450021743775,1.0283634621135247,7.0718134838573,5.01508655963025,8.100176945970825,3.9867230975167254,176.32746835449385,190.24921666408974,6882370,448982.0590652011,411581.20840683184,4.620068362210311,63.848366465588,7.827000141143799,7.827000141143799,7.827000141143799,7.827000141143799,7.827000141143799,7.827000141143799,7.827000141143799,,-0.0,0.6421649969899974,0.5053523212134675,0.1368126757765299,75.28141975570097,37.28640968945879,7.116800022125244,6.043450021743775,5.158759984970093,4.744809999465942,AJCON.BO,2025-07-21 02:11:32.462794
138,2024-12-19 00:00:00+05:30,7.454999923706055,7.454999923706055,7.454999923706055,7.454999923706055,120680,0.0,0.0,2024-12-19,5.883000016212463,0.9848609134387065,6.86786092965117,4.898139102773757,7.852721843089876,3.9132781893350503,147.8830459994906,184.82595913530994,6725080,328106.9865057873,402230.9957422395,4.595045478337856,62.13859845644441,7.454999923706055,7.454999923706055,7.454999923706055,7.454999923706055,7.454999923706055,7.454999923706055,7.454999923706055,,-3.119877328358985,0.5855066423464992,0.47114915226933507,0.11435749007716411,72.69358119590242,36.437382742404516,6.850399971008301,5.883000016212463,5.091279983520508,4.709619998931885,AJCON.BO,2025-07-21 02:11:32.462794
139,2024-12-18 00:00:00+05:30,7.099999904632568,7.099999904632568,7.099999904632568,7.099999904632568,99180,0.0,0.0,2024-12-18,5.728450012207031,0.9675670274089342,6.696017039615966,4.760882984798097,7.6635840670249,3.7933159573891633,104.02096027216687,177.56944462658535,6604400,256811.80309651996,420761.99805135257,4.577820895430371,60.80708804637212,7.099999904632568,7.099999904632568,7.099999904632568,7.099999904632568,7.099999904632568,7.099999904632568,7.099999904632568,,-14.778334148680484,0.5407318514923052,0.442559779750044,0.09817207174226117,69.84093708371137,35.98759367115268,6.667399978637695,5.728450012207031,5.026399984359741,4.677189998626709,AJCON.BO,2025-07-21 02:11:32.462794
140,2024-12-17 00:00:00+05:30,6.76200008392334,6.76200008392334,6.76200008392334,6.76200008392334,100130,0.0,0.0,2024-12-17,5.601800012588501,0.944082564331852,6.545882576920353,4.657717448256649,7.489965141252204,3.713634883924797,52.832196273434725,167.721648171882,6505220,246928.89969742936,461749.5467900607,4.56527478023505,59.91912443932092,6.76200008392334,6.76200008392334,6.76200008392334,6.76200008392334,6.76200008392334,6.76200008392334,6.76200008392334,,-25.87849218613467,0.5101757673302751,0.4180167618144787,0.09215900551579642,66.79918877594994,36.0160774619921,6.54060001373291,5.601800012588501,4.967239990234375,4.649409999847412,AJCON.BO,2025-07-21 02:11:32.462794
141,2024-12-16 00:00:00+05:30,6.199999809265137,6.599999904632568,6.199999809265137,6.440000057220459,114400,0.0,0.0,2024-12-16,5.480550003051758,0.9429564291292756,6.423506432181034,4.537593573922482,7.366462861310309,3.594637144793207,20.51387755839321,151.59443983115756,6405090,268685.6232210994,515454.7085632185,4.554187226587114,58.490242979422746,6.413333257039388,6.626666704813639,6.226666609446207,6.813333352406819,6.013333161671956,7.02666680018107,5.8266665140787754,0.4105277771613349,-36.453205441800186,0.4966126454452464,0.3949770104355296,0.10163563500971684,63.58986041811624,36.61010187981527,6.513000011444092,5.480550003051758,4.919859991073609,4.62526999950409,AJCON.BO,2025-07-21 02:11:32.462794
142,2024-12-13 00:00:00+05:30,6.547999858856201,6.619999885559082,6.2129998207092285,6.494999885559082,34850,0.0,0.0,2024-12-13,5.391899991035461,0.9312784852254059,6.323178476260868,4.460621505810055,7.254456961486273,3.5293430205846494,31.689724850986472,175.15622341637834,6519490,82549.50310335422,577146.9798987482,4.543249374681407,60.13359001125262,6.442666530609131,6.672333240509033,6.26533317565918,6.849666595458984,6.035666465759277,7.079333305358887,5.858333110809326,0.3670413431878212,-34.64697138726568,0.5034354292155268,0.36956810168310034,0.13386732753242642,64.49438992757152,37.54395255896359,6.547799968719483,5.391899991035461,4.880819988250733,4.603249998092651,AJCON.BO,2025-07-21 02:11:32.462794
143,2024-12-12 00:00:00+05:30,6.5,6.789000034332275,6.151000022888184,6.539999961853027,39050,0.0,0.0,2024-12-12,5.286450004577636,0.9191221163631064,6.205572120940743,4.36732788821453,7.124694237303849,3.4482057718514234,44.62350875227943,208.1195291797304,6554340,93138.94562995806,700796.3490975966,4.539794736704945,61.17039708941441,6.493333339691162,6.835666656494141,6.197666645050049,7.131333351135254,5.85533332824707,7.473666667938232,5.559666633605957,0.35851628387508383,-33.16913640642999,0.49912620065752833,0.33610126979999366,0.16302493085753467,65.35765998871048,38.51144146146332,6.696000003814698,5.286450004577636,4.841599988937378,4.579000000953674,AJCON.BO,2025-07-21 02:11:32.462794
144,2024-12-11 00:00:00+05:30,6.699999809265137,6.960000038146973,6.349999904632568,6.466000080108643,74900,0.0,0.0,2024-12-11,5.206299996376037,0.872780532680373,6.0790805290564105,4.333519463695664,6.951861061736784,3.460738931015291,63.97523908855026,257.30051642918716,6515290,176624.13851510276,852710.6999645062,4.535819772135394,62.07290523321846,6.5920000076293945,6.834000110626221,6.223999977111816,7.202000141143799,5.98199987411499,7.444000244140625,5.613999843597412,0.3598236431138237,-34.03453588105572,0.48161473838905877,0.29534503708560994,0.18626970130344883,64.74418213897908,39.55335258723227,6.594000053405762,5.206299996376037,4.803159990310669,4.555,AJCON.BO,2025-07-21 02:11:32.462794
145,2024-12-10 00:00:00+05:30,6.61299991607666,6.889999866485596,6.449999809265137,6.624000072479248,113190,0.0,0.0,2024-12-10,5.126799988746643,0.8229926173666214,5.949792606113264,4.303807371380022,6.772785223479886,3.4808147540134,87.02171526236023,314.1028159157909,6590190,273439.292502023,1021732.340326857,4.528434339676734,63.58853662518452,6.654666582743327,6.8593333562215175,6.4193332990010585,7.094666639963786,6.214666525522868,7.2993334134419765,5.9793332417805996,0.37707966604190807,-28.94654624753495,0.4591854343172974,0.24877761175974775,0.21040782255754967,67.27271063963855,40.14111256696415,6.305800056457519,5.126799988746643,4.764839992523194,4.533610000610351,AJCON.BO,2025-07-21 02:11:32.462794
146,2024-12-09 00:00:00+05:30,7.236000061035156,7.550000190734863,6.514999866485596,6.613999843597412,816360,0.0,0.0,2024-12-09,5.040499973297119,0.7444817241960539,5.784981697493173,4.296018249101065,6.529463421689226,3.5515365249050115,139.07279428917758,424.988863301112,6477000,1969148.3258581902,1208805.6022830654,4.516246573564693,66.00531656068759,6.89299996693929,7.271000067392984,6.235999743143717,7.928000291188558,5.8579996426900225,8.306000391642252,5.200999418894449,0.3912752329499014,-28.519205625922854,0.4079511679719925,0.1961756561203603,0.21177551185163218,67.19836458350991,40.50390685637202,5.94079999923706,5.040499973297119,4.723519992828369,4.509489998817444,AJCON.BO,2025-07-21 02:11:32.462794
147,2024-12-06 00:00:00+05:30,7.236000061035156,7.236000061035156,7.235000133514404,7.236000061035156,1252870,0.0,0.0,2024-12-06,4.954749989509582,0.6459536757992577,5.60070366530884,4.3087963137103245,6.246657341108097,3.662842637911067,273.66782112752037,616.0848854476884,7293360,3306260.7789696404,1018719.9213892841,4.424400380881408,88.2034092731185,7.235666751861572,7.23633337020874,7.235333442687988,7.236666679382324,7.23466682434082,7.237333297729492,7.234333515167236,0.7253199696031714,-0.0,0.33715957423838194,0.14323177815745228,0.19392779608092967,77.3091743729579,40.72445999200004,5.627000045776367,4.954749989509582,4.690299997329712,4.485599999427795,AJCON.BO,2025-07-21 02:11:32.462794
148,2024-12-05 00:00:00+05:30,5.195000171661377,6.03000020980835,4.900000095367432,6.03000020980835,764340,0.0,0.0,2024-12-05,4.822949981689453,0.3628968076428432,5.185846789332296,4.460053174046609,5.5487435969751395,4.097156366403766,295.44762647506195,329.1038902670579,6040490,1680878.988781807,446834.706994195,4.221868573443319,76.30833207557097,5.65333350499471,6.406666914621988,5.27666680018107,6.783333619435628,4.523333390553792,7.536667029062906,4.146666685740152,0.5017232235763605,-0.0,0.18015880669180895,0.09474982913721984,0.08540897755458911,68.8026018333235,38.82414199568055,5.1726000785827635,4.822949981689453,4.644259996414185,4.45710000038147,AJCON.BO,2025-07-21 02:11:32.462794
149,2024-12-04 00:00:00+05:30,4.820000171661377,5.0980000495910645,4.505000114440918,5.025000095367432,297660,0.0,0.0,2024-12-04,4.761599969863892,0.2259877776810312,4.987587747544923,4.53561219218286,5.213575525225954,4.30962441450183,23.825761471285603,86.58856276871111,5276150,545492.8782651477,138323.63654729197,4.138755757247149,47.059975602286066,4.876000086466472,5.247000058492025,4.654000123341879,5.469000021616618,4.283000151316325,5.839999993642172,4.061000188191732,0.09075447988863668,-23.728810336196418,0.09519328197358234,0.07339758474857255,0.02179569722500979,56.02449698418743,37.99523679734018,4.911400032043457,4.761599969863892,4.605899991989136,4.44125,AJCON.BO,2025-07-21 02:11:32.462794
150,2024-12-03 00:00:00+05:30,5.039999961853027,5.099999904632568,4.798999786376953,4.798999786376953,6280,0.0,0.0,2024-12-03,4.742599964141846,0.2185279657544969,4.961127929896342,4.524071998387349,5.179655895650839,4.305544032632852,43.990732034015835,100.55385293701232,4978490,10991.14424740857,36531.32611782802,4.122602134053191,76.16360260491558,4.899333159128825,4.999666531880697,4.698666413625082,5.20033327738444,4.59833304087321,5.300666650136312,4.397666295369467,-0.2323420209146823,-46.26124881919786,0.08394662474937409,0.06794866044232009,0.015997964307053997,51.85460710954586,38.99967382374936,4.850800037384033,4.742599964141846,4.5859199905395505,4.433600001335144,AJCON.BO,2025-07-21 02:11:32.462794
151,2024-12-02 00:00:00+05:30,4.964000225067139,5.199999809265137,4.824999809265137,5.045000076293945,7150,0.0,0.0,2024-12-02,4.737449979782104,0.218342454970358,4.955792434752462,4.519107524811746,5.17413488972282,4.300765069841388,94.69747151624581,154.30824684406397,4984770,13155.269580798946,42916.37158543289,4.122341923579379,70.47929546199879,5.023333231608073,5.22166665395101,4.84666665395101,5.398333231608073,4.648333231608073,5.59666665395101,4.47166665395101,-0.22196521018697357,-21.73479385940099,0.09053318305608649,0.0639491693655566,0.026584013690529887,57.34267126104857,38.4733697044957,4.88100004196167,4.737449979782104,4.567619996070862,4.421110002994538,AJCON.BO,2025-07-21 02:11:32.462794
152,2024-11-29 00:00:00+05:30,4.72599983215332,5.11899995803833,4.72599983215332,4.964000225067139,8330,0.0,0.0,2024-11-29,4.712899971008301,0.20936092434368958,4.92226089535199,4.503539046664611,5.131621819695679,4.294178122320922,79.53744581341118,134.08821990714102,4977620,15080.277287231429,50356.64708659137,4.121937626909604,67.27612578180768,4.936333338419597,5.146666844685873,4.753666718800863,5.329333464304606,4.543333212534587,5.539666970570883,4.3606665929158535,-0.22690791049407705,-29.810553459257036,0.07336695744094524,0.05730316594292412,0.01606379149802112,55.957613220588364,37.75029226023893,4.882200050354004,4.712899971008301,4.549159998893738,4.406690001487732,AJCON.BO,2025-07-21 02:11:32.462794
153,2024-11-28 00:00:00+05:30,4.730000019073486,5.150000095367432,4.626999855041504,4.723999977111816,33790,0.0,0.0,2024-11-28,4.696349954605102,0.20139808178377888,4.897748036388881,4.494951872821323,5.09914611817266,4.293553791037544,56.3825056079608,102.60877459052091,4969290,58214.42495649427,59175.739536431356,4.121507531860784,67.74871881217791,4.833666642506917,5.04033342997233,4.517333189646402,5.356666882832845,4.310666402180989,5.563333670298258,3.9943329493204747,-0.13309664624286005,-56.018974054178656,0.058254624275094535,0.05328721806841884,0.004967406206675698,51.57780204846786,37.13997541944725,4.813000011444092,4.696349954605102,4.529799995422363,4.392939999103546,AJCON.BO,2025-07-21 02:11:32.462794
154,2024-11-27 00:00:00+05:30,4.949999809265137,4.994999885559082,4.702000141143799,4.7220001220703125,21360,0.0,0.0,2024-11-27,4.677249956130981,0.2162072253917481,4.893457181522729,4.4610427307392335,5.109664406914478,4.244835505347485,40.887278003704935,97.92377563691497,4935500,36784.0695910939,59416.06818141562,4.120256652007055,63.7819373527768,4.8063333829243975,4.910666624704996,4.617666880289713,5.099333127339681,4.513333638509114,5.203666369120279,4.32466713587443,-0.11507383653008434,-56.20853380459617,0.061660000561763795,0.0520453665167499,0.009614634045013892,51.57780204846786,36.4827111293639,4.740999984741211,4.677249956130981,4.515939998626709,4.380989999771118,AJCON.BO,2025-07-21 02:11:32.462794
155,2024-11-26 00:00:00+05:30,4.949999809265137,4.949999809265137,4.804999828338623,4.949999809265137,19790,0.0,0.0,2024-11-26,4.668149948120117,0.21804689290224158,4.886196841022358,4.450103055217876,5.1042437339246005,4.232056162315634,72.17824456710639,149.47150912815493,4956860,35725.92725955505,65074.06782899605,4.119465866335275,64.60992952740779,4.901666482289632,4.998333136240641,4.853333155314127,5.0466664632161455,4.756666501363118,5.143333117167154,4.708333174387613,-0.08664143243658126,-34.59718553036278,0.06528262712890864,0.04964170800549642,0.01564091912341222,56.195590197462586,36.08593346064825,4.709999942779541,4.668149948120117,4.5005999946594235,4.366769998073578,AJCON.BO,2025-07-21 02:11:32.462794
156,2024-11-25 00:00:00+05:30,4.618000030517578,5.198999881744385,4.618000030517578,5.051000118255615,50720,0.0,0.0,2024-11-25,4.652899956703186,0.20771815856706813,4.8606181152702534,4.445181798136118,5.068336273837322,4.237463639569049,87.7402257909584,183.25367266693198,4976650,93430.60407544463,72411.10297135629,4.118453405013086,67.08215728550188,4.956000010172526,5.2939999898274746,4.713000138600668,5.536999861399333,4.37500015894572,5.874999841054281,4.132000287373861,-0.11806810969553014,-25.02369496880219,0.0464770415384308,0.045731478224643365,0.0007455633137874312,58.303002822738314,35.13403287346341,4.587399959564209,4.652899956703186,4.482839994430542,4.349730000495911,AJCON.BO,2025-07-21 02:11:32.462794
157,2024-11-22 00:00:00+05:30,4.364999771118164,4.684999942779541,4.364999771118164,4.618000030517578,27410,0.0,0.0,2024-11-22,4.62304995059967,0.18960441269428177,4.812654363293952,4.4334455379053885,5.002258775988234,4.243841125211106,-52.55231823451041,-10.798039738776865,4925930,46163.15684968206,67156.2276953342,4.115530705969589,64.40963872909225,4.555999914805095,4.747000058492025,4.426999886830648,4.876000086466472,4.235999743143718,5.067000230153402,4.106999715169271,-0.17104137694927193,-66.06636399178304,0.01174899559340048,0.045545087396196504,-0.033796091802796024,50.95984331443282,34.10890916418743,4.510599899291992,4.62304995059967,4.461679992675781,4.331679999828339,AJCON.BO,2025-07-21 02:11:32.462794
158,2024-11-21 00:00:00+05:30,4.934999942779541,4.934999942779541,4.35099983215332,4.363999843597412,16870,0.0,0.0,2024-11-21,4.6130999565124515,0.1950273402204233,4.8081272967328745,4.4180726162920285,5.003154636953298,4.223045276071605,-63.2173695009,-15.143215162282651,4898520,26849.261340663623,72404.49540674721,4.114678216455837,64.3031354760958,4.549999872843425,4.748999913533529,4.1649998029073085,5.1339999834696455,3.965999762217204,5.33300002415975,3.580999692281088,-0.2130628125972713,-90.14221501065539,0.009752506083533952,0.05399411034689551,-0.04424160426336156,45.807507285239375,34.04093491154819,4.4641999244689945,4.6130999565124515,4.451099996566772,4.318599998950958,AJCON.BO,2025-07-21 02:11:32.462794
159,2024-11-19 00:00:00+05:30,4.423999786376953,4.570000171661377,4.26800012588501,4.566999912261963,24980,0.0,0.0,2024-11-19,4.623049974441528,0.1865414681187134,4.809591442560242,4.436508506322815,4.996132910678955,4.249967038204102,-107.13755925661225,-44.66179701650984,4915390,41606.0005554405,83793.3039232681,4.114417601568401,67.76255924678483,4.46833340326945,4.668666680653891,4.366666634877523,4.770333449045817,4.166333357493083,4.970666726430258,4.064666589101156,-0.19257625605569828,-70.56605522044498,0.03206379919434976,0.0650545114127359,-0.032990712218386134,49.685309297438664,33.96773187024439,4.578799915313721,4.623049974441528,4.451560001373291,4.307309999465942,AJCON.BO,2025-07-21 02:11:32.462794
160,2024-11-18 00:00:00+05:30,4.400000095367432,4.75,4.260000228881836,4.336999893188477,48590,0.0,0.0,2024-11-18,4.62684998512268,0.18611318919842437,4.812963174321105,4.440736795924256,4.999076363519529,4.254623606725832,-144.76817317438608,-44.77850778212291,4890410,76854.41899863855,94340.129765225,4.113716005866708,65.18646936531096,4.4490000406901045,4.637999852498373,4.148000081380209,4.9389998118082685,3.9590002695719404,5.127999623616537,3.658000310262045,-0.18941174501141997,-92.26417139867593,0.04015076922995586,0.07330218946733243,-0.033151420237376564,44.68489649176018,34.84140433981877,4.640599918365479,4.62684998512268,4.447220001220703,4.294190001487732,AJCON.BO,2025-07-21 02:11:32.462794
161,2024-11-14 00:00:00+05:30,4.480999946594238,5.263000011444092,4.480999946594238,4.666999816894531,205510,0.0,0.0,2024-11-14,4.629999995231628,0.1814232634784911,4.8114232587101196,4.448576731753137,4.992846522188611,4.267153468274646,11.279040695798379,95.4386939599736,4939000,349786.6872148347,98711.55745687161,4.113040681001783,70.51906018492105,4.803666591644287,5.126333236694336,4.344333171844482,5.585666656494141,4.021666526794434,5.9083333015441895,3.562333106994629,-0.1316466084897753,-61.13210144396196,0.07254771351414302,0.08159004452667656,-0.009042331012533544,51.504473246075555,35.78228238397581,4.7527998924255375,4.629999995231628,4.447480001449585,4.2837600016593935,AJCON.BO,2025-07-21 02:11:32.462794
162,2024-11-13 00:00:00+05:30,4.75,4.925000190734863,4.349999904632568,4.386000156402588,25940,0.0,0.0,2024-11-13,4.614100003242493,0.1916561392548879,4.805756142497381,4.422443863987605,4.997412281752268,4.230787724732718,-108.51783656705047,8.538010764839314,4733490,41492.64762343988,35942.775017380845,4.10586256425461,47.71642626134908,4.553666750590007,4.757333596547445,4.18233331044515,5.128667036692302,3.978666464487712,5.33233388264974,3.6073330243428554,0.040945225126899354,-87.64150480818324,0.08042641918702653,0.08385062727980995,-0.003424208092783418,44.87628989262167,35.75405832099826,4.799199962615967,4.614100003242493,4.44028000831604,4.269480004310608,AJCON.BO,2025-07-21 02:11:32.462794
163,2024-11-12 00:00:00+05:30,5.099999904632568,5.099999904632568,4.701000213623047,4.936999797821045,2500,0.0,0.0,2024-11-12,4.619949984550476,0.18603037554012866,4.805980360090604,4.433919609010347,4.992010735630733,4.247889233470219,78.1861566356647,132.93615189317356,4759430,4501.276087139119,34555.306865866085,4.105403628288517,48.656262474646,4.91266663869222,5.124333063761393,4.725333372751871,5.311666329701741,4.513666947682698,5.523332754770914,4.32633368174235,0.08162262275744737,-35.66040375513781,0.1169691768138339,0.08470667930300581,0.03226249751082809,59.778826292029564,36.637168790695554,4.841999912261963,4.619949984550476,4.444680004119873,4.258200001716614,AJCON.BO,2025-07-21 02:11:32.462794
164,2024-11-11 00:00:00+05:30,4.752999782562256,4.997000217437744,4.699999809265137,4.875999927520752,45670,0.0,0.0,2024-11-11,4.593299984931946,0.17613513920813423,4.76943512414008,4.4171648457238115,4.945570263348214,4.241029706515677,74.78590483449766,119.59119563393382,4756930,81213.31448765834,42068.81456054782,4.105272308009969,46.53808067008798,4.857666651407878,5.015333493550619,4.718333085378012,5.154667059580485,4.5606662432352705,5.3123339017232265,4.421332677205404,-0.001277025179652404,-41.41510881109645,0.10771760368400685,0.07664105492529878,0.031076548758708064,58.37871483304391,35.499055754015735,4.815199947357177,4.593299984931946,4.443720006942749,4.241190004348755,AJCON.BO,2025-07-21 02:11:32.462794
165,2024-11-08 00:00:00+05:30,5.25,5.25,4.699999809265137,4.8979997634887695,21100,0.0,0.0,2024-11-08,4.576199984550476,0.16338478926926603,4.739584773819741,4.41281519528121,4.902969563089008,4.249430406011943,136.01019179953883,152.8188866542575,4802600,37690.66051334597,32282.68957877019,4.103042508127856,63.959464465635335,4.949333190917969,5.198666572570801,4.6486663818359375,5.499333381652832,4.3993330001831055,5.748666763305664,4.098666191101074,-0.015388987202186065,-37.94361259474915,0.1002482646506353,0.06887191773562176,0.03137634691501354,59.01457440250756,34.50995705772946,4.76899995803833,4.576199984550476,4.445100011825562,4.2251000046730045,AJCON.BO,2025-07-21 02:11:32.462794
166,2024-11-07 00:00:00+05:30,4.699999809265137,5.315000057220459,4.699999809265137,4.89900016784668,16020,0.0,0.0,2024-11-07,4.55149998664856,0.14887175759108992,4.70037174423965,4.40262822905747,4.84924350183074,4.25375647146638,191.0326151331846,166.76847829983976,4823700,28622.166207480503,30930.696845126244,4.101978509487343,73.67308388413583,4.971333344777425,5.242666880289713,4.627666632334391,5.586333592732747,4.356333096822103,5.857667128245035,4.012666384379068,-0.019587427066800576,-37.85258398885789,0.08699968363908095,0.061027831006868385,0.025971852632212564,59.01457440250756,33.44477384634425,4.728600025177002,4.55149998664856,4.443900012969971,4.208490006923675,AJCON.BO,2025-07-21 02:11:32.462794
167,2024-11-06 00:00:00+05:30,4.8480000495910645,4.8480000495910645,4.599999904632568,4.599999904632568,15620,0.0,0.0,2024-11-06,4.525999975204468,0.1285010919159943,4.654501067120462,4.397498883288474,4.783002159036457,4.268997791372479,71.42854085881639,81.4334151015869,4807680,26204.228961126297,31507.829504537676,4.10116775562213,67.01547835650169,4.682666619618733,4.7653333346048985,4.517333189646402,4.9306667645772295,4.434666474660237,5.013333479563395,4.269333044687906,0.011295403883732064,-55.056186397180554,0.06862078352632572,0.054534867848815234,0.01408591567751049,52.29408674094524,32.29765346485248,4.65959997177124,4.525999975204468,4.436180009841919,4.192700004577636,AJCON.BO,2025-07-21 02:11:32.462794
168,2024-11-05 00:00:00+05:30,4.739999771118164,4.809999942779541,4.454999923706055,4.802999973297119,14850,0.0,0.0,2024-11-05,4.518649983406067,0.1282494754394106,4.6468994588454775,4.390400507966656,4.775148934284888,4.262151032527245,93.45017647787364,87.05166889502857,4823300,26011.869775463965,32833.72964039052,4.100672507522111,66.33578880366696,4.689333279927571,4.923666636149088,4.568666617075602,5.044333299001058,4.334333260854085,5.278666655222574,4.213666598002115,0.04775950720853229,-32.24719871671919,0.07349750879659211,0.0510133889294376,0.02248411986715451,58.20198780826293,32.247972609092855,4.666199970245361,4.518649983406067,4.436520013809204,4.180200004577637,AJCON.BO,2025-07-21 02:11:32.462794
169,2024-11-04 00:00:00+05:30,4.814000129699707,4.814000129699707,4.644999980926514,4.644999980926514,690,0.0,0.0,2024-11-04,4.489049983024597,0.12748189701635834,4.616531880040956,4.361568086008239,4.744013777057314,4.23408618899188,117.63342438648868,95.47949471140039,4808450,1168.873036633509,34539.19460662216,4.100008972925139,66.396020381625,4.701333363850911,4.757666746775309,4.588666598002115,4.8703335126241045,4.532333215077718,4.926666895548502,4.419666449228922,-0.0027632301285720148,-50.0,0.05863516531509738,0.045392358962648975,0.013242806352448407,54.372770301979386,32.31348171218565,4.573999977111816,4.489049983024597,4.436880016326905,4.165920004844666,AJCON.BO,2025-07-21 02:11:32.462794
170,2024-11-01 00:00:00+05:30,5.050000190734863,5.050000190734863,4.416999816894531,4.696000099182129,14270,0.0,0.0,2024-11-01,4.463899993896485,0.1436834531357399,4.6075834470322246,4.320216540760745,4.751266900167964,4.176533087625005,171.8289933832953,107.44031566936164,4809140,24439.065973079047,42881.77499911931,4.099985047759209,71.23428125424907,4.721000035603841,5.0250002543131504,4.391999880472818,5.354000409444173,4.087999661763509,5.6580006281534825,3.7589995066324864,-0.006266769760527011,-44.269651844716165,0.05427905563187707,0.04208165737453687,0.012197398257340203,55.857689117698804,31.1714136881477,4.552999973297119,4.463899993896485,4.431940011978149,4.15492000579834,AJCON.BO,2025-07-21 02:11:32.462794
171,2024-10-31 00:00:00+05:30,4.689000129699707,4.801000118255615,4.401000022888184,4.553999900817871,25760,0.0,0.0,2024-10-31,4.448749995231628,0.13353880622948697,4.582288801461115,4.315211189002141,4.715827607690602,4.181672382772654,70.21198013335093,67.59709550420891,4794870,42783.01715483347,47492.452255629374,4.099443430857221,70.38804344762903,4.585333347320557,4.76966667175293,4.369666576385498,4.985333442687988,4.185333251953125,5.169666767120361,3.9696664810180664,0.0017282946368279946,-60.22472415784697,0.04285676635118829,0.03903230781020181,0.0038244585409864806,52.4837540603869,29.941494277645297,4.542799949645996,4.448749995231628,4.424740009307861,4.143940005302429,AJCON.BO,2025-07-21 02:11:32.462794
172,2024-10-30 00:00:00+05:30,4.255000114440918,4.684999942779541,4.255000114440918,4.632999897003174,70560,0.0,0.0,2024-10-30,4.445449995994568,0.13160244286163922,4.577052438856207,4.313847553132929,4.708654881717846,4.182245110271289,24.127907544599868,49.09969986363756,4820630,119221.1744905694,48669.81103082835,4.098696539001189,70.08766680179959,4.524333318074544,4.79366652170817,4.363666693369547,4.954333146413167,4.094333489735921,5.223666350046793,3.933666865030924,0.08471689362386156,-51.34832351620656,0.04156829784813265,0.038076193174955184,0.003492104673177468,54.70227914264032,29.254415253103215,4.522799968719482,4.445449995994568,4.417200012207031,4.131720006465912,AJCON.BO,2025-07-21 02:11:32.462794
173,2024-10-29 00:00:00+05:30,4.300000190734863,4.534999847412109,4.300000190734863,4.3420000076293945,8940,0.0,0.0,2024-10-29,4.440499997138977,0.12591578853726262,4.56641578567624,4.314584208601714,4.692331574213502,4.1886684200644515,-94.83209596572607,1.0755879614053128,4750070,14156.629690050639,31031.97016589308,4.0962809138107685,56.33288608294943,4.392333348592122,4.484666506449381,4.249666849772135,4.627333005269368,4.157333691914876,4.719666163126627,4.014667193094889,-0.19774959451642948,-84.0449276868692,0.03150854236993794,0.03720316700666082,-0.005694624636722878,47.18783722134131,28.856700340409773,4.480000019073486,4.440499997138977,4.406280012130737,4.120890007019043,AJCON.BO,2025-07-21 02:11:32.462794
174,2024-10-28 00:00:00+05:30,4.5,4.644999980926514,4.3520002365112305,4.539999961853027,7190,0.0,0.0,2024-10-28,4.454299998283386,0.1296221520096318,4.583922150293018,4.3246778462737545,4.71354430230265,4.195055694264123,-5.371947493480796,35.33167379662708,4759010,11904.66757825685,35250.80528485368,4.096140079542031,59.42799702175987,4.512333393096924,4.672666549682617,4.379666805267334,4.805333137512207,4.219333648681641,4.9656662940979,4.086667060852051,-0.1683221734729265,-61.797750401025255,0.04681068480406125,0.03862682316584153,0.00818386163821972,52.79669506675179,28.911422628161407,4.524200057983398,4.454299998283386,4.40306001663208,4.111600008010864,AJCON.BO,2025-07-21 02:11:32.462794
175,2024-10-25 00:00:00+05:30,4.40500020980835,4.695000171661377,4.40500020980835,4.644999980926514,1670,0.0,0.0,2024-10-25,4.454800009727478,0.1299889036541766,4.584788913381654,4.324811106073302,4.714777817035831,4.194822202419125,64.39763630326586,50.35396737095074,4766200,2829.0115524318253,41087.33971150289,4.095935384680464,62.57919829797725,4.581666787465413,4.758333365122477,4.468333403269449,4.8716667493184405,4.291666825612386,5.048333326975504,4.178333441416422,-0.17244692152325652,-46.940948644434386,0.046192815840815804,0.036580857756286604,0.0096119580845292,56.20883598065423,28.656836263463326,4.544800090789795,4.454800009727478,4.392480020523071,4.099200007915496,AJCON.BO,2025-07-21 02:11:32.462794
176,2024-10-24 00:00:00+05:30,4.698999881744385,4.699999809265137,4.289999961853027,4.453999996185303,20900,0.0,0.0,2024-10-24,4.450450015068054,0.12463440523083014,4.575084420298884,4.325815609837225,4.699718825529715,4.201181204606394,-19.166736587470638,17.869416223126713,4764530,33949.15989190995,50651.92175127065,4.09587656555123,61.64491157537947,4.481333255767822,4.672666549682617,4.262666702270508,4.891333103179932,4.071333408355713,5.082666397094727,3.8526668548583984,-0.33621900042814895,-62.78382519422994,0.03436095421638008,0.0341778682351543,0.00018308598122578068,51.14466385112466,28.06700494877075,4.495800113677978,4.450450015068054,4.38298002243042,4.086250007152557,AJCON.BO,2025-07-21 02:11:32.462794
177,2024-10-23 00:00:00+05:30,4.559999942779541,4.849999904632568,4.327000141143799,4.419000148773193,9360,0.0,0.0,2024-10-23,4.475400018692016,0.1678399715212467,4.643239990213263,4.30756004717077,4.81107996173451,4.139720075649523,34.97540648592303,31.25543625432955,4743630,15084.551363550754,54827.61221611083,4.095395792251009,61.42092601147411,4.5320000648498535,4.736999988555908,4.214000225067139,5.054999828338623,4.009000301361084,5.259999752044678,3.691000461578369,-0.3383077175200376,-66.23889400140744,0.03750256996390533,0.03413209673984785,0.0033704732240574797,50.302020748579864,27.43180199448644,4.474800109863281,4.475400018692016,4.376700019836425,4.078060007095337,AJCON.BO,2025-07-21 02:11:32.462794
178,2024-10-22 00:00:00+05:30,5.090000152587891,5.090000152587891,4.216000080108643,4.563000202178955,47850,0.0,0.0,2024-10-22,4.501150012016296,0.19589291290006514,4.697042924916362,4.305257099116231,4.8929358378164265,4.109364186216166,119.39720456173856,55.51247205841279,4752990,79627.84517609322,64763.377429250846,4.095201116116394,56.63014408973717,4.623000144958496,5.03000020980835,4.156000137329102,5.497000217437744,3.749000072479248,5.904000282287598,3.2820000648498535,0.1905630092413565,-52.02368652075983,0.04440352403785486,0.03328947843383347,0.011114045604021384,54.3652886789332,26.54809878332088,4.491600036621094,4.501150012016296,4.37132001876831,4.068870005607605,AJCON.BO,2025-07-21 02:11:32.462794
179,2024-10-21 00:00:00+05:30,4.5,4.699999809265137,4.401000022888184,4.64300012588501,38610,0.0,0.0,2024-10-21,4.478600001335144,0.21355991002978175,4.692159911364925,4.265040091305362,4.905719821394707,4.05148018127558,111.3303530165401,42.5299581909407,4800840,65377.90960127754,61047.26049254025,4.0937579992143185,63.138565275493185,4.58133331934611,4.761666615804037,4.462666829427084,4.8803331057230634,4.282333532969157,5.06066640218099,4.163667043050131,0.1945562898783501,-38.27697952459794,0.03838423234199784,0.030510967032828126,0.007873265309169711,56.799813496486074,25.596418402065666,4.459799957275391,4.478600001335144,4.3640200138092045,4.058940002918243,AJCON.BO,2025-07-21 02:11:32.462794
180,2024-10-18 00:00:00+05:30,4.301000118255615,4.499000072479248,4.199999809265137,4.400000095367432,21600,0.0,0.0,2024-10-18,4.447749996185303,0.2323035391181926,4.680053535303496,4.21544645706711,4.9123570744216885,3.9831429179489177,-30.320634176663482,-17.38207600850359,4762230,34660.830959146944,59964.59821535592,4.092387413382992,62.938901527545625,4.3663333257039385,4.53266684214274,4.233666578928629,4.66533358891805,4.067333062489827,4.831667105356852,3.9346663157145176,0.19022986801471017,-64.77644288768897,0.02221735530061597,0.0285426507055357,-0.006325295404919728,50.642646316806456,25.554564515411244,4.43799991607666,4.447749996185303,4.356580009460449,4.047130000591278,AJCON.BO,2025-07-21 02:11:32.462794
181,2024-10-17 00:00:00+05:30,4.502999782562256,4.502999782562256,4.293000221252441,4.348999977111816,19870,0.0,0.0,2024-10-17,4.421949994564057,0.26433181738707573,4.686281811951132,4.157618177176981,4.950613629338208,3.8932863597899052,-21.231273524380498,-12.32449826569992,4740630,31515.180998996413,66290.54002940816,4.091957374923414,59.28149827855047,4.381666660308838,4.470333099365234,4.26033353805542,4.591666221618652,4.171667098999023,4.680332660675049,4.0503339767456055,0.16921599750890004,-70.3380708527119,0.02511404822587071,0.030123974556765628,-0.005009926330894917,49.243175499365954,26.141670142843285,4.438799858093262,4.421949994564057,4.3511200046539305,4.039070000648499,AJCON.BO,2025-07-21 02:11:32.462794
182,2024-10-16 00:00:00+05:30,4.699999809265137,4.748000144958496,4.400000095367432,4.502999782562256,15030,0.0,0.0,2024-10-16,4.410600006580353,0.27238001735067935,4.682980023931032,4.138219989229674,4.955360041281711,3.865839971878994,102.58939979816184,36.3674331057081,4760500,24682.744051665355,74984.37978701109,4.091626387755735,43.06385559783003,4.550333340962728,4.7006665865580235,4.352666536966959,4.898333390553792,4.202333291371663,5.048666636149088,4.004666487375895,0.17369079008264982,-58.357796685538176,0.03346491599283574,0.031376456139489355,0.0020884598533463875,53.466245070123605,26.318521391321102,4.446799850463867,4.410600006580353,4.350120000839233,4.030570001602173,AJCON.BO,2025-07-21 02:11:32.462794
183,2024-10-15 00:00:00+05:30,4.301000118255615,4.99399995803833,4.301000118255615,4.4039998054504395,48750,0.0,0.0,2024-10-15,4.3852500200271605,0.28655205928919353,4.671802079316354,4.098697960737967,4.958354138605547,3.8121459014487735,104.36136377504246,43.17618948181455,4745470,78298.6806897131,87559.78872084751,4.091225311844844,83.22072230282015,4.566333293914795,4.831666469573975,4.13866662979126,5.25933313369751,3.87333345413208,5.5246663093566895,3.445666790008545,0.17707178804632284,-79.40807926788072,0.028482865612348363,0.030854341176152756,-0.0023714755638043934,50.85729796381007,25.96904412902406,4.4367999076843265,4.3852500200271605,4.341100006103516,4.019540004730224,AJCON.BO,2025-07-21 02:11:32.462794
184,2024-10-14 00:00:00+05:30,4.607999801635742,4.607999801635742,4.301000118255615,4.533999919891357,4890,0.0,0.0,2024-10-14,4.366600036621094,0.297207579266173,4.663807615887267,4.069392457354921,4.96101519515344,3.7721848780887477,39.07226874800396,21.960346480818444,4794220,8085.798240502255,89875.06572863112,4.0902330805927525,89.83878826173327,4.480999946594238,4.660999774932861,4.354000091552734,4.787999629974365,4.174000263214111,4.967999458312988,4.047000408172607,0.19043114562250044,-71.22167315211317,0.03142277058906373,0.031447210067103853,-2.4439478040122475e-05,54.54914585861141,25.592684000396474,4.398199939727784,4.366600036621094,4.339820013046265,4.009480006694794,AJCON.BO,2025-07-21 02:11:32.462794
185,2024-10-11 00:00:00+05:30,4.304999828338623,4.675000190734863,4.269000053405762,4.4039998054504395,23060,0.0,0.0,2024-10-11,4.337650036811828,0.3080451471136863,4.645695183925515,4.029604889698142,4.953740331039201,3.7215597425844558,10.349299153218839,15.603803914572218,4789330,37037.28362471352,110322.38260066332,4.090091823951038,89.93460388865105,4.4493333498636884,4.629666646321615,4.223666508992514,4.85533348719279,4.043333212534587,5.035666783650717,3.817666371663412,0.1733134474991867,-72.5129539858956,0.021907595681145864,0.031453319936613884,-0.00954572425546802,51.263991412741206,26.325662396109077,4.319799995422363,4.337650036811828,4.334300012588501,3.9978900074958803,AJCON.BO,2025-07-21 02:11:32.462794
186,2024-10-10 00:00:00+05:30,4.449999809265137,4.499000072479248,4.199999809265137,4.388999938964844,28890,0.0,0.0,2024-10-10,4.320550036430359,0.3136103014840917,4.634160337914451,4.006939734946267,4.947770639398542,3.693329433462176,-49.51329628376841,-5.882378708001367,4766270,46242.96260897737,128643.65734465075,4.089619913892334,89.90953361857487,4.362666606903076,4.525333404541016,4.226333141326904,4.6616668701171875,4.063666343688965,4.824333667755127,3.927332878112793,0.17219655411926676,-72.33560470738848,0.022196396718505262,0.03383975100048089,-0.011643354281975625,51.01107113449913,27.115023745338036,4.317600059509277,4.320550036430359,4.334780015945435,3.9871500086784364,AJCON.BO,2025-07-21 02:11:32.462794
187,2024-10-09 00:00:00+05:30,4.505000114440918,4.505000114440918,4.400000095367432,4.453000068664551,9980,0.0,0.0,2024-10-09,4.300750041007996,0.32146374303078484,4.622213784038781,3.979286297977211,4.943677527069566,3.657822554946426,-28.78565105180452,18.95360514947635,4795160,16207.490523687866,149243.83102856908,4.089054994268007,88.09698015238727,4.452666759490967,4.505333423614502,4.400333404541016,4.557666778564453,4.3476667404174805,4.610333442687988,4.295333385467529,0.16237357627260354,-63.28981291548951,0.023707100098730116,0.036750589570974795,-0.01304348947224468,52.529892766465856,28.55832063888969,4.33740005493164,4.300750041007996,4.330860013961792,3.977150008678436,AJCON.BO,2025-07-21 02:11:32.462794
188,2024-10-08 00:00:00+05:30,4.201000213623047,4.449999809265137,4.142000198364258,4.210999965667725,13760,0.0,0.0,2024-10-08,4.282550048828125,0.3226920434250218,4.605242092253147,3.9598580054031034,4.927934135678169,3.6371659619780816,-102.5641120554606,-29.178629738667645,4785180,21131.78605072246,182502.9161547894,4.088817602380615,88.07197211295465,4.267666657765706,4.393333117167154,4.0853335062662754,4.575666268666585,3.959667046864827,4.701332728068033,3.7773338953653965,0.1306244608349583,-75.92689426366132,0.018979016651488934,0.040011461939035965,-0.02103244528754703,46.62739182392443,29.21784864668792,4.353600025177002,4.282550048828125,4.327960014343262,3.9663700079917907,AJCON.BO,2025-07-21 02:11:32.462794
189,2024-10-07 00:00:00+05:30,4.293000221252441,4.389999866485596,4.077000141143799,4.142000198364258,3800,0.0,0.0,2024-10-07,4.291350054740906,0.3230377634968865,4.614387818237792,3.968312291244019,4.937425581734678,3.645274527747133,-109.07065950098428,-46.19693298618787,4771420,5740.1897018828795,222845.69868080612,4.088707621500756,87.37438537853858,4.203000068664551,4.328999996185303,4.016000270843506,4.515999794006348,3.890000343322754,4.6419997215271,3.703000545501709,0.13452213105971028,-79.53001534344975,0.036471419705065955,0.04526957326092272,-0.008798153555856766,44.76738927612493,30.10160205893845,4.435000038146972,4.291350054740906,4.3279800128936765,3.9574400091171267,AJCON.BO,2025-07-21 02:11:32.462794
190,2024-10-04 00:00:00+05:30,4.289999961853027,4.485000133514404,4.284999847412109,4.39300012588501,22490,0.0,0.0,2024-10-04,4.301750040054321,0.3213201197411228,4.623070159795444,3.980429920313198,4.944390279536567,3.6591098005720752,-38.83773345484548,1.8453299618495398,4775220,36031.57152444068,277122.0759255369,4.088694370504727,87.49080422361412,4.387666702270508,4.490333557128906,4.290333271026611,4.587666988372803,4.187666416168213,4.690333843231201,4.090332984924316,0.13685437710757326,-66.42296925881826,0.06510983070195486,0.04746911164988691,0.017640719052067953,50.6173325238278,31.23934582024976,4.516600036621094,4.301750040054321,4.331580009460449,3.9510000061988833,AJCON.BO,2025-07-21 02:11:32.462794
191,2024-10-03 00:00:00+05:30,4.434000015258789,4.5,4.302999973297119,4.48799991607666,35950,0.0,0.0,2024-10-03,4.2996000289917,0.32082088690164995,4.62042091589335,3.97877914209005,4.941241802794999,3.6579582551883996,-11.211958414026,14.132497078133023,4797710,58841.57218178728,337394.70202581096,4.088245896366424,85.8062382773739,4.430333296457927,4.557666619618734,4.3606665929158535,4.627333323160808,4.233333269755046,4.754666646321615,4.163666566212973,0.13275574135727125,-61.46214460690938,0.07606947266635267,0.04305893188686992,0.03301054077948275,52.929423205820264,31.53766651612497,4.5496000289917,4.2996000289917,4.33068000793457,3.940280005931854,AJCON.BO,2025-07-21 02:11:32.462794
192,2024-10-01 00:00:00+05:30,4.500999927520752,4.798999786376953,4.5,4.533999919891357,105340,0.0,0.0,2024-10-01,4.29055004119873,0.31776497330096826,4.6083150144996985,3.972785067897762,4.926079987800667,3.655020094596794,34.066184712094355,63.26350378304608,4833660,174183.63735266,407032.9844868168,4.087301935847427,86.93566649801089,4.6109999020894366,4.721999804178873,4.42300001780192,4.90999968846639,4.312000115712483,5.020999590555826,4.124000231424967,0.11586382411266477,-59.0600555870127,0.07959252777361847,0.03480629669199923,0.04478623108161924,54.20674930020688,31.77596715205196,4.642600059509277,4.29055004119873,4.3256800079345705,3.9299100065231323,AJCON.BO,2025-07-21 02:11:32.462794
193,2024-09-30 00:00:00+05:30,4.791999816894531,4.791999816894531,4.401000022888184,4.618000030517578,36360,0.0,0.0,2024-09-30,4.294150042533874,0.32105898671580874,4.615209029249683,3.9730910558180654,4.936268015965492,3.652032069102257,41.726787802048335,65.25978450575154,4939000,61236.4970103772,465245.32127035595,4.08418961175948,85.72915046450603,4.603666623433431,4.806333223978678,4.41533342997233,4.994666417439778,4.212666829427083,5.1973330179850254,4.0243336359659825,0.1383967500287086,-54.673626746307185,0.07836685510687325,0.023609738921594417,0.05475711618527883,56.222563817179065,31.102214386174804,4.722600078582763,4.294150042533874,4.316400012969971,3.9198100066184995,AJCON.BO,2025-07-21 02:11:32.462794
194,2024-09-27 00:00:00+05:30,4.415999889373779,4.730000019073486,4.415999889373779,4.550000190734863,44350,0.0,0.0,2024-09-27,4.307700037956238,0.34057181970115946,4.648271857657397,3.967128218255078,4.988843677358557,3.6265563985539186,44.87372354257552,57.34177443785608,4902640,73593.18048111859,566247.5273353506,4.082902743375469,82.66928406826503,4.565333366394043,4.714666843414307,4.4006667137146,4.87933349609375,4.251333236694336,5.028666973114014,4.086666584014893,0.13126990855576437,-58.224532288723786,0.06733750791721871,0.009920459875274706,0.057417048041944,54.858623483947056,30.390891307074355,4.62140007019043,4.307700037956238,4.306840009689331,3.9089200067520142,AJCON.BO,2025-07-21 02:11:32.462794
195,2024-09-26 00:00:00+05:30,5.099999904632568,5.099999904632568,4.519999980926514,4.558000087738037,166740,0.0,0.0,2024-09-26,4.3274500370025635,0.36587565980046355,4.6933256968030275,3.9615743772021,5.059201356603491,3.5956987174016364,89.18756491753362,104.7314272192221,4946990,277170.2793879581,689411.1140489086,4.08152520647858,83.87383022457367,4.72599999109904,4.932000001271566,4.352000077565512,5.305999914805095,4.146000067392985,5.511999924977621,3.772000153859457,0.12758552539482854,-57.80678308963593,0.05889328993456022,-0.004433802135211296,0.06332709206977152,55.08629352036645,29.745566125777348,4.516600036621094,4.3274500370025635,4.30238000869751,3.896980004310608,AJCON.BO,2025-07-21 02:11:32.462794
196,2024-09-25 00:00:00+05:30,5.598999977111816,5.664999961853027,4.599999904632568,4.953000068664551,1141970,0.0,0.0,2024-09-25,4.341450023651123,0.38023695752431874,4.721686981175441,3.9612130661268043,5.101923938699761,3.5809761086024854,209.80068344043744,212.444661360197,5113730,2062792.5878744593,792471.3227141462,4.076182957113438,88.37145529973941,5.072666645050049,5.545333385467529,4.48033332824707,6.137666702270508,4.00766658782959,6.610333442687988,3.4153332710266113,0.18545102330550314,-37.18015182097018,0.04640194084380589,-0.020265575152654175,0.06666751599646006,64.8298078712364,28.594454302106755,4.381800031661987,4.341450023651123,4.295460004806518,3.8883300042152404,AJCON.BO,2025-07-21 02:11:32.462794
197,2024-09-24 00:00:00+05:30,4.769000053405762,4.934000015258789,4.28000020980835,4.934000015258789,1191640,0.0,0.0,2024-09-24,4.3194500207901,0.35487423062839457,4.674324251418494,3.9645757901617054,5.02919848204689,3.609701559533311,328.5301045865781,125.61661283052415,3971760,2144256.585460015,474891.00642406783,4.003252809542938,78.96812545231518,4.716000080108643,5.1519999504089355,4.498000144958496,5.369999885559082,4.062000274658203,5.805999755859375,3.8440003395080566,0.5004003957433201,-0.0,-0.009195344232480807,-0.03693245415176919,0.027737109919288384,64.53106265502299,27.004360007367076,4.215600061416626,4.3194500207901,4.280900001525879,3.8756400036811827,AJCON.BO,2025-07-21 02:11:32.462794
198,2024-09-23 00:00:00+05:30,3.9260001182556152,4.296999931335449,3.9260001182556152,4.111999988555908,37010,0.0,0.0,2024-09-23,4.303600025177002,0.332345617520682,4.635945642697684,3.9712544076563203,4.968291260218366,3.638908790135638,62.56295173339987,-70.99206448454072,2780120,55501.50031363085,57549.61166508097,3.9147919164905627,20.781908070061746,4.111666679382324,4.297333240509033,3.926333427429199,4.482666492462158,3.7406668663024902,4.668333053588867,3.5553336143493652,-0.4056262489427242,-57.41176127397439,-0.07836617601393936,-0.043866731631591285,-0.034499444382348074,47.5785301234009,26.714337131049785,4.028000068664551,4.303600025177002,4.269940004348755,3.8603100037574767,AJCON.BO,2025-07-21 02:11:32.462794
199,2024-09-20 00:00:00+05:30,3.9019999504089355,4.079999923706055,3.9010000228881836,4.026000022888184,17060,0.0,0.0,2024-09-20,4.339050030708313,0.34826462903665734,4.68731465974497,3.9907854016716553,5.035579288781627,3.642520772634998,-56.14918560427341,-112.19805447430463,2743110,25048.708173061623,58061.63950294349,3.9142080653351554,14.139365077928176,4.002333323160808,4.103666623433432,3.9246667226155605,4.181333223978679,3.8233334223429365,4.282666524251303,3.7456668217976894,-0.32984493937375925,-74.60901103875936,-0.08478388716470686,-0.03524187053600426,-0.0495420166287026,44.894253475558,28.629294491136694,4.011800098419189,4.339050030708313,4.276600008010864,3.8539300036430357,AJCON.BO,2025-07-21 02:11:32.462794
200,2024-09-19 00:00:00+05:30,3.75,4.197000026702881,3.75,3.884000062942505,103850,0.0,0.0,2024-09-19,4.357650017738342,0.34051295347268506,4.698162971211027,4.017137064265657,5.038675924683712,3.6766241107929716,-97.97140230158676,-139.66191072379064,2726050,147101.89328430017,66314.87233541395,3.9140552942912987,10.461173464803267,3.943666696548462,4.137333393096924,3.690333366394043,4.390666723251343,3.496666669845581,4.584333419799805,3.243333339691162,-0.3430090423792281,-90.6879742276001,-0.08324620425917484,-0.022856366378828617,-0.06038983788034622,40.492884028011346,29.819928689816532,3.9976000785827637,4.357650017738342,4.281280012130737,3.8487200045585634,AJCON.BO,2025-07-21 02:11:32.462794
201,2024-09-18 00:00:00+05:30,4.000999927520752,4.168000221252441,4.0,4.122000217437744,3650,0.0,0.0,2024-09-18,4.380250012874603,0.321913817139775,4.702163830014378,4.058336195734828,5.024077647154153,3.7364223785950528,-28.27597438347514,-91.4460895953369,2829900,5486.980389681328,46118.11709819239,3.9143074134977263,21.881442625599945,4.0966668128967285,4.193333625793457,4.025333404541016,4.26466703414917,3.928666591644287,4.361333847045898,3.857333183288574,-0.3106924241582929,-80.37734309959718,-0.06603135351033274,-0.007758906908742058,-0.05827244660159068,46.391153780222055,31.102150134548666,4.033200025558472,4.380250012874603,4.274600009918213,3.844880003929138,AJCON.BO,2025-07-21 02:11:32.462794
202,2024-09-17 00:00:00+05:30,3.809999942779541,4.111000061035156,3.809999942779541,3.996000051498413,26070,0.0,0.0,2024-09-17,4.383000004291534,0.319819681997849,4.702819686289383,4.063180322293685,5.022639368287233,3.7433606402958364,-92.487209436978,-140.33145772872507,2826250,37992.603001256786,56275.90127532015,3.914246161292158,25.786970448435824,3.9723333517710366,4.134666760762532,3.833666642506917,4.273333470026651,3.6713332335154214,4.4356668790181475,3.532666524251302,-0.33769556763268554,-88.30188107742396,-0.0664300620320244,0.006809204741655613,-0.07323926677368,42.153026553435126,33.31364939414676,4.007399988174439,4.383000004291534,4.264220004081726,3.8386600017547607,AJCON.BO,2025-07-21 02:11:32.462794
203,2024-09-16 00:00:00+05:30,3.9549999237060547,4.190000057220459,3.9549999237060547,4.031000137329102,4760,0.0,0.0,2024-09-16,4.387549996376038,0.31462935626264354,4.702179352638681,4.072920640113394,5.0168087089013245,3.7582912838507507,-75.74290678984718,-108.66825619943755,2852320,6997.651324927297,60846.725843835986,3.914073588369303,26.48180319169103,4.058666706085205,4.1623334884643555,3.927333354949951,4.293666839599609,3.823666572570801,4.39733362197876,3.692333221435547,-0.36152524219715176,-88.26562563889564,-0.05352490641755736,0.025119021435075613,-0.07864392785263297,43.127164337898265,35.76217807152371,4.026000022888184,4.387549996376038,4.256080002784729,3.8335500001907348,AJCON.BO,2025-07-21 02:11:32.462794
204,2024-09-13 00:00:00+05:30,4.0,4.179999828338623,3.8489999771118164,3.9549999237060547,93910,0.0,0.0,2024-09-13,4.395050001144409,0.3073872070482731,4.702437208192682,4.087662794096136,5.0098244152409555,3.7802755870478633,-110.14623587382451,-135.94069769036858,2847560,135453.6939766357,74308.99447356316,3.91402850558842,32.24363270462591,3.994666576385498,4.14033317565918,3.809333324432373,4.325666427612305,3.6636667251586914,4.471333026885986,3.4783334732055664,-0.35189744311052557,-93.16570351306906,-0.03963839129724711,0.044780003398233854,-0.08441839469548096,40.57685677073823,37.852144650831754,4.097200012207031,4.395050001144409,4.246040000915527,3.829489998817444,AJCON.BO,2025-07-21 02:11:32.462794
205,2024-09-12 00:00:00+05:30,4.0929999351501465,4.289999961853027,3.9000000953674316,4.061999797821045,44430,0.0,0.0,2024-09-12,4.3978500127792355,0.30339694490459823,4.701246957683834,4.094453067874637,5.004643902588432,3.791056122970039,-91.34135339365102,-106.99101588035374,2941470,65818.6156958718,59022.81959779502,3.913714454955448,50.216460617580246,4.083999951680501,4.26799980799357,3.8779999415079747,4.473999818166097,3.6940000851949053,4.657999674479166,3.488000075022379,-0.35782981313005,-89.20001983642578,-0.013773992698561166,0.06588460207210409,-0.07965859477066525,43.04113299377129,40.14923311369845,4.176200008392334,4.3978500127792355,4.232940001487732,3.825439999103546,AJCON.BO,2025-07-21 02:11:32.462794
206,2024-09-11 00:00:00+05:30,4.089000225067139,4.179999828338623,3.9679999351501465,3.993000030517578,30030,0.0,0.0,2024-09-11,4.403250026702881,0.29801814153829176,4.701268168241173,4.105231885164589,4.999286309779464,3.8072137436262974,-113.62688421503431,-127.99582438343768,2897040,43730.775496831426,57323.870573275824,3.9131747465392928,46.43415920567035,4.046999931335449,4.125999927520752,3.9140000343322754,4.258999824523926,3.8350000381469727,4.3379998207092285,3.702000141143799,-0.3628725386125149,-98.25418347972543,0.009011105673257802,0.08579925076477041,-0.0767881450915126,40.92099145693062,42.355318180756186,4.233800029754638,4.403250026702881,4.216620006561279,3.821380000114441,AJCON.BO,2025-07-21 02:11:32.462794
207,2024-09-10 00:00:00+05:30,4.570000171661377,4.570000171661377,4.019999980926514,4.089000225067139,114450,0.0,0.0,2024-09-10,4.410600018501282,0.2890453052203393,4.699645323721621,4.1215547132809425,4.988690628941961,3.8325094080606035,-96.94457132236113,-58.56911596927463,2927070,170673.2524362256,60722.14434238692,3.9129778898628236,51.71602449978148,4.226333459218343,4.432666937510172,3.8826667467753087,4.776333649953206,3.6763332684834795,4.982667128245035,3.3326665560404454,-0.3431299514837602,-94.9999827232928,0.044841835888681736,0.10499628703764856,-0.06015445114896682,43.0464782752482,45.2009662489931,4.29660005569458,4.410600018501282,4.201680006980896,3.8158299994468687,AJCON.BO,2025-07-21 02:11:32.462794
208,2024-09-09 00:00:00+05:30,4.218999862670898,4.394000053405762,4.218999862670898,4.38700008392334,4040,0.0,0.0,2024-09-09,4.413650012016296,0.28577654359565574,4.699426555611952,4.12787346842064,4.985203099207608,3.8420969248249843,-92.87814484867232,-16.486140545092226,3041520,6463.705205437333,33234.367318927245,3.9113078030444384,70.04321099912698,4.333333333333333,4.447666803995768,4.272666613260904,4.508333524068196,4.15833314259847,4.622666994730631,4.097666422526041,-0.2629735034129528,-74.21244156999217,0.08058204199084074,0.12003489982489025,-0.03945285783404952,50.32871283078791,48.01237747485439,4.4,4.413650012016296,4.186100001335144,3.810459997653961,AJCON.BO,2025-07-21 02:11:32.462794
209,2024-09-06 00:00:00+05:30,4.349999904632568,4.400000095367432,4.2210001945495605,4.349999904632568,15720,0.0,0.0,2024-09-06,4.404200005531311,0.28980075740224753,4.694000762933558,4.114399248129064,4.983801520335806,3.8245984907268156,-126.67460719747386,-22.555085141433732,3037480,24938.729369881105,39927.03284729972,3.9111484323668715,68.91226050729006,4.3236667315165205,4.42633326848348,4.247333367665609,4.502666632334392,4.144666830698649,4.6053331693013515,4.068333466847738,-0.30133306967298534,-75.6484281035726,0.09577092518896713,0.12989811428340262,-0.03412718909443549,49.2660892972122,49.996625440108,4.500399971008301,4.404200005531311,4.163059997558594,3.803589997291565,AJCON.BO,2025-07-21 02:11:32.462794
210,2024-09-05 00:00:00+05:30,4.478000164031982,4.482999801635742,4.349999904632568,4.349999904632568,12770,0.0,0.0,2024-09-05,4.400250005722046,0.29111380174691603,4.691363807468962,4.10913620397513,4.982477609215878,3.8180224022282134,-105.29357212881042,7.657652999531183,3053200,20258.75153011334,43674.10871665437,3.9105755867706953,73.18884979595595,4.394333203633626,4.438666502634684,4.30566660563151,4.5273331006368,4.261333306630452,4.5716663996378575,4.172666708628336,-0.3308499231491671,-75.00000851494868,0.11741018080173493,0.13842991155701148,-0.02101973075527655,49.2660892972122,52.12253994108458,4.6194000244140625,4.400250005722046,4.141160001754761,3.7970899987220763,AJCON.BO,2025-07-21 02:11:32.462794
211,2024-09-04 00:00:00+05:30,4.599999904632568,4.599999904632568,4.300000190734863,4.307000160217285,25400,0.0,0.0,2024-09-04,4.3891000032424925,0.29734365966042764,4.68644366290292,4.091756343582065,4.983787322563348,3.794412683921637,-91.61699427588914,16.890439768294893,3040430,39897.08240709196,49527.94801328963,3.910109138787076,74.12205611889564,4.402333418528239,4.504666646321615,4.20466693242391,4.702333132425944,4.102333704630534,4.80466636021932,3.904667218526205,-0.31985881952019013,-78.07141862110284,0.14333604320290405,0.1436848442458306,-0.0003488010429265609,48.312659243139336,53.70504215857093,4.7170000076293945,4.3891000032424925,4.120040001869202,3.7903900003433226,AJCON.BO,2025-07-21 02:11:32.462794
212,2024-09-03 00:00:00+05:30,4.836999893188477,4.836999893188477,4.598999977111816,4.605999946594238,21690,0.0,0.0,2024-09-03,4.388699984550476,0.2974652789486746,4.68616526349915,4.091234705601801,4.983630542447825,3.7937694266531263,12.903484361086521,114.71722603472301,3065830,36434.76844965846,51935.66441483904,3.909269386593212,77.25662030641428,4.680666605631511,4.762333234151205,4.524333318074545,4.918666521708171,4.442666689554851,5.000333150227865,4.286333401997885,-0.2817874565019847,-54.758629149120296,0.17859206848162046,0.14377204450656225,0.034820023975058206,55.587899522812336,55.40927531586393,4.758199977874756,4.388699984550476,4.098680000305176,3.7832999992370606,AJCON.BO,2025-07-21 02:11:32.462794
213,2024-09-02 00:00:00+05:30,5.189000129699707,5.189000129699707,4.804999828338623,4.888999938964844,33330,0.0,0.0,2024-09-02,4.360999989509582,0.301926100419954,4.662926089929536,4.059073889089628,4.96485219034949,3.7571477886696742,95.49501390337961,211.69840593725164,3087520,59427.55720089294,55810.88840613418,3.9080082679286936,81.60110958929512,4.960999965667725,5.117000102996826,4.732999801635742,5.345000267028809,4.576999664306641,5.50100040435791,4.348999500274658,-0.2698866342806116,-35.2413889378058,0.19157757539252618,0.1350670385127977,0.056510536879728485,63.9314974774157,55.45734920953433,4.760400009155274,4.360999989509582,4.071719999313355,3.774079999923706,AJCON.BO,2025-07-21 02:11:32.462794
214,2024-08-30 00:00:00+05:30,5.349999904632568,5.400000095367432,4.767000198364258,4.945000171661377,41930,0.0,0.0,2024-08-30,4.333550000190735,0.275166460666141,4.6087164608568765,4.058383539524594,4.883882921523017,3.783217078858453,133.58794186366373,245.66223735947054,3120850,75617.74230830563,54906.72120744448,3.9052721058838276,90.94186402675791,5.0373334884643555,5.307666778564453,4.674666881561279,5.670333385467529,4.404333591461182,5.940666675567627,4.0416669845581055,-0.2562736232534376,-31.37930405125769,0.17742905733449543,0.12093940429286557,0.05648965304162987,65.89967801724883,53.99239735767625,4.74680004119873,4.333550000190735,4.038660001754761,3.759300000667572,AJCON.BO,2025-07-21 02:11:32.462794
215,2024-08-29 00:00:00+05:30,4.900000095367432,4.980000019073486,4.511000156402588,4.8379998207092285,25510,0.0,0.0,2024-08-29,4.2991999864578245,0.23472863138731087,4.5339286178451355,4.064471355070514,4.768657249232446,3.8297427236832027,102.65278958140499,166.24559087629757,3078920,45009.98205339428,49728.96593222919,3.9016109993338417,84.09685820751365,4.776333332061768,5.041666507720947,4.572666645050049,5.245333194732666,4.307333469390869,5.510666370391846,4.10366678237915,-0.2726714225073703,-22.782618827316305,0.15111117330774437,0.10681699103245809,0.04429418227528628,64.01366618984508,52.414756901829094,4.637399959564209,4.2991999864578245,4.005099997520447,3.7440699982643126,AJCON.BO,2025-07-21 02:11:32.462794
216,2024-08-28 00:00:00+05:30,4.900000095367432,4.900000095367432,4.505000114440918,4.513000011444092,10230,0.0,0.0,2024-08-28,4.278699994087219,0.200621699375087,4.479321693462306,4.078078294712133,4.6799433928373935,3.877456595337045,93.93563798069736,125.26556471742853,3053410,16837.340766914804,50908.71190193792,3.8996006765234386,87.23257673016421,4.639333407084147,4.773666699727377,4.378666718800863,5.034333388010661,4.244333426157634,5.168666680653891,3.9836667378743496,-0.28914263856940314,-51.04347532232641,0.12566465675654293,0.09574344546363651,0.02992121129290641,57.692864524975455,51.28175033072114,4.536999988555908,4.278699994087219,3.9730800008773803,3.7301699995994566,AJCON.BO,2025-07-21 02:11:32.462794
217,2024-08-27 00:00:00+05:30,5.0,5.0,4.519999980926514,4.617000102996826,41670,0.0,0.0,2024-08-27,4.262699985504151,0.1935894015917016,4.456289387095852,4.069110583912449,4.649878788687554,3.8755211823207474,156.70325383081757,141.6738544652641,3063640,70164.25494718531,59426.5546856937,3.8990721191690203,88.77728840343956,4.71233336130778,4.904666741689047,4.4246667226155605,5.192333380381267,4.232333342234294,5.384666760762533,3.944666703542074,-0.3379938297875022,-41.9999879754093,0.12318895152760856,0.0882631426404099,0.034925808887198664,60.79129151754556,50.19752157844545,4.469799995422363,4.262699985504151,3.9492199993133545,3.7170499992370605,AJCON.BO,2025-07-21 02:11:32.462794
218,2024-08-26 00:00:00+05:30,4.199999809265137,5.099999904632568,4.199999809265137,4.821000099182129,92870,0.0,0.0,2024-08-26,4.247249984741211,0.17529069799975894,4.42254068274097,4.0719592867414525,4.597831380740729,3.8966685887416936,255.30963671192399,137.4822451708058,3105310,163284.55958907833,56742.12962032079,3.896543376793557,87.87419987699343,4.706999937693278,5.21400006612142,4.313999970753988,5.60700003306071,3.8069998423258467,6.1140001614888515,3.4139998753865566,-0.31177549531940796,-24.260855665727988,0.10791036609631632,0.07953169041861023,0.02837867567770609,67.52628766263874,48.90964232740437,4.363799953460694,4.247249984741211,3.9238799953460695,3.705259997844696,AJCON.BO,2025-07-21 02:11:32.462794
219,2024-08-23 00:00:00+05:30,4.499000072479248,4.499000072479248,4.211999893188477,4.3979997634887695,4020,0.0,0.0,2024-08-23,4.216799974441528,0.11176080187711726,4.328560776318645,4.105039172564411,4.440321578195763,3.993278370687294,151.48967746926164,62.01362356204345,3012440,6447.833109087711,30106.522128131393,3.889228871726207,80.00843059462292,4.369666576385498,4.5273332595825195,4.240333080291748,4.6566667556762695,4.082666397094727,4.814333438873291,3.9533329010009766,-0.47273488211068987,-47.294159951912384,0.06662323260775516,0.0724370214991837,-0.005813788891428542,58.5774291363952,47.522695441667814,4.235799980163574,4.216799974441528,3.8949599933624266,3.69242999792099,AJCON.BO,2025-07-21 02:11:32.462794
220,2024-08-22 00:00:00+05:30,4.5,4.5,4.034999847412109,4.335999965667725,24660,0.0,0.0,2024-08-22,4.212999987602234,0.10644097680814267,4.319440964410377,4.106559010794091,4.425881941218519,4.000118033985949,69.67380349073207,46.981735294595055,3008420,38995.53433149153,36021.19438289231,3.889054562654003,80.5064009012281,4.290333271026611,4.545666694641113,4.080666542053223,4.755333423614502,3.8253331184387207,5.010666847229004,3.615666389465332,-0.44468674253787294,-54.58825258564905,0.054412871541326346,0.07389046872204083,-0.019477597180714484,57.00575199435651,47.26224431597515,4.158400058746338,4.212999987602234,3.8778999996185304,3.684060001373291,AJCON.BO,2025-07-21 02:11:32.462794
221,2024-08-21 00:00:00+05:30,4.385000228881836,4.385000228881836,4.139999866485596,4.177000045776367,42300,0.0,0.0,2024-08-21,4.213599991798401,0.10720191754120824,4.320801909339609,4.106398074257193,4.4280038268808175,3.9991961567159846,15.154937089723713,37.961525892779,2983760,64437.306819657984,35277.609395742504,3.8881132520876185,71.49623228080569,4.234000047047933,4.32800022761027,4.082999865214029,4.479000409444173,3.9889996846516924,4.57300059000651,3.837999502817789,-0.47134205180558825,-73.29412236593095,0.04406151251378354,0.07875986801721946,-0.03469835550343592,52.54744537077208,46.98175848830613,4.125200080871582,4.213599991798401,3.863140001296997,3.676190001964569,AJCON.BO,2025-07-21 02:11:32.462794
222,2024-08-20 00:00:00+05:30,4.39900016784668,4.39900016784668,4.01200008392334,4.086999893188477,5340,0.0,0.0,2024-08-20,4.216649985313415,0.10697331748295293,4.323623302796368,4.109676667830462,4.430596620279321,4.00270335034751,-62.47414233096661,27.85292905768304,2941460,7959.364919707197,27987.685039763626,3.8870658215362788,70.8136756987159,4.166000048319499,4.320000012715658,3.9329999287923183,4.553000132242839,3.778999964396159,4.707000096638998,3.5459998448689785,-0.4101399452201657,-83.8823738296104,0.04580012052821836,0.08743445689307844,-0.04163433636486008,49.83012768135873,47.00809315570977,4.117800045013428,4.216649985313415,3.8462400007247926,3.66853000164032,AJCON.BO,2025-07-21 02:11:32.462794
223,2024-08-19 00:00:00+05:30,4.0,4.400000095367432,4.0,4.181000232696533,25800,0.0,0.0,2024-08-19,4.215799999237061,0.10811910935397442,4.323919108591035,4.1076808898830866,4.43203821794501,3.999561780529112,-32.76112844310024,34.694974236261686,2946800,39339.8256570727,32994.76506977773,3.886974266112179,76.23126556390287,4.193666776021321,4.387333552042643,3.987333456675211,4.593666871388753,3.7936666806538897,4.787333647410074,3.5873333613077794,-0.3590378111102072,-72.82351221923061,0.05619577580871571,0.09784304098429344,-0.041647265175577736,52.628579152396796,47.036453566759846,4.130400085449219,4.215799999237061,3.8355000019073486,3.663360002040863,AJCON.BO,2025-07-21 02:11:32.462794
224,2024-08-16 00:00:00+05:30,4.198999881744385,4.239999771118164,4.0,4.011000156402588,7940,0.0,0.0,2024-08-16,4.213749980926513,0.10919699225056526,4.322946973177078,4.104552988675948,4.4321439654276436,3.9953559964253826,-147.71106552411683,19.211358395845707,2921000,11614.638966289422,31408.499922953975,3.886322302544222,75.72501464791318,4.083666642506917,4.167333285013834,3.92733351389567,4.323666413625081,3.843666871388753,4.407333056131998,3.687333742777506,-0.36565441464714044,-92.8235178290786,0.05939630442373023,0.10825485727818787,-0.04885855285445764,47.45251773448009,47.0669955478907,4.133800029754639,4.213749980926513,3.8201399993896485,3.657249999046326,AJCON.BO,2025-07-21 02:11:32.462794
225,2024-08-14 00:00:00+05:30,3.950000047683716,4.300000190734863,3.950000047683716,4.170000076293945,8800,0.0,0.0,2024-08-14,4.229549980163574,0.10085972205879322,4.330409702222367,4.128690258104781,4.43126942428116,4.027830536045988,-126.7763590203982,29.979614421785893,2928940,13382.93190845631,36356.96516212011,3.8862371643922207,68.42164326989399,4.140000104904175,4.330000162124634,3.9800000190734863,4.490000247955322,3.7899999618530273,4.680000305175781,3.629999876022339,-0.31596531616302065,-74.1176480487967,0.07933643865790607,0.12046949549180228,-0.0411330568338962,52.46227275047328,47.54017252098922,4.185799980163575,4.229549980163574,3.8059199953079226,3.653639998435974,AJCON.BO,2025-07-21 02:11:32.462794
226,2024-08-13 00:00:00+05:30,4.439000129699707,4.439000129699707,4.139999866485596,4.139999866485596,1560,0.0,0.0,2024-08-13,4.2316499710083,0.0999880525528072,4.331638023561108,4.131661918455493,4.431626076113915,4.031673865902686,-61.169653053485256,46.77830927231953,2920140,2355.3608858945413,42100.47347553606,3.8860222420753363,65.55721656555309,4.2396666208903,4.339333375295004,4.0403331120808925,4.538666884104411,3.9406663576761884,4.638333638509115,3.741332848866781,-0.37330446050313376,-84.18367222814214,0.08800470267057392,0.1307527597002763,-0.042748057029702385,51.57211010932986,48.049747722787636,4.177199935913086,4.2316499710083,3.7895199918746947,3.646839997768402,AJCON.BO,2025-07-21 02:11:32.462794
227,2024-08-12 00:00:00+05:30,4.598999977111816,4.598999977111816,4.110000133514404,4.150000095367432,18740,0.0,0.0,2024-08-12,4.235899972915649,0.09766695120941012,4.333566924125059,4.138233021706239,4.4312338753344696,4.040566070496829,-31.082473131633588,55.725264190884985,2921700,28362.87340113046,52036.75162294644,3.885988136798462,66.84457836790239,4.286333401997884,4.462666670481363,3.9736668268839512,4.775333245595296,3.7973335584004717,4.9516665140787754,3.484666983286539,-0.3708543407405289,-82.90813347541128,0.10072386888503093,0.1414397739577019,-0.04071590507267098,51.87276230959428,47.26111547672781,4.208999919891357,4.235899972915649,3.779419994354248,3.641029999256134,AJCON.BO,2025-07-21 02:11:32.462794
228,2024-08-09 00:00:00+05:30,4.360000133514404,4.360000133514404,4.190000057220459,4.197999954223633,21300,0.0,0.0,2024-08-09,4.247699975967407,0.10094404611932471,4.348644022086732,4.146755929848083,4.449588068206056,4.045811883728758,-71.48358008587499,53.019344690787115,2940440,32610.282883372623,57955.22117840043,3.8855615613539967,67.12691542201212,4.249333381652832,4.308666706085205,4.13866662979126,4.419333457946777,4.079333305358887,4.47866678237915,3.9686665534973145,-0.3861551889248456,-75.25001162290296,0.11449726568055585,0.15161875022586965,-0.037121484545313804,53.31584460901064,46.41181921174031,4.189399909973145,4.247699975967407,3.7664199924468993,3.635679998397827,AJCON.BO,2025-07-21 02:11:32.462794
229,2024-08-08 00:00:00+05:30,4.210000038146973,4.800000190734863,4.015999794006348,4.270999908447266,111370,0.0,0.0,2024-08-08,4.260049986839294,0.10930669748361056,4.369356684322905,4.150743289355684,4.478663381806515,4.041436591872073,35.372873957240664,71.57479086052194,2961740,173472.37123875573,64291.45575215737,3.884986724022984,65.83539528939136,4.362333297729492,4.708666801452637,3.924666404724121,5.146333694458008,3.5783329010009766,5.492667198181152,3.1406660079956055,-0.6646699027881431,-52.90001561641321,0.12566932145291965,0.1608991213621981,-0.035229799909278464,55.316392374219085,45.992741241914594,4.217799949645996,4.260049986839294,3.753859992027283,3.6307999992370608,AJCON.BO,2025-07-21 02:11:32.462794
230,2024-08-07 00:00:00+05:30,4.5,4.5,4.120999813079834,4.126999855041504,3610,0.0,0.0,2024-08-07,4.259500002861023,0.10927637107372445,4.368776373934747,4.1502236317872985,4.478052745008472,4.0409472607135735,-76.89598095349918,59.05628433673367,2850370,5433.4314066643465,36996.22688050778,3.881237258150453,49.59518837694141,4.249333222707112,4.377666632334391,3.9986664454142247,4.628333409627278,3.8703330357869463,4.756666819254557,3.6196662584940587,-0.5289860501886111,-67.30001752376138,0.13087946825380214,0.16970657133951772,-0.038827103085715575,51.96938978677279,45.54142650517921,4.215199947357178,4.259500002861023,3.737679991722107,3.626100001335144,AJCON.BO,2025-07-21 02:11:32.462794
231,2024-08-06 00:00:00+05:30,4.499000072479248,4.499000072479248,4.083000183105469,4.298999786376953,14270,0.0,0.0,2024-08-06,4.230650007724762,0.19140378487009493,4.422053792594857,4.039246222854667,4.613457577464952,3.847842437984572,-42.57986087029117,68.51363309942646,2853980,22372.98491876465,44886.92574896863,3.881159854971736,46.660361727994626,4.29366668065389,4.504333178202311,4.088333288828531,4.709666570027669,3.8776667912801104,4.92033306757609,3.672333399454752,-0.5299822647465205,-50.10002849101341,0.14974883618650114,0.1794133471109466,-0.02966451092444547,56.76356237052312,45.798925740627766,4.275399971008301,4.230650007724762,3.7270199966430666,3.6232700037956236,AJCON.BO,2025-07-21 02:11:32.462794
232,2024-08-05 00:00:00+05:30,4.199999809265137,4.400000095367432,4.026000022888184,4.052000045776367,13420,0.0,0.0,2024-08-05,4.1958500146865845,0.23632325223735895,4.432173266923943,3.9595267624492254,4.668496519161303,3.7232035102118664,-157.7314351683199,52.652565713076605,2839710,19831.450974377218,50515.41095651962,3.88063900728085,50.276220330998534,4.159333388010661,4.292666753133139,3.9186666806538906,4.533333460489909,3.785333315531413,4.666666825612387,3.5446666081746425,-0.5382372434812666,-74.79999666214069,0.15469903619326075,0.18682947484205797,-0.03213043864879722,50.532002357091265,46.07899762056472,4.254199981689453,4.1958500146865845,3.711020002365112,3.618890006542206,AJCON.BO,2025-07-21 02:11:32.462794
233,2024-08-02 00:00:00+05:30,4.724999904632568,4.724999904632568,4.210000038146973,4.340000152587891,11460,0.0,0.0,2024-08-02,4.1727000117301944,0.27125251409453105,4.443952525824725,3.9014474976356635,4.715205039919256,3.6301949835411325,91.60009023614192,94.8449428745546,2853130,18138.730809783192,58186.40095205521,3.880437889327531,47.16352372750127,4.425000031789144,4.6400000254313145,4.125000158945719,4.939999898274739,3.910000165303548,5.15499989191691,3.610000292460123,-0.5294985054618877,-45.99999284744433,0.18301859950056087,0.19486208450425727,-0.011843485003696391,59.818594907617516,46.65039622276585,4.305399990081787,4.1727000117301944,3.6979800033569337,3.616870005130768,AJCON.BO,2025-07-21 02:11:32.462794
234,2024-08-01 00:00:00+05:30,4.795000076293945,4.795000076293945,4.204999923706055,4.257999897003174,28400,0.0,0.0,2024-08-01,4.132150006294251,0.30361461499440795,4.435764621288659,3.8285353912998428,4.7393792362830665,3.524920776305435,98.81037110800156,100.34368668234974,2841670,44101.82076314461,68198.31848762321,3.879976836487681,39.1288213675266,4.419333299001058,4.633666674296061,4.04366652170817,5.009333451588948,3.829333146413167,5.223666826883951,3.4536663691202794,-0.5013278746287619,-54.20001645087804,0.18813956625345973,0.19782295575518133,-0.009683389501721595,57.83357929572674,46.01923991521347,4.279799938201904,4.132150006294251,3.6791400003433226,3.6148800015449525,AJCON.BO,2025-07-21 02:11:32.462794
235,2024-07-31 00:00:00+05:30,4.800000190734863,4.800000190734863,4.070000171661377,4.427999973297119,33280,0.0,0.0,2024-07-31,4.084250009059906,0.3540890593420437,4.438339068401949,3.730160949717862,4.792428127743993,3.376071890375818,131.03730257301896,109.5985217095185,2870070,53743.1924055251,74222.44291874286,3.8790346443942116,85.72378201804688,4.432666778564453,4.795333385467529,4.065333366394043,5.1626667976379395,3.702666759490967,5.525333404541016,3.3353333473205566,-0.4828872337241722,-52.13414606444898,0.19992113876356843,0.20024380313061171,-0.00032266436704328494,64.08006900991494,45.33953312246475,4.2925999641418455,4.084250009059906,3.6614800024032594,3.6150100016593933,AJCON.BO,2025-07-21 02:11:32.462794
236,2024-07-30 00:00:00+05:30,4.599999904632568,4.599999904632568,4.179999828338623,4.192999839782715,53010,0.0,0.0,2024-07-30,4.025150012969971,0.3904683382036642,4.415618351173635,3.6346816747663064,4.806086689377299,3.2442133365626424,53.773330767337555,100.73645673512371,2836790,81061.60217279135,79342.2555470473,3.87742658771165,86.721547400136,4.324333190917969,4.4686665534973145,4.048666477203369,4.744333267211914,3.9043331146240234,4.88866662979126,3.628666400909424,-0.4929818196160298,-62.64486325792567,0.19523358183068984,0.20032446922237254,-0.0050908873916827024,58.15525819936295,44.60754119181229,4.276599979400634,4.025150012969971,3.639520001411438,3.61342000246048,AJCON.BO,2025-07-21 02:11:32.462794
237,2024-07-29 00:00:00+05:30,4.449999809265137,4.449999809265137,4.202000141143799,4.308000087738037,17680,0.0,0.0,2024-07-29,3.977800023555756,0.4249399714758873,4.402739995031643,3.5528600520798683,4.827679966507531,3.1279200806039813,58.14094874335471,107.77521273196515,2889800,27777.32993808594,78912.41889061128,3.875947267454397,86.0450693272522,4.320000012715657,4.437999884287516,4.190000216166178,4.567999680836995,4.072000344594319,4.685999552408854,3.94200054804484,-0.48499656682510467,-51.472463646891406,0.20941795645470052,0.2015971910702932,0.007820765384407319,62.97823051063658,44.21244971751718,4.285599994659424,3.977800023555756,3.6234400033950807,3.613360002040863,AJCON.BO,2025-07-21 02:11:32.462794
238,2024-07-26 00:00:00+05:30,4.236000061035156,4.499000072479248,4.150000095367432,4.211999893188477,44760,0.0,0.0,2024-07-26,3.927900016307831,0.44236388086783035,4.370263897175661,3.4855361354400003,4.812627778043492,3.04317225457217,10.911832015511997,110.78838206127516,2872120,68756.05694291048,91696.1911287426,3.8752707128520103,86.12244161655028,4.287000020345052,4.423999945322672,4.0749999682108555,4.635999997456868,3.9380000432332354,4.772999922434488,3.725999991099039,-0.4668123808988059,-57.6184426688044,0.21307947293295104,0.19964199972419136,0.013437473208759682,60.439468639322726,44.11791122181314,4.238000011444091,3.927900016307831,3.6047800016403198,3.6137100005149843,AJCON.BO,2025-07-21 02:11:32.462794
239,2024-07-25 00:00:00+05:30,4.340000152587891,4.400000095367432,4.199999809265137,4.322000026702881,25230,0.0,0.0,2024-07-25,3.8790500164031982,0.46281186623047,4.341861882633668,3.4162381501727284,4.804673748864138,2.9534262839422585,-0.42635554507484985,124.35417846792126,2916880,39768.07315015621,97431.22467520063,3.873930481716187,88.28898680134964,4.307333310445149,4.414666811625162,4.214666525522867,4.507333596547444,4.1073330243428545,4.614667097727457,4.014666239420572,-0.4614946012663578,-48.55561871376188,0.22399341132766848,0.19628263142200142,0.02771077990566706,64.99177176834849,44.01610053413186,4.223600006103515,3.8790500164031982,3.586900005340576,3.614940001964569,AJCON.BO,2025-07-21 02:11:32.462794
240,2024-07-24 00:00:00+05:30,4.5,4.5,4.210000038146973,4.3480000495910645,12330,0.0,0.0,2024-07-24,3.8257000207901,0.47049865902975596,4.296198679819856,3.3552013617603444,4.766697338849612,2.8847027027305883,32.014819676676645,145.51395694054304,2942110,19551.728153789885,111847.01255646173,3.8729229772427134,89.80017516280289,4.352666695912679,4.495333353678385,4.2053333918253575,4.642666657765706,4.062666734059651,4.785333315531412,3.91533342997233,-0.47096584064491476,-43.23712259667118,0.22373937367891683,0.18935493644558465,0.03438443723333218,66.25556725018689,44.12138599516915,4.224600028991699,3.8257000207901,3.570420002937317,3.615660002231598,AJCON.BO,2025-07-21 02:11:32.462794
241,2024-07-23 00:00:00+05:30,4.190000057220459,4.340000152587891,4.0,4.23799991607666,22790,0.0,0.0,2024-07-23,3.7730000138282778,0.4679390787779332,4.240939092606211,3.3050609350503444,4.7088781713841446,2.8371218562724114,-5.501884770265421,126.49988639736239,2929780,35223.92941627795,134920.8336571297,3.8724003537220195,88.45394130464159,4.192666689554851,4.385333379109701,4.0453332265218105,4.532666842142741,3.85266653696696,4.725333531697592,3.70533307393392,-0.46695962122670576,-44.68302824248339,0.2174635296823766,0.1807588271372516,0.03670470254512498,63.863040643742984,44.18180706296579,4.197399997711182,3.7730000138282778,3.5498800039291383,3.6165300011634827,AJCON.BO,2025-07-21 02:11:32.462794
242,2024-07-22 00:00:00+05:30,3.799999952316284,4.190000057220459,3.799999952316284,4.070000171661377,31240,0.0,0.0,2024-07-22,3.723050022125244,0.46900811530208925,4.192058137427333,3.2540419068231548,4.661066252729422,2.7850337915210654,-34.712846677367004,98.5196891099068,2906990,46370.095035276725,159845.05971734264,3.87165545752847,87.88473835699413,4.020000060399373,4.240000168482462,3.850000063578287,4.410000165303548,3.6299999554951983,4.630000273386637,3.4599999586741124,-0.4769056514231251,-53.271971837355146,0.21696699211349113,0.17158265150097032,0.04538434061252081,59.76968341664343,44.58358910748217,4.194799995422363,3.723050022125244,3.5341400051116945,3.618870003223419,AJCON.BO,2025-07-21 02:11:32.462794
243,2024-07-19 00:00:00+05:30,4.480000019073486,4.480000019073486,3.921999931335449,4.139999866485596,24680,0.0,0.0,2024-07-19,3.682450008392334,0.47252589026677744,4.154975898659112,3.209924118125557,4.627501788925889,2.737398227858779,15.627875264729516,145.03175400239473,2938230,37263.017092229034,188213.8008878591,3.871099947298762,89.39633338829817,4.180666605631511,4.439333279927572,3.881333192189535,4.738666693369548,3.6226665178934736,4.997333367665609,3.323333104451498,-0.46207968401881544,-49.693255497065536,0.22958932426523448,0.16023656634784011,0.06935275791739437,62.475525148137294,45.35480795131215,4.257999992370605,3.682450008392334,3.523220000267029,3.6218099999427795,AJCON.BO,2025-07-21 02:11:32.462794
244,2024-07-18 00:00:00+05:30,4.001999855041504,4.434000015258789,4.001999855041504,4.327000141143799,24900,0.0,0.0,2024-07-18,3.637250018119812,0.46968290103212734,4.10693291915194,3.167567117087685,4.576615820184067,2.6978842160555576,38.854107265588844,180.0321107470473,2962910,39293.32584514688,225951.49683676663,3.8705036563431054,90.86588299633064,4.25433333714803,4.506666819254557,4.0746666590372715,4.6863334973653155,3.822333176930745,4.938666979471842,3.6426664988199864,-0.4709066011962803,-40.13291469503084,0.2353771989046236,0.14289837686849152,0.09247882203613209,70.5222358012127,45.58930299181838,4.3190000534057615,3.637250018119812,3.511000003814697,3.625220000743866,AJCON.BO,2025-07-21 02:11:32.462794
245,2024-07-16 00:00:00+05:30,4.590000152587891,4.679999828338623,4.210000038146973,4.211999893188477,39520,0.0,0.0,2024-07-16,3.584250009059906,0.447012797242722,4.031262806302628,3.137237211817184,4.478275603545351,2.690224414574462,66.9176535289165,233.86253205696184,2938010,60706.86707738657,272616.03958467155,3.8694800524950295,91.15422926441637,4.3673332532246905,4.524666468302408,4.054666678110758,4.837333043416341,3.89733346303304,4.994666258494059,3.5846668879191075,-0.4837383088628555,-46.01227270549858,0.22080441743258428,0.1197786713594585,0.10102574607312578,68.11368528399682,45.444055380185695,4.3056000709533695,3.584250009059906,3.4915799999237063,3.625129997730255,AJCON.BO,2025-07-21 02:11:32.462794
246,2024-07-15 00:00:00+05:30,4.110000133514404,4.46999979019165,4.110000133514404,4.224999904632568,38470,0.0,0.0,2024-07-15,3.5355000138282775,0.4276970026900757,3.963197016518353,3.107803011138202,4.390894019208429,2.680106008448126,68.0951662616167,238.34561577368422,2977530,59276.34581544108,325593.3327114928,3.868256715389708,91.05535211752417,4.268333276112874,4.426666418711344,4.066666762034098,4.62833293279012,3.908333619435628,4.78666607538859,3.7066671053568516,-0.47543835070876195,-45.34765047399098,0.21012710167333726,0.09452223484117704,0.11560486683216022,68.54708063970489,44.196667693838904,4.173200082778931,3.5355000138282775,3.4812000036239623,3.6255099987983703,AJCON.BO,2025-07-21 02:11:32.462794
247,2024-07-12 00:00:00+05:30,4.544000148773193,4.789999961853027,4.304999828338623,4.386000156402588,62440,0.0,0.0,2024-07-12,3.490250015258789,0.39773362773501586,3.887983642993805,3.092516387523773,4.285717270728821,2.6947827597887573,127.3259445956666,354.78055901084974,3016000,99876.67377053143,392172.5794355057,3.8670121036496004,93.03436269588616,4.493666648864746,4.682333469390869,4.197333335876465,4.97866678237915,4.008666515350342,5.167333602905273,3.7123332023620605,-0.47063929275682226,-37.11655413497148,0.19199285382915088,0.06562101813313698,0.1263718356960139,75.70359737699171,43.14556832755312,4.048800086975097,3.490250015258789,3.470380005836487,3.6222199988365174,AJCON.BO,2025-07-21 02:11:32.462794
248,2024-07-11 00:00:00+05:30,4.808000087738037,5.111999988555908,4.375999927520752,4.445000171661377,1229530,0.0,0.0,2024-07-11,3.438450002670288,0.33789485176075484,3.7763448544310427,3.1005551509095333,4.114239706191798,2.762660299148778,230.639782021689,505.10014703348986,3078440,1993165.884672886,465246.5558517492,3.8640565250481225,96.65476052053968,4.644333362579346,4.9126667976379395,4.176666736602783,5.380333423614502,3.9083333015441895,5.648666858673096,3.440666675567627,-0.47347729720073595,-34.100193574912126,0.1500104533266038,0.03402805920913351,0.11598239411747027,78.55959982195235,40.879171121664605,3.889400053024292,3.438450002670288,3.4506800031661986,3.619269998073578,AJCON.BO,2025-07-21 02:11:32.462794
249,2024-07-10 00:00:00+05:30,3.744999885559082,4.260000228881836,3.6449999809265137,4.260000228881836,176570,0.0,0.0,2024-07-10,3.3849499940872194,0.24093276282607778,3.625882756913297,3.1440172312611416,3.866815519739375,2.903084468435064,201.2859021869136,349.0372555507595,1848910,274321.01099907816,83266.72364646493,3.790681035759774,78.09451523837951,4.0550001462300616,4.465000311533609,3.850000063578287,4.670000394185384,3.4399998982747393,5.080000559488932,3.234999815622965,-0.08792609487951501,-0.0,0.08817676552396847,0.0050324606797659405,0.08314430484420253,76.04172474446102,38.00537344788368,3.7062000274658202,3.3849499940872194,3.4312599992752073,3.6178399968147277,AJCON.BO,2025-07-21 02:11:32.462794
250,2024-07-09 00:00:00+05:30,3.73799991607666,3.73799991607666,3.549999952316284,3.549999952316284,7410,0.0,0.0,2024-07-09,3.349199986457825,0.1332321247706952,3.48243211122852,3.2159678616871297,3.615664235999215,3.0827357369164345,101.73370779321523,129.4624105076185,1672340,9593.544368548155,35503.15180831161,3.782011162402925,58.27451439847427,3.612666606903076,3.675333261489868,3.487333297729492,3.800666570663452,3.4246666431427,3.863333225250244,3.299333333969116,-0.3240048124334177,-32.41853693646535,0.025894587390943524,-0.015753615531284692,0.04164820292222822,57.958151088536326,35.86622987353214,3.51419997215271,3.349199986457825,3.416159996986389,3.6191799950599672,AJCON.BO,2025-07-21 02:11:32.462794
251,2024-07-08 00:00:00+05:30,3.5889999866485596,3.739000082015991,3.5850000381469727,3.6029999256134033,33110,0.0,0.0,2024-07-08,3.3515999913215637,0.13740658587732552,3.4890065771988894,3.214193405444238,3.6264131630762146,3.076786819566913,157.42356770382406,159.66608638584643,1679750,43506.68236907716,41980.553668252476,3.7821911702836735,64.33749942996084,3.6423333485921225,3.6996666590372724,3.545666615168254,3.796333392461141,3.488333304723104,3.853666702906291,3.3916665712992353,-0.2879162573095186,-23.32763528103121,0.01568645342192232,-0.026165666261841743,0.041852119683764066,60.96736533440176,34.82758480245199,3.453399991989136,3.3515999913215637,3.4151599979400635,3.620719995498657,AJCON.BO,2025-07-21 02:11:32.462794
252,2024-07-05 00:00:00+05:30,3.486999988555908,3.5889999866485596,3.484999895095825,3.5889999866485596,8120,0.0,0.0,2024-07-05,3.3380499958992003,0.12402058647295654,3.462070582372157,3.2140294094262436,3.586091168845113,3.0900088229532874,194.4150645030895,105.36555871458006,1646640,10628.256308136266,41599.0214930463,3.7828145440450243,59.030104292640935,3.554333289464315,3.6236666838328047,3.5196665922800703,3.6583333810170493,3.4503331979115806,3.727666775385539,3.415666500727336,-0.2820822880126189,-2.4774589734791554,-0.0028404193089195395,-0.036628696182782756,0.03378827687386322,60.58733373043545,33.354278485427784,3.3820000171661375,3.3380499958992003,3.4130999994277955,3.623239996433258,AJCON.BO,2025-07-21 02:11:32.462794
253,2024-07-04 00:00:00+05:30,3.3499999046325684,3.5999999046325684,3.3450000286102295,3.5290000438690186,57490,0.0,0.0,2024-07-04,3.336099994182587,0.12011219482042836,3.4562121890030153,3.2159877993621584,3.5763243838234438,3.09587560454173,300.7883127517965,61.41013590237685,1638520,73990.59259709471,49341.7127892738,3.782980039340883,54.758752026076706,3.491333325703939,3.6376666227976484,3.3826667467753095,3.746333201726278,3.2363334496816,3.8926664988199873,3.1276668707529707,-0.2946032385988443,-15.990959425346794,-0.025138612084309564,-0.04507576540124856,0.019937153316938995,58.32677647994225,32.26354700347198,3.326200008392334,3.336099994182587,3.411019997596741,3.6268399953842163,AJCON.BO,2025-07-21 02:11:32.462794
254,2024-07-03 00:00:00+05:30,3.378999948501587,3.378999948501587,3.1559998989105225,3.299999952316284,34560,0.0,0.0,2024-07-03,3.330299997329712,0.11289078243815517,3.443190779767867,3.2174092148915565,3.556081562206022,3.1045184324534016,-10.382670855536412,-92.1950169768384,1581030,41592.99564846982,43179.49283731857,3.784524826199489,46.12571730935273,3.2783332665761313,3.40066663424174,3.1776665846506758,3.501333316167196,3.055333216985067,3.6236666838328047,2.9546665350596113,-0.3223830105583106,-61.29033085044883,-0.04739708252929553,-0.050060053730483306,0.002662971201187775,47.63614966387746,31.088913099827266,3.2673999786376955,3.330299997329712,3.4129399967193605,3.6296599960327147,AJCON.BO,2025-07-21 02:11:32.462794
255,2024-07-02 00:00:00+05:30,3.4489998817443848,3.4489998817443848,3.2300000190734863,3.246000051498413,11610,0.0,0.0,2024-07-02,3.330299997329712,0.11289078243815517,3.443190779767867,3.2174092148915565,3.556081562206022,3.1045184324534016,72.65468506201614,-75.32323372370628,1546470,13744.00407815747,43576.11713453075,3.7863029312282923,42.99249375674326,3.3083333174387612,3.386666615804036,3.1676667531331377,3.5273331801096597,3.089333454767863,3.6056664784749346,2.9486668904622393,-0.34520859874815146,-86.99999165535172,-0.052623492756253665,-0.05072579653078024,-0.001897696225473422,44.776398220800644,30.69765522124466,3.258400011062622,3.330299997329712,3.4179399967193604,3.6355099964141844,AJCON.BO,2025-07-21 02:11:32.462794
256,2024-07-01 00:00:00+05:30,3.4749999046325684,3.4749999046325684,3.2330000400543213,3.246000051498413,20620,0.0,0.0,2024-07-01,3.3354999899864195,0.11118572736842369,3.446685717354843,3.224314262617996,3.5578714447232667,3.1131285352495723,120.9777621061492,-71.94240138152895,1558080,24410.108879552714,51034.14539862407,3.7869698498418383,45.25523038049934,3.317999998728434,3.402999957402547,3.1610000928243,3.559999863306681,3.076000134150187,3.644999821980794,2.9190002282460528,-0.3521804821213805,-92.63455535784902,-0.05319938390936896,-0.05025137247441189,-0.0029480114349570707,44.776398220800644,29.52030973522679,3.2679999828338624,3.3354999899864195,3.4261399936676025,3.6411899948120117,AJCON.BO,2025-07-21 02:11:32.462794
257,2024-06-28 00:00:00+05:30,3.3989999294281006,3.3989999294281006,3.2009999752044678,3.309999942779541,71600,0.0,0.0,2024-06-28,3.354949986934662,0.12752853490989005,3.482478521844552,3.227421452024772,3.610007056754442,3.099892917114882,70.45171480869365,-85.10775512467447,1578700,86431.79686390022,57690.1545283919,3.788158401736507,47.21319322106354,3.303333282470703,3.4056665897369385,3.2076666355133057,3.501333236694336,3.1053333282470703,3.6036665439605713,3.009666681289673,-0.3410295885410679,-83.5694161008166,-0.05313064782647281,-0.04951436961567261,-0.0036162782108001973,47.458155376255284,28.221802889076677,3.266599988937378,3.354949986934662,3.429979991912842,3.6470399951934813,AJCON.BO,2025-07-21 02:11:32.462794
258,2024-06-27 00:00:00+05:30,3.255000114440918,3.299999952316284,3.2049999237060547,3.234999895095825,24850,0.0,0.0,2024-06-27,3.364449989795685,0.1310325423305451,3.49548253212623,3.23341744746514,3.6265150744567753,3.1023849051345946,-83.10831110716438,-128.5574687731211,1507100,29317.922820378648,50504.74394451482,3.7918343321674164,40.09824139853647,3.246666590372721,3.2883332570393877,3.1933332284291582,3.3416666189829507,3.1516665617624917,3.383333285649617,3.0983331998189287,-0.37723214223623186,-94.19265096773954,-0.058540654591565655,-0.04861030006297257,-0.009930354528593088,43.25001628350597,27.105724947687374,3.2561999797821044,3.364449989795685,3.4348199939727784,3.6527999949455263,AJCON.BO,2025-07-21 02:11:32.462794
259,2024-06-26 00:00:00+05:30,3.444999933242798,3.444999933242798,3.194000005722046,3.255000114440918,25660,0.0,0.0,2024-06-26,3.3811999917030335,0.13496650984165237,3.516166501544686,3.246233481861381,3.6511330113863383,3.111266972019729,-15.492234060791889,-99.09913416275275,1531950,30460.72202742387,55801.44922554885,3.7933240197746,41.827868527787054,3.2980000178019204,3.402000029881795,3.151000102361043,3.5489999453226724,3.0470000902811685,3.652999957402547,2.900000174840291,-0.3744843639424293,-91.35975906893842,-0.057193754699363275,-0.046127711430824295,-0.01106604326853898,44.06938059197652,26.30160895522519,3.2564000129699706,3.3811999917030335,3.444119997024536,3.661569995880127,AJCON.BO,2025-07-21 02:11:32.462794
260,2024-06-25 00:00:00+05:30,3.319999933242798,3.319999933242798,3.2100000381469727,3.2939999103546143,13080,0.0,0.0,2024-06-25,3.3915499806404115,0.1326973181097546,3.524247298750166,3.258852662530657,3.6569446168599207,3.1261553444209023,-50.37597022533483,-120.26119336631727,1557610,15713.171848662114,62136.63102508009,3.7948152490955787,42.55437995573315,3.2746666272481284,3.339333216349284,3.229333321253459,3.3846665223439536,3.164666732152303,3.4493331114451093,3.1193334261576338,-0.3808252364739964,-78.80365967842948,-0.05657246121682746,-0.043361200613689546,-0.013211260603137917,45.67642617521564,25.435637886419762,3.258799982070923,3.3915499806404115,3.453019995689392,3.670739994049072,AJCON.BO,2025-07-21 02:11:32.462794
261,2024-06-24 00:00:00+05:30,3.2049999237060547,3.3529999256134033,3.197999954223633,3.239000082015991,85500,0.0,0.0,2024-06-24,3.4065499901771545,0.13794221058719056,3.544492200764345,3.268607779589964,3.6824344113515357,3.1306655690027734,-65.08732484284876,-135.57461175391035,1544530,100997.26353390577,73742.49581918458,3.7955234282900583,41.24811093813268,3.263333320617676,3.3286666870117188,3.1736667156219482,3.4183332920074463,3.1083333492279053,3.4836666584014893,3.0186667442321777,-0.38990876183249745,-85.95578250274383,-0.05876074777664453,-0.04005838546290506,-0.018702362313739465,43.27545122704095,25.026746740872934,3.247399997711182,3.4065499901771545,3.4607399988174437,3.6800599932670592,AJCON.BO,2025-07-21 02:11:32.462794
262,2024-06-21 00:00:00+05:30,3.200000047683716,3.2890000343322754,3.200000047683716,3.257999897003174,73700,0.0,0.0,2024-06-21,3.419549989700317,0.13350084998994927,3.5530508396902665,3.286049139710368,3.6865516896802157,3.1525482897204187,-87.47641259008164,-153.59478775402195,1630030,87569.14055061646,66928.80389050428,3.800715494871516,29.426751004621934,3.248999993006388,3.2979999383290606,3.208999951680501,3.3379999796549478,3.1600000063578286,3.38699992497762,3.1199999650319414,-0.29604039001652344,-83.4850655108482,-0.055255453569475144,-0.035382794884470194,-0.01987265868500495,43.99773003690321,24.586402430284043,3.263599967956543,3.419549989700317,3.4679199981689455,3.6895999908447266,AJCON.BO,2025-07-21 02:11:32.462794
263,2024-06-20 00:00:00+05:30,3.3480000495910645,3.390000104904175,3.200000047683716,3.2360000610351562,79840,0.0,0.0,2024-06-20,3.4266499996185305,0.12812465663398123,3.5547746562525115,3.2985253429845494,3.682899312886493,3.170400686350568,-89.20688617905508,-143.69195033071156,1556330,94224.0099081958,61768.71972547623,3.805115338181727,35.698681069373706,3.2753334045410156,3.3506667613983154,3.1606667041778564,3.4653334617614746,3.0853333473205566,3.5406668186187744,2.9706666469573975,-0.33867066554996494,-87.88926926481544,-0.05180160483222407,-0.030414630213218954,-0.021386974619005114,43.11613799805128,24.38155270483498,3.281999969482422,3.4266499996185305,3.4764400005340574,3.6999899911880494,AJCON.BO,2025-07-21 02:11:32.462794
264,2024-06-19 00:00:00+05:30,3.430000066757202,3.430000066757202,3.2149999141693115,3.2669999599456787,79120,0.0,0.0,2024-06-19,3.43474999666214,0.12032059135117064,3.5550705880133107,3.3144294053109693,3.6753911793644813,3.1941088139597986,-85.09946804747804,-128.4850592916693,1636170,94268.79180215744,53654.89717979633,3.810157876746097,41.32982139721928,3.303999980290731,3.3930000464121504,3.1779998938242597,3.5190001328786216,3.0889998277028403,3.608000199000041,2.962999741236369,-0.29776062941077386,-84.31373249981232,-0.04442810851522294,-0.025067886558467672,-0.01936022195675527,44.082716095085985,24.160945308197526,3.3097999572753904,3.43474999666214,3.4799399995803832,3.7108899927139283,AJCON.BO,2025-07-21 02:11:32.462794
265,2024-06-18 00:00:00+05:30,3.299999952316284,3.319999933242798,3.2130000591278076,3.236999988555908,31070,0.0,0.0,2024-06-18,3.440149998664856,0.11468736364316624,3.5548373623080223,3.32546263502169,3.6695247259511885,3.2107752713785236,-109.531313607664,-170.9889344069673,1557050,36678.91534158286,43501.42352420605,3.8149692712922714,29.71252215165437,3.256666660308838,3.300333261489868,3.193333387374878,3.363666534423828,3.1496667861938477,3.4073331356048584,3.0863335132598877,-0.2657531150005108,-87.77393735282737,-0.03736766602456454,-0.02022783106927885,-0.017139834955285687,42.89395524353784,23.822306017072272,3.365399980545044,3.440149998664856,3.4830399990081786,3.721599991321564,AJCON.BO,2025-07-21 02:11:32.462794
266,2024-06-14 00:00:00+05:30,3.3510000705718994,3.4000000953674316,3.25600004196167,3.319999933242798,40610,0.0,0.0,2024-06-14,3.4447999954223634,0.10768895247503686,3.5524889478974004,3.3371110429473263,3.660177900372437,3.2294220904722897,-88.95875812121419,-126.43899761464638,1588120,49170.383743470666,45207.05056986184,3.8169867917359426,30.972452200199484,3.3253333568573,3.3946666717529297,3.250666618347168,3.4693334102630615,3.181333303451538,3.5386667251586914,3.1066665649414062,-0.25127106738331956,-78.200701176226,-0.024807440713675355,-0.01594287233045743,-0.008864568383217926,45.27745135583036,23.87317922015183,3.4375999927520753,3.4447999954223634,3.4872599983215333,3.733889992237091,AJCON.BO,2025-07-21 02:11:32.462794
267,2024-06-13 00:00:00+05:30,3.5280001163482666,3.5280001163482666,3.3350000381469727,3.3499999046325684,48960,0.0,0.0,2024-06-13,3.4482499957084656,0.1045395518098296,3.5527895475182953,3.343710443898636,3.6573290993281247,3.2391708920888065,-47.857692452919096,-71.80577507798647,1628730,59816.18861047883,44216.21727645963,3.8192646979525735,35.72459309187053,3.4043333530426025,3.4736666679382324,3.2806665897369385,3.5973334312438965,3.2113332748413086,3.6666667461395264,3.0876665115356445,-0.2609976611641978,-74.74049632321095,-0.016524912849750883,-0.013726730234652948,-0.002798182615097936,46.170823818441825,23.66056324020611,3.4400000095367433,3.4482499957084656,3.4848799991607664,3.7461899948120116,AJCON.BO,2025-07-21 02:11:32.462794
268,2024-06-12 00:00:00+05:30,3.5940001010894775,3.5940001010894775,3.359999895095825,3.375,77550,0.0,0.0,2024-06-12,3.4495000004768372,0.10344667357371037,3.5529466740505478,3.3460533269031267,3.656393347624258,3.2426066533294167,-29.089203838962977,-44.20699095392933,1677690,95452.6769397072,40316.22444295483,3.82187219502516,48.956655397758354,3.442999998728434,3.526000102361043,3.2919998963673907,3.6770002047220864,3.2089997927347818,3.7600003083546953,3.0579996903737383,-0.19020045193975743,-71.85697852939988,-0.008624932496450022,-0.013027184580878462,0.0044022520844284405,47.032540183476954,22.93880436956718,3.4800000190734863,3.4495000004768372,3.4866400003433227,3.7580499935150145,AJCON.BO,2025-07-21 02:11:32.462794
269,2024-06-11 00:00:00+05:30,3.9000000953674316,3.9000000953674316,3.4179999828338623,3.5450000762939453,17060,0.0,0.0,2024-06-11,3.446650004386902,0.10635160185590513,3.553001606242807,3.3402984025309967,3.6593532080987123,3.2339468006750915,76.10476590677924,90.25971021073312,1755240,22056.053621397223,26532.11131876673,3.8258401693594255,60.641272366714084,3.621000051498413,3.824000120162964,3.3420000076293945,4.103000164031982,3.1389999389648438,4.306000232696533,2.859999895095825,-0.03323728811343331,-52.249123529717494,-0.0008420135197515499,-0.014127747601985572,0.013285734082234022,52.154438790660926,22.00709895398105,3.487600040435791,3.446650004386902,3.489900002479553,3.77011999130249,AJCON.BO,2025-07-21 02:11:32.462794
270,2024-06-10 00:00:00+05:30,3.3299999237060547,3.74399995803833,3.3299999237060547,3.5980000495910645,43070,0.0,0.0,2024-06-10,3.4442999958992004,0.10456834233074072,3.548868338229941,3.33973165356846,3.6534366805606817,3.235163311237719,44.846860018135374,35.87648494276585,1772300,56515.629582405774,27651.125743109103,3.826389825416569,58.14479434564515,3.55733331044515,3.784666697184245,3.3706666628519697,3.9713333447774253,3.1433332761128745,4.1986667315165205,2.9566666285196943,-0.003764002423462964,-46.13609220613118,-0.007607192744901958,-0.017449181122544077,0.009841988377642118,53.75316077811462,20.65467588410705,3.438600015640259,3.4442999958992004,3.490220003128052,3.781339988708496,AJCON.BO,2025-07-21 02:11:32.462794
271,2024-06-07 00:00:00+05:30,3.700000047683716,3.700000047683716,3.299999952316284,3.3320000171661377,19560,0.0,0.0,2024-06-07,3.4304499983787538,0.10143676680505846,3.5318867651838124,3.329013231573695,3.6333235319888706,3.227576464768637,-30.828248711417732,-47.70345557414253,1729230,23768.751964866387,20434.999783284933,3.8275239366313576,47.54830154433773,3.444000005722046,3.5880000591278076,3.187999963760376,3.8440001010894775,3.0439999103546143,3.9880001544952393,2.7879998683929443,-0.06099443174225427,-76.8166082353145,-0.021373106051137736,-0.019909678216954604,-0.001463427834183132,45.353697637435886,19.62389952233248,3.3889999866485594,3.4304499983787538,3.4892400026321413,3.7927099895477294,AJCON.BO,2025-07-21 02:11:32.462794
272,2024-06-06 00:00:00+05:30,3.884999990463257,3.884999990463257,3.4200000762939453,3.549999952316284,2060,0.0,0.0,2024-06-06,3.43639999628067,0.09881422995317203,3.535214226233842,3.337585766327498,3.634028456187014,3.238771536374326,87.42870968819304,72.68437352968469,1748790,2667.0312279634545,19601.561737889566,3.828643936800614,53.364187689651146,3.618333339691162,3.816666603088379,3.3516666889190674,4.083333253860474,3.1533334255218506,4.28166651725769,2.886666774749756,0.007697076586969621,-51.6724364705135,-0.012476838741498408,-0.01954382125840882,0.007066982516910413,52.57900003835048,18.638523724403775,3.4495999813079834,3.43639999628067,3.4908200025558473,3.808419988155365,AJCON.BO,2025-07-21 02:11:32.462794
273,2024-06-05 00:00:00+05:30,3.569000005722046,3.569000005722046,3.13100004196167,3.4130001068115234,33090,0.0,0.0,2024-06-05,3.435099995136261,0.09740198501169763,3.5325019801479587,3.3376980101245635,3.6299039651596563,3.240296025112866,-68.43984004838737,-100.84127268928992,1746730,41187.516153249395,23835.194365371095,3.8287102812965736,52.49617283542074,3.371000051498413,3.6110000610351562,3.1730000972747803,3.809000015258789,2.933000087738037,4.049000024795532,2.7350001335144043,,-67.47403588268924,-0.022367568318314657,-0.021310566887636426,-0.001057001430678231,47.65097886968579,16.90109724934041,3.4395999908447266,3.435099995136261,3.4912200021743773,3.8220199871063234,AJCON.BO,2025-07-21 02:11:32.462794
274,2024-06-04 00:00:00+05:30,3.299999952316284,3.299999952316284,3.200000047683716,3.299999952316284,2220,0.0,0.0,2024-06-04,3.4408999919891357,0.09944895591480227,3.540348947903938,3.3414510360743335,3.63979790381874,3.2420020801595313,-155.33243747720658,-182.0129644133532,1713640,2671.7722899190676,19497.11391840152,3.830306306004563,46.15542612726336,3.2666666507720947,3.3333332538604736,3.2333333492279053,3.366666555404663,3.1666667461395264,3.433333158493042,3.133333444595337,,-87.46868141356548,-0.021199387790159285,-0.021046316529966864,-0.00015307126019242084,43.356270663474604,15.906105478933297,3.4709999561309814,3.4408999919891357,3.4943599987030027,3.834559984207153,AJCON.BO,2025-07-21 02:11:32.462794
275,2024-06-03 00:00:00+05:30,3.634999990463257,3.634999990463257,3.2709999084472656,3.3499999046325684,53370,0.0,0.0,2024-06-03,3.4436999917030335,0.0960016991019126,3.539701690804946,3.347698292601121,3.6357033899068587,3.2516965934992084,-56.51628210417485,-79.67363667274368,1715860,65204.04383458446,23703.44932552213,3.830442935313709,44.78963315913184,3.4186666011810303,3.566333293914795,3.2023332118988037,3.7826666831970215,3.054666519165039,3.930333375930786,2.8383331298828125,,-89.13342553059613,-0.00825375678048701,-0.021008048714918758,0.012754291934431748,44.911428976189335,15.810806561942815,3.50339994430542,3.4436999917030335,3.501360001564026,3.8420699858665466,AJCON.BO,2025-07-21 02:11:32.462794
276,2024-05-31 00:00:00+05:30,3.997999906539917,3.997999906539917,3.499000072479248,3.634999990463257,17360,0.0,0.0,2024-05-31,3.4608500003814697,0.1082391526681949,3.5690891530496645,3.352610847713275,3.6773283057178596,3.24437169504508,194.18439909147978,138.37573745068798,1769230,23013.71169369178,13328.30069825655,3.83343727793296,63.63535246110751,3.7106666564941406,3.922333240509033,3.4233334064483643,4.20966649055481,3.2116668224334717,4.421333074569702,2.9243335723876953,,-47.95243470417198,0.003521393023178998,-0.024196621698526693,0.02771801472170569,55.66486199115059,15.290178709353972,3.5521999835968017,3.4608500003814697,3.5041600036621094,3.847999987602234,AJCON.BO,2025-07-21 02:11:32.462794
277,2024-05-30 00:00:00+05:30,3.365000009536743,3.5,3.365000009536743,3.5,2800,0.0,0.0,2024-05-30,3.4633000016212465,0.1128450799265618,3.5761450815478084,3.3504549216946846,3.6889901614743703,3.2376098417681227,9.099786671009742,-44.14551498250639,1751870,3574.0334179014953,10906.947949397741,3.8338403815737214,57.047716644058795,3.4550000031789145,3.544999996821086,3.410000006357829,3.5899999936421714,3.3200000127156577,3.6799999872843427,3.2750000158945722,,-43.57298463628969,-0.009524391711865032,-0.031126125378953113,0.02160173366708808,50.7569611759678,13.215892509525391,3.525,3.4633000016212465,3.50264000415802,3.8445099878311155,AJCON.BO,2025-07-21 02:11:32.462794
278,2024-05-29 00:00:00+05:30,3.565000057220459,3.569999933242798,3.424999952316284,3.569999933242798,1650,0.0,0.0,2024-05-29,3.4583500027656555,0.11332082470038748,3.571670827466043,3.345029178065268,3.6849916521664303,3.2317083533648807,89.33600629676604,3.8046611091220517,1754670,2148.249332088896,12740.176582271803,3.833949798102956,58.43779542654026,3.5216666062672934,3.6183332602183027,3.473333279291789,3.666666587193807,3.3766666253407798,3.7633332411448164,3.3283332983652754,,-28.32245819364986,-0.012787186869262168,-0.03652655879572513,0.023739371926462964,53.73097105247199,13.126324893660192,3.5050000190734862,3.4583500027656555,3.504940004348755,3.8426399874687194,AJCON.BO,2025-07-21 02:11:32.462794
279,2024-05-28 00:00:00+05:30,3.700000047683716,3.700000047683716,3.4619998931884766,3.4619998931884766,13170,0.0,0.0,2024-05-28,3.4535500049591064,0.11033656454764847,3.5638865695067548,3.343213440411458,3.674223134054403,3.2328768758638096,147.04021946070276,16.263830941587756,1753020,16628.204551655705,15388.158394817527,3.834000786963944,59.551695849084474,3.541333278020223,3.6206666628519697,3.3826665083567304,3.7793334325154624,3.303333123524984,3.858666817347209,3.144666353861491,,-51.851873013828275,-0.023664740960307462,-0.042461401777340875,0.018796660817033413,49.40520970767848,12.527554949616825,3.4706000328063964,3.4535500049591064,3.5077400064468383,3.8416699886322023,AJCON.BO,2025-07-21 02:11:32.462794
280,2024-05-27 00:00:00+05:30,3.5999999046325684,3.6500000953674316,3.4000000953674316,3.5940001010894775,5650,0.0,0.0,2024-05-27,3.4557000160217286,0.11092725312957517,3.566627269151304,3.3447727628921533,3.6775545222808788,3.2338455097625785,231.00501856406788,17.548838005076895,1766190,7405.579798834548,15078.14685560798,3.8345752602463903,69.22333497171698,3.5480000972747803,3.696000099182129,3.446000099182129,3.7980000972747803,3.2980000972747803,3.946000099182129,3.196000099182129,,-23.09366471603263,-0.026596382163033727,-0.047160566981599226,0.0205641848185655,55.053588106627956,11.568395154733649,3.4532000541687013,3.4557000160217286,3.514520010948181,3.8403899908065795,AJCON.BO,2025-07-21 02:11:32.462794
281,2024-05-24 00:00:00+05:30,3.4000000953674316,3.5,3.365000009536743,3.499000072479248,41620,0.0,0.0,2024-05-24,3.4510000109672547,0.10666870215052507,3.55766871311778,3.3443313088167295,3.664337415268305,3.2376626066662046,128.5302214806284,-47.97829410383615,1760540,53110.27627512632,16996.288619801337,3.83473474792025,53.22609122266786,3.4546666940053306,3.544333378473918,3.409333388010661,3.5896666844685874,3.3196667035420737,3.6793333689371748,3.2743333975474043,,-43.79083371684606,-0.04294681626642438,-0.052301613186240596,0.009354796919816215,51.056757536045716,10.790963615635874,3.4004000186920167,3.4510000109672547,3.519520010948181,3.8399499893188476,AJCON.BO,2025-07-21 02:11:32.462794
282,2024-05-23 00:00:00+05:30,3.4000000953674316,3.4000000953674316,3.299999952316284,3.4000000953674316,13580,0.0,0.0,2024-05-23,3.451050007343292,0.10669261587885197,3.5577426232221443,3.34435739146444,3.664435239100996,3.2376647755855883,-114.80586075192583,-112.05370409606746,1718920,16838.803632657324,7967.791705970087,3.836382349635129,38.69323219013121,3.3666667143503823,3.4333334763844805,3.333333333333333,3.46666685740153,3.266666571299235,3.533333619435628,3.2333331902821856,,-68.45234631815921,-0.053873553834661525,-0.054640312416194645,0.0007667585815331196,46.651644419251575,10.801635752768718,3.3783999919891357,3.451050007343292,3.526760010719299,3.8401599884033204,AJCON.BO,2025-07-21 02:11:32.462794
283,2024-05-22 00:00:00+05:30,3.5280001163482666,3.5280001163482666,3.3499999046325684,3.3980000019073486,1890,0.0,0.0,2024-05-22,3.455299997329712,0.10624406471257478,3.5615440620422865,3.349055932617137,3.6677881267548615,3.242811867904562,-10.085903763631597,-76.53661227605579,1705340,2342.1662153060543,5750.038724298278,3.837082218663751,46.103010405186396,3.425333340962728,3.5006667772928877,3.3226665655771894,3.6033335526784263,3.2473331292470298,3.678666989008586,3.144666353861491,,-68.84919029920115,-0.05729682534154845,-0.05483200206157792,-0.002464823279970531,46.65164441925158,11.469033065619712,3.3733999729156494,3.455299997329712,3.535760006904602,3.841469986438751,AJCON.BO,2025-07-21 02:11:32.462794
284,2024-05-21 00:00:00+05:30,3.390000104904175,3.4700000286102295,3.3499999046325684,3.375,7440,0.0,0.0,2024-05-21,3.4666499972343443,0.11178140696549695,3.5784314041998413,3.3548685902688473,3.6902128111653383,3.2430871833033503,-61.70709636805612,-100.16977313685997,1703450,9157.548890153726,6602.006851546333,3.8371802476531056,38.690625995223655,3.3983333110809326,3.446666717529297,3.3266665935516357,3.5183334350585938,3.2783331871032715,3.566666841506958,3.2066664695739746,,-73.41268320743033,-0.060614537606697994,-0.05421579624158528,-0.00639874136511271,45.81055993868401,11.823553243259992,3.3573999881744383,3.4666499972343443,3.550620002746582,3.8440199875831604,AJCON.BO,2025-07-21 02:11:32.462794
285,2024-05-17 00:00:00+05:30,3.5799999237060547,3.5799999237060547,3.299999952316284,3.3299999237060547,4610,0.0,0.0,2024-05-17,3.4753999948501586,0.11107674439776109,3.5864767392479195,3.3643232504523977,3.697553483645681,3.2532465060546363,-65.33711315953838,-102.334244304586,1696010,5598.5773419581365,5963.121341894484,3.837586796788137,39.81457457630258,3.4033332665761313,3.5066665808359785,3.226666609446208,3.683333237965902,3.123333295186361,3.786666552225749,2.9466666380564375,,-82.75194165583541,-0.061678660885495784,-0.0526161109003071,-0.009062549985188684,43.75191401577035,12.58194582935854,3.381999969482422,3.4753999948501586,3.5685400009155273,3.848289988040924,AJCON.BO,2025-07-21 02:11:32.462794
286,2024-05-16 00:00:00+05:30,3.299999952316284,3.390000104904175,3.2950000762939453,3.3889999389648438,1400,0.0,0.0,2024-05-16,3.491699993610382,0.11252699447836388,3.604226988088746,3.379172999132018,3.7167539825671096,3.2666460046536545,-116.13241637245663,-139.39718880192575,1700620,1730.3427193037826,6054.2573418785705,3.8378636036204767,39.10348649208037,3.3580000400543213,3.4210000038146973,3.3259999752044678,3.453000068664551,3.263000011444092,3.5160000324249268,3.2309999465942383,,-71.3178308900821,-0.057674710283409425,-0.05035047340400993,-0.0073242368793994955,45.68586474454943,13.398676306695439,3.380200004577637,3.491699993610382,3.5873200035095216,3.8476899886131286,AJCON.BO,2025-07-21 02:11:32.462794
287,2024-05-15 00:00:00+05:30,3.390000104904175,3.558000087738037,3.321000099182129,3.375,8880,0.0,0.0,2024-05-15,3.494149994850159,0.11069172628724042,3.604841721137399,3.3834582685629186,3.7155334474246398,3.272766542275678,-69.50473784727372,-102.77909481067837,1699220,10929.977707602835,7135.235997522266,3.8379379534393987,39.265154933800744,3.418000062306722,3.5150000254313154,3.278000036875407,3.6550000508626304,3.181000073750814,3.7520000139872236,3.041000048319499,,-74.03099718564442,-0.05748518851102169,-0.048519414184160045,-0.008965774326861645,45.311748598124154,13.26557179258229,3.3926000118255617,3.494149994850159,3.6032800006866457,3.841049988269806,AJCON.BO,2025-07-21 02:11:32.462794
288,2024-05-14 00:00:00+05:30,3.5899999141693115,3.5899999141693115,3.316999912261963,3.318000078201294,7570,0.0,0.0,2024-05-14,3.502999997138977,0.10769937775553702,3.610699374894514,3.3953006193834403,3.7183987526500513,3.287601241627903,-75.31205196724491,-116.34853027594927,1690340,9160.196808356159,6186.550570002124,3.8384248421503515,34.8568711666577,3.4083333015441895,3.499666690826416,3.2266666889190674,3.681333303451538,3.135333299636841,3.7726666927337646,2.9536666870117188,,-85.07749296411107,-0.054992773639062964,-0.04627797060244463,-0.008714803036618333,43.12927543933535,13.270149149710702,3.4223999977111816,3.502999997138977,3.6226399993896483,3.83582998752594,AJCON.BO,2025-07-21 02:11:32.462794
289,2024-05-13 00:00:00+05:30,3.490000009536743,3.5889999866485596,3.240999937057495,3.497999906539917,1620,0.0,0.0,2024-05-13,3.522099995613098,0.10703462658684403,3.629134622199942,3.4150653690262542,3.736169248786786,3.30803074243941,-59.67335479378478,-94.75069432981635,1697910,2066.651945928546,5443.139010413615,3.8388918641514986,33.62979619804291,3.4426666100819907,3.6443332831064863,3.296333233515422,3.790666659673055,3.0946665604909263,3.9923333326975508,2.9483331839243574,,-50.19380749364333,-0.04535487482071199,-0.04409926984329004,-0.0012556049774219494,48.52370321548747,13.275078611233608,3.4645999908447265,3.522099995613098,3.642979998588562,3.8309699869155884,AJCON.BO,2025-07-21 02:11:32.462794
290,2024-05-10 00:00:00+05:30,3.5899999141693115,3.6500000953674316,3.305000066757202,3.321000099182129,1010,0.0,0.0,2024-05-10,3.532200002670288,0.1139481012671545,3.6461481039374424,3.4182519014031336,3.760096205204597,3.304303800135979,-86.53784151261543,-111.8382853326392,1696290,1223.271325375961,6287.260776534882,3.8389573426464136,30.57660513569317,3.4253334204355874,3.5456667741139727,3.200666745503743,3.770333449045817,3.080333391825358,3.890666802724202,2.8556667168935137,,-95.40478204003867,-0.05005550450601115,-0.043785368598934546,-0.006270135907076604,41.759553119350194,13.273839523927428,3.436199998855591,3.532200002670288,3.660900001525879,3.8248299884796144,AJCON.BO,2025-07-21 02:11:32.462794
291,2024-05-09 00:00:00+05:30,3.700000047683716,3.700000047683716,3.3610000610351562,3.4509999752044678,120,0.0,0.0,2024-05-09,3.5501500010490417,0.10699105637490543,3.657141057423947,3.443158944674136,3.7641321137988526,3.3361678882992307,-26.67166540348424,-58.70689734223887,1697300,151.0284396313224,7553.258139324611,3.839019377278999,29.565925208662662,3.5040000279744468,3.6469999949137373,3.3080000082651777,3.8430000146230063,3.165000041325887,3.985999981562297,2.969000021616618,,-69.18366939810015,-0.037883518992013254,-0.04221783462216539,0.004334315630152137,45.79518884476612,13.584514281497599,3.5105999946594237,3.5501500010490417,3.683179998397827,3.819949986934662,AJCON.BO,2025-07-21 02:11:32.462794
292,2024-05-08 00:00:00+05:30,3.5239999294281006,3.5239999294281006,3.5239999294281006,3.5239999294281006,540,0.0,0.0,2024-05-08,3.5575000047683716,0.10484903562720822,3.6623490403955796,3.4526509691411635,3.767198076022788,3.347801933513955,-11.532285117902164,-48.01366465279718,1697420,694.0043364007767,9403.815564247932,3.8390248988135967,30.940895479909088,3.5239999294281006,3.5239999294281006,3.5239999294281006,3.5239999294281006,3.5239999294281006,3.5239999294281006,3.5239999294281006,,-54.285719846497365,-0.03452871443474592,-0.043301413529703424,0.008772699094957502,48.12036034219362,14.194937086781266,3.557200002670288,3.5575000047683716,3.703600001335144,3.814879987239838,AJCON.BO,2025-07-21 02:11:32.462794
293,2024-05-07 00:00:00+05:30,3.5390000343322754,3.5390000343322754,3.305999994277954,3.5290000438690186,3820,0.0,0.0,2024-05-07,3.565500009059906,0.10820863896831699,3.6737086480282226,3.457291370091589,3.78191728699654,3.349082731123272,-69.26524879691746,-94.2876446398346,1697960,4916.403961052385,11581.26837120972,3.839045072796969,28.864038569632953,3.4580000241597495,3.610000054041545,3.3770000139872236,3.691000064214071,3.224999984105428,3.843000094095866,3.1439999739329023,,-53.26528834780307,-0.03689977508519693,-0.045494588303442794,0.008594813218245866,48.44665972467517,13.793145140401041,3.5326000213623048,3.565500009059906,3.72039999961853,3.808459987640381,AJCON.BO,2025-07-21 02:11:32.462794
294,2024-05-06 00:00:00+05:30,3.700000047683716,3.700000047683716,3.299999952316284,3.3559999465942383,24710,0.0,0.0,2024-05-06,3.5596000075340273,0.11339611110360669,3.672996118637634,3.4462038964304207,3.7863922297412405,3.332807785326814,-91.3846666415656,-96.30793902119689,1694140,30243.16395528581,13247.484473749055,3.839185592700926,22.750938078514324,3.4519999821980796,3.604000012079875,3.2039999167124433,3.852000077565511,3.051999886830648,4.004000107447307,2.8039998213450117,,-88.57142996162435,-0.03986879923283171,-0.047643291608004255,0.007774492375172547,42.26682180284276,13.360446121222335,3.5216000080108643,3.5596000075340273,3.739439997673035,3.8019399881362914,AJCON.BO,2025-07-21 02:11:32.462794
295,2024-05-03 00:00:00+05:30,3.6489999294281006,3.744999885559082,3.6459999084472656,3.693000078201294,12760,0.0,0.0,2024-05-03,3.5629000067710876,0.10799071073863743,3.670890717509725,3.4549092960324503,3.7788814282483627,3.3469185852938126,144.45037188397606,25.72838228373772,1718850,17185.513941573707,8998.564603364865,3.8406063227900047,26.360059039285034,3.694666624069214,3.743333339691162,3.6443333625793457,3.7936666011810303,3.5956666469573975,3.8423333168029785,3.5453333854675293,,-20.041299617791346,-0.026028088762471313,-0.04958691470179739,0.023558825939326074,54.37091394302644,12.894462562106806,3.5514000415802003,3.5629000067710876,3.758679995536804,3.796379988193512,AJCON.BO,2025-07-21 02:11:32.462794
296,2024-05-02 00:00:00+05:30,3.5899999141693115,3.684999942779541,3.5899999141693115,3.684000015258789,1000,0.0,0.0,2024-05-02,3.5506500005722046,0.10633923347938888,3.6569892340515935,3.4443107670928157,3.7633284675309824,3.337971533613427,107.42191824930433,-1.4659839481501125,1706090,1343.544812865768,6951.827268812653,3.8408307833962656,17.94994565665506,3.6529999574025473,3.716000000635783,3.6209999720255537,3.747999986012777,3.557999928792318,3.8110000292460127,3.525999943415324,,-43.07228894032283,-0.04110282712516744,-0.0554766211866289,0.014373794061461456,54.01123019077563,13.780289635958656,3.5128000259399412,3.5506500005722046,3.7698199939727783,3.7878999876976014,AJCON.BO,2025-07-21 02:11:32.462794
297,2024-04-30 00:00:00+05:30,3.5,3.5,3.305999994277954,3.4010000228881836,12130,0.0,0.0,2024-04-30,3.5264999985694887,0.1272504949531932,3.653750493522682,3.3992495036162955,3.781000988475875,3.2719990086631023,-171.24818697996682,-105.5980769382787,1705090,15045.269412114752,8353.897882799374,3.8408494759120417,22.176079212765686,3.4023333390553794,3.4986666838328047,3.3046666781107588,3.5963333447774253,3.2083333333333335,3.6926666895548506,3.110666672388713,,-85.69276751532665,-0.05889392038874952,-0.05907006970199426,0.00017614931324473615,42.155975122328535,14.617428439720648,3.4760000228881838,3.5264999985694887,3.774059991836548,3.7792599868774412,AJCON.BO,2025-07-21 02:11:32.462794
298,2024-04-26 00:00:00+05:30,3.515000104904175,3.756999969482422,3.434000015258789,3.4739999771118164,4700,0.0,0.0,2024-04-26,3.528349995613098,0.1255880155476626,3.653938011160761,3.4027619800654354,3.779526026708423,3.277173964517773,-9.043118840033403,-49.72302918981174,1717220,5954.704332279316,6681.055000470527,3.8414863149606315,21.055285254644943,3.5549999872843423,3.6759999593098955,3.3530000050862627,3.877999941507975,3.2320000330607095,3.9989999135335283,3.03000005086263,,-87.01756308577255,-0.05290836750958228,-0.05911410703030544,0.006205739520723161,44.83930001437791,14.397069923606452,3.492799997329712,3.528349995613098,3.787859992980957,3.773639986515045,AJCON.BO,2025-07-21 02:11:32.462794
299,2024-04-25 00:00:00+05:30,3.5899999141693115,3.7339999675750732,3.5,3.505000114440918,3420,0.0,0.0,2024-04-25,3.5315500020980837,0.12494399643119523,3.656493998529279,3.4066060056668883,3.781437994960474,3.2816620092356934,5.651188747418615,-43.38376435609344,1721920,4371.662998220468,6862.64266751833,3.8416925904333166,27.031926663951552,3.5796666940053306,3.659333388010661,3.425333420435588,3.813666661580404,3.3456667264302573,3.8933333555857343,3.1913334528605146,,-81.57894186475977,-0.05163279351949779,-0.06066554191048623,0.009032748390988443,46.00464451329633,14.795698935565055,3.5230000019073486,3.5315500020980837,3.804419994354248,3.7660799860954284,AJCON.BO,2025-07-21 02:11:32.462794
300,2024-04-24 00:00:00+05:30,3.5,3.5,3.5,3.5,1000,0.0,0.0,2024-04-24,3.534350001811981,0.12494517848728758,3.6592951802992686,3.4094048233246936,3.784240358786556,3.284459644837406,-86.21513236766911,-67.8247791988226,1718500,1276.440506393391,7485.387584842795,3.841830167319196,31.947954724172362,3.5,3.5,3.5,3.5,3.5,3.5,3.5,,-79.66103338709202,-0.05227040104915659,-0.06292372900823334,0.010653327959076753,45.566765928137585,15.57685928018477,3.531999969482422,3.534350001811981,3.822199993133545,3.7589299845695496,AJCON.BO,2025-07-21 02:11:32.462794
301,2024-04-23 00:00:00+05:30,3.484999895095825,3.634999990463257,3.484999895095825,3.5,3020,0.0,0.0,2024-04-23,3.536800003051758,0.12471637408739203,3.66151637713915,3.412083628964366,3.786232751226542,3.287367254876974,-65.47079917418858,-58.58902489978455,1719500,3854.8503293080407,9037.624354455145,3.8418710131972476,39.67341387877284,3.5399999618530273,3.5950000286102295,3.444999933242798,3.690000057220459,3.3899998664855957,3.745000123977661,3.294999837875366,-0.3975464451511577,-70.14925001352225,-0.05180232061493095,-0.06558706099800252,0.013784740383071564,45.566765928137585,14.8173574802906,3.5631999492645265,3.536800003051758,3.826279993057251,3.7519299840927123,AJCON.BO,2025-07-21 02:11:32.462794
302,2024-04-22 00:00:00+05:30,3.5899999141693115,3.5899999141693115,3.4000000953674316,3.484999895095825,10220,0.0,0.0,2024-04-22,3.53235000371933,0.12765179872718693,3.6600018024465166,3.404698204992143,3.787653601173704,3.277046406264956,-126.11279694197871,-71.77786201135869,1716480,12989.313490160928,10333.317860741921,3.841994427024545,50.057223942143196,3.491666634877523,3.5833331743876142,3.3933333555857343,3.681666453679403,3.301666816075643,3.773332993189494,3.2033335367838545,-0.39754157749570507,-64.32362952785846,-0.0504181521708853,-0.06903324609377041,0.018615093922885115,44.794728274479084,13.999432465019954,3.5507999420166017,3.53235000371933,3.8333799934387205,3.7452599835395812,AJCON.BO,2025-07-21 02:11:32.462794
303,2024-04-18 00:00:00+05:30,3.625,3.625,3.5,3.625,4290,0.0,0.0,2024-04-18,3.5366000056266786,0.12740711513008696,3.6640071207567657,3.4091928904965916,3.791414235886853,3.2817857753665045,-60.086778852701535,-52.343533895876014,1726700,5671.4986928714925,9669.31895338717,3.8424310815215987,35.85880967123059,3.5833333333333335,3.666666666666667,3.541666666666667,3.7083333333333335,3.4583333333333335,3.791666666666667,3.416666666666667,-0.40845111425347086,-42.59259913356916,-0.04640480266225033,-0.07368701957449168,0.02728221691224135,49.34377124738612,12.789521624123836,3.56419997215271,3.5366000056266786,3.842659993171692,3.738749985694885,AJCON.BO,2025-07-21 02:11:32.462794
304,2024-04-16 00:00:00+05:30,3.7899999618530273,3.7899999618530273,3.4600000381469727,3.549999952316284,3720,0.0,0.0,2024-04-16,3.533850002288818,0.12598425810645583,3.659834260395274,3.4078657441823625,3.78581851850173,3.2818814860759065,-33.134164339373484,-50.61415027949736,1722410,4816.192314574781,10668.77401851609,3.8425427749015992,26.376600568025935,3.599999984105428,3.7399999300638838,3.410000006357829,3.929999907811483,3.2700000603993735,4.0699998537699384,3.0800000826517744,-0.4194035733896056,-51.85186493380499,-0.05435128517339072,-0.08050757380255202,0.026156288629161306,46.458680549945235,11.895692413742506,3.5791999816894533,3.533850002288818,3.8463799953460693,3.7295199847221374,AJCON.BO,2025-07-21 02:11:32.462794
305,2024-04-15 00:00:00+05:30,3.690000057220459,3.690000057220459,3.6559998989105225,3.6559998989105225,1580,0.0,0.0,2024-04-15,3.5388500094413757,0.12861584054192576,3.6674658499833015,3.41023416889945,3.7960816905252273,3.281618328357524,40.33115477066757,-38.631624424695175,1726130,2106.6665292847038,12131.919444501415,3.84267314392094,26.131268858901862,3.6673332850138345,3.6786666711171465,3.64466651280721,3.701333443323771,3.633333126703898,3.712666829427083,3.6106663544972735,-0.41219387241533817,-38.76545084956493,-0.05631531815935764,-0.08704664595984235,0.03073132780048471,50.102022085405224,10.93310711025492,3.6092000007629395,3.5388500094413757,3.8530799961090088,3.720549986362457,AJCON.BO,2025-07-21 02:11:32.462794
306,2024-04-12 00:00:00+05:30,3.678999900817871,3.678999900817871,3.4000000953674316,3.437999963760376,4940,0.0,0.0,2024-04-12,3.530550014972687,0.1259872763108411,3.656537291283528,3.4045627386618458,3.7825245675943693,3.2785754623510046,-55.0840139580266,-73.53745892972756,1724550,6193.9165510658295,14638.23267330559,3.8427084836638232,27.74515835732248,3.505666653315226,3.6113332112630205,3.332333405812581,3.7846664587656655,3.2266668478647866,3.89033301671346,3.0533336003621416,-0.3937893716083947,-65.93138687155081,-0.06841600182628715,-0.09472947790996351,0.02631347608367636,41.59612809997509,10.749384227350474,3.6140000343322756,3.530550014972687,3.856239995956421,3.7117899870872497,AJCON.BO,2025-07-21 02:11:32.462794
307,2024-04-10 00:00:00+05:30,3.6600000858306885,3.6600000858306885,3.5420000553131104,3.552000045776367,11570,0.0,0.0,2024-04-10,3.5366000175476073,0.12420164461280961,3.660801662160417,3.4123983729347978,3.7850033067732265,3.288196728321988,8.06366276948323,-60.49061858119413,1729490,14987.833328203244,16749.31170386553,3.8429481740716183,38.39885401214652,3.5846667289733887,3.627333402633667,3.509333372116089,3.702666759490967,3.4666666984558105,3.745333433151245,3.3913333415985107,-0.4163199798593409,-51.960788324034226,-0.06140224712255016,-0.1013078469308826,0.03990559980833244,45.17119273666586,10.484380223963472,3.646000051498413,3.5366000175476073,3.864099998474121,3.705479986667633,AJCON.BO,2025-07-21 02:11:32.462794
308,2024-04-09 00:00:00+05:30,3.700000047683716,3.700000047683716,3.6989998817443848,3.700000047683716,10120,0.0,0.0,2024-04-09,3.5397500157356263,0.12540584013697828,3.6651558558726047,3.414344175598648,3.7905616960095827,3.28893833546167,72.27614680898836,-39.464820363883135,1741060,13655.725410672072,17189.6812977811,3.84335231526771,39.5792810369369,3.699666659037272,3.700333436330159,3.699333270390828,3.700666824976603,3.698666493097941,3.7013336022694903,3.698333104451497,-0.39778531663171146,-33.823532849172196,-0.06271945944854362,-0.11128424688296569,0.048564787434422066,50.687461581509176,10.87045067886347,3.6724000453948973,3.5397500157356263,3.870779995918274,3.697739987373352,AJCON.BO,2025-07-21 02:11:32.462794
309,2024-04-08 00:00:00+05:30,3.9700000286102295,3.9700000286102295,3.700000047683716,3.700000047683716,4280,0.0,0.0,2024-04-08,3.5402500152587892,0.1260964266512365,3.666346441910026,3.4141535886075527,3.7924428685612623,3.288057161956316,133.98693565339036,-23.703682527308437,1751180,5775.346319928504,18073.170269558355,3.8435266954992615,41.32565133465946,3.790000041325887,3.8800000349680586,3.610000054041545,4.060000022252401,3.5200000603993735,4.150000015894572,3.340000073115031,-0.5519014434882578,-33.823532849172196,-0.0780313533045387,-0.1234254437415712,0.045394090437032505,50.687461581509176,11.278998322980781,3.6146000385284425,3.5402500152587892,3.879019994735718,3.687739987373352,AJCON.BO,2025-07-21 02:11:32.462794
310,2024-04-05 00:00:00+05:30,3.75,3.760999917984009,3.5290000438690186,3.680000066757202,5020,0.0,0.0,2024-04-05,3.545300018787384,0.1345687771932248,3.679868795980609,3.4107312415941595,3.8144375731738336,3.276162464400935,67.96319090866508,-51.39012863039864,1746900,6737.271933334618,21147.626256965817,3.8436005729613845,38.47443580071203,3.6566666762034097,3.784333308537801,3.5523334344228106,3.8886665503184,3.4246668020884194,4.016333182652791,3.3203335603078203,-0.5664382696352542,-36.27451094972407,-0.09645292417616114,-0.13477396635082933,0.038321042174668196,49.985277304000064,11.713367120042816,3.559000015258789,3.545300018787384,3.8884599924087526,3.678289988040924,AJCON.BO,2025-07-21 02:11:32.462794
311,2024-04-04 00:00:00+05:30,3.7799999713897705,3.7799999713897705,3.4600000381469727,3.5980000495910645,15630,0.0,0.0,2024-04-04,3.5535000205039977,0.14757677676943756,3.7010767972734353,3.40592324373456,3.848653574042873,3.2583464669651225,47.3932674590707,-60.63779453725792,1741880,20509.38682082661,24750.214837873616,3.8436994023915356,37.76195703945169,3.612666686375936,3.7653333346048994,3.4453334013621015,3.932666619618734,3.292666753133138,4.085333267847697,3.1253334681193037,-0.3333063080478317,-46.323532849172196,-0.11660701415273067,-0.1443542268944964,0.027747212741765725,47.19230749632684,11.92485435081038,3.512599992752075,3.5535000205039977,3.899379987716675,3.6689899873733522,AJCON.BO,2025-07-21 02:11:32.462794
312,2024-04-03 00:00:00+05:30,3.5899999141693115,3.7880001068115234,3.5899999141693115,3.684000015258789,5000,0.0,0.0,2024-04-03,3.566650021076202,0.1626938953062347,3.729343916382437,3.4039561257699673,3.8920378116886716,3.241262230463733,109.18970407990875,-48.468244781129144,1757510,6717.7240643288405,25810.421842135365,3.84416239977703,39.61718811804226,3.687333345413208,3.7846667766571045,3.5866665840148926,3.88533353805542,3.489333152770996,3.9826669692993164,3.3886663913726807,-0.3435159847297986,-35.78432117320643,-0.13256782441466308,-0.15129103007993783,0.018723205665274745,50.115863606406506,12.152609830098525,3.433199977874756,3.566650021076202,3.9112799835205077,3.6602699875831606,AJCON.BO,2025-07-21 02:11:32.462794
313,2024-04-02 00:00:00+05:30,3.6500000953674316,3.7950000762939453,3.380000114440918,3.4110000133514404,9660,0.0,0.0,2024-04-02,3.5749500155448914,0.17290933204269254,3.747859347587584,3.402040683502199,3.9207686796302763,3.2291313514595066,2.7771880944878005,-82.25111932756872,1752510,12016.870492806484,30583.596286586995,3.8442590066350246,34.90122897556401,3.5286667346954346,3.677333354949951,3.262333393096924,3.943666696548462,3.1136667728424072,4.0923333168029785,2.8473334312438965,-0.3440477946449292,-69.24020438549948,-0.15946358834737273,-0.15597183149625649,-0.0034917568511162456,39.71162307797333,13.03135095420586,3.383999967575073,3.5749500155448914,3.923539981842041,3.6504299879074096,AJCON.BO,2025-07-21 02:11:32.462794
314,2024-04-01 00:00:00+05:30,3.5169999599456787,3.5899999141693115,3.299999952316284,3.421999931335449,11410,0.0,0.0,2024-04-01,3.6114500045776365,0.2096291047403747,3.821079109318011,3.401820899837262,4.030708214058386,3.192191795096887,-68.45242215906266,-104.12173190476724,1762170,14239.612600256221,35225.27773503212,3.8447644919437387,30.892920299539654,3.437333265940348,3.574666579564412,3.284666617711385,3.7273332277933755,3.147333304087321,3.8646665414174395,2.9946666558583575,-0.3905094735441474,-67.89217519558505,-0.16459583761356633,-0.15509889228347742,-0.009496945330088907,39.99853165195504,13.977687549398373,3.40939998626709,3.6114500045776365,3.9418399858474733,3.6432199883461,AJCON.BO,2025-07-21 02:11:32.462794
315,2024-03-28 00:00:00+05:30,3.490000009536743,3.490000009536743,3.2160000801086426,3.447999954223633,25270,0.0,0.0,2024-03-28,3.6539000034332276,0.25110467170788164,3.905004675141109,3.402795331725346,4.156109346848991,3.151690660017464,-129.22285530353545,-120.84533248468084,1773580,31776.42435097021,40471.69401872609,3.845347892638988,19.82398047390241,3.384666681289673,3.553333282470703,3.2793333530426025,3.6586666107177734,3.1106667518615723,3.8273332118988037,3.005333423614502,-0.37306961115047466,-64.70589782127489,-0.16975612082986746,-0.1527246559509552,-0.017031464878912272,40.82008614940512,13.910129253012764,3.4372000217437746,3.6539000034332276,3.9601599836349486,3.635129988193512,AJCON.BO,2025-07-21 02:11:32.462794
316,2024-03-27 00:00:00+05:30,3.2669999599456787,3.5899999141693115,3.1600000858306885,3.2009999752044678,62660,0.0,0.0,2024-03-27,3.694950008392334,0.28100091308952413,3.975950921481858,3.4139490953028098,4.256951834571382,3.1329481822132856,-212.45063485066635,-141.97246351857024,1748310,73149.03388482623,42645.51143566505,3.846566007584761,19.089340850864588,3.3169999917348227,3.473999897638957,3.044000069300334,3.746999820073446,2.8870001633961997,3.90399972597758,2.614000240961711,-0.3962609307346112,-94.97550365925777,-0.17635139294684832,-0.14846678973122712,-0.027884603215621195,29.636722105984177,13.23803870541078,3.4574000358581545,3.694950008392334,3.980519986152649,3.6266999888420104,AJCON.BO,2025-07-21 02:11:32.462794
317,2024-03-26 00:00:00+05:30,3.6649999618530273,3.8299999237060547,3.359999895095825,3.437999963760376,65930,0.0,0.0,2024-03-26,3.744249999523163,0.27623267532875273,4.020482674851916,3.46801732419441,4.296715350180668,3.1917846488656574,-58.563965955874046,-99.57081531655716,1810970,82664.96320076317,35019.630823374755,3.8515109023378167,17.137121444222615,3.5426665941874185,3.7253332932790117,3.2553332646687823,4.0126666227976475,3.072666565577189,4.195333321889241,2.7853332360585528,-0.3651694451391166,-85.80542689277516,-0.1577975935122038,-0.14149563892732184,-0.016301954584881956,35.64056407428076,12.514248884916336,3.4994000434875487,3.744249999523163,4.0074999904632564,3.622809989452362,AJCON.BO,2025-07-21 02:11:32.462794
318,2024-03-22 00:00:00+05:30,3.7899999618530273,3.859999895095825,3.4609999656677246,3.5380001068115234,5840,0.0,0.0,2024-03-22,3.7894999980926514,0.2967850968970957,4.086285094989747,3.492714901195556,4.383070191886842,3.19592980429846,39.48023023447102,-87.11943479413073,1876900,7535.346406879111,23108.297729027647,3.8548706793507552,27.59636968225125,3.619666655858358,3.778333346048991,3.3793334166208906,4.018666585286459,3.2206667264302573,4.177333275477092,2.98033348719279,-0.33531377318261407,-74.45945049046551,-0.15499314320726088,-0.13742015028110136,-0.01757299292615952,38.67163192955598,12.523067803025254,3.525800037384033,3.7894999980926514,4.029459986686707,3.616719989776611,AJCON.BO,2025-07-21 02:11:32.462794
319,2024-03-21 00:00:00+05:30,3.690000057220459,3.9760000705718994,3.552999973297119,3.561000108718872,6600,0.0,0.0,2024-03-21,3.829349994659424,0.3142329118513978,4.143582906510821,3.5151170828080263,4.457815818362219,3.2008841709566282,99.2979518352502,-73.0037417210357,1882740,8571.334731846924,27001.535559564778,3.855098896253709,20.014595345230788,3.696666717529297,3.8403334617614746,3.4173333644866943,4.119666814804077,3.2736666202545166,4.263333559036255,2.994333267211914,-0.34739610927624937,-71.80848770305214,-0.15890271496267783,-0.13302690204956147,-0.02587581291311636,39.29221934140794,12.9789153259851,3.532200002670288,3.829349994659424,4.050339980125427,3.609189989566803,AJCON.BO,2025-07-21 02:11:32.462794
320,2024-03-20 00:00:00+05:30,3.490000009536743,3.7890000343322754,3.433000087738037,3.5490000247955322,38010,0.0,0.0,2024-03-20,3.8709999918937683,0.33152182726323026,4.202521819156998,3.539478164630538,4.534043646420229,3.2079563373673077,-27.90425522786193,-101.42935917275919,1876140,49196.749042804186,31609.085766494238,3.8553384725566224,33.63612458022662,3.5903333822886148,3.7476666768391924,3.391666730244954,3.946333328882853,3.2343334356943765,4.103666623433431,3.035666783650716,-0.3714851705522061,-84.13956995419565,-0.16376568633794797,-0.12655794882128235,-0.03720773751666562,38.83650988297794,13.89626225520063,3.55,3.8709999918937683,4.0724599742889405,3.602279987335205,AJCON.BO,2025-07-21 02:11:32.462794
321,2024-03-19 00:00:00+05:30,3.690000057220459,3.825000047683716,3.3489999771118164,3.4110000133514404,3550,0.0,0.0,2024-03-19,3.915299987792969,0.345146032414776,4.260446020207745,3.570153955378193,4.605592052622521,3.225007922963417,-78.46812489126071,-121.43283828346317,1838130,4416.137706983748,27212.169947416747,3.8567824098036496,34.513885948603445,3.5283333460489907,3.707666714986165,3.2316666444142657,4.00433341662089,3.0523332754770913,4.1836667855580645,2.7556665738423662,-0.37036680787528964,-95.08326498416152,-0.16632863860114,-0.11725601444211592,-0.04907262415902408,32.222369296658854,13.903534756882786,3.5381999969482423,3.915299987792969,4.0961799764633176,3.5947899866104125,AJCON.BO,2025-07-21 02:11:32.462794
322,2024-03-18 00:00:00+05:30,3.680000066757202,3.680000066757202,3.565000057220459,3.569999933242798,460,0.0,0.0,2024-03-18,3.9683499932289124,0.34509345827114085,4.313443451500053,3.6232565349577714,4.658536909771194,3.2781630766866305,-43.38582877611779,-110.41371785409953,1841680,598.9058744005403,32911.17800752499,3.85697874196179,33.818852557985025,3.6050000190734863,3.6449999809265137,3.5299999713897705,3.7200000286102295,3.490000009536743,3.759999990463257,3.4149999618530273,-0.32465709523517544,-85.24591605594706,-0.1534989530443518,-0.1049878584023599,-0.048511094641991895,36.39956279581646,13.911366681771263,3.567799997329712,3.9683499932289124,4.126019973754882,3.589179985523224,AJCON.BO,2025-07-21 02:11:32.462794
323,2024-03-15 00:00:00+05:30,3.8239998817443848,3.8239998817443848,3.390000104904175,3.569999933242798,11460,0.0,0.0,2024-03-15,4.008049988746643,0.3425165877514233,4.350566576498067,3.66553340099522,4.69308316424949,3.3230168132437967,-58.66268101765894,-120.05214092731424,1842140,14920.568088326503,40989.2460408061,3.8569951204049677,32.31647278859275,3.5946666399637857,3.7993331750233965,3.3653333981831866,4.028666416803995,3.1606668631235757,4.2333329518636065,2.9313336213429766,-0.3295139137980861,-85.24591605594706,-0.15040640905497193,-0.09286008474186191,-0.05754632431311002,36.39956279581646,14.872623650250045,3.576800012588501,4.008049988746643,4.1528199720382695,3.5821799850463867,AJCON.BO,2025-07-21 02:11:32.462794
324,2024-03-14 00:00:00+05:30,3.690000057220459,3.694999933242798,3.5,3.6500000953674316,2130,0.0,0.0,2024-03-14,4.053599989414215,0.34177034495307157,4.3953703343672865,3.711829644461143,4.737140679320358,3.3700592995080716,-65.89534392543483,-122.60313920159848,1853600,2835.33913606918,47506.415528925994,3.8574037615802466,31.9060643636154,3.615000009536743,3.7300000190734863,3.5350000858306885,3.809999942779541,3.4200000762939453,3.924999952316284,3.3400001525878906,-0.20720556819764377,-79.53604179732446,-0.144168130628342,-0.07847350366358441,-0.06569462696475759,38.55433296249582,15.907823462457964,3.6048000335693358,4.053599989414215,4.174759969711304,3.5747799849510193,AJCON.BO,2025-07-21 02:11:32.462794
325,2024-03-13 00:00:00+05:30,3.5,3.5,3.4030001163482666,3.490000009536743,3860,0.0,0.0,2024-03-13,4.08699997663498,0.332774273785103,4.419774250420082,3.7542257028498764,4.752548524205186,3.4214514290647737,-130.75999401628917,-171.20360011319136,1851470,4912.9830528045795,58674.18462714019,3.8574586643019613,30.71571958573358,3.4643333752950034,3.52566663424174,3.428666750590007,3.561333258946737,3.36733349164327,3.6226665178934736,3.3316668669382734,-0.20326635097339016,-93.26626242539962,-0.14187568208488033,-0.062049846922395006,-0.07982583516248531,30.964689363349876,16.39924896204499,3.6350000381469725,4.08699997663498,4.182779970169068,3.566549983024597,AJCON.BO,2025-07-21 02:11:32.462794
326,2024-03-12 00:00:00+05:30,3.559999942779541,3.5899999141693115,3.555000066757202,3.559000015258789,23580,0.0,0.0,2024-03-12,4.124999976158142,0.3030820347692355,4.428082010927377,3.8219179413889064,4.731164045696612,3.5188359066196706,-117.03430996683778,-157.8707387533974,1855330,30605.841432347792,72114.48502072408,3.857635025083976,35.955635975446825,3.567999998728434,3.580999930699666,3.5460000832875567,3.6029998461405435,3.5330001513163247,3.6159997781117754,3.5110002358754473,-0.10805193243245222,-95.42635527104682,-0.12103343751053375,-0.04209338813177367,-0.07894004937876008,32.60055839972368,15.864116703100223,3.7058000564575195,4.124999976158142,4.191839971542358,3.5591499829292297,AJCON.BO,2025-07-21 02:11:32.462794
327,2024-03-11 00:00:00+05:30,3.7899999618530273,3.8389999866485596,3.5,3.615000009536743,12620,0.0,0.0,2024-03-11,4.141849970817566,0.2783146936256079,4.420164664443173,3.8635352771919576,4.698479358068782,3.5852205835663495,-106.36559715015817,-146.8701356064707,1878910,16637.964407985462,82491.64591781815,3.8585131694755472,33.911235497951935,3.6513333320617676,3.802666664123535,3.4636666774749756,3.990333318710327,3.312333345413208,4.141666650772095,3.124666690826416,-0.10586274409012635,-91.08527031492693,-0.09931066377039022,-0.022358375787083648,-0.07695228798330657,34.0315327230565,15.881223475303715,3.766200065612793,4.141849970817566,4.186379971504212,3.552069983482361,AJCON.BO,2025-07-21 02:11:32.462794
328,2024-03-07 00:00:00+05:30,3.8010001182556152,3.890000104904175,3.700000047683716,3.7100000381469727,99430,0.0,0.0,2024-03-07,4.165649974346161,0.24977972731722548,4.4154297016633866,3.915870247028936,4.665209428980612,3.66609051971171,-90.69766848036514,-123.72002349244178,1891530,134531.46970701634,98955.06629527631,3.858897006814463,58.793893953028885,3.7666667302449546,3.8333334128061933,3.6433333555857343,3.9566667874654136,3.5766666730244956,4.023333470026652,3.4533332983652754,-0.143066458523478,-99.0825696100281,-0.07550937464908936,-0.0031203037912570022,-0.07238907085783236,36.511834488551486,15.899646153061322,3.813200044631958,4.165649974346161,4.180339970588684,3.546569983959198,AJCON.BO,2025-07-21 02:11:32.462794
329,2024-03-06 00:00:00+05:30,3.799999952316284,3.9700000286102295,3.7990000247955322,3.8010001182556152,19140,0.0,0.0,2024-03-06,4.195249974727631,0.2269778111765805,4.422227785904211,3.9682721635510503,4.649205597080791,3.7412943523744695,-85.88636316160631,-105.58036231765622,1990960,26532.144248973662,90060.96544234129,3.8607693952532744,65.73664901537508,3.8566667238871255,3.914333422978719,3.7433334191640215,4.027666727701822,3.6856667200724282,4.085333426793416,3.5723334153493242,-0.12166632264215944,-91.95709061994373,-0.05324849405162624,0.014976963923201086,-0.06822545797482732,38.87997121858979,16.756005958108656,3.899399995803833,4.195249974727631,4.175599970817566,3.538459982872009,AJCON.BO,2025-07-21 02:11:32.462794
330,2024-03-05 00:00:00+05:30,3.8610000610351562,3.8610000610351562,3.7109999656677246,3.8440001010894775,92890,0.0,0.0,2024-03-05,4.224899971485138,0.21093099480956073,4.435830966294699,4.013968976675578,4.64676196110426,3.8030379818660167,-132.08182068117102,-128.2754733801595,2010100,130222.15754111322,105943.17074068318,3.860914427691012,70.61631430154657,3.805333375930786,3.8996667861938477,3.749666690826416,3.9553334712982178,3.6553332805633545,4.049666881561279,3.5996665954589844,0.019980696521326374,-88.1143752985559,-0.03290315490267126,0.03203332841690792,-0.06493648331957919,39.949309704904955,17.950212732644758,3.993399953842163,4.224899971485138,4.166259970664978,3.529919981956482,AJCON.BO,2025-07-21 02:11:32.462794
331,2024-03-04 00:00:00+05:30,3.9100000858306885,4.089000225067139,3.7660000324249268,3.8610000610351562,29880,0.0,0.0,2024-03-04,4.217899966239929,0.22602024576141372,4.443920212001343,3.9918797204785155,4.669940457762756,3.7658594747171015,-152.0021904654884,-105.54793157667523,2102990,42073.91593371648,99873.42404057566,3.8611159920232883,78.8161811554076,3.9053334395090737,4.044666846593221,3.721666653951009,4.228333632151285,3.582333246866862,4.367667039235433,3.398666461308797,-0.04762653868939228,-87.69229375067157,-0.010591269681924587,0.048267449246802714,-0.0588587189287273,40.46604164641096,18.902802428044097,4.07839994430542,4.217899966239929,4.160379967689514,3.519109981060028,AJCON.BO,2025-07-21 02:11:32.462794
332,2024-03-01 00:00:00+05:30,4.10099983215332,4.10099983215332,3.7249999046325684,3.8499999046325684,132660,0.0,0.0,2024-03-01,4.217599964141845,0.2265223246439638,4.444122288785809,3.9910776394978815,4.670644613429773,3.7645553148539177,-201.99096702014447,-113.94322111488489,2073110,186265.8527220148,114323.30106729045,3.8611164381293364,80.9063457802705,3.891999880472819,4.058999856313069,3.6829999287923174,4.26799980799357,3.515999952952067,4.434999783833821,3.3070000012715655,-0.044745056527305455,-88.68778300069087,0.01646093988153119,0.06298212897898453,-0.04652118909745334,40.106356850511844,20.170728763753395,4.143599891662598,4.217599964141845,4.153559966087341,3.5083499813079833,AJCON.BO,2025-07-21 02:11:32.462794
333,2024-02-29 00:00:00+05:30,4.110000133514404,4.610000133514404,4.079999923706055,4.140999794006348,92200,0.0,0.0,2024-02-29,4.222549962997436,0.21902427868537075,4.441574241682807,4.0035256843120655,4.660598520368178,3.784501405626695,-68.64665457642039,-8.731105863934468,2205770,139241.49039604428,96337.66315360935,3.8613096576926007,87.31638868951546,4.2769999504089355,4.473999977111816,3.943999767303467,4.807000160217285,3.746999740600586,5.004000186920166,3.413999557495117,-0.017073186385426885,-67.5490335866336,0.05192990631861161,0.07461242625334787,-0.02268251993473626,47.89926344352574,21.536187894517255,4.242199897766113,4.222549962997436,4.1471799659729,3.499129981994629,AJCON.BO,2025-07-21 02:11:32.462794
334,2024-02-28 00:00:00+05:30,4.043000221252441,4.488999843597412,4.043000221252441,4.270999908447266,38800,0.0,0.0,2024-02-28,4.206049978733063,0.23716959524879128,4.443219573981854,3.9688803834842714,4.680389169230645,3.73171078823548,-89.83191654343639,-12.5341616027353,2297970,60435.7367698996,85611.70634300061,3.857889642100321,78.40730594645444,4.267666657765706,4.492333094278971,4.046333471934,4.713666280110677,3.8216670354207354,4.9383327166239415,3.6003338495890294,0.021997540808776736,-54.80392408939294,0.067895034753235,0.08028305623703193,-0.012388021483796932,52.11432630649939,21.669959814128983,4.280999946594238,4.206049978733063,4.137419972419739,3.487009983062744,AJCON.BO,2025-07-21 02:11:32.462794
335,2024-02-27 00:00:00+05:30,4.3979997634887695,4.3979997634887695,4.019999980926514,4.269000053405762,13660,0.0,0.0,2024-02-27,4.186749982833862,0.2471036141147671,4.433853596948629,3.939646368719095,4.680957211063396,3.692542754604328,-134.28119432468597,-21.969385276450137,2259170,21267.154828254275,91905.69873627587,3.8557528696081347,79.92278310623894,4.228999932607015,4.437999884287516,4.06000010172526,4.6069997151692705,3.851000150044759,4.8159996668497715,3.682000319163004,0.021312827923296505,-54.99998831281453,0.07450348284575714,0.08338006160798116,-0.008876578762224016,52.11432630649939,22.29311705174113,4.305599975585937,4.186749982833862,4.12803997516632,3.47240998506546,AJCON.BO,2025-07-21 02:11:32.462794
336,2024-02-26 00:00:00+05:30,4.304999828338623,4.429999828338623,4.116000175476074,4.186999797821045,23790,0.0,0.0,2024-02-26,4.163999974727631,0.25975393470803676,4.423753909435668,3.904246040019594,4.683507844143704,3.6444921053115573,-106.8214852780043,-13.481031599860472,2245510,36327.03189226608,109565.33471328125,3.854998971339019,84.09189097296395,4.244333267211914,4.372666358947754,4.058666706085205,4.558332920074463,3.9303336143493652,4.686666011810303,3.7446670532226562,0.017571380288535277,-63.039229206743975,0.08203241373578862,0.08559920629853716,-0.0035667925627485414,49.768880820317825,23.345439825905018,4.338799953460693,4.163999974727631,4.108059973716736,3.458289985656738,AJCON.BO,2025-07-21 02:11:32.462794
337,2024-02-23 00:00:00+05:30,4.230999946594238,4.585999965667725,4.230999946594238,4.3429999351501465,16270,0.0,0.0,2024-02-23,4.1461999893188475,0.2700870393158118,4.41628702863466,3.876112950003036,4.686374067950471,3.606025910687224,12.082798487529384,27.26818924801821,2269300,25769.732418195545,127874.91041853503,3.853940771247645,79.67981199695558,4.386666615804036,4.542333285013834,4.187333265940348,4.7416666348775225,4.03166659673055,4.89733330408732,3.8323332468668614,0.015757897862010078,-41.446809218662715,0.09850459415658541,0.08649090443922429,0.012013689717361123,54.74901903471448,23.981487723183637,4.395800018310547,4.1461999893188475,4.078819975852967,3.443919987678528,AJCON.BO,2025-07-21 02:11:32.462794
338,2024-02-22 00:00:00+05:30,4.598999977111816,4.695000171661377,4.320000171661377,4.335000038146973,16790,0.0,0.0,2024-02-22,4.123349988460541,0.2718866419145842,4.395236630375125,3.851463346545957,4.667123272289709,3.5795767046313727,48.753942206184384,45.06352602197643,2253030,26544.364663202883,153401.2049186199,3.8528723786721955,80.5726695969328,4.450000127156575,4.5800000826517735,4.2050000826517735,4.825000127156575,4.075000127156575,4.9550000826517735,3.8300000826517735,0.0030049766129567564,-42.12765154443504,0.10273783292569938,0.08348748200988401,0.019250350915815367,54.48469520954363,24.03891961547298,4.4,4.123349988460541,4.049019975662231,3.429429988861084,AJCON.BO,2025-07-21 02:11:32.462794
339,2024-02-21 00:00:00+05:30,4.789999961853027,4.789999961853027,4.361000061035156,4.394000053405762,42610,0.0,0.0,2024-02-21,4.112199985980988,0.26728372495000846,4.379483710930996,3.8449162610309795,4.646767435881005,3.577632536080971,84.444881831547,61.434570475820266,2269820,68281.66857871052,185115.41498247415,3.851783010121321,81.62035635414944,4.515000025431315,4.6689999898274746,4.2400000890096035,4.9439999262491865,4.086000124613444,5.097999890645346,3.8110001881917324,0.010647521849974572,-37.10637344629708,0.10738889616183744,0.07867489428093018,0.028714001880907267,56.317508879594634,23.59189854294345,4.429199981689453,4.112199985980988,4.018959975242614,3.415039987564087,AJCON.BO,2025-07-21 02:11:32.462794
340,2024-02-20 00:00:00+05:30,4.432000160217285,4.698999881744385,4.304999828338623,4.434999942779541,54070,0.0,0.0,2024-02-20,4.101099979877472,0.2594601435363042,4.3605601234137765,3.8416398363411677,4.62002026695008,3.5821796928048637,81.9379944564938,56.93283072187253,2312430,87454.57253776303,214323.85158341503,3.8486558919598193,80.75907597899288,4.479666550954183,4.654333273569742,4.2603332201639805,4.873666604359944,4.085666497548421,5.048333326975504,3.866333166758219,0.02495490643535567,-33.61702101756242,0.10590595446652973,0.07149639381070336,0.03440956065582637,57.51521591792959,22.875737616582242,4.413999938964844,4.101099979877472,3.9887599754333496,3.3986899876594543,AJCON.BO,2025-07-21 02:11:32.462794
341,2024-02-19 00:00:00+05:30,4.650000095367432,4.75,4.300000190734863,4.4720001220703125,357890,0.0,0.0,2024-02-19,4.090649974346161,0.2493146913519189,4.33996466569808,3.841335282994242,4.589279357049999,3.5920205916423233,100.97417820035493,64.88806925304422,2366500,583692.2186613046,246041.17134482804,3.8443331579551314,84.03417244909443,4.507333437601726,4.714666684468588,4.264666875203451,4.957333246866862,4.057333628336589,5.1646664937337246,3.8146670659383144,0.031141795367289997,-30.4680694607702,0.09836483615365665,0.06289400364674676,0.0354708325069099,58.67390652605752,22.36722164823801,4.376999950408935,4.090649974346161,3.9567199754714966,3.380619988441467,AJCON.BO,2025-07-21 02:11:32.462794
342,2024-02-16 00:00:00+05:30,4.829999923706055,4.829999923706055,4.201000213623047,4.363999843597412,36360,0.0,0.0,2024-02-16,4.076699960231781,0.23420121724974358,4.310901177481524,3.842498742982037,4.545102394731268,3.6082975257322936,101.60489140810819,59.83251507822864,2008610,57868.35461449488,161628.40951570892,3.812133181493902,78.54203840682379,4.464999993642171,4.728999773661295,4.100000063578287,5.093999703725179,3.836000283559163,5.357999483744303,3.4710003534952794,0.09476701846832775,-39.659582895302584,0.08357558616908989,0.05402629552001928,0.02954929064907061,56.43263737685612,21.819589066944225,4.261799907684326,4.076699960231781,3.9261599731445314,3.362449986934662,AJCON.BO,2025-07-21 02:11:32.462794
343,2024-02-15 00:00:00+05:30,4.150000095367432,4.599999904632568,4.03000020980835,4.480999946594238,174020,0.0,0.0,2024-02-15,4.073349964618683,0.23032247392893876,4.303672438547622,3.843027490689744,4.533994912476561,3.6127050167608057,85.33928889938754,45.16832502881038,2044970,284384.96769350104,187568.4232410124,3.809241807998556,75.97920305426882,4.370333353678386,4.710666497548422,4.140666802724203,4.9403330485026045,3.800333658854167,5.280666192372641,3.5706671078999843,0.11795294691524524,-23.162796412499166,0.07401095889952725,0.046638972857751634,0.02737198604177561,59.713164431376654,21.229830902473992,4.207199954986573,4.073349964618683,3.8965199756622315,3.345329988002777,AJCON.BO,2025-07-21 02:11:32.462794
344,2024-02-14 00:00:00+05:30,4.39900016784668,4.599999904632568,4.110000133514404,4.317999839782715,126950,0.0,0.0,2024-02-14,4.065599977970123,0.218170960559112,4.283770938529235,3.8474290174110113,4.501941899088347,3.6292580568518993,92.14832176874641,42.63256077664631,1870950,199916.14116327037,163364.28712789025,3.7919640586886474,69.7080416658192,4.3426666259765625,4.575333118438721,4.085333347320557,4.832666397094727,3.8526668548583984,5.065332889556885,3.5953335762023926,0.019324355471868452,-38.32559637355377,0.04912122204108904,0.03979597634730773,0.009325245693781313,56.58874235905693,21.217615546081518,4.171399974822998,4.065599977970123,3.8644399785995485,3.327019989490509,AJCON.BO,2025-07-21 02:11:32.462794
345,2024-02-13 00:00:00+05:30,4.004000186920166,4.297999858856201,3.9149999618530273,4.25,160360,0.0,0.0,2024-02-13,4.066599977016449,0.21943093586939438,4.286030912885844,3.8471690411470547,4.505461848755238,3.6277381052776603,49.06654019415576,11.442250456716652,1744000,248552.14237779647,154226.3236190452,3.781905187481814,65.19101200729136,4.154333273569743,4.393666585286459,4.010666688283285,4.537333170572917,3.7713333765665693,4.776666482289633,3.6276667912801113,0.014614918999536423,-44.65116258438631,0.03256359640011475,0.0374646649238624,-0.004901068523747651,55.17651193102362,20.84477598536073,4.186600017547607,4.066599977016449,3.8340799808502197,3.3108499908447264,AJCON.BO,2025-07-21 02:11:32.462794
346,2024-02-12 00:00:00+05:30,4.199999809265137,4.199999809265137,3.809999942779541,3.8959999084472656,27080,0.0,0.0,2024-02-12,4.077399981021881,0.2337791185244365,4.311179099546318,3.8436208624974446,4.544958218070755,3.6098417439730084,-8.014399383920818,-15.994432965345773,1583640,38476.905017415316,130644.8689293574,3.7703187466050454,57.365211599788815,3.9686665534973145,4.127333164215088,3.737333297729492,4.35866641998291,3.5786666870117188,4.517333030700684,3.3473334312438965,-0.1019364521988763,-77.58140219837445,0.017568384211103627,0.038689932054799314,-0.021121547843695687,47.20195939419772,21.331080113305184,4.077400016784668,4.077399981021881,3.8059799814224244,3.295349991321564,AJCON.BO,2025-07-21 02:11:32.462794
347,2024-02-09 00:00:00+05:30,4.510000228881836,4.510000228881836,4.010000228881836,4.091000080108643,113650,0.0,0.0,2024-02-09,4.110099995136261,0.25209229745975914,4.362192292596021,3.858007697676502,4.61428459005578,3.605915400216743,83.07997467108548,26.354138454061367,1610720,169563.144288797,153686.8599073429,3.7697912032643206,59.85569967460723,4.2036668459574384,4.397333463033041,3.897333463033041,4.7036668459574384,3.7036668459574384,4.897333463033041,3.397333463033041,-0.08913602848568508,-59.44185215076836,0.032967426346107054,0.043970319015723236,-0.011002892669616182,52.1223793953818,22.1793434474302,4.069200038909912,4.110099995136261,3.784459981918335,3.283539991378784,AJCON.BO,2025-07-21 02:11:32.462794
348,2024-02-08 00:00:00+05:30,4.699999809265137,4.730000019073486,4.13700008392334,4.302000045776367,127890,0.0,0.0,2024-02-08,4.132349979877472,0.26936422041826974,4.401714200295742,3.8629857594592023,4.671078420714012,3.5936215390409325,195.8371595041251,57.45136147685622,1724370,200650.16965281134,149717.78881197938,3.764031302216906,67.9379798816513,4.389666716257731,4.642333348592123,4.0493334134419765,4.982666651407878,3.796666781107585,5.2353332837422695,3.45633347829183,-0.05369283776278758,-39.81394923835802,0.032978797834936735,0.04672104218312728,-0.013742244348190547,58.01920883384746,22.21728189239855,4.040799999237061,4.132349979877472,3.7594199800491332,3.2697799897193907,AJCON.BO,2025-07-21 02:11:32.462794
349,2024-02-07 00:00:00+05:30,3.8889999389648438,4.443999767303467,3.88700008392334,4.394000053405762,276450,0.0,0.0,2024-02-07,4.1463499665260315,0.2854422594234496,4.431792225949481,3.860907707102582,4.717234485372931,3.5754654476791323,182.7764180854996,39.85691231976225,1852260,443005.5686126384,136984.69360177137,3.752952193395944,55.319161362887726,4.2416666348775225,4.596333185831705,4.039333502451578,4.798666318257649,3.6846669514973955,5.153332869211832,3.4823338190714512,-0.026977412286676362,-21.798927595678393,0.011713378382375517,0.05015660327017492,-0.0384432248877994,60.75455113073487,21.651686808301918,3.9426000118255615,4.1463499665260315,3.7277399778366087,3.2549699902534486,AJCON.BO,2025-07-21 02:11:32.462794
350,2024-02-06 00:00:00+05:30,3.8450000286102295,3.8459999561309814,3.6549999713897705,3.7039999961853027,127170,0.0,0.0,2024-02-06,4.15999995470047,0.3038427262360432,4.463842680936513,3.8561572284644265,4.767685407172556,3.5523145022283833,-114.58043503479512,-26.679995128282812,1575810,171786.16404867067,60479.47484905459,3.7230849342357315,29.20596614086618,3.734999974568685,3.8149999777475996,3.6239999930063886,3.925999959309896,3.543999989827474,4.0059999624888105,3.4330000082651777,-0.3765097292846502,-94.8148118246541,-0.024750884825425423,0.059767409492124765,-0.08451829431755019,40.92825580513766,21.891601723722008,3.8407999992370607,4.15999995470047,3.695659976005554,3.2395499897003175,AJCON.BO,2025-07-21 02:11:32.462794
351,2024-02-05 00:00:00+05:30,3.9489998817443848,4.098999977111816,3.811000108718872,3.8550000190734863,8060,0.0,0.0,2024-02-05,4.211549961566925,0.30980714058197906,4.5213571021489045,3.9017428209849463,4.831164242730884,3.591935680402967,-33.977226371219984,2.0288893123045995,1702980,11331.618886437456,32652.80254915056,3.72350293104127,33.8713414229489,3.921666701634725,4.032333294550578,3.7443334261576338,4.20966657002767,3.6336668332417807,4.320333162943522,3.4563335577646894,-0.43111400378057174,-79.05261998163424,-0.0031066270118014216,0.0808969830715123,-0.08400361008331372,45.57604462507262,22.26055565612137,3.8627999782562257,4.211549961566925,3.677579975128174,3.2310199904441834,AJCON.BO,2025-07-21 02:11:32.462794
352,2024-02-02 00:00:00+05:30,3.994999885559082,3.994999885559082,3.73799991607666,3.9489998817443848,18560,0.0,0.0,2024-02-02,4.2639499545097355,0.3340098298974169,4.597959784407152,3.9299401246123185,4.9319696143045695,3.5959302947149014,-52.2388334793042,1.7199000805031828,1711040,26729.917962100306,37983.098464828836,3.723320141226094,31.465667524545538,3.8939998944600425,4.049999872843425,3.792999903361003,4.150999863942465,3.6369999249776206,4.306999842325847,3.535999933878581,-0.39280257796193296,-72.84523455720775,0.009780437586528912,0.10189788559234073,-0.09211744800581181,48.65434766244919,23.413532504218704,3.8579999923706056,4.2639499545097355,3.657139973640442,3.2209699892997743,AJCON.BO,2025-07-21 02:11:32.462794
353,2024-02-01 00:00:00+05:30,3.984999895095825,3.984999895095825,3.6559998989105225,3.811000108718872,7790,0.0,0.0,2024-02-01,4.311999952793121,0.35479420513703047,4.666794157930151,3.9572057476560905,5.021588363067182,3.60241154251906,-90.79434895162377,-4.31809064051594,1692480,10827.020325226575,40796.39359051097,3.722595432073398,26.871907295014395,3.8173333009084067,3.978666702906291,3.6496667067209883,4.14633329709371,3.488333304723104,4.307666699091594,3.3206667105356855,-0.20779589290488804,-86.3315519219501,0.016874034762461854,0.12492724759379369,-0.10805321283133183,43.10347415481047,24.002023098904576,3.84539999961853,4.311999952793121,3.6348399782180785,3.209989991188049,AJCON.BO,2025-07-21 02:11:32.462794
354,2024-01-31 00:00:00+05:30,3.986999988555908,3.986999988555908,3.7850000858306885,3.884999990463257,37410,0.0,0.0,2024-01-31,4.3547999382019045,0.342597424999332,4.697397363201237,4.012202513202572,5.039994788200568,3.6696050882032405,-88.6886152986843,6.527616595271587,1700270,53004.319541923294,48288.73690683206,3.7224761180084203,24.11590608065096,3.8856666882832847,3.986333290735881,3.784333388010661,4.087666591008505,3.683666785558065,4.188333193461101,3.5823334852854414,0.06863607339646075,-85.7369211737599,0.039291208266548416,0.15194055080162663,-0.11264934253507822,45.381296643575915,24.57239861946603,3.9055999755859374,4.3547999382019045,3.6126599740982055,3.2017899894714357,AJCON.BO,2025-07-21 02:11:32.462794
355,2024-01-30 00:00:00+05:30,3.7049999237060547,3.99399995803833,3.7049999237060547,3.813999891281128,9550,0.0,0.0,2024-01-30,4.363099944591522,0.3324780526425049,4.695577997234027,4.030621891949018,5.0280560498765325,3.6981438393065127,-133.12660840748939,3.921669054449499,1662860,13283.624213553469,47109.84124805925,3.7214158691875014,26.69707423306754,3.8376665910085044,3.970333258310954,3.6813332239786787,4.12666662534078,3.548666556676229,4.2593332926432295,3.3923331896464033,0.03867847305955518,-91.58301458274725,0.06010879495579502,0.18010288643539618,-0.11999409147960116,42.5628091753813,25.784714757317218,3.962999963760376,4.363099944591522,3.5880199766159055,3.1914399886131286,AJCON.BO,2025-07-21 02:11:32.462794
356,2024-01-29 00:00:00+05:30,4.130000114440918,4.130000114440918,3.7309999465942383,3.8310000896453857,32270,0.0,0.0,2024-01-29,4.369549953937531,0.3223623681082184,4.6919123220457495,4.047187585829312,5.014274690153968,3.724825217721094,-160.58266756547914,12.861103371274265,1672410,45086.20286255314,55566.395506685694,3.721261426909028,20.550772694723207,3.8973333835601807,4.063666820526123,3.6646666526794434,4.29633355140686,3.498333215713501,4.462666988372803,3.2656664848327637,0.1683658044216375,-92.11976841271475,0.09284330897048232,0.21010140930529644,-0.11725810033481412,43.15360728858943,27.09028598269542,4.045399951934814,4.369549953937531,3.5673399782180786,3.1831999897956846,AJCON.BO,2025-07-21 02:11:32.462794
357,2024-01-25 00:00:00+05:30,4.110000133514404,4.198999881744385,3.8550000190734863,3.885999917984009,34810,0.0,0.0,2024-01-25,4.342299950122833,0.3868649767399094,4.729164926862743,3.955434973382924,5.116029903602652,3.5685699966430144,-173.71340024951846,23.85980680030296,1704680,49333.206441961906,58186.44366771883,3.7206393553706536,17.315965126190065,3.9799999396006265,4.104999860127767,3.760999997456868,4.3239998022715245,3.636000076929728,4.448999722798665,3.4170001347859698,0.17115988839639498,-97.58755621855101,0.13167242769628373,0.23941593438899994,-0.1077435066927162,44.590438947322134,28.61177955382664,4.117799901962281,4.342299950122833,3.546859974861145,3.1739399886131285,AJCON.BO,2025-07-21 02:11:32.462794
358,2024-01-24 00:00:00+05:30,4.255000114440918,4.300000190734863,4.017000198364258,4.111999988555908,5740,0.0,0.0,2024-01-24,4.313649952411652,0.4400034682608697,4.753653420672522,3.873646484150782,5.193656888933391,3.433643015889912,-122.11829545354672,42.8165633102336,1739490,8607.906290198347,60399.75297415805,3.71962197942581,31.147045443545053,4.14300012588501,4.269000053405762,3.9860000610351562,4.426000118255615,3.8600001335144043,4.552000045776367,3.703000068664551,0.17656503203623192,-91.54053265656123,0.17397377952102566,0.266351811062179,-0.09237803154115332,51.98356263191091,30.811095674970037,4.199999904632568,4.313649952411652,3.5246999788284303,3.1627499890327453,AJCON.BO,2025-07-21 02:11:32.462794
359,2024-01-23 00:00:00+05:30,4.599999904632568,4.599999904632568,4.130000114440918,4.171999931335449,13790,0.0,0.0,2024-01-23,4.281699955463409,0.47705629672418476,4.758756252187594,3.8046436587392245,5.235812548911779,3.32758736201504,-64.05676513428898,61.35095705987195,1745230,20981.720237806425,73347.71464514798,3.719223502780214,63.36132218579297,4.3006666501363116,4.471333185831705,4.001333395640055,4.770666440327962,3.830666859944661,4.9413329760233555,3.5313336054484044,0.20318211265575467,-87.28585857152623,0.20323877938393853,0.2894463189474673,-0.08620753956352878,54.15873390177526,32.371552534234446,4.242799949645996,4.281699955463409,3.4964599800109863,3.150639989376068,AJCON.BO,2025-07-21 02:11:32.462794
360,2024-01-19 00:00:00+05:30,4.548999786376953,4.548999786376953,4.170000076293945,4.22599983215332,12570,0.0,0.0,2024-01-19,4.239799964427948,0.5218923164930419,4.76169228092099,3.717907647934906,5.283584597414031,3.1960153314418642,-69.68155432347666,66.41427962701312,1759020,19373.018196501755,86439.21324698336,3.71811612635342,76.28513444500899,4.314999898274739,4.459999720255533,4.0810000101725254,4.693999608357747,3.9360001881917315,4.838999430338541,3.7020003000895176,0.2026197438158997,-70.90769426261969,0.23171838667128952,0.3109982038383495,-0.07927981716705995,55.97101116476883,33.42859775030258,4.275999927520752,4.239799964427948,3.4681199836730956,3.1379299902915956,AJCON.BO,2025-07-21 02:11:32.462794
361,2024-01-18 00:00:00+05:30,4.284999847412109,4.389999866485596,4.119999885559082,4.192999839782715,17190,0.0,0.0,2024-01-18,4.205999970436096,0.544244770371435,4.750244740807531,3.661755200064661,5.294489511178966,3.117510429693226,-116.27543278004346,62.37067881893539,1746450,26286.529736847442,103205.76200960376,3.7169813349406753,79.16113210689836,4.234333197275798,4.348666508992514,4.078666528066,4.5043331782023115,3.964333216349284,4.618666489919027,3.8086665471394863,0.19346712767854488,-61.49350975070086,0.2593518574863456,0.33081815813011445,-0.07146630064376885,55.134571683688804,34.765411507655934,4.323999977111816,4.205999970436096,3.4385999870300292,3.124679992198944,AJCON.BO,2025-07-21 02:11:32.462794
362,2024-01-17 00:00:00+05:30,4.385000228881836,4.440000057220459,4.031000137329102,4.296999931335449,54200,0.0,0.0,2024-01-17,4.172349977493286,0.5654818891960333,4.737831866689319,3.6068680882972526,5.303313755885353,3.041386199101219,-131.741419614183,68.01501519300749,1763640,84937.04869807979,122435.57007779283,3.7155223686927283,82.17095134687676,4.25600004196167,4.480999946594238,4.072000026702881,4.664999961853027,3.8470001220703125,4.889999866485596,3.6630001068115234,0.16777889665503667,-45.81521600400336,0.2940514995589947,0.34868473329105665,-0.05463323373206197,58.579123678505326,36.857702457009985,4.395400047302246,4.172349977493286,3.409259991645813,3.112249994277954,AJCON.BO,2025-07-21 02:11:32.462794
363,2024-01-16 00:00:00+05:30,4.5,4.589000225067139,4.309999942779541,4.326000213623047,42730,0.0,0.0,2024-01-16,4.13404997587204,0.5822858803654825,4.716335856237523,3.5517640955065577,5.298621736603005,2.9694782151410752,-107.94440139378443,87.2446610666597,1817840,67414.28963700029,131810.20042272107,3.709848293383922,83.58885573596007,4.408333460489909,4.506666978200277,4.22766669591268,4.687333742777507,4.1293331782023115,4.785667260487875,3.948666413625082,0.1850624801791944,-43.18301113724792,0.3237797974451624,0.36234304172407217,-0.03856324427890978,59.61668344558543,39.11093886400667,4.443200016021729,4.13404997587204,3.3773199939727783,3.098699994087219,AJCON.BO,2025-07-21 02:11:32.462794
364,2024-01-15 00:00:00+05:30,4.466000080108643,4.605999946594238,4.242000102996826,4.3379998207092285,55290,0.0,0.0,2024-01-15,4.100399971008301,0.5900043577009308,4.690404328709231,3.51039561330737,5.280408686410162,2.920391255606439,-120.02683802565336,91.51390010043016,1860570,87471.91870083264,147909.17811915124,3.705071488612987,82.68709121335964,4.395333290100098,4.548666477203369,4.184666633605957,4.75933313369751,4.0313334465026855,4.912666320800781,3.820666790008545,0.20012082302423026,-42.546427123209426,0.3540791844007174,0.3719838527937996,-0.01790466839308219,59.94532283711493,40.043886495458935,4.494399929046631,4.100399971008301,3.3445999908447264,3.085439991950989,AJCON.BO,2025-07-21 02:11:32.462794
365,2024-01-12 00:00:00+05:30,4.550000190734863,4.735000133514404,4.302000045776367,4.466000080108643,9370,0.0,0.0,2024-01-12,4.0735999822616575,0.5908166399538055,4.664416622215463,3.482783342307852,5.255233262169268,2.8919667023540465,-48.84844658381162,108.442939363114,1915860,15261.276141048487,163018.49297373087,3.6986579676555755,85.2839183131755,4.501000086466472,4.700000127156576,4.267000039418539,4.934000174204509,4.0679999987284345,5.133000214894613,3.833999951680502,0.26839689001941486,-35.492354472068556,0.3863249657231944,0.3764600198920701,0.009864945831124294,64.2187080085371,41.04859932933061,4.560199928283692,4.0735999822616575,3.3100999927520753,3.0734599947929384,AJCON.BO,2025-07-21 02:11:32.462794
366,2024-01-11 00:00:00+05:30,4.789999961853027,4.789999961853027,4.331999778747559,4.550000190734863,11710,0.0,0.0,2024-01-11,4.0137999773025514,0.6092487199465259,4.623048697249077,3.4045512573560255,5.232297417195603,2.7953025374094995,-0.18517433764249056,122.56656309119212,1925230,19431.254643379893,199957.79718190146,3.697337978231344,84.98363945300102,4.557333310445149,4.78266684214274,4.3246666590372715,5.015333493550618,4.099333127339681,5.240667025248209,3.866666475931803,0.3151717188189819,-31.068967755486735,0.4091498425403155,0.3739937834342891,0.03515605910602643,66.94581462570382,41.79232066158698,4.613999938964843,4.0137999773025514,3.272879991531372,3.0601999950408936,AJCON.BO,2025-07-21 02:11:32.462794
367,2024-01-10 00:00:00+05:30,4.966000080108643,4.9670000076293945,4.510000228881836,4.535999774932861,41690,0.0,0.0,2024-01-10,3.9225499629974365,0.6593242037990089,4.581874166796445,3.2632257591984275,5.241198370595455,2.6039015553994185,36.734997610413096,145.01892888056247,1913520,68966.3834841839,245089.43281653183,3.695500973004693,83.28149497594087,4.671000003814697,4.831999778747559,4.375,5.127999782562256,4.214000225067139,5.288999557495117,3.9180002212524414,0.27298882025187915,-31.80621979984138,0.4239006232893443,0.3652047686577824,0.058695854631561906,66.78208083869791,42.42810083840129,4.684599876403809,3.9225499629974365,3.238119988441467,3.0446299934387206,AJCON.BO,2025-07-21 02:11:32.462794
368,2024-01-09 00:00:00+05:30,4.999000072479248,5.0,4.501999855041504,4.581999778747559,43030,0.0,0.0,2024-01-09,3.8383999705314635,0.683853319708595,4.522253290240059,3.1545466508228683,5.2061066099486535,2.4706933311142736,48.393904074623194,160.01736258081468,1955210,71904.97559209447,289120.1951496188,3.6890043232557517,85.36448170396997,4.6946665445963545,4.887333234151205,4.389333089192709,5.192666689554851,4.196666399637858,5.385333379109701,3.891332944234213,0.26738395825939887,-29.383891968131007,0.43774218469414183,0.35053080499989187,0.08721137969424997,68.35411446199971,42.09650579792039,4.759399890899658,3.8383999705314635,3.203979992866516,3.0307699966430666,AJCON.BO,2025-07-21 02:11:32.462794
369,2024-01-08 00:00:00+05:30,4.735000133514404,4.998000144958496,4.401000022888184,4.666999816894531,114050,0.0,0.0,2024-01-08,3.7508999824523928,0.6955583568438423,4.446458339296235,3.0553416256085506,5.142016696140077,2.3597832687647085,58.13993351229082,174.03487419734745,1998240,194117.909964731,343424.00003899983,3.681822747716313,77.6716659100964,4.688666661580403,4.976333300272623,4.379333178202311,5.285666783650716,4.091666539510091,5.573333422342936,3.782333056131998,0.27772289768649566,-24.907849771932973,0.4443008169549856,0.3287279600763294,0.1155728568786562,71.15365606418467,41.73940344663327,4.776399898529053,3.7508999824523928,3.1680399990081787,3.014949998855591,AJCON.BO,2025-07-21 02:11:32.462794
370,2024-01-05 00:00:00+05:30,4.90500020980835,5.139999866485596,4.701000213623047,4.735000133514404,109070,0.0,0.0,2024-01-05,3.6617499947547913,0.6861620679119358,4.347912062666727,2.975587926842856,5.034074130578663,2.2894258589309198,89.9493265471375,214.29972785134618,2112290,188346.62478603618,380750.522557567,3.6603658965687442,77.71680596110963,4.858666737874349,5.0163332621256504,4.577333609263102,5.2976663907368975,4.4196670850118,5.455332914988199,4.138333956400553,0.2883819093730624,-21.327000949029017,0.43759480727515276,0.2998347458566653,0.13776006141848746,73.3225106694749,41.35876247036984,4.653199958801269,3.6617499947547913,3.13210000038147,2.9982800006866457,AJCON.BO,2025-07-21 02:11:32.462794
371,2024-01-04 00:00:00+05:30,5.119999885559082,5.139999866485596,4.7230000495910645,4.9029998779296875,92060,0.0,0.0,2024-01-04,3.5666499853134157,0.6609255804355584,4.227575565748974,2.905724404877857,4.888501146184533,2.2447988244422987,123.62804876463942,251.50946240129502,2221360,164613.4762244862,428851.4970004496,3.6375065556428936,84.4989332690885,4.921999931335449,5.120999813079834,4.703999996185303,5.3389997482299805,4.505000114440918,5.537999629974365,4.2870001792907715,0.30610802200658077,-12.480252625774593,0.4156818575289374,0.26539473050204343,0.15028712702689395,78.73460114901388,39.20821836073765,4.494799947738647,3.5666499853134157,3.0933999967575074,2.979979999065399,AJCON.BO,2025-07-21 02:11:32.462794
372,2024-01-03 00:00:00+05:30,4.849999904632568,5.130000114440918,4.640999794006348,4.909999847412109,509450,0.0,0.0,2024-01-03,3.4686999917030334,0.5942535242785313,4.062953515981564,2.874446467424502,4.657207040260096,2.2801929431459707,175.9520383123202,287.14843443838544,2313420,912253.5843562632,494911.00219444046,3.6143700987080476,84.80718340385874,4.893666585286458,5.146333376566568,4.657333056131998,5.382666905721028,4.404666264851888,5.635333697001139,4.168332735697428,0.31761108142387856,-9.565228208025376,0.3647830022291867,0.22782294874531994,0.13696005348386675,79.05332477407583,36.75398419189102,4.171399974822998,3.4686999917030334,3.052339997291565,2.96,AJCON.BO,2025-07-21 02:11:32.462794
373,2024-01-02 00:00:00+05:30,4.199999809265137,4.849999904632568,3.8510000705718994,4.666999816894531,611680,0.0,0.0,2024-01-02,3.367299997806549,0.5010956541732043,3.8683956519797533,2.8662043436333446,4.369491306152957,2.3651086894601403,199.53521077240123,258.8587605231907,1803970,1041105.1570997514,390575.35665398475,3.468531418325524,78.21641386975327,4.455999930699666,5.060999790827433,4.061999956766764,5.454999764760335,3.457000096638997,6.059999624888102,3.063000122706095,0.35529040468673484,-8.531472697682348,0.2934006374307958,0.19358293537435323,0.09981770205644258,76.9762546657403,34.12096379548586,3.8519999980926514,3.367299997806549,3.0115399980545043,2.9389000010490416,AJCON.BO,2025-07-21 02:11:32.462794
374,2024-01-01 00:00:00+05:30,4.25,4.679999828338623,3.5999999046325684,4.051000118255615,282410,0.0,0.0,2024-01-01,3.2778000116348265,0.4079350866810607,3.685735098315887,2.8698649249537658,4.093670184996948,2.461929838272705,212.5113532929896,230.6864927908059,1192290,417229.35828711453,227942.906542543,3.281247671921548,71.96257470833716,4.110333283742269,4.620666662851969,3.540666739145914,5.190333207448323,3.030333360036214,5.7006665865580235,2.4606668154398594,0.2947106372960085,-31.84808812433982,0.2214959364530591,0.16862850986024258,0.05286742659281651,69.79043546127986,31.58122488395613,3.613200044631958,3.2778000116348265,2.9748000001907347,2.921630003452301,AJCON.BO,2025-07-21 02:11:32.462794
375,2023-12-29 00:00:00+05:30,3.299999952316284,3.943000078201294,3.299999952316284,3.943000078201294,323140,0.0,0.0,2023-12-29,3.21525000333786,0.3779455603384667,3.5931955636763266,2.837304442999393,3.9711411240147934,2.4593588826609265,102.50823320197223,177.62654762944723,909880,464675.7831545713,180621.29360640008,3.2213924494269572,67.13541898542789,3.7286667029062905,4.157333453496297,3.514333327611287,4.3716668287913,3.0856665770212808,4.800333579381307,2.8713332017262774,0.35049108670281726,-0.5622464887840826,0.18674676784822886,0.15541165321203843,0.03133511463619043,68.15291668046807,29.05025435623322,3.469800043106079,3.21525000333786,2.950319995880127,2.9091200017929078,AJCON.BO,2025-07-21 02:11:32.462794
376,2023-12-28 00:00:00+05:30,3.299999952316284,3.4639999866485596,3.255000114440918,3.2860000133514404,17000,0.0,0.0,2023-12-28,3.160350000858307,0.34497892779953127,3.505328928657838,2.8153710730587758,3.8503078564573694,2.4703921452592446,-60.38923943086742,99.56499880809304,586740,20372.719959390575,109607.67121935725,3.1509179791900865,60.92206206428219,3.3350000381469727,3.4149999618530273,3.2060000896453857,3.5439999103546143,3.126000165939331,3.623999834060669,2.997000217437744,0.24574833662332723,-53.3333307799887,0.15006417308151176,0.14757787455299082,0.002486298528520947,54.373740286261985,27.6404868162802,3.3912000179290773,3.160350000858307,2.926459994316101,2.899090001583099,AJCON.BO,2025-07-21 02:11:32.462794
377,2023-12-27 00:00:00+05:30,3.484999895095825,3.484999895095825,3.299999952316284,3.312999963760376,20950,0.0,0.0,2023-12-27,3.1370499968528747,0.351716930966536,3.4887669278194107,2.7853330658863387,3.8404838587859467,2.4336161349198027,-15.329547288333883,117.10160054421742,603740,25312.67200352114,131916.4090343489,3.150220351633447,57.828632196292766,3.365999937057495,3.431999921798706,3.246999979019165,3.550999879837036,3.180999994277954,3.616999864578247,3.062000036239624,0.2539391971183009,-51.16466028036873,0.16553018809143483,0.14695629992086057,0.01857388817057426,55.38517952786682,27.781145299003178,3.4380000114440916,3.1370499968528747,2.9177599954605102,2.8956300020217896,AJCON.BO,2025-07-21 02:11:32.462794
378,2023-12-26 00:00:00+05:30,3.5,3.5,3.240999937057495,3.4730000495910645,102810,0.0,0.0,2023-12-26,3.113349997997284,0.35518955723853335,3.468539555235817,2.7581604407587506,3.8237291124743504,2.4029708835202173,10.90062479805391,140.54790943906877,624690,130218.49806213171,158567.34329205586,3.1491777124768996,58.50458819766319,3.4046666622161865,3.568333387374878,3.309333324432373,3.6636667251586914,3.1456665992736816,3.827333450317383,3.050333261489868,0.2668296112078286,-38.31324904359689,0.18016425479732856,0.14231282787821697,0.037851426919111586,61.00510867817712,27.573816348119035,3.4815999984741213,3.113349997997284,2.912799997329712,2.8919000029563904,AJCON.BO,2025-07-21 02:11:32.462794
379,2023-12-22 00:00:00+05:30,3.5399999618530273,3.5399999618530273,3.259999990463257,3.3340001106262207,23020,0.0,0.0,2023-12-22,3.075599992275238,0.3550748671089503,3.4306748593841885,2.7205251251662874,3.7857497264931386,2.3654502580573373,15.275120633617096,149.54560977832924,521880,27990.036347093603,165654.55459953687,3.138668686327988,55.75044192253905,3.378000020980835,3.496000051498413,3.2160000801086426,3.6579999923706055,3.0980000495910645,3.7760000228881836,2.936000108718872,0.22467463523529424,-47.82607810355066,0.18041294909962025,0.13284997114843908,0.04756297795118117,57.50133601509504,27.35053901639765,3.5176000118255617,3.075599992275238,2.9013199949264528,2.886570003032684,AJCON.BO,2025-07-21 02:11:32.462794
380,2023-12-21 00:00:00+05:30,3.950000047683716,3.950000047683716,3.325000047683716,3.549999952316284,72040,0.0,0.0,2023-12-21,3.0483999848365784,0.355074863263957,3.4034748481005352,2.6933251215726215,3.758549711364492,2.3382502583086646,66.30339417419601,249.69198103069226,544900,93268.41245751808,200070.6841626477,3.1372389199771686,57.072946186255024,3.6083333492279053,3.8916666507720947,3.2666666507720947,4.233333349227905,2.9833333492279053,4.516666650772095,2.6416666507720947,0.23315025274337242,-31.055905450011327,0.19168721156500634,0.12095922666064376,0.07072798490436258,66.17797760823859,26.972762049721723,3.6111999988555907,3.0483999848365784,2.893579993247986,2.882630002498627,AJCON.BO,2025-07-21 02:11:32.462794
381,2023-12-20 00:00:00+05:30,3.5999999046325684,3.865000009536743,3.450000047683716,3.5199999809265137,91950,0.0,0.0,2023-12-20,3.0108999848365783,0.3385308864628297,3.349430871299408,2.6723690983737485,3.6879617577622374,2.333838211910919,83.51035619785931,302.8965970864763,472860,118039.38223505144,226771.25208893008,3.1275622937382055,59.637914429306,3.611666679382324,3.7733333110809326,3.3583333492279053,4.026666641235352,3.196666717529297,4.18833327293396,2.943333387374878,0.2489822597261203,-30.694674234176702,0.18194462059189576,0.10327723043455311,0.07866739015734264,65.51915960917607,26.103626443276383,3.5552000045776366,3.0108999848365783,2.877839994430542,2.8751300024986266,AJCON.BO,2025-07-21 02:11:32.462794
382,2023-12-19 00:00:00+05:30,3.5999999046325684,3.634999990463257,3.305000066757202,3.5309998989105225,279930,0.0,0.0,2023-12-19,2.976549983024597,0.31841112339021044,3.2949611064148074,2.658138859634387,3.613372229805018,2.339727736244176,83.69665849925042,318.5130488135458,564810,360478.7616972479,253954.2195523997,3.115457211352736,57.35016065569685,3.490333318710327,3.675666570663452,3.3456666469573975,3.820333242416382,3.1603333950042725,4.005666494369507,3.0156667232513428,0.29856838047612183,-29.806151083023,0.16966895780725633,0.08361038289521744,0.08605857491203889,65.91658411089321,24.228376661793064,3.3961999893188475,2.976549983024597,2.8631399965286253,2.86871000289917,AJCON.BO,2025-07-21 02:11:32.462794
383,2023-12-18 00:00:00+05:30,3.8580000400543213,3.8580000400543213,3.359999895095825,3.6530001163482666,145770,0.0,0.0,2023-12-18,2.9416999936103823,0.29154240895127737,3.2332424025616597,2.650157584659105,3.524784811512937,2.3586151757078273,144.61056906883505,479.97153585890254,844740,194200.51311380384,227323.08401618764,3.0723909384158263,69.42428268512947,3.623666683832804,3.8873334725697832,3.389333327611287,4.1216668287913,3.125666538874308,4.385333617528279,2.891333182652791,,-19.951530548869158,0.15029832250414543,0.062095739167207724,0.0882025833369377,70.69485410079304,22.885707058576592,3.2605999946594237,2.9416999936103823,2.8510799980163575,2.8608200049400327,AJCON.BO,2025-07-21 02:11:32.462794
384,2023-12-15 00:00:00+05:30,3.5,3.9000000953674316,3.450000047683716,3.802000045776367,543450,0.0,0.0,2023-12-15,2.8941499829292296,0.24292415393904665,3.1370741368682764,2.651225828990183,3.3799982908073227,2.4083016750511366,274.2441995117452,733.8146428564296,990510,753536.4140281936,235603.72674178355,3.0392687782095016,78.56340936518444,3.7173333962758384,3.984666744867961,3.534666697184245,4.167333443959555,3.2673333485921225,4.434666792551677,3.0846666495005293,,-7.9159965558341385,0.11120561918653271,0.04004509333297329,0.07116052585355942,77.18956648532027,20.992078174664606,3.0963999748229982,2.8941499829292296,2.8365999937057493,,AJCON.BO,2025-07-21 02:11:32.462794
385,2023-12-14 00:00:00+05:30,2.999000072479248,3.2699999809265137,2.8299999237060547,3.2699999809265137,227640,0.0,0.0,2023-12-14,2.8366999864578246,0.12336983902119641,2.960069825479021,2.7133301474366283,3.0834396645002173,2.589960308415432,296.9433220270901,392.9577759130812,447060,271474.3864686766,106120.55492018106,2.8332312459701074,55.579131278581144,3.123333295186361,3.416666666666667,2.976666609446208,3.56333335240682,2.683333237965902,3.856666723887126,2.536666552225749,,-0.0,0.044795943568237906,0.022254961869583433,0.022540981698654473,67.34742890321095,18.19746068475359,2.9127999782562255,2.8366999864578246,2.8167799949645995,,AJCON.BO,2025-07-21 02:11:32.462794
386,2023-12-13 00:00:00+05:30,2.950000047683716,2.950000047683716,2.7049999237060547,2.7249999046325684,142620,0.0,0.0,2023-12-13,2.8121999859809876,0.06982807174054521,2.882028057721533,2.7423719142404424,2.951856129462078,2.672543842499897,-113.3251069567512,8.69823847615195,219420,141735.76652092003,64782.097033057165,2.7775041616136167,33.27056108659285,2.7933332920074463,2.881666660308838,2.6366665363311768,3.0383334159851074,2.548333168029785,3.126666784286499,2.3916664123535156,,-81.36096072795246,0.011486653995661289,0.016619716444919812,-0.0051330624492585235,44.109627738954345,17.691893863601603,2.825399971008301,2.8121999859809876,2.8085199975967408,,AJCON.BO,2025-07-21 02:11:32.462794
387,2023-12-12 00:00:00+05:30,2.8540000915527344,2.950000047683716,2.811000108718872,2.8529999256134033,104600,0.0,0.0,2023-12-12,2.8162999868392946,0.06677937705476172,2.883079363894056,2.749520609784533,2.949858740948818,2.682741232729771,81.51984988282956,106.7066155002772,362040,108834.34756001807,45543.679661091446,2.7820658275679264,53.10730308770919,2.871333360671997,2.931666612625122,2.7926666736602783,3.010333299636841,2.7323334217071533,3.070666551589966,2.6536667346954346,,-43.49113866013014,0.02234087934463469,0.017902982057234444,0.004437897287400246,52.274814603570256,17.70653419647179,2.8691999912261963,2.8162999868392946,2.8090199995040894,,AJCON.BO,2025-07-21 02:11:32.462794
388,2023-12-11 00:00:00+05:30,2.8499999046325684,2.8540000915527344,2.799999952316284,2.8320000171661377,13850,0.0,0.0,2023-12-11,2.8125499963760374,0.06671580133227112,2.8792657977083085,2.7458341950437664,2.9459815990405795,2.6791183937114953,-13.344230115947015,42.78483224149184,257440,14304.594735384077,29721.012686359783,2.77723824376143,36.53498330358367,2.8286666870117188,2.8573334217071533,2.803333282470703,2.882666826248169,2.7746665477752686,2.9113335609436035,2.749333143234253,,-49.704128238136384,0.02329301610627299,0.01679350773538438,0.006499508370888609,50.9784666479116,19.0482769748923,2.875,2.8125499963760374,2.8098400020599366,,AJCON.BO,2025-07-21 02:11:32.462794
389,2023-12-08 00:00:00+05:30,2.996000051498413,2.996000051498413,2.7799999713897705,2.884000062942505,13860,0.0,0.0,2023-12-08,2.8059499979019167,0.07107703487487317,2.8770270327767897,2.7348729630270436,2.948104067651663,2.66379592815217,133.73654765394193,112.11470625245231,271290,14577.767823092372,33575.11717410371,2.7767402754459294,40.20483464362834,2.886666695276896,2.9933334191640215,2.777333339055379,3.1026667753855386,2.6706666151682534,3.209333499272664,2.5613332589467364,,-34.31950200151657,0.02622728800262797,0.015168630642662228,0.01105865735996574,54.40932363765733,18.849094457256275,2.8840000152587892,2.8059499979019167,2.811119999885559,,AJCON.BO,2025-07-21 02:11:32.462794
390,2023-12-07 00:00:00+05:30,2.7049999237060547,3.0,2.7049999237060547,2.8329999446868896,135730,0.0,0.0,2023-12-07,2.7995000004768373,0.06945615106012572,2.8689561515369633,2.7300438494167114,2.9384123025970887,2.660587698356586,81.28242404604659,65.07354565044726,257430,140234.5251818528,38324.454511856544,2.775755256161458,38.50764990199041,2.8459999561309814,2.986999988555908,2.691999912261963,3.1410000324249268,2.550999879837036,3.2820000648498535,2.3969998359680176,,-47.71431451915047,0.0244654454222184,0.01240396630267079,0.012061479119547611,51.37030988220609,18.6345902074944,2.867199993133545,2.7995000004768373,2.808619999885559,,AJCON.BO,2025-07-21 02:11:32.462794
391,2023-12-06 00:00:00+05:30,2.950000047683716,2.950000047683716,2.75600004196167,2.944000005722046,2190,0.0,0.0,2023-12-06,2.7953500032424925,0.06982780916612767,2.86517781240862,2.725522194076365,2.935005621574748,2.655694384910237,226.79323573362808,114.59421450261544,393160,2351.3347083702647,12846.93684435748,2.7700983056164588,69.30488955471294,2.883333365122477,3.010666688283284,2.8166666825612383,3.077333370844523,2.689333359400431,3.20466669400533,2.6226666768391924,,-1.9047748799203152,0.02686180337971411,0.009388596522783885,0.017473206856930226,59.468362798092905,18.40358563082777,2.869600009918213,2.7953500032424925,2.804520001411438,,AJCON.BO,2025-07-21 02:11:32.462794
392,2023-12-05 00:00:00+05:30,2.890000104904175,2.890000104904175,2.6619999408721924,2.881999969482422,14110,0.0,0.0,2023-12-05,2.7844500064849855,0.061975770759671735,2.846425777244657,2.722474235725314,2.908401548004329,2.660498464965642,38.874276219836766,27.421550937934324,390970,14830.422334759494,15470.837378354283,2.76982058232761,68.48055744410087,2.811333338419596,2.960666735967,2.7326665719350176,3.0393335024515786,2.583333174387614,3.1886668999989825,2.504666407903035,,-6.792497645055156,0.018591046520624932,0.005020294808551327,0.013570751712073604,55.95134154531314,18.75588452057354,2.8447999954223633,2.7844500064849855,2.7987400007247927,,AJCON.BO,2025-07-21 02:11:32.462794
393,2023-12-04 00:00:00+05:30,2.8499999046325684,2.890000104904175,2.755000114440918,2.877000093460083,29940,0.0,0.0,2023-12-04,2.77535001039505,0.06023573373262656,2.835585744127677,2.7151142766624234,2.895821477860303,2.654878542929797,138.46161840454442,59.69442844273883,376860,31414.069862379783,15630.941139252978,2.7686543200576756,74.7644917543415,2.8406667709350586,2.926333427429199,2.7913334369659424,2.9756667613983154,2.7056667804718018,3.061333417892456,2.6563334465026855,,-8.679242566966353,0.013826353103108424,0.0016276068805329254,0.0121987462225755,55.95134154531314,18.064905884269294,2.836199998855591,2.77535001039505,2.7941400003433228,,AJCON.BO,2025-07-21 02:11:32.462794
394,2023-12-01 00:00:00+05:30,2.7799999713897705,2.8989999294281006,2.75,2.799999952316284,1800,0.0,0.0,2023-12-01,2.766000008583069,0.0581024291502085,2.8241024377332775,2.7078975794328604,2.882204866883486,2.649795150282652,71.18854216837337,28.591458731894992,346920,1838.0742979042636,11685.158958471276,2.766210283127709,69.22624135135473,2.816333293914795,2.88266658782959,2.7336666584014893,2.9653332233428955,2.6673333644866943,3.0316665172576904,2.5846667289733887,,-37.735888099858656,0.0080090235161685,-0.0014220796751109493,0.00943110319127945,51.070171849038104,18.507654622887202,2.8043999671936035,2.766000008583069,2.7896000003814696,,AJCON.BO,2025-07-21 02:11:32.462794
395,2023-11-30 00:00:00+05:30,2.7070000171661377,2.880000114440918,2.7070000171661377,2.8450000286102295,6150,0.0,0.0,2023-11-30,2.7566500067710877,0.06674639144409986,2.8233963982151877,2.6899036153269877,2.8901427896592873,2.623157223882888,61.26815775207865,21.93708338719558,348720,6381.017329951996,14146.930123613027,2.7661643961114732,69.14590181777638,2.8106667200724282,2.914333422978719,2.7413333257039385,2.9836668173472085,2.637666622797648,3.087333520253499,2.5683332284291582,,-20.754733956460285,0.008023077210442153,-0.0037798554729308116,0.011802932683372964,54.580295683924774,18.98446095678341,2.8023999691009522,2.7566500067710877,2.7876200008392336,,AJCON.BO,2025-07-21 02:11:32.462794
396,2023-11-29 00:00:00+05:30,2.7019999027252197,2.890000104904175,2.7009999752044678,2.819999933242798,3960,0.0,0.0,2023-11-29,2.7446500062942505,0.07143584785857433,2.8160858541528246,2.6732141584356763,2.8875217020113992,2.6017783105771017,52.44992147981802,13.040226618593419,342570,4072.6474530166715,16088.408322028283,2.7657969016334,33.211909260359874,2.803666671117147,2.906333367029826,2.717333237330119,2.992666800816854,2.61466654141744,3.095333496729533,2.528333107630412,,-27.681713709644153,0.003487682726276198,-0.006730588643774052,0.01021827137005025,52.771775737813854,19.16029829788358,2.793399953842163,2.7446500062942505,2.784720001220703,,AJCON.BO,2025-07-21 02:11:32.462794
397,2023-11-28 00:00:00+05:30,2.880000114440918,2.880000114440918,2.7060000896453857,2.8389999866485596,7180,0.0,0.0,2023-11-28,2.744250011444092,0.07101287576025335,2.8152628872043453,2.6732371356838387,2.8862757629645985,2.6022242599235854,61.57559985576425,18.831658533788104,346530,7433.996768219758,19092.348539281185,2.7656337176860295,18.64177977165774,2.808333396911621,2.9106667041778564,2.736666679382324,2.9823334217071533,2.634333372116089,3.0846667289733887,2.562666654586792,,-20.33335664535736,9.029035127650076e-05,-0.009285156486286614,0.009375446837563115,54.10543205772421,19.349661588299146,2.7959999561309816,2.744250011444092,2.782620000839233,,AJCON.BO,2025-07-21 02:11:32.462794
398,2023-11-24 00:00:00+05:30,2.880000114440918,2.880000114440918,2.690000057220459,2.7179999351501465,26300,0.0,0.0,2023-11-24,2.743750011920929,0.07034267405576913,2.814092685976698,2.67340733786516,2.8844353600324673,2.603064663809391,-28.538293408140646,-37.73104382370332,339350,26069.80146219621,22006.936482046545,2.7652310408082914,17.632523551389653,2.762666702270508,2.8353333473205566,2.6453332901000977,2.952666759490967,2.572666645050049,3.0253334045410156,2.4553332328796387,,-60.66668150159104,-0.006131986818060042,-0.011629018195677392,0.00549703137761735,46.58441093645481,19.391497877405836,2.7949999809265136,2.743750011920929,2.7801399993896485,,AJCON.BO,2025-07-21 02:11:32.462794
399,2023-11-23 00:00:00+05:30,2.86899995803833,2.86899995803833,2.700000047683716,2.7899999618530273,1390,0.0,0.0,2023-11-23,2.747100019454956,0.07064656106179706,2.817746580516753,2.676453458393159,2.88839314157855,2.605806897331362,24.701244568246736,-13.586742976387484,365650,1414.3325314748156,20991.22023700913,2.766200076731442,41.845100661703206,2.7863333225250244,2.872666597366333,2.7036666870117188,2.9553332328796387,2.61733341217041,3.0416665077209473,2.5346667766571045,,-36.66668785941578,-0.0020888065036843706,-0.013003276040081727,0.010914469536397357,51.122347508680086,19.436552342597658,2.7917999744415285,2.747100019454956,2.782200002670288,,AJCON.BO,2025-07-21 02:11:32.462794
400,2023-11-22 00:00:00+05:30,2.8340001106262207,2.9000000953674316,2.680000066757202,2.799999952316284,54340,0.0,0.0,2023-11-22,2.751100015640259,0.07531399808671622,2.8264140137269753,2.6757860175535426,2.901728011813691,2.6004720194668267,45.07515387022158,-4.813274269167216,367040,55489.42074895426,25885.442163392705,2.766174241232005,47.58335059505744,2.793333371480306,2.90666667620341,2.6866666475931806,3.0133334000905356,2.5733333428700766,3.1266667048136396,2.466666618982951,,-28.571457765528365,-0.003971573632476577,-0.015731893424181066,0.011760319791704488,51.791606902285594,19.325826084239928,2.764400005340576,2.751100015640259,2.7834400033950804,,AJCON.BO,2025-07-21 02:11:32.462794
401,2023-11-21 00:00:00+05:30,2.8340001106262207,2.8340001106262207,2.7049999237060547,2.8329999446868896,4650,0.0,0.0,2023-11-21,2.751100015640259,0.07531399808671622,2.8264140137269753,2.6757860175535426,2.901728011813691,2.6004720194668267,50.578299858522364,-3.4716646612374897,421380,4804.321388754258,18484.447517002314,2.7646751553687925,50.453083789059285,2.790666659673055,2.8763333956400556,2.7473332087198896,2.919666846593221,2.661666472752889,3.0053335825602217,2.6183330217997236,,-5.666654215916668,-0.007306758280380521,-0.018671973372107187,0.011365215091726666,53.75186752741445,19.206582421393144,2.7604000091552736,2.751100015640259,2.784460005760193,,AJCON.BO,2025-07-21 02:11:32.462794
402,2023-11-20 00:00:00+05:30,2.8340001106262207,2.8340001106262207,2.8340001106262207,2.8340001106262207,10010,0.0,0.0,2023-11-20,2.7519500136375425,0.07637542577407457,2.8283254394116173,2.675574587863468,2.9047008651856916,2.5991991620893935,133.45365487358308,43.28626646260489,426030,10345.857053894242,21904.479049064328,2.76441505477826,50.470172619896545,2.8340001106262207,2.8340001106262207,2.8340001106262207,2.8340001106262207,2.8340001106262207,2.8340001106262207,2.8340001106262207,,-5.333265516482276,-0.014716096081538232,-0.021513277145038853,0.006797181063500621,53.75186752741445,18.156918129562357,2.755200004577637,2.7519500136375425,2.7848000049591066,,AJCON.BO,2025-07-21 02:11:32.462794
403,2023-11-17 00:00:00+05:30,2.7300000190734863,2.7990000247955322,2.6500000953674316,2.7019999027252197,5780,0.0,0.0,2023-11-17,2.753750002384186,0.07879676130010604,2.832546763684292,2.6749532410840797,2.9113435249843977,2.596156479783974,-43.8943935524301,-66.20383011760445,416020,5695.681564957927,24794.134547856844,2.763840099839641,49.61861142884645,2.7170000076293945,2.7839999198913574,2.634999990463257,2.865999937057495,2.568000078201294,2.932999849319458,2.4860000610351562,0.2500327677314739,-49.33334181043971,-0.02407782375914369,-0.02321257241091401,-0.0008652513482296821,46.13423550924663,18.15896723871668,2.7440000057220457,2.753750002384186,2.78514000415802,,AJCON.BO,2025-07-21 02:11:32.462794
404,2023-11-16 00:00:00+05:30,2.7950000762939453,2.7950000762939453,2.634999990463257,2.6530001163482666,2140,0.0,0.0,2023-11-16,2.7601500034332274,0.07956673453763125,2.8397167379708588,2.680583268895596,2.9192834725084897,2.601016534357965,-67.19769794594325,-85.30519978789428,410240,2070.5397650351065,29568.747793581573,2.764136555292342,49.21142047756098,2.6943333943684897,2.7536667982737226,2.593666712443034,2.854333480199178,2.5343333085378013,2.913666884104411,2.4336666266123457,0.25393949192551346,-74.18541798250043,-0.022698836087052587,-0.022996259573856585,0.00029742348680399794,42.767487848822384,17.629895445109494,2.743600034713745,2.7601500034332274,2.7909200048446654,,AJCON.BO,2025-07-21 02:11:32.462794
405,2023-11-15 00:00:00+05:30,2.819000005722046,2.819000005722046,2.7799999713897705,2.7799999713897705,1010,0.0,0.0,2023-11-15,2.768849992752075,0.07669504001828639,2.8455450327703615,2.6921549527337887,2.922240072788648,2.6154599127155023,101.26180074702,7.557846895513198,412380,1023.9970334191181,36443.29980071819,2.764334162374116,48.83915621486442,2.7929999828338623,2.805999994277954,2.7669999599456787,2.8320000171661377,2.753999948501587,2.8450000286102295,2.7279999256134033,0.2568710861876172,-42.3558747483608,-0.01576365569570548,-0.023070615445557583,0.007306959749852102,50.367963978574835,17.00007723315047,2.7640000343322755,2.768849992752075,2.7948600006103517,,AJCON.BO,2025-07-21 02:11:32.462794
406,2023-11-13 00:00:00+05:30,2.7899999618530273,2.819000005722046,2.7899999618530273,2.806999921798706,30,0.0,0.0,2023-11-13,2.7673499941825868,0.0767588343599571,2.8441088285425438,2.6905911598226298,2.9208676629025008,2.6138323254626727,146.06973726631833,21.317220564781884,413390,30.711157728230983,45298.12549254295,2.7643210049444,48.92464798022798,2.8053332964579263,2.8206666310628252,2.7916665871938067,2.834333340326945,2.7763332525889077,2.849666674931844,2.762666543324788,0.24426780675275434,-35.5889686870902,-0.019153241438208735,-0.024897355383020608,0.005744113944811873,52.36201672888076,17.84009223444494,2.758000040054321,2.7673499941825868,2.799060001373291,,AJCON.BO,2025-07-21 02:11:32.462794
407,2023-11-10 00:00:00+05:30,2.815999984741211,2.815999984741211,2.75,2.7780001163482666,2580,0.0,0.0,2023-11-10,2.7695500016212464,0.07856437931941668,2.8481143809406633,2.6909856223018296,2.9266787602600797,2.612421242982413,133.95810774412345,1.4500495736398322,413360,2613.8730966294274,56614.97907624664,2.764319940207426,48.88791905808814,2.7813333670298257,2.8126667340596514,2.7466667493184405,2.8473333517710366,2.7153333822886148,2.8786667188008623,2.6806667645772295,0.2031278505142817,-42.85709163939393,-0.02586182373307855,-0.026333383869223573,0.00047156013614502515,50.54391883284409,18.86995714251304,2.74180006980896,2.7695500016212464,2.8010200023651124,,AJCON.BO,2025-07-21 02:11:32.462794
408,2023-11-09 00:00:00+05:30,2.8359999656677246,2.8359999656677246,2.700000047683716,2.700000047683716,1510,0.0,0.0,2023-11-09,2.783899998664856,0.1026941690731078,2.8865941677379636,2.6812058295917485,2.9892883368110716,2.5785116605186404,62.769469496463245,-29.84968095028485,410780,1486.870867563613,70115.25557115093,2.7642905263580304,48.37038556961771,2.7453333536783853,2.7906666596730547,2.654666741689046,2.881333271662394,2.6093334356943765,2.9266665776570635,2.518666823705037,0.20452653010014202,-62.49998509884236,-0.03120295471422363,-0.02645127390325983,-0.004751680810963801,45.3823600758454,19.940055428544916,2.72620005607605,2.783899998664856,2.8007999992370607,,AJCON.BO,2025-07-21 02:11:32.462794
409,2023-11-08 00:00:00+05:30,2.6649999618530273,2.760999917984009,2.6110000610351562,2.755000114440918,128520,0.0,0.0,2023-11-08,2.793849992752075,0.10377214399347744,2.8976221367455524,2.6900778487585977,3.0013942807390297,2.5863057047651203,-7.17941787894953,-63.76232201701823,412290,129129.32217652666,87272.35174704775,2.7643715311916863,48.48879965587861,2.709000031153361,2.8070000012715655,2.657000144322713,2.8589998881022134,2.5590001742045083,2.956999858220418,2.5070002873738604,0.2092761266456484,-48.74997168780048,-0.029886623909268106,-0.025263353700518874,-0.004623270208749232,48.93946762033993,21.092468967348474,2.7242000579833983,2.793849992752075,2.80481999874115,,AJCON.BO,2025-07-21 02:11:32.462794
410,2023-11-07 00:00:00+05:30,2.7980000972747803,2.7980000972747803,2.5999999046325684,2.75,201150,0.0,0.0,2023-11-07,2.8034499883651733,0.10875054048261787,2.9122005288477912,2.6946994478825554,3.020951069330409,2.5859489073999375,-18.258086184681574,-61.03455747074975,283770,201736.86331938108,76808.10913967802,2.765497246888155,60.09381949764853,2.7160000006357827,2.832000096638997,2.633999903996785,2.9140001932779946,2.517999807993571,3.030000289281209,2.4359997113545733,0.06405909222305686,-50.0,-0.033165167197053425,-0.02410753614833156,-0.009057631048721863,48.31247895700752,21.390401191701635,2.695800018310547,2.8034499883651733,2.807739996910095,,AJCON.BO,2025-07-21 02:11:32.462794
411,2023-11-06 00:00:00+05:30,2.8499999046325684,2.8499999046325684,2.615000009536743,2.7260000705718994,1910,0.0,0.0,2023-11-06,2.804099988937378,0.10845269898167106,2.912552687919049,2.695647289955707,3.02100538690072,2.587194590974036,-8.817189553249046,-52.067187729329085,82620,1898.8548283064565,45575.92059475226,2.769085431440336,93.35455269638327,2.7303333282470703,2.8456666469573975,2.6106667518615723,2.9653332233428955,2.495333433151245,3.0806665420532227,2.375666856765747,-0.1501439363602347,-55.99998092651822,-0.03636775805697523,-0.021843128386151094,-0.014524629670824137,47.106266285465,21.71125127946658,2.666800022125244,2.804099988937378,2.810759997367859,,AJCON.BO,2025-07-21 02:11:32.462794
412,2023-11-03 00:00:00+05:30,2.799999952316284,2.799999952316284,2.5999999046325684,2.700000047683716,166460,0.0,0.0,2023-11-03,2.8070499897003174,0.10700932801734078,2.9140593177176584,2.7000406616829764,3.021068645734999,2.593031333665636,-48.02800357021265,-81.4208558443445,80710,163910.28120174774,56495.1870363637,2.769180364865102,90.12807329208974,2.699999968210856,2.8000000317891436,2.5999999841054278,2.900000015894572,2.49999992052714,3.0000000794728594,2.399999936421712,-0.15652156764459343,-68.08508803478679,-0.037553388789153264,-0.018211970968445058,-0.019341417820708206,45.329214548894015,22.187695138503802,2.684000015258789,2.8070499897003174,2.8152399969100954,,AJCON.BO,2025-07-21 02:11:32.462794
413,2023-11-02 00:00:00+05:30,2.7300000190734863,2.7300000190734863,2.549999952316284,2.690000057220459,63860,0.0,0.0,2023-11-02,2.8184499859809877,0.10714941351463066,2.9255993994956184,2.711300572466357,3.032748813010249,2.6041511589517263,-100.76803314884498,-123.96370394121764,-85750,62648.94135720506,29641.41349501769,2.7856222837931472,65.06682766736877,2.6566666762034097,2.763333400090535,2.583333333333333,2.836666742960612,2.4766666094462075,2.9433334668477373,2.403333266576131,-0.2426066674038032,-72.81551914824864,-0.03594175635440644,-0.013376616513268005,-0.022565139841138435,44.75472110126871,22.0969142597761,2.7098000049591064,2.8184499859809877,2.8200799942016603,,AJCON.BO,2025-07-21 02:11:32.462794
414,2023-11-01 00:00:00+05:30,2.740000009536743,2.740000009536743,2.5999999046325684,2.61299991607666,95440,0.0,0.0,2023-11-01,2.830399978160858,0.10538270923886377,2.9357826873997217,2.7250172689219943,3.0411653966385854,2.6196345596831305,-142.7027825819497,-136.25425429696367,-149610,90949.92801706871,21389.531529470845,2.795215602865197,53.882889329398644,2.6509999434153237,2.701999982198079,2.5619998772939043,2.7910000483194985,2.510999838511149,2.842000087102254,2.4219997723897295,-0.4851915603330934,-92.83333790302167,-0.03234895885286626,-0.007735331552983397,-0.024613627299882864,40.077066668963646,21.079518452059645,2.7288000106811525,2.830399978160858,2.826279993057251,,AJCON.BO,2025-07-21 02:11:32.462794
415,2023-10-31 00:00:00+05:30,2.759000062942505,2.759000062942505,2.569999933242798,2.6050000190734863,4670,0.0,0.0,2023-10-31,2.8402999877929687,0.09238311444305425,2.932683102236023,2.747916873349914,3.025066216679077,2.65553375890686,-210.52872295413175,-153.59580657343702,-245050,4436.670179471272,3999.432407571374,2.827355663016185,8.520656757196335,2.6446666717529297,2.7193334102630615,2.5303332805633545,2.8336668014526367,2.4556665420532227,2.9083335399627686,2.3413331508636475,-0.17883547560676905,-94.16665375233005,-0.019675606350324504,-0.0015819247280126798,-0.018093681622311824,39.48230818022029,20.325605146357766,2.7802000045776367,2.8402999877929687,2.8368199968338015,,AJCON.BO,2025-07-21 02:11:32.462794
416,2023-10-30 00:00:00+05:30,2.6500000953674316,2.828000068664551,2.609999895095825,2.812000036239624,1060,0.0,0.0,2023-10-30,2.852899992465973,0.07394726904374732,2.92684726150972,2.7789527234222255,3.0007945305534673,2.7050054543784783,-137.2548807332835,-65.92459838582619,-240380,1087.0605129285987,3890.1229645963995,2.8292914611915183,9.702220452363619,2.75,2.890000104904175,2.671999931335449,2.9680001735687256,2.5319998264312744,3.1080002784729004,2.4539997577667236,-0.15835701077510786,-63.70107063510548,-0.002363890845237915,0.0029414956775652757,-0.00530538652280319,48.95786300319611,19.51369850944805,2.8191999912261965,2.852899992465973,2.847519998550415,,AJCON.BO,2025-07-21 02:11:32.462794
417,2023-10-27 00:00:00+05:30,2.9489998817443848,2.9489998817443848,2.609999895095825,2.8289999961853027,390,0.0,0.0,2023-10-27,2.8497999906539917,0.076989122672257,2.9267891133262487,2.7728108679817347,3.0037782359985057,2.6958217453094777,-68.10753326010006,-26.33785165499126,-239320,402.37416377425444,4590.888577513349,2.8293256977995,9.680664936883318,2.7959999243418374,2.9819999535878496,2.64299996693929,3.134999910990397,2.456999937693278,3.320999940236409,2.3039999802907305,-0.26845956825894723,-60.67616692523627,-0.0005501978233417582,0.004267842308266073,-0.004818040131607831,50.019478605312266,18.903794026558124,2.8267999649047852,2.8497999906539917,2.851139998435974,,AJCON.BO,2025-07-21 02:11:32.462794
418,2023-10-26 00:00:00+05:30,2.6700000762939453,2.9489998817443848,2.6080000400543213,2.7850000858306885,7030,0.0,0.0,2023-10-26,2.8530499935150146,0.0774355183676487,2.9304855118826634,2.775614475147366,3.007921030250312,2.698178956779717,-94.18081715871355,-41.94538012871379,-239710,7140.244299039835,5638.0171809481235,2.8293259352401594,9.000326533963616,2.7806666692097983,2.9533332983652754,2.612333456675212,3.121666510899862,2.439666827519735,3.294333140055339,2.2713336149851484,-0.1729287803145835,-68.5053319639114,0.00010597669978995583,0.00547235234116803,-0.005366375641378074,47.92226714851696,18.246973814215124,2.834999942779541,2.8530499935150146,2.8575600004196167,,AJCON.BO,2025-07-21 02:11:32.462794
419,2023-10-25 00:00:00+05:30,2.947999954223633,2.947999954223633,2.86899995803833,2.869999885559082,120,0.0,0.0,2023-10-25,2.8585999846458434,0.076270566792543,2.9348705514383866,2.7823294178533002,3.0111411182309293,2.7060588510607575,47.329819070168426,62.76421776891361,-232680,125.60174082075456,5262.4604014251945,2.829916174133497,15.041073084545246,2.8956665992736816,2.922333240509033,2.8433332443237305,2.9746665954589844,2.816666603088379,3.001333236694336,2.7643332481384277,-0.16810249813219388,-57.80349901049409,0.005277797727210931,0.006813946251512548,-0.001536148524301617,51.972301437907674,17.53962897015343,2.843999910354614,2.8585999846458434,2.861859998703003,,AJCON.BO,2025-07-21 02:11:32.462794
420,2023-10-23 00:00:00+05:30,2.890000104904175,2.890000104904175,2.6510000228881836,2.799999952316284,460,0.0,0.0,2023-10-23,2.8530499935150146,0.0793728464936856,2.9324228400087002,2.773677147021329,3.011795686502386,2.6943043005276435,-117.69829452125381,-44.79590989034876,-232800,469.73009835331175,6546.675066576305,2.829907061092363,16.430674453016934,2.7803333600362143,2.909666697184245,2.670666615168254,3.0193334420522056,2.541333278020223,3.1486667792002363,2.4316665331522627,,-71.29096067517929,0.0034481368310785854,0.007197983382587952,-0.003749846551509366,48.43125802823808,18.737361362162893,2.8353999137878416,2.8530499935150146,2.864460000991821,,AJCON.BO,2025-07-21 02:11:32.462794
421,2023-10-20 00:00:00+05:30,2.950000047683716,2.950000047683716,2.744999885559082,2.8499999046325684,4150,0.0,0.0,2023-10-20,2.844449996948242,0.09348653460516493,2.937936531553407,2.750963462343077,3.031423066158572,2.657476927737912,-12.081449302354338,16.332678301441987,-232340,4313.457024052797,8065.911308632052,2.8299331481487138,15.231073136495993,2.8483332792917886,2.951666673024495,2.7466665108998614,3.0533334414164224,2.643333117167155,3.156666835149129,2.5416663487752276,,-62.13594300547159,0.00794730476326011,0.008135445020465292,-0.00018814025720518233,50.92141798006697,19.414607766657245,2.825399923324585,2.844449996948242,2.866560001373291,,AJCON.BO,2025-07-21 02:11:32.462794
422,2023-10-19 00:00:00+05:30,2.9000000953674316,2.9000000953674316,2.799999952316284,2.869999885559082,2920,0.0,0.0,2023-10-19,2.8347000002861025,0.10260147041824587,2.9373014707043485,2.7320985298678564,3.039902941122594,2.6294970594496108,4.00409652214026,20.190632634268315,-228190,3056.309026638361,9004.024879776865,2.829773982537567,15.994190093227147,2.856666644414266,2.913333336512248,2.8133331934611006,2.9566667874654136,2.7566665013631186,3.0133334795633955,2.713333050409953,,-58.252452354487154,0.008662951664020646,0.008182480084766587,0.0004804715792540593,51.912823778898975,20.74932951347053,2.825599956512451,2.8347000002861025,2.867660002708435,,AJCON.BO,2025-07-21 02:11:32.462794
423,2023-10-18 00:00:00+05:30,2.9000000953674316,2.9000000953674316,2.75,2.8299999237060547,2740,0.0,0.0,2023-10-18,2.823800003528595,0.1099691824405694,2.9337691859691644,2.7138308210880258,3.0437383684097337,2.6038616386474565,-41.351748866619324,-8.625840610040404,-231110,2827.9356308118863,10490.95384306149,2.8295482245241077,11.609486100832854,2.8266666730244956,2.903333346048991,2.7533332506815595,2.9766667683919272,2.676666577657064,3.053333441416423,2.603333155314128,,-66.01943365645603,0.007478244625049424,0.00806236218995307,-0.0005841175649036467,50.10889493888531,21.574250287342924,2.8645999908447264,2.823800003528595,2.8662600040435793,,AJCON.BO,2025-07-21 02:11:32.462794
424,2023-10-17 00:00:00+05:30,2.8949999809265137,2.8949999809265137,2.7200000286102295,2.8269999027252197,5610,0.0,0.0,2023-10-17,2.8148000121116636,0.11660079732570726,2.931400809437371,2.6981992147859564,3.048001606763078,2.581598417460249,-64.9755631091185,-22.405708698310892,-233850,5783.905491817858,12406.70839612389,2.8295458331498278,5.446289997681433,2.813999970753988,2.907999912897746,2.732999960581462,2.988999923070272,2.6390000184377036,3.0829998652140302,2.5580000082651777,,-66.60196188358972,0.009787544058785347,0.008208391581178982,0.0015791524776063645,50.10889493888531,22.462626505359346,2.8783999919891357,2.8148000121116636,2.868460006713867,,AJCON.BO,2025-07-21 02:11:32.462794
425,2023-10-16 00:00:00+05:30,2.680000066757202,3.0199999809265137,2.680000066757202,2.75,11980,0.0,0.0,2023-10-16,2.808500015735626,0.11928007394918926,2.9277800896848154,2.689219941786437,3.0470601636340047,2.5699398678372476,-60.64630363214332,-24.544284075962906,-239460,12014.952138037217,14062.409122200397,2.8295737322584773,6.709951905049721,2.8166666825612388,2.9533332983652754,2.613333384195964,3.1566665967305503,2.4766667683919272,3.293333212534587,2.2733334700266523,,-81.55339626039377,0.012891307611321068,0.007813603461777391,0.005077704149543677,46.65809928568937,23.461923534448836,2.902400016784668,2.808500015735626,2.8679200077056883,,AJCON.BO,2025-07-21 02:11:32.462794
426,2023-10-13 00:00:00+05:30,3.065000057220459,3.065000057220459,2.759000062942505,2.8510000705718994,48030,0.0,0.0,2023-10-13,2.806000018119812,0.12108108988993861,2.9270811080097507,2.684918928229873,3.048162197899689,2.5638378383399347,38.62283167435636,26.517778852039648,-227480,49939.28820057626,14574.273368241193,2.8314804714225237,22.39478470898493,2.8916667302449546,3.0243333975474043,2.71833340326945,3.1976667245229087,2.5856667359670005,3.3303333918253584,2.412333408991496,,-61.94173606652016,0.02425306640362157,0.006544177424391472,0.0177088889792301,50.7309087218472,24.538089565775977,2.905000019073486,2.806000018119812,2.871720008850098,,AJCON.BO,2025-07-21 02:11:32.462794
427,2023-10-12 00:00:00+05:30,3.1700000762939453,3.1700000762939453,2.880000114440918,3.065000057220459,1840,0.0,0.0,2023-10-12,2.799200010299683,0.12223428503471416,2.921434295334397,2.6769657252649686,3.0436685803691113,2.5547314402302543,248.48658873685167,124.99200718213037,-179450,2056.7468612134367,5733.019660157423,2.8294059768168447,26.156191542865955,3.0383334159851074,3.196666717529297,2.9066667556762695,3.3283333778381348,2.74833345413208,3.486666679382324,2.616666793823242,,-16.279073205964828,0.028485113264658413,0.002116955179583946,0.026368158085074467,61.13752415994627,24.926617902025605,2.8918000221252442,2.799200010299683,2.873500008583069,,AJCON.BO,2025-07-21 02:11:32.462794
428,2023-10-11 00:00:00+05:30,2.690000057220459,2.947000026702881,2.690000057220459,2.8989999294281006,4160,0.0,0.0,2023-10-11,2.781700003147125,0.1061771544858409,2.887877157632966,2.6755228486612843,2.994054312118807,2.569345694175443,12.195100479511135,-12.180146050973262,-181290,4398.190829110576,6652.087859893419,2.8284428514242728,27.824460463105083,2.8453333377838135,3.000666618347168,2.743666648864746,3.1023333072662354,2.5883333683013916,3.25766658782959,2.486666679382324,,-27.37865417075219,0.012396066799163385,-0.004475084341684671,0.016871151140848056,54.05245450768471,23.970165272683335,2.8644000053405763,2.781700003147125,2.871000008583069,,AJCON.BO,2025-07-21 02:11:32.462794
429,2023-10-10 00:00:00+05:30,2.8450000286102295,2.947000026702881,2.6549999713897705,2.947000026702881,780,0.0,0.0,2023-10-10,2.7778000116348265,0.10302764083038221,2.8808276524652086,2.6747723708044444,2.983855293295591,2.571744729974062,9.339208306971036,-11.533432395048749,-177130,838.3150745749286,7215.562117589128,2.827784637255018,28.44532946088836,2.8496666749318442,3.044333378473918,2.7523333231608076,3.1416667302449546,2.557666619618734,3.3363334337870283,2.4603332678476972,,-18.058244516602734,0.007957890094873132,-0.008692872126896685,0.016650762221769817,56.884800454310344,24.5979762751864,2.87039999961853,2.7778000116348265,2.871820011138916,,AJCON.BO,2025-07-21 02:11:32.462794
430,2023-10-09 00:00:00+05:30,2.9000000953674316,2.9000000953674316,2.6619999408721924,2.763000011444092,1260,0.0,0.0,2023-10-09,2.773050010204315,0.09681913233771319,2.8698691425420284,2.676230877866602,2.9666882748797416,2.5794117455288887,-91.30835684126113,-61.85921270848571,-177910,1269.649848158151,8809.873878342678,2.827575745861624,23.921348974114366,2.775000015894572,2.888000090916951,2.649999936421712,3.013000170389811,2.5369998613993325,3.1260002454121905,2.4119997819264727,,-53.78641208185306,-0.002572177388362018,-0.01285556268233914,0.010283385293977121,47.72866300241227,25.274080431728166,2.8432000160217283,2.773050010204315,2.871680011749268,,AJCON.BO,2025-07-21 02:11:32.462794
431,2023-10-06 00:00:00+05:30,2.7899999618530273,2.9089999198913574,2.7829999923706055,2.7850000858306885,3100,0.0,0.0,2023-10-06,2.7774500131607054,0.09832624328755606,2.8757762564482614,2.6791237698731494,2.9741024997358174,2.5807975265855934,3.8834763242833796,-31.323349445025276,-176650,3148.6141290218343,10694.929885888809,2.827759046736539,24.0737862124426,2.825666666030884,2.868333339691162,2.74233341217041,2.9516665935516357,2.699666738510132,2.994333267211914,2.616333484649658,,-49.51455187017434,0.0021063313122011706,-0.015426409005833417,0.01753274031803459,48.79785435318942,26.434133930463346,2.862000036239624,2.7774500131607054,2.8724200105667115,,AJCON.BO,2025-07-21 02:11:32.462794
432,2023-10-05 00:00:00+05:30,2.9790000915527344,2.9790000915527344,2.7960000038146973,2.927999973297119,5410,0.0,0.0,2023-10-05,2.7807000041007996,0.09965418801637907,2.8803541921171787,2.6810458160844206,2.9800083801335577,2.5813916280680416,88.28963500023781,18.692645975627887,-173550,5776.980036661853,12581.508825105551,2.8280597631293976,23.962841258346728,2.9010000228881836,3.00600004196167,2.822999954223633,3.0840001106262207,2.7179999351501465,3.189000129699707,2.6399998664855957,,-21.747576231467,0.005897652075420812,-0.019809594085342063,0.025707246160762875,57.11422445906939,26.075559840850254,2.8550000190734863,2.7807000041007996,2.8742800092697145,,AJCON.BO,2025-07-21 02:11:32.462794
433,2023-10-04 00:00:00+05:30,2.7309999465942383,2.947999954223633,2.7309999465942383,2.928999900817871,1660,0.0,0.0,2023-10-04,2.7768500089645385,0.09504474175341468,2.8718947507179533,2.6818052672111237,2.9669394924713677,2.5867605254577093,72.33978466532155,-2.2870202013016776,-168140,1773.2092095998337,14282.641022216476,2.8268179133958147,18.40630178993503,2.869333267211914,3.00766658782959,2.7906665802001953,3.0863332748413086,2.6523332595825195,3.2246665954589844,2.573666572570801,,-21.55341549748943,-0.003420989077839387,-0.02623640562553278,0.022815416547693392,57.11422445906939,25.494888498294515,2.848200035095215,2.7768500089645385,2.8705600118637085,,AJCON.BO,2025-07-21 02:11:32.462794
434,2023-10-03 00:00:00+05:30,2.890000104904175,2.890000104904175,2.7309999465942383,2.811000108718872,8020,0.0,0.0,2023-10-03,2.7799500107765196,0.10108749666320717,2.8810375074397268,2.6788625141133124,2.982125004102934,2.5777750174501053,39.746155945917025,-42.10758988927192,-169800,8221.816201715674,17409.998975370636,2.82642682675208,17.673343684038727,2.8106667200724282,2.890333493550618,2.7313333352406817,2.9696668783823648,2.6516665617624917,3.0493336518605547,2.572333176930745,,-44.4660024277036,-0.015398318127196386,-0.031940259762456125,0.016541941635259738,50.93410856506234,25.09735637590063,2.841600036621094,2.7799500107765196,,,AJCON.BO,2025-07-21 02:11:32.462794
435,2023-09-29 00:00:00+05:30,2.75,2.8570001125335693,2.75,2.8570001125335693,140,0.0,0.0,2023-09-29,2.7819000005722048,0.102089173479802,2.8839891740520067,2.679810827092403,2.9860783475318087,2.577721653612601,56.486986094346705,-35.91976079402288,-161780,145.87162681633296,19707.044668784376,2.8267174593069924,17.541268787491404,2.821333408355713,2.892666816711426,2.7856667041778564,2.9283335208892822,2.7143332958221436,2.999666929244995,2.678666591644287,,-35.53396053639102,-0.018878429307498834,-0.03607574517127105,0.017197315863772218,53.94165024587779,25.117413352566793,2.8312000274658202,2.7819000005722048,,,AJCON.BO,2025-07-21 02:11:32.462794
436,2023-09-28 00:00:00+05:30,2.759999990463257,2.9000000953674316,2.75,2.75,15060,0.0,0.0,2023-09-28,2.7885499954223634,0.11116676088279598,2.8997167563051596,2.677383234539567,3.0108835171879553,2.5662164736567714,53.032765395227045,-52.56526028798172,-161920,15103.938163509223,24597.337929276386,2.826707496971595,20.017680343784477,2.800000031789144,2.850000063578288,2.6999999682108564,2.9500001271565757,2.6499999364217124,3.0000001589457197,2.5499998728434248,,-56.31068680308842,-0.027578292795735315,-0.040375074137214105,0.01279678134147879,47.62370733518679,25.407612329396553,2.7854000091552735,2.7885499954223634,,,AJCON.BO,2025-07-21 02:11:32.462794
437,2023-09-27 00:00:00+05:30,3.0399999618530273,3.0399999618530273,2.752000093460083,2.8940000534057617,76140,0.0,0.0,2023-09-27,2.796299993991852,0.11371158598968162,2.9100115799815334,2.6825884080021702,3.023723165971215,2.5688768220124887,151.77612459313593,10.995149598039434,-146860,80360.74244690489,26970.68787071817,2.829521662390334,25.653296387148202,2.8953333695729575,3.038666645685832,2.7506667772928877,3.183333237965902,2.607333501180013,3.3266665140787763,2.4626669088999433,,-28.349504135521784,-0.027761011591068918,-0.043574269472583804,0.015813257881514886,56.83786773372745,25.720134304443988,2.7664000034332275,2.796299993991852,,,AJCON.BO,2025-07-21 02:11:32.462794
438,2023-09-26 00:00:00+05:30,2.8949999809265137,2.8959999084472656,2.8949999809265137,2.8959999084472656,2070,0.0,0.0,2023-09-26,2.7899499893188477,0.11149295710024114,2.9014429464190887,2.6784570322186068,3.01293590351933,2.5669640751183653,222.15513140472052,10.359396356985657,-70720,2186.2580544522966,13623.174226671492,2.8148387317409895,36.456653616792934,2.8956665992736816,2.8963332176208496,2.8953332901000977,2.8966665267944336,2.8946666717529297,2.8973331451416016,2.8943333625793457,,-20.72652468193021,-0.041756149072161186,-0.047527583942962526,0.00577143487080134,56.83786773372744,26.033979884397553,2.717999982833862,2.7899499893188477,,,AJCON.BO,2025-07-21 02:11:32.462794
439,2023-09-25 00:00:00+05:30,2.759000062942505,2.759000062942505,2.759000062942505,2.759000062942505,34310,0.0,0.0,2023-09-25,2.7901999950408936,0.11174858640988745,2.901948581450781,2.6784514086310063,3.0136971678606685,2.5667028222211186,75.60869909101552,-83.91989955802515,-72790,34522.71648571375,16482.40326972629,2.8143331383262558,34.5581468385233,2.759000062942505,2.759000062942505,2.759000062942505,2.759000062942505,2.759000062942505,2.759000062942505,2.759000062942505,,-50.73683904082429,-0.059238452494129845,-0.048970442660662854,-0.010268009833466991,48.195549071334526,27.54325130453335,2.6688000202178954,2.7901999950408936,,,AJCON.BO,2025-07-21 02:11:32.462794
440,2023-09-22 00:00:00+05:30,2.6549999713897705,2.7869999408721924,2.5250000953674316,2.628000020980835,21100,0.0,0.0,2023-09-22,2.7972999930381777,0.1141472261931796,2.9114472192313574,2.683152766844998,3.0255944454245367,2.5690055406518186,-74.89744581550426,-169.54824283375606,-107100,20222.756513426648,11972.324965729424,2.8207042968483593,19.92079416790672,2.646666685740153,2.768333276112874,2.5063334306081133,2.9086665312449136,2.384666840235392,3.030333121617635,2.2443335851033526,,-78.3158007804069,-0.06723113720445273,-0.04640344020229611,-0.02082769700215662,37.38534147308423,28.66337252017965,2.657200002670288,2.7972999930381777,,,AJCON.BO,2025-07-21 02:11:32.462794
441,2023-09-21 00:00:00+05:30,2.6549999713897705,2.6549999713897705,2.6549999713897705,2.6549999713897705,6410,0.0,0.0,2023-09-21,2.810949993133545,0.10904536991655939,2.9199953630501043,2.701904623216986,3.029040732966664,2.592859253300426,-74.23437858929162,-177.4164023684554,-86000,6206.618955997947,9909.717078805117,2.835389576466984,23.071933254410112,2.6549999713897705,2.6549999713897705,2.6549999713897705,2.6549999713897705,2.6549999713897705,2.6549999713897705,2.6549999713897705,,-88.01022037299131,-0.06354402278122429,-0.041196515951756954,-0.02234750682946733,39.13530459472646,29.869656906260282,2.671600008010864,2.810949993133545,,,AJCON.BO,2025-07-21 02:11:32.462794
442,2023-09-20 00:00:00+05:30,2.6519999504089355,2.6519999504089355,2.6519999504089355,2.6519999504089355,300,0.0,0.0,2023-09-20,2.8256999969482424,0.1067683713866012,2.9324683683348436,2.718931625561641,3.039236739721445,2.61216325417504,-86.14568884690165,-192.80454990332956,-92410,290.1531565418768,10835.49160950691,2.8396647174014498,23.121152103843272,2.6519999504089355,2.6519999504089355,2.6519999504089355,2.6519999504089355,2.6519999504089355,2.6519999504089355,2.6519999504089355,,-90.04526717450193,-0.060519696813254864,-0.03560963924439012,-0.024910057568864746,39.13530459472646,29.36119060201659,2.6835999965667723,2.8256999969482424,,,AJCON.BO,2025-07-21 02:11:32.462794
443,2023-09-18 00:00:00+05:30,2.7100000381469727,2.7100000381469727,2.6500000953674316,2.6500000953674316,32400,0.0,0.0,2023-09-18,2.8401999950408934,0.10149907510153677,2.9416990701424304,2.7387009199393564,3.043198145243967,2.63720184483782,-89.72390006331716,-190.2415414911062,-92710,31312.91023514748,13471.826222748166,2.8398731026037214,28.293180619240218,2.6700000762939453,2.690000057220459,2.630000114440918,2.7300000190734863,2.6100001335144043,2.75,2.570000171661377,,-90.49772315605847,-0.05543522139686008,-0.029382124852173924,-0.026053096544686155,39.13530459472646,28.767328169216626,2.6961999893188477,2.8401999950408934,,,AJCON.BO,2025-07-21 02:11:32.462794
444,2023-09-13 00:00:00+05:30,2.700000047683716,2.7009999752044678,2.700000047683716,2.7009999752044678,20,0.0,0.0,2023-09-13,2.857699990272522,0.09705511884054019,2.954755109113062,2.760644871431982,3.0518102279536024,2.6635897525914416,-89.70474799455404,,-60310,19.70094729210587,9011.555219648337,2.8657463643039183,32.07725761199457,2.700666666030884,2.7013332843780518,2.7003333568573,2.7016665935516357,2.699666738510132,2.7023332118988037,2.699333429336548,,-78.95928651338112,-0.04788866909607181,-0.022868850716002385,-0.025019818380069427,41.742673648958714,28.12778401081667,2.730399990081787,2.857699990272522,,,AJCON.BO,2025-07-21 02:11:32.462794
445,2023-09-12 00:00:00+05:30,2.6080000400543213,2.700000047683716,2.6080000400543213,2.700000047683716,4280,0.0,0.0,2023-09-12,2.8796499967575073,0.10869479968066417,2.9883447964381715,2.770955197076843,3.0970395961188357,2.662260397396179,-145.26928212124622,,-60330,4214.441929253157,11259.518787737396,2.8657602230958505,39.43890333241896,2.6693333784739175,2.7306667168935137,2.638666709264119,2.761333386103312,2.577333370844523,2.8226667245229082,2.5466667016347246,,-79.18551450415939,-0.0425239248601339,-0.01661389612098503,-0.02591002873914887,41.742673648958714,27.76641208263867,2.7605999946594237,2.8796499967575073,,,AJCON.BO,2025-07-21 02:11:32.462794
446,2023-09-08 00:00:00+05:30,2.7160000801086426,2.7230000495910645,2.7149999141693115,2.7149999141693115,38640,0.0,0.0,2023-09-08,2.90164999961853,0.1147777491197296,3.0164277487382596,2.7868722504988006,3.131205497857989,2.672094501379071,-156.25654014376494,,-56050,38259.515952915186,13020.788002358455,2.868798958482684,37.6386613320449,2.7176666259765625,2.7203333377838135,2.7123332023620605,2.7256667613983154,2.7096664905548096,2.7283334732055664,2.7043330669403076,,-100.0,-0.03491264695586471,-0.01013638893619781,-0.024776258019666902,42.227842952090285,27.36439243453136,2.7907999992370605,2.90164999961853,,,AJCON.BO,2025-07-21 02:11:32.462794
447,2023-09-07 00:00:00+05:30,2.821000099182129,2.821000099182129,2.7149999141693115,2.7149999141693115,2000,0.0,0.0,2023-09-07,2.915550005435944,0.10759257279184829,3.023142578227792,2.8079574326440957,3.1307351510196404,2.700364859852247,-200.1381923490186,,-17410,1980.3062087430221,6711.106014719272,2.8993014225399065,50.479719612898435,2.750333309173584,2.7856667041778564,2.679666519165039,2.8563334941864014,2.6443331241607666,2.891666889190674,2.5736663341522217,,-100.0,-0.026116184869346082,-0.003942324431281084,-0.022173860438064998,42.227842952090285,27.667561191017853,2.817799997329712,2.915550005435944,,,AJCON.BO,2025-07-21 02:11:32.462794
448,2023-09-06 00:00:00+05:30,2.8519999980926514,2.8519999980926514,2.819999933242798,2.821000099182129,9740,0.0,0.0,2023-09-06,2.9373000144958494,0.10887760398943466,3.046177618485284,2.828422410506415,3.1550552224747186,2.7195448065169803,-121.06453821178673,,-15410,10020.619961320886,7893.805966213334,2.901212966473637,53.16966805693485,2.831000010172526,2.842000087102254,2.8100000222524004,2.8630000750223794,2.7989999453226724,2.8740001519521075,2.777999957402547,,-80.66461862041396,-0.014458348033282942,0.0016011406782351664,-0.01605948871151811,47.45977433903786,27.99405062108023,2.8450000286102295,2.9373000144958494,,,AJCON.BO,2025-07-21 02:11:32.462794
449,2023-09-05 00:00:00+05:30,2.993000030517578,2.993000030517578,2.8499999046325684,2.8519999980926514,7330,0.0,0.0,2023-09-05,2.946250009536743,0.106136924973735,3.052386934510478,2.840113084563008,3.158523859484213,2.733976159589273,-11.198389073025616,,-5670,7624.055142511176,7362.102467436445,2.905480121028333,57.62736311928447,2.8983333110809326,2.946666717529297,2.803666591644287,3.0413334369659424,2.755333185195923,3.0896668434143066,2.6606664657592773,,-71.29909278513882,-0.009753130486354067,0.005616012856114694,-0.01536914334246876,48.99714212959491,29.15528545119572,2.8789999961853026,2.946250009536743,,,AJCON.BO,2025-07-21 02:11:32.462794
450,2023-09-04 00:00:00+05:30,2.8499999046325684,2.992000102996826,2.8499999046325684,2.8510000705718994,13140,0.0,0.0,2023-09-04,2.9536500096321108,0.10436441387956681,3.0580144235116777,2.849285595752544,3.1623788373912443,2.7449211818729773,-2.4700279032152315,,-13000,13662.341181669208,7296.614298667762,2.907710488012394,53.23545338153427,2.8976666927337646,2.945333480834961,2.803333282470703,3.0396668910980225,2.755666494369507,3.0873336791992188,2.6613330841064453,,-71.601185609894,-0.0066342718456953165,0.009458298691731884,-0.0160925705374272,48.997142129594906,30.659415749874885,2.878599977493286,2.9536500096321108,,,AJCON.BO,2025-07-21 02:11:32.462794
451,2023-09-01 00:00:00+05:30,2.990000009536743,2.990999937057495,2.8499999046325684,2.8499999046325684,5500,0.0,0.0,2023-09-01,2.9563500046730042,0.10224601486805808,3.058596019541062,2.8541039898049463,3.1608420344091206,2.751857974936888,-7.242476479694308,,-26140,5716.629790913347,5705.1825779174005,2.9122927957554023,38.7693536494262,2.8969999154408774,2.9439999262491865,2.8029998938242597,3.037999947865804,2.7559998830159507,3.0849999586741133,2.661999861399333,,-75.71804118352684,-0.0024421906962071027,0.013481441326088684,-0.015923632022295787,48.99714212959491,32.2693615258259,2.906399965286255,2.9563500046730042,,,AJCON.BO,2025-07-21 02:11:32.462794
452,2023-08-31 00:00:00+05:30,3.0,3.0,2.8420000076293945,2.8510000705718994,5290,0.0,0.0,2023-08-31,2.9591000080108643,0.0999489173064757,3.05904892531734,2.8591510907043887,3.1589978426238154,2.759202173397913,-17.982759302050873,,-20640,5500.28804041325,5702.320774668413,2.914473364118282,44.40146079870451,2.8976666927337646,2.9533333778381348,2.7953333854675293,3.05566668510437,2.739666700363159,3.1113333702087402,2.637333393096924,,-75.45690134392086,0.003060447583089765,0.01746234933166263,-0.014401901748572865,48.997142129594906,33.993945652808755,2.9173999786376954,2.9591000080108643,,,AJCON.BO,2025-07-21 02:11:32.462794
453,2023-08-30 00:00:00+05:30,2.990000009536743,2.990999937057495,2.990000009536743,2.990999937057495,1400,0.0,0.0,2023-08-30,2.9565500020980835,0.10344159704587025,3.0599915991439537,2.8531084050522133,3.163433196189824,2.749666808006343,114.68019160326836,,-15350,1527.1333897121078,5752.828958232203,2.9166848751691963,37.960307060233994,2.990666627883911,2.991333246231079,2.990333318710327,2.991666555404663,2.989666700363159,2.992333173751831,2.989333391189575,,-52.04917872602378,0.009960620437814871,0.021062824768805846,-0.011102204330990975,55.2010846878609,35.85119009725183,2.900599956512451,2.9565500020980835,,,AJCON.BO,2025-07-21 02:11:32.462794
454,2023-08-28 00:00:00+05:30,2.8499999046325684,2.8499999046325684,2.8499999046325684,2.8499999046325684,210,0.0,0.0,2023-08-28,2.954000008106232,0.1031759277458649,3.0571759358520967,2.850824080360367,3.1603518635979615,2.7476481526145022,-96.37368881071241,,-16750,218.2713192894187,6809.252850362226,2.9159932505820554,37.53042359994923,2.8499999046325684,2.8499999046325684,2.8499999046325684,2.8499999046325684,2.8499999046325684,2.8499999046325684,2.8499999046325684,,-80.94263296235135,0.00485614852311933,0.023838375851553587,-0.018982227328434256,49.232083339803744,38.24597489600986,2.882599973678589,2.954000008106232,,,AJCON.BO,2025-07-21 02:11:32.462794
455,2023-08-25 00:00:00+05:30,3.049999952316284,3.049999952316284,2.7720000743865967,2.990000009536743,5870,0.0,0.0,2023-08-25,2.9515000104904177,0.10638439862799715,3.0578844091184147,2.8451156118624206,3.164268807746412,2.7387312132344235,-1.9280239005332744,,-16540,6400.91152323381,8456.998233130427,2.9160855059584994,37.93528434253006,2.937333345413208,3.1026666164398193,2.824666738510132,3.2153332233428955,2.6593334674835205,3.380666494369507,2.5466668605804443,,-52.25408194174378,0.012133666484439143,0.028583932683662147,-0.016450266199223004,56.183225369571865,40.3283487722355,2.892799997329712,2.9515000104904177,,,AJCON.BO,2025-07-21 02:11:32.462794
456,2023-08-24 00:00:00+05:30,2.9049999713897705,2.9049999713897705,2.9040000438690186,2.9049999713897705,8570,0.0,0.0,2023-08-24,2.9490000128746034,0.10601890705123607,3.0550189199258395,2.8429811058233674,3.1610378269770756,2.7369621987721313,-49.092127403455,,-22410,9079.448876606823,8971.01991060458,2.913079768958123,39.86417982868405,2.9046666622161865,2.9053332805633545,2.9043333530426025,2.9056665897369385,2.9036667346954346,2.9063332080841064,2.9033334255218506,,-69.67212554108325,0.0074793622324693665,0.032696499233467895,-0.025217137000998528,52.15033272859124,42.57090525432465,2.875,2.9490000128746034,,,AJCON.BO,2025-07-21 02:11:32.462794
457,2023-08-23 00:00:00+05:30,2.7730000019073486,2.950000047683716,2.765000104904175,2.7669999599456787,15010,0.0,0.0,2023-08-23,2.9507500171661376,0.10554218653797956,3.056292203704117,2.845207830628158,3.1618343902420967,2.7396656440901785,-123.75412855360914,,-30980,15146.85187407256,8943.912669104018,2.9135897399786033,34.69492974417889,2.827333370844523,2.889666636784871,2.70466669400533,3.012333313624064,2.642333428064982,3.074666579564412,2.519666751225789,,-97.95082127397622,0.009778334602641436,0.03900078348371753,-0.029222448881076092,44.813474055646445,43.5014334084587,2.8840000152587892,2.9507500171661376,,,AJCON.BO,2025-07-21 02:11:32.462794
458,2023-08-22 00:00:00+05:30,3.0,3.0,2.9010000228881836,2.9010000228881836,13670,0.0,0.0,2023-08-22,2.9594000220298766,0.0963816252614119,3.0557816472912886,2.8630183967684646,3.1521632725527002,2.766636771507053,-58.610932877905796,,-15970,14462.680096014337,7393.177867861881,2.931808772836881,40.07818457780629,2.934000015258789,2.9670000076293945,2.868000030517578,3.0329999923706055,2.8350000381469727,3.065999984741211,2.7690000534057617,,-63.70368277257868,0.026164469527846013,0.04630639570398655,-0.020141926176140537,51.64087588775065,44.5035406513723,2.919000005722046,2.9594000220298766,,,AJCON.BO,2025-07-21 02:11:32.462794
459,2023-08-21 00:00:00+05:30,2.760999917984009,2.9010000228881836,2.756999969482422,2.9010000228881836,10200,0.0,0.0,2023-08-21,2.9613500237464905,0.09552863573806833,3.0568786594845587,2.8658213880084222,3.152407295222627,2.770292752270354,-135.89140260358002,,-2300,10791.465762936814,5625.802310823767,2.9357411314904636,27.323090560167785,2.853000005086263,2.9490000406901045,2.8049999872843427,2.997000058492025,2.7089999516805015,3.093000094095866,2.660999933878581,,-63.70368277257868,0.033550280475204364,0.05134187724802168,-0.017791596772817317,51.64087588775064,46.456161908006955,2.938800001144409,2.9613500237464905,,,AJCON.BO,2025-07-21 02:11:32.462794
460,2023-08-18 00:00:00+05:30,2.9010000228881836,2.950000047683716,2.9010000228881836,2.9010000228881836,2230,0.0,0.0,2023-08-18,2.9633000254631043,0.09462567054805825,3.0579256960111625,2.868674354915046,3.1525513665592206,2.774048684366988,-98.17264520674951,,7900,2359.3106520930482,4334.386447795504,2.9393980902907035,32.024635171691315,2.9173333644866943,2.933666706085205,2.884666681289673,2.9663333892822266,2.868333339691162,2.9826667308807373,2.8356666564941406,,-63.70368277257868,0.04249801902939554,0.055789776441226006,-0.013291757411830467,51.64087588775064,47.42194385659002,2.9866000175476075,2.9633000254631043,,,AJCON.BO,2025-07-21 02:11:32.462794
461,2023-08-17 00:00:00+05:30,3.0880000591278076,3.0880000591278076,2.9010000228881836,2.950000047683716,3470,0.0,0.0,2023-08-17,2.9582500219345094,0.10063009538923097,3.0588801173237403,2.8576199265452784,3.1595102127129713,2.7569898311560475,-39.17117105266595,,10130,3733.223844256851,4828.1553967211175,2.9403025762979667,31.64694722156831,2.9796667098999023,3.058333396911621,2.871333360671997,3.1666667461395264,2.7926666736602783,3.245333433151245,2.684333324432373,,-54.629603465723356,0.05330992643545196,0.05911271579418362,-0.005802789358731658,54.182912488558735,49.48578156834275,3.0344000339508055,2.9582500219345094,,,AJCON.BO,2025-07-21 02:11:32.462794
462,2023-08-16 00:00:00+05:30,2.9049999713897705,3.0,2.9040000438690186,2.941999912261963,1650,0.0,0.0,2023-08-16,2.9546500205993653,0.10221615544586563,3.056866176045231,2.8524338651534995,3.1590823314910965,2.750217709707634,-48.45453804046177,,6660,1770.3499901137156,5101.888284837184,2.9399336045248465,27.314937033964725,2.9486666520436606,2.9933332602183027,2.8973333040873213,3.044666608174642,2.852666695912679,3.089333216349284,2.80133334795634,,-56.11111012996462,0.06151895807492691,0.060563413133866525,0.000955544941060385,53.76019569739563,51.708376027153385,3.043000030517578,2.9546500205993653,,,AJCON.BO,2025-07-21 02:11:32.462794
463,2023-08-14 00:00:00+05:30,2.9839999675750732,3.0,2.9839999675750732,3.0,1230,0.0,0.0,2023-08-14,2.9446500301361085,0.1127583985152251,3.0574084286513337,2.8318916316208833,3.170166827166559,2.719133233105658,-6.352777507027564,,8310,1345.7329910261753,5934.772858518051,2.9398955318529736,26.79943165443649,2.994666655858358,3.0053333441416425,2.989333311716716,3.0106666882832847,2.978666623433431,3.0213333765665693,2.973333279291789,,-45.37035238268481,0.07188479285829219,0.060324526898601426,0.011560265959690764,56.67337817007436,53.00094738988049,3.084600067138672,2.9446500301361085,,,AJCON.BO,2025-07-21 02:11:32.462794
464,2023-08-11 00:00:00+05:30,3.140000104904175,3.140000104904175,2.994999885559082,3.140000104904175,11120,0.0,0.0,2023-08-11,,,,,,,66.62161415834416,,9540,12734.062675042445,7082.032825391019,2.9390584791376106,28.719460055462832,3.0916666984558105,3.188333511352539,3.0433332920074463,3.2366669178009033,2.9466664791107178,3.333333730697632,2.8983330726623535,,-19.44440519858503,0.07835490916191112,0.05743446040867873,0.020920448753232394,64.21245607173034,54.95049912221335,3.084600067138672,,,,AJCON.BO,2025-07-21 02:11:32.462794
465,2023-08-10 00:00:00+05:30,3.140000104904175,3.140000104904175,3.140000104904175,3.140000104904175,4000,0.0,0.0,2023-08-10,,,,,,,115.97441479963838,,20660,4580.5980845476415,5669.025362978163,2.910114555840665,35.862218539041905,3.140000104904175,3.140000104904175,3.140000104904175,3.140000104904175,3.140000104904175,3.140000104904175,3.140000104904175,,-19.44440519858503,0.07166353395913472,0.05220434822037063,0.01945918573876409,64.21245607173034,57.130270763807694,3.056600046157837,,,,AJCON.BO,2025-07-21 02:11:32.462794
466,2023-08-09 00:00:00+05:30,3.244999885559082,3.244999885559082,2.993000030517578,2.993000030517578,18560,0.0,0.0,2023-08-09,,,,,,,112.27667584088633,,16660,20258.96370525065,5941.132182585793,2.8975525039792713,43.43373093945073,3.0769999821980796,3.160999933878581,2.909000078837077,3.3289998372395835,2.8250001271565757,3.412999788920085,2.657000223795573,,-46.66664311915102,0.06201073488953268,0.047339551785679605,0.014671183103853076,59.1981236447316,60.6878469950957,3.009600019454956,,,,AJCON.BO,2025-07-21 02:11:32.462794
467,2023-08-08 00:00:00+05:30,3.1500000953674316,3.1500000953674316,3.1500000953674316,3.1500000953674316,700,0.0,0.0,2023-08-08,,,,,,,235.6851802909222,,35220,804.157543374007,2361.6743019195783,2.8651310894011055,70.42314398251304,3.1500000953674316,3.1500000953674316,3.1500000953674316,3.1500000953674316,3.1500000953674316,3.1500000953674316,3.1500000953674316,,-0.0,0.06318995045380449,0.04367175600971634,0.01951819444408815,68.73747494989979,64.51908293648277,2.9920000076293944,,,,AJCON.BO,2025-07-21 02:11:32.462794
468,2023-08-07 00:00:00+05:30,3.0,3.0,3.0,3.0,500,0.0,0.0,2023-08-07,,,,,,,163.7215008767092,,34520,547.0459313114534,2751.0534915559715,2.861434235411924,72.38037479501513,3.0,3.0,3.0,3.0,3.0,3.0,3.0,,-12.820504982950009,0.04828015262354857,0.038792207398694295,0.009487945224854272,63.63636363636363,68.60390235769351,2.921999979019165,,,,AJCON.BO,2025-07-21 02:11:32.462794
469,2023-08-04 00:00:00+05:30,2.7799999713897705,3.049999952316284,2.7750000953674316,3.0,8990,0.0,0.0,2023-08-04,,,,,,,108.50953614033449,,35020,9835.885844979932,3302.0553816171005,2.860137774291153,71.95706016239778,2.9416666825612388,3.108333269755046,2.8333334128061933,3.2166665395100913,2.666666825612386,3.3833331267038984,2.558333555857341,,-12.820504982950009,0.04323231248124726,0.03642022109248072,0.006812091388766539,,72.81516765531177,2.9099999904632567,,,,AJCON.BO,2025-07-21 02:11:32.462794
470,2023-08-03 00:00:00+05:30,2.9049999713897705,2.9049999713897705,2.9049999713897705,2.9049999713897705,500,0.0,0.0,2023-08-03,,,,,,,17.297084131058675,,26030,529.7228049362208,1668.5977657763922,2.8318506784728728,,2.9049999713897705,2.9049999713897705,2.9049999713897705,2.9049999713897705,2.9049999713897705,2.9049999713897705,2.9049999713897705,,,0.03611451241297958,0.03471719824528908,0.001397314167690504,,77.3503764373622,2.8699999809265138,,,,AJCON.BO,2025-07-21 02:11:32.462794
471,2023-08-02 00:00:00+05:30,2.934999942779541,2.934999942779541,2.7049999237060547,2.9049999713897705,2040,0.0,0.0,2023-08-02,,,,,,,-89.17200762385006,,26530,2161.269044139781,1953.316505986435,2.831018490840144,,2.8483332792917886,2.9916666348775225,2.761666615804036,3.078333298365275,2.6183332602183023,3.221666653951009,2.53166659673055,,,0.03581044525820509,0.03436786970336645,0.0014425755548386418,,79.50182649203673,2.8769999980926513,,,,AJCON.BO,2025-07-21 02:11:32.462794
472,2023-08-01 00:00:00+05:30,3.049999952316284,3.049999952316284,2.799999952316284,2.799999952316284,1220,0.0,0.0,2023-08-01,,,,,,,-4.923545403673425,,24490,1245.8059130240013,1901.3283714480986,2.827417387993061,,2.8833332856496177,2.966666618982951,2.716666618982951,3.1333332856496177,2.6333332856496177,3.216666618982951,2.466666618982951,,,0.03487856465461947,0.03400722581465679,0.000871338839962682,,81.81877270476315,2.8840000152587892,,,,AJCON.BO,2025-07-21 02:11:32.462794
473,2023-07-31 00:00:00+05:30,2.8010001182556152,2.940000057220459,2.8010001182556152,2.940000057220459,30,0.0,0.0,2023-07-31,,,,,,,23.359701235937255,,25710,32.166301387157844,2065.2089860541228,2.8282394393945274,,2.8936667442321777,2.9863333702087402,2.8473334312438965,3.0326666831970215,2.754666805267334,3.125333309173584,2.7083334922790527,,,0.04349792296249877,0.03378939110466612,0.009708531857832652,,85.14709315010681,2.912000036239624,,,,AJCON.BO,2025-07-21 02:11:32.462794
474,2023-07-28 00:00:00+05:30,2.940000057220459,2.940000057220459,2.799999952316284,2.799999952316284,3000,0.0,0.0,2023-07-28,,,,,,,,,25680,3063.4571631737736,2573.4696572208636,2.8281569795191026,,2.8466666539510093,2.8933333555857343,2.7533332506815595,2.986666758855184,2.7066665490468345,3.033333460489909,2.6133331457773847,,,0.04008636496516793,0.03136225814020795,0.008724106824959978,,85.5468888048945,2.912000036239624,,,,AJCON.BO,2025-07-21 02:11:32.462794
475,2023-07-27 00:00:00+05:30,2.940000057220459,2.940000057220459,2.940000057220459,2.940000057220459,20,0.0,0.0,2023-07-27,,,,,,,,,28680,21.4442009247719,2450.9727807326362,2.8303999715958006,,2.940000057220459,2.940000057220459,2.940000057220459,2.940000057220459,2.940000057220459,2.940000057220459,2.940000057220459,,,0.04889905687634233,0.029181231433967954,0.019717825442374375,,85.97743797158891,2.940000057220459,,,,AJCON.BO,2025-07-21 02:11:32.462794
476,2023-07-26 00:00:00+05:30,2.799999952316284,2.940000057220459,2.799999952316284,2.940000057220459,2760,0.0,0.0,2023-07-26,,,,,,,,,28700,2959.299727618522,3058.3549256846018,2.830341735631069,,2.893333355585734,2.9866667588551836,2.846666653951009,3.0333334604899087,2.753333250681559,3.1266668637593584,2.706666549046834,,,0.04565318911483862,0.024251775073374355,0.021401414041464267,,87.19358845535126,2.912000036239624,,,,AJCON.BO,2025-07-21 02:11:32.462794
477,2023-07-25 00:00:00+05:30,2.940000057220459,2.940000057220459,2.940000057220459,2.940000057220459,1010,0.0,0.0,2023-07-25,,,,,,,,,31460,1082.9321467009809,3083.1187252011214,2.8216646436704407,,2.940000057220459,2.940000057220459,2.940000057220459,2.940000057220459,2.940000057220459,2.940000057220459,2.940000057220459,,,0.0408057797972341,0.018901421563008287,0.02190435823422581,,88.5032889763261,2.899600028991699,,,,AJCON.BO,2025-07-21 02:11:32.462794
478,2023-07-24 00:00:00+05:30,2.940000057220459,2.940000057220459,2.8010001182556152,2.940000057220459,550,0.0,0.0,2023-07-24,,,,,,,,,32470,589.7155254312272,3583.1653698261566,2.8181358935173404,,2.8936667442321777,2.9863333702087402,2.8473334312438965,3.0326666831970215,2.754666805267334,3.125333309173584,2.7083334922790527,,,0.0339813575679182,0.013425332004451835,0.02055602556346637,,91.58012840187847,2.8600000381469726,,,,AJCON.BO,2025-07-21 02:11:32.462794
479,2023-07-21 00:00:00+05:30,2.940000057220459,2.940000057220459,2.934999942779541,2.940000057220459,10280,0.0,0.0,2023-07-21,,,,,,,,,33020,11022.319275332755,4331.527830924889,2.8161243301909082,,2.93833335240682,2.9416667620340986,2.9366666475931806,2.943333466847738,2.933333237965902,2.9466668764750166,2.9316665331522627,,,0.024729160053598598,0.008286325613585242,0.016442834440013356,,94.89364778324254,,,,,AJCON.BO,2025-07-21 02:11:32.462794
480,2023-07-20 00:00:00+05:30,2.878000020980835,2.878000020980835,2.799999952316284,2.799999952316284,150,0.0,0.0,2023-07-20,,,,,,,,,22740,153.17285815868868,2658.829969822922,2.760853389485015,,2.8259999752044678,2.8519999980926514,2.7739999294281006,2.9040000438690186,2.747999906539917,2.930000066757202,2.69599986076355,,,0.012508859295816688,0.004175617003581902,0.008333242292234786,,100.0,,,,,AJCON.BO,2025-07-21 02:11:32.462794
481,2023-07-19 00:00:00+05:30,2.6600000858306885,2.878000020980835,2.6600000858306885,2.878000020980835,3130,0.0,0.0,2023-07-19,,,,,,,,,22890,3285.24424773898,3285.24424773898,2.7605968589291088,,2.805333375930786,2.950666666030884,2.7326667308807373,3.0233333110809326,2.5873334407806396,3.1686666011810303,2.514666795730591,,,0.010461532152616027,0.0020923064305232056,0.00836922572209282,,100.0,,,,,AJCON.BO,2025-07-21 02:11:32.462794
482,2023-07-18 00:00:00+05:30,2.799999952316284,2.940000057220459,2.700000047683716,2.742000102996826,19760,0.0,0.0,2023-07-18,,,,,,,,,19760,,,2.742000102996826,,2.7940000693003335,2.888000090916951,2.648000081380208,3.0340000788370767,2.5540000597635903,3.1280001004536944,2.408000071843465,,,0.0,0.0,0.0,,,,,,,AJCON.BO,2025-07-21 02:11:32.462794
