Trading Day,Date,Open,High,Low,Close,Volume,Dividends,Stock Splits,date_only,RollingMean,RollingStd,UpperBand1,LowerBand1,UpperBand2,LowerBand2,CCI_10,CCI_40,OBV,VPT,VPT_signal,VWAP,MFI_14,PP,R1,S1,R2,S2,R3,S3,CMF,%R,macd,macd_signal,macde_histogram,rsi,ADX,sma_5,sma_20,sma_50,sma_100,symbol,created_on
1,2025-02-13 00:00:00+05:30,1525.75,1576.300048828125,1508.9000244140625,1537.199951171875,3408,0.0,0.0,2025-02-13,1695.9749755859375,170.38740543000125,1866.3623810159388,1525.5875701559362,2036.7497864459401,1355.2001647259349,-86.92435862924529,-111.87161742174985,1927185,14821.480870092397,39531.0762702279,1374.780373326158,39.463877058493296,1540.8000081380208,1572.699991861979,1505.2999674479165,1608.2000325520833,1473.3999837239583,1640.1000162760415,1437.899943033854,-0.3365065602850764,-78.58936465272335,-119.90957374742811,-126.6695590673817,6.759985319953586,32.1241178393975,33.937972198987104,1587.6499755859375,1695.9749755859375,2002.6699951171875,2340.3764965820315,EIMCOELECO.NS,2025-02-13 10:48:46.700928
2,2025-02-12 00:00:00+05:30,1600.0,1600.0,1468.9000244140625,1516.800048828125,9496,0.0,0.0,2025-02-12,1722.7124755859375,185.4518360537381,1908.1643116396756,1537.2606395321993,2093.6161476934135,1351.8088034784612,-126.23497406250938,-122.87982208273526,1923777,40750.28867618944,45708.475120261784,1374.7054064337933,34.950943957683734,1528.5666910807292,1588.233357747396,1457.1333821614585,1659.6666666666667,1397.4667154947917,1719.3333333333335,1326.033406575521,-0.32205955850716794,-86.73496880293672,-121.45836341991026,-128.3595553973701,6.901191977459831,30.007044668684827,33.16386483176245,1614.7599853515626,1722.7124755859375,2020.62099609375,2352.500498046875,EIMCOELECO.NS,2025-02-13 10:48:46.700928
3,2025-02-11 00:00:00+05:30,1630.75,1675.300048828125,1550.550048828125,1567.949951171875,10517,0.0,0.0,2025-02-11,1747.4049743652345,189.42697538002926,1936.8319497452637,1557.9779989852052,2126.258925125293,1368.551023605176,-31.853198678543475,-109.09290502685333,1933273,46653.65995224014,46948.02173127986,1374.5224242288684,34.37755779310858,1597.933349609375,1645.316650390625,1520.566650390625,1722.683349609375,1473.183349609375,1770.066650390625,1395.816650390625,-0.3299543708744741,-82.90134686481954,-119.59192400582629,-130.08485339173504,10.492929385908752,32.356765517659014,32.33021074398205,1637.0899658203125,1747.4049743652345,2040.1299951171875,2364.966496582031,EIMCOELECO.NS,2025-02-13 10:48:46.700928
4,2025-02-10 00:00:00+05:30,1666.1500244140625,1700.25,1628.25,1655.5999755859375,7285,0.0,0.0,2025-02-10,1767.9624755859375,191.22806061204693,1959.1905361979843,1576.7344149738906,2150.4185968100314,1385.5063543618435,98.07220408869011,-96.29888643330746,1943790,34122.95372196775,47021.61217603979,1374.246162684114,30.779427012680742,1661.3666585286458,1694.4833170572915,1622.4833170572915,1733.3666585286458,1589.3666585286458,1766.4833170572915,1550.4833170572915,-0.30177920095721456,-60.87520963247346,-120.4278075018633,-132.70808573821222,12.28027823634892,36.96222239739116,32.03696820364773,1640.6999755859374,1767.9624755859375,2058.6949951171873,2377.4144970703123,EIMCOELECO.NS,2025-02-13 10:48:46.700928
5,2025-02-07 00:00:00+05:30,1638.449951171875,1680.449951171875,1625.050048828125,1660.699951171875,5690,0.0,0.0,2025-02-07,1783.4049743652345,194.1252760771228,1977.5302504423573,1589.2796982881116,2171.65552651948,1395.1544222109887,70.41403355597953,-104.95783268374937,1951075,26734.070501391507,50246.27678955779,1373.9675361223094,20.570393984797334,1655.3999837239583,1685.7499186197915,1630.3500162760415,1710.7998860677083,1600.0000813802083,1741.1498209635415,1574.9501139322915,-0.31005456270281,-74.55065359477125,-128.3055272989036,-135.77815529729943,7.472627998395836,37.24867449970139,32.41658032729577,1611.8499755859375,1783.4049743652345,2075.8049975585936,2389.128497314453,EIMCOELECO.NS,2025-02-13 10:48:46.700928
6,2025-02-06 00:00:00+05:30,1624.550048828125,1680.0,1610.0,1672.75,5431,0.0,0.0,2025-02-06,1800.1849792480468,197.43676564845006,1997.621744896497,1602.7482135995967,2195.058510544947,1405.3114479511466,31.892809303788773,-112.36748749287447,1956765,25702.32974775094,56124.328361599364,1373.745580952882,21.515174584212133,1654.25,1698.5,1628.5,1724.25,1584.25,1768.5,1558.5,-0.33495473840433576,-74.38167193463741,-136.94964300889774,-137.64631229689837,0.6966692880006349,37.89296950697793,32.486517857520944,1605.7499755859376,1800.1849792480468,2094.8930004882814,2401.3134973144533,EIMCOELECO.NS,2025-02-13 10:48:46.700928
7,2025-02-05 00:00:00+05:30,1592.25,1650.0,1578.3499755859375,1628.449951171875,6151,0.0,0.0,2025-02-05,1817.82998046875,201.1823136857256,2019.0122941544755,1616.6476667830243,2220.194607840201,1415.4653530972987,-27.161481818458558,-131.27301160473965,1951334,28338.821926820652,63729.82801506146,1373.5244983281743,21.363880692009246,1618.9333089192708,1659.516642252604,1587.8666178385415,1690.5833333333333,1547.2832845052083,1731.1666666666665,1516.216593424479,-0.35212183853421597,-81.14503816793894,-147.12848318872193,-137.82047961889853,-9.308003569823398,33.995530915833115,32.55443113407873,1585.5899658203125,1817.82998046875,2110.641999511719,2413.8769982910158,EIMCOELECO.NS,2025-02-13 10:48:46.700928
8,2025-02-04 00:00:00+05:30,1525.1500244140625,1590.0,1524.050048828125,1586.0,7129,0.0,0.0,2025-02-04,1837.54248046875,200.96443777226244,2038.5069182410125,1636.5780426964875,2239.471356013275,1435.613604924225,-73.49654627335332,-155.6065199590602,1945183,31988.46845492783,72577.57953712165,1373.310839930246,22.57353909596641,1566.683349609375,1609.316650390625,1543.36669921875,1632.63330078125,1500.7333984375,1675.2666015625,1477.416748046875,-0.35598489838138375,-87.62594674379771,-153.56838007695865,-135.49347872644267,-18.074901350515972,30.09202803200374,32.147062715140535,1581.919970703125,1837.54248046875,2127.6469995117186,2426.755999755859,EIMCOELECO.NS,2025-02-13 10:48:46.700928
9,2025-02-03 00:00:00+05:30,1521.800048828125,1595.0,1504.949951171875,1511.3499755859375,11407,0.0,0.0,2025-02-03,1858.7124816894532,195.2926840775639,2054.005165767017,1663.4197976118892,2249.297849844581,1468.1271135343254,-100.52930287804708,-173.48110561132052,1938054,48775.096196674014,82724.8573076701,1373.104036812184,25.154205961225983,1537.0999755859375,1569.25,1479.199951171875,1627.1500244140625,1447.0499267578125,1659.300048828125,1389.14990234375,-0.35046380293161405,-99.02289703602099,-155.30592893092603,-130.97475338881367,-24.331175542112362,22.61926049571474,30.683273448363817,1586.1399658203125,1858.7124816894532,2146.588000488281,2440.0590002441404,EIMCOELECO.NS,2025-02-13 10:48:46.700928
10,2025-01-31 00:00:00+05:30,1575.0,1662.800048828125,1575.0,1630.199951171875,10111,0.0,0.0,2025-01-31,1883.49248046875,179.71879885154007,2063.21127932029,1703.77368161721,2242.9300781718302,1524.0548827656698,-70.38430976837876,-154.87555665638368,1949461,46633.35224569299,91212.29758541912,1372.8886182425492,28.500068740140435,1622.6666666666667,1670.3333333333335,1582.5332845052085,1710.4667154947917,1534.8666178385417,1758.1333821614585,1494.7332356770835,-0.3381217216496206,-83.96070068887168,-147.82550151483406,-124.89195950328559,-22.933542011548468,26.86468604430307,29.10688500721966,1616.7399658203126,1883.49248046875,2167.7930029296876,2454.4360009765624,EIMCOELECO.NS,2025-02-13 10:48:46.700928
11,2025-01-30 00:00:00+05:30,1618.5999755859375,1633.449951171875,1560.0999755859375,1571.949951171875,5707,0.0,0.0,2025-01-30,1906.2124877929687,174.66377930019902,2080.876267093168,1731.5487084927697,2255.5400463933665,1556.8849291925706,-98.77927905625694,-171.93769353035998,1939350,25380.971230325034,102357.03392035063,1372.5327308550059,24.365322690690135,1588.4999593098958,1616.899943033854,1543.5499674479165,1661.8499348958333,1515.1499837239583,1690.2499186197915,1470.199991861979,-0.3550451168871647,-93.19281171317895,-147.71342913807598,-119.15857400039846,-28.55485513767752,20.034069901336267,27.81412383555461,1642.519970703125,1906.2124877929687,2182.7200048828126,2467.597001953125,EIMCOELECO.NS,2025-02-13 10:48:46.700928
12,2025-01-29 00:00:00+05:30,1615.5999755859375,1703.5,1587.0,1610.0999755859375,24041,0.0,0.0,2025-01-29,1931.3574951171875,159.5558065041293,2090.913301621317,1771.801688613058,2250.469108125446,1612.245882108929,-99.78531641791982,-163.40744327314593,1945057,109513.33926051212,121601.04959285703,1372.3769302011035,23.634259032328927,1633.5333251953125,1680.066650390625,1563.566650390625,1750.0333251953125,1517.0333251953125,1796.566650390625,1447.066650390625,-0.3567020153370054,-87.14636946475564,-139.5951178505893,-112.01986021597907,-27.57525763461024,21.24052724757952,25.930533305898784,1692.789990234375,1931.3574951171875,2197.62400390625,2482.4455029296873,EIMCOELECO.NS,2025-02-13 10:48:46.700928
13,2025-01-28 00:00:00+05:30,1673.0999755859375,1681.949951171875,1529.0,1607.0999755859375,48782,0.0,0.0,2025-01-28,1955.6099914550782,144.28789562096364,2099.897887076042,1811.3220958341146,2244.1857826970054,1667.034200213151,-134.43474897078573,-177.747939868262,1921016,221801.33003768016,124622.97717594325,1371.5919580373793,19.192108440771264,1606.0166422526042,1683.0332845052085,1530.0833333333335,1758.9665934244792,1453.0666910807292,1835.9832356770835,1377.1333821614585,-0.32737229544085855,-87.62184299390451,-130.84334113919817,-105.1260458073265,-25.717295331871668,20.892669608300352,24.044051635279082,1741.7199951171874,1955.6099914550782,2211.8590063476563,2497.380003662109,EIMCOELECO.NS,2025-02-13 10:48:46.700928
14,2025-01-27 00:00:00+05:30,1775.0,1787.9000244140625,1650.0,1664.3499755859375,21404,0.0,0.0,2025-01-27,1976.9824951171875,119.47198810049524,2096.4544832176825,1857.5105070166921,2215.926471318178,1738.038518916197,-135.2794312545874,-154.28924719482467,1969798,100786.24059866025,100328.38896050901,1370.0033549270784,25.8370539051882,1700.75,1751.5,1613.5999755859375,1838.6500244140625,1562.8499755859375,1889.4000244140625,1475.699951171875,-0.39324011666932795,-97.18600314541438,-117.36048548386907,-98.69672197435858,-18.66376350951049,22.666680230725177,21.669386478892136,1798.039990234375,1976.9824951171875,2227.5300048828126,2512.4425048828125,EIMCOELECO.NS,2025-02-13 10:48:46.700928
15,2025-01-24 00:00:00+05:30,1830.0,1830.0,1749.949951171875,1759.0999755859375,15203,0.0,0.0,2025-01-24,1996.9149963378907,95.39706208997046,2092.3120584278613,1901.5179342479203,2187.7091205178317,1806.1208721579496,-140.16747730761625,-134.9345230195202,1991202,75662.63604488492,100213.92605097117,1369.1295964829385,25.20712929628928,1779.6833089192708,1809.4166666666665,1729.3666178385415,1859.7333577473958,1699.6332600911458,1889.4667154947915,1649.3165690104165,-0.3797571478891249,-97.76828672827745,-103.95841293297258,-94.03078109698095,-9.927631835991633,26.068374471523626,19.746035549333442,1881.2199951171874,1996.9149963378907,2241.2310034179686,2527.5205041503905,EIMCOELECO.NS,2025-02-13 10:48:46.700928
16,2025-01-23 00:00:00+05:30,1854.75,1873.4000244140625,1815.0,1823.300048828125,10688,0.0,0.0,2025-01-23,2016.75,83.89571159500518,2100.645711595005,1932.8542884049948,2184.5414231900104,1848.9585768099896,-142.14431295950428,-121.7968861098537,2006405,55133.585703350065,106351.74855249273,1368.305619713608,25.704058806211066,1837.2333577473958,1859.4667154947915,1801.066691080729,1895.6333821614583,1778.8333333333333,1917.866739908854,1742.6666666666665,-0.31714383837672594,-93.99692702432614,-94.5560107589763,-91.54887313798304,-3.0071376209932623,28.78648505756226,18.343712438413622,1947.97998046875,2016.75,2254.0280029296873,2540.9200048828125,EIMCOELECO.NS,2025-02-13 10:48:46.700928
17,2025-01-22 00:00:00+05:30,1888.699951171875,1890.0,1801.800048828125,1854.75,28827,0.0,0.0,2025-01-22,2030.0424926757812,71.82448383198302,2101.8669765077643,1958.218008843798,2173.691460339747,1886.3935250118152,-187.98610778487324,-124.09902399580633,2017093,151267.79543721053,119156.28926477837,1367.6287545433288,26.340557892279577,1848.8500162760417,1895.8999837239585,1807.7000325520835,1937.0499674479167,1760.6500651041667,1984.0999348958335,1719.5000813802085,-0.3100303959750387,-85.21570135148215,-87.4081544197727,-90.79708873273471,3.3889343129620073,30.219814089603616,17.35515058234101,1997.7099609375,2030.0424926757812,2265.8080029296875,2552.2020043945313,EIMCOELECO.NS,2025-02-13 10:48:46.700928
18,2025-01-21 00:00:00+05:30,2090.35009765625,2116.949951171875,1852.199951171875,1888.699951171875,64682,0.0,0.0,2025-01-21,2043.0599975585938,61.18763316137566,2104.2476307199695,1981.872364397218,2165.4352638813452,1920.6847312358425,-122.84099298172224,-96.93881683305004,2045920,345627.31604197656,111128.41272167033,1365.6663786056504,36.27529369752299,1952.6166178385417,2053.0332845052085,1788.2832845052085,2217.366617838542,1687.8666178385417,2317.7832845052085,1523.5332845052085,-0.366962249159471,-89.52954969163773,-80.02970998848059,-91.64432231097521,11.614612322494622,31.807333201472773,16.290545506570503,2028.8899658203125,2043.0599975585938,2279.5110009765626,2562.79150390625,EIMCOELECO.NS,2025-02-13 10:48:46.700928
19,2025-01-20 00:00:00+05:30,2103.35009765625,2159.949951171875,2062.0,2080.25,7136,0.0,0.0,2025-01-20,2055.2224975585937,52.4406804694065,2107.663178028,2002.7818170891871,2160.1038584974067,1950.3411366197806,143.2554470025834,-53.84254954347451,2110602,41998.33000884287,52503.68689159377,1360.8954577325717,55.035330640737854,2100.7333170572915,2139.466634114583,2041.516682942708,2198.6832682291665,2002.7833658854165,2237.416585286458,1943.566731770833,-0.27679412703384887,-45.01494654524669,-72.71404965794318,-94.54797539159887,21.83392573365569,43.88568788250715,15.561088062839016,2046.969970703125,2055.2224975585937,2293.717001953125,2573.3475048828127,EIMCOELECO.NS,2025-02-13 10:48:46.700928
20,2025-01-17 00:00:00+05:30,2082.89990234375,2115.0,2058.0,2092.89990234375,3870,0.0,0.0,2025-01-17,2061.4799926757814,62.151862622091684,2123.6318552978732,1999.3281300536898,2185.7837179199646,1937.176267431598,172.30107340356295,-60.29836717731995,2117738,22915.06389068808,55130.02611228148,1360.1708143906214,49.12958670964839,2088.63330078125,2119.2666015625,2062.2666015625,2145.63330078125,2031.63330078125,2176.2666015625,2005.2666015625,-0.2957608118618719,-40.29130948875431,-81.11083707907119,-100.00645682501279,18.8956197459416,44.9319967962399,16.239995170485443,2023.8099609375,2061.4799926757814,2304.915,2583.232004394531,EIMCOELECO.NS,2025-02-13 10:48:46.700928
21,2025-01-16 00:00:00+05:30,2008.699951171875,2113.0,2000.0,2071.949951171875,8373,0.0,0.0,2025-01-16,2067.7924926757814,71.25560479771495,2139.0480974734965,1996.5368878780664,2210.3037022712115,1925.2812830803516,101.4525320374633,-71.8846341946032,2113868,49081.97179757837,63183.766667679825,1359.7702999350163,43.86453274716207,2061.6499837239585,2123.299967447917,2010.299967447917,2174.6499837239585,1948.6499837239585,2236.299967447917,1897.299967447917,-0.38087412295685213,-48.114292069807064,-91.87814109786859,-104.73036176149819,12.852220663629595,42.8361110685218,17.32255168598066,2004.489990234375,2067.7924926757814,2314.8630029296874,2591.5290063476564,EIMCOELECO.NS,2025-02-13 10:48:46.700928
22,2025-01-15 00:00:00+05:30,1978.800048828125,2100.0,1978.3499755859375,2010.6500244140625,13569,0.0,0.0,2025-01-15,2082.577490234375,97.87078530339492,2180.44827553777,1984.70670493098,2278.319060841165,1886.8359196275853,8.299408147871716,-86.24124815564346,2105495,77187.32239832295,66709.21538520519,1358.927065450993,44.47724299386462,2029.6666666666667,2080.983357747396,1959.3333333333335,2151.3166910807295,1908.0166422526042,2202.6333821614585,1837.683308919271,-0.41196944883727865,-71.00447712617911,-102.20820724746454,-107.9434169274056,5.73520967994105,36.243042045140506,18.457266663620203,1995.2300048828124,2082.577490234375,2325.927001953125,2598.644006347656,EIMCOELECO.NS,2025-02-13 10:48:46.700928
23,2025-01-14 00:00:00+05:30,1974.800048828125,2000.0,1944.050048828125,1979.0999755859375,8102,0.0,0.0,2025-01-14,2102.169989013672,119.53740957040074,2221.7073985840725,1982.6325794432712,2341.2448081544735,1863.0951698728704,-101.992985981676,-110.13932343841962,2091926,45365.073829795954,64089.68863192574,1357.6741473409263,37.06482077586976,1974.3833414713542,2004.7166341145835,1948.7666829427085,2030.3332926432292,1918.4333902994792,2060.6665852864585,1892.8167317708335,-0.4289784920304803,-82.78567319622685,-107.8480990424282,-109.37721934739085,1.529120304962646,32.523652848227925,19.486106041625455,1997.639990234375,2102.169989013672,2339.069001464844,2605.0470056152344,EIMCOELECO.NS,2025-02-13 10:48:46.700928
24,2025-01-13 00:00:00+05:30,1996.300048828125,1996.300048828125,1952.0,1964.449951171875,16319,0.0,0.0,2025-01-13,2129.9324951171875,150.03735265584072,2279.969847773028,1979.8951424613467,2430.007200428869,1829.857789805506,-131.70840361245823,-119.3105503299388,2083824,90697.67636995131,68770.84233245818,1356.9599928439302,31.400631712714954,1970.9166666666667,1989.8333333333335,1945.5332845052085,2015.2167154947917,1926.6166178385417,2034.1333821614585,1901.2332356770835,-0.3923747609640957,-88.25618168872714,-110.32760571287054,-109.7594994236315,-0.56810628923904,30.782596119152387,18.881025896618187,2003.7,2129.9324951171875,2351.67,2612.2025048828127,EIMCOELECO.NS,2025-02-13 10:48:46.700928
25,2025-01-10 00:00:00+05:30,2030.0,2032.0,1990.0,1996.300048828125,12312,0.0,0.0,2025-01-10,2151.859997558594,156.48743337026454,2308.3474309288586,1995.3725641883293,2464.834864299123,1838.885130818065,-86.25582438911962,-116.06903973189296,2100143,69537.0198113886,63289.13382308489,1355.5505426581522,30.988267992619427,2006.1000162760417,2022.2000325520835,1980.2000325520835,2048.100016276042,1964.1000162760417,2064.2000325520835,1938.2000325520835,-0.3801760983331415,-79.80537288601603,-110.38768979238694,-109.61747285132172,-0.7702169410652147,32.474151821199555,18.318217632336392,2012.2,2151.859997558594,2364.8160009765625,2619.7790063476564,EIMCOELECO.NS,2025-02-13 10:48:46.700928
26,2025-01-09 00:00:00+05:30,2004.300048828125,2067.85009765625,2000.0,2025.6500244140625,5233,0.0,0.0,2025-01-09,2175.897497558594,167.84574104063276,2343.7432385992265,2008.0517565179612,2511.588979639859,1840.2060154773283,-56.5315709660897,-115.7817897068293,2112455,29990.02294570095,61727.16232600896,1354.4269863508653,30.448660743721888,2031.1667073567708,2062.3334147135415,1994.4833170572915,2099.0168050130205,1963.3166097005208,2130.1835123697915,1926.6332194010415,-0.3658711805968054,-75.35903606008976,-111.92882690893839,-109.42491861605541,-2.5039082928829828,34.076473424184144,18.1429867091537,2029.860009765625,2175.897497558594,2376.9189990234377,2628.4695068359374,EIMCOELECO.NS,2025-02-13 10:48:46.700928
27,2025-01-08 00:00:00+05:30,1992.199951171875,2050.89990234375,1991.5999755859375,2022.699951171875,8322,0.0,0.0,2025-01-08,2200.827496337891,180.87749982446906,2381.7049961623597,2019.9499965134219,2562.5824959868287,1839.0724966889527,-87.24555967752295,-128.95834712863297,2107222,47623.44684421489,69661.44717108597,1353.9263535017224,22.455690783383304,2021.7332763671875,2051.8665771484375,1992.566650390625,2081.033203125,1962.433349609375,2111.16650390625,1933.2667236328125,-0.3730510773898868,-78.26245670666555,-115.09658601118463,-108.79894154283465,-6.297644468349972,33.771483053130225,18.06969583450068,2039.7000244140625,2200.827496337891,2387.878996582031,2635.5025061035158,EIMCOELECO.NS,2025-02-13 10:48:46.700928
28,2025-01-07 00:00:00+05:30,1961.550048828125,2071.949951171875,1933.0,2009.4000244140625,23529,0.0,0.0,2025-01-07,2227.0350036621094,191.37759292279563,2418.412596584905,2035.6574107393137,2609.7901895077007,1844.279817816518,-150.35026607451445,-146.84702845303488,2098900,133761.62084404865,75170.94725280373,1353.1321642291398,17.899792407108535,2004.7833251953125,2076.566650390625,1937.61669921875,2143.7332763671875,1865.8333740234375,2215.5166015625,1798.666748046875,-0.3727437634939228,-85.04891890135764,-117.11785240594872,-107.22453042574715,-9.893321980201577,32.46341685608252,17.709941670542523,2054.1900146484377,2227.0350036621094,2399.182995605469,2643.5205065917967,EIMCOELECO.NS,2025-02-13 10:48:46.700928
29,2025-01-06 00:00:00+05:30,2084.0,2091.050048828125,1980.199951171875,2006.949951171875,9140,0.0,0.0,2025-01-06,2253.720007324219,196.57229143308723,2450.292298757306,2057.1477158911316,2646.8645901903933,1860.5754244580444,-171.50086870953194,-149.91456065254417,2075371,51897.2550497205,60523.27885499249,1350.921298315331,17.933461903283387,2026.066650390625,2071.933349609375,1961.083251953125,2136.916748046875,1915.216552734375,2182.783447265625,1850.233154296875,-0.4189204192906642,-95.60574948665298,-116.62133170937022,-104.75119993069674,-11.870131778673482,32.234476025791324,17.322514109356817,2059.22001953125,2253.720007324219,2411.60599609375,2653.1580053710936,EIMCOELECO.NS,2025-02-13 10:48:46.700928
30,2025-01-03 00:00:00+05:30,2075.0,2131.449951171875,2058.0,2084.60009765625,4385,0.0,0.0,2025-01-03,2282.087512207031,199.99400585195548,2482.0815180589866,2082.0935063550755,2682.075523910942,1882.09950050312,-49.71733503015706,-133.2972027509483,2084511,25861.517286204584,62679.784806310476,1350.0616604943884,25.269376790880145,2091.3500162760415,2124.700032552083,2051.250081380208,2164.7999674479165,2017.9000651041665,2198.149983723958,1977.800130208333,-0.4017915432036072,-89.43166897480843,-113.97734979051438,-101.78366698602835,-12.19368280448603,35.80670436663493,17.377410094660135,2070.430029296875,2282.087512207031,2421.6439990234376,2662.701506347656,EIMCOELECO.NS,2025-02-13 10:48:46.700928
31,2025-01-02 00:00:00+05:30,2103.14990234375,2200.800048828125,2032.6500244140625,2074.85009765625,16907,0.0,0.0,2025-01-02,2302.112512207031,199.22841474606273,2501.340926953094,2102.8840974609684,2700.5693416991567,1903.6556827149057,-41.66493909285151,-138.67000581597767,2080126,99246.43783153442,71884.35168633694,1349.5995947800773,24.474658346579517,2102.7667236328125,2172.8834228515625,2004.7333984375,2270.916748046875,1934.61669921875,2341.033447265625,1836.5833740234375,-0.35955117625235034,-91.16054579796263,-116.51268509679676,-98.73524628490684,-17.777438811889922,34.96640344216526,18.324545337518785,2084.67001953125,2302.112512207031,2432.6269970703124,2671.6700048828125,EIMCOELECO.NS,2025-02-13 10:48:46.700928
32,2025-01-01 00:00:00+05:30,2045.300048828125,2129.449951171875,2043.199951171875,2095.14990234375,6866,0.0,0.0,2025-01-01,2320.1075073242187,193.8006795813384,2513.908186905557,2126.30682774288,2707.708866486895,1932.506148161542,-62.33988086913718,-156.4213011382415,2097033,40698.701184221216,65043.83015003758,1347.8362841091607,17.149298769920065,2089.2666015625,2135.333251953125,2049.083251953125,2175.5166015625,2003.0166015625,2221.583251953125,1962.833251953125,-0.3636355348874986,-87.56097022475485,-117.03311158594852,-94.29088658193436,-22.74222500401416,35.87429779875329,19.34453713752041,2087.52998046875,2320.1075073242187,2446.5769970703127,2681.1530029296873,EIMCOELECO.NS,2025-02-13 10:48:46.700928
33,2024-12-31 00:00:00+05:30,2057.5,2070.0,2025.0,2034.550048828125,9638,0.0,0.0,2024-12-31,2339.962512207031,189.84176985969103,2529.804282066722,2150.12074234734,2719.6460519264133,1960.278972487649,-96.69938662476861,-193.05017563929945,2090167,55477.50859971642,71130.11239149167,1347.0976829935412,16.226203903201167,2043.183349609375,2061.36669921875,2016.36669921875,2088.183349609375,1998.183349609375,2106.36669921875,1971.36669921875,-0.3781261712090454,-98.30657865857064,-117.92540942255664,-88.60533033093081,-29.32007909162583,30.900956166636206,19.44952178202231,2091.52001953125,2339.962512207031,2463.0389990234376,2690.2245043945313,EIMCOELECO.NS,2025-02-13 10:48:46.700928
34,2024-12-30 00:00:00+05:30,2162.199951171875,2176.449951171875,2049.0,2063.0,12109,0.0,0.0,2024-12-30,2363.0450073242187,178.4782733373511,2541.52328066157,2184.5667339868673,2720.001553998921,2006.0884606495165,-80.17828930534712,-185.2341723949321,2099805,70675.54349313752,75043.26333943548,1346.142611815541,16.561187488157373,2096.1499837239585,2143.299967447917,2015.850016276042,2223.5999348958335,1968.7000325520835,2270.749918619792,1888.400065104167,-0.36262570921591836,-97.40716709583634,-111.31290502739375,-81.27531055802436,-30.037594469369395,31.98226651805487,18.608732863140723,2111.0,2363.0450073242187,2483.785,2698.6085034179687,EIMCOELECO.NS,2025-02-13 10:48:46.700928
35,2024-12-27 00:00:00+05:30,2100.0,2165.949951171875,2061.050048828125,2155.800048828125,9747,0.0,0.0,2024-12-27,2385.4500122070312,166.5578776428976,2552.0078898499287,2218.892134564134,2718.5657674928266,2052.334256921236,-76.83556538767526,-187.1524791294171,2111914,59448.5263095911,76135.19330100997,1344.889164844788,17.252238515601576,2127.6000162760415,2194.149983723958,2089.250081380208,2232.4999186197915,2022.7001139322915,2299.049886067708,1984.350179036458,-0.34107829222743097,-82.21492257156265,-103.96222557585679,-73.76591194068202,-30.196313635174775,35.773894176523555,17.922922320432434,2139.47998046875,2385.4500122070312,2507.192998046875,2707.5480029296873,EIMCOELECO.NS,2025-02-13 10:48:46.700928
36,2024-12-26 00:00:00+05:30,2126.199951171875,2160.050048828125,2071.550048828125,2089.14990234375,8029,0.0,0.0,2024-12-26,2408.4150146484376,164.88293052910524,2573.2979451775427,2243.5320841193325,2738.1808757066483,2078.649153590227,-100.99819106128538,-219.4933559899564,2102167,47456.17278347683,80306.86004886468,1343.7462320394977,18.35969325137725,2106.9166666666665,2142.283284505208,2053.783284505208,2195.4166666666665,2018.4166666666665,2230.783284505208,1965.283284505208,-0.35419863320534717,-97.09788854272048,-102.11534191149485,-66.21683353188831,-35.89850837960654,30.259897223603275,17.293043526495563,2152.149951171875,2408.4150146484376,2527.8739990234376,2716.4930029296875,EIMCOELECO.NS,2025-02-13 10:48:46.700928
37,2024-12-24 00:00:00+05:30,2143.199951171875,2159.449951171875,2091.550048828125,2115.10009765625,9696,0.0,0.0,2024-12-24,2426.9675170898436,146.9709594652335,2573.938476555077,2279.99655762461,2720.9094360203107,2133.0255981593764,-120.6047203369163,-235.23070016933508,2110196,58020.996283411114,88519.53186521164,1342.8798007988646,23.962997062664,2122.0333658854165,2152.516682942708,2084.616780598958,2189.9332682291665,2054.1334635416665,2220.416585286458,2016.716878255208,-0.350498314215282,-95.98430372769815,-91.6395394312135,-57.24220643698668,-34.39733299422683,31.229220405150258,16.70580475201079,2207.849951171875,2426.9675170898436,2548.3130029296876,2726.8380029296877,EIMCOELECO.NS,2025-02-13 10:48:46.700928
38,2024-12-23 00:00:00+05:30,2206.0,2246.449951171875,2104.64990234375,2131.949951171875,16807,0.0,0.0,2024-12-23,2445.147509765625,127.57113812229791,2572.7186478879225,2317.576371643327,2700.2897860102207,2190.005233521029,-144.26223270261667,-236.12724006941247,2119892,101374.530285027,96144.16576066178,1341.794312905335,23.83329502554963,2161.0166015625,2217.38330078125,2075.583251953125,2302.816650390625,2019.216552734375,2359.183349609375,1933.783203125,-0.35360298683895014,-95.23850280313502,-79.39456095418791,-48.64287318842997,-30.751687765757943,31.844270246809472,16.24186711630771,2265.329931640625,2445.147509765625,2566.6630029296875,2738.0885009765625,EIMCOELECO.NS,2025-02-13 10:48:46.700928
39,2024-12-20 00:00:00+05:30,2201.550048828125,2309.0,2191.550048828125,2205.39990234375,13559,0.0,0.0,2024-12-20,2465.2025146484375,105.33245403860646,2570.534968687044,2359.870060609831,2675.8674227256506,2254.5376065712244,-147.76865337817787,-207.2231463463128,2136699,84601.2269332935,94836.57462957047,1339.8643298561046,25.413678879436603,2235.316650390625,2279.083251953125,2161.63330078125,2352.7666015625,2117.86669921875,2396.533203125,2044.183349609375,-0.3444846032776391,-97.15287184585789,-64.17378528128893,-40.954951246990476,-23.218834034298453,34.602730634709445,15.8496030384316,2345.8099609375,2465.2025146484375,2584.63900390625,2749.0390014648438,EIMCOELECO.NS,2025-02-13 10:48:46.700928
40,2024-12-19 00:00:00+05:30,2330.0,2345.64990234375,2208.64990234375,2219.14990234375,34529,0.0,0.0,2024-12-19,2483.5125244140627,88.2345888614187,2571.7471132754813,2395.277935552644,2659.9817021369,2307.0433466912255,-190.06177011366222,-210.2928707814828,2150258,216786.52813965216,97395.41155363971,1338.1554172292176,26.448144976068576,2257.8165690104165,2306.983235677083,2169.983235677083,2394.8165690104165,2120.8165690104165,2443.983235677083,2032.983235677083,-0.23640835346463218,-97.7628640001498,-50.947957296075856,-35.15024273841586,-15.797714557659994,35.13173748320291,16.184734801777804,2385.32998046875,2483.5125244140627,2599.9980078125,2760.0540014648436,EIMCOELECO.NS,2025-02-13 10:48:46.700928
41,2024-12-18 00:00:00+05:30,2402.5,2444.0,2349.949951171875,2367.64990234375,9199,0.0,0.0,2024-12-18,2491.382531738281,68.14695640932918,2559.52948814761,2423.235575328952,2627.6764445569397,2355.0886189196226,-140.65069141421,-115.06344772921815,2184787,61619.72467300037,67547.63240713658,1333.7034333026052,32.39171118177863,2387.199951171875,2424.449951171875,2330.39990234375,2481.25,2293.14990234375,2518.5,2236.349853515625,-0.07961500462284747,-94.60449671167447,-34.59711756809702,-31.200814099000862,-3.396303469096157,41.493372162757126,16.705047394067687,2436.910009765625,2491.382531738281,2612.310009765625,2771.5900024414063,EIMCOELECO.NS,2025-02-13 10:48:46.700928
42,2024-12-17 00:00:00+05:30,2572.35009765625,2588.949951171875,2367.050048828125,2402.5,18929,0.0,0.0,2024-12-17,2488.857531738281,73.68349053038763,2562.5410222686687,2415.1740412078934,2636.2245127990564,2341.490550677506,-73.84152758817253,-64.82614928638098,2193986,128662.71671366709,69029.60934067063,1332.309570114936,41.587998517812274,2452.8333333333335,2538.616617838542,2316.716715494792,2674.7332356770835,2230.9334309895835,2760.516520182292,2094.816813151042,-0.07073908834716289,-84.39272207302308,-27.76388916533506,-30.351738231726824,2.5878490663917653,43.197978776559054,17.188880442605562,2468.230029296875,2488.857531738281,2622.1180126953127,2780.1435034179685,EIMCOELECO.NS,2025-02-13 10:48:46.700928
43,2024-12-16 00:00:00+05:30,2381.199951171875,2559.0,2381.199951171875,2534.35009765625,13005,0.0,0.0,2024-12-16,2484.8250366210937,80.54567784523702,2565.370714466331,2404.2793587758565,2645.9163923115675,2323.73368093062,-20.453993766762387,-39.082976202082556,2212915,93247.80441172878,54121.33249742151,1329.3325852698968,46.98813184026664,2491.5166829427085,2601.833414713542,2424.033365885417,2669.3167317708335,2313.7166341145835,2779.633463541667,2246.233317057292,-0.022590190634219628,-44.003652574638835,-22.026827734531253,-30.998700498324762,8.97187276379351,50.48402808106362,17.495641861964526,2497.100048828125,2484.8250366210937,2631.9450146484373,2789.2725024414062,EIMCOELECO.NS,2025-02-13 10:48:46.700928
44,2024-12-13 00:00:00+05:30,2454.5,2471.60009765625,2351.550048828125,2403.0,9304,0.0,0.0,2024-12-13,2477.640026855469,82.28584808631632,2559.9258749417854,2395.3541787691524,2642.2117230281015,2313.0683306828364,-173.52053877759195,-98.58029882738668,2199910,63253.58170132142,44339.71451884468,1327.025187825502,37.47248950900937,2408.7167154947915,2465.883382161458,2345.833333333333,2528.7667643229165,2288.6666666666665,2585.933430989583,2225.783284505208,-0.09676916064087174,-84.2395592380448,-27.33314767586762,-33.24166868927314,5.908521013405519,41.330055280658684,18.111690848211,2498.850048828125,2477.640026855469,2639.38201171875,2795.8250024414065,EIMCOELECO.NS,2025-02-13 10:48:46.700928
45,2024-12-12 00:00:00+05:30,2500.050048828125,2561.050048828125,2451.0,2477.050048828125,3234,0.0,0.0,2024-12-12,2474.9600219726562,85.64891694794393,2560.6089389206004,2389.311105024712,2646.257855868544,2303.6621880767684,-45.22794856727386,-47.79998770908434,2209214,22663.99401836931,39611.2477232255,1325.54918956345,46.871817266475354,2496.36669921875,2541.7333984375,2431.683349609375,2606.416748046875,2386.316650390625,2651.783447265625,2321.63330078125,-0.1003198506991642,-76.6270526986747,-20.776712109221535,-34.718798942624524,13.942086833402989,45.75844540273186,19.3215152642696,2533.11005859375,2474.9600219726562,2650.955009765625,2802.1725024414063,EIMCOELECO.NS,2025-02-13 10:48:46.700928
46,2024-12-11 00:00:00+05:30,2574.85009765625,2575.949951171875,2513.0,2524.25,3944,0.0,0.0,2024-12-11,2471.0550170898437,87.31286271098148,2558.367879800825,2383.7421543788623,2645.680742511807,2296.4292916678805,23.714415887367107,-29.584706428400516,2212448,28166.37265524478,43848.06114943954,1324.9998695134527,55.884066033733276,2537.7333170572915,2562.466634114583,2499.516682942708,2600.6832682291665,2474.7833658854165,2625.416585286458,2436.566731770833,-0.10056015757826607,-46.943682959623786,-19.36049695607062,-38.20432065097527,18.84382369490465,48.856845993559695,19.783229891504405,2534.720068359375,2471.0550170898437,2658.2080078125,2806.3330029296876,EIMCOELECO.NS,2025-02-13 10:48:46.700928
47,2024-12-10 00:00:00+05:30,2515.050048828125,2578.0,2475.0,2546.85009765625,4666,0.0,0.0,2024-12-10,2465.45751953125,87.3115969903804,2552.76911652163,2378.14592254087,2640.080713512011,2290.834325550489,24.60301088222066,-35.069174734160434,2216392,33620.93354397971,47768.48327298823,1324.3017647737927,57.67449128698047,2533.2833658854165,2591.566731770833,2488.566731770833,2636.2833658854165,2430.2833658854165,2694.566731770833,2385.566731770833,-0.11749476548978212,-34.10075159606427,-21.90245158061316,-42.91527657470143,21.01282499408827,50.37336920573611,19.38533834122556,2516.820068359375,2465.45751953125,2663.111005859375,2811.4605029296877,EIMCOELECO.NS,2025-02-13 10:48:46.700928
48,2024-12-09 00:00:00+05:30,2574.300048828125,2593.800048828125,2502.0,2543.10009765625,3970,0.0,0.0,2024-12-09,2465.110009765625,86.9838114809834,2552.0938212466085,2378.1261982846413,2639.0776327275917,2291.142386803658,54.149665922864465,-32.174149321338234,2211726,28563.77550028377,51305.37070524036,1323.4592376873693,57.08097006948543,2546.300048828125,2590.60009765625,2498.800048828125,2638.10009765625,2454.5,2682.400146484375,2407.0,-0.14894636437577094,-35.06007647118341,-27.05083565574796,-48.16848282322349,21.117647167475532,50.13488556111442,18.956839748617572,2505.900048828125,2465.110009765625,2665.927001953125,2814.9160009765624,EIMCOELECO.NS,2025-02-13 10:48:46.700928
49,2024-12-06 00:00:00+05:30,2495.0,2678.0,2495.0,2574.300048828125,9953,0.0,0.0,2024-12-06,2467.9050048828126,90.4507197775026,2558.355724660315,2377.45428510531,2648.806444437818,2287.0035653278073,104.56289777554584,-20.381453640402288,2215696,72489.45235028518,56990.769506479504,1322.743670695182,56.19391963998441,2582.433349609375,2669.86669921875,2486.86669921875,2765.433349609375,2399.433349609375,2852.86669921875,2303.86669921875,-0.1512445746100777,-27.078506001401514,-32.863148060189815,-53.44789461509237,20.58474655490256,52.06798050628355,18.10988761221567,2496.52001953125,2467.9050048828126,2669.1189990234375,2817.031999511719,EIMCOELECO.NS,2025-02-13 10:48:46.700928
50,2024-12-05 00:00:00+05:30,2488.0,2495.0,2425.10009765625,2485.10009765625,8916,0.0,0.0,2024-12-05,2471.1974975585936,95.58047329259705,2566.7779708511907,2375.6170242659964,2662.358444143788,2280.0365509733992,-88.48305622946859,-64.32703666210061,2205743,62686.72713109833,53116.09879552809,1320.9000502281922,53.49874234226473,2468.4000651041665,2511.700032552083,2441.800130208333,2538.2999674479165,2398.5001627604165,2581.599934895833,2371.900227864583,-0.13482429313891045,-49.89763453969269,-42.87946522280117,-58.594081253818004,15.714616031016831,46.60206103719632,17.197785311475158,2483.880029296875,2471.1974975585936,2672.282998046875,2818.083498535156,EIMCOELECO.NS,2025-02-13 10:48:46.700928
51,2024-12-04 00:00:00+05:30,2544.0,2551.0,2415.10009765625,2434.75,9170,0.0,0.0,2024-12-04,2476.4574951171876,99.21154818313833,2575.669043300326,2377.2459469340492,2674.8805914834643,2278.034398750911,-55.00549347695039,-66.71618579045419,2196827,63166.28855185993,50723.44171163552,1319.361760153006,47.103170255919466,2466.9500325520835,2518.799967447917,2382.900065104167,2602.8499348958335,2331.0501302083335,2654.699869791667,2247.000162760417,-0.20254851591591352,-62.77819484537756,-46.268853895538086,-62.522735261572215,16.25388136603413,43.20754320051843,17.86468971163045,2509.880029296875,2476.4574951171876,2678.082998046875,2818.7514965820315,EIMCOELECO.NS,2025-02-13 10:48:46.700928
52,2024-12-03 00:00:00+05:30,2546.14990234375,2548.0,2455.550048828125,2492.25,5125,0.0,0.0,2024-12-03,2485.977490234375,104.0174593751259,2589.994949609501,2381.9600308592494,2694.0124089846267,2277.9425714841236,12.446268533703527,-57.55917882612779,2205997,36136.5863227528,47612.73000157941,1317.8439181841486,50.15067353837099,2498.6000162760415,2541.649983723958,2449.200032552083,2591.0499674479165,2406.1500651041665,2634.099934895833,2356.750081380208,-0.15547664880717227,-48.068546760217494,-44.94853350440326,-66.58620560308074,21.637672098677484,46.33079531178088,18.58289445025923,2514.97001953125,2485.977490234375,2684.38,2818.7079956054686,EIMCOELECO.NS,2025-02-13 10:48:46.700928
53,2024-12-02 00:00:00+05:30,2511.10009765625,2560.0,2451.050048828125,2496.199951171875,6569,0.0,0.0,2024-12-02,2494.752490234375,111.69387055462623,2606.446360789001,2383.0586196797485,2718.1402313436274,2271.364749125122,26.586116203652374,-57.990319683480685,2211122,46391.699427203566,50481.76592128605,1316.950049447783,49.15817976923667,2502.4166666666665,2553.783284505208,2444.833333333333,2611.3666178385415,2393.4667154947915,2662.733235677083,2335.883382161458,-0.14475846423710753,-47.05807038296798,-48.23996370811119,-71.9956236277501,23.755659919638916,46.54541469425209,18.83908281659826,2512.260009765625,2494.752490234375,2689.802998046875,2818.801496582031,EIMCOELECO.NS,2025-02-13 10:48:46.700928
54,2024-11-29 00:00:00+05:30,2638.949951171875,2638.949951171875,2465.0,2511.10009765625,6081,0.0,0.0,2024-11-29,2500.3999877929687,114.58889489931272,2614.9888826922815,2385.8110928936558,2729.577777591594,2271.2221979943433,63.013235337747965,-47.93227449434502,2217691,43201.684213071036,51504.28254480667,1315.7984787888731,50.850746245278664,2538.3500162760415,2611.700032552083,2437.750081380208,2712.2999674479165,2364.4000651041665,2785.649983723958,2263.800130208333,-0.16139720917184858,-43.24631540553336,-52.11209357360258,-77.93453860765983,25.822445034057253,47.313103326837464,19.114977980347987,2519.630029296875,2500.3999877929687,2696.1339990234374,2819.90599609375,EIMCOELECO.NS,2025-02-13 10:48:46.700928
55,2024-11-28 00:00:00+05:30,2519.75,2675.0,2462.0,2615.10009765625,10901,0.0,0.0,2024-11-28,2505.932482910156,117.75998000343877,2623.6924629135947,2388.1725029067175,2741.4524429170337,2270.4125229032784,112.05197574603933,-35.15710590879988,2223772,80652.2163202161,53579.932127740576,1314.7169682296828,52.038584503934544,2584.0333658854165,2706.066731770833,2493.066731770833,2797.0333658854165,2371.0333658854165,2919.066731770833,2280.066731770833,-0.15736224863095508,-16.641038868896015,-57.74745466767581,-84.39014986617413,26.642695198498316,52.976162345767186,19.24568516186011,2531.730029296875,2505.932482910156,2702.4519970703127,2821.4394946289062,EIMCOELECO.NS,2025-02-13 10:48:46.700928
56,2024-11-27 00:00:00+05:30,2478.699951171875,2516.949951171875,2445.0,2460.199951171875,5554,0.0,0.0,2024-11-27,2505.2499755859376,117.13185265615934,2622.381828242097,2388.118122929778,2739.513680898256,2270.986270273619,44.64967231887786,-71.68874315073258,2212871,38657.87083718478,46811.861079621696,1312.604350566963,48.42182320801598,2474.0499674479165,2503.099934895833,2431.149983723958,2545.9999186197915,2402.1000162760415,2575.049886067708,2359.200032552083,-0.22986390369262874,-56.26758918411168,-74.32988736133484,-91.0508236657987,16.720936304463862,43.64758078368492,19.386446741950085,2484.02001953125,2505.2499755859376,2707.733994140625,2822.648994140625,EIMCOELECO.NS,2025-02-13 10:48:46.700928
57,2024-11-26 00:00:00+05:30,2533.050048828125,2568.39990234375,2440.0,2478.699951171875,3951,0.0,0.0,2024-11-26,2510.922473144531,117.58156137591025,2628.504034520441,2393.340911768621,2746.0855958963516,2275.7593503927105,70.40692521627534,-67.97247086308455,2218425,27707.199873322024,48850.35864023092,1311.6536634293657,50.06273586212933,2495.699951171875,2551.39990234375,2423.0,2624.099853515625,2367.300048828125,2679.7998046875,2294.60009765625,-0.21191348972631174,-51.534919800190615,-79.17889831746334,-95.23105774191467,16.052159424451332,44.62945245388269,20.790942483663276,2455.410009765625,2510.922473144531,2717.1119970703126,2825.298493652344,EIMCOELECO.NS,2025-02-13 10:48:46.700928
58,2024-11-25 00:00:00+05:30,2589.0,2680.14990234375,2505.5,2533.050048828125,8076,0.0,0.0,2024-11-25,2516.382470703125,118.53803523572815,2634.9205059388532,2397.8444354673966,2753.458541174581,2279.3064002316687,127.13099459999889,-45.72543199094304,2222376,57876.42949006076,54136.148331958146,1310.9654961925041,49.83379225455352,2572.8999837239585,2640.299967447917,2465.650065104167,2747.5498860677085,2398.2500813802085,2814.949869791667,2291.000162760417,-0.23830264674227372,-39.698239083871925,-86.00939115799929,-99.24409759802748,13.23470644002819,47.54730681631326,22.303476359354402,2424.0400390625,2516.382470703125,2725.865,2826.5509936523435,EIMCOELECO.NS,2025-02-13 10:48:46.700928
59,2024-11-22 00:00:00+05:30,2400.0,2614.199951171875,2348.050048828125,2571.60009765625,14440,0.0,0.0,2024-11-22,2521.257470703125,121.23382483270285,2642.4912955358277,2400.023645870422,2763.7251203685305,2278.7898210377193,64.61359569097971,-68.10854592037883,2230452,105058.76144673259,53201.07804243249,1309.4907400392533,45.50371678007257,2511.2833658854165,2674.516682942708,2408.366780598958,2777.4332682291665,2245.1334635416665,2940.666585286458,2142.216878255208,-0.11292990965114351,-30.37848263805487,-98.80398037970917,-102.5527742080345,3.748793828325333,49.68686344394893,23.44240981866772,2395.560009765625,2521.257470703125,2733.53,2826.1669921875,EIMCOELECO.NS,2025-02-13 10:48:46.700928
60,2024-11-21 00:00:00+05:30,2338.0,2424.949951171875,2289.25,2376.550048828125,8812,0.0,0.0,2024-11-21,2518.119970703125,120.67307947293529,2638.79305017606,2397.44689123019,2759.466129648996,2276.7738117572544,-61.61186488477588,-121.42451248188874,2216012,59249.28351703301,40236.65719135746,1306.7616056683682,30.40484589506225,2363.5833333333335,2437.916666666667,2302.216715494792,2499.2832845052085,2227.8833821614585,2573.616617838542,2166.516764322917,-0.3090622055404692,-78.47366827340134,-117.48449744391564,-103.48997266511583,-13.994524778799814,36.198248664057886,25.190484020831057,2351.119970703125,2518.119970703125,2741.0789990234375,2824.209990234375,EIMCOELECO.NS,2025-02-13 10:48:46.700928
61,2024-11-19 00:00:00+05:30,2321.85009765625,2393.949951171875,2301.0,2317.14990234375,6243,0.0,0.0,2024-11-19,2530.9799682617186,118.47685099930263,2649.4568192610213,2412.503117262416,2767.9336702603237,2294.0262662631135,-87.88232674659696,-138.70477655178522,2207200,40926.924937960415,35483.50060993857,1305.348070579841,25.589875085259095,2337.3666178385415,2373.733235677083,2280.783284505208,2430.3165690104165,2244.4166666666665,2466.683186848958,2187.833333333333,-0.4185513248873335,-95.89895877570126,-120.41167739995717,-99.99134147041588,-20.420335929541295,30.964482030706705,24.67138582379542,2355.599951171875,2530.9799682617186,2752.4739990234375,2825.359990234375,EIMCOELECO.NS,2025-02-13 10:48:46.700928
62,2024-11-18 00:00:00+05:30,2332.0,2425.0,2310.0,2321.85009765625,6105,0.0,0.0,2024-11-18,2553.7399780273436,118.95917070781539,2672.699148735159,2434.7808073195283,2791.6583194429745,2315.8216366117126,-95.25838839536367,-144.15524293594032,2213443,40103.42784390359,34122.64452793311,1304.4000238646363,34.31496893724608,2352.2833658854165,2394.566731770833,2279.566731770833,2467.2833658854165,2237.2833658854165,2509.566731770833,2164.566731770833,-0.4407953916870993,-96.92045318280535,-116.48492098688348,-94.88625748803055,-21.59866349885293,31.152239732135584,23.610138827288644,2374.62998046875,2553.7399780273436,2767.267001953125,2828.414990234375,EIMCOELECO.NS,2025-02-13 10:48:46.700928
63,2024-11-14 00:00:00+05:30,2349.39990234375,2450.0,2349.0,2390.64990234375,4108,0.0,0.0,2024-11-14,2583.5599731445313,131.826121311078,2715.3860944556095,2451.733851833453,2847.212215766687,2319.9077305223755,-91.06771832284834,-138.48073948062026,2219548,27784.8505643955,32627.44869894049,1303.4669031431263,32.33184423850264,2396.5499674479165,2444.099934895833,2343.099934895833,2497.5499674479165,2295.5499674479165,2545.099934895833,2242.099934895833,-0.5016704649568328,-80.51968585259247,-110.1554578299083,-89.4865916133173,-20.668866216591,33.95048529503099,22.5312534063302,2418.23994140625,2583.5599731445313,2782.9010009765625,2830.174489746094,EIMCOELECO.NS,2025-02-13 10:48:46.700928
64,2024-11-13 00:00:00+05:30,2396.89990234375,2411.949951171875,2316.050048828125,2349.39990234375,4358,0.0,0.0,2024-11-13,2617.619982910156,163.54552945878913,2781.165512368945,2454.074453451367,2944.7110418277343,2290.528923992578,-152.20188755945665,-162.70555675893993,2215440,28967.15358544707,33838.09823257673,1302.7955666744804,39.365748367726184,2359.13330078125,2402.216552734375,2306.316650390625,2455.033203125,2263.2333984375,2498.116455078125,2210.416748046875,-0.6642823923873042,-91.8450036685275,-107.15854322194446,-84.31937505916954,-22.83916816277491,30.473543046342,21.645381699880296,2459.9099609375,2617.619982910156,2797.3550048828124,2830.0569897460937,EIMCOELECO.NS,2025-02-13 10:48:46.700928
65,2024-11-12 00:00:00+05:30,2450.0,2499.0,2369.550048828125,2398.949951171875,3167,0.0,0.0,2024-11-12,2661.8199829101563,202.14192011291075,2863.961903023067,2459.6780627972457,3066.103823135978,2257.5361426843347,-172.25716941751855,-149.05343845450895,2219798,21494.675870733907,35055.834394359146,1302.109507622847,49.22040974921841,2422.5,2475.449951171875,2346.0,2551.949951171875,2293.050048828125,2604.89990234375,2216.550048828125,-0.6285031763376995,-91.72882082362872,-97.63547007656734,-78.60958301847582,-19.025887058091527,32.37447049949384,20.124352591044612,2518.0599609375,2661.8199829101563,2813.8100048828123,2829.2194897460936,EIMCOELECO.NS,2025-02-13 10:48:46.700928
66,2024-11-11 00:00:00+05:30,2539.89990234375,2559.89990234375,2389.0,2412.300048828125,7120,0.0,0.0,2024-11-11,2701.364990234375,224.17154590543205,2925.536536139807,2477.193444328943,3149.7080820452393,2253.0218984235107,-261.680154487469,-145.6864794508529,2222965,48592.91685826934,38446.12402526545,1301.5867622536343,42.63356459663805,2453.7333170572915,2518.466634114583,2347.566731770833,2624.6332194010415,2282.8334147135415,2689.366536458333,2176.666829427083,-0.5487288428345533,-93.06546165829613,-88.84365441780801,-73.85311125395293,-14.99054316385508,32.88772089587836,18.834869310352605,2556.32998046875,2701.364990234375,2827.8120068359376,2826.807990722656,EIMCOELECO.NS,2025-02-13 10:48:46.700928
67,2024-11-08 00:00:00+05:30,2602.0,2617.89990234375,2525.0,2539.89990234375,3355,0.0,0.0,2024-11-08,2736.3049926757812,231.09726823987276,2967.402260915654,2505.2077244359084,3198.499529155527,2274.1104561960356,-178.09544986298857,-107.20290553148226,2230085,24108.532509489174,35909.42581701448,1300.3953934675706,40.370244752154875,2560.9332682291665,2596.866536458333,2503.966634114583,2653.8331705729165,2468.0333658854165,2689.766438802083,2411.066731770833,-0.5057493751343608,-67.30912642045455,-77.55613255693925,-70.10547546298916,-7.450657093950085,38.272936991176664,17.576358523596063,2598.899951171875,2736.3049926757812,2838.596005859375,2823.2354907226563,EIMCOELECO.NS,2025-02-13 10:48:46.700928
68,2024-11-07 00:00:00+05:30,2660.0,2667.0,2552.10009765625,2599.0,3927,0.0,0.0,2024-11-07,2760.9400024414062,235.28159567171156,2996.2215981131176,2525.658406769695,3231.5031937848294,2290.376811097983,-72.73818733445485,-92.9403138821987,2233440,28875.45461549976,38859.64914389581,1299.768600015392,38.45826929173393,2606.0333658854165,2659.966634114583,2545.066731770833,2720.9332682291665,2491.1334635416665,2774.866536458333,2430.166829427083,-0.48170413513840804,-66.05922551252847,-74.49624343650294,-68.24281118950164,-6.2534322470012995,41.17247247586981,17.271739131032138,2624.469970703125,2760.9400024414062,2846.0720068359374,2818.3389916992187,EIMCOELECO.NS,2025-02-13 10:48:46.700928
69,2024-11-06 00:00:00+05:30,2590.050048828125,2670.050048828125,2580.0,2640.14990234375,4773,0.0,0.0,2024-11-06,2782.5275024414063,239.41195758308749,3021.9394600244937,2543.115544858319,3261.3514176075814,2303.7035872752313,47.111658584777736,-86.91611707267352,2237367,35651.81711336932,41355.69777599482,1298.9991359233563,32.55330786228514,2630.066650390625,2680.13330078125,2590.083251953125,2720.11669921875,2540.0166015625,2770.183349609375,2500.033203125,-0.4769509082453762,-65.42414415374269,-75.27039132517348,-66.67945312775132,-8.590938197422162,43.29304148663901,17.1886308139848,2626.499951171875,2782.5275024414063,2852.9780078125,2813.6739916992187,EIMCOELECO.NS,2025-02-13 10:48:46.700928
70,2024-11-05 00:00:00+05:30,2630.0,2648.949951171875,2568.0,2590.300048828125,2672,0.0,0.0,2024-11-05,2799.1875122070314,240.57326125305718,3039.760773460089,2558.614250953974,3280.3340347131457,2318.040989700917,-18.641542694212234,-104.17981397696134,2232594,19581.60010899552,42781.66794165119,1298.0330345101304,17.4696309048647,2602.4166666666665,2636.833333333333,2555.883382161458,2683.3666178385415,2521.4667154947915,2717.783284505208,2474.933430989583,-0.4505389223873415,-85.1542202445152,-79.17371663580843,-64.53171857839577,-14.641998057412664,39.80555514134814,17.35262714283264,2622.819970703125,2799.1875122070314,2861.5490087890626,2808.7669921875,EIMCOELECO.NS,2025-02-13 10:48:46.700928
71,2024-11-04 00:00:00+05:30,2676.550048828125,2693.550048828125,2552.300048828125,2625.14990234375,4109,0.0,0.0,2024-11-04,2811.410009765625,235.5595036926314,3046.9695134582566,2575.8505060729935,3282.5290171508877,2340.2910023803624,19.756329426872103,-100.28802262613311,2235266,30517.706974349938,48581.6848998151,1297.5116986912715,20.991934720375227,2623.6666666666665,2695.033284505208,2553.783284505208,2764.9166666666665,2482.4166666666665,2836.283284505208,2412.533284505208,-0.4426375350348916,-81.46660036037898,-78.0620988215851,-60.87121906404259,-17.190879757542504,41.46081797521581,17.271056721696418,2625.049951171875,2811.410009765625,2868.195009765625,2803.843190917969,EIMCOELECO.NS,2025-02-13 10:48:46.700928
72,2024-11-01 00:00:00+05:30,2606.10009765625,2694.800048828125,2606.0,2667.75,1804,0.0,0.0,2024-11-01,2823.0550170898437,231.59034357809477,3054.6453606679383,2591.464673511749,3286.235704246033,2359.8743299336543,31.676657339678275,-89.94110731200533,2239375,13615.804639666318,53097.67938118139,1296.6875335346738,29.89286523811367,2656.183349609375,2706.36669921875,2617.566650390625,2744.9833984375,2567.38330078125,2795.166748046875,2528.7666015625,-0.4418587541071738,-76.95889225443531,-78.88831463564793,-56.57349912465696,-22.314815510990968,43.51472934298882,17.183211652780482,2614.749951171875,2823.0550170898437,2871.3610107421873,2797.5722131347657,EIMCOELECO.NS,2025-02-13 10:48:46.700928
73,2024-10-31 00:00:00+05:30,2630.0,2672.0,2600.0,2609.14990234375,3416,0.0,0.0,2024-10-31,2834.3600219726563,229.11544894095587,3063.4754709136123,2605.2445730317004,3292.5909198545683,2376.1291240907444,-28.002788610463654,-107.4589339319273,2237571,25216.13627618969,62968.148066560156,1296.3137583000887,33.35370597117681,2627.0499674479165,2654.099934895833,2582.099934895833,2699.0499674479165,2555.0499674479165,2726.099934895833,2510.099934895833,-0.4427985942745332,-83.15963238760762,-82.94630791471263,-50.99479524690921,-31.95151266780342,39.69905516369582,17.51783473777152,2598.779931640625,2834.3600219726563,2871.025009765625,2790.660733642578,EIMCOELECO.NS,2025-02-13 10:48:46.700928
74,2024-10-30 00:00:00+05:30,2602.199951171875,2683.050048828125,2602.199951171875,2621.75,4025,0.0,0.0,2024-10-30,2849.2125244140625,223.3021708704366,3072.514695284499,2625.910353543626,3295.8168661549357,2402.6081826731893,-35.372542734312056,-108.82984234846656,2240987,29855.11931056524,72406.15101415277,1295.6356963353248,37.34772089983306,2635.6666666666665,2669.133382161458,2588.283284505208,2716.5167643229165,2554.8165690104165,2749.983479817708,2507.433186848958,-0.45030318114008216,-81.82635933271763,-81.11378502684329,-43.006917079958356,-38.10686794688493,40.24180761717987,17.637678926489507,2603.0599609375,2849.2125244140625,2872.735009765625,2784.4410095214844,EIMCOELECO.NS,2025-02-13 10:48:46.700928
75,2024-10-29 00:00:00+05:30,2640.0,2687.75,2564.199951171875,2601.449951171875,4583,0.0,0.0,2024-10-29,2867.20751953125,218.45599254146626,3085.6635120727165,2648.7515269897835,3304.1195046141825,2430.2955344483175,-50.52624672312743,-122.41937152597093,2236962,33730.82643860028,83043.90894004965,1294.828178324111,37.58265419282425,2617.7999674479165,2671.399983723958,2547.849934895833,2741.3500162760415,2494.2499186197915,2794.950032552083,2424.299886067708,-0.4057742563404887,-83.97439888398767,-78.77952238614353,-33.480200093237116,-45.29932229290641,38.99403709815998,17.782832491527977,2580.47998046875,2867.20751953125,2874.74201171875,2777.324577636719,EIMCOELECO.NS,2025-02-13 10:48:46.700928
76,2024-10-28 00:00:00+05:30,2600.0,2699.0,2495.0,2573.64990234375,8984,0.0,0.0,2024-10-28,2879.12001953125,209.51432822752935,3088.6343477587793,2669.6056913037205,3298.1486759863087,2460.091363076191,-68.44933067397248,-143.301353524784,2232379,65415.52960484106,95372.17956541198,1293.9215978812217,38.39420851707132,2589.2166341145835,2683.433268229167,2479.433268229167,2793.2166341145835,2385.2166341145835,2887.433268229167,2275.433268229167,-0.37972869300252166,-86.91604719802115,-72.59808249359685,-22.155369520010513,-50.44271297358634,37.33000774087878,17.939151715415562,2586.939990234375,2879.12001953125,2880.0200146484376,2769.5027587890627,EIMCOELECO.NS,2025-02-13 10:48:46.700928
77,2024-10-25 00:00:00+05:30,2725.0,2725.0,2550.050048828125,2587.89990234375,10573,0.0,0.0,2024-10-25,2888.90751953125,198.7910076087738,3087.6985271400235,2690.116511922476,3286.4895347487973,2491.3255043137024,-73.00033635711152,-139.70722170186113,2241363,77411.83390614118,102861.3420555547,1292.1786467507836,39.15303232230364,2620.9833170572915,2691.916585286458,2516.966634114583,2795.9332682291665,2446.0333658854165,2866.866536458333,2342.016682942708,-0.37481438947548795,-85.40819054877065,-60.84611172395216,-9.544691276613928,-51.30142044733823,37.82103716472514,18.107495494986807,2626.680029296875,2888.90751953125,2883.126015625,2762.6857495117188,EIMCOELECO.NS,2025-02-13 10:48:46.700928
78,2024-10-24 00:00:00+05:30,2583.949951171875,2634.25,2450.0,2630.550048828125,9096,0.0,0.0,2024-10-24,2893.89501953125,191.97600852878165,3085.8710280600317,2701.9190110024683,3277.8470365888134,2509.9430024736866,-107.03507479119563,-177.0291803255985,2251936,67695.32389338531,109223.71909290808,1290.0984511232225,35.04963454470348,2571.6000162760415,2693.200032552083,2508.950032552083,2755.8500162760415,2387.3500162760415,2877.450032552083,2324.700032552083,-0.3683771533917938,-80.89518655101817,-46.28152624275663,3.280663835220631,-49.562190077977256,39.256117693200125,18.62892917624294,2692.750048828125,2893.89501953125,2887.858017578125,2756.7219250488283,EIMCOELECO.NS,2025-02-13 10:48:46.700928
79,2024-10-23 00:00:00+05:30,2555.0,2637.39990234375,2502.10009765625,2508.85009765625,14220,0.0,0.0,2024-10-23,2897.5025146484377,187.3900617080684,3084.892576356506,2710.112452940369,3272.2826380645747,2522.7223912323007,-154.90820114651055,-206.26299578501883,2242840,100933.64551551234,119605.81789278878,1288.2445088892127,31.518041142694855,2549.4500325520835,2596.799967447917,2461.500162760417,2684.7498372395835,2414.1502278645835,2732.099772135417,2326.200358072917,-0.44331112035106635,-99.2440785744888,-31.133601284340784,15.671211354714947,-46.80481263905573,32.46643683481756,18.44234298606536,2781.01005859375,2897.5025146484377,2894.7100146484377,2749.6471911621093,EIMCOELECO.NS,2025-02-13 10:48:46.700928
80,2024-10-22 00:00:00+05:30,2640.0,2725.0,2633.75,2633.75,11052,0.0,0.0,2024-10-22,2908.685009765625,168.71961074947632,3077.4046205151017,2739.9653990161487,3246.1242312645777,2571.2457882666727,-169.32058218524674,-160.16673236261056,2257060,82352.55439631715,124273.86098710788,1285.5996067686192,36.072593770265165,2664.1666666666665,2694.583333333333,2603.333333333333,2755.4166666666665,2572.9166666666665,2785.833333333333,2512.083333333333,-0.41141082915136334,-100.0,0.7176554260777266,27.372414514478876,-26.65475908840115,36.33708879886309,18.538034367581854,2925.92001953125,2908.685009765625,2903.759013671875,2743.762518310547,EIMCOELECO.NS,2025-02-13 10:48:46.700928
81,2024-10-21 00:00:00+05:30,2889.0,2889.0,2772.35009765625,2772.35009765625,7045,0.0,0.0,2024-10-21,2915.7525146484377,159.293920758339,3075.0464354067767,2756.4585938900987,3234.3403561651157,2597.1646731317596,-124.33056341051979,-82.70682823174234,2268112,55257.43482327851,134754.18763480557,1283.3253164738003,40.74636081571578,2811.2333984375,2850.11669921875,2733.466796875,2927.88330078125,2694.58349609375,2966.7666015625,2616.81689453125,-0.3756236380044325,-96.69253900184394,29.185294386227724,34.03610428657916,-4.850809900351436,41.426183440399484,19.465587305955182,3037.1400390625,2915.7525146484377,2910.7130126953125,2736.878765869141,EIMCOELECO.NS,2025-02-13 10:48:46.700928
82,2024-10-18 00:00:00+05:30,2937.14990234375,2999.949951171875,2918.25,2918.25,18055,0.0,0.0,2024-10-18,2914.6150146484374,160.44887773612538,3075.0638923845627,2754.166136912312,3235.5127701206884,2593.7172591761864,-50.460793916746724,0.8529697539283437,2275157,149067.0430351041,154628.37583768732,1281.7223779384224,44.144746525397586,2945.4833170572915,2972.716634114583,2891.016682942708,3027.1832682291665,2863.7833658854165,3054.416585286458,2809.316731770833,-0.3473341468183311,-74.03727466275232,51.540287764724326,35.24880676166702,16.291481003057307,47.99686897915857,20.41912931252191,3104.8900390625,2914.6150146484374,2915.7290087890624,2728.3620874023436,EIMCOELECO.NS,2025-02-13 10:48:46.700928
83,2024-10-17 00:00:00+05:30,3270.0,3395.050048828125,3071.75,3071.85009765625,57304,0.0,0.0,2024-10-17,2906.872509765625,163.96194590633797,3070.834455671963,2742.9105638592873,3234.796401578301,2578.9486179529495,91.87046310734576,138.5683934917775,2293212,498019.7967744432,156018.7090383331,1277.1949181915768,50.36240586577266,3179.550048828125,3287.35009765625,2964.050048828125,3502.85009765625,2856.25,3610.650146484375,2640.75,-0.2763351314072669,-45.58210689161369,65.0116103023588,31.175936510902687,33.83567379145612,56.80475511259666,20.08719525016451,3127.76005859375,2906.872509765625,2917.410009765625,2718.9785314941405,EIMCOELECO.NS,2025-02-13 10:48:46.700928
84,2024-10-16 00:00:00+05:30,3225.0,3250.0,3103.0,3233.39990234375,5691,0.0,0.0,2024-10-16,2893.9175048828124,160.4388182635955,3054.3563231464077,2733.478686619217,3214.7951414100035,2573.0398683556214,123.9263377484843,153.49658504865775,2350516,52060.658394495054,70518.43710430556,1261.2973799685662,83.59285620427723,3195.4666341145835,3287.933268229167,3140.933268229167,3342.4666341145835,3048.4666341145835,3434.933268229167,2993.933268229167,0.06709477397446639,-5.531526884515486,66.146678626028,22.717018063038655,43.429660562989355,69.20837676554852,17.886057820452823,3119.5400390625,2893.9175048828124,2913.4320068359375,2708.708962402344,EIMCOELECO.NS,2025-02-13 10:48:46.700928
85,2024-10-15 00:00:00+05:30,3130.0,3266.64990234375,3041.14990234375,3189.85009765625,17019,0.0,0.0,2024-10-15,2873.597509765625,139.55630517224083,3013.1538149378657,2734.0412045933845,3152.710120110107,2594.4848994211434,147.3098035288916,145.73910608348328,2344825,153591.0687858169,75132.88178175819,1259.5609221822897,78.07754393748267,3165.88330078125,3290.61669921875,3065.11669921875,3391.38330078125,2940.38330078125,3516.11669921875,2839.61669921875,0.015424165673330005,-12.776546897878035,50.687479599592734,11.859602922291316,38.82787667730142,67.42803104754813,16.315831316526292,3067.530078125,2873.597509765625,2907.9030078125,2696.2382580566405,EIMCOELECO.NS,2025-02-13 10:48:46.700928
86,2024-10-14 00:00:00+05:30,3100.0,3183.0,3005.0,3111.10009765625,9984,0.0,0.0,2024-10-14,2858.0650024414062,118.15106215525375,2976.21606459666,2739.9139402861524,3094.367126751914,2621.7628781308986,148.80245155112823,116.03769247078257,2327806,87878.0085410916,55518.3350307435,1254.4647082333647,67.38201272196531,3099.7000325520835,3194.400065104167,3016.400065104167,3277.7000325520835,2921.7000325520835,3372.400065104167,2838.400065104167,-0.050523110406264324,-13.895044763443778,34.41602404103742,2.1526337529659596,32.263390288071456,63.92578754113776,14.62481815845157,2996.51005859375,2858.0650024414062,2905.1120068359373,2684.142193603516,EIMCOELECO.NS,2025-02-13 10:48:46.700928
87,2024-10-11 00:00:00+05:30,3089.0,3089.0,2980.0,3032.60009765625,9370,0.0,0.0,2024-10-11,2848.9650024414063,103.77019692359553,2952.735199365002,2745.194805517811,3056.5053962885972,2641.4246085942154,120.21843163744441,82.49026566124975,2317822,80392.65751382771,47428.416653156484,1251.584687642621,64.14964730712998,3033.86669921875,3087.7333984375,2978.7333984375,3142.86669921875,2924.86669921875,3196.7333984375,2869.7333984375,-0.08454420995663364,-13.319142483702336,20.817857090447433,-5.913213819051905,26.731070909499337,59.93863878249784,13.336016054869138,2945.900048828125,2848.9650024414063,2905.3630029296874,2673.335959472656,EIMCOELECO.NS,2025-02-13 10:48:46.700928
88,2024-10-10 00:00:00+05:30,3040.0,3077.199951171875,2981.0,3030.75,4184,0.0,0.0,2024-10-10,2843.1525024414063,95.90017325027499,2939.0526756916815,2747.252329191131,3034.9528489419563,2651.3521559408564,137.4854617709899,84.51986420115796,2308452,35875.952423933195,39187.356437988674,1248.9880917005792,52.966697436880814,3029.6499837239585,3078.299967447917,2982.100016276042,3125.8499348958335,2933.4500325520835,3174.499918619792,2885.900065104167,-0.10214778709774941,-11.283848461376962,10.823721265972836,-12.595981546426739,23.419702812399574,59.841507220355915,12.647659233444829,2918.150048828125,2843.1525024414063,2909.5139990234375,2662.7485424804686,EIMCOELECO.NS,2025-02-13 10:48:46.700928
89,2024-10-09 00:00:00+05:30,2854.14990234375,2976.449951171875,2837.0,2973.35009765625,6576,0.0,0.0,2024-10-09,2837.4300048828127,87.13052043832387,2924.5605253211365,2750.299484444489,3011.6910457594604,2663.168964006165,81.5889938649702,22.96197899955771,2304268,55318.38627346996,40015.20744150254,1247.8273882520293,46.79479322783996,2928.933349609375,3020.86669921875,2881.416748046875,3068.38330078125,2789.4833984375,3160.316650390625,2741.966796875,-0.13038618940916075,-20.12451905197248,-1.9535903047617467,-18.450907249526633,16.497316944764886,56.825611302761104,12.000156485781162,2893.2400390625,2837.4300048828127,2913.4389990234376,2652.1736413574217,EIMCOELECO.NS,2025-02-13 10:48:46.700928
90,2024-10-08 00:00:00+05:30,2765.0,2919.300048828125,2761.0,2834.75,4381,0.0,0.0,2024-10-08,2836.2150024414063,85.28529897917294,2921.5003014205795,2750.929703462233,3006.785600399752,2665.6444044830605,12.387014826542439,-34.351363397554,2297692,35135.78547910804,36189.41273351069,1246.0588791535902,43.963166388403174,2838.3500162760415,2915.700032552083,2757.399983723958,2996.6500651041665,2680.0499674479165,3074.000081380208,2599.099934895833,-0.3239845689588345,-56.09186051889485,-12.629800489426998,-22.575236485717856,9.945435996290858,48.08362891205404,12.165544452158686,2894.9,2836.2150024414063,2920.1099951171873,2642.39123046875,EIMCOELECO.NS,2025-02-13 10:48:46.700928
91,2024-10-07 00:00:00+05:30,2958.89990234375,2958.89990234375,2751.050048828125,2858.050048828125,4475,0.0,0.0,2024-10-07,2841.7925048828124,88.76120025797982,2930.5537051407923,2753.0313046248325,3019.314905398772,2664.2701043668526,33.531639237407376,-25.62370295001985,2302073,36184.66190058713,36452.81954711135,1244.9733682836072,44.14902081861294,2856.0,2960.949951171875,2753.10009765625,3063.849853515625,2648.150146484375,3168.7998046875,2545.250244140625,-0.354655409692667,-50.045394271261976,-12.457214509869118,-25.06159548479057,12.604380974921451,49.65304322507067,12.904603745381896,2895.889990234375,2841.7925048828124,2930.8699951171875,2634.1290087890625,EIMCOELECO.NS,2025-02-13 10:48:46.700928
92,2024-10-04 00:00:00+05:30,2959.949951171875,2960.0,2830.0,2893.85009765625,3069,0.0,0.0,2024-10-04,2851.7300048828124,100.96412099739857,2952.694125880211,2750.765883885414,3053.6582468776096,2649.801762888015,78.05491771246332,-4.33823621714663,2306548,25126.648762066634,36519.85895874241,1243.8467605644423,45.266310421169024,2894.61669921875,2959.2333984375,2829.2333984375,3024.61669921875,2764.61669921875,3089.2333984375,2699.2333984375,-0.38533222564940905,-40.75512245682793,-14.34220826138835,-28.21269072852093,13.870482467132579,52.07819379570538,13.70051375346843,2878.1599609375,2851.7300048828124,2938.168994140625,2625.320516357422,EIMCOELECO.NS,2025-02-13 10:48:46.700928
93,2024-10-03 00:00:00+05:30,2948.0,3050.89990234375,2900.0,2906.199951171875,5580,0.0,0.0,2024-10-03,2862.2150024414063,115.42184635138052,2977.636848792787,2746.7931560900256,3093.0586951441674,2631.3713097386453,165.19247214840382,28.99257314960745,2309617,45879.78138037866,39368.161507911354,1243.056055625986,49.312338018296046,2952.3666178385415,3004.733235677083,2853.833333333333,3103.2665201822915,2801.4667154947915,3155.633138020833,2702.933430989583,-0.3907914151419577,-37.550280570174856,-20.064027672370685,-31.680311345304073,11.616283672933388,52.905938685518805,13.716454949250444,2836.919921875,2862.2150024414063,2946.599990234375,2615.294521484375,EIMCOELECO.NS,2025-02-13 10:48:46.700928
94,2024-10-01 00:00:00+05:30,2895.0,2981.64990234375,2839.699951171875,2981.64990234375,6502,0.0,0.0,2024-10-01,2872.572509765625,128.16733528814152,3000.7398450537667,2744.4051744774833,3128.907180341908,2616.237839189342,200.99327877078954,18.584959890239215,2315197,54848.564193482234,37740.25653979452,1241.6056972401773,42.23688708843244,2934.333251953125,3028.966552734375,2887.0166015625,3076.283203125,2792.38330078125,3170.91650390625,2745.066650390625,-0.3095219845666162,-4.9180628839368,-28.30196343611624,-34.58438226353742,6.282418827421182,58.149073138568056,12.89346159811709,2796.219921875,2872.572509765625,2952.2679931640623,2605.943171386719,EIMCOELECO.NS,2025-02-13 10:48:46.700928
95,2024-09-30 00:00:00+05:30,2811.0,2850.0,2770.0,2839.699951171875,4983,0.0,0.0,2024-09-30,2882.097509765625,142.92888826904198,3025.026398034667,2739.168621496583,3167.955286303709,2596.2397332275414,74.53050472245795,-50.14863294421637,2308695,40033.63183097815,33463.17962637259,1239.8357509604837,32.32152404844307,2819.8999837239585,2869.799967447917,2789.799967447917,2899.8999837239585,2739.8999837239585,2949.799967447917,2709.799967447917,-0.36045311545225894,-53.24206600220903,-45.850876939412046,-36.15498697039271,-9.695889969019333,49.386188772658926,12.571007044770969,2746.38994140625,2882.097509765625,2953.3899951171875,2596.8744116210937,EIMCOELECO.NS,2025-02-13 10:48:46.700928
96,2024-09-27 00:00:00+05:30,2686.0,2787.949951171875,2686.0,2769.39990234375,2357,0.0,0.0,2024-09-27,2895.0650146484377,150.44712351553991,3045.5121381639774,2744.617891132898,3195.9592616795176,2594.170767617358,-58.01306355295868,-95.8837316886514,2303712,18467.44884937358,31820.5665752212,1238.5876045498426,18.517885757885978,2747.7832845052085,2809.566569010417,2707.616617838542,2849.7332356770835,2645.8333333333335,2911.516520182292,2605.666666666667,-0.3168221488775402,-72.11709836747937,-53.64417438595592,-33.73101447813787,-19.91315990781805,43.99335817813248,13.534857028306329,2733.469970703125,2895.0650146484377,2954.457998046875,2589.126877441406,EIMCOELECO.NS,2025-02-13 10:48:46.700928
97,2024-09-26 00:00:00+05:30,2730.0,2773.949951171875,2665.550048828125,2687.64990234375,3313,0.0,0.0,2024-09-26,2904.17001953125,147.93091690498886,3052.100936436239,2756.2391026262612,3200.031853341228,2608.3081857212724,-106.62905340662228,-124.63040208774264,2301355,25191.60173667596,35158.8460066831,1238.0224940938433,14.435125726382324,2709.0499674479165,2752.549886067708,2644.149983723958,2817.4498697916665,2600.6500651041665,2860.949788411458,2535.750081380208,-0.2962160594886616,-94.91314167350845,-55.885676544504804,-28.752724501183355,-27.13295204332145,36.71191537991388,13.80803820642368,2729.510009765625,2904.17001953125,2959.81,2582.740812988281,EIMCOELECO.NS,2025-02-13 10:48:46.700928
98,2024-09-25 00:00:00+05:30,2759.89990234375,2848.800048828125,2700.0,2702.699951171875,4886,0.0,0.0,2024-09-25,2915.472521972656,138.8756533116645,3054.3481752843204,2776.5968686609917,3193.223828595985,2637.721215349327,-82.26955192812058,-108.19245238578374,2304668,37360.52291194205,37650.65707418489,1237.2699099673007,14.176283476090802,2750.5,2801.0,2652.199951171875,2899.300048828125,2601.699951171875,2949.800048828125,2503.39990234375,-0.2819230448813123,-99.44786274603783,-49.85758951197295,-21.969486490352992,-27.888103021619955,37.546384141571366,13.92232823643207,2744.660009765625,2915.472521972656,2963.905,2577.0909375,EIMCOELECO.NS,2025-02-13 10:48:46.700928
99,2024-09-24 00:00:00+05:30,2775.0,2814.0,2706.550048828125,2732.5,5393,0.0,0.0,2024-09-24,2927.552526855469,129.59102138167026,3057.143548237139,2797.9615054737988,3186.7345696188095,2668.370484092128,-98.56160618032155,-113.0313594576724,2309554,41691.953107745474,37723.1906147456,1236.147042693019,22.205204361870557,2751.0166829427085,2795.483317057292,2688.033365885417,2858.4666341145835,2643.5667317708335,2902.933268229167,2580.583414713542,-0.3803567238649457,-93.42105263157895,-42.86659517291082,-14.997460734948,-27.86913443796282,39.18397974594342,14.389849174664995,2766.67001953125,2927.552526855469,2964.945,2571.8876708984376,EIMCOELECO.NS,2025-02-13 10:48:46.700928
100,2024-09-23 00:00:00+05:30,2788.800048828125,2830.0,2751.0,2775.10009765625,4030,0.0,0.0,2024-09-23,2944.3625244140626,124.6697554240172,3069.03227983808,2819.6927689900454,3193.702035262097,2695.023013566028,-84.464457227905,-97.60965872304415,2314947,31640.64649270779,36730.999991495635,1234.8804359470348,21.311987224817443,2785.36669921875,2819.7333984375,2740.7333984375,2864.36669921875,2706.36669921875,2898.7333984375,2661.7333984375,,-84.79755108173077,-36.20136336320047,-8.030177125457293,-28.17118623774318,41.591981551418485,14.475937916887052,2785.57001953125,2944.3625244140626,2963.8839990234374,2566.8598022460938,EIMCOELECO.NS,2025-02-13 10:48:46.700928
101,2024-09-20 00:00:00+05:30,2763.39990234375,2830.0,2701.0,2749.60009765625,6078,0.0,0.0,2024-09-20,2951.7375244140626,118.33147733527983,3070.0690017493425,2833.4060470787826,3188.400479084622,2715.074569743503,-130.68690064365552,-115.18304542707176,2310917,47281.56902178404,38003.5883661926,1233.9055813782481,31.836610228101165,2760.2000325520835,2819.400065104167,2690.400065104167,2889.2000325520835,2631.2000325520835,2948.400065104167,2561.400065104167,,-90.98015885348453,-31.314805537168922,-0.987380566021498,-30.327424971147423,39.52631313317871,14.992042631335094,2806.389990234375,2951.7375244140626,2959.4199951171877,2562.5657348632812,EIMCOELECO.NS,2025-02-13 10:48:46.700928
102,2024-09-19 00:00:00+05:30,2879.0,2879.0,2700.0,2763.39990234375,3704,0.0,0.0,2024-09-19,2953.4300170898437,115.49625407937201,3068.926271169216,2837.9337630104715,3184.4225252485876,2722.4375089310997,-146.88748671879276,-108.97396319681589,2316995,28958.52021917217,35684.09320229474,1232.4573456261182,40.892783812909634,2780.7999674479165,2861.599934895833,2682.599934895833,2959.7999674479165,2601.7999674479165,3040.599934895833,2503.599934895833,,-88.47064673524567,-22.07270035782267,6.5944756767653585,-28.667176034588028,40.24149495276056,15.547847708432986,2842.289990234375,2953.4300170898437,2953.0359912109375,2558.1595239257813,EIMCOELECO.NS,2025-02-13 10:48:46.700928
103,2024-09-18 00:00:00+05:30,2888.800048828125,2949.89990234375,2800.0,2812.75,3473,0.0,0.0,2024-09-18,2947.80751953125,127.3616495224208,3075.169169053671,2820.445870008829,3202.5308185760914,2693.0842204864084,-105.25011879389143,-74.4493349608693,2320699,27637.42432227034,37365.486448075375,1231.5653767076356,48.82901936238332,2854.2166341145835,2908.433268229167,2758.533365885417,3004.1165364583335,2704.3167317708335,3058.333170572917,2608.633463541667,,-97.16603628194206,-11.264641910188857,13.761269685412364,-25.025911595601222,42.8138935945385,16.146407022230715,2872.880029296875,2947.80751953125,2947.7999951171873,2552.515871582031,EIMCOELECO.NS,2025-02-13 10:48:46.700928
104,2024-09-17 00:00:00+05:30,2887.0,2887.0,2800.0,2827.0,4121,0.0,0.0,2024-09-17,2941.9025146484373,136.37210501865542,3078.274619667093,2805.530409629782,3214.6467246857483,2669.1583046111264,-134.93747954564006,-86.24367638845459,2324172,32960.21779213934,39797.501979526634,1230.7011164763876,41.76809999696574,2838.0,2876.0,2789.0,2925.0,2751.0,2963.0,2702.0,,-93.998665067642,-2.1166124258006676,20.017747584312666,-22.134360010113333,43.56051457690938,17.070149964421375,2893.5900390625,2941.9025146484373,2943.6779931640626,2545.331652832031,EIMCOELECO.NS,2025-02-13 10:48:46.700928
105,2024-09-16 00:00:00+05:30,2949.0,2984.89990234375,2840.199951171875,2879.199951171875,2917,0.0,0.0,2024-09-16,2936.65751953125,142.8856710219841,3079.543190553234,2793.7718485092655,3222.428861575218,2650.8861774872817,-94.5053209873545,-56.7282040309093,2328293,23761.283999845946,41506.82302637346,1229.6651260264296,31.322502017831468,2901.4332682291665,2962.666585286458,2817.966634114583,3046.1332194010415,2756.7333170572915,3107.366536458333,2673.266682942708,,-82.68095735174721,8.224298238692882,25.551337586840997,-17.327039348148116,46.307374944309004,18.10031868676572,2918.000048828125,2936.65751953125,2940.4269921875,2538.2778002929685,EIMCOELECO.NS,2025-02-13 10:48:46.700928
106,2024-09-13 00:00:00+05:30,2998.0,2998.0,2903.0,2929.10009765625,1690,0.0,0.0,2024-09-13,2935.9650268554688,143.21198310918004,3079.1770099646487,2792.7530437462888,3222.3889930738287,2649.541060637109,-79.92473081291253,-34.57900717794722,2331210,14004.982408238337,45943.20778300533,1228.907008740639,34.506026875529045,2943.36669921875,2983.7333984375,2888.7333984375,3038.36669921875,2848.36669921875,3078.7333984375,2793.7333984375,,-71.55122326282195,16.19828263708405,29.883097423878024,-13.684814786793975,49.05308896919753,19.398838625748162,2931.420068359375,2935.9650268554688,2937.563994140625,2529.691799316406,EIMCOELECO.NS,2025-02-13 10:48:46.700928
107,2024-09-12 00:00:00+05:30,2985.0,2988.800048828125,2900.0,2916.35009765625,1837,0.0,0.0,2024-09-12,2925.95751953125,150.5234516202331,3076.480971151483,2775.434067911017,3227.0044227717162,2624.9106162907838,-86.4218085680205,-40.3636890530705,2329520,15156.902758612698,53927.76412669707,1228.454174677474,34.67358267116528,2935.050048828125,2970.10009765625,2881.300048828125,3023.85009765625,2846.25,3058.900146484375,2792.5,,-74.39498464693393,21.247562135243697,33.30430112057652,-12.05673898533282,48.32614496681758,20.177238784214246,2956.96005859375,2925.95751953125,2933.484990234375,2519.6450329589843,EIMCOELECO.NS,2025-02-13 10:48:46.700928
108,2024-09-11 00:00:00+05:30,2950.0,3038.0,2900.0,2916.300048828125,2637,0.0,0.0,2024-09-11,2921.3650146484374,152.22358624181743,3073.588600890255,2769.14142840662,3225.8121871320723,2616.9178421648026,-72.66096862329714,-28.84771104919464,2327683,21757.249130254648,63620.47946871816,1227.9653707259927,42.95083233437805,2951.433349609375,3002.86669921875,2864.86669921875,3089.433349609375,2813.433349609375,3140.86669921875,2726.86669921875,,-56.07663612001428,28.645919036141095,36.31848586690972,-7.6725668307686234,48.32345992122158,21.09193588211583,2994.400048828125,2921.3650146484374,2927.2369873046873,2508.8093994140627,EIMCOELECO.NS,2025-02-13 10:48:46.700928
109,2024-09-10 00:00:00+05:30,2999.89990234375,3034.89990234375,2940.0,2949.050048828125,15375,0.0,0.0,2024-09-10,2924.2075073242186,152.6542032073761,3076.861710531595,2771.5533041168424,3229.515913738971,2618.899100909466,-65.75530889713431,-13.253734807882953,2330320,128279.9899603923,74086.28705333403,1227.2632219611721,42.5441197613375,2974.6499837239585,3009.299967447917,2914.400065104167,3069.5498860677085,2879.7500813802085,3104.199869791667,2819.500162760417,,-46.29528680941549,37.68895777057287,38.23662757460187,-0.5476698040289989,49.9004984469538,22.076994295240613,3033.81005859375,2924.2075073242186,2918.803984375,2497.1017944335936,EIMCOELECO.NS,2025-02-13 10:48:46.700928
110,2024-09-09 00:00:00+05:30,3100.0,3100.0,2925.0,2946.300048828125,3807,0.0,0.0,2024-09-09,2924.8200073242188,152.78364665564527,3077.6036539798642,2772.0363606685733,3230.3873006355093,2619.252714012928,-65.81044804048796,-0.5879981994155654,2314945,31733.757560572176,60537.86132656947,1223.0780883643156,45.68891393445551,2990.433349609375,3055.86669921875,2880.86669921875,3165.433349609375,2815.433349609375,3230.86669921875,2705.86669921875,,-46.076779255194985,45.47036406282996,38.37354502560911,7.096819037220847,49.772689601976346,22.78122257055912,3078.430029296875,2924.8200073242188,2907.3409814453125,2484.8476989746096,EIMCOELECO.NS,2025-02-13 10:48:46.700928
111,2024-09-06 00:00:00+05:30,3103.550048828125,3189.0,3025.25,3056.800048828125,3973,0.0,0.0,2024-09-06,2926.577502441406,153.24521003898926,3079.8227124803952,2773.332292402417,3233.0679225193844,2620.0870823634277,39.23365105344339,49.142431980962485,2318752,34359.53252036798,67738.8872680688,1222.040320106855,45.00816982982708,3090.3500162760415,3155.450032552083,2991.700032552083,3254.1000162760415,2926.6000162760415,3319.200032552083,2827.950032552083,,-29.30640190243711,55.01481054211581,36.5993402663039,18.415470275811913,55.00874379980637,23.53962225167136,3108.980029296875,2926.577502441406,2898.2459814453123,2473.2321826171874,EIMCOELECO.NS,2025-02-13 10:48:46.700928
112,2024-09-05 00:00:00+05:30,3111.949951171875,3194.0,3050.0,3103.550048828125,4870,0.0,0.0,2024-09-05,2924.8949951171876,151.91921222453118,3076.814207341719,2772.9757828926563,3228.7334195662497,2621.0565706681255,67.42691949252851,62.49088735264833,2322725,42761.1488046322,76083.72595499399,1220.8864761419106,48.2468450424347,3115.8500162760415,3181.700032552083,3037.700032552083,3259.8500162760415,2971.8500162760415,3325.700032552083,2893.700032552083,,-22.211242253193394,55.51846079904817,31.995472697350912,23.52298810169726,57.38016939752734,23.470822419388377,3087.92001953125,2924.8949951171876,2889.562978515625,2460.7186840820314,EIMCOELECO.NS,2025-02-13 10:48:46.700928
113,2024-09-04 00:00:00+05:30,3080.0,3170.0,3020.0,3113.35009765625,7297,0.0,0.0,2024-09-04,2919.8324951171876,147.26825323628336,3067.100748353471,2772.5642418809043,3214.369001589754,2625.295988644621,70.35086963281407,59.357067514192266,2327595,64273.79688599478,84414.37024258444,1219.434077243279,42.77221182731202,3101.11669921875,3182.2333984375,3032.2333984375,3251.11669921875,2951.11669921875,3332.2333984375,2882.2333984375,,-20.723907258414126,50.71793028255888,26.1147256719266,24.603204610632282,57.86574753063982,23.16767296696101,3049.95,2919.8324951171876,2877.447978515625,2447.6039965820314,EIMCOELECO.NS,2025-02-13 10:48:46.700928
114,2024-09-03 00:00:00+05:30,3249.89990234375,3249.89990234375,3101.0,3172.14990234375,12959,0.0,0.0,2024-09-03,2907.8124877929686,140.28732334351804,3048.0998111364866,2767.5251644494506,3188.3871344800045,2627.2378411059326,118.7445685766996,89.97231942426981,2334892,116301.90853320008,89449.51358173184,1217.2423243172286,43.42716888826619,3174.3499348958335,3247.699869791667,3098.799967447917,3323.2498372395835,3025.4500325520835,3396.599772135417,2949.900065104167,,-11.799971395266287,42.8381867021244,19.963924519268527,22.874262182855876,60.72900240734354,22.964169735000972,3016.139990234375,2907.8124877929686,2862.758974609375,2434.691112060547,EIMCOELECO.NS,2025-02-13 10:48:46.700928
115,2024-09-02 00:00:00+05:30,3099.050048828125,3099.050048828125,3098.0,3099.050048828125,7312,0.0,0.0,2024-09-02,2897.052490234375,126.52330747494481,3023.57579770932,2770.52918275943,3150.0991051842648,2644.0058752844852,104.60720062678736,65.14710757892401,2321933,64110.09530236497,82736.41484386477,1213.216287523049,36.09359246793039,3098.7000325520835,3099.400065104167,3098.350016276042,3099.7500813802085,3097.6499837239585,3100.450113932292,3097.299967447917,,-19.497707144255326,26.309773827614663,14.245358973554557,12.064414854060105,58.349919052226035,22.02756542202659,2995.45,2897.052490234375,2844.628974609375,2421.463592529297,EIMCOELECO.NS,2025-02-13 10:48:46.700928
116,2024-08-30 00:00:00+05:30,2989.0,3019.949951171875,2850.0,2951.5,8763,0.0,0.0,2024-08-30,2894.614990234375,122.8430260140962,3017.4580162484713,2771.7719642202787,3140.3010422625675,2648.9289382061825,45.36708182597938,9.15762530858997,2314621,73174.0763117237,87392.99472923971,1211.0223484431363,30.828919269880572,2940.4833170572915,3030.966634114583,2861.016682942708,3110.4332682291665,2770.5333658854165,3200.916585286458,2691.066731770833,,-42.8775242883327,11.948991799249143,11.22925526003953,0.7197365392096131,53.014913038109384,21.752579589501387,2960.160009765625,2894.614990234375,2825.803974609375,2408.2931396484373,EIMCOELECO.NS,2025-02-13 10:48:46.700928
117,2024-08-29 00:00:00+05:30,2944.300048828125,3091.5,2801.550048828125,2913.699951171875,9400,0.0,0.0,2024-08-29,2903.2224853515627,132.67631346741362,3035.8987988189765,2770.546171884149,3168.57511228639,2637.8698584167355,53.46581371183642,9.33425258101923,2305858,77487.97828654248,90947.72433361871,1208.5923154431173,24.627680292444154,2935.5833333333335,3069.616617838542,2779.666666666667,3225.5332845052085,2645.6333821614585,3359.566569010417,2489.716715494792,,-48.867073167901104,7.913237923289671,11.049321125237125,-3.1360832019474536,51.538233675824614,21.89780028094679,2926.55,2903.2224853515627,2807.8749755859376,2396.4530249023437,EIMCOELECO.NS,2025-02-13 10:48:46.700928
118,2024-08-28 00:00:00+05:30,3222.10009765625,3222.10009765625,2915.300048828125,2944.300048828125,32799,0.0,0.0,2024-08-28,2919.5449829101562,152.61560026674016,3072.1605831768966,2766.929382643416,3224.7761834436365,2614.313782376676,114.23249418191563,43.414000196966384,2315258,273214.86127641826,94312.66084538776,1206.0347810500093,29.15110429768899,3027.2333984375,3139.166748046875,2832.36669921875,3334.033447265625,2720.433349609375,3445.966796875,2525.566650390625,,-44.01838153088644,6.34908454360766,11.833341925723987,-5.484257382116327,52.78528398978586,22.054191794811068,2874.0,2919.5449829101562,2790.6059765625,2383.384149169922,EIMCOELECO.NS,2025-02-13 10:48:46.700928
119,2024-08-27 00:00:00+05:30,3068.699951171875,3068.699951171875,3068.699951171875,3068.699951171875,4095,0.0,0.0,2024-08-27,2933.67998046875,167.40413102119322,3101.084111489943,2766.2758494475565,3268.4882425111364,2598.8717184263633,148.60149964655992,59.85054007923808,2348057,35552.486667818994,49587.11073763013,1196.8894930308725,45.99905885945537,3068.699951171875,3068.699951171875,3068.699951171875,3068.699951171875,3068.699951171875,3068.699951171875,3068.699951171875,,-3.883309623365191,1.2366499997838218,13.204406271253067,-11.967756271469245,58.091451342247986,21.247663944190172,2824.069970703125,2933.67998046875,2774.3699755859375,2369.7024853515627,EIMCOELECO.NS,2025-02-13 10:48:46.700928
120,2024-08-26 00:00:00+05:30,2922.60009765625,2922.60009765625,2922.60009765625,2922.60009765625,2013,0.0,0.0,2024-08-26,2945.589978027344,185.05823768053048,3130.6482157078744,2760.5317403468134,3315.706453388405,2575.473502666283,67.47881267052098,16.591846116047407,2343962,16644.65581534857,53095.766755082914,1195.659162295992,39.66164830970859,2922.60009765625,2922.60009765625,2922.60009765625,2922.60009765625,2922.60009765625,2922.60009765625,2922.60009765625,,-33.279658419265594,-17.57905809396334,16.196345339120377,-33.77540343308372,52.93152688985044,21.171083867714298,2754.75,2945.589978027344,2755.9849755859377,2354.2615209960936,EIMCOELECO.NS,2025-02-13 10:48:46.700928
121,2024-08-23 00:00:00+05:30,2655.0,2783.449951171875,2655.0,2783.449951171875,17327,0.0,0.0,2024-08-23,2968.0974731445312,208.0599456100965,3176.1574187546275,2760.037527534435,3384.2173643647243,2551.977581924338,-56.619637295928726,-36.56816784654179,2341949,136448.39822809724,62208.5444900165,1195.1009907364705,34.83889302469758,2740.63330078125,2826.2666015625,2697.816650390625,2869.083251953125,2612.183349609375,2954.716552734375,2569.36669921875,0.015342776946358919,-61.27767582054829,-27.0138948814797,24.640196197391305,-51.654091078871005,47.17993645458089,22.021898966919867,2743.3,2968.0974731445312,2739.4913720703125,2340.2246875,EIMCOELECO.NS,2025-02-13 10:48:46.700928
122,2024-08-22 00:00:00+05:30,2679.85009765625,2688.89990234375,2600.050048828125,2650.949951171875,4376,0.0,0.0,2024-08-22,2990.0749755859374,210.7268445084987,3200.801820094436,2779.3481310774387,3411.528664602935,2568.62128656894,-122.10212918552996,-62.98469919272049,2324622,32820.14470642089,43648.58105549631,1190.6697466798062,16.036251994156714,2646.63330078125,2693.216552734375,2604.36669921875,2735.483154296875,2557.783447265625,2782.06640625,2515.516845703125,-0.14977665198815304,-88.95745773519843,-24.979862480195152,37.553718967109056,-62.53358144730421,40.781675607654904,23.38667684757982,2732.4,2990.0749755859374,2723.7834155273435,2327.420225830078,EIMCOELECO.NS,2025-02-13 10:48:46.700928
123,2024-08-21 00:00:00+05:30,2718.0,2753.449951171875,2591.0,2694.64990234375,6763,0.0,0.0,2024-08-21,3023.297473144531,206.78823338193297,3230.085706526464,2816.509239762598,3436.873939908397,2609.721006380665,-139.37518453261802,-50.419994345754446,2328998,51558.86939444448,46355.69014276516,1189.6401290073031,14.946154377220651,2679.699951171875,2768.39990234375,2605.949951171875,2842.14990234375,2517.25,2930.849853515625,2443.5,-0.00529655844244561,-85.36018328478107,-8.947959444001754,53.1871143289351,-62.135073772936856,42.35285806098613,23.95516924969359,2767.110009765625,3023.297473144531,2710.296457519531,2315.952735595703,EIMCOELECO.NS,2025-02-13 10:48:46.700928
124,2024-08-20 00:00:00+05:30,2939.949951171875,2949.949951171875,2722.10009765625,2722.10009765625,6088,0.0,0.0,2024-08-20,3048.0449829101562,194.647407025523,3242.6923899356793,2853.397575884633,3437.3397969612024,2658.75016885911,-99.72151875219532,-12.895417601071655,2335761,46885.697866522925,45054.89532984533,1187.9983500395988,15.034882254651237,2798.050048828125,2874.0,2646.150146484375,3025.89990234375,2570.2001953125,3101.849853515625,2418.30029296875,0.2005857279177486,-94.07316052607436,7.40952666789417,68.72088277216932,-61.31135610427515,43.32648192268592,24.56739183658534,2822.810009765625,3048.0449829101562,2696.147009277344,2303.9998583984375,EIMCOELECO.NS,2025-02-13 10:48:46.700928
125,2024-08-19 00:00:00+05:30,2748.89990234375,2865.35009765625,2748.89990234375,2865.35009765625,4346,0.0,0.0,2024-08-19,3063.8274780273437,178.99556354115398,3242.8230415684975,2884.83191448619,3421.818605109652,2705.8363509450355,-108.50210511832593,-0.749073695304723,2341849,35231.332143338775,44597.19469567593,1186.4903843006673,14.752454669261908,2826.5333658854165,2904.166829427083,2787.716634114583,2942.9835611979165,2710.0831705729165,3020.617024739583,2671.266438802083,0.3422533628363796,-72.19123562436089,25.536371823288846,84.04872179823809,-58.512349974949245,48.75801039435278,26.229409561230334,2870.65,3063.8274780273437,2679.9071435546875,2291.37291015625,EIMCOELECO.NS,2025-02-13 10:48:46.700928
126,2024-08-16 00:00:00+05:30,2824.5,2874.89990234375,2683.300048828125,2728.949951171875,10221,0.0,0.0,2024-08-16,3065.214978027344,177.47718731761952,3242.6921653449635,2887.7377907097243,3420.169352662583,2710.2606033921047,-221.3977488893315,-12.553807543063426,2337503,78913.37335408019,46938.660333760214,1185.3114987416411,20.735376198224373,2762.38330078125,2841.466552734375,2649.86669921875,2953.983154296875,2570.783447265625,3033.06640625,2458.266845703125,0.19814833256449976,-94.40359138453213,34.24935733552502,98.67680929197539,-64.42745195645037,42.370220077175034,27.20735652688124,2893.869970703125,3065.214978027344,2658.9855029296873,2277.595804443359,EIMCOELECO.NS,2025-02-13 10:48:46.700928
127,2024-08-14 00:00:00+05:30,3000.0,3000.0,2824.5,2824.5,5797,0.0,0.0,2024-08-14,3080.61748046875,159.182461248772,3239.799941717522,2921.4350192199777,3398.9824029662936,2762.252557971206,-147.05997926433744,20.690647094922653,2347724,46324.05079620094,38944.982078680216,1182.7580667471616,37.739297934221085,2883.0,2941.5,2766.0,3058.5,2707.5,3117.0,2590.5,0.381882389515683,-100.0,58.31903719305319,114.78367228108797,-56.46463508803478,46.10911342634821,28.260530182197606,2952.7099609375,3080.61748046875,2642.2454833984375,2265.0944055175783,EIMCOELECO.NS,2025-02-13 10:48:46.700928
128,2024-08-13 00:00:00+05:30,3049.949951171875,3049.949951171875,2926.300048828125,2973.14990234375,1899,0.0,0.0,2024-08-13,3084.0124755859374,154.07469762078404,3238.0871732067217,2929.937777965153,3392.1618708275055,2775.8630803443693,-44.51826281499349,46.37759785344201,2353521,15973.622651316338,37100.21489930003,1181.2163622102635,45.92818014270728,2983.13330078125,3039.966552734375,2916.316650390625,3106.783203125,2859.4833984375,3163.616455078125,2792.666748046875,0.4585793654194707,-81.6537418720885,78.84166739586044,128.89983105309665,-50.05816365723621,52.84572943644107,30.322812599057027,2988.269970703125,3084.0124755859374,2625.5858325195313,2251.109733886719,EIMCOELECO.NS,2025-02-13 10:48:46.700928
129,2024-08-12 00:00:00+05:30,2981.449951171875,3088.0,2926.0,2961.300048828125,3036,0.0,0.0,2024-08-12,3073.089978027344,169.33483585138862,3242.4248138787325,2903.7551421759554,3411.759649730121,2734.420306324567,-46.60725069476228,51.34298099014975,2351622,25435.825139529636,42381.862961295956,1180.6649537294727,58.5657579238345,2991.7666829427085,3057.533365885417,2895.533365885417,3153.7666829427085,2829.7666829427085,3219.533365885417,2733.533365885417,0.4547688170271726,-83.49378123786879,89.28251920657249,141.41437196740569,-52.1318527608332,52.33018363583841,31.52110454251343,2968.22998046875,3073.089978027344,2604.5843676757813,2235.6405590820314,EIMCOELECO.NS,2025-02-13 10:48:46.700928
130,2024-08-09 00:00:00+05:30,3087.0,3087.0,2911.050048828125,2981.449951171875,2029,0.0,0.0,2024-08-09,3058.9974731445313,189.63884714989499,3248.6363202944262,2869.3586259946364,3438.275167444321,2679.7197788447415,-55.034842836801076,54.757436856018316,2354658,17114.77602713007,46618.37241673753,1179.7885242406448,70.98020961208961,2993.1666666666665,3075.283284505208,2899.333333333333,3169.1166178385415,2817.2167154947915,3251.233235677083,2723.383382161458,0.49284267398550813,-80.36491441430512,102.46423900430136,154.44733515761396,-51.9830961533126,53.249432760827005,32.811572789312635,2967.3599609375,3058.9974731445313,2583.766022949219,2219.9616455078126,EIMCOELECO.NS,2025-02-13 10:48:46.700928
131,2024-08-08 00:00:00+05:30,3049.800048828125,3080.0,2948.0,3023.14990234375,2958,0.0,0.0,2024-08-08,3037.519970703125,220.66927152880606,3258.189242231931,2816.8506991743193,3478.8585137607374,2596.181427645513,-53.81582862616615,62.86225846409964,2356687,25299.940598815785,53994.27151413939,1179.1956830164715,76.04291945172059,3017.0499674479165,3086.099934895833,2954.099934895833,3149.0499674479165,2885.0499674479165,3218.099934895833,2822.099934895833,0.5163583477583875,-73.889766716809,115.80388625686874,167.4431091959421,-51.63922293907336,55.10974431580634,34.2085947860398,2981.12998046875,3037.519970703125,2563.0445190429687,2204.3156884765626,EIMCOELECO.NS,2025-02-13 10:48:46.700928
132,2024-08-07 00:00:00+05:30,2910.0,3016.550048828125,2907.0,3002.300048828125,2921,0.0,0.0,2024-08-07,3007.882470703125,259.15086755737514,3267.0333382605,2748.73160314575,3526.1842058178754,2489.5807355883744,-88.89492956465496,58.140281525553334,2353729,24811.17317563285,61167.854242970294,1178.31068996968,66.72378488249315,2975.2833658854165,3043.566731770833,2934.016682942708,3084.8334147135415,2865.7333170572915,3153.116780598958,2824.466634114583,0.4818316906822649,-77.1273216105396,127.0212593472911,180.35291493071043,-53.33165558341932,54.36961059071479,35.36352785254465,3001.22998046875,3007.882470703125,2540.995166015625,2188.5610144042967,EIMCOELECO.NS,2025-02-13 10:48:46.700928
133,2024-08-06 00:00:00+05:30,2950.5,3071.5,2855.0,2872.949951171875,4832,0.0,0.0,2024-08-06,2982.8474731445312,282.8222360356481,3265.6697091801793,2700.025237108883,3548.4919452158274,2417.203001073235,-145.49100996869538,53.35698513099327,2350808,39275.039968309764,70257.02450980464,1177.4458190594132,72.83975995554445,2933.1499837239585,3011.299967447917,2794.799967447917,3149.6499837239585,2716.6499837239585,3227.799967447917,2578.299967447917,0.460132131926176,-97.21274050126165,141.51172623585035,193.68582882656523,-52.17410259071488,49.5807744669971,37.026639262737234,3048.799951171875,2982.8474731445312,2520.5470532226564,2172.8482263183596,EIMCOELECO.NS,2025-02-13 10:48:46.700928
134,2024-08-05 00:00:00+05:30,2905.0,3037.949951171875,2900.050048828125,2956.949951171875,6091,0.0,0.0,2024-08-05,2969.532470703125,294.3039323975219,3263.8364031006467,2675.2285383056033,3558.140335498169,2380.924605908081,-165.07121517093097,62.753623133417044,2355640,50955.87024143923,78002.52064517836,1176.1148621513767,76.24421022671378,2964.9833170572915,3029.916585286458,2892.016682942708,3102.8832194010415,2827.0834147135415,3167.816487630208,2754.116780598958,0.47438773257794675,-61.73690761140376,170.65882260877515,206.72935447424393,-36.07053186546878,52.93050611783806,38.817682319867714,3119.6099609375,2969.532470703125,2503.98591796875,2157.7495190429686,EIMCOELECO.NS,2025-02-13 10:48:46.700928
135,2024-08-02 00:00:00+05:30,3100.0,3133.89990234375,3025.0,3050.300048828125,3847,0.0,0.0,2024-08-02,2954.907470703125,302.1258451020595,3257.0333158051844,2652.7816256010656,3559.159160907244,2350.655780499006,-96.63865579322716,85.58653967481871,2361731,33199.106666945234,84764.18324611313,1174.3509356775307,79.04172318014197,3069.7333170572915,3114.466634114583,3005.566731770833,3178.6332194010415,2960.8334147135415,3223.366536458333,2896.666829427083,0.4753376777162649,-51.10477803779897,197.1174714103413,215.74698744061112,-18.629516030269826,56.897291031046784,40.369568764588855,3189.599951171875,2954.907470703125,2484.573508300781,2141.9105798339842,EIMCOELECO.NS,2025-02-13 10:48:46.700928
136,2024-08-01 00:00:00+05:30,3246.699951171875,3299.0,3078.14990234375,3123.64990234375,7951,0.0,0.0,2024-08-01,2939.194970703125,305.0609665829091,3244.255937286034,2634.1340041202156,3549.316903868943,2329.073037537307,-5.460503271586572,107.74638108049642,2365578,70266.08480688256,97655.45239090509,1173.1766245123133,81.39277919363444,3166.9332682291665,3255.716634114583,3034.866536458333,3387.7833658854165,2946.0831705729165,3476.566731770833,2814.016438802083,0.47659528395758144,-38.34015297816649,218.812361070286,220.40436644817854,-1.5920053778925478,60.188434110875754,40.90187162068549,3254.08994140625,2939.194970703125,2463.172380371094,2125.3416662597656,EIMCOELECO.NS,2025-02-13 10:48:46.700928
137,2024-07-31 00:00:00+05:30,3214.0,3337.949951171875,3070.10009765625,3240.14990234375,5268,0.0,0.0,2024-07-31,2919.269970703125,305.39303668860794,3224.663007391733,2613.8769340145172,3530.056044080341,2308.4838973259093,31.937165943710877,122.3846966992765,2373529,48291.702764760084,104502.7942869107,1170.6498647322046,81.93142094042362,3216.066650390625,3362.033203125,3094.183349609375,3483.91650390625,2948.216796875,3629.883056640625,2826.33349609375,0.5268502102402586,-21.750279507246674,236.04920603003575,220.80236779265167,15.246838237384083,65.80195148755914,40.94286771015775,3273.9599609375,2919.269970703125,2441.308916015625,2107.2256469726562,EIMCOELECO.NS,2025-02-13 10:48:46.700928
138,2024-07-30 00:00:00+05:30,3300.0,3300.0,3200.0,3227.0,6428,0.0,0.0,2024-07-30,2887.4599731445314,303.33744416285765,3190.797417307389,2584.122528981674,3494.1348614702465,2280.7850848188164,55.732083936925875,134.12121097814253,2368261,58686.26673617603,118555.56716744836,1168.872050720489,81.2695794382058,3242.3333333333335,3284.666666666667,3184.666666666667,3342.3333333333335,3142.3333333333335,3384.666666666667,3084.666666666667,0.5395874545606678,-22.85522037479614,243.06760289471504,216.99065823330562,26.076944661409414,65.46434964396803,40.98701734497403,3289.0099609375,2887.4599731445314,2415.9830859375,2087.7959729003906,EIMCOELECO.NS,2025-02-13 10:48:46.700928
139,2024-07-29 00:00:00+05:30,3400.0,3499.0,3230.0,3306.89990234375,8245,0.0,0.0,2024-07-29,2850.8424682617188,304.3936149999907,3155.2360832617096,2546.448853261728,3459.6296982617,2242.0552382617375,109.4922672955585,161.50778680798877,2374689,77138.885341085,133522.89227526644,1166.712423306499,82.74165814091879,3345.2999674479165,3460.599934895833,3191.599934895833,3614.2999674479165,3076.2999674479165,3729.599934895833,2922.599934895833,0.5681866909991375,-16.141507595417107,249.665501340246,210.47142206795328,39.194079272292726,69.32565182466308,39.71003766767219,3281.52998046875,2850.8424682617188,2390.9082836914063,2068.896868896484,EIMCOELECO.NS,2025-02-13 10:48:46.700928
140,2024-07-26 00:00:00+05:30,3223.0,3384.14990234375,3104.14990234375,3372.75,12904,0.0,0.0,2024-07-26,2804.2924682617186,302.15872370779493,3106.4511919695133,2502.133744553924,3408.6099156773084,2199.9750208461287,110.01720405765862,160.46120312482665,2382934,123131.77925089048,147618.8940088118,1163.8280066541088,80.91183030916409,3287.0166015625,3469.88330078125,3189.88330078125,3567.0166015625,3007.0166015625,3749.88330078125,2909.88330078125,0.5162623476590462,-1.0602094716345036,246.46107031104566,200.67290224988008,45.78816806116558,72.6028833016462,38.007324334214616,3227.7,2804.2924682617186,2364.6724658203125,2049.1493823242185,EIMCOELECO.NS,2025-02-13 10:48:46.700928
141,2024-07-25 00:00:00+05:30,3289.949951171875,3289.949951171875,3180.0,3223.0,6488,0.0,0.0,2024-07-25,2760.232470703125,278.2025180339033,3038.434988737028,2482.0299526692215,3316.6375067709314,2203.8274346353182,104.46516204089339,159.33685313628612,2370030,59160.630857581724,153740.67269829212,1159.1588625586094,77.34377827265948,3230.9833170572915,3281.966634114583,3172.016682942708,3340.9332682291665,3121.0333658854165,3391.916585286458,3062.066731770833,0.40905274960243093,-11.261041549644608,232.13893202249847,189.22586023458868,42.913071787909786,69.56467560751953,36.48546462522971,3131.77001953125,2760.232470703125,2337.3880224609375,2028.7389050292968,EIMCOELECO.NS,2025-02-13 10:48:46.700928
142,2024-07-24 00:00:00+05:30,3140.0,3339.0,3031.25,3315.39990234375,19853,0.0,0.0,2024-07-24,2730.2149658203125,257.2414741796957,2987.456440000008,2472.973491640617,3244.6979141797037,2215.7320174609213,121.25965192701733,168.9423568501369,2376518,186218.8810130367,177385.6831584697,1156.9631198249951,77.34371592333757,3228.5499674479165,3425.849934895833,3118.099934895833,3536.2999674479165,2920.7999674479165,3733.599934895833,2810.349934895833,0.47386157433775433,-2.2910489679543242,225.03310448606317,178.4975922876112,46.535512198451954,74.28456290632673,35.132398453619274,3094.57001953125,2730.2149658203125,2312.472038574219,2010.3921105957031,EIMCOELECO.NS,2025-02-13 10:48:46.700928
143,2024-07-23 00:00:00+05:30,3187.75,3189.60009765625,2900.0,3189.60009765625,33595,0.0,0.0,2024-07-23,2689.3349731445314,221.88690248671446,2911.221875631246,2467.448070657817,3133.1087781179604,2245.5611681711025,108.9742263572327,153.19985810373277,2356665,303160.44165984704,175177.38369482793,1149.9133329906333,76.02523210049733,3093.0667317708335,3286.133463541667,2996.533365885417,3382.6668294270835,2803.4666341145835,3575.733561197917,2706.933268229167,0.5169463091560651,-0.0,203.42590908380225,166.8637142379982,36.56219484580404,71.87183558035586,33.675250268808036,3009.97001953125,2689.3349731445314,2283.989052734375,1990.8439624023438,EIMCOELECO.NS,2025-02-13 10:48:46.700928
144,2024-07-22 00:00:00+05:30,3035.0,3037.75,2970.0,3037.75,20917,0.0,0.0,2024-07-22,2648.7999633789063,198.50562108628736,2847.3055844651935,2450.294342292619,3045.811205551481,2251.7887212063315,110.78281975570592,147.42594056997982,2323070,179768.2851718241,143181.61920357315,1138.577443271896,72.17171989574109,3015.1666666666665,3060.333333333333,2992.583333333333,3082.9166666666665,2947.4166666666665,3128.083333333333,2924.833333333333,0.4797273192870104,-0.0,185.06931529431586,157.72316552654718,27.34614976776868,68.56615138468138,32.589566815039696,2922.989990234375,2648.7999633789063,2259.618349609375,1973.04916015625,EIMCOELECO.NS,2025-02-13 10:48:46.700928
145,2024-07-19 00:00:00+05:30,2999.0,2999.0,2885.14990234375,2893.10009765625,19801,0.0,0.0,2024-07-19,2610.194958496094,193.90720253416066,2804.1021610302546,2416.2877559619333,2998.0093635644153,2222.3805534277726,108.73902278575703,138.39399776936807,2302153,162073.58306272945,134034.95271151038,1131.9828697032372,68.34459669838517,2925.75,2966.35009765625,2852.5,3039.60009765625,2811.89990234375,3080.2001953125,2738.64990234375,0.501034582625808,-19.763752649802267,173.71816596491772,150.886628084605,22.83153788031271,64.91940202452112,32.0161884469606,2851.32998046875,2610.194958496094,2240.358828125,1956.7818383789063,EIMCOELECO.NS,2025-02-13 10:48:46.700928
146,2024-07-18 00:00:00+05:30,3037.0,3037.0,2939.0,3037.0,40044,0.0,0.0,2024-07-18,2573.4299560546874,206.7279663226132,2780.1579223773006,2366.7019897320743,2986.8858886999137,2159.974023409461,183.00109030237346,166.74563224468318,2321954,344067.6920889996,127025.29512370561,1126.174848465931,71.67130801171433,3004.3333333333335,3069.666666666667,2971.666666666667,3102.3333333333335,2906.3333333333335,3167.666666666667,2873.666666666667,0.6062015042764849,-0.0,170.7989853730287,145.17874361452684,25.620241758501862,72.71179601557306,31.56674058516091,2783.08994140625,2573.4299560546874,2223.7957568359375,1941.6871520996094,EIMCOELECO.NS,2025-02-13 10:48:46.700928
147,2024-07-16 00:00:00+05:30,2760.0,2892.39990234375,2621.0,2892.39990234375,14826,0.0,0.0,2024-07-16,2524.3324584960938,207.4407773926694,2731.7732358887633,2316.891681103424,2939.2140132814325,2109.450903710755,119.65999063839168,133.198418206904,2281910,121323.23548889029,72764.69588238212,1113.3451214034585,52.54316185447097,2801.9332682291665,2982.866536458333,2711.466634114583,3073.3331705729165,2530.5333658854165,3254.266438802083,2440.066731770833,0.5270877903761176,-0.0,150.30172612117894,138.77368317490135,11.528042946277594,69.27002998351679,30.5595450891515,2661.769921875,2524.3324584960938,2205.6716259765626,1925.0222717285155,EIMCOELECO.NS,2025-02-13 10:48:46.700928
148,2024-07-15 00:00:00+05:30,2798.949951171875,2800.0,2700.0,2754.699951171875,6034,0.0,0.0,2024-07-15,2482.224963378906,214.1595025003191,2696.384465879225,2268.065460878587,2910.5439683795444,2053.9059583782678,110.1922679346704,131.1848229499485,2267084,47026.348381290234,60625.06098075508,1108.911554283362,55.415959579200816,2751.566650390625,2803.13330078125,2703.13330078125,2851.566650390625,2651.566650390625,2903.13330078125,2603.13330078125,0.450307998902139,-17.612277144453078,136.0226428160754,135.89167243833194,0.13097037774346632,65.41252782326552,30.071981135847988,2583.6099609375,2482.224963378906,2190.276875,1910.0872326660156,EIMCOELECO.NS,2025-02-13 10:48:46.700928
149,2024-07-12 00:00:00+05:30,2599.949951171875,2679.449951171875,2520.0,2679.449951171875,10794,0.0,0.0,2024-07-12,2451.1149658203126,217.65857495630559,2668.773540776618,2233.456390864007,2886.4321157329236,2015.7978159077015,29.043244269552027,108.84583722324155,2261050,81825.69689744344,64024.73913062129,1107.2406176532743,63.67713545062366,2626.2999674479165,2732.599934895833,2573.149983723958,2785.7499186197915,2466.8500162760415,2892.049886067708,2413.700032552083,0.44560847621935873,-31.519131038204325,129.2414988845576,135.85892984389605,-6.6174309593384635,63.05945585318749,29.98758649210555,2553.999951171875,2451.1149658203126,2178.830341796875,1896.711767578125,EIMCOELECO.NS,2025-02-13 10:48:46.700928
150,2024-07-11 00:00:00+05:30,2480.699951171875,2551.89990234375,2308.89990234375,2551.89990234375,8462,0.0,0.0,2024-07-11,2424.6149658203126,220.6389960898891,2645.2539619102017,2203.9759697304235,2865.892958000091,1983.3369736405343,-68.73650376341705,74.82938215018893,2250256,61093.96418861264,59574.49968891575,1104.3799793903274,63.681259060890824,2470.89990234375,2632.89990234375,2389.89990234375,2713.89990234375,2227.89990234375,2875.89990234375,2146.89990234375,0.4142100607545031,-55.091488422836505,126.01236008004526,137.51328758373066,-11.500927503685404,58.62953387600504,30.55098994386225,2550.999951171875,2424.6149658203126,2169.83560546875,1883.8094519042968,EIMCOELECO.NS,2025-02-13 10:48:46.700928
151,2024-07-10 00:00:00+05:30,2580.0,2624.0,2376.550048828125,2430.39990234375,8962,0.0,0.0,2024-07-10,2401.915966796875,230.00836035776263,2631.924327154638,2171.9076064391124,2861.9326875124007,1941.89924608135,-72.83786634016107,81.50330349187863,2241794,61623.21156996559,59194.63356399152,1102.3122787949403,72.0968543776842,2476.9833170572915,2577.416585286458,2329.966634114583,2724.4332682291665,2229.5333658854165,2824.866536458333,2082.516682942708,0.41745901179000594,-61.26444115707488,132.53055293340185,140.388519459652,-7.857966526250152,53.72054363028722,31.979814246248687,2587.82998046875,2401.915966796875,2165.711474609375,1872.4555029296876,EIMCOELECO.NS,2025-02-13 10:48:46.700928
152,2024-07-09 00:00:00+05:30,2647.0,2647.0,2485.0,2501.60009765625,3641,0.0,0.0,2024-07-09,2380.2985778808593,246.88816024344055,2627.1867381243,2133.4104176374185,2874.0748983677404,1886.5222573939782,-33.72223464802262,106.72144615287095,2250756,25769.157140234853,58587.489062497996,1100.300041149319,76.11626456533209,2544.5333658854165,2604.066731770833,2442.066731770833,2706.5333658854165,2382.5333658854165,2766.066731770833,2280.066731770833,0.4634428389534734,-48.963513236706426,150.83368540575339,142.35301109121454,8.480674314538845,57.42862454214801,32.88951983434306,2646.77998046875,2380.2985778808593,2163.283056640625,1863.0154272460939,EIMCOELECO.NS,2025-02-13 10:48:46.700928
153,2024-07-08 00:00:00+05:30,2749.0,2749.0,2552.050048828125,2606.64990234375,3015,0.0,0.0,2024-07-08,2354.0486755371094,260.82835549060775,2614.8770310277173,2093.2203200465015,2875.7053865183248,1832.391964555894,45.37904429584513,143.00568316827224,2254397,22234.7203406352,66792.07204306377,1099.4369297860428,76.41150622315917,2635.8999837239585,2719.749918619792,2522.799967447917,2832.8499348958335,2438.9500325520835,2916.699869791667,2325.850016276042,0.4738592552702669,-29.676841177591463,164.96974205691504,140.23284251257982,24.736899544335216,63.42670570676778,32.741908613289866,2667.249951171875,2354.0486755371094,2157.231748046875,1853.428035888672,EIMCOELECO.NS,2025-02-13 10:48:46.700928
154,2024-07-05 00:00:00+05:30,2730.0,2750.0,2600.0,2664.449951171875,6047,0.0,0.0,2024-07-05,2323.075054931641,265.9834752369862,2589.058530168627,2057.0915796946547,2855.042005405613,1791.1081044576686,78.88175163443866,169.51412515960584,2257412,45583.65922733007,77931.40996867091,1098.667801968781,74.46409428760914,2671.4833170572915,2742.966634114583,2592.966634114583,2821.4833170572915,2521.4833170572915,2892.966634114583,2442.966634114583,0.49387454909962797,-22.51547801541899,170.22282257960433,134.04861762649602,36.1742049531083,67.00206081180221,31.80216133508941,2644.849951171875,2323.075054931641,2146.9853125,1842.4748803710938,EIMCOELECO.NS,2025-02-13 10:48:46.700928
155,2024-07-04 00:00:00+05:30,2850.0,2850.0,2620.0,2736.050048828125,7663,0.0,0.0,2024-07-04,2285.3578979492186,268.49985244998754,2553.857750399206,2016.8580454992311,2822.3576028491934,1748.3581930492435,128.88777878482878,211.84675109405637,2263459,59317.72860561174,86018.34765400612,1097.0636238005302,77.60587962443513,2735.3500162760415,2850.700032552083,2620.700032552083,2965.3500162760415,2505.3500162760415,3080.700032552083,2390.700032552083,0.5314682245034248,-13.827199920841673,168.67679476452668,125.00506638821892,43.671728376307755,71.64774923908084,30.20326301286654,2587.13994140625,2285.3578979492186,2136.1286083984373,1830.861416015625,EIMCOELECO.NS,2025-02-13 10:48:46.700928
156,2024-07-03 00:00:00+05:30,2689.0,2734.0,2618.0,2725.14990234375,11689,0.0,0.0,2024-07-03,2239.518798828125,265.7504865160536,2505.2692853441786,1973.7683123120714,2771.019771860232,1708.0178257960179,129.97517789441196,227.16560816942507,2255796,90121.70611578558,92693.50241610473,1094.9329366099469,77.23231559155778,2692.38330078125,2766.7666015625,2650.7666015625,2808.38330078125,2576.38330078125,2882.7666015625,2534.7666015625,0.49645922136613435,-1.2498373056610734,157.0901768871895,114.08713429414199,43.00304259304751,71.36710510432569,28.237134198792617,2538.23994140625,2239.518798828125,2121.8196044921874,1818.84671875,EIMCOELECO.NS,2025-02-13 10:48:46.700928
157,2024-07-02 00:00:00+05:30,2510.0,2619.35009765625,2510.0,2603.949951171875,10195,0.0,0.0,2024-07-02,2197.858752441406,250.48365061612535,2448.3424030575316,1947.3751018252808,2698.8260536736566,1696.8914512091553,90.51208094339495,213.69378511293178,2244107,75107.18975428166,93336.45149118452,1091.6937919697896,76.6535056927672,2577.7666829427085,2645.533365885417,2536.183268229167,2687.1167805989585,2468.4165852864585,2754.883463541667,2426.833170572917,0.4366145887909017,-2.98058870775595,140.9491399875874,103.3363736458801,37.612766341707285,68.10763841749818,26.54924536725231,2517.73994140625,2197.858752441406,2105.8050756835937,1806.5035412597656,EIMCOELECO.NS,2025-02-13 10:48:46.700928
158,2024-07-01 00:00:00+05:30,2494.64990234375,2494.64990234375,2440.0,2494.64990234375,1888,0.0,0.0,2024-07-01,2167.237127685547,235.1944454396998,2402.431573125247,1932.0426822458471,2637.6260185649467,1696.8482368061473,59.56646768889524,191.1755068201925,2233912,13325.18493962161,97893.76692541024,1089.0685251779794,73.59448019726395,2476.4332682291665,2512.866536458333,2458.216634114583,2531.0831705729165,2421.7833658854165,2567.516438802083,2403.566731770833,0.41961261367320063,-17.904908905731947,130.08448733021214,93.93318206045328,36.151305269758865,64.74709888090467,25.23358446056534,2496.5099609375,2167.237127685547,2090.3818115234376,1795.0461206054688,EIMCOELECO.NS,2025-02-13 10:48:46.700928
159,2024-06-28 00:00:00+05:30,2401.0,2458.0,2367.0,2375.89990234375,15925,0.0,0.0,2024-06-28,2138.6584655761717,227.93033636613103,2366.588801942303,1910.7281292100406,2594.519138308434,1682.7977928439095,40.79081681535752,168.50002054725894,2232024,107045.70097061619,119035.91242185739,1088.6165043154967,73.66450956535667,2400.2999674479165,2433.599934895833,2342.599934895833,2491.2999674479165,2309.2999674479165,2524.599934895833,2251.599934895833,0.408005403134515,-34.51590837882311,124.96786127724863,84.89535574301354,40.07250553423509,60.55379506224594,24.47767439272486,2473.3599609375,2138.6584655761717,2075.3996044921873,1784.4018530273438,EIMCOELECO.NS,2025-02-13 10:48:46.700928
160,2024-06-27 00:00:00+05:30,2600.050048828125,2600.050048828125,2491.550048828125,2491.550048828125,15325,0.0,0.0,2024-06-27,2115.8826110839846,225.7243891088694,2341.607000192854,1890.158221975115,2567.3313893017234,1664.4338328662457,102.04872451703781,243.8580074244604,2247949,108026.85892037429,122033.46528466766,1085.1151685784353,81.43755083771312,2527.7167154947915,2563.883382161458,2455.383382161458,2636.2167154947915,2419.2167154947915,2672.383382161458,2346.883382161458,0.4890517330472533,-17.549875867988312,128.21865275069285,74.87722935945477,53.34142339123808,67.85266664222723,23.880533264184002,2451.3099609375,2115.8826110839846,2062.354416503906,1774.792939453125,EIMCOELECO.NS,2025-02-13 10:48:46.700928
161,2024-06-26 00:00:00+05:30,2600.0,2622.64990234375,2508.550048828125,2622.64990234375,24133,0.0,0.0,2024-06-26,2088.573846435547,210.40187478057643,2298.975721216123,1878.1719716549703,2509.3775959966997,1667.7700968743939,165.12288387406645,289.1509358530012,2263274,179066.0621319435,125535.11687574099,1081.4242157119918,90.49918472099029,2584.6166178385415,2660.683186848958,2546.583333333333,2698.7164713541665,2470.5167643229165,2774.783040364583,2432.483479817708,0.5927556320050933,-0.0,119.04815691140311,61.54187351164525,57.50628339975786,77.7127088643526,21.622220747432987,2384.5599609375,2088.573846435547,2048.2183837890625,1764.2450170898437,EIMCOELECO.NS,2025-02-13 10:48:46.700928
162,2024-06-25 00:00:00+05:30,2483.199951171875,2497.800048828125,2345.050048828125,2497.800048828125,38774,0.0,0.0,2024-06-25,2053.4754638671875,171.59046324644285,2225.0659271136306,1881.8850006207447,2396.656390360073,1710.2945373743019,171.2651721715713,234.1362441144292,2239141,274005.9070232872,112152.38056169037,1075.0284219758466,83.81182957888173,2446.8833821614585,2548.716715494792,2395.966715494792,2599.6333821614585,2294.1333821614585,2701.466715494792,2243.216715494792,0.5185474928728655,-0.0,92.59203413590421,47.16530266170577,45.42673147419844,74.42643025286824,18.948094731466526,2271.039990234375,2053.4754638671875,2031.8743896484375,1751.973555908203,EIMCOELECO.NS,2025-02-13 10:48:46.700928
163,2024-06-24 00:00:00+05:30,2378.89990234375,2378.89990234375,2335.35009765625,2378.89990234375,12010,0.0,0.0,2024-06-24,2027.5801818847656,136.4977302095225,2164.077912094288,1891.0824516752432,2300.5756423038106,1754.5847214657206,188.88197407617153,204.60092239065068,2200367,80831.5348943708,71688.99894629116,1065.478539706317,73.87558469850967,2364.38330078125,2393.41650390625,2349.86669921875,2407.93310546875,2320.83349609375,2436.96630859375,2306.31689453125,0.3250432804766304,-0.0,69.61308927508617,35.80861979315616,33.804469481930006,70.5917932215744,16.614698513487276,2181.52998046875,2027.5801818847656,2017.7600146484374,1741.6055700683594,EIMCOELECO.NS,2025-02-13 10:48:46.700928
164,2024-06-21 00:00:00+05:30,2265.64990234375,2265.64990234375,2165.10009765625,2265.64990234375,32880,0.0,0.0,2024-06-21,2010.8798461914062,108.89327142306546,2119.7731176144716,1901.9865747683407,2228.666389037537,1793.0933033452752,146.39681542268167,131.69317955977817,2188357,210759.0635846992,69403.36495927125,1062.742180171462,72.74008601908372,2232.13330078125,2299.16650390625,2198.61669921875,2332.68310546875,2131.58349609375,2399.71630859375,2098.06689453125,0.26978831154940386,-0.0,50.84819567105933,27.357502422673655,23.490693248385675,66.09541287971993,14.758289897402188,2132.25,2010.8798461914062,2006.6232495117188,1733.1947985839843,EIMCOELECO.NS,2025-02-13 10:48:46.700928
165,2024-06-20 00:00:00+05:30,2145.0,2157.800048828125,2138.449951171875,2157.800048828125,4269,0.0,0.0,2024-06-20,1996.9138244628907,90.92828028995972,2087.8421047528504,1905.985544172931,2178.77038504281,1815.0572638829713,95.68067625866523,79.80834126903956,2155477,26061.4756779541,34064.44030291425,1055.8417783409977,60.10799028460078,2151.3500162760415,2164.250081380208,2144.899983723958,2170.7001139322915,2131.9999186197915,2183.600179036458,2125.549886067708,0.029829611043282963,-10.474561500520645,37.20642741028132,21.484829110577234,15.721598299704088,60.79466820010713,13.556003719526133,2109.010009765625,1996.9138244628907,1998.2982104492187,1726.761063232422,EIMCOELECO.NS,2025-02-13 10:48:46.700928
166,2024-06-19 00:00:00+05:30,2100.0,2100.0,2030.0,2055.050048828125,3628,0.0,0.0,2024-06-19,1988.0360046386718,82.6878387050883,2070.72384334376,1905.3481659335835,2153.4116820488484,1822.6603272284951,39.45165873032053,15.29557430314054,2151208,21093.63036112712,36065.18145915428,1055.020434236608,56.78043871317403,2061.683349609375,2093.36669921875,2023.36669921875,2131.683349609375,1991.683349609375,2163.36669921875,1953.36669921875,-0.05143288637702278,-35.97841077738408,29.79867290127413,17.55442953565121,12.244243365622921,54.50178312692543,13.240588656457481,2097.033984375,1988.0360046386718,1990.7823046875,1721.266151123047,EIMCOELECO.NS,2025-02-13 10:48:46.700928
167,2024-06-18 00:00:00+05:30,2140.0,2153.75,2025.9000244140625,2050.25,9622,0.0,0.0,2024-06-18,1986.8073364257812,81.81765071681045,2068.6249871425916,1904.9896857089707,2150.442637859402,1823.1720349921602,61.332413115908054,29.033170190751573,2147580,55812.80157235378,39808.06923366107,1054.386580340542,60.439815540323046,2076.633341471354,2127.3666585286455,1999.516682942708,2204.4833170572915,1948.7833658854165,2255.216634114583,1871.6667073567705,-0.04739274831745315,-37.16984359328758,29.982325493511098,14.493368694245477,15.48895679926562,54.182770247579974,13.535151552880103,2085.6343994140625,1986.8073364257812,1985.03107421875,1717.1035290527343,EIMCOELECO.NS,2025-02-13 10:48:46.700928
168,2024-06-14 00:00:00+05:30,2148.0,2200.0,2090.0,2132.5,4794,5.0,0.0,2024-06-14,1982.9877563476562,80.47207786480661,2063.4598342124627,1902.5156784828496,2143.9319120772693,1822.043600618043,134.63757913444147,80.43058676406238,2157202,28923.35840932829,35806.88614898789,1052.7096893491625,66.11428374341679,2140.8333333333335,2191.666666666667,2081.666666666667,2250.8333333333335,2030.8333333333335,2301.666666666667,1971.666666666667,0.01300123439929332,-16.75435353954532,30.23591088644025,10.62112949442907,19.61478139201118,60.98668482650308,13.852373133642928,2070.9048095703124,1982.9877563476562,1976.1623217773438,1712.6970861816405,EIMCOELECO.NS,2025-02-13 10:48:46.700928
169,2024-06-13 00:00:00+05:30,2145.0103273486798,2199.882684559925,2065.1959895868686,2149.449951171875,6225,0.0,0.0,2024-06-13,1975.0257507324218,72.37046531923497,2047.3962160516567,1902.655285413187,2119.7666813708915,1830.2848200939518,188.18436767755304,83.81862731116986,2161996,37855.44386237896,37527.76808390279,1051.8030351852453,58.12447934711402,2138.1762084395564,2211.156427292244,2076.4697323191876,2272.862903412613,2003.4895134664998,2345.8431222653007,1941.783037346131,0.02049206976423216,-12.521688362788842,22.00207838365327,5.717434146426273,16.284644237227,62.48825331112357,13.302833864862462,2041.8403076171876,1975.0257507324218,1965.0349951171875,1707.9435388183595,EIMCOELECO.NS,2025-02-13 10:48:46.700928
170,2024-06-12 00:00:00+05:30,1995.258705322341,2097.919921875,1995.258705322341,2097.919921875,9740,0.0,0.0,2024-06-12,1967.3087036132813,59.956422767476646,2027.265126380758,1907.3522808458047,2087.2215491482348,1847.395858078328,176.96770204769143,36.47454006126634,2155771,57810.87113022253,37445.849139283746,1050.6049712668942,58.51875404070214,2063.699516357447,2132.140327392553,2029.479110839894,2166.360732910106,1961.038299804788,2234.801543945212,1926.817894287235,-0.04062020013596035,-0.0,9.457599482345131,1.6462730871195232,7.811326395225608,59.68624702494095,12.712116131243334,1993.9716796875,1967.3087036132813,1952.53806640625,1703.1187622070313,EIMCOELECO.NS,2025-02-13 10:48:46.700928
171,2024-06-11 00:00:00+05:30,1976.602020805845,2010.3236271371447,1907.7621546656649,1998.0521240234375,4646,0.0,0.0,2024-06-11,1962.8390991210938,52.58619936816039,2015.4252984892541,1910.2528997529334,2068.0114978574147,1857.666700384773,69.84150915594532,-20.93080888951907,2146031,26263.2016878421,32354.59364154905,1048.8133073236952,49.50875690089419,1972.045968608749,2036.3297825518332,1933.7683100803533,2074.607441080229,1869.4844961372692,2138.891255023313,1831.2068376088735,-0.12990987835819356,-32.574512067445596,-1.671504702703487,-0.3065585116868787,-1.3649461910166083,53.42526536821083,13.108900398553587,1938.24130859375,1962.8390991210938,1940.9580029296876,1698.8077893066406,EIMCOELECO.NS,2025-02-13 10:48:46.700928
172,2024-06-10 00:00:00+05:30,1984.3839975255682,2034.2679592532095,1945.4745073780082,1976.60205078125,2931,0.0,0.0,2024-06-10,1961.796533203125,52.05534581676526,2013.8518790198902,1909.7411873863596,2065.9072248366556,1857.6858415695945,109.35183171846428,-8.633192592581885,2141385,16390.67012187572,33877.44162997579,1048.038079190534,48.073029227633725,1985.4481724708228,2025.4218375636374,1936.628385688436,2074.241624346024,1896.6547205956215,2114.2152894388387,1847.8349338132348,-0.10910820150143154,-39.77236091392446,-6.059339746623891,0.03467803606727338,-6.094017782691164,51.936549879795336,13.583110880586961,1917.0206787109375,1961.796533203125,1931.0570361328125,1695.4166784667968,EIMCOELECO.NS,2025-02-13 10:48:46.700928
173,2024-06-07 00:00:00+05:30,1910.2065151724667,2003.2401010855604,1875.636906344408,1987.177490234375,6601,0.0,0.0,2024-06-07,1957.5289611816406,54.23084284359565,2011.7598040252362,1903.298118338045,2065.990646868832,1849.0672754944494,35.709447932830386,-23.55010697240761,2144316,37111.460109482476,38249.134507000796,1047.559420121912,50.97074831748675,1955.3514992214477,2035.0660920984874,1907.4628973573351,2082.9546939626,1827.7483044802955,2162.6692868396394,1779.8597026161829,-0.1674973658674482,-36.22363575064758,-9.472782858599885,1.5581824817400645,-11.03096534033995,52.70818694945711,14.572599858434625,1920.003759765625,1957.5289611816406,1921.609013671875,1692.3278637695312,EIMCOELECO.NS,2025-02-13 10:48:46.700928
174,2024-06-06 00:00:00+05:30,1847.5522509590758,1910.2065550886696,1797.119639139286,1910.1068115234375,9735,0.0,0.0,2024-06-06,1956.7233337402345,53.88579969624448,2010.609133436479,1902.83753404399,2064.4949331327234,1848.9517343477455,-119.06628227648142,-70.30712012219274,2137715,52608.42001718853,38533.55310638037,1046.4673155678315,43.998454815592886,1872.4776685837976,1947.8356980283093,1834.7487820789256,1985.5645845331812,1759.390752634414,2060.922613977693,1721.661866129542,-0.23420926132893885,-62.08569643423577,-14.74101795782235,4.315923816825052,-19.056941774647402,47.42448203944096,15.220959618940507,1907.18359375,1956.7233337402345,1911.8527075195314,1688.5331909179688,EIMCOELECO.NS,2025-02-13 10:48:46.700928
175,2024-06-05 00:00:00+05:30,1797.369056136895,1933.502337644811,1797.369056136895,1819.26806640625,10113,0.0,0.0,2024-06-05,1964.956689453125,58.74879079647753,2023.7054802496025,1906.2078986566473,2082.45427104608,1847.4591078601698,-181.03119162833443,-82.160285274885,2127980,52052.111735617436,35014.83637867833,1044.9843992498445,28.259138733485614,1850.0464867293188,1902.7239173217424,1766.5906358138266,1986.1797682372346,1713.913205221403,2038.8571988296583,1630.4573543059107,-0.3146141209872483,-92.64534905957137,-13.672312447298054,9.080159260486901,-22.752471707784956,40.099815962721145,14.478987383964151,1909.2387939453124,1964.956689453125,1902.8386767578124,1685.6937951660157,EIMCOELECO.NS,2025-02-13 10:48:46.700928
176,2024-06-04 00:00:00+05:30,1991.367733771555,1992.3654129968916,1891.948974609375,1891.948974609375,6452,0.0,0.0,2024-06-04,1977.2406127929687,51.97767055815478,2029.2182833511235,1925.2629422348139,2081.195953909278,1873.2852716766592,-94.2877416661352,-36.22010845777781,2138093,34535.474537921604,30755.517539443546,1043.6008212339261,37.64639851297937,1925.4211207385472,1958.8932668677194,1858.4768284802028,2025.8375591260638,1825.0046823510306,2059.3097052552357,1758.0603900926862,-0.2937496718352097,-100.00000000000001,-3.1506492450505448,14.76827718743314,-17.918926432483687,44.72950084560851,13.68247931673436,1934.4601318359375,1977.2406127929687,1896.2061059570312,1683.9862670898438,EIMCOELECO.NS,2025-02-13 10:48:46.700928
177,2024-06-03 00:00:00+05:30,2019.2030551978378,2019.2030551978378,1937.4931003963256,1991.5174560546875,8873,0.0,0.0,2024-06-03,1989.1828369140626,58.392214958234916,2047.5750518722975,1930.7906219558276,2105.9672668305325,1872.3984069975927,-4.348971347632521,-0.32912503481107674,2144545,49993.81153442811,29810.52828982403,1042.6325714297807,43.72470817647054,1982.737870549617,2027.9826407029082,1946.272685901396,2064.447825351129,1901.0279157481048,2109.6925955044203,1864.5627310998839,-0.22761540383561,-51.87311486111928,3.210036914262446,19.24800879555406,-16.037971881291615,52.42997792544235,13.882776172783942,1940.206787109375,1989.1828369140626,1887.9433276367188,1680.7672546386718,EIMCOELECO.NS,2025-02-13 10:48:46.700928
178,2024-05-31 00:00:00+05:30,1915.5441332092923,1990.3700759127803,1896.5882277244086,1923.07666015625,1821,0.0,0.0,2024-05-31,1995.7400817871094,65.58832786323084,2061.3284096503403,1930.1517539238785,2126.916737513571,1864.5634260606478,-88.66843503536795,-18.971025523962275,2135672,9907.59379547416,24764.707478673008,1041.1408588398554,42.243017010896935,1936.6783212644796,1976.7684148045505,1882.9865666161788,2030.4601694528512,1842.896473076108,2070.5502629929224,1789.2047184278072,-0.29081528134893436,-64.10779398339827,1.4990189468855988,23.25750176587696,-21.75848281899136,46.55771625457982,14.708048151047123,1937.882177734375,1995.7400817871094,1876.6336352539063,1676.9611083984375,EIMCOELECO.NS,2025-02-13 10:48:46.700928
179,2024-05-30 00:00:00+05:30,1954.4535820472515,1995.3584298593685,1905.5673005156968,1920.3828125,1794,0.0,0.0,2024-05-30,2008.7049133300782,75.36751746610818,2084.0724307961864,1933.33739586397,2159.4399482622944,1857.9698783978617,-98.58194460348311,-11.486422955261187,2133851,9747.02093346247,28478.98589947272,1040.8562239035273,36.76836783487002,1940.4361809583552,1975.3050614010135,1885.513932057342,2030.2273103020268,1850.6450516146836,2065.0961907446854,1795.7228027136703,-0.30490625829296186,-65.1115541283455,6.0260664643039945,28.697122470624798,-22.671056006320804,46.31584975144308,15.158125736867856,1962.2454833984375,2008.7049133300782,1866.6967504882812,1673.498662109375,EIMCOELECO.NS,2025-02-13 10:48:46.700928
180,2024-05-29 00:00:00+05:30,1920.6821949051343,1995.3584609487377,1920.6322622288044,1945.374755859375,2341,0.0,0.0,2024-05-29,2024.1714294433593,87.11292402891894,2111.2843534722783,1937.0585054144403,2198.397277501197,1849.9455813855216,-96.07190708816252,-0.2151661869760453,2135645,12884.463494871316,33161.97714097528,1040.576486328813,35.89647072055152,1953.7884930123057,1986.944723795807,1912.2185250758737,2028.514691732239,1879.0622942923724,2061.67092251574,1837.4923263559403,-0.3860011063919424,-59.69490979434318,11.996058260109749,34.364886472205,-22.368828212095252,48.19752533780898,15.756728177120683,1975.434814453125,2024.1714294433593,1856.1572680664062,1670.2572021484375,EIMCOELECO.NS,2025-02-13 10:48:46.700928
181,2024-05-28 00:00:00+05:30,1985.381726604226,2000.3469154982279,1905.567385836217,1920.6822509765625,2772,0.0,0.0,2024-05-28,2044.1873596191406,110.81973403199657,2155.007093651137,1933.367625587144,2265.8268276831336,1822.5478915551475,-159.60222018249596,-0.49518045379145265,2133304,15062.96263328511,38231.35555250127,1040.2008108472191,33.14109920511389,1942.1988507703356,1978.8303157044543,1884.0507860424434,2036.9783804323465,1847.4193211083248,2073.6098453664654,1789.2712563804325,-0.3839526776739754,-68.0847244548109,16.996370633587503,39.957093525228814,-22.96072289164131,46.19198100030191,16.58639832625026,1982.40859375,2044.1873596191406,1845.5868579101561,1666.9379223632814,EIMCOELECO.NS,2025-02-13 10:48:46.700928
182,2024-05-27 00:00:00+05:30,2046.3896316653327,2095.126358920304,1975.4048526962868,1979.8944091796875,6931,0.0,0.0,2024-05-27,2063.602197265625,121.53873980063351,2185.1409370662586,1942.0634574649914,2306.679676866892,1820.524717664358,39.68960310450318,31.94965756166377,2136076,38823.93738248054,44023.45378230531,1039.7677123464068,32.405394595717084,2016.808540265426,2058.212227834565,1938.490721610548,2136.5300464894435,1897.0870340414087,2177.9337340585826,1818.7692153865307,-0.21687333051858834,-56.017200209101794,25.572602552732405,45.69727424813914,-20.124671695406732,50.55003392175559,17.479889256082117,2004.36748046875,2063.602197265625,1836.1268627929687,1664.104013671875,EIMCOELECO.NS,2025-02-13 10:48:46.700928
183,2024-05-24 00:00:00+05:30,1960.4397369334465,2085.5985508131944,1960.4397369334465,2044.8931884765625,7301,0.0,0.0,2024-05-24,2074.559210205078,123.45795744164586,2198.017167646724,1951.1012527634323,2321.47512508837,1827.6432953217866,74.66268114439023,39.68152902531323,2143007,42239.09712776392,45323.3328822615,1038.61002842988,32.655626618826574,2030.310492074401,2100.1812472153556,1975.0224333356077,2155.4693059541487,1905.1516781946532,2225.3400610951035,1849.8636194558599,-0.05029999303681286,-38.20832356257265,30.333814163258012,50.728442171990814,-20.394628008732802,55.9289694804965,18.360236519048737,2003.1602783203125,2074.559210205078,1825.1493994140626,1660.8435974121094,EIMCOELECO.NS,2025-02-13 10:48:46.700928
184,2024-05-23 00:00:00+05:30,2043.247118093335,2044.2447973502167,1969.4188530841031,1986.3294677734375,4374,0.0,0.0,2024-05-23,2077.03095703125,123.32755366291829,2200.3585106941687,1953.703403368332,2323.6860643570867,1830.3758497054137,18.825953317074234,31.880729037539936,2135706,24580.55666602141,46094.391820885896,1037.3030332698659,25.721387638841307,1999.9977060692524,2030.5765590544017,1955.7506147882882,2074.823650335366,1925.171761803139,2105.4025033205153,1880.9246705221747,-0.04953202511297371,-65.60215130764816,29.568609640477234,55.82709917417401,-26.258489533696775,51.62250037169331,19.415936730977972,1988.8336181640625,2077.03095703125,1811.5131201171876,1657.2893664550782,EIMCOELECO.NS,2025-02-13 10:48:46.700928
185,2024-05-22 00:00:00+05:30,2085.1496507571915,2094.727469070667,1965.2784634627176,1980.24365234375,6766,0.0,0.0,2024-05-22,2083.7952209472655,121.79142505555488,2205.5866460028205,1962.0037958917108,2327.378071058375,1840.2123708361557,26.20347044038317,39.01378161311249,2131332,37906.376599943724,51472.850609602014,1036.5639955893778,24.240718829777407,2013.4165282923784,2061.5545931220395,1932.1055875140896,2142.865533900328,1883.9675226844288,2191.003598729989,1802.65658190614,0.0962611533085034,-67.21712937811608,33.908545894338886,62.391721557598196,-28.48317566325931,51.16164923672788,20.79773002207197,1990.5895263671875,2083.7952209472655,1799.2476513671875,1654.1162475585938,EIMCOELECO.NS,2025-02-13 10:48:46.700928
186,2024-05-21 00:00:00+05:30,2065.195969880205,2072.778429324835,1995.8572646112807,2030.4766845703125,7334,0.0,0.0,2024-05-21,2085.8130310058596,120.31081875492201,2206.1238497607815,1965.5022122509376,2326.4346685157034,1845.1913934960155,40.081086202117106,47.82092715732032,2138098,42130.883090030264,54864.46911201658,1035.425871685829,21.33951201305983,2033.0374595021428,2070.217654393005,1993.2964896794506,2109.9586242156975,1956.1162947885884,2147.1388191065594,1916.3753249658962,,-64.1124936771135,39.55057419509535,69.51251547341302,-29.961941278317667,55.188114952012675,22.285815104788586,1996.2463623046874,2085.8130310058596,1787.5109521484376,1651.0847985839844,EIMCOELECO.NS,2025-02-13 10:48:46.700928
187,2024-05-17 00:00:00+05:30,1971.364200394648,1995.8073412145986,1935.49768125324,1973.8583984375,4769,0.0,0.0,2024-05-17,2080.510369873047,125.11916142393102,2205.629531296978,1955.3912084491158,2330.748692720909,1830.2720470251847,-56.94570616821387,31.094025660642956,2130764,26632.07259599834,58047.86561751316,1034.1233431529565,37.150140700371914,1968.3878069684463,2001.2779326836526,1940.968272722294,2028.697466929805,1908.0781470070876,2061.5875926450112,1880.6586127609353,,-75.38398980703094,41.22763643367375,77.00300079299242,-35.77536435931867,51.165300589496944,23.7901630422556,1985.5911865234375,2080.510369873047,1773.1423779296874,1648.4045349121093,EIMCOELECO.NS,2025-02-13 10:48:46.700928
188,2024-05-16 00:00:00+05:30,1995.3585075235394,2050.230866480437,1895.3910950114173,1973.2598876953125,21540,0.0,0.0,2024-05-16,2073.456787109375,135.03188281911147,2208.4886699284866,1938.4249042902636,2343.520552747598,1803.393021471152,-64.72640855739007,35.36961024944689,2125995,120251.81397612143,65901.81387289186,1033.3227651417071,47.69340690728706,1972.9606163957221,2050.530137780027,1895.6903663110074,2127.8003878647414,1818.1208449267026,2205.3699092490465,1740.850594841988,,-75.48414057513182,48.326166472908426,85.94684188282208,-37.62067540991366,51.12212425160664,25.00625513753751,1969.06962890625,2073.456787109375,1759.6088598632812,1646.0460229492187,EIMCOELECO.NS,2025-02-13 10:48:46.700928
189,2024-05-15 00:00:00+05:30,2045.2423893074526,2095.1263500222685,1985.3816364496736,1995.1090087890625,8075,0.0,0.0,2024-05-15,2062.070770263672,152.40804748273317,2214.478817746405,1909.6627227809388,2366.886865229138,1757.2546752982055,-28.471296966699963,53.17525772471799,2147535,45579.63157195836,52314.31384708446,1029.6920704852687,61.002687890187474,2025.2056650870015,2065.0296937243293,1955.2849801517345,2134.9503786595965,1915.4609515144066,2174.7744072969244,1845.5402665791396,,-71.82805538630056,56.741165589069624,95.3520107353005,-38.61084514623087,52.69764452540691,26.31589277861034,1968.6306396484374,2062.070770263672,1746.8854541015626,1643.878564453125,EIMCOELECO.NS,2025-02-13 10:48:46.700928
190,2024-05-14 00:00:00+05:30,2076.020979930327,2076.020979930327,1975.404929404527,2008.52783203125,4916,0.0,0.0,2024-05-14,2048.497344970703,169.78352419552184,2218.280869166225,1878.7138207751814,2388.0643933617466,1708.9302965796594,-46.453146144803426,54.942834764110856,2155610,27935.173822146287,53997.98441586598,1028.2920576669324,66.42486855208288,2019.984580455368,2064.5642315062087,1963.9481809804088,2120.6006309811683,1919.3685299295678,2165.180282032009,1863.3321304546087,,-69.58263962349717,64.50339244690531,105.0047220218582,-40.50132957495289,53.640454005266115,28.07032158452421,1984.563623046875,2048.497344970703,1733.626298828125,1641.4432299804687,EIMCOELECO.NS,2025-02-13 10:48:46.700928
191,2024-05-13 00:00:00+05:30,1885.3643810903493,1985.7808229404075,1826.7507245807274,1977.2008056640625,6739,0.0,0.0,2024-05-13,2037.3083740234374,179.6435846138474,2216.951958637285,1857.66478940959,2396.5955432511323,1678.0212047957425,-111.87778434070813,33.4850944876321,2150694,37697.09506907452,60513.687064295904,1027.4258927779297,71.01057990181113,1929.9107843950658,2033.0708442094042,1874.040745849724,2088.940882754746,1770.8806860353857,2192.1009425690845,1715.010647490044,,-74.82469382877883,72.14252011305689,115.13005441559642,-42.98753430253953,51.769882776295,30.14701577235634,1995.84736328125,2037.3083740234374,1720.0897875976561,1639.3451110839844,EIMCOELECO.NS,2025-02-13 10:48:46.700928
192,2024-05-10 00:00:00+05:30,1995.358411092934,1995.358411092934,1872.5441252475662,1891.2506103515625,15350,0.0,0.0,2024-05-10,2028.7208435058594,186.63712526529966,2215.357968771159,1842.0837182405598,2401.995094036459,1655.44659297526,-141.40022114820803,33.40392753092202,2143955,82133.26940148982,66217.83506310124,1026.2740301574304,71.98532808250829,1919.7177155640209,1966.8913058804756,1844.0770200351078,2042.5320014093886,1796.9034297186531,2089.705591725843,1721.26273418974,,-96.61001607583499,83.91508737159415,125.8769379912313,-41.96185061963715,46.244550836258355,31.601501683085317,2026.5658935546876,2028.7208435058594,1708.3121826171875,1637.4066198730468,EIMCOELECO.NS,2025-02-13 10:48:46.700928
193,2024-05-09 00:00:00+05:30,2075.1727418629835,2121.0659851926457,1971.06494140625,1971.06494140625,4128,0.0,0.0,2024-05-09,2023.7623779296875,191.72944142901986,2215.4918193587073,1832.0329365006678,2407.2212607877273,1640.3034950716478,-116.74454545824769,62.82825006527874,2159305,23019.83846212689,62238.9764785041,1023.8779649330321,78.44297755083932,2021.0652893350486,2071.0656372638473,1921.0645934774516,2171.0663331214446,1871.064245548653,2221.066681050243,1771.0635496910559,,-89.97029631824533,106.18089215198916,136.3674006461406,-30.18650849415144,51.313247528144025,33.593234724247885,2072.8482421875,2023.7623779296875,1697.6988720703125,1636.330623779297,EIMCOELECO.NS,2025-02-13 10:48:46.700928
194,2024-05-08 00:00:00+05:30,2025.288936119357,2120.0684676126275,2025.288936119357,2074.77392578125,3771,0.0,0.0,2024-05-08,2016.3122131347657,196.71505735814463,2213.0272704929102,1819.597155776621,2409.742327851055,1622.8820984184763,-88.24274472363636,79.78478592559219,2163433,22135.481001674467,72043.7609825984,1023.1718344482221,80.58019971503361,2073.377109837745,2121.4652835561333,2026.6857520628628,2168.1566413310156,1978.5975783444746,2216.2448150494038,1931.9062205695923,,-48.737717422557886,125.21856578738175,143.91402776967843,-18.695461982296678,59.134064227366935,35.58545418685943,2115.109912109375,2016.3122131347657,1686.479970703125,1633.6074584960938,EIMCOELECO.NS,2025-02-13 10:48:46.700928
195,2024-05-07 00:00:00+05:30,2130.793360690216,2174.940665482697,2029.2795016476175,2064.946533203125,4839,0.0,0.0,2024-05-07,2005.0434143066407,199.62363866318077,2204.6670529698213,1805.4197756434598,2404.290691633002,1605.7961369802792,-77.25993860649946,88.16188932140015,2159662,28270.017866495313,84520.83097782936,1022.4551740670306,82.56950177698084,2089.72223344448,2150.1649652413425,2004.503801406263,2235.3833972795596,1944.0610696094004,2295.826129076422,1858.8426375711833,,-46.25112380976312,137.48154242322676,148.58789326525257,-11.106350842025819,58.57841914397372,37.081947917056524,2146.09775390625,2005.0434143066407,1673.2048486328124,1629.4406481933593,EIMCOELECO.NS,2025-02-13 10:48:46.700928
196,2024-05-06 00:00:00+05:30,2095.1264238631043,2179.7796056092825,2016.5591829682378,2130.79345703125,5854,0.0,0.0,2024-05-06,1990.8963256835937,205.10554409473986,2196.0018697783335,1785.7907815888539,2401.1074138730733,1580.685237494114,-52.114105235625466,98.20587547030328,2164501,35290.33023470819,98583.53425566286,1021.5427148415351,82.03114189488046,2109.04408186959,2201.5289807709423,2038.3085581298978,2272.2645045106347,1945.8236592285455,2364.7494034119873,1875.0881354888531,,-37.77762297086111,152.06666416661324,151.36448097575902,0.702183190854214,63.990565794934355,38.645475756796706,2202.247119140625,1990.8963256835937,1659.5785473632814,1625.6439794921876,EIMCOELECO.NS,2025-02-13 10:48:46.700928
197,2024-05-03 00:00:00+05:30,2290.671432587654,2290.671432587654,2095.1263102935864,2122.662353515625,6534,0.0,0.0,2024-05-03,1972.7310791015625,208.1292253377702,2180.8603044393326,1764.6018537637924,2388.9895297771027,1556.472628426022,7.318787025278915,119.3172492185823,2158647,39239.34030764298,114406.83526090153,1020.3669298108142,83.86322935318881,2169.4866987989553,2243.8470873043243,2048.3019650102565,2365.031821093023,1973.9415765048875,2439.392209598392,1852.7568427161887,,-38.82397272351909,161.95107504944212,151.18893517804545,10.76213987139667,63.60506709764484,40.3292749688246,2237.884228515625,1972.7310791015625,1644.3729174804687,1621.5714526367187,EIMCOELECO.NS,2025-02-13 10:48:46.700928
198,2024-05-02 00:00:00+05:30,2165.0637032487143,2294.961484807929,2146.157487777419,2182.373291015625,9792,0.0,0.0,2024-05-02,1946.9385803222656,220.18530034933298,2167.1238806715987,1726.7532799729327,2387.3091810209316,1506.5679796235995,42.55684311545418,136.19753985181472,2165181,60459.15770006299,133198.70899921615,1019.0612498553943,84.54705699762565,2207.830754533658,2269.5040212898966,2120.7000242593867,2356.634751564168,2059.026757503148,2418.3080183204065,1971.8960272288768,,-31.140080301778262,172.9531025858239,148.49840021019628,24.45470237562762,68.61457215066949,41.23946183270316,2253.15869140625,1946.9385803222656,1629.8975903320313,1618.0800744628907,EIMCOELECO.NS,2025-02-13 10:48:46.700928
199,2024-04-30 00:00:00+05:30,2394.430067237264,2394.430067237264,2228.416346671756,2229.713134765625,19272,0.0,0.0,2024-04-30,1916.6265991210937,227.67014689680602,2144.2967460178997,1688.9564522242877,2371.9668929147056,1461.2863053274816,85.4326426330817,166.0342403948016,2174973,121573.08263439713,151383.59682400443,1016.9925435111661,85.67101146439006,2284.186516224882,2339.956685778008,2173.9429652124995,2450.20023679039,2118.1727956593736,2505.970406343516,2007.9292446469913,,-25.048160096421913,178.5379075932242,142.38472461628936,36.15318297693483,72.83792294650999,41.581475833126426,2235.549658203125,1916.6265991210937,1614.593193359375,1613.9561682128906,EIMCOELECO.NS,2025-02-13 10:48:46.700928
200,2024-04-29 00:00:00+05:30,2393.4324066411154,2424.3604619165944,2309.627353636591,2345.693359375,33393,0.0,0.0,2024-04-29,1881.3711181640624,231.20282283082682,2112.573940994889,1650.1682953332356,2343.776763825716,1418.9654725024088,127.2145943608829,201.48658320162164,2194245,221609.47534502725,158836.22537140627,1012.7332122429052,93.07110044163444,2359.893724976062,2410.160096315533,2295.4269880355296,2474.6268332560653,2245.1606166960587,2524.893204595536,2180.6938797555263,,-10.12326348183139,178.32077321681686,133.34642887205564,44.97434434476122,84.69789229926195,40.82409918356764,2213.92998046875,1881.3711181640624,1597.7832983398437,1608.6854309082032,EIMCOELECO.NS,2025-02-13 10:48:46.700928
201,2024-04-26 00:00:00+05:30,2280.195860933894,2308.97900390625,2244.778248567605,2308.97900390625,24268,0.0,0.0,2024-04-26,1840.0322875976562,217.3089250105833,2057.3412126082394,1622.7233625870729,2274.650137618823,1405.4144375764897,130.10013898176567,201.4823646449083,2160852,158531.51858579327,143142.91287800102,1004.5715703421093,92.54779552376613,2287.5787521267016,2330.3792556857984,2266.178500347153,2351.779507465347,2223.3779967880564,2394.5800110244436,2201.977745008508,,-0.0,163.91865067160165,122.1028427858653,41.81580788573635,83.92877683738493,38.74186679389016,2148.911279296875,1840.0322875976562,1579.19953125,1602.9422924804687,EIMCOELECO.NS,2025-02-13 10:48:46.700928
202,2024-04-25 00:00:00+05:30,2065.1960911801,2199.03466796875,2045.2425057580704,2199.03466796875,26890,0.0,0.0,2024-04-25,1799.7335266113282,199.79431469898861,1999.527841310317,1599.9392119123395,2199.322156009305,1400.144897213351,109.3918451209939,179.2261782291907,2136584,167295.60354636097,139295.76145105294,998.7412956937573,92.5028459647386,2147.7706138985236,2250.298722038977,2096.506559828297,2301.5627761092032,1993.978451687844,2404.0908842496565,1942.7143976176176,,-0.0,146.61176135045912,111.6488908144312,34.96287053602792,81.31743690267619,36.91309810417471,2072.0001708984373,1799.7335266113282,1562.7477978515626,1597.3373303222656,EIMCOELECO.NS,2025-02-13 10:48:46.700928
203,2024-04-24 00:00:00+05:30,2145.0102770040157,2167.9568985719657,2015.56140098482,2094.328125,37084,0.0,0.0,2024-04-24,1764.9918395996094,186.68803343319976,1951.6798730328092,1578.3038061664097,2138.367906466009,1391.61577273321,115.83032736881297,179.04664601152672,2109694,219731.81705120456,132295.8009272259,992.7671446327894,93.0979455566106,2092.6154748522617,2169.6695487197035,2017.2740511325578,2245.0109724394074,1940.219977265116,2322.065046306849,1864.8785535454122,,-13.591171094453323,133.0601594505615,102.90817318042421,30.1519862701373,78.18217625635442,35.4452761660816,1998.7505859375,1764.9918395996094,1549.6243237304689,1591.242508544922,EIMCOELECO.NS,2025-02-13 10:48:46.700928
204,2024-04-23 00:00:00+05:30,2121.61474609375,2121.61474609375,2020.5997273499547,2121.61474609375,38130,0.0,0.0,2024-04-23,1735.2435424804687,178.67841104142116,1913.92195352189,1556.5651314390475,2092.600364563311,1377.8867203976265,164.22437640666726,197.2233782976853,2146778,228873.22028442792,110436.79689623124,985.1536432415063,92.19666569715841,2087.9430731791513,2155.286419008348,2054.2714002645525,2188.9580919229466,1986.928054435356,2256.301437752143,1953.2563815207573,,-0.0,124.0059474703337,95.37017661288988,28.635770857443816,81.49182520683632,34.02651055273141,1928.99287109375,1735.2435424804687,1537.9644482421875,1584.7501110839844,EIMCOELECO.NS,2025-02-13 10:48:46.700928
205,2024-04-22 00:00:00+05:30,2020.599853515625,2020.599853515625,2020.599853515625,2020.599853515625,15222,0.0,0.0,2024-04-22,1702.1330688476562,164.07178969115571,1866.204858538812,1538.0612791565004,2030.2766482299676,1373.9894894653448,200.1825794790119,194.26472280496318,2108648,87018.9191131231,80827.69104918207,977.0195708854803,91.01855524863234,2020.599853515625,2020.599853515625,2020.599853515625,2020.599853515625,2020.599853515625,2020.599853515625,2020.599853515625,,-0.0,107.84761569898546,88.2112338985289,19.63638180045656,78.34045302566727,32.75028038546437,1849.3980224609375,1702.1330688476562,1525.5942236328126,1578.0631665039064,EIMCOELECO.NS,2025-02-13 10:48:46.700928
206,2024-04-19 00:00:00+05:30,1924.4234619140625,1924.4234619140625,1920.532488618679,1924.4234619140625,26480,0.0,0.0,2024-04-19,1675.4850524902345,152.49772087858207,1827.9827733688167,1522.9873316116523,1980.4804942473986,1370.4896107330703,201.786036702475,175.44601799262108,2093426,144171.78433734877,79279.88403319681,974.0291871236022,90.76920572817144,1923.1264708156014,1925.7204530125236,1921.8294797171402,1927.0174441109848,1919.235497520218,1929.611426307907,1917.9385064217568,0.4082970650040262,-0.0,95.474436174439,83.30213844841475,12.172297726024254,74.50177411230945,32.01290831903237,1802.227734375,1675.4850524902345,1515.8738330078124,1572.4527160644532,EIMCOELECO.NS,2025-02-13 10:48:46.700928
207,2024-04-18 00:00:00+05:30,1751.924789990959,1832.7867431640625,1707.0791557273535,1832.7867431640625,14432,0.0,0.0,2024-04-18,1653.2043823242188,146.6534940217315,1799.8578763459504,1506.5508883024872,1946.5113703676818,1359.8973942807559,25.968925549515703,132.2944107382592,2066946,74834.19733061099,63056.90895715881,969.2679323817374,89.85781978663789,1790.8842140184927,1874.6892723096319,1748.9816848729229,1916.5918014552017,1665.1766265817837,2000.3968597463409,1623.2740974362139,0.35716250750566225,-18.692198427254954,87.65835192309851,80.25906401690868,7.3992879061898265,69.76014284593019,31.99093138095023,1778.4330810546876,1653.2043823242188,1507.2020068359375,1568.4495288085936,EIMCOELECO.NS,2025-02-13 10:48:46.700928
208,2024-04-16 00:00:00+05:30,1696.0546854913753,1784.7982039968385,1647.2681469454262,1745.53955078125,16028,0.0,0.0,2024-04-16,1632.8666870117188,148.62923644063625,1781.495923452355,1484.2374505710825,1930.1251598929912,1335.6082141304464,-41.49920124302544,111.43782461430082,2052514,79153.60094683827,60112.58686379576,966.9037260946402,89.45350660232901,1725.8686339078383,1804.4691208702504,1666.9390638188381,1863.3986909592506,1588.338576856426,1941.9991779216627,1529.4090067674258,0.3158736810928944,-38.65115195416071,85.34806708542601,78.40924204036122,6.938825045064789,63.81041519880159,32.91530142544566,1770.2919921875,1632.8666870117188,1499.7104296875,1565.4335437011719,EIMCOELECO.NS,2025-02-13 10:48:46.700928
209,2024-04-15 00:00:00+05:30,1697.102260433258,1745.938608804734,1695.505876275598,1723.6405029296875,8110,0.0,0.0,2024-04-15,1616.9013305664062,152.97523737411194,1769.876567940518,1463.9260931922943,1922.85180531463,1310.9508558181824,-19.693178651980766,118.01896486425933,2036486,39548.425195857824,55352.33334303513,964.528946495165,89.20351845157221,1721.6949960033398,1747.8841157310817,1697.4513832019456,1772.1277285324759,1671.2622634742038,1798.3168482602177,1647.0186506728096,0.3146581868977412,-43.660849875843354,89.68957639784344,76.67453577909502,13.015040618748415,62.071086139306125,34.508631818380266,1785.5964111328126,1616.9013305664062,1493.4041015625,1563.283544921875,EIMCOELECO.NS,2025-02-13 10:48:46.700928
210,2024-04-12 00:00:00+05:30,1787.8411943661094,1825.7530054073552,1760.9038549420666,1784.7484130859375,1614,0.0,0.0,2024-04-12,1600.3897399902344,158.56761767353112,1758.9573576637654,1441.8221223167034,1917.5249753372966,1283.2545046431721,47.140956783401435,165.09482412298658,2044596,8149.710554349003,59303.31037982945,963.355652670098,93.17258106950496,1790.468424478453,1820.0329940148395,1755.1838435495508,1855.3175749437416,1725.6192740131644,1884.882144480128,1690.3346930842622,0.2944395963037117,-29.681604176067754,96.04581536051865,73.42077562440792,22.625039736110722,70.9004782133391,35.36412662030684,1810.747900390625,1600.3897399902344,1487.2314624023438,1561.5710290527343,EIMCOELECO.NS,2025-02-13 10:48:46.700928
211,2024-04-10 00:00:00+05:30,1715.0105511407248,1838.722772398113,1715.0105511407248,1805.4501953125,5304,0.0,0.0,2024-04-10,1581.9950317382813,157.38988610960894,1739.3849178478904,1424.6051456286723,1896.7748039574992,1267.2152595190635,52.97841693315678,181.0742991539539,2046210,27092.599542432887,72091.71033619955,963.1029159543077,91.45580808343743,1786.3945062837793,1857.7784614268337,1734.0662401694456,1910.1067275411674,1662.6822850263911,1981.4906826842218,1610.3540189120574,0.251561613364417,-23.307391437812885,96.71028446612331,67.76451569038024,28.945768775743076,74.2212825742588,34.92335243590501,1810.199169921875,1581.9950317382813,1480.271650390625,1559.0394177246094,EIMCOELECO.NS,2025-02-13 10:48:46.700928
212,2024-04-09 00:00:00+05:30,1822.0616081023102,1855.683349099687,1730.9734466064283,1792.081298828125,7840,0.0,0.0,2024-04-09,1564.1066467285157,150.85156694452962,1714.9582136730453,1413.255079783986,1865.809780617575,1262.4035128394564,67.34356260607714,206.52932481153485,2040906,39749.84323258097,83341.48803464122,962.2503107281352,94.16513194315313,1792.91269817808,1854.8519497497318,1730.1420472564732,1917.6226006713387,1668.2027956848215,1979.5618522429904,1605.4321447632146,0.21743181214437787,-26.164838276280204,94.05688704922659,60.52807349644446,33.528813552782125,73.47619674708456,34.44867254501074,1802.6068359375,1564.1066467285157,1472.0727221679688,1555.2307775878905,EIMCOELECO.NS,2025-02-13 10:48:46.700928
213,2024-04-08 00:00:00+05:30,1895.5905568125231,1914.4965297038204,1803.7541340163518,1822.0616455078125,8809,0.0,0.0,2024-04-08,1546.053643798828,143.56160879364387,1689.615252592472,1402.492035005184,1833.176861386116,1258.9304262115402,113.87075389523945,269.1184498697565,2048746,45409.981608212525,94239.39923515628,961.0069153283081,98.19096612722694,1846.7707697426615,1889.7874054689712,1779.0450097815026,1957.5131654301301,1736.028374055193,2000.5298011564398,1668.302614094034,0.26106316618565495,-17.582296549696878,90.55126369121831,52.14587010824893,38.40539358296938,78.18123387232004,33.599462489669975,1765.5530517578125,1546.053643798828,1465.4511254882811,1551.4829956054687,EIMCOELECO.NS,2025-02-13 10:48:46.700928
214,2024-04-05 00:00:00+05:30,1815.7762077138009,1895.5905465144076,1745.9386612632702,1849.39794921875,22294,0.0,0.0,2024-04-05,1523.1045227050781,133.44716145689657,1656.5516841619747,1389.6573612481816,1789.9988456188712,1256.210199791285,149.2243849188037,294.7576614304805,2057555,116648.73091244217,106446.75364189221,959.554828147122,98.16784556707451,1830.3090523321425,1914.6794434010149,1765.0275581498774,1979.96093758328,1680.6571670810051,2064.3313286521525,1615.37567289874,0.29395846035621437,-8.990301535331417,81.73840473878067,42.54452171250658,39.193883026274094,82.66366080450332,30.985183834930705,1716.3674560546874,1523.1045227050781,1459.76634765625,1547.9616857910157,EIMCOELECO.NS,2025-02-13 10:48:46.700928
215,2024-04-04 00:00:00+05:30,1843.7111960580478,1843.7111960580478,1678.0465130870523,1782.0047607421875,29695,0.0,0.0,2024-04-04,1499.2874267578125,113.10377671224829,1612.3912034700606,1386.1836500455643,1725.494980182309,1273.0798733333158,172.45108001926877,283.74645302960306,2035261,149711.04413300287,103896.2593242547,955.7407086104706,97.96302892595801,1767.9208232957626,1857.795133504473,1692.1304505334774,1933.585506266758,1602.256140324767,2023.4598164754684,1526.465767562482,0.2734573185488252,-12.056526470467265,66.52460230937322,32.74605095593805,33.77855135343517,80.04503160915021,28.264628540117307,1651.4085693359375,1499.2874267578125,1455.223916015625,1544.2717687988281,EIMCOELECO.NS,2025-02-13 10:48:46.700928
216,2024-04-03 00:00:00+05:30,1626.217168711496,1767.488525390625,1626.217168711496,1767.488525390625,58634,0.0,0.0,2024-04-03,1479.8576232910157,93.69258023595755,1573.5502035269733,1386.165043055058,1667.2427837629307,1292.4724628191007,224.15822105133273,271.5542770212594,2005566,293202.57184009225,92442.56312206766,950.9963049951409,90.50631101614029,1720.3980731642487,1814.5789776170013,1673.3076209378723,1861.6694298433777,1579.1267164851197,1955.8503342961303,1532.0362642587434,0.16652037098751035,-0.0,52.67558439275763,24.30141311757926,28.37417127517837,79.42318799867031,25.612509420470307,1598.790966796875,1479.8576232910157,1451.7499975585938,1540.2601013183594,EIMCOELECO.NS,2025-02-13 10:48:46.700928
217,2024-04-02 00:00:00+05:30,1591.298416750634,1627.2148700440653,1576.333227878371,1606.8123779296875,9267,0.0,0.0,2024-04-02,1457.085595703125,73.2137929558492,1530.299388658974,1383.8718027472758,1603.5131816148232,1310.6580097914266,189.65627986730394,179.26134132362296,1946932,42127.5285276641,42252.560942561504,941.6329155755909,77.35870875653808,1603.4534919507078,1630.5737560230446,1579.6921138573503,1654.335134116402,1552.5718497850135,1681.4553981887389,1528.810471691656,-0.061144454675527954,-6.908767062125498,35.576159111521065,17.207870298784666,18.3682888127364,69.73044519436888,23.247849273406597,1545.8940185546876,1457.085595703125,1449.1759838867188,1536.2858459472657,EIMCOELECO.NS,2025-02-13 10:48:46.700928
218,2024-04-01 00:00:00+05:30,1551.291430269228,1592.2460888277876,1535.6277935769701,1576.1336669921875,10578,0.0,0.0,2024-04-01,1441.6041015625,72.62096592481495,1514.225067487315,1368.983135637685,1586.84603341213,1296.3621697128701,156.97897517548196,155.3341033101144,1937665,47169.17259784604,42283.819046285855,940.4251090643578,78.76897868014828,1568.0025164656483,1600.3772393543265,1543.758944103509,1624.6208117164658,1511.3842212148309,1656.995534605144,1487.1406488526916,-0.08307481999145591,-6.188890068313669,28.968846431522252,12.615798095600564,16.353048335921688,66.9720321266735,22.09298850045436,1525.371728515625,1441.6041015625,1449.2318505859375,1534.5857995605468,EIMCOELECO.NS,2025-02-13 10:48:46.700928
219,2024-03-28 00:00:00+05:30,1516.7218254749632,1576.3331585268486,1477.3634291873102,1524.603515625,12765,0.0,0.0,2024-03-28,1429.6518981933593,68.88979107831857,1498.5416892716778,1360.7621071150409,1567.4314803499965,1291.8723160367222,84.46645643970923,117.93622964357115,1927087,55060.4029968246,41062.480658395805,939.1047803733936,78.97426861800021,1526.1000344463864,1574.8366397054626,1475.8669103659242,1625.0697637859248,1427.130305106848,1673.806369045001,1376.8971810263859,-0.08445596080519442,-21.163259579493186,23.091950267920993,8.52753601162014,14.564414256300852,61.50021350723998,21.353347958392874,1510.017431640625,1429.6518981933593,1450.8520825195312,1533.2374365234375,EIMCOELECO.NS,2025-02-13 10:48:46.700928
220,2024-03-27 00:00:00+05:30,1541.364531505864,1541.364531505864,1497.51657653078,1518.916748046875,9494,0.0,0.0,2024-03-27,1420.0292846679688,68.36778899055666,1488.3970736585254,1351.6614956774122,1556.764862649082,1283.2937066868556,86.1862779765483,118.36711696525082,1914322,40798.56123271324,37563.00007378861,937.633629954937,74.09554457306278,1519.2659520278396,1541.0153275248992,1497.1673725498151,1563.1139070029237,1475.4179970527555,1584.8632824999834,1453.319417574731,-0.08584203556013334,-11.788235391993629,20.292803416322613,4.8864324475449274,15.406370968777686,60.8349153048042,20.803472553972725,1496.977783203125,1420.0292846679688,1453.6994580078126,1532.4382958984374,EIMCOELECO.NS,2025-02-13 10:48:46.700928
221,2024-03-26 00:00:00+05:30,1540.9155955297229,1540.9155955297229,1485.9933043196675,1503.0037841796875,7731,0.0,0.0,2024-03-26,1410.6685607910156,66.91683953142346,1477.585400322439,1343.7517212595922,1544.5022398538624,1276.8348817281687,89.35055150099733,114.90963652171742,1904828,32874.3668362786,36754.109784057444,936.5453024642275,70.40926697362073,1509.9708946763592,1533.948485033051,1479.0261938229955,1564.8931858864146,1455.0486034663038,1588.8707762431063,1424.1039026129401,-0.1043882954761749,-19.294109320345108,16.961640944828787,1.0348397053505054,15.926801239478282,58.99513198438813,20.794089375278123,1490.7223388671875,1410.6685607910156,1456.6575756835937,1532.0082958984376,EIMCOELECO.NS,2025-02-13 10:48:46.700928
222,2024-03-22 00:00:00+05:30,1543.9086098395624,1543.9086098395624,1478.6603637803773,1504.200927734375,12877,0.0,0.0,2024-03-22,1404.9343994140625,63.40987492494349,1468.344274339006,1341.524524489119,1531.7541492639493,1278.1146495641756,114.34995079224731,122.11020144442875,1912559,54800.206828349146,37724.045521002154,935.6803563470244,78.26758034562181,1508.9233004514383,1539.1862371224993,1473.9379910633143,1574.1715465106233,1443.6750543922533,1604.4344831816843,1408.6897450041292,-0.08485237291807794,-18.729437102735712,14.006934813778344,-2.946860604519065,16.95379541829741,59.189865787399974,20.791677907401994,1485.88359375,1404.9343994140625,1459.7763208007811,1530.511278076172,EIMCOELECO.NS,2025-02-13 10:48:46.700928
223,2024-03-21 00:00:00+05:30,1514.1776945898062,1521.3610580038428,1479.508341898342,1499.3621826171875,7560,0.0,0.0,2024-03-21,1397.7536071777345,59.59387782051849,1457.3474849982529,1338.159729357216,1516.9413628187715,1278.5658515366974,122.23728269922464,110.19634376913284,1899682,32069.33821994339,33455.0051941654,934.2307431636794,78.34796749086503,1500.0771941731243,1520.6460464479067,1478.7933303424059,1541.9299102786251,1458.2244780676235,1562.4987625534075,1436.940614236905,-0.08892660908118326,-17.405173642118815,9.893888813884132,-7.185309459093417,17.07919827297755,58.67903739151523,20.789080941996932,1470.2499755859376,1397.7536071777345,1463.0467138671875,1529.4407690429687,EIMCOELECO.NS,2025-02-13 10:48:46.700928
224,2024-03-20 00:00:00+05:30,1491.4805642870988,1499.362254815756,1446.6349301667376,1459.4052734375,4222,0.0,0.0,2024-03-20,1393.2914916992188,54.72783744556235,1448.019329144781,1338.5636542536565,1502.7471665903436,1283.835816808094,77.33360192805853,60.65521950417415,1892122,17432.34409848417,33801.4219377209,933.3834901399136,72.99860923135066,1468.4674861399978,1490.300042113258,1437.5727174642398,1521.1948107890162,1415.7401614909795,1543.0273667622764,1384.8453928152214,-0.09248229611253843,-31.445700268847265,4.954579229896126,-11.455109027337803,16.40968825723393,54.29285667506953,21.139209359589966,1455.6240234375,1393.2914916992188,1465.2136743164062,1528.427626953125,EIMCOELECO.NS,2025-02-13 10:48:46.700928
225,2024-03-19 00:00:00+05:30,1501.6569687428366,1543.0606582036846,1466.5885182517266,1487.6395263671875,5779,0.0,0.0,2024-03-19,1390.872119140625,52.68262023713673,1443.5547393777617,1338.1894989034884,1496.2373596148984,1285.5068786663517,160.6396109284545,87.74865323072788,1896344,24322.715120522782,37893.691397530085,932.9427043441518,70.85185294739532,1499.0962342741996,1531.6039502966726,1455.1318103447145,1575.5683742261576,1422.6240943222415,1608.0760902486306,1378.6596703927564,-0.08901337739336686,-19.971247431871262,2.4908469661247636,-15.557531091646286,18.04837805777105,58.356404064676205,21.873282527666994,1442.42470703125,1390.872119140625,1468.5489135742187,1528.1078698730469,EIMCOELECO.NS,2025-02-13 10:48:46.700928
226,2024-03-18 00:00:00+05:30,1388.7695068729972,1490.5327897042082,1388.7695068729972,1478.81005859375,6618,0.0,0.0,2024-03-18,1385.6717163085937,47.50696521576997,1433.1786815243636,1338.1647510928237,1480.6856467401335,1290.6577858770538,111.79999579243594,24.774082271389183,1890565,27688.587955613686,41286.43546678191,932.3057439620242,67.05102773224252,1452.7041183903184,1516.6387299076396,1414.8754470764286,1554.4674012215294,1350.9408355591074,1618.4020127388505,1313.1121642452176,-0.0709450609357493,-11.490697912869589,-3.4818631444477433,-20.069625606089048,16.587762461641304,57.431022166342146,22.24360461854896,1428.2676513671875,1385.6717163085937,1471.7664282226563,1528.257022705078,EIMCOELECO.NS,2025-02-13 10:48:46.700928
227,2024-03-15 00:00:00+05:30,1426.6813527954644,1454.6163722907602,1381.7857857494532,1426.0328369140625,8406,0.0,0.0,2024-03-15,1380.2568115234376,42.20873355601824,1422.4655450794558,1338.0480779674194,1464.6742786354741,1295.839344411401,54.822676766629364,-15.874964393134215,1883947,33914.12069459442,44685.89734457397,931.586136122141,63.65450428371541,1420.8116649847586,1459.837544220064,1387.006957678757,1493.6422515260656,1347.9810784434517,1532.668130761371,1314.1763711374501,-0.12216675581125686,-33.39544474053937,-10.206417700077964,-24.216566221499374,14.01014852142141,51.44197412006089,23.509630858776326,1422.042138671875,1380.2568115234376,1473.591181640625,1529.2851318359376,EIMCOELECO.NS,2025-02-13 10:48:46.700928
228,2024-03-14 00:00:00+05:30,1331.9017999852103,1447.6325930925395,1331.9017999852103,1426.232421875,4836,0.0,0.0,2024-03-14,1378.899969482422,41.080870739793994,1419.9808402222159,1337.819098742628,1461.06171096201,1296.738228002834,28.208587814580486,-38.25394027358935,1892353,19513.638119979012,47378.84150706886,930.757790920254,63.553913502236874,1401.9222716509166,1471.942743316623,1356.2119502092937,1517.6530647582458,1286.1914785435874,1587.673536423952,1240.4811571019645,-0.13654268350028734,-33.31260866276173,-13.46348590208845,-27.719103351854727,14.255617449766277,51.467452580078486,25.078551585568036,1423.0398193359374,1378.899969482422,1477.2885815429688,1531.280489501953,EIMCOELECO.NS,2025-02-13 10:48:46.700928
229,2024-03-13 00:00:00+05:30,1408.9225300317544,1427.629015197806,1368.5664547483311,1393.40869140625,14013,0.0,0.0,2024-03-13,1378.4460205078126,40.57738975033929,1419.023410258152,1337.8686307574733,1459.6008000084912,1297.291241007134,28.280453834673725,-45.99419425676651,1887517,55242.2408293607,54345.142353841315,930.2797897238529,61.45061387631893,1396.5347204507955,1424.5029861532598,1365.440425703785,1455.5972809002703,1337.4721600013206,1483.5655466027347,1306.37786525431,-0.14982454891771438,-46.93582494764551,-17.449184075026324,-31.283007714296293,13.83382363926997,47.505658113145664,26.630540662780287,1410.4091796875,1378.4460205078126,1480.3005737304688,1532.2661950683594,EIMCOELECO.NS,2025-02-13 10:48:46.700928
230,2024-03-12 00:00:00+05:30,1485.295022017181,1506.4957066303566,1403.7846738898038,1416.854248046875,11515,0.0,0.0,2024-03-12,1378.236505126953,40.50682267185941,1418.7433277988125,1337.7296824550936,1459.2501504706718,1297.2228597832343,103.22675027463397,-9.00259419568255,1901530,46158.40236930596,54120.867734961466,928.9815047665843,65.48789628652992,1442.378209522345,1480.9717451548863,1378.2607124143335,1545.0892422628979,1339.6671767817923,1583.6827778954391,1275.5496796737807,-0.1477325585386138,-37.204941697223454,-19.055063824895342,-34.741463624113784,15.686399799218442,50.225891023377095,28.3802787410689,1406.3386474609374,1378.236505126953,1484.3571362304688,1532.1943615722657,EIMCOELECO.NS,2025-02-13 10:48:46.700928
231,2024-03-11 00:00:00+05:30,1480.555977024316,1502.554852756229,1409.7706843847589,1447.6824951171875,18779,0.0,0.0,2024-03-11,1378.21904296875,40.489370199060936,1418.708413167811,1337.7296727696892,1459.1977833668718,1297.2403025706283,155.88663247873436,-4.148229428826642,1913045,76914.36072617414,56111.484076375345,927.8550620858394,70.95485858766531,1453.336010752725,1496.9013371206913,1404.1171687492213,1546.1201791241951,1360.551842381255,1589.6855054921614,1311.3330003777512,-0.1334714504922112,-23.153010529994187,-23.131395540093763,-38.66306357391839,15.53166803382463,54.000804258107706,29.54690539512807,1401.6495361328125,1378.21904296875,1488.2889868164064,1532.1559509277345,EIMCOELECO.NS,2025-02-13 10:48:46.700928
232,2024-03-07 00:00:00+05:30,1362.3809793546827,1431.2208491610986,1361.8322070399681,1431.021240234375,13164,0.0,0.0,2024-03-07,1380.1545349121093,44.691786603670295,1424.8463215157797,1335.462748308439,1469.5381081194498,1290.7709617047688,110.98070031333656,-41.216399066728044,1894266,53296.12123508243,50910.76491392565,925.890306032996,63.41283573638691,1408.0247654784805,1454.2173239169929,1384.8286817958624,1477.413407599611,1338.63612335735,1523.6059660381234,1315.440039674732,-0.13772002874662437,-11.617380143518892,-31.035974939354446,-42.545980582374554,11.510005643020108,52.19802758531368,30.678049356018516,1374.5226318359375,1380.1545349121093,1492.0811645507813,1530.1112060546875,EIMCOELECO.NS,2025-02-13 10:48:46.700928
233,2024-03-06 00:00:00+05:30,1370.8112375271614,1370.8112375271614,1343.8738987984618,1363.0792236328125,4753,0.0,0.0,2024-03-06,1385.7465209960938,56.759100136065435,1442.5056211321591,1328.9874208600284,1499.2647212682245,1272.228320723963,12.59297696745421,-78.09298560022185,1881102,18329.497636271622,50314.425833636444,924.5484033835498,56.84063055124837,1359.2547866528118,1374.6356745071619,1347.6983357784623,1386.1921253815115,1332.3174479241122,1401.5730132358615,1320.7609970497626,-0.20576992501172506,-47.90835733174925,-39.04510869026171,-45.42348199312958,6.378373302867864,43.86751280135727,32.940097001335026,1347.7548828125,1385.7465209960938,1496.5377954101561,1527.9547216796875,EIMCOELECO.NS,2025-02-13 10:48:46.700928
234,2024-03-05 00:00:00+05:30,1392.7601949222299,1406.727704040361,1370.8112520223092,1373.0560302734375,2753,0.0,0.0,2024-03-05,1393.15927734375,62.98280089157169,1456.1420782353218,1330.1764764521783,1519.1248791268936,1267.1936755606066,47.145450794287136,-64.45707160731041,1885855,10694.39254071317,58310.65788297765,924.127372580623,55.380255292742845,1383.5316621120357,1396.2520722017623,1360.3356201837105,1419.4481141300876,1347.615210093984,1432.1685242198141,1324.4191681656587,-0.22805661715089642,-42.57928291923055,-42.01637513497781,-47.01807531884654,5.001700183868735,44.935676015664924,34.0143969330793,1342.5569580078125,1393.15927734375,1503.0656127929688,1525.948388671875,EIMCOELECO.NS,2025-02-13 10:48:46.700928
235,2024-03-04 00:00:00+05:30,1374.8019498036815,1439.601165704079,1367.668519102958,1393.40869140625,54283,0.0,0.0,2024-03-04,1399.6616516113281,67.35913508983447,1467.0207867011627,1332.3025165214935,1534.379921790997,1264.9433814316592,65.38681477071351,-56.040532385525445,1888608,213995.1872504237,70214.72421854376,923.8775848779112,56.92131309409755,1400.226125404429,1432.7837317059,1360.851085104779,1472.15877200555,1328.293478803308,1504.716378307021,1288.918438503658,-0.220893650252369,-31.707984158373716,-46.16644911388107,-48.26850036481372,2.1020512509326466,47.1075483723428,35.6576622285776,1334.3760009765624,1399.6616516113281,1508.98484375,1523.104503173828,EIMCOELECO.NS,2025-02-13 10:48:46.700928
236,2024-03-01 00:00:00+05:30,1299.976078915103,1338.137310702135,1291.9946448158544,1312.0479736328125,15471,0.0,0.0,2024-03-01,1406.720233154297,73.76180912868058,1480.4820422829775,1332.9584240256163,1554.2438514116582,1259.1966148969357,-87.03091246139331,-116.57896027802614,1834325,57428.80120178284,34269.60846057377,918.6691558028797,27.07888067845832,1314.0599763836005,1336.1253079513467,1289.982642065066,1360.2026422698812,1267.91731049732,1382.2679738376273,1243.8399761787855,-0.16854408463488157,-75.1665110085462,-52.78473849974034,-48.79401317754688,-3.9907253221934624,35.541498323275064,37.427332546806554,1322.034716796875,1406.720233154297,1514.6586450195311,1519.0035424804687,EIMCOELECO.NS,2025-02-13 10:48:46.700928
237,2024-02-29 00:00:00+05:30,1336.8901774610613,1336.8901774610613,1277.029423246387,1297.1824951171875,10450,0.0,0.0,2024-02-29,1415.659442138672,72.50737693089047,1488.1668190695623,1343.1520652077816,1560.6741960004529,1270.644688276891,-132.21618917970875,-130.71416272196583,1818854,38351.20548679924,28479.810275271495,917.4215335582026,13.55121937700973,1303.700698608212,1330.3719739700368,1270.5112197553626,1363.5614528228862,1243.8399443935377,1390.232728184711,1210.6504655406884,-0.14565776301672437,-87.54420101728135,-52.44558772819505,-47.79633184699851,-4.649255881196538,33.05715935143809,36.39174198784609,1337.2892333984375,1415.659442138672,1523.6666918945311,1515.2482775878907,EIMCOELECO.NS,2025-02-13 10:48:46.700928
238,2024-02-28 00:00:00+05:30,1366.8204881391773,1366.8204881391773,1265.5560505142676,1337.089599609375,10306,0.0,0.0,2024-02-28,1423.710711669922,67.42098639960527,1491.1316980695271,1356.2897252703167,1558.5526844691324,1288.8687388707115,-144.02182240699557,-125.38958646482675,1829304,38986.324972807255,26011.961472389557,916.6062442886875,14.090338434788023,1323.15537942094,1380.7547083276127,1279.490270702703,1424.4198170458499,1221.8909417960303,1482.0191459525224,1178.2258330777931,-0.10013638736500158,-73.49355052555372,-49.75271745129612,-46.634017876699374,-3.1186995745967465,36.56984996687948,35.23134902261204,1349.9697509765624,1423.710711669922,1532.4831860351562,1511.1957049560547,EIMCOELECO.NS,2025-02-13 10:48:46.700928
239,2024-02-27 00:00:00+05:30,1332.899504569603,1371.8089960952127,1297.0329835319583,1332.1512451171875,7556,0.0,0.0,2024-02-27,1428.3673889160157,64.26577242510038,1492.633161341116,1364.1016164909154,1556.8989337662165,1299.8358440658149,-178.6807368894286,-125.75541613241411,1818998,28477.845793768785,22768.37059728513,915.7140805736777,15.139800586085869,1333.6644082481196,1370.2958329642809,1295.5198204010264,1408.440420811374,1258.8883956848651,1445.0718455275353,1220.743807837772,-0.14569602063535356,-86.86323178144521,-49.48144356265925,-45.85434298305019,-3.6271005796090634,35.78557655043703,33.981695060052296,1364.5758056640625,1428.3673889160157,1540.8716748046875,1506.5654766845703,EIMCOELECO.NS,2025-02-13 10:48:46.700928
240,2024-02-26 00:00:00+05:30,1401.7393029811017,1401.7393029811017,1318.9319277872003,1331.7022705078125,5981,0.0,0.0,2024-02-26,1432.51025390625,60.28412830365438,1492.7943822099044,1372.2261256025956,1553.0785105135587,1311.9419972989413,-199.0283310094724,-121.28984935950876,1811442,22534.223235008845,21341.001798164216,915.0652621807478,18.82177405174835,1350.7911670920382,1382.6504063968762,1299.8430312029748,1433.5985422859396,1267.9837918981368,1465.4577815907776,1217.0356560090734,-0.16875780031886278,-94.79672773368263,-47.89805884520956,-44.94756783814792,-2.9504910070616432,35.718347082704426,32.98104419059927,1380.34912109375,1432.51025390625,1549.2601611328125,1502.2340515136718,EIMCOELECO.NS,2025-02-13 10:48:46.700928
241,2024-02-23 00:00:00+05:30,1391.7625012083781,1406.7276893934143,1361.8321248383054,1388.320556640625,8116,0.0,0.0,2024-02-23,1437.7630310058594,55.4186484256935,1493.1816794315528,1382.344382580166,1548.6003278572464,1326.9257341544724,-73.34985730851118,-102.22522653440393,1817423,31878.174404940866,21042.696438953055,914.5508049223007,19.6819325965769,1385.6267902907814,1409.4214557432574,1364.5258911881485,1430.5223548458903,1340.7312257356725,1454.3170202983663,1319.6303266330397,-0.019397328832052235,-80.6918153660015,-45.10090123262398,-44.20994508638251,-0.8909561462414715,40.69635086308773,32.162471691337224,1390.7349609375,1437.7630310058594,1558.6004345703125,1497.7035900878907,EIMCOELECO.NS,2025-02-13 10:48:46.700928
242,2024-02-22 00:00:00+05:30,1435.261350832359,1435.261350832359,1356.843785804308,1360.5850830078125,3160,0.0,0.0,2024-02-22,1438.1221923828125,55.103735190211616,1493.2259275730241,1383.0184571926009,1548.3296627632358,1327.9147220023892,-79.53684422864458,-108.11226321956474,1809307,12163.944712741,18333.826947456102,913.7556434731886,16.926838315122154,1384.2300732148267,1411.6163606253454,1333.1987955972943,1462.6476382428777,1305.8125081867756,1490.0339256533964,1254.7812305692432,-0.14632417974240094,-93.2624619789387,-46.41238820788408,-43.98720604982214,-2.4251821580619364,36.681727230865356,31.84758975777508,1387.1732421875,1438.1221923828125,1566.5010571289063,1492.4682678222657,EIMCOELECO.NS,2025-02-13 10:48:46.700928
243,2024-02-21 00:00:00+05:30,1425.1848053296378,1440.6488336688813,1391.762550531918,1410.119873046875,2955,0.0,0.0,2024-02-21,1443.1430114746095,52.16335490169639,1495.306366376306,1390.979656572913,1547.4697212780022,1338.8163016712167,-23.80287293166422,-91.13513144459546,1812467,11788.951151109915,19876.297506134877,913.463457941796,22.02941736670961,1414.1770857492247,1436.5916209665315,1387.7053378295682,1463.063368886188,1365.2908026122614,1485.477904103495,1338.8190546926048,-0.1793977697033878,-70.81163424580679,-44.65674703497962,-43.38091051030665,-1.2758365246729682,41.31933398178921,31.508486137015847,1394.8354248046876,1443.1430114746095,1574.9623754882812,1487.1082360839844,EIMCOELECO.NS,2025-02-13 10:48:46.700928
244,2024-02-20 00:00:00+05:30,1424.6360466976862,1452.770674824789,1397.7486394291843,1411.017822265625,2477,0.0,0.0,2024-02-20,1449.5281555175782,55.61030809581673,1505.1384636133948,1393.9178474217615,1560.7487717092117,1338.3075393259446,-25.00995476149757,-91.10223635045442,1815422,9888.266339357737,21898.134094891113,913.1595731078319,28.701295703340477,1420.5123788398662,1443.276118250548,1388.2540828549434,1475.5344142354709,1365.4903434442615,1498.2981536461527,1333.2320474593387,-0.1921110959172797,-70.40465355188724,-46.610803233593515,-43.06195137913841,-3.5488518544551084,41.407665233377145,31.638357167739006,1396.242138671875,1449.5281555175782,1580.7349462890625,1481.3192022705077,EIMCOELECO.NS,2025-02-13 10:48:46.700928
245,2024-02-19 00:00:00+05:30,1371.8089947474161,1403.734731352447,1356.843805713808,1383.6314697265625,7643,0.0,0.0,2024-02-19,1460.091082763672,66.84034835320399,1526.931431116876,1393.2507344104679,1593.77177947008,1326.4103860572638,-83.88605013884515,-125.81759546349019,1812945,29918.921927459625,24900.601033774456,912.9040971673218,28.342128304960355,1381.403335597606,1405.962865481404,1359.071939842765,1428.294261236245,1334.512409958967,1452.8537911200428,1312.181014204126,-0.19569306446239534,-82.8170667792059,-48.49479740739912,-42.17473841552462,-6.320058991874497,37.64037198885883,31.866397484677208,1391.8822509765625,1460.091082763672,1585.6764477539064,1475.6279400634767,EIMCOELECO.NS,2025-02-13 10:48:46.700928
246,2024-02-16 00:00:00+05:30,1416.7045617527224,1441.596610795471,1364.8751724512954,1370.511962890625,6869,0.0,0.0,2024-02-16,1471.324951171875,71.99541129836999,1543.320362470245,1399.329539873505,1615.315773768615,1327.334128575135,-87.0746296652508,-125.79208805308846,1805302,26634.09821167549,23646.020810353162,912.1575800014157,36.564420350426744,1392.3279153791307,1419.780658306966,1343.0592199627904,1469.0493537233062,1315.606477034955,1496.5020966511415,1266.3377816186148,-0.21619111046832315,-88.76326717058751,-47.47497041914539,-40.594723667555996,-6.880246751589397,35.804465479771,30.707715121279655,1398.4569580078125,1471.324951171875,1591.7094116210938,1470.542769165039,EIMCOELECO.NS,2025-02-13 10:48:46.700928
247,2024-02-15 00:00:00+05:30,1435.5607088287004,1435.5607088287004,1371.808979879097,1398.89599609375,8284,0.0,0.0,2024-02-15,1484.7387451171876,77.03909106234956,1561.7778361795372,1407.699654054838,1638.8169272418868,1330.6605629924884,-98.49630559385918,-126.34176907296165,1812171,32785.90431635783,22899.001460022577,911.5033645104874,53.70733760212755,1402.088561600516,1432.368143321935,1368.6164143723315,1465.8402905501193,1338.3368326509126,1496.1198722715383,1304.8646854227281,-0.15542610179412744,-70.55481631884065,-44.157892459142886,-38.87466197965865,-5.283230479484239,38.054818063513714,29.549931279667295,1421.6330322265626,1484.7387451171876,1598.7699877929688,1465.5877954101563,EIMCOELECO.NS,2025-02-13 10:48:46.700928
248,2024-02-14 00:00:00+05:30,1402.7370259306933,1436.6081877637857,1363.8275351687466,1417.1534423828125,1525,0.0,0.0,2024-02-14,1495.2742309570312,79.06302027528332,1574.3372512323147,1416.2112106817478,1653.4002715075978,1337.1481904064647,-113.07918152966519,-131.93468131616027,1820455,6114.322888561223,20427.27574593876,910.6629507021313,47.46746989356198,1405.8630551051149,1447.8985750414831,1375.117922446444,1478.643707700154,1333.0824025100758,1520.6792276365222,1302.337269851405,-0.15929250694472522,-62.86254572184429,-42.037365727944916,-37.553854359787586,-4.48351136815733,39.53955264473015,28.378179365802065,1450.426025390625,1495.2742309570312,1606.26255859375,1459.9923107910156,EIMCOELECO.NS,2025-02-13 10:48:46.700928
249,2024-02-13 00:00:00+05:30,1444.6395132791852,1444.6395132791852,1345.7195940725894,1389.2183837890625,10460,0.0,0.0,2024-02-13,1507.2738220214844,84.60055749361459,1591.874379515099,1422.6732645278698,1676.4749370087136,1338.0727070342552,-146.3597804374498,-151.41368890560355,1818930,41111.55047700227,24005.513960283148,910.5021258542921,42.62560718182752,1393.1924970469456,1440.6654000213018,1341.745480814706,1492.1124162535414,1294.2725778403499,1539.5853192278976,1242.8255616081103,-0.14127233587441743,-76.49007832562053,-40.48360097589557,-36.43297651774825,-4.050624458147318,35.99126029052469,27.116292689331818,1469.26220703125,1507.2738220214844,1613.3191430664062,1454.277105102539,EIMCOELECO.NS,2025-02-13 10:48:46.700928
250,2024-02-12 00:00:00+05:30,1476.565245195556,1519.4654516438052,1412.06525928282,1416.5050048828125,5234,0.0,0.0,2024-02-12,1521.1615173339844,86.96550580710684,1608.1270231410913,1434.1960115268776,1695.0925289481982,1347.2305057197707,-60.5238641067772,-117.22899650367977,1829390,20975.555992397265,19729.004831103368,909.4572402055768,45.954275561600795,1449.3452386031458,1486.6252179234716,1379.2250255624865,1556.745430964131,1341.9450462421607,1594.0254102844567,1271.8248332015014,-0.1295690457794713,-69.32491188335928,-35.12974334887372,-35.42032040321142,0.2905770543377031,38.014708801640715,25.757337806979244,1492.0392333984375,1521.1615173339844,1619.5875634765625,1449.265263671875,EIMCOELECO.NS,2025-02-13 10:48:46.700928
251,2024-02-09 00:00:00+05:30,1535.4282910950735,1535.4282910950735,1466.5884261921756,1486.392333984375,5915,0.0,0.0,2024-02-09,1533.6773986816406,89.09728974753538,1622.774688429176,1444.5801089341053,1711.8719781767113,1355.48281918657,33.38270937581725,-86.42568902625636,1834624,24874.242013944608,19417.36704077989,908.9028493238073,50.89518062758258,1496.1363504238745,1525.6842746555735,1456.8444097526756,1564.9762153267725,1427.2964855209766,1594.5241395584715,1388.0045448497776,-0.0948842429631082,-55.92345481632485,-30.430233110648942,-35.49296466679584,5.0627315561469,43.88154300174716,24.973145238175718,1515.654296875,1533.6773986816406,1626.6850537109376,1443.7461016845702,EIMCOELECO.NS,2025-02-13 10:48:46.700928
252,2024-02-08 00:00:00+05:30,1516.4723955872344,1564.360997553147,1437.0571550178317,1542.8609619140625,3511,0.0,0.0,2024-02-08,1542.304833984375,92.56424894475016,1634.8690829291252,1449.7405850396246,1727.4333318738752,1357.1763360948746,71.32814232708024,-76.57759744607786,1840539,15325.662935112268,18053.148297488708,908.1884035420212,53.08074849555208,1514.7597048283471,1592.4622546388625,1465.1584121035473,1642.0635473636623,1387.455862293032,1719.7660971741777,1337.8545695682321,-0.08401935886251685,-40.10898840903344,-30.83521479124761,-36.75864755583257,5.923432764584959,49.62795246142037,24.813490298723668,1516.5422607421874,1542.304833984375,1631.9268627929687,1437.917660522461,EIMCOELECO.NS,2025-02-13 10:48:46.700928
253,2024-02-07 00:00:00+05:30,1503.5025930221566,1556.3795919804675,1503.5025930221566,1511.3343505859375,1791,0.0,0.0,2024-02-07,1548.5478149414062,96.72096805862164,1645.2687830000277,1451.8268468827846,1741.9897510586495,1355.1058788241628,89.4544076039933,-73.64588837273536,1837028,7658.042794906571,18735.019638082817,907.721991196671,52.79017466299273,1523.7388451961872,1543.9750973702178,1491.098098411907,1576.615844154498,1470.8618462378763,1596.8520963285287,1438.221099453596,-0.07128773026280558,-48.93825439377054,-36.447818105827764,-38.23950574697881,1.791687641151043,45.958841659090254,24.641554210083,1499.6116455078125,1548.5478149414062,1632.860693359375,1431.9999267578125,EIMCOELECO.NS,2025-02-13 10:48:46.700928
254,2024-02-06 00:00:00+05:30,1565.3087917573769,1566.3564036720916,1479.5583099654216,1503.103515625,2321,0.0,0.0,2024-02-06,1553.3666076660156,97.16911432425422,1650.5357219902698,1456.1974933417614,1747.704836314524,1359.0283790175072,66.53672820283693,-83.51949474051207,1835237,9870.193815539573,21504.263848876875,907.4956278884315,48.65147774378043,1516.3394097541711,1553.1205095429207,1466.3224158362507,1603.1375034608411,1429.5413160475011,1639.9186032495907,1379.5243221295807,-0.05391980900059182,-51.243361986534865,-39.976517929212605,-38.68742765726657,-1.289090271946037,44.98760980375619,25.416278257205672,1483.389404296875,1553.3666076660156,1631.5357739257813,1425.958978881836,EIMCOELECO.NS,2025-02-13 10:48:46.700928
255,2024-02-05 00:00:00+05:30,1490.5327601826116,1565.358701958847,1466.6882023791816,1534.580322265625,5214,0.0,0.0,2024-02-05,1559.519793701172,97.71365738110555,1657.2334510822775,1461.8061363200663,1754.947108463383,1364.0924789389608,45.136827384308965,-83.62662042373121,1837558,22637.178821228525,24412.7813572112,907.2060275813533,47.68961453847604,1522.2090755345514,1577.7299486899212,1479.0594491102559,1620.8795751142168,1423.538575954886,1676.4004482695866,1380.3889495305905,-0.06772255728389176,-42.428044181278494,-43.0780056549811,-38.36515508928005,-4.712850565701046,48.05513603468483,26.25059646179932,1465.77041015625,1559.519793701172,1630.532109375,1419.682080078125,EIMCOELECO.NS,2025-02-13 10:48:46.700928
256,2024-02-02 00:00:00+05:30,1458.2579014213377,1495.3217099493193,1458.2579014213377,1490.8321533203125,3427,0.0,0.0,2024-02-02,1565.2165405273438,99.4882629998304,1664.7048035271741,1465.7282775275135,1764.1930665270047,1366.240014527683,-9.670585322315215,-122.82918595213341,1832344,14454.54764315292,24856.681991206864,906.5200091008012,42.63904182640425,1481.470588230323,1504.6832750393085,1467.619466511327,1518.5343967583046,1444.4067797023415,1541.74708356729,1430.5556579833453,-0.03144980597220455,-54.68004982638861,-49.496141266140285,-37.18694244785479,-12.309198818285495,43.04327494188399,27.129532178479526,1446.205908203125,1565.2165405273438,1629.0315991210937,1412.9242993164062,EIMCOELECO.NS,2025-02-13 10:48:46.700928
257,2024-02-01 00:00:00+05:30,1430.2230574198309,1477.5628864651699,1407.9248300020408,1458.2078857421875,5118,0.0,0.0,2024-02-01,1569.1773193359375,97.93577997071705,1667.1130993066545,1471.2415393652204,1765.0488792773715,1373.3057593945034,-46.84044794683193,-160.09817563220298,1828917,21114.52781708645,27457.215578220348,906.099757546821,43.063869350869126,1447.8985340697993,1487.8722381375578,1418.2341816744288,1517.5365905329284,1378.2604776066703,1557.5102946006868,1348.5961252112997,-0.06324525691109967,-64.80022956571584,-52.65482641359904,-34.109642743283416,-18.545183670315623,38.9662065968495,26.582039508125717,1427.140234375,1569.1773193359375,1629.69705078125,1406.7790930175781,EIMCOELECO.NS,2025-02-13 10:48:46.700928
258,2024-01-31 00:00:00+05:30,1444.2404649899383,1444.2404649899383,1406.7277493642941,1430.22314453125,2113,0.0,0.0,2024-01-31,1576.8120666503905,94.72895929618836,1671.5410259465789,1482.0831073542022,1766.2699852427672,1387.3541480580138,-72.9228021388701,-190.33470298580534,1823799,8549.97704013927,29042.88751850382,905.5060925186684,42.00467345313608,1427.0637862951608,1447.3998232260274,1409.8871076003832,1464.576501920805,1389.5510706695165,1484.9125388516716,1372.374391974739,-0.06364847836236392,-72.4245393509241,-52.688104130097145,-29.473346825704503,-23.21475730439264,35.27602955363484,25.564096287411978,1427.6989501953126,1576.8120666503905,1631.1566577148437,1400.6623223876952,EIMCOELECO.NS,2025-02-13 10:48:46.700928
259,2024-01-30 00:00:00+05:30,1446.63492878816,1466.538581334955,1396.7509657264995,1415.008544921875,4812,0.0,0.0,2024-01-30,1584.142510986328,88.23858771735911,1672.3810987036873,1495.9039232689688,1760.6196864210463,1407.6653355516098,-92.10673829393144,-207.8910947358734,1821686,19263.993847070928,34166.11513809495,905.273050325569,45.268757490277714,1426.0993639944434,1455.4477622623872,1385.6601466539316,1495.886979602899,1356.3117483859878,1525.2353778708427,1315.872531045476,-0.10451994726132156,-76.56968472873614,-49.176332085292415,-23.669657499606338,-25.506674585686078,33.2385201839605,23.63002935379603,1449.2188720703125,1584.142510986328,1633.16298828125,1394.849842529297,EIMCOELECO.NS,2025-02-13 10:48:46.700928
260,2024-01-29 00:00:00+05:30,1398.7462587834723,1465.2416027898896,1329.0084573298038,1436.7578125,17392,0.0,0.0,2024-01-29,1593.203924560547,78.7510094546381,1671.954934015185,1514.452915105909,1750.705943469823,1435.7019056512709,-136.13064433772112,-243.09305502634578,1826498,70695.98401536996,37891.64546085096,904.7569669627098,39.63981513890244,1410.335957539898,1491.663457749992,1355.4303122899062,1546.5691029999837,1274.102812079812,1627.8966032100777,1219.1971668298204,-0.10132041755604566,-70.64420010956084,-42.43669621662207,-17.292988853184816,-25.14370736343725,34.68851181609209,21.547188040671163,1490.6724365234375,1593.203924560547,1635.910595703125,1389.3286853027344,EIMCOELECO.NS,2025-02-13 10:48:46.700928
261,2024-01-25 00:00:00+05:30,1387.9712574877199,1446.6348432961909,1387.9712574877199,1395.5037841796875,18601,0.0,0.0,2024-01-25,1602.0383728027343,69.66315416171892,1671.7015269644533,1532.3752186410154,1741.3646811261722,1462.7120644792965,-199.75959961982622,-262.5323026567351,1809106,73439.3731054213,29690.560822221203,902.8030624081857,29.211268970886707,1410.0366283211995,1432.101999154679,1373.438413346208,1468.7002141296705,1351.3730425127285,1490.76558496315,1314.774827537737,-0.2553658200654486,-97.5550369614422,-35.306913067206324,-11.007062012325502,-24.299851054880822,29.253387613841014,19.273740781057796,1524.9826416015626,1602.0383728027343,1637.8071850585939,1383.2563110351562,EIMCOELECO.NS,2025-02-13 10:48:46.700928
262,2024-01-24 00:00:00+05:30,1585.112783380681,1585.112783380681,1460.9515321682616,1461.00146484375,7589,0.0,0.0,2024-01-24,1614.127752685547,50.19400369755535,1664.3217563831024,1563.9337489879915,1714.5157600806576,1513.7397452904363,-210.66223392345546,-188.95699357250675,1827707,31368.724061886416,18753.35775142118,900.8600736851349,44.782107744341424,1502.3552601308975,1543.7589880935334,1419.5977368811139,1626.516511343317,1378.194008918478,1667.920239305953,1295.4364856686943,-0.16087702024877565,-99.97876137845316,-21.5807801387989,-4.932099248605297,-16.648680890193603,33.344879661631296,17.293407233257803,1573.639453125,1614.127752685547,1638.3888330078125,1377.2068835449218,EIMCOELECO.NS,2025-02-13 10:48:46.700928
263,2024-01-23 00:00:00+05:30,1593.0942063271054,1614.2449567990368,1527.2473786702844,1537.82275390625,3072,0.0,0.0,2024-01-23,1623.7703186035155,35.64456008423938,1659.414878687755,1588.1257585192761,1695.0594387719943,1552.4811984350367,-190.86760118315217,-129.92411898700365,1835296,13365.621050228612,15599.516173804868,899.9573968106772,47.92115868687768,1559.7716964585236,1592.2960142467628,1505.2984361180104,1646.769274587276,1472.7741183297712,1679.2935923755151,1418.300857989258,-0.10559081233106173,-93.73523959653704,-10.130718195271584,-0.7699290260568958,-9.360789169214687,39.336586169034476,15.866458327620917,1603.360302734375,1623.7703186035155,1637.5148657226562,1370.1288482666016,EIMCOELECO.NS,2025-02-13 10:48:46.700928
264,2024-01-19 00:00:00+05:30,1608.3088579112675,1686.0779054880552,1607.510665809248,1622.2763671875,2893,0.0,0.0,2024-01-19,1631.352685546875,32.37915938547769,1663.7318449323525,1598.9735261613973,1696.1110043178303,1566.5943667759195,6.594008641458123,-38.35304269577005,1838368,13278.069115808283,16157.989954698933,899.5410226946791,54.08452144132725,1638.6216461616011,1669.7326265139543,1591.165386835147,1717.1888858404084,1560.0544064827939,1748.2998661927616,1512.5981471563398,-0.06882427297380582,-43.75737386268816,-2.883406475315951,1.5702682662467762,-4.453674741562727,48.17274315098895,15.1381459189773,1627.2248046875,1631.352685546875,1636.1570239257812,1361.9239343261718,EIMCOELECO.NS,2025-02-13 10:48:46.700928
265,2024-01-18 00:00:00+05:30,1649.8122691516671,1649.8122691516671,1576.333170123628,1608.308837890625,2364,0.0,0.0,2024-01-18,1633.68974609375,33.36151014635291,1667.051256240103,1600.3282359473972,1700.4127663864558,1566.9667258010443,-85.24559578404173,-58.936017471009116,1835475,10756.687960051555,16877.970164421593,899.096464849944,47.60470625741425,1611.4847590553065,1646.6363479869851,1573.157248958946,1684.9638580833457,1538.0056600272674,1720.1154470150243,1499.6781499309068,-0.014023044449756624,-52.04140854299657,-1.8783646498093276,2.6836869516374575,-4.562051601446785,46.320547313140345,15.650227470914656,1636.1639892578125,1633.68974609375,1633.3196215820312,1352.9343450927734,EIMCOELECO.NS,2025-02-13 10:48:46.700928
266,2024-01-17 00:00:00+05:30,1546.4027715445818,1674.853969503527,1531.4875161080377,1638.787841796875,3693,0.0,0.0,2024-01-17,1637.1292419433594,34.143941232209386,1671.2731831755686,1602.98530071115,1705.4171244077781,1568.8413594789406,-71.06272883981784,-49.71382261689065,1837839,17122.36263014235,18408.2907155141,898.739814486563,45.35502293515412,1615.0431091361468,1698.5987021642559,1555.2322487687666,1758.409562531636,1471.6766557406575,1841.9651555597452,1411.8657953732773,-0.09007589011903804,-33.964544695850705,0.8124435219301631,3.8241998519991536,-3.0117563300689905,49.93612226490413,15.328765435813805,1647.866748046875,1637.1292419433594,1628.770205078125,1344.18419921875,EIMCOELECO.NS,2025-02-13 10:48:46.700928
267,2024-01-16 00:00:00+05:30,1656.0477283633531,1656.0477283633531,1581.3215319292922,1609.605712890625,4431,0.0,0.0,2024-01-16,1643.3123657226563,44.181662269440814,1687.494027992097,1599.1307034532156,1731.675690261538,1554.9490411837746,-46.750162942099806,-45.69726312260713,1834146,20178.22240580012,18729.772736857034,898.157980051116,43.40724603953966,1615.6583243944235,1649.9951168595549,1575.268920425494,1690.3845208284845,1540.9321279603625,1724.7213132936158,1500.542723991433,-0.08630439433840098,-51.27224191032456,1.2434635461638663,4.577138934516401,-3.3336753883525345,46.20322932220196,14.982575551859044,1651.8973876953125,1643.3123657226563,1623.3957080078126,1335.1297619628906,EIMCOELECO.NS,2025-02-13 10:48:46.700928
268,2024-01-15 00:00:00+05:30,1669.9654179045874,1672.1104526875752,1583.8158374949437,1657.145263671875,3657,0.0,0.0,2024-01-15,1649.732440185547,48.17456897101189,1697.9070091565588,1601.557871214535,1746.0815781275708,1553.383302243523,15.498723155355693,-22.807057884121413,1838577,17145.382959225284,18367.66031962126,897.486218979961,43.22657477458414,1637.6905179514645,1691.5651984079852,1603.2705832153538,1725.985133144096,1549.395902758833,1779.8598136006167,1514.9759680227223,-0.09543823917612113,-33.99336001562377,4.650456976348778,5.410557781604535,-0.7601008052557567,52.07759802090984,15.482272782709064,1663.520361328125,1649.732440185547,1619.9397485351562,1326.3766241455078,EIMCOELECO.NS,2025-02-13 10:48:46.700928
269,2024-01-12 00:00:00+05:30,1666.822613799588,1686.07787134095,1617.437492715933,1666.9722900390625,2486,0.0,0.0,2024-01-12,1654.70087890625,53.77763419225625,1708.4785130985063,1600.9232447139937,1762.2561472907626,1547.1456105217374,64.89259288613069,-3.3040801754988407,1842234,11724.414250717018,18673.22965972025,896.8937681306676,41.79799759212842,1656.829218031982,1696.220943348031,1627.580564723014,1725.4695966569989,1588.1888394069651,1764.8613219730478,1558.9401860979972,-0.1300901169764096,-31.780504353583048,4.260054064169481,5.600582982918474,-1.3405289187489933,53.38071349325288,16.06700412128,1653.633349609375,1654.70087890625,1615.6227905273438,1317.2378820800782,EIMCOELECO.NS,2025-02-13 10:48:46.700928
270,2024-01-11 00:00:00+05:30,1695.0570026071186,1696.0546818317255,1650.1614374998082,1666.8226318359375,3579,0.0,0.0,2024-01-11,1658.9310424804687,57.95864032162745,1716.889682802096,1600.9724021588413,1774.8483231237235,1543.013761837214,113.08647800990357,11.307869898213928,1839748,16877.679544843504,20410.433511971056,896.4852840874365,47.43482594461748,1671.0129170558237,1691.864396611839,1645.9711522799219,1716.906161387741,1625.1196727239064,1737.7576409437563,1600.0779079480046,-0.17145227951755895,-31.853678187548883,2.727860556138239,5.9357152126057215,-3.2078546564674824,53.3641784762531,17.26902713450281,1645.4723388671875,1658.9310424804687,1611.1771337890625,1308.0008697509766,EIMCOELECO.NS,2025-02-13 10:48:46.700928
271,2024-01-10 00:00:00+05:30,1671.1126776931267,1685.0801866410095,1646.869024161639,1658.9410400390625,3115,0.0,0.0,2024-01-10,1665.5257080078125,65.86774011149201,1731.3934481193044,1599.6579678963205,1797.2611882307965,1533.7902277848284,129.62705573560118,7.942100332450849,1836169,14620.110392513438,21293.622003752942,895.8965578462132,40.12274498145371,1663.6300836139035,1680.391143066168,1642.1799805867975,1701.841246093274,1625.4189211345329,1718.6023055455387,1603.9688181074268,-0.1677926665041496,-35.707301159684306,0.7395964097072465,6.737678876722592,-5.998082467015346,52.54309231158629,17.876657239800668,1641.8108642578125,1665.5257080078125,1607.3590161132813,1298.7653540039062,EIMCOELECO.NS,2025-02-13 10:48:46.700928
272,2024-01-09 00:00:00+05:30,1609.705509314709,1688.073261759546,1596.2867723494526,1667.7205810546875,6154,0.0,0.0,2024-01-09,1671.746240234375,70.89589366681858,1742.6421339011936,1600.8503465675562,1813.538027568012,1529.9544529007378,99.41480857033557,1.9512597700147807,1839284,29036.377230915998,22961.999906562818,895.3886702318356,32.84472926042778,1650.6935383878954,1705.1003044263382,1613.3138150162447,1742.480027797989,1558.9070489778019,1796.8867938364317,1521.5273256061512,-0.1822855581914529,-40.30992675197591,-1.0409728342842755,8.237199493476428,-9.278172327760704,53.517975072469476,18.72952595578976,1624.0322021484376,1671.746240234375,1601.2462353515625,1289.5587701416016,EIMCOELECO.NS,2025-02-13 10:48:46.700928
273,2024-01-08 00:00:00+05:30,1621.2288078522547,1635.1963175814435,1575.3355615992064,1607.710205078125,4715,0.0,0.0,2024-01-08,1677.5427612304688,75.16046114438385,1752.7032223748527,1602.382300086085,1827.8636835192365,1527.2218389417012,-30.808372512365352,-26.512841412863427,1833130,21446.237704545794,21443.40557547452,894.371736512747,25.218081260921736,1606.0806947529247,1636.825827906643,1576.965071924406,1665.9414507351619,1546.2199387706876,1696.6865838888803,1517.1043159421688,-0.15854560502772216,-67.02868975240638,-4.169520484050281,10.556742575416603,-14.726263059466884,47.31389681002463,19.64799995762417,1612.66865234375,1677.5427612304688,1595.83482421875,1280.2554113769531,EIMCOELECO.NS,2025-02-13 10:48:46.700928
274,2024-01-05 00:00:00+05:30,1696.0547161403626,1696.0547161403626,1616.2403765572867,1626.167236328125,3479,0.0,0.0,2024-01-05,1682.0946716308595,73.44582660755502,1755.5404982384146,1608.6488450233044,1828.9863248459694,1535.2030184157495,42.89478735612102,4.255860296215366,1837845,16005.943709470968,21442.697543206697,893.6513810331911,25.29381418029115,1646.154109675258,1676.0678427932294,1596.2535032101534,1725.968449258334,1566.339770092182,1755.8821823763053,1516.4391636270775,-0.1885145793762886,-66.68351753888082,-2.2017221821338353,14.238308340283321,-16.440030522417157,49.18926231980974,20.71973453347903,1606.493017578125,1682.0946716308595,1591.6415795898438,1271.6609033203124,EIMCOELECO.NS,2025-02-13 10:48:46.700928
275,2024-01-04 00:00:00+05:30,1566.3563981843745,1648.5152587890625,1527.446908038393,1648.5152587890625,5855,0.0,0.0,2024-01-04,1683.6909545898438,72.50725710578732,1756.1982116956312,1611.1836974840564,1828.7054688014184,1538.6764403782693,-38.541941260593305,-17.77260840394149,1841324,27307.473475940453,22801.88600164063,893.105164677245,20.30045156580502,1608.1591418721728,1688.8713757059525,1567.803024955283,1729.2274926228422,1487.0907911215033,1809.9397264566219,1446.7346742046136,-0.18639490908127135,-59.14142857646025,-1.4667225522996432,18.348315970887608,-19.81503852318725,51.48343370297711,21.979744701904544,1600.50693359375,1683.6909545898438,1587.666826171875,1262.8319415283204,EIMCOELECO.NS,2025-02-13 10:48:46.700928
276,2024-01-03 00:00:00+05:30,1625.2194387108034,1625.2194387108034,1536.9747609959154,1570.0477294921875,3407,0.0,0.0,2024-01-03,1685.5291748046875,72.03301789550233,1757.5621927001898,1613.4961569091852,1829.5952105956922,1541.4631390136828,-103.47829233928415,-32.782024154788566,1835469,15133.752893726087,21675.48913306567,892.1559853349293,11.83365369963417,1577.4139763996354,1617.8531918033555,1529.6085140884675,1665.6586541145234,1489.1692986847474,1706.0978695182434,1441.3638363735795,-0.25708838344282536,-89.35626758491631,-2.704418835978913,23.302075601684418,-26.00649443766333,42.78344483125486,23.047272633194723,1593.4932373046875,1685.5291748046875,1584.7476171875,1253.778501586914,EIMCOELECO.NS,2025-02-13 10:48:46.700928
277,2024-01-02 00:00:00+05:30,1576.832061145458,1625.219504970548,1548.3982024028794,1610.90283203125,3698,0.0,0.0,2024-01-02,1693.2038269042969,67.08881358209783,1760.2926404863947,1626.115013322199,1827.3814540684925,1559.0261997401012,-98.11996602086141,-18.160349038326448,1838876,16853.80254644097,23310.923192900562,891.6599772830206,20.96757163565755,1594.840179801559,1641.2821572002388,1564.46085463257,1671.6614823692278,1518.0188772338904,1718.1034597679075,1487.6395520649014,-0.2689058664286995,-80.36049332251294,3.4797936381844465,29.80369921110025,-26.323905572915802,46.84509782717362,23.673844593624374,1606.9419677734375,1693.2038269042969,1584.97908203125,1245.3740521240234,EIMCOELECO.NS,2025-02-13 10:48:46.700928
278,2024-01-01 00:00:00+05:30,1581.3215878084468,1611.251964864758,1576.3331916323948,1576.83203125,4179,0.0,0.0,2024-01-01,1701.334912109375,66.44069016833527,1767.7756022777103,1634.8942219410396,1834.2162924460454,1568.4535317727045,-124.80894266181076,-19.230614523042913,1835178,18643.15688915836,24925.20335451546,891.0883094449326,28.34174652897228,1588.1390625823842,1599.9449335323736,1565.0261603000104,1623.0578358147475,1553.220289350021,1634.863706764737,1530.107387067647,-0.3099511622245809,-99.82816947177739,7.321126879468238,36.384675604329196,-29.063548724860958,42.62797412536382,24.541635464935705,1615.5319580078126,1701.334912109375,1585.2723974609376,1236.4183837890625,EIMCOELECO.NS,2025-02-13 10:48:46.700928
279,2023-12-29 00:00:00+05:30,1613.2472957909602,1641.1323812241803,1576.3331647184398,1596.23681640625,5125,0.0,0.0,2023-12-29,1710.9924438476562,61.22397590186938,1772.2164197495256,1649.7684679457868,1833.440395651395,1588.5444920439174,-123.56721360204054,-7.786297836364321,1839357,23144.768585663824,26495.71497085473,890.4718198271128,35.40008809609698,1604.56745411629,1632.8017435141403,1568.0025270083997,1669.3666706220306,1539.7682376105495,1697.6009600198809,1503.2033105026592,-0.20270279676415506,-93.14434870509548,15.483728956545974,43.65056278554444,-28.166833828998463,44.494456245531225,25.959784301139177,1638.0595703125,1710.9924438476562,1584.23181640625,1227.883237915039,EIMCOELECO.NS,2025-02-13 10:48:46.700928
280,2023-12-28 00:00:00+05:30,1646.1707043016427,1666.124288596208,1601.2751396388705,1613.44677734375,6242,0.0,0.0,2023-12-28,1716.3125732421875,55.037773145835224,1771.3503463880227,1661.2748000963522,1826.388119533858,1606.237026950517,-113.8492960672847,6.355910536880419,1844482,28493.12333573303,27333.451567152453,889.6928428503694,41.955540577839606,1626.9487351929429,1652.6223307470152,1587.7731817896777,1691.7978841502804,1562.0995862356053,1717.4714797043528,1522.9240328323401,-0.2411511965862496,-92.61083977956493,23.788653851104982,50.69227124279405,-26.903617391689068,46.15933710656708,27.4870215093583,1652.61572265625,1716.3125732421875,1580.0315869140625,1219.2902276611328,EIMCOELECO.NS,2025-02-13 10:48:46.700928
281,2023-12-27 00:00:00+05:30,1723.9397997598646,1723.9397997598646,1608.2589402130677,1637.2913818359375,4568,0.0,0.0,2023-12-27,1724.209210205078,50.65769114091991,1774.866901345998,1673.5515190641581,1825.524592486918,1622.8938279232382,-91.79789008706028,24.11514091657825,1850724,21159.905353473117,27043.533625007305,888.7185947861524,42.968791882327096,1656.4967072696234,1704.734474326179,1589.053614779382,1772.1775668164203,1540.8158477228264,1820.415333872976,1473.3727552325852,-0.3040175582103653,-83.88978204782597,32.36611981542865,57.41817559071632,-25.05205577528767,48.49333244405043,29.554099101888298,1665.3461181640625,1724.209210205078,1576.0229150390626,1210.6752685546876,EIMCOELECO.NS,2025-02-13 10:48:46.700928
282,2023-12-26 00:00:00+05:30,1696.054662641299,1731.971114320762,1626.7658899911407,1653.852783203125,5589,0.0,0.0,2023-12-26,1729.768780517578,46.55169905677935,1776.3204795743575,1683.2170814607987,1822.8721786311369,1636.6653824040193,-94.90474055715357,33.9670682289285,1855292,26151.25935186685,28514.44069289085,887.9804475212646,41.99654818927696,1670.8632625050093,1714.9606350188778,1609.7554106892567,1776.0684868346304,1565.6580381753881,1820.165859348499,1504.5501863596355,-0.026589126876245612,-77.83252337158898,40.50914746650005,63.68118953453823,-23.172042068038174,50.12823639921942,31.75676929107061,1690.3779052734376,1729.768780517578,1568.1412475585937,1201.9750067138673,EIMCOELECO.NS,2025-02-13 10:48:46.700928
283,2023-12-22 00:00:00+05:30,1676.0512335785165,1718.003695413021,1651.1591846158826,1689.4700927734375,4241,0.0,0.0,2023-12-22,1726.5537658691405,53.73658757755675,1780.2903534466973,1672.8171782915838,1834.026941024254,1619.080590714027,-102.6940857740866,44.15520433983761,1860881,20271.245365142822,29105.23602814685,887.0553284014065,41.89297892855373,1686.2109909341136,1721.2627972523446,1654.4182864552063,1753.055501731252,1619.3664801369753,1788.107308049483,1587.573775658068,0.04851593768014292,-64.80565127087178,48.68986837805028,69.47420005154777,-20.78433167349749,53.747474689429794,33.82230688030187,1707.2087890625,1726.5537658691405,1559.3716479492186,1193.1086322021483,EIMCOELECO.NS,2025-02-13 10:48:46.700928
284,2023-12-21 00:00:00+05:30,1676.1010761728517,1698.0500188370202,1593.2437689008111,1669.017578125,6107,0.0,0.0,2023-12-21,1714.3346801757812,82.62987868848319,1796.9645588642643,1631.704801487298,1879.5944375527474,1549.074922798815,-177.13029990100654,31.095217929163816,1856640,28837.026757954474,31313.733693897855,886.3191677486215,44.14075988099176,1653.4371219542772,1713.6304750077434,1608.8242250715343,1758.2433718904863,1548.6308720180682,1818.4367249439524,1504.0179751353253,0.038294161666698065,-72.28606727302021,54.91817953624559,74.67028296992213,-19.752103433676538,51.89594290200124,35.636891636447366,1720.617578125,1714.3346801757812,1548.8311645507813,1183.8990545654297,EIMCOELECO.NS,2025-02-13 10:48:46.700928
285,2023-12-20 00:00:00+05:30,1755.9154126078229,1762.450260159322,1674.3551370506127,1677.0987548828125,7888,0.0,0.0,2023-12-20,1703.5298156738281,100.96252116104785,1804.492336834876,1602.5672945127803,1905.4548579959237,1501.6047733517325,-88.15146549306853,57.81656075565314,1862747,37427.18709293961,31932.910427883697,885.2837826460599,59.45051586596121,1704.6347173642491,1734.9142976778855,1646.8191745691763,1792.7298404729584,1616.53959425554,1823.0094207865948,1558.724051460467,0.01872249669783363,-85.9728485227003,64.07447436270195,79.60830882834125,-15.533834465639302,52.66949260307641,37.868130739918435,1737.1291748046874,1703.5298156738281,1537.2241625976562,1174.7433526611328,EIMCOELECO.NS,2025-02-13 10:48:46.700928
286,2023-12-19 00:00:00+05:30,1702.0407904376427,1770.8806582806658,1702.0407904376427,1762.4503173828125,2973,0.0,0.0,2023-12-19,1692.6526184082031,114.73863138874214,1807.3912497969452,1577.913987019461,1922.1298811856873,1463.175355630719,-3.6272932233124306,80.89317552724717,1870635,14824.274296100744,30559.34126161972,883.9285531914177,52.896157082565374,1745.1239220337072,1788.2070536297717,1719.3671857867487,1813.9637898767303,1676.2840541906842,1857.0469214727948,1650.5273179437256,0.014252178252586178,-47.262414222168175,74.03060753765749,83.49176744475108,-9.461159907093588,61.688688845292354,38.80695397291348,1761.4526123046876,1692.6526184082031,1523.3484399414062,1165.6604809570313,EIMCOELECO.NS,2025-02-13 10:48:46.700928
287,2023-12-18 00:00:00+05:30,1745.9387035440157,1823.7576857591202,1706.0315331772952,1738.0072021484375,4122,0.0,0.0,2023-12-18,1680.7353393554688,119.391077004454,1800.1264163599228,1561.3442623510148,1919.5174933643768,1441.9531853465608,17.83485291322475,91.18044009094184,1867662,20268.48131681525,34493.10800299946,883.3614659162596,72.91423413114035,1755.9321403616177,1805.8327475459403,1688.1065949641152,1873.6582929434428,1638.2059877797926,1923.5589001277654,1570.38044238229,-0.00833080425428298,-62.853068286708435,77.24996343911357,85.85705742152447,-8.607093982410902,59.86106180685458,39.23834961112497,1765.6328857421875,1680.7353393554688,1506.82986328125,1155.8807293701173,EIMCOELECO.NS,2025-02-13 10:48:46.700928
288,2023-12-15 00:00:00+05:30,1751.5755745838323,1804.801737453143,1725.9850778297055,1756.5140380859375,2798,0.0,0.0,2023-12-15,1670.3943908691406,123.06949742018443,1793.463888289325,1547.3248934489561,1916.5333857095095,1424.2553960287717,22.679138614431498,99.45870873028194,1871784,13904.67956366561,38049.26467454551,882.5958949722639,80.62942816936034,1762.4336177895955,1798.8821577494855,1720.065498126048,1841.250277413033,1683.616958166158,1877.698817372923,1641.2488385026104,-0.01205477404619495,-55.367243059043155,82.60853706422517,88.0088309171272,-5.400293852902024,61.93906266085272,39.620027065715846,1774.7616455078125,1670.3943908691406,1489.9082238769531,1146.5055364990235,EIMCOELECO.NS,2025-02-13 10:48:46.700928
289,2023-12-14 00:00:00+05:30,1805.7994032241747,1847.701930812802,1727.980423416724,1751.5755615234375,5082,0.0,0.0,2023-12-14,1659.0956726074219,125.10321013546239,1784.1988827428843,1533.9924624719595,1909.3020928783467,1408.889252336497,46.16768825733678,113.8221106367853,1868986,25184.027655717113,44085.41095226549,882.0641860559309,82.82865298986749,1775.7526385843212,1823.5248537519183,1703.8033463558404,1895.474145980399,1656.0311311882433,1943.2463611479961,1584.0818389597625,-0.031192148114310432,-33.34899149441359,86.39484768034572,89.35890438035271,-2.964056700006992,61.608792817181666,39.62790397574869,1763.2085205078124,1659.0956726074219,1472.259278564453,1136.667421875,EIMCOELECO.NS,2025-02-13 10:48:46.700928
290,2023-12-13 00:00:00+05:30,1805.799440693322,1866.657874882434,1750.927081998221,1798.7159423828125,6269,0.0,0.0,2023-12-13,1649.1363403320313,125.28188985743205,1774.4182301894634,1523.8544504745992,1899.7001200468953,1398.5725606171673,107.55515971557767,139.40384779720176,1874068,31902.337373639373,48810.75677640259,881.1022513420181,82.98205851805835,1805.4336330878225,1859.940184177424,1744.209391293211,1921.1644259720356,1689.7028402036094,1975.6709770616371,1628.4785984089979,0.009702663922499681,-20.338619128006044,90.4198249081951,90.09991855535446,0.31990635284063274,66.74043568739626,39.597347949987665,1744.5119873046874,1649.1363403320313,1455.2079418945314,1126.6756646728516,EIMCOELECO.NS,2025-02-13 10:48:46.700928
291,2023-12-12 00:00:00+05:30,1860.6718275376968,1866.6579031222684,1745.9387121667396,1783.3516845703125,9928,0.0,0.0,2023-12-12,1635.7799072265625,122.70875331530183,1758.4886605418644,1513.0711539112606,1881.197413857166,1390.362400595959,99.28279342325399,148.08349055004527,1867799,50091.082198898584,53037.861627093385,879.8482820381338,80.8884914697305,1798.6494332864402,1851.3601544061407,1730.640963450612,1919.368624241969,1677.9302423309114,1972.0793453616695,1609.9217724950831,0.03617432818863996,-23.639088729512263,89.56040483636434,90.0199419671443,-0.45953713077996383,65.8805662874237,39.12913323489265,1721.8247314453124,1635.7799072265625,1436.8067456054687,1115.8543365478515,EIMCOELECO.NS,2025-02-13 10:48:46.700928
292,2023-12-11 00:00:00+05:30,1707.029186329491,1783.6510009765625,1707.029186329491,1783.6510009765625,5897,0.0,0.0,2023-12-11,1617.8416320800782,126.17470148830016,1744.0163335683783,1491.666930591778,1870.1910350566784,1365.492229103478,45.34180822442835,135.21682381634062,1877727,29757.925994933943,53774.55648414208,877.8887100819725,76.9046251778362,1758.1103960942055,1809.19160585892,1732.5697912118485,1834.732210741277,1681.488581447134,1885.8134205059914,1655.947976564777,0.032460578506687134,-23.574791142728966,88.61625748598817,90.13482624983929,-1.5185687638511212,65.91147082837026,38.62490200325187,1709.862548828125,1617.8416320800782,1418.435478515625,1104.8474395751953,EIMCOELECO.NS,2025-02-13 10:48:46.700928
293,2023-12-08 00:00:00+05:30,1686.0779353046682,1739.9526148942848,1686.0779353046682,1698.7484130859375,5241,0.0,0.0,2023-12-08,1599.524237060547,127.42251870956848,1726.9467557701155,1472.1017183509784,1854.369274479684,1344.67919964141,-9.170864967197911,113.26538470101873,1871830,25188.648932674387,59778.71410644411,876.7203549789707,73.87471498959587,1708.259654428297,1730.4413735519256,1676.566693962309,1762.1343340179135,1654.3849748386804,1784.3160531415422,1622.6920143726925,-0.07205900899853121,-41.81312154839547,86.03531407336072,90.51446844080206,-4.479154367441339,61.11843767692814,38.6845248799381,1707.837255859375,1599.524237060547,1399.2540966796876,1093.5128051757813,EIMCOELECO.NS,2025-02-13 10:48:46.700928
294,2023-12-07 00:00:00+05:30,1666.1242617718767,1706.0314297185084,1646.170677798561,1658.0928955078125,4208,0.0,0.0,2023-12-07,1588.083349609375,128.31389270325593,1716.397242312631,1459.769456906119,1844.711135015887,1331.4555642028631,-16.0498488847607,96.90493352513523,1866589,19739.95868323313,68426.23039988654,875.7768841723085,70.3823737841052,1670.0983343416274,1694.0259908846938,1634.1652389647463,1729.9590862615748,1610.23758242168,1753.8867428046412,1574.3044870447989,-0.07208794686279575,-50.54652745303577,89.78897754076502,91.63425703266239,-1.8452794918973723,58.5250780345654,39.11139084410736,1722.0841064453125,1588.083349609375,1381.9034582519532,1083.1119995117188,EIMCOELECO.NS,2025-02-13 10:48:46.700928
295,2023-12-06 00:00:00+05:30,1723.4408926480844,1723.7901777991779,1662.1335542623945,1685.2796630859375,6250,0.0,0.0,2023-12-06,1579.1990173339843,129.3585470527519,1708.5575643867362,1449.8404702812325,1837.916111439488,1320.4819232284806,13.504031105837377,113.73326591759756,1870797,29799.820430204287,80597.79832904988,875.0553016429886,72.96350474583063,1690.4011317158365,1718.6687091692786,1657.0120856324952,1752.05775525262,1628.7445081790531,1780.325332706062,1595.3554620957118,-0.04400971224744792,-44.706408063616585,97.23831768792752,92.09557690563673,5.142740782290787,61.053725953553666,39.86859595272974,1730.993408203125,1579.1990173339843,1365.579432373047,1073.3946051025391,EIMCOELECO.NS,2025-02-13 10:48:46.700928
296,2023-12-05 00:00:00+05:30,1795.772649006874,1795.772649006874,1698.0500189018019,1723.540771484375,5558,0.0,0.0,2023-12-05,1563.9769348144532,134.0461014666743,1698.0230362811276,1429.9308333477788,1832.0691377478017,1295.8847318811047,47.248219770114986,145.94597120275947,1877047,27102.02574829528,93297.29280376129,873.9438034820184,76.41212794174864,1739.1211464643502,1780.1922740268985,1682.4696439218264,1836.8437765694223,1641.3985163592781,1877.9149041319706,1584.7470138167544,-0.06871039608007427,-36.48735663073584,102.62493792261648,90.80989171006402,11.81504621255246,64.706700909607,40.42620292131956,1748.21337890625,1563.9769348144532,1349.3761267089844,1063.491641845703,EIMCOELECO.NS,2025-02-13 10:48:46.700928
297,2023-12-04 00:00:00+05:30,1838.7228505060493,1838.7228505060493,1747.9340391137268,1773.5245361328125,6994,0.0,0.0,2023-12-04,1546.303045654297,135.19838495146607,1681.501430605763,1411.1046607028309,1816.6998155572292,1275.9062757513648,80.9832147996716,172.42496009954974,1882605,35093.32180361363,109846.10956762778,872.9060718115494,79.46398593010858,1786.7271419175295,1825.5202447213321,1734.7314333290096,1877.515953309852,1695.938330525207,1916.3090561136546,1643.9426219366871,-0.081078979683107,-25.75010542054113,104.19838136684007,87.8561301569259,16.342251209914167,69.77045591444107,40.44236533134191,1753.2017822265625,1546.303045654297,1332.4056030273437,1053.0010443115234,EIMCOELECO.NS,2025-02-13 10:48:46.700928
298,2023-12-01 00:00:00+05:30,1745.8886886834696,1818.7692038498558,1697.0523399608364,1769.982666015625,21207,0.0,0.0,2023-12-01,1529.4672058105468,126.07102611725722,1655.538231927804,1403.3961796932897,1781.6092580450613,1277.3251535760323,89.22480470153066,158.60950228727958,1875611,106196.42559094945,128534.3065086313,871.5196733055357,76.81556139135745,1761.9347366087725,1826.8171332567085,1705.1002693676892,1883.6516004977918,1640.2178727197531,1948.5339971457279,1583.3834054786698,-0.0805785103076477,-25.62140085969499,99.711458934343,83.77056735444735,15.940891579895649,69.61406252413435,39.59943948211585,1716.407373046875,1529.4672058105468,1313.7220629882813,1041.6898559570313,EIMCOELECO.NS,2025-02-13 10:48:46.700928
299,2023-11-30 00:00:00+05:30,1765.8423611918142,1794.3261528388143,1674.1058017589828,1702.639404296875,19694,0.0,0.0,2023-11-30,1513.032940673828,113.9040921637252,1626.9370328375533,1399.128848510103,1740.8411250012784,1285.2247563463777,95.12485513578108,140.10682314590426,1854404,94867.67637236902,134118.77673805176,867.306270992042,66.71194463698274,1723.6904529648907,1773.2751041707986,1653.054753090967,1843.9108040447222,1603.4701018850592,1893.4954552506301,1532.8344020111356,-0.13857841084104858,-39.036347912315584,92.80487940830312,79.78534445947344,13.019534948829687,66.55798473496199,38.80581324327868,1651.428515625,1513.032940673828,1295.2350671386719,1030.404608154297,EIMCOELECO.NS,2025-02-13 10:48:46.700928
300,2023-11-29 00:00:00+05:30,1805.749518208875,1893.395738158032,1726.4839501430604,1771.3795166015625,68699,0.0,0.0,2023-11-29,1500.1354431152345,105.60652252544418,1605.7419656406787,1394.5289205897902,1711.348488166123,1288.922398064346,197.8250536718127,168.3849177301058,1874098,344289.4251224692,143931.55182947245,863.6524890857235,73.0024574745604,1797.0864016342184,1867.6888531253765,1700.777065110405,1963.99818964919,1630.1746136192469,2034.600641140348,1533.8652770954334,-0.17548867921756453,-24.96938150998093,89.18852110244325,76.530460722266,12.658060380177247,73.57180992011908,38.08975017161243,1601.4846923828125,1500.1354431152345,1278.9429638671875,1019.7204614257812,EIMCOELECO.NS,2025-02-13 10:48:46.700928
301,2023-11-28 00:00:00+05:30,1724.8876498737927,1748.4827880859375,1671.2124584365724,1748.4827880859375,52846,0.0,0.0,2023-11-28,1485.3623046875,84.15221165673643,1569.5145163442364,1401.2100930307636,1653.6667280009729,1317.0578813740271,286.0365028626941,136.89256447540978,1805399,261417.7856694015,93842.08350622325,849.5877322604845,64.97939307567657,1722.726011536149,1774.2395646357254,1696.9692349863603,1799.996341185514,1645.4556818867839,1851.5098942850905,1619.6989053369953,-0.022096077679591767,-0.0,76.43728583080542,73.36594562722168,3.0713402035837447,72.68126330578306,36.440041254787,1539.1197509765625,1485.3623046875,1260.8071496582031,1008.2885540771484,EIMCOELECO.NS,2025-02-13 10:48:46.700928
302,2023-11-24 00:00:00+05:30,1486.5421060406206,1589.552490234375,1468.1349723014355,1589.552490234375,16725,0.0,0.0,2023-11-24,1465.6032653808593,62.80690621417311,1528.4101715950324,1402.7963591666862,1591.2170778092054,1339.9894529525131,78.93900674311098,73.68658899113252,1752553,75214.68654373131,51948.157965428676,838.7445915005147,55.87168545576012,1549.0799842567285,1630.0249962120215,1508.607478279082,1670.497502189668,1427.662466323789,1751.442514144961,1387.1899603461425,-0.23181020300270216,-2.613606273211415,61.20868081667459,72.59811057632574,-11.38942975965115,65.10314810318471,35.43238229884959,1494.244140625,1465.6032653808593,1243.908458251953,996.7868084716797,EIMCOELECO.NS,2025-02-13 10:48:46.700928
303,2023-11-23 00:00:00+05:30,1481.0048298671793,1481.0547625416516,1427.8784128208047,1445.08837890625,5697,0.0,0.0,2023-11-23,1455.9831420898438,57.31764783348595,1513.3007899233298,1398.6654942563578,1570.6184377568156,1341.347846422872,-77.65791652300337,42.36181014462379,1735828,23291.758458852906,46131.52582085302,835.8672585754292,48.15008166767416,1451.3405180895688,1474.802623358333,1421.626273637486,1504.5168678104158,1398.164168368722,1527.97897307918,1368.4499239166391,-0.24767716293941222,-61.764139269267694,56.43627371855973,75.44546801623852,-19.00919429767879,54.43500086783083,35.65203878965833,1482.5712890625,1455.9831420898438,1231.13916015625,986.836953125,EIMCOELECO.NS,2025-02-13 10:48:46.700928
304,2023-11-22 00:00:00+05:30,1486.5420288834628,1496.4190774596213,1436.6580681826756,1452.9202880859375,5398,0.0,0.0,2023-11-22,1453.631121826172,58.735844970247626,1512.3669667964195,1394.8952768559243,1571.1028117666672,1336.1594318856767,-67.3977503874135,47.537465876047776,1741525,22188.92785452344,51841.46766135305,835.0709459125954,47.8120813476865,1461.9991445760782,1487.3402209694807,1427.579211692535,1521.760153853024,1402.2381352991324,1547.1012302464264,1367.8182024155892,-0.24521402864326028,-58.54357418830884,63.698577508310336,80.1977665906582,-16.49918908234787,55.28563841346272,37.29308324826773,1499.6615478515625,1453.631121826172,1220.3821838378906,978.4923651123047,EIMCOELECO.NS,2025-02-13 10:48:46.700928
305,2023-11-21 00:00:00+05:30,1530.4399689732209,1535.4283652215038,1451.6233082503497,1459.5548095703125,10530,0.0,0.0,2023-11-21,1452.3565856933594,59.02792275423792,1511.3845084475975,1393.3286629391214,1570.4124312018353,1334.3007401848836,-28.337545853675287,55.30922030781523,1746923,43482.09186810783,59254.602613060444,834.3047918187375,43.954202279701654,1482.2021610140553,1512.7810137777608,1428.9759568066067,1566.0072179852093,1398.3971040429012,1596.5860707489148,1345.1708998354527,-0.30223663705298015,-55.81538777408614,71.26007270615355,84.32256386124516,-13.062491155091607,55.973363395571226,38.877708914659,1519.5552734375,1452.3565856933594,1208.83205078125,969.8634375,EIMCOELECO.NS,2025-02-13 10:48:46.700928
306,2023-11-20 00:00:00+05:30,1513.4794279184264,1552.388918814154,1513.4794279184264,1524.104736328125,8395,0.0,0.0,2023-11-20,1454.5065856933593,60.07767554650145,1514.5842612398608,1394.4289101468578,1574.6619367863623,1334.3512346003563,61.58168788835498,70.65004841181133,1757453,36199.049145208766,63197.73029929859,832.7886684001028,54.57715691534895,1529.991027686902,1546.5026274553777,1507.59313655965,1568.9005185826297,1491.0815367911744,1585.4121183511054,1468.6836456639223,-0.38204074344532274,-29.27176535391943,79.20798000711034,87.58818665001806,-8.380206642907723,63.06578073806273,40.27909229002592,1533.961767578125,1454.5065856933593,1196.8169995117187,961.2679327392578,EIMCOELECO.NS,2025-02-13 10:48:46.700928
307,2023-11-17 00:00:00+05:30,1541.414444757646,1575.7844462835512,1506.096574869873,1531.188232421875,10620,0.0,0.0,2023-11-17,1457.3823974609375,64.7773407299327,1522.1597381908703,1392.6050567310047,1586.9370789208028,1327.827716001072,88.25562982500365,75.13834889625848,1765848,46006.02904164575,69947.40058782104,831.449638707705,62.33149833003527,1537.6897511917662,1569.2829275136594,1499.595056099981,1607.3776226054445,1468.0018797780879,1638.9707989273377,1429.9071846863028,-0.380385138258955,-23.27897059074854,81.82639914344304,89.68323831074498,-7.856839167301942,63.89029870797796,40.39562688419326,1514.058056640625,1457.3823974609375,1183.8611352539062,951.9116961669922,EIMCOELECO.NS,2025-02-13 10:48:46.700928
308,2023-11-16 00:00:00+05:30,1593.2937203850581,1595.2890788326288,1507.493307139526,1530.5396728515625,13213,0.0,0.0,2023-11-16,1462.101416015625,73.31255707735679,1535.413973092982,1388.7888589382683,1608.7265301703387,1315.4763018609115,124.34340119540386,79.69815243565468,1755228,57214.70671377607,75932.74347436486,829.730865190581,61.052828412350905,1544.4406862745725,1581.388065409619,1493.5922937165162,1632.2364579676753,1456.6449145814697,1669.1838371027218,1405.7965220234134,-0.2524170082568701,-23.514502569014592,83.24135813234147,91.64744810257046,-8.40608997022899,63.85000752901457,40.52112567791194,1491.2810302734374,1462.101416015625,1170.167987060547,942.5130590820313,EIMCOELECO.NS,2025-02-13 10:48:46.700928
309,2023-11-15 00:00:00+05:30,1566.356425542758,1582.2195500059768,1466.5885003489518,1552.388916015625,18274,0.0,0.0,2023-11-15,1461.8145812988282,73.041421174743,1534.8560024735712,1388.7731601240853,1607.897423648314,1315.7317389493423,156.3557924878001,79.99285950650909,1768441,80259.3805593205,80612.25266451205,827.5825967381599,53.741628080653996,1533.7323221235176,1600.8761438980835,1485.2450942410585,1649.3633717805426,1418.1012724664927,1716.5071935551084,1369.6140445840335,-0.006727635665038882,-11.373152790410211,83.85557500562345,93.7489705951277,-9.893395589504252,66.15407989024862,40.62500390756318,1479.159228515625,1461.8145812988282,1156.5366967773436,933.2022180175782,EIMCOELECO.NS,2025-02-13 10:48:46.700928
310,2023-11-13 00:00:00+05:30,1528.4445663702993,1556.4295172304621,1474.6696320080928,1531.5872802734375,18719,0.0,0.0,2023-11-13,1453.5064025878905,71.63336523632476,1525.1397678242154,1381.8730373515657,1596.77313306054,1310.239672115241,172.5568134978644,80.11471331975541,1750167,81112.1746031774,80700.47069080993,824.4966509710248,45.69613266137394,1520.8954765039973,1567.1213209999019,1485.3614357775325,1602.6553617263667,1439.135591281628,1648.8812062222712,1403.6015505551632,-0.03323481747851311,-10.504121867530138,81.2196003119916,96.22231949250377,-15.002719180512173,65.03889328642887,40.85910469319302,1464.7626953125,1453.5064025878905,1142.7467749023438,923.8564575195312,EIMCOELECO.NS,2025-02-13 10:48:46.700928
311,2023-11-10 00:00:00+05:30,1456.511916659228,1474.42020993142,1411.716095353848,1424.586181640625,8462,0.0,0.0,2023-11-10,1447.5776977539062,69.71201202493353,1517.2897097788398,1377.8656857289727,1587.0017218037733,1308.1536737040392,-16.146273942884836,62.18934957035314,1731448,34105.41968547055,80597.54471271807,821.3993126051334,37.1946727916834,1436.9074956419645,1462.098895930081,1399.394781352509,1499.6116102195365,1374.2033810643925,1524.803010507653,1336.690666774937,0.04855037717961346,-55.719715852652236,78.66279986351174,99.97299928763181,-21.31019942412007,58.508557517920714,41.35258853971442,1434.612841796875,1447.5776977539062,1128.7054370117187,914.5236669921875,EIMCOELECO.NS,2025-02-13 10:48:46.700928
312,2023-11-09 00:00:00+05:30,1493.4758860197662,1544.4074598143682,1404.732366549503,1417.3031005859375,35235,0.0,0.0,2023-11-09,1438.5087890625,83.32845159122228,1521.8372406537223,1355.1803374712777,1605.1656922449445,1271.8518858800555,41.877878368979594,69.8447228491185,1722986,141285.84805414834,92220.57596952995,820.202526170165,31.681380941380013,1455.4809756499362,1506.2295847503694,1366.5544914855043,1595.1560689148014,1315.805882385071,1645.9046780152346,1226.8793982206391,0.06033649310131957,-65.34090592281494,84.73544688401489,105.30054914366183,-20.565102259646935,58.01307616429792,42.76306697734554,1423.708203125,1438.5087890625,1116.0249340820312,906.4813745117187,EIMCOELECO.NS,2025-02-13 10:48:46.700928
313,2023-11-08 00:00:00+05:30,1495.521160580605,1509.4886697521385,1446.6348784802385,1469.9306640625,12901,0.0,0.0,2023-11-08,1428.4122741699218,97.12449443302995,1525.5367686029517,1331.287779736892,1622.6612630359818,1234.1632853038618,92.30612998873823,78.41431998199438,1758221,53651.500759705115,79954.25794837534,815.2284044408389,32.788245965076726,1475.3514040982925,1504.0679297163465,1441.2141384444465,1538.2051953701925,1412.4976128263925,1566.9217209882465,1378.3603471725464,0.107732651836308,-52.5635045007909,91.94367799316615,110.44182470857355,-18.4981467154074,63.06901912521808,44.2820437563329,1427.609130859375,1428.4122741699218,1102.7428308105468,898.4675158691406,EIMCOELECO.NS,2025-02-13 10:48:46.700928
314,2023-11-07 00:00:00+05:30,1388.420276882576,1506.495585321749,1386.774081852471,1480.40625,12283,0.0,0.0,2023-11-07,1413.038037109375,113.21083288993248,1526.2488699993073,1299.8272042194426,1639.45970288924,1186.61637132951,76.833925748159,78.16161187965868,1771122,51445.4548686485,86529.94724554288,813.2253694430091,50.16633440449797,1457.8919723914066,1529.0098629303423,1409.2883594610641,1577.6134758606847,1338.1704689221285,1648.7313663996204,1289.566855991786,0.21692501315806378,-54.9439959243271,94.59629448002147,115.06636138742539,-20.47006690740392,64.10199709746823,45.130700785099606,1421.882470703125,1413.038037109375,1087.6908447265625,890.0886975097657,EIMCOELECO.NS,2025-02-13 10:48:46.700928
315,2023-11-06 00:00:00+05:30,1435.6604386893157,1445.6372311749953,1375.799683775237,1380.8380126953125,12660,0.0,0.0,2023-11-06,1393.4510986328125,133.0852476538393,1526.536346286652,1260.3658509789732,1659.621593940491,1127.280603325134,-49.71239695169796,67.76345811830241,1758839,49458.17529527829,95301.07033976646,811.2762598024757,60.27093764042166,1400.7583092151817,1425.7169346551264,1355.879387255368,1470.59585661494,1330.9207618154235,1495.5544820548846,1286.0418398556099,0.2886022407191269,-82.89913823673913,95.52748372343854,120.18387811427635,-24.656394390837818,58.03873899383283,46.073126599010344,1414.739111328125,1393.4510986328125,1072.5490686035157,881.6605438232422,EIMCOELECO.NS,2025-02-13 10:48:46.700928
316,2023-11-03 00:00:00+05:30,1446.1360287738373,1446.6348683836247,1352.1047623289016,1370.06298828125,12452,0.0,0.0,2023-11-03,1373.5748291015625,161.68115763165906,1535.2559867332216,1211.8936714699034,1696.9371443648806,1050.2125138382444,-81.2170688322408,68.63064357052649,1746179,48265.99859542198,106761.79410088851,809.5560856555671,62.15529767576624,1389.6008729979255,1427.0969836669494,1332.5668776122263,1484.1309790526486,1295.0707669432024,1521.6270897216725,1238.0367715575032,0.3125714846961162,-85.9243734831268,105.07826478140441,126.3479767119858,-21.26971193058138,57.313923316800356,47.69217565627405,1433.7548583984376,1373.5748291015625,1059.598193359375,874.2805249023437,EIMCOELECO.NS,2025-02-13 10:48:46.700928
317,2023-11-02 00:00:00+05:30,1484.496732444147,1484.496732444147,1416.7044788102505,1436.8077392578125,7054,0.0,0.0,2023-11-02,1351.89775390625,188.9417230202585,1540.8394769265085,1162.9560308859916,1729.7811999467672,974.014307865733,-16.40169448388454,87.33660759447211,1758631,28674.494049192715,121385.74297725514,807.8861106015949,68.9623818752307,1446.0029835040702,1475.30148819789,1407.5092345639935,1513.7952371379668,1378.2107298701737,1543.0937418317865,1339.716980930097,0.33382939080848095,-51.580647190675094,116.77524043758808,131.66540469463112,-14.89016425704304,63.632847799300336,49.435766948711894,1430.4026611328125,1351.89775390625,1046.8638159179689,866.7024505615234,EIMCOELECO.NS,2025-02-13 10:48:46.700928
318,2023-11-01 00:00:00+05:30,1471.5769043800735,1516.472470954381,1432.717346026675,1441.29736328125,21897,0.0,0.0,2023-11-01,1324.653628540039,213.7141089938297,1538.3677375338689,1110.9395195462093,1752.0818465276984,897.2254105523797,-11.937585261835627,97.62661660467047,1765685,89289.39086865404,144563.55520927074,806.8228113185022,70.49197507862779,1463.495726754102,1494.274107481529,1410.518982553823,1547.250851681808,1379.740601826396,1578.029232409235,1326.763857626117,0.3361199041726399,-50.61289057874006,123.40824530368332,135.38794575889187,-11.979700455208558,64.07415536412589,50.16001371911305,1422.4711181640625,1324.653628540039,1032.8134997558593,858.1654730224609,EIMCOELECO.NS,2025-02-13 10:48:46.700928
319,2023-10-31 00:00:00+05:30,1496.1197441958425,1535.0791667183332,1432.7671132921807,1444.689453125,34848,0.0,0.0,2023-10-31,1296.2920989990234,234.0867938603179,1530.3788928593412,1062.2053051387056,1764.4656867196593,828.1185112783876,-3.604430281399803,106.5862914471935,1787582,142434.11125314998,158382.0962944249,803.475411285848,75.86101466174804,1470.8452443785045,1508.9233754648283,1406.6113220386758,1573.157297804657,1368.533190952352,1611.2354288909808,1304.2992686125233,0.3516190608510239,-42.95767517830923,129.5885196935169,138.382870872694,-8.794351179177113,64.38721590605493,50.634191173485306,1413.821240234375,1296.2920989990234,1018.8529736328124,849.5425274658203,EIMCOELECO.NS,2025-02-13 10:48:46.700928
320,2023-10-30 00:00:00+05:30,1353.8507183239974,1488.5873473701638,1319.9296244234697,1475.916748046875,33406,0.0,0.0,2023-10-30,1269.0080627441407,247.30759066267117,1516.3156534068119,1021.7004720814696,1763.623244069483,774.3928814187984,-37.291237919936904,102.789098433305,1822430,139491.57806088458,162369.09255474363,798.0460152346602,78.92128295238311,1428.1445732801694,1536.3595221368691,1367.701799190175,1596.8022962268635,1259.4868503334753,1705.0172450835632,1199.044076243481,0.38721681412995307,-34.12414718742299,135.2036118490173,140.58145866748828,-5.377846818470971,67.19571727257537,51.143936219238725,1410.3692626953125,1269.0080627441407,1004.8246057128906,840.8520129394532,EIMCOELECO.NS,2025-02-13 10:48:46.700928
321,2023-10-27 00:00:00+05:30,1429.0758158548774,1457.6094187222902,1336.8902266172956,1353.302001953125,17414,0.0,0.0,2023-10-27,1239.1450317382812,256.8828588379775,1496.0278905762586,982.2621729003038,1752.9107494142363,725.3793140623262,-69.47791608350836,97.34114140374868,1789024,66673.75488748787,168088.47117820836,792.4987165508942,81.15319445458093,1382.6005490975704,1428.310871577845,1307.5916794728505,1503.319741202565,1261.8813569925758,1549.0300636828397,1186.872487367856,0.37162676715044574,-47.302625071628285,137.2686763686927,141.92592037210602,-4.657244003413325,60.99291878641877,52.022458382815955,1415.696875,1239.1450317382812,990.1716918945312,831.9536352539062,EIMCOELECO.NS,2025-02-13 10:48:46.700928
322,2023-10-26 00:00:00+05:30,1396.7509283628415,1426.6313727226543,1328.1604809878804,1397.1500244140625,24427,0.0,0.0,2023-10-26,1214.7193481445313,268.42288964082417,1483.1422377853555,946.2964585037071,1751.5651274261795,677.873568862883,-46.79444736730704,105.31574405432525,1806438,96555.01258784445,193442.1502508885,790.0961474316595,82.85623672772007,1383.9806260415323,1439.8007710951842,1341.3298793604104,1482.4515177763062,1285.5097343067584,1538.2716628299581,1242.8589876256365,0.3921650885840242,-39.088488310919814,149.90845099222702,143.09023137295935,6.818219619267666,65.07950222209772,53.19897762314885,1461.3606689453125,1214.7193481445313,977.8713049316407,824.423916015625,EIMCOELECO.NS,2025-02-13 10:48:46.700928
323,2023-10-25 00:00:00+05:30,1437.60585823631,1466.1893929404637,1356.095512698779,1398.0479736328125,25261,0.0,0.0,2023-10-25,1186.0909423828125,278.2937357019706,1464.384678084783,907.7972066808419,1742.6784137867537,629.5034709788713,-13.63484095816809,121.33657267758382,1830865,99915.8213782168,217663.9346666495,786.4260133671668,85.18487958222329,1406.7776264240183,1457.4597401492576,1347.365859907573,1516.871506665703,1296.6837461823336,1567.5536203909423,1237.2719796658882,0.39136147675277666,-35.71244212219546,159.50148673011063,141.38567646814244,18.115810261968193,65.16271084318416,54.7014571651787,1507.044384765625,1186.0909423828125,964.6759985351563,816.37208984375,EIMCOELECO.NS,2025-02-13 10:48:46.700928
324,2023-10-23 00:00:00+05:30,1466.5884754021602,1556.2798629831377,1427.4295654296875,1427.4295654296875,29255,0.0,0.0,2023-10-23,1157.7493682861327,284.36872463815854,1442.1180929242912,873.3806436479742,1726.4868175624497,589.0119190098156,34.50070821558521,153.7927926491899,1856126,118145.29742294295,247100.96298875764,782.5779518860141,87.58126182901411,1470.379664614171,1513.3297637986543,1384.479466245204,1599.2299621676211,1341.5293670607207,1642.1800613521045,1255.6291686917539,0.4018764095511809,-31.094059678729813,169.27835586949232,136.85672390265037,32.42163196684194,67.79004066685692,55.88540735980518,1532.3953857421875,1157.7493682861327,951.6802270507812,808.3954058837891,EIMCOELECO.NS,2025-02-13 10:48:46.700928
325,2023-10-20 00:00:00+05:30,1580.2739219084026,1600.8760217690528,1502.5548095703125,1502.5548095703125,54739,0.0,0.0,2023-10-20,1128.4724700927734,285.28303989713817,1413.7555099899116,843.1894301956352,1699.0385498870496,557.9063902984971,73.38821871513086,194.76903069384718,1885381,232695.95393142858,279339.8793802113,777.844867129846,90.04980472344506,1535.3285469698924,1568.1022843694723,1469.781072170732,1633.6497591686327,1437.007334771152,1666.4234965682126,1371.4598599719916,0.43627775054726214,-21.340937818897466,176.33724586537983,128.75131591093987,47.58592995443996,74.96740230085643,55.96829036667522,1524.154541015625,1128.4724700927734,937.9970568847656,800.1555853271484,EIMCOELECO.NS,2025-02-13 10:48:46.700928
326,2023-10-19 00:00:00+05:30,1634.996811822639,1636.144045536284,1556.978221008768,1581.6209716796875,21936,0.0,0.0,2023-10-19,1097.1004486083984,276.3398455688802,1373.4402941772787,820.7606030395182,1649.780139746159,544.420757470638,106.47260085048849,244.92766489632146,1940120,98157.05099530092,291000.8607424069,767.7534726061145,96.48990460289069,1591.5810794082465,1626.183937807725,1547.018113280209,1670.7469039357625,1512.4152548807306,1705.349762335241,1467.852288752693,0.5138020620928627,-11.30070260689134,175.30428937860802,116.85483342232988,58.44945595627814,83.61947228010305,54.60388970972716,1506.2462158203125,1097.1004486083984,922.8093859863282,790.8874066162109,EIMCOELECO.NS,2025-02-13 10:48:46.700928
327,2023-10-18 00:00:00+05:30,1615.0431608766228,1676.1010800789802,1545.4051030013932,1625.568603515625,112916,0.0,0.0,2023-10-18,1061.7701293945313,255.5188589277349,1317.2889883222663,806.2512704667964,1572.807847250001,550.7324115390616,143.12069680012561,300.6263599470928,1962056,519304.92026351666,339211.8131791834,763.1864677411709,99.37947757361967,1615.6915955319994,1685.9780880626056,1555.2821109850186,1746.3875726095864,1484.9956184544124,1816.6740651401926,1424.5861339074315,0.5370523888067131,-6.044155741426507,163.53884746615677,102.24246943326034,61.29637803289643,88.9159829590484,51.93914303009857,1438.563623046875,1061.7701293945313,905.7690222167969,780.8933892822265,EIMCOELECO.NS,2025-02-13 10:48:46.700928
328,2023-10-17 00:00:00+05:30,1408.7230281393101,1524.802978515625,1323.471389350925,1524.802978515625,122553,0.0,0.0,2023-10-17,1022.4590759277344,222.56918156104877,1245.028257488783,799.8898943666857,1467.5974390498318,577.3207128056368,116.59134620108344,284.9316460089456,1849140,528687.8481059525,294188.5364081001,737.5354259802808,99.26847084055805,1457.6924487940585,1591.913508237192,1390.581919072492,1659.0240379587585,1256.3608596293584,1793.245097401892,1189.2503299077919,0.5754345633832981,-0.0,141.66947934491645,86.91837492503623,54.75110441988022,87.18824097321877,49.0694158366524,1356.524462890625,1022.4590759277344,887.5643701171875,770.5504498291016,EIMCOELECO.NS,2025-02-13 10:48:46.700928
329,2023-10-16 00:00:00+05:30,1444.6395087703145,1469.4318129991977,1332.400596659361,1386.225341796875,40977,0.0,0.0,2023-10-16,988.5005706787109,191.53923314541453,1180.0398038241256,796.9613375332964,1371.57903696954,605.4221043878819,118.80268863215908,304.6768268309281,1726587,160707.31434487944,235563.70848363702,711.2722227563913,99.05583102211254,1396.0192504851445,1459.637904310928,1322.6066879710913,1533.0504668249812,1258.988034145308,1596.6691206507646,1185.5754716312547,0.4901975912557444,-12.696966882340211,121.44744111628404,73.23059882006616,48.21684229621788,84.00425826135121,46.20477246626094,1284.0530517578125,988.5005706787109,871.5346594238281,761.2968139648438,EIMCOELECO.NS,2025-02-13 10:48:46.700928
330,2023-10-13 00:00:00+05:30,1212.1802999914673,1460.2532721619395,1212.1802999914673,1413.01318359375,105791,0.0,0.0,2023-10-13,963.591015625,168.0471503507433,1131.6381659757433,795.5438652742566,1299.6853163264866,627.4967149235133,139.3453694277722,345.1164789142997,1767564,422918.4053304206,254277.80701832642,703.6586829018152,98.40975660384709,1361.8155852490524,1511.4508705066376,1263.3778983361653,1609.8885574195247,1113.7426130785802,1759.5238426771098,1015.3049261656931,0.5306097142048182,-7.311043166035737,107.36478910471078,61.17638824601169,46.18840085869909,87.92682937255262,43.22745757650206,1224.5414794921876,963.591015625,858.5488684082031,753.6931945800782,EIMCOELECO.NS,2025-02-13 10:48:46.700928
331,2023-10-12 00:00:00+05:30,1215.3727341993879,1261.0664895776872,1215.1732470772333,1243.2080078125,20440,0.0,0.0,2023-10-12,936.1697967529296,131.65739781905984,1067.8271945719894,804.5123989338698,1199.4845923910493,672.85500111481,124.5871219469433,311.78422362978534,1661773,71892.95588737339,212117.65744030284,682.3811995495746,97.32328923291277,1239.8159148224734,1264.4585825677134,1218.5653400672595,1285.7091573229272,1193.9226723220195,1310.3518250681673,1172.6720975668056,0.49722296942891203,-6.692710188323197,85.06979129012984,49.62928803133691,35.44050325879293,83.35109123501545,40.03968093875128,1138.6013671875,936.1697967529296,845.3276220703125,745.7707293701172,EIMCOELECO.NS,2025-02-13 10:48:46.700928
332,2023-10-11 00:00:00+05:30,1175.2661459589033,1273.9864581461625,1137.404267475798,1215.372802734375,95912,0.0,0.0,2023-10-11,919.1868072509766,110.11071063281865,1029.2975178837953,809.076096618158,1139.408228516614,698.9653859853393,156.101257556904,326.156334098636,1641333,329795.03300447616,247173.83282853517,679.1119947327088,97.22411623712904,1208.9211761187785,1280.438084761759,1143.8558940913945,1345.503366789143,1072.338985448414,1417.0202754321235,1007.27370342103,0.4832141983445643,-12.745417800333268,71.95973880461327,40.76916221663867,31.190576587974597,82.33166268654406,37.167424028264975,1077.2640625,919.1868072509766,835.8087658691406,739.9085321044922,EIMCOELECO.NS,2025-02-13 10:48:46.700928
333,2023-10-10 00:00:00+05:30,1089.4656663567982,1176.2637551599496,1089.4656663567982,1162.4459228515625,179273,0.0,0.0,2023-10-10,905.9725463867187,85.88921421490119,991.8617606016198,820.0833321718176,1077.7509748165212,734.1941179569163,182.31876826675563,294.2908164114959,1545421,589588.8943570467,226518.53278454993,664.0311301600459,96.63838554202164,1142.7251147894367,1195.9845632220752,1109.1864744189238,1229.523203592588,1055.9270259862853,1282.7826520252265,1022.3883856157724,0.5547006816429705,-3.815420545405111,56.825945761841126,32.971518069645015,23.85442769219611,80.19026315017686,34.074224278510485,1012.5745483398438,905.9725463867187,826.8456164550781,734.4404779052734,EIMCOELECO.NS,2025-02-13 10:48:46.700928
334,2023-10-09 00:00:00+05:30,993.6884705524376,1105.4285395302218,993.6884705524376,1088.66748046875,179929,0.0,0.0,2023-10-09,893.2122283935547,61.18508738189318,954.3973157754479,832.0271410116616,1015.5824031573411,770.8420536297683,208.4837032263558,235.06049464458286,1366148,554189.210566696,135750.9423914257,636.3786959639585,93.65113781417111,1062.5948301838032,1131.5011898151688,1019.7611208373846,1174.3348991615874,950.854761206019,1243.241258792953,908.0210518596004,0.47787177653316715,-5.753441801602348,41.80160123702592,27.007911146595983,14.793690090429937,76.50438561285765,31.18118830731463,954.8987182617187,893.2122283935547,818.9669445800781,729.3774896240234,EIMCOELECO.NS,2025-02-13 10:48:46.700928
335,2023-10-06 00:00:00+05:30,982.6641671086714,983.3126220703125,962.4611627558293,983.3126220703125,18692,0.0,0.0,2023-10-06,882.5495361328125,40.372513884477875,922.9220500172903,842.1770222483347,963.2945639017682,801.8045083638567,204.53318930673993,157.9529445700276,1186219,52000.68157573146,31141.375347608104,609.70844549747,76.78703760230916,976.3621356321514,990.2631085084736,969.4116491939903,997.2135949466347,955.5106763176682,1011.1145678229568,948.5601898795071,0.23454023564699825,-0.0,29.198588538607282,23.3094886239885,5.889099914618782,68.8096512494987,28.51004900744408,916.9669677734375,882.5495361328125,812.2625427246094,725.0112145996094,EIMCOELECO.NS,2025-02-13 10:48:46.700928
336,2023-10-05 00:00:00+05:30,900.7047764639092,936.521484375,897.5121908208124,936.521484375,19160,0.0,0.0,2023-10-05,876.3240173339843,32.930908757223364,909.2549260912077,843.3931085767609,942.1858348484311,810.4621998195375,151.2989555323152,108.52602414813957,1167527,50766.228390193675,25926.54879057726,607.4056985969943,73.17179972535618,923.5183865236041,949.5245822263959,910.5152886722083,962.5276800777917,884.5090929694165,988.5338757805835,871.5059951180207,0.1378598779603188,-0.0,22.99636759974146,21.837213645333804,1.1591539544076568,63.93911177554821,26.90558383912228,896.0356689453125,876.3240173339843,807.9725219726563,721.8187322998047,EIMCOELECO.NS,2025-02-13 10:48:46.700928
337,2023-10-04 00:00:00+05:30,890.5783893300232,907.7883560535741,876.3614602975247,891.9252319335938,7438,0.0,0.0,2023-10-04,873.3135192871093,29.73519395217279,903.0487132392822,843.5783253349365,932.7839071914549,813.8431313827638,95.58101029458278,79.32421218631443,1148367,18769.22211241702,19716.628890673157,605.3131503876608,60.54051808656868,892.0250160948975,907.6885718922704,876.2616761362209,923.451911850947,860.598120338848,939.1154676483199,844.8347803801714,0.041497064326976085,-28.242873346083027,19.315433631341875,21.547425156731887,-2.2319915253900113,58.15560482666602,25.990094505111177,881.6890380859375,873.3135192871093,804.9315954589844,718.75025390625,EIMCOELECO.NS,2025-02-13 10:48:46.700928
338,2023-10-03 00:00:00+05:30,899.9066895675651,907.7883800531105,862.8928135004049,874.0667724609375,8238,0.0,0.0,2023-10-03,871.043798828125,29.971335248348463,901.0151340764735,841.0724635797765,930.9864693248219,811.1011283314281,79.47386540969498,71.69495093009198,1140929,20371.73641177795,19953.48058523719,604.6039724936045,51.37731300727995,881.5826553381509,900.2724971758968,855.3769306231912,926.4782218908564,836.6870887854453,945.1680637286023,810.4813640704857,0.038184744163923146,-57.208969658835656,18.702119796615193,22.10542303807939,-3.4033032414641973,55.50186356097204,25.63962220396715,868.2203735351562,871.043798828125,803.1028491210938,716.2237353515625,EIMCOELECO.NS,2025-02-13 10:48:46.700928
339,2023-09-29 00:00:00+05:30,902.8997013740938,922.5539943451374,840.0459100077203,899.0087280273438,19266,0.0,0.0,2023-09-29,869.7892181396485,30.3607648893231,900.1499830289716,839.4284532503253,930.5107479182947,809.0676883610023,117.8011106822982,80.78997673810245,1149167,49002.373224743045,19848.916628601997,603.8634863495229,61.17865089537892,887.2028774600672,934.359844912414,851.8517605749969,969.7109617974843,804.69479312265,1016.8679292498311,769.3436762375798,0.03571301220982007,-39.40906192340997,19.392314459361387,22.95624884844544,-3.5639343890840536,60.47496377664414,25.262190495042812,859.6503173828125,869.7892181396485,801.0755651855469,713.357216796875,EIMCOELECO.NS,2025-02-13 10:48:46.700928
340,2023-09-28 00:00:00+05:30,886.9368535285868,895.6166751850149,862.9925515210658,878.6561279296875,4264,0.0,0.0,2023-09-28,867.9834228515625,29.59579222773236,897.5792150792948,838.3876306238302,927.1750073070273,808.7918383960978,87.47074723799065,76.37233656099947,1129901,10599.802856228644,12560.552479566735,601.9544079698179,56.16131208582829,879.0884515452561,895.1843515694464,862.5602279054974,911.7125752092052,846.4643278813071,927.8084752333955,829.9361042415484,0.037763713115916024,-53.93376119768163,17.525745116347025,23.84723244571645,-6.321487329369425,57.5961880903741,24.85572557773968,848.2268920898438,867.9834228515625,798.1433874511719,710.1794250488281,EIMCOELECO.NS,2025-02-13 10:48:46.700928
341,2023-09-27 00:00:00+05:30,828.4728432430379,865.7860092916193,814.1062382113178,864.788330078125,5702,0.0,0.0,2023-09-27,865.5266357421875,30.682662656476502,896.209298398664,834.843973085711,926.8919610551405,804.1613104292345,-43.72772365899721,48.14468093417421,1125637,13950.786200046525,13050.739885401257,601.5577212678365,59.61969858541667,848.2268591936873,882.3474801760569,830.6677090957554,899.9066302739889,796.5470881133858,934.0272512563585,778.9879380154539,0.16919236600549795,-63.830560251554445,16.874851874433375,25.42760427805881,-8.552752403625433,55.54708821328255,25.02039319259199,847.5185424804688,865.5266357421875,794.9019274902344,707.3204553222656,EIMCOELECO.NS,2025-02-13 10:48:46.700928
342,2023-09-26 00:00:00+05:30,841.3429085850373,842.9392319386718,823.0853902882543,824.5819091796875,516,0.0,0.0,2023-09-26,861.8152709960938,34.96682757047052,896.7820985665643,826.8484434256233,931.7489261370348,791.8816158551527,-121.6418357876197,31.653686830152594,1119935,1203.774540183728,12825.72830673994,601.0521113602424,56.17811606982861,830.2021771355379,837.3189639828215,817.465122332404,850.0560187859554,810.3483354851204,857.172805633239,797.6112806819865,0.214438977276789,-98.85888154108517,17.151599680781942,27.565792378965163,-10.414192698183221,48.89963729814085,25.97742934537871,849.5637939453125,861.8152709960938,791.2594006347656,704.6471722412109,EIMCOELECO.NS,2025-02-13 10:48:46.700928
343,2023-09-25 00:00:00+05:30,830.0691362040332,857.0064759606545,823.135253236127,831.2164916992188,5284,0.0,0.0,2023-09-25,858.2460723876953,41.91942145801259,900.1654938457079,816.3266509296827,942.0849153037205,774.4072294716701,-108.33556037096311,40.61448753330422,1120451,12426.20774182564,15731.21674837899,601.0132504832602,58.72307088727005,837.1194069653334,851.1035606945397,817.2323379700123,870.9906296898608,803.2481842408059,884.9747834190672,783.3611152454848,0.2663640504513289,-93.83558874199099,21.205771283744525,30.16934055351097,-8.963569269766445,50.04545179239474,27.69983552158854,852.5169189453125,858.2460723876953,787.771513671875,702.5397430419922,EIMCOELECO.NS,2025-02-13 10:48:46.700928
344,2023-09-22 00:00:00+05:30,887.9345228046619,893.222210593224,831.3660977686295,841.8916015625,5309,0.0,0.0,2023-09-22,852.5518157958984,52.24707839884904,904.7988941947474,800.3047373970494,957.0459725935965,748.0576589982003,-77.7668248235028,62.24041694229336,1125735,12645.341203851523,16557.46900001733,600.6026914882016,58.92587720726144,855.4933033081179,879.6205088476063,817.7643960230118,917.3494161327123,793.6371904835235,941.4766216722007,755.9082831984174,0.28991718892523427,-89.04707540663507,25.421634053284492,32.410232870952576,-6.988598817668084,51.86323166094934,29.5530730020473,855.4001953125,852.5518157958984,784.3205407714844,699.8082928466797,EIMCOELECO.NS,2025-02-13 10:48:46.700928
345,2023-09-21 00:00:00+05:30,901.8022998626388,901.8022998626388,862.992552618684,875.1143798828125,3535,0.0,0.0,2023-09-21,846.6231079101562,59.71435426681868,906.3374621769749,786.9087536433376,966.0518164437937,727.1943993765188,-14.405466421059478,92.07758857619153,1131044,8752.172889502326,17535.500949058776,600.1695494593213,65.29815387164223,879.9697441213784,896.9469356240728,858.137188380118,918.7794913653332,841.1599968774236,935.7566828680276,819.3274411361632,0.29834573316667895,-62.712508482470824,29.382703081489126,34.157382575369596,-4.77467949388047,57.9419727314251,31.285734936625637,864.6287231445312,846.6231079101562,781.2097778320312,696.9710809326172,EIMCOELECO.NS,2025-02-13 10:48:46.700928
346,2023-09-20 00:00:00+05:30,833.2617345093437,881.2999545946703,833.2617345093437,875.0145874023438,13208,0.0,0.0,2023-09-20,839.5321014404296,64.39038335170581,903.9224847921355,775.1417180887238,968.3128681438412,710.751334737018,-54.06262153893433,79.93931089039887,1127509,32697.458948728414,19731.33296394789,599.8405201165414,69.3530361960958,863.192092168786,893.1224498282282,845.0842297429016,911.2303122541126,815.1538720834593,941.1606699135549,797.0460096575749,0.310852627234465,-62.79161058916688,30.73693900148578,35.35105244883971,-4.61411344735393,57.92818918531799,32.052329129340876,862.5236083984375,839.5321014404296,777.6071569824219,694.1361474609375,EIMCOELECO.NS,2025-02-13 10:48:46.700928
347,2023-09-18 00:00:00+05:30,858.0041481852071,865.4368707173736,828.0737709229323,839.3475341796875,2270,0.0,0.0,2023-09-18,832.4485778808594,67.97432300512435,900.4229008859837,764.474254875735,968.3972238911081,696.4999318706107,-105.5972994216075,63.47838510885563,1114301,5390.5034188023865,16489.80146775276,598.6045998749169,71.00531906973356,844.2860586066645,860.4983462903966,823.1352464959554,881.6491584011058,806.9229588122232,897.8614460848379,785.7721467015141,0.23152591118751398,-60.146249173986334,32.014888203929445,36.50458081067819,-4.489692606748747,52.805184094858994,33.4068982210978,868.2303344726563,832.4485778808594,773.5964855957031,691.2794494628906,EIMCOELECO.NS,2025-02-13 10:48:46.700928
348,2023-09-15 00:00:00+05:30,906.8904013500896,906.8904013500896,843.6375151163442,845.6328735351562,7452,0.0,0.0,2023-09-15,827.1957977294921,71.38662740933164,898.5824251388237,755.8091703201605,969.9690525481554,684.4225429108288,-50.01808012162865,92.37905371145298,1116571,17828.563555257475,19264.625979990353,598.4186222666748,75.0781013561041,865.38693000053,887.1363448847159,823.8834586509704,928.6398162342755,802.1340437667845,950.3892311184613,760.6305724172249,0.21315683619795558,-55.46499242826249,36.67864070922974,37.62700396236538,-0.9483632531356392,53.8794696782547,35.30664406689784,890.5783447265625,827.1957977294921,769.6576489257812,688.2440142822265,EIMCOELECO.NS,2025-02-13 10:48:46.700928
349,2023-09-14 00:00:00+05:30,864.6885837379497,897.9112892619402,864.5389074990035,888.0342407226562,4216,0.0,0.0,2023-09-14,822.0777069091797,73.62940635814658,895.7071132673263,748.4483005510331,969.3365196254729,674.8188941928865,1.139836586958764,122.06412368980791,1124023,10592.341241668413,19623.641586173573,597.7900859405347,80.95864382041468,883.4948124945332,902.450717490063,869.0783357271263,916.8671942574699,850.1224307315965,935.8230992529997,835.7059539641896,0.28971940246133865,-26.705593686400842,41.474909499807154,37.86409477564929,3.610814724157862,61.74183557920142,36.808861855478185,902.8996826171875,822.0777069091797,765.5741491699218,685.3263391113281,EIMCOELECO.NS,2025-02-13 10:48:46.700928
350,2023-09-13 00:00:00+05:30,863.0424155070318,896.8637661444726,858.4032435710964,864.5888061523438,9076,0.0,0.0,2023-09-13,814.8395477294922,73.91919658907102,888.7587443185632,740.9203511404212,962.6779409076343,667.0011545513502,-18.346916522050286,119.75058107284597,1119807,22200.652824533252,21881.46667229986,597.3719925867142,80.11624618663058,873.2852719559709,888.1673003408454,849.7067777674691,911.7457945293471,834.8247493825946,926.6278229142216,811.2462551940929,0.29801191865554816,-36.1642254812708,42.81128702382557,36.96139109460982,5.849895929215748,58.642438880123755,37.6408928756927,900.3755615234375,814.8395477294922,760.497958984375,681.0617889404297,EIMCOELECO.NS,2025-02-13 10:48:46.700928
351,2023-09-12 00:00:00+05:30,940.8115126056649,954.230310409548,903.5482177734375,903.5482177734375,9357,0.0,0.0,2023-09-12,808.7736602783203,74.59648121548697,883.3701414938073,734.1771790628334,957.9666227092943,659.5806978473464,103.01135807786392,194.45282420462217,1128883,23919.363170112294,21801.670134241507,596.5407719955169,84.52634505342814,920.4422486521411,937.3362795308446,886.6541868947342,971.1243412882516,869.7601560160306,988.0183721669551,835.9720942586237,0.3868006699677565,-20.44676337309066,46.1826194247767,35.49891711230588,10.683702312470821,67.01848501711932,38.56039671614737,899.2182495117188,808.7736602783203,755.7699584960938,676.2627243041992,EIMCOELECO.NS,2025-02-13 10:48:46.700928
352,2023-09-11 00:00:00+05:30,937.8184640409576,952.584104274816,932.8799397377852,951.0875854492188,10719,0.0,0.0,2023-09-11,800.5103820800781,72.67418100058364,873.1845630806617,727.8362010794945,945.8587440812454,655.1620200789108,195.4118752203608,254.4385311814279,1138240,28842.73458275277,21272.24687527381,595.5530412565473,91.18957740472979,945.5172098206067,958.1544799034282,938.4503153663974,965.2213743576375,925.8130452835759,977.858644440459,918.7461508293666,0.4762768183952041,-0.6077796084591353,45.962298105359764,32.82799153418818,13.134306571171585,79.95894229814952,37.64031858453159,893.7709106445312,800.5103820800781,749.6651586914063,671.1893615722656,EIMCOELECO.NS,2025-02-13 10:48:46.700928
353,2023-09-08 00:00:00+05:30,896.9136075479955,918.86255011313,892.9228907179711,907.2395629882812,7703,0.0,0.0,2023-09-08,789.8252380371093,64.63545793128684,854.4606959683962,725.1897801058225,919.096153899683,660.5543221745356,116.72202200917623,226.10065720395932,1127521,19771.677969830413,19379.624948404067,594.2378385448162,86.21693200311397,906.3416679397942,919.7604451616173,893.8207857664584,932.2813273349532,880.4020085446352,945.7001045567763,867.8811263712994,0.4313748909471594,-5.469495202086644,40.301914173713044,29.544414891395277,10.757499282317767,75.98783005484249,35.082423241273474,872.8595581054688,789.8252380371093,742.53474609375,665.7004797363281,EIMCOELECO.NS,2025-02-13 10:48:46.700928
354,2023-09-07 00:00:00+05:30,858.8022520450567,900.8045833346691,829.0714237569039,875.4136352539062,12032,0.0,0.0,2023-09-07,781.8762298583985,58.962506656861954,840.8387365152604,722.9137232015365,899.8012431721223,663.9512165446746,67.53776811565766,188.41615167118528,1119818,29799.76091850495,19281.611693047482,593.4035441904934,82.6112159623492,868.4298807818265,907.788337806749,836.0551782289838,940.1630403595917,796.6967212040612,979.5214973845143,764.3220186512185,0.45526341030503037,-13.057983394112258,36.76263825853482,26.855040070815836,9.907598187718985,72.28642676560432,32.705892373868934,861.2066772460937,781.8762298583985,736.6025463867187,660.6367172241211,EIMCOELECO.NS,2025-02-13 10:48:46.700928
355,2023-09-06 00:00:00+05:30,876.9600197740294,876.9600197740294,848.0273228759102,858.80224609375,1661,0.0,0.0,2023-09-06,775.2691009521484,55.213936427044025,830.4830373791924,720.0551645251044,885.6969738062364,664.8412280980604,70.20768564676833,194.88995636935041,1107786,4035.751843141752,16652.07438668311,592.2245081663971,81.02673628203681,861.2631962478966,874.4990696198831,845.5663727217639,890.1958931460159,832.3304993497774,903.4317665180024,816.6336758236446,0.44497117722014895,-19.57896749703922,34.80865457947937,24.37814052388609,10.430514055593278,70.04930171560287,30.38647700532491,858.7025146484375,775.2691009521484,730.89482421875,655.8209481811523,EIMCOELECO.NS,2025-02-13 10:48:46.700928
356,2023-09-05 00:00:00+05:30,833.3115731720758,884.9414730962361,830.0691156889159,876.3115234375,5114,0.0,0.0,2023-09-05,769.4875518798829,51.965046604857456,821.4525984847403,717.5225052750254,873.4176450895977,665.557458670168,86.7689603632253,219.57891672752066,1109447,12678.880135132362,19806.15502256845,592.0705620128996,80.62120010980648,863.7740374075506,897.4789591261854,842.6066017188651,918.6463948148709,808.9016800002304,952.3513165335056,787.7342443115449,0.46508869312972995,-10.342122520054676,33.4155296413179,21.77051200998777,11.645017631330134,76.05941332987364,28.25046387758519,852.846142578125,769.4875518798829,725.7188659667969,651.0728213500977,EIMCOELECO.NS,2025-02-13 10:48:46.700928
357,2023-09-04 00:00:00+05:30,830.0691155347672,867.9809261000571,830.0691155347672,846.5308227539062,4868,0.0,0.0,2023-09-04,762.1521148681641,46.117821908588326,808.2699367767524,716.0342929595757,854.3877586853407,669.9164710509874,89.7265063616243,212.30340911808878,1104333,11658.830675473573,21587.973744427472,591.5642763968791,80.68406156504095,848.1936214629101,866.3181273910529,828.406316825763,886.1054320282,810.2818108976202,904.2299379563428,790.4945062604731,0.4843398852280658,-26.052634731372393,29.401213131464374,18.859257602155232,10.541955529309142,72.30708068876234,25.95014204771165,835.696044921875,762.1521148681641,719.9622570800781,646.16345703125,EIMCOELECO.NS,2025-02-13 10:48:46.700928
358,2023-09-01 00:00:00+05:30,895.9159546018083,895.9159546018083,835.0575211600374,848.9751586914062,8260,0.0,0.0,2023-09-01,755.5923736572265,42.68710810143105,798.2794817586575,712.9052655557955,840.9665898600886,670.2181574543645,132.4781322175637,251.49549809161124,1109201,19839.772135098516,24070.259511665943,591.1312454391779,83.8895905933741,859.982878151084,884.9082351421307,824.0498017003598,920.8413115928549,799.1244447093131,945.7666685839016,763.1913682585889,0.49198001809263364,-24.763149638235813,26.74914640766542,16.223768719827945,10.525377687837477,73.17972602364512,23.743936051447182,817.0294677734375,755.5923736572265,714.8581311035156,641.5009320068359,EIMCOELECO.NS,2025-02-13 10:48:46.700928
359,2023-08-31 00:00:00+05:30,848.0273768319897,870.9739999697965,839.0482634302392,862.892822265625,17170,0.0,0.0,2023-08-31,749.3094879150391,37.10116202726011,786.4106499422992,712.208325887779,823.5118119695593,675.1071638605189,193.23909494363122,255.29876059890373,1117461,41916.86571532723,25127.881355807796,590.3860409432066,81.17565411434957,857.6383618885535,876.2284603468678,844.3027238073105,889.5640984281108,825.7126253489962,908.1541968864251,812.3769872677532,0.5404925093987921,-4.909075058800718,22.707677193083327,13.592424297868575,9.115252895214752,78.17782992592021,21.088019180707025,790.7007080078125,749.3094879150391,709.8677392578124,636.7224197387695,EIMCOELECO.NS,2025-02-13 10:48:46.700928
360,2023-08-30 00:00:00+05:30,787.1688913844376,830.0690971252878,763.2245905058236,829.5203857421875,21131,0.0,0.0,2023-08-30,743.0116363525391,25.764218454020185,768.7758548065593,717.2474178985188,794.5400732605794,691.4831994444987,214.6697714320205,160.92918335423292,1100291,49591.67339778553,20930.635265927936,588.7390048057092,76.63280381648033,807.604691124433,851.9847917430424,785.1402851235781,874.4491977438972,740.7601845049687,918.8292983625066,718.2957785041139,0.5055312588681211,-0.443538577415827,15.81863720736078,11.313611074064887,4.5050261332958925,74.26521259985677,18.621672916825226,762.7856323242188,743.0116363525391,704.9661401367188,631.7527737426758,EIMCOELECO.NS,2025-02-13 10:48:46.700928
361,2023-08-29 00:00:00+05:30,768.2129963593039,790.8104549602627,758.435752220705,790.56103515625,14612,0.0,0.0,2023-08-29,739.1331604003906,16.071220931553267,755.2043813319439,723.0619394688373,771.2756022634971,706.990718537284,282.4084043152533,107.96936882142255,1079160,32681.856478508358,13765.375732963537,586.9345709343145,68.23135013985312,779.9357474457393,801.4357426707735,769.0610399312158,812.310450185297,747.5610447061815,833.8104454103312,736.686337191658,0.2929853165963027,-0.29533364414849655,10.04558147101875,10.187354540740914,-0.14177306972216464,68.05599533524145,16.793770641506462,743.5404052734375,739.1331604003906,700.3418969726563,627.1123983764649,EIMCOELECO.NS,2025-02-13 10:48:46.700928
362,2023-08-28 00:00:00+05:30,707.5541128364614,753.1979370117188,706.3568855974254,753.1979370117188,10787,0.0,0.0,2023-08-28,737.9683685302734,12.621721302510162,750.5900898327836,725.3466472277632,763.2118111352937,712.7249259252532,32.78663320927676,33.46666621498961,1064548,22986.425957548734,9036.25554657733,585.8738568820297,58.803849266336066,737.5842532069543,768.8116208164831,721.9705694021898,784.4253046212476,690.7432017926609,815.6526722307765,675.1295179878964,,-0.0,6.33902067733186,10.222797808171455,-3.8837771308395954,59.31518099149266,15.966691993601597,732.097021484375,737.9683685302734,696.9378149414063,622.877451171875,EIMCOELECO.NS,2025-02-13 10:48:46.700928
363,2023-08-25 00:00:00+05:30,717.3313598632812,723.3174351889832,713.34064297948,717.3313598632812,412,0.0,0.0,2023-08-25,738.66923828125,13.842098019155529,752.5113363004056,724.8271402620945,766.3534343195611,710.985042242939,-198.17025545300177,4.764253970343752,1053761,836.1393899531057,5548.712943834476,585.2279247766654,54.11967150172935,717.9964793439149,722.6523157083498,712.6755234988466,727.973271553418,708.0196871344117,732.6291079178529,702.6987312893434,,-77.59694635959345,5.177152953022414,11.193742090881353,-6.016589137858938,46.18759934584333,16.732523904692208,728.3158203125,738.66923828125,694.1922009277343,618.870654296875,EIMCOELECO.NS,2025-02-13 10:48:46.700928
364,2023-08-24 00:00:00+05:30,723.3174438476562,733.2942361765894,723.3174438476562,723.3174438476562,2821,0.0,0.0,2023-08-24,741.2282867431641,14.40906203818896,755.637348781353,726.8192247049751,770.046410819542,712.4101626667862,-174.6689402722959,21.313059128721456,1054173,5772.895216819436,6726.856332304819,585.2084441415581,50.27474371154781,726.643041290634,729.9686387336117,719.9918464046785,736.6198336195671,716.6662489617008,739.9454310625448,710.0150540757454,,-62.57816907418199,7.143482889502252,12.697889375346087,-5.554406485843835,48.6202532076211,16.451644162367437,733.503759765625,741.2282867431641,692.4865502929688,615.0602182006836,EIMCOELECO.NS,2025-02-13 10:48:46.700928
365,2023-08-23 00:00:00+05:30,733.2942504882812,738.2826467501063,728.3058542264563,733.2942504882812,1108,0.0,0.0,2023-08-23,742.7347839355468,14.007362287148688,756.7421462226955,728.7274216483981,770.7495085098442,714.7200593612495,-125.29922936443525,33.450754184248034,1056994,2298.6862073508796,6965.3466111761645,585.0688537318248,50.773617493928285,733.2942504882812,738.2826467501062,728.3058542264562,743.2710430119313,723.3174579646312,748.2594392737562,718.3290617028061,,-37.54687359849624,8.96320790229936,14.086490996807044,-5.123283094507684,52.933502884028584,16.733247342505834,737.494482421875,742.7347839355468,690.7720190429687,611.1775503540039,EIMCOELECO.NS,2025-02-13 10:48:46.700928
366,2023-08-22 00:00:00+05:30,733.3441162109375,735.2896029156711,733.2443726439291,733.3441162109375,5568,0.0,0.0,2023-08-22,744.5106506347656,14.966136460339616,759.4767870951052,729.544514174426,774.4429235554448,714.5783777140864,-151.10264228982786,36.68227861896171,1058102,11552.30611029444,8132.011712132486,585.0099876216286,48.94387563493818,733.9593639235126,734.6743552030961,732.629124931354,736.0045941952546,731.9141336517705,736.7195854748381,730.5838946596119,,-44.38261916191233,10.174636879799323,15.367311770433965,-5.192674890634642,52.95535794738335,17.347323262683386,739.48984375,744.5106506347656,688.9628564453125,607.2055059814453,EIMCOELECO.NS,2025-02-13 10:48:46.700928
367,2023-08-21 00:00:00+05:30,734.2919311523438,742.2733651866084,734.2919311523438,734.2919311523438,3508,0.0,0.0,2023-08-21,747.0672027587891,17.16402420050422,764.2312269592933,729.9031785582849,781.3952511597976,712.7391543577806,-34.91764220177882,42.80192539286442,1063670,7287.691674568214,7276.938112591997,584.7133604916311,50.057427758961765,736.9524091637653,739.6128871751869,731.6314531409222,744.93384319803,728.9709751295006,747.5943212094516,723.6500191066575,,-52.77519855084577,11.566560887703417,16.665480493092623,-5.098919605389206,53.343933424597715,18.320897260116833,740.4775512695312,747.0672027587891,686.5410852050782,603.2690859985352,EIMCOELECO.NS,2025-02-13 10:48:46.700928
368,2023-08-18 00:00:00+05:30,743.2710571289062,743.2710571289062,742.2733778575923,743.2710571289062,4116,0.0,0.0,2023-08-18,750.377001953125,20.607791487854843,770.9847934409798,729.7692104652702,791.5925849288348,709.1614189774153,55.3432899038435,52.22739104911365,1067178,8655.34209315285,7274.249722097942,584.5246712985497,52.113228610955666,742.9384973718015,743.6036168860107,742.6059376146968,743.9361766431155,741.9408181004876,744.6012961573247,741.6082583433829,,-40.76261981742091,13.08004907953773,17.940210394439923,-4.860161314902193,57.016178295929656,19.43417133847392,741.0961059570312,750.377001953125,683.5174462890625,599.3781140136718,EIMCOELECO.NS,2025-02-13 10:48:46.700928
369,2023-08-17 00:00:00+05:30,743.2710571289062,743.2710571289062,734.8406551076013,743.2710571289062,2483,0.0,0.0,2023-08-17,751.8485778808594,21.118171778999322,772.9667496598587,730.73040610186,794.084921438858,709.6122343228607,41.00054107114182,51.92758310969982,1071294,5221.38348330868,6928.9766293342145,584.289361205687,50.34153129075695,740.4609231218046,746.081191136008,737.650789114703,748.8913251431096,732.0305211004996,754.511593157313,729.220387093398,,-41.99161649481686,13.935282174731583,19.155250723165473,-5.21996854843389,57.016178295929656,20.731698997110044,742.0937744140625,751.8485778808594,680.2320812988281,595.4211029052734,EIMCOELECO.NS,2025-02-13 10:48:46.700928
370,2023-08-16 00:00:00+05:30,743.2710571289062,743.2710571289062,737.2849815010225,743.2710571289062,6317,0.0,0.0,2023-08-16,752.3050170898438,21.021454830401684,773.3264719202455,731.2835622594421,794.3479267506472,710.2621074290404,45.48227587637171,55.479834827274274,1073777,13283.721089029776,7355.874915840597,584.1470714248187,57.60081280834262,741.2756985862783,745.2664156715341,739.2803400436503,747.2617742141621,735.2896229583945,751.2524912994179,733.2942644157665,,-41.991641820170805,14.81909905911266,20.460242860273947,-5.641143801161288,57.016178295929656,22.129036475641254,742.0937744140625,752.3050170898438,676.8794201660156,591.421535949707,EIMCOELECO.NS,2025-02-13 10:48:46.700928
371,2023-08-14 00:00:00+05:30,738.2826538085938,743.2211783337181,731.2988989752693,738.2826538085938,1361,0.0,0.0,2023-08-14,750.9706207275391,22.425265615474594,773.3958863430137,728.5453551120645,795.8211519584883,706.1200894965899,3.6213693471432333,54.33789227896511,1067460,2842.774686270898,5873.913372543302,583.7839211295138,44.48678173042438,737.600910372527,743.9029217697847,731.9806424113359,749.5231897309758,725.6786310140782,755.8252011282335,720.0583630528871,,-50.2904013164447,15.726120690492735,21.87052881056427,-6.144408120071535,55.658079853292435,23.492378373495434,742.0738159179688,750.9706207275391,673.7355786132813,587.4536386108398,EIMCOELECO.NS,2025-02-13 10:48:46.700928
372,2023-08-11 00:00:00+05:30,737.3847045898438,748.2594327025239,737.3847045898438,737.3847045898438,1326,0.0,0.0,2023-08-11,748.1895874023437,27.0529307576749,775.2425181600186,721.1366566446688,802.2954489176935,694.0837258869939,5.593934707562123,60.98854697391373,1066099,2766.300139715283,6631.698044111402,583.7079171176682,39.95860038599545,741.0096139607372,744.6345233316306,733.7597952189504,751.8843420734173,730.134885848057,755.5092514443107,722.8850671062703,,-52.33796911270219,17.14039082296506,23.406630840582153,-6.266240017617093,55.422193836449104,24.963092218016083,740.337841796875,748.1895874023437,670.9765270996094,583.4905953979492,EIMCOELECO.NS,2025-02-13 10:48:46.700928
373,2023-08-10 00:00:00+05:30,748.2593994140625,748.2593994140625,742.2733242187501,748.2593994140625,835,0.0,0.0,2023-08-10,743.8297302246094,34.80233263226516,778.6320628568745,709.0273975923443,813.4343954891398,674.2250649600791,17.59788603663412,70.04281959018114,1067425,1767.6663973436316,7598.047520210432,583.6342262839579,46.09510970898007,746.264041015625,750.2547578125,744.2686826171876,752.2501162109374,740.2779658203126,756.2408330078124,738.2826074218751,,-50.03127047380487,18.779816660735037,24.973190844986423,-6.193374184251386,58.938521091500256,26.225363884157304,735.9281005859375,743.8297302246094,668.0681811523438,579.4954608154297,EIMCOELECO.NS,2025-02-13 10:48:46.700928
374,2023-08-09 00:00:00+05:30,743.2710571289062,744.2687364002203,743.2710571289062,743.2710571289062,2167,0.0,0.0,2023-08-09,739.3501525878906,39.63281262846203,778.9829652163527,699.7173399594286,818.6157778448147,660.0845273309666,-1.6113913565016875,70.88064222732618,1066590,4556.8820009383435,9055.642800927131,583.5845011969373,64.88106771178465,743.603616886011,743.9361766431157,742.9384973718016,744.601296157325,742.6059376146969,744.9338559144297,741.9408181004876,,-66.11725832696996,19.523243180028885,26.521534391049265,-6.99829121102038,57.797131621680826,27.32757978749451,730.9397094726562,739.3501525878906,665.1105847167969,575.4742163085938,EIMCOELECO.NS,2025-02-13 10:48:46.700928
375,2023-08-08 00:00:00+05:30,743.1712646484375,743.1712646484375,729.6027909154509,743.1712646484375,2112,0.0,0.0,2023-08-08,736.5042724609375,41.34306581733254,777.8473382782701,695.1612066436049,819.1904040956026,653.8181408262724,-26.955841125786513,69.25631561262666,1064423,4440.6288130521125,10180.33300092433,583.459227276979,76.2155552853213,738.6484400707753,747.6940892260998,734.1256154931132,752.2169138037619,725.0799663377887,761.2625629590864,720.5571417601266,,-66.21422832965496,20.670523824783686,28.271107193804358,-7.600583369020672,57.77529020930408,28.67656610729729,729.67265625,736.5042724609375,662.3141137695312,571.5350189208984,EIMCOELECO.NS,2025-02-13 10:48:46.700928
376,2023-08-07 00:00:00+05:30,729.602783203125,729.602783203125,708.4021003070991,729.602783203125,6328,0.0,0.0,2023-08-07,734.0948760986328,42.326530300962446,776.4214063995952,691.7683457976703,818.7479367005576,649.4418154967079,-101.3557852431994,54.84413612085341,1062311,13062.148060900046,11615.259047892381,583.3370199771409,79.21885025600767,722.5358889044497,736.6696775018004,715.4689946057745,743.7365718004756,701.3352060084238,757.8703603978263,694.2683117097486,,-77.85176934097706,21.836029003269232,30.17125303605952,-8.33522403279029,54.82959435021389,30.171934804364803,731.4285766601563,734.0948760986328,658.9654272460938,567.5948403930664,EIMCOELECO.NS,2025-02-13 10:48:46.700928
377,2023-08-04 00:00:00+05:30,715.3359985351562,723.3174322705555,708.8510836251444,715.3359985351562,3593,0.0,0.0,2023-08-04,731.3387878417968,44.37927497591093,775.7180628177077,686.9595128658859,820.0973377936186,642.580237889975,-164.3149948403117,50.6318798065799,1055983,7271.582703382781,11253.536794640466,583.0009176246402,81.70038705919495,715.8348381436186,722.8185926620929,708.3522440166818,730.3011867890298,701.3684894982075,737.284941307504,693.8858953712706,,-84.23820634062345,24.33366973013733,32.255059044257095,-7.921389314119764,51.527609215677515,32.311895128960245,738.9610595703125,731.3387878417968,656.0177563476562,563.8784268188476,EIMCOELECO.NS,2025-02-13 10:48:46.700928
378,2023-08-03 00:00:00+05:30,723.3174438476562,736.9357897340532,722.2200210488768,723.3174438476562,2385,0.0,0.0,2023-08-03,727.6922729492187,48.562463416783736,776.2547363660025,679.1298095324349,824.8171997827861,630.5673461156513,-164.9072589125929,67.414578089697,1059576,4880.664690575805,12249.025317454885,582.8280309144944,86.37558026555178,727.4910848768621,732.7621487048475,718.0463800196711,742.2068535620385,712.7753161916858,747.4779173900239,703.3306113344947,,-50.92378530585097,28.567776882137537,34.23540637278704,-5.667629490649503,53.560723505221304,34.72505216626089,749.3369262695312,727.6922729492187,653.5365295410156,560.3398141479493,EIMCOELECO.NS,2025-02-13 10:48:46.700928
379,2023-08-02 00:00:00+05:30,736.935791015625,753.2478221443952,736.935791015625,736.935791015625,2692,0.0,0.0,2023-08-02,723.5992950439453,52.259537157127156,775.8588322010725,671.3397578868181,828.1183693581996,619.080220729691,-148.10690509952622,88.71990220070089,1061961,5612.6292447517835,14091.115474174654,582.7060931667437,83.04660561052475,742.3731347252151,747.8104784348052,731.498447306035,758.6851658539853,726.0611035964449,764.1225095635754,715.1864161772648,,-40.69322207528788,32.769820562904556,35.65231374544942,-2.882493182544863,57.13346765750675,36.92477957304157,758.3759033203125,723.5992950439453,651.0589685058594,556.6926864624023,EIMCOELECO.NS,2025-02-13 10:48:46.700928
380,2023-08-01 00:00:00+05:30,751.9508666992188,763.224630102422,751.9508666992188,751.9508666992188,4439,0.0,0.0,2023-08-01,718.4637420654296,55.80633696303605,774.2700790284657,662.6574051023936,830.0764159915018,606.8510681393575,-55.973107222202835,109.77843287335352,1064653,9443.571198759191,16210.73703153037,582.5548502909621,76.23987004823994,755.7087878336198,759.4667089680208,748.1929455648176,766.982551236823,744.4350244304165,770.7404723712241,736.9191821616143,,-32.478155981415796,36.31199653063368,36.37293704108563,-0.06094051045194959,61.322186967353474,38.651360824442605,761.67822265625,718.4637420654296,648.8375207519531,552.9657861328125,EIMCOELECO.NS,2025-02-13 10:48:46.700928
381,2023-07-31 00:00:00+05:30,767.2651977539062,767.2651977539062,767.2651977539062,767.2651977539062,1715,0.0,0.0,2023-07-31,712.2756378173829,58.68512136440411,770.960759181787,653.5905164529787,829.645880546191,594.9053950885747,27.511491386329592,131.60011261207185,1069092,3722.8134446128456,17902.528489723165,582.2804888752062,80.15621392354149,767.2651977539062,767.2651977539062,767.2651977539062,767.2651977539062,767.2651977539062,767.2651977539062,767.2651977539062,,-24.099360932439776,38.81811593668078,36.38817216869861,2.4299437679821736,65.89477673792459,39.801379490846,765.0503662109375,712.2756378173829,646.2138366699219,549.0773538208008,EIMCOELECO.NS,2025-02-13 10:48:46.700928
382,2023-07-28 00:00:00+05:30,767.21533203125,768.512302858583,767.21533203125,767.21533203125,2547,0.0,0.0,2023-07-28,703.8277893066406,62.39615454407237,766.223943850713,641.4316347625683,828.6200983947854,579.0354802184959,41.891327031720245,143.61465328136805,1067377,5528.50705164147,21447.457251000746,582.1646627586337,85.22397991520653,767.647655640361,768.079979249472,766.783008422139,768.944626467694,766.350684813028,769.376950076805,765.486037594806,,-24.1266435260192,39.930325361208475,35.78068622670307,4.1496391345054064,65.88706284066976,40.25394734330646,768.4923583984375,703.8277893066406,644.0082983398438,545.0055935668945,EIMCOELECO.NS,2025-02-13 10:48:46.700928
383,2023-07-27 00:00:00+05:30,768.5123291015625,768.5123291015625,738.3824029845715,768.5123291015625,3435,0.0,0.0,2023-07-27,695.1953704833984,65.05135544443942,760.2467259278378,630.144015038959,825.2980813722772,565.0926595945195,34.763723751080654,145.61687002889897,1069924,7468.600516001985,25427.194800840563,581.9924242789335,86.56236536628779,758.4690203958988,778.5556378072262,748.4257116902352,788.5989465128898,728.3390942789079,808.6855639242171,718.2957855732442,,-23.417028943935026,40.75419654618804,34.74327644307672,6.010920103111324,66.24882220287346,40.741328107494645,775.146875,695.1953704833984,642.0353393554688,540.9452185058594,EIMCOELECO.NS,2025-02-13 10:48:46.700928
384,2023-07-26 00:00:00+05:30,753.4473876953125,753.4473876953125,753.4473876953125,753.4473876953125,4206,0.0,0.0,2023-07-26,687.3012329101563,65.2652671375912,752.5665000477475,622.0359657725651,817.8317671853387,556.7706986349739,35.75743811345521,153.21984643839534,1066489,8965.692704776307,29916.843372050207,581.7579970767632,86.77689889384982,753.4473876953125,753.4473876953125,753.4473876953125,753.4473876953125,753.4473876953125,753.4473876953125,753.4473876953125,,-31.65937763138653,41.063778934484276,33.24054641729888,7.823232517185396,64.13024145675612,41.2661996996973,775.9849243164062,687.3012329101563,639.7880346679688,536.8085345458984,EIMCOELECO.NS,2025-02-13 10:48:46.700928
385,2023-07-25 00:00:00+05:30,768.8115844726562,769.2106805190444,768.8115844726562,768.8115844726562,5588,0.0,0.0,2023-07-25,679.130239868164,66.76080805350738,745.8910479216714,612.3694318146567,812.6518559751788,545.6086237611493,65.90376075366137,191.6233552879072,1070695,12154.524288891347,35154.63103886868,581.4933679285188,85.69924377885098,768.9446164881189,769.0776485035815,768.6785524571933,769.3437125345071,768.5455204417307,769.4767445499697,768.2794564108051,0.3689929537853159,-23.25329998883109,42.32162820747192,31.28473828800253,11.036889919469388,68.18362535417559,41.11469318100484,775.7754150390625,679.130239868164,637.7598864746094,532.8779214477539,EIMCOELECO.NS,2025-02-13 10:48:46.700928
386,2023-07-24 00:00:00+05:30,784.4751586914062,788.1665839849741,784.4751586914062,784.4751586914062,3618,0.0,0.0,2023-07-24,670.6898773193359,65.4846207084279,736.1744980277638,605.205256610908,801.6591187361917,539.7206359024801,107.28250358406119,239.13743328826206,1076283,8029.88652307875,40904.65772636302,581.1089960462566,87.88300977285334,785.7056337892622,786.936108887118,783.2446835935502,789.39705908283,782.0142084956943,790.6275341806859,779.5532582999824,0.3834666877745148,-14.675420979916733,41.777679060611945,28.525515808135182,13.252163252476763,72.52320549342882,40.174317204337434,765.3297241210937,670.6898773193359,635.6649426269531,528.7684298706055,EIMCOELECO.NS,2025-02-13 10:48:46.700928
387,2023-07-21 00:00:00+05:30,758.3359670867965,811.3127713451578,739.2803179320512,800.4879150390625,24147,0.0,0.0,2023-07-21,660.8901733398437,62.14032834217052,723.0305016820142,598.7498449976732,785.1708300241847,536.6095166555027,139.01064195659688,268.05003005485827,1079901,54686.434859714005,49123.350527184084,580.8384508490686,88.27599696837747,783.6936681054239,828.1070182787965,756.0745648656899,855.7261215185305,711.6612146923172,900.1394716919032,684.0421114525833,0.39340630732071524,-5.128829296301141,38.90563944860969,25.212474995015988,13.693164453593702,77.18685450367707,38.317580130132626,744.96708984375,660.8901733398437,632.5689123535157,524.5364459228516,EIMCOELECO.NS,2025-02-13 10:48:46.700928
388,2023-07-20 00:00:00+05:30,790.0122862365974,790.0122862365974,753.3475739623921,772.7025756835938,34502,0.0,0.0,2023-07-20,650.4320037841796,54.546634613136085,704.9786383973158,595.8853691710435,759.5252730104518,541.3387345579075,179.36689681678004,286.29815575826063,1055754,75425.51435168291,47732.5794440516,578.8707496514304,79.89330679423487,772.0208119608611,790.6940499593302,754.0293376851248,808.6855242350665,735.3560996866557,827.3587622335356,717.3646254109194,0.36195400473053524,-8.595479462067132,33.06206516190423,21.789183881617557,11.272881280286672,74.54889556862395,36.31801712714284,714.9070190429687,650.4320037841796,629.3446215820312,520.1824365234374,EIMCOELECO.NS,2025-02-13 10:48:46.700928
389,2023-07-19 00:00:00+05:30,710.3476359732774,752.3998413085938,706.3569189172478,752.3998413085938,17320,0.0,0.0,2023-07-19,641.7696533203125,47.39484188496705,689.1644952052795,594.3748114353455,736.5593370902466,546.9799695503784,179.5472707991394,258.38533314008384,1021252,36868.734648543796,40809.34571714376,576.3575323980864,74.38157091767602,737.0522005114784,767.7474821057091,721.7045597143631,783.0951229028244,691.0092781201324,813.7904044970551,675.6616373230171,0.3752902735764118,-0.0,27.816013850116747,18.970963561545886,8.84505028857086,72.38275833036853,34.41606842248512,692.1000732421875,641.7696533203125,625.6388684082032,516.174567565918,EIMCOELECO.NS,2025-02-13 10:48:46.700928
390,2023-07-18 00:00:00+05:30,697.3778040906174,716.7826779139009,697.3778040906174,716.5831298828125,23381,0.0,0.0,2023-07-18,635.0403045654297,39.8076666575833,674.847971223013,595.2326379078463,714.6556378805963,555.4249712502631,172.31662164001617,232.77035450961355,1003932,47401.415549787656,41794.49848429375,575.2041810074955,73.90061131090631,710.2478706291103,723.1179371676031,703.7130633443196,729.6527444523938,690.8429968058267,742.5228109908867,684.3081895210361,0.34380021633701247,-0.15175434141405425,22.677535421955213,16.75970098940317,5.917834432552041,67.90738461314638,32.89735276391106,678.8907958984375,635.0403045654297,622.2154626464844,512.3811071777344,EIMCOELECO.NS,2025-02-13 10:48:46.700928
391,2023-07-17 00:00:00+05:30,656.4729085078325,682.6619873046875,638.5146830471318,682.6619873046875,27361,0.0,0.0,2023-07-17,629.1265594482422,35.621490900425385,664.7480503486677,593.5050685478168,700.369541249093,557.8835776473915,48.75426562031319,144.72889816454494,980551,52844.4444437921,40392.76921792027,573.9426363913389,68.40750823895102,667.9462192188356,697.3777553905394,653.2304511329837,712.0935234763913,623.7989149612799,741.5250596480951,609.083146875428,0.26489336956441056,-20.19724726485949,19.28253029568191,15.280242381265158,4.002287914416751,62.574499863037424,31.91051879548384,674.5708374023437,629.1265594482422,619.7389831542969,509.0739749145508,EIMCOELECO.NS,2025-02-13 10:48:46.700928
392,2023-07-14 00:00:00+05:30,660.4636448411433,665.3023647095403,628.537909743082,650.1875610351562,9883,0.0,0.0,2023-07-14,626.0113067626953,33.34484098136011,659.3561477440554,592.6664657813352,692.7009887254155,559.3216247999751,-0.5335825718884062,91.0457202398549,953190,18179.800022724667,37279.85041145232,572.7954014145174,65.25940535555608,648.0092784959262,667.4806472487704,630.7161922823121,684.7737334623845,611.2448235294679,704.2451022152287,593.9517373158538,0.17647238132633586,-45.87769388274229,17.984453981924844,14.279670402660967,3.704783579263877,56.0884967405716,31.66468234336413,672.9346435546875,626.0113067626953,618.0349438476562,505.8071759033203,EIMCOELECO.NS,2025-02-13 10:48:46.700928
393,2023-07-13 00:00:00+05:30,685.4056381432555,687.2014485972436,652.2826751838318,658.6678466796875,19240,0.0,0.0,2023-07-13,624.2977905273438,32.91485523756454,657.2126457649083,591.3829352897792,690.1275010024729,558.4680800522146,61.79323975434986,136.3066146993214,963073,35853.63401503316,42054.86300863423,572.4992881759758,67.28303841530607,666.0506568202543,679.8186384566768,644.899865043265,700.9694302336661,631.1318834068425,714.7374118700886,609.9810916298532,0.1640948147984064,-38.638106260829126,19.248270167645387,13.353474507844997,5.8947956598003906,58.54920083845308,31.908384558771946,671.378271484375,624.2977905273438,617.3079724121094,502.8131637573242,EIMCOELECO.NS,2025-02-13 10:48:46.700928
394,2023-07-12 00:00:00+05:30,696.3801189083176,706.4566550107621,660.2641177547144,686.3534545898438,18257,0.0,0.0,2023-07-12,622.9668395996093,31.976731200713527,654.9435708003228,590.9901083988958,686.9203020010364,559.0133771981823,125.66303479166542,189.8807621004018,982313,35451.8488669524,43605.17025703449,571.8526326833221,71.75939097501474,684.3580757851068,708.4520338154992,662.2594965594516,730.5506130411545,638.1655385290592,754.6445710715469,616.0669593034039,0.21938232044802225,-17.042768424606468,19.73951775607418,11.879775592894898,7.8597421631792805,67.53261873747567,30.70208896979843,667.936279296875,622.9668395996093,615.296044921875,499.7610696411133,EIMCOELECO.NS,2025-02-13 10:48:46.700928
395,2023-07-11 00:00:00+05:30,640.7594948179697,708.2025873927496,640.7594948179697,694.9833374023438,59893,0.0,0.0,2023-07-11,620.5287109375,28.56647431135007,649.09518524885,591.96223662615,677.6616595602002,563.3957623147999,143.291247618693,188.07173779061054,1000570,117763.88083690332,45643.50060455501,571.0314102137844,67.69749607983056,681.315139871021,721.8707849240723,654.4276923492923,748.7582324458009,613.872047296241,789.3138774988522,586.9845997745124,0.20576292726534878,-10.311284130393728,17.342767029561173,9.914840052100079,7.4279269774610945,70.67069240394811,28.850840638455207,657.5105346679687,620.5287109375,612.7323840332032,,EIMCOELECO.NS,2025-02-13 10:48:46.700928
396,2023-07-10 00:00:00+05:30,652.7316234566402,674.4810180664062,642.5054115492186,674.4810180664062,30042,0.0,0.0,2023-07-10,617.9213500976563,23.309121943917145,641.2304720415734,594.6122281537391,664.5395939854906,571.303106209822,141.95625398074262,141.6804235045692,940677,57327.13307971265,27613.405546467933,568.0447027036574,56.9411516312782,663.822482560677,685.1395535721355,653.1639470549478,695.7980890778647,631.8468760434894,717.1151600893231,621.1883405377602,0.15464518181174935,-0.0,13.161517912876889,8.057858307734804,5.103659605142084,67.32124271895749,26.857188589316348,644.1516235351562,617.9213500976563,610.6651379394531,,EIMCOELECO.NS,2025-02-13 10:48:46.700928
397,2023-07-07 00:00:00+05:30,639.5124064685319,648.4915198198842,635.0228497928558,642.4057006835938,9077,0.0,0.0,2023-07-07,614.8100769042969,19.142805347515864,633.9528822518128,595.6672715567811,653.0956875993287,576.5244662092651,111.40006044681499,81.76659126980847,910635,16497.318968037474,20184.97366315675,566.7425467703447,42.7735444159192,641.9733567654446,648.9238637380333,635.455193711005,655.4420267924729,628.5046867384162,662.3925337650617,621.9865236839767,0.09245487778961785,-15.814269334916583,9.628002873648029,6.781943406449283,2.846059467198746,60.81936255869433,25.45938512552385,628.9170654296875,614.8100769042969,608.9624133300781,,EIMCOELECO.NS,2025-02-13 10:48:46.700928
398,2023-07-06 00:00:00+05:30,630.6330293473625,645.4984745245747,629.5356065301494,641.4578857421875,8933,0.0,0.0,2023-07-06,611.8452911376953,19.235481462420235,631.0807726001156,592.6098096752751,650.3162540625358,573.3743282128548,141.77187627375292,75.93617373170962,901558,16211.64675949821,21106.88733693657,566.4618228466237,41.34841244416482,638.8306555989706,648.1257046677918,632.1628366733664,654.7935235933959,622.8677876045452,664.0885726622171,616.1999686789411,0.08402973088891443,-17.09289488428307,8.11708680243271,6.070428539649597,2.0466582627831125,60.60382046451923,24.724398565503098,619.34931640625,611.8452911376953,606.8303796386718,,EIMCOELECO.NS,2025-02-13 10:48:46.700928
399,2023-07-05 00:00:00+05:30,644.1516524752067,654.128445290475,628.438203791159,634.2247314453125,8863,0.0,0.0,2023-07-05,608.7225372314454,19.244633319086752,627.9671705505322,589.4779039123586,647.2118038696188,570.2332705932719,227.63704412795124,80.97673978930447,892625,15903.238506298407,22330.697481296156,566.1869846445198,41.26384609728424,638.9304601756488,649.4227165601386,623.7324750608226,664.6207016749648,613.2402186763328,675.1129580594546,598.0422335615066,0.07842982322526247,-26.850597028936534,6.153015625145144,5.558763973953818,0.5942516511913265,59.01027058906348,24.032195176797448,613.1836547851562,608.7225372314454,605.0785290527343,,EIMCOELECO.NS,2025-02-13 10:48:46.700928
400,2023-07-04 00:00:00+05:30,602.3987358663603,628.1887817382812,600.253761954807,628.1887817382812,15735,0.0,0.0,2023-07-04,605.7932006835938,19.61386020369588,625.4070608872896,586.179340479898,645.0209210909856,566.565480276202,162.5522463918872,22.910828241693014,883762,27965.241454807165,23937.562225045593,565.9386976690581,36.28957629124103,618.8771084771232,637.5004549994394,609.5654352159652,646.8121282605974,590.942088693649,665.4354747829136,581.630415432491,0.08153487426062682,-29.321930545005465,4.257537940656221,5.410201061155986,-1.1526631204997653,57.68242907800114,23.28674537357598,604.3442138671875,605.7932006835938,601.6256188964844,,EIMCOELECO.NS,2025-02-13 10:48:46.700928
401,2023-07-03 00:00:00+05:30,599.4056503000468,611.7768967192608,588.6307271345893,598.3082275390625,29262,0.0,0.0,2023-07-03,603.687710571289,19.34151986606552,623.0292304373545,584.3461907052235,642.3707503034201,565.0046708391579,-15.125364287787793,-35.97542891447301,868027,49532.54362523769,22930.6424176052,565.5327661375503,32.80876396387083,599.5719504643042,610.5131737940192,587.3670042093477,622.7181200489757,576.4257808796327,633.6593433786907,564.2208346246762,-0.026033087993488753,-80.13923508146911,2.3606935590765943,5.698366841280927,-3.3376732822043325,50.284263665001426,23.37288107657622,598.70732421875,603.687710571289,596.7554901123046,,EIMCOELECO.NS,2025-02-13 10:48:46.700928
402,2023-06-30 00:00:00+05:30,614.3708641333186,619.5588083627226,591.8233376549771,594.5669555664062,10761,0.0,0.0,2023-06-30,603.7888031005859,19.31719153584717,623.1059946364331,584.4716115647387,642.4231861722802,565.1544200288916,-12.615381471696969,-28.538202179088533,838765,18101.52021917219,16280.167115697073,565.130421921839,49.876936340092925,601.9830338613687,612.1427300677602,584.4072593600147,629.7185045691142,574.2475631536231,639.8782007755058,556.6717886522691,0.005163639179866194,-84.19794542405585,2.839171718051716,6.53278516183201,-3.6936134437802934,49.253120483253106,24.14894396598646,596.74189453125,603.7888031005859,592.713564453125,,EIMCOELECO.NS,2025-02-13 10:48:46.700928
403,2023-06-28 00:00:00+05:30,585.2885610214288,619.5089473896902,585.2885610214288,610.6295776367188,15277,0.0,0.0,2023-06-28,603.6588256835937,19.391111547233326,623.049937230827,584.2677141363604,642.4410487780603,564.8766025891271,1.1579114224528275,-17.905257664766896,849526,26392.319809851826,15824.828839828293,564.996931763754,59.96050787598567,605.1423620159459,624.996163010463,590.7757766422015,639.3627483842073,570.9219756476845,659.2165493787244,556.5553902739401,0.03706742373814247,-66.02221093060423,3.77720960498516,7.456188522777083,-3.678978917791923,53.693678089695105,24.80127550257299,596.093408203125,603.6588256835937,588.8662133789062,,EIMCOELECO.NS,2025-02-13 10:48:46.700928
404,2023-06-27 00:00:00+05:30,606.3894298543117,606.3894298543117,581.7467404491945,590.0275268554688,12469,0.0,0.0,2023-06-27,603.1463256835938,19.332544001282024,622.4788696848758,583.8137816823117,641.8114136861578,564.4812376810297,-87.32641705286464,-51.75109748831422,834249,20814.47916539674,13182.956097322407,564.7012471775012,57.78050446036191,592.721232386325,603.6957243234556,579.0530349183383,617.3639217914423,568.0785429812078,628.3384137285728,554.410345513221,-0.03468786606483524,-87.1955761250499,3.3390270047407284,8.375933252225064,-5.036906247484335,48.12289158983936,25.505767230172747,593.8586059570313,603.1463256835938,584.6708880615234,,EIMCOELECO.NS,2025-02-13 10:48:46.700928
405,2023-06-26 00:00:00+05:30,593.6191618515471,616.5657849147162,589.7781210440293,600.0043334960938,3514,0.0,0.0,2023-06-26,603.8173248291016,19.084550000571024,622.9018748296726,584.7327748285306,641.9864248302437,565.6482248279596,-52.04528873364621,-21.14342303187541,846718,5965.100896674753,11275.075330303822,564.5665926638347,57.00738463480091,602.1160798182797,614.4540385925301,587.6663747218431,628.9037436889666,575.3284159475927,641.241702463217,560.8787108511561,0.04519095289247976,-66.78492193586649,4.756419025236482,9.635159814096147,-4.878740788859664,50.8762983268966,26.787603258104415,599.415673828125,603.8173248291016,580.7470721435546,,EIMCOELECO.NS,2025-02-13 10:48:46.700928
406,2023-06-23 00:00:00+05:30,590.6261138386163,598.6075478094084,580.0008055075958,588.4810791015625,2592,0.0,0.0,2023-06-23,602.603955078125,20.08495744726725,622.6889125253922,582.5189976308577,642.7738699726594,562.4340401835905,-121.60747704518509,-59.39793155202623,843204,4315.4804235422735,12602.568938711089,564.5134140638254,52.665107933765356,589.029810806189,598.0588161047821,579.4520738029695,607.6365531080015,570.4230685043764,616.6655584065946,560.8453315011569,-0.0032944961512599864,-77.44756627426591,5.516479078912084,10.854845011311063,-5.338365932398979,47.66683111737008,27.7659142455607,599.0764526367187,602.603955078125,576.4267767333985,,EIMCOELECO.NS,2025-02-13 10:48:46.700928
407,2023-06-22 00:00:00+05:30,599.4555735559286,611.3279813953479,582.6447019745135,591.3245239257812,5046,0.0,0.0,2023-06-22,602.2908630371094,20.363570824841872,622.6544338619512,581.9272922122675,643.0180046867931,561.5637213874256,-108.66985542833788,-39.23970113591656,845796,8441.794711264578,14674.34106750329,564.4868551187508,40.01194359265768,595.0990690985476,607.5534362225817,578.8701568017473,623.782348519382,566.4157896777132,636.2367156434161,550.1868773809128,-0.01862734332233288,-74.81648309077775,7.54086921559599,12.189436494410806,-4.6485672788148165,48.390573159345095,29.551677396313146,605.4516235351563,602.2908630371094,572.3646569824218,,EIMCOELECO.NS,2025-02-13 10:48:46.700928
408,2023-06-21 00:00:00+05:30,617.9126329438677,622.3523178843211,598.6075633821961,599.45556640625,4758,0.0,0.0,2023-06-21,602.2883697509766,20.36498719957577,622.6533569505524,581.9233825514008,643.0183441501281,561.5583953518251,-42.13117891121352,-1.7328511742705994,850842,8069.434202321747,16232.477656562967,564.4288348121604,40.36919504204749,606.8051492242557,615.0027350663154,591.2579805641903,630.5499037263808,583.0603947221307,638.7474895684404,567.5132260620653,0.006051748181594305,-67.29270455554027,9.738410215244016,13.351578314114509,-3.613168098870492,50.425775671110515,31.351146052082285,610.370166015625,602.2883697509766,568.1437329101562,,EIMCOELECO.NS,2025-02-13 10:48:46.700928
409,2023-06-20 00:00:00+05:30,598.3082493473721,628.1887546112857,591.6237862948501,617.8128662109375,10390,0.0,0.0,2023-06-20,602.2875610351563,20.36510593480676,622.652666969963,581.9224551003496,643.0177729047698,561.5573491655427,-2.363390374963663,17.736465296834993,855600,18160.76529300406,18273.238520123272,564.3572866879049,40.26975372700103,612.5418023723578,633.4598184498655,596.8948501334298,649.1067706887934,575.9768340559222,670.0247867663011,560.3298818169942,-0.03308348044448733,-50.306412998560866,11.603592459667766,14.254870338832129,-2.651277879164363,55.30324967529602,32.51867868480544,616.888818359375,602.2875610351563,563.5771002197266,,EIMCOELECO.NS,2025-02-13 10:48:46.700928
410,2023-06-19 00:00:00+05:30,620.356913469244,620.356913469244,589.8279543515303,598.3082275390625,12571,0.0,0.0,2023-06-19,602.690087890625,20.763781645538057,623.4538695361631,581.926306245087,644.2176511817012,561.1625245995489,-21.812046562502044,3.298792025552859,845210,21279.256575519892,18301.356826903073,564.1177763178501,40.21334514002821,602.8310317866122,615.8341092216942,585.3051501039805,633.359990904326,572.3020726688985,646.363068339408,554.7761909862668,-0.03630417176419876,-68.35435483744746,12.007863042450595,14.91768980862322,-2.9098267661726247,50.58983162177127,33.77602152004575,620.8444213867188,602.690087890625,558.5394073486328,,EIMCOELECO.NS,2025-02-13 10:48:46.700928
411,2023-06-16 00:00:00+05:30,626.3430089791387,638.0657399421916,617.5634439259368,620.35693359375,5780,5.0,0.0,2023-06-16,603.8130096435547,21.11858837485208,624.9315980184067,582.6944212687026,646.0501863932589,561.5758328938505,50.1205705403728,58.32277854795797,857781,10144.511265030269,17556.881889748867,563.9314169883746,48.003521601791725,625.3287058206262,633.0939677153156,612.5916716990607,645.831001836881,604.8264098043713,653.5962637315704,592.0893756828059,-0.0705930426957074,-47.95234836134118,14.264425960176254,15.645146500166375,-1.3807205399901203,56.88890855749704,35.39811746380544,629.75,603.8130096435547,553.8828997802734,,EIMCOELECO.NS,2025-02-13 10:48:46.700928
412,2023-06-15 00:00:00+05:30,637.294010461883,637.294010461883,601.7155850852766,615.917236328125,9524,0.0,0.0,2023-06-15,605.6445770263672,24.01832199009314,629.6628990164603,581.6262550362741,653.6812210065534,557.607933046181,40.3447437620851,48.562960603393684,852001,16595.998785024436,19409.97454592852,563.7896517902429,42.9109449465852,618.3089439584282,634.9023028315798,599.3238774549735,653.8873693350346,582.7305185818219,670.4807282081862,563.7454520783672,-0.051211600951685206,-52.06046845421964,14.76591916066377,15.990326635163903,-1.2244074745001328,55.86131163441133,35.772499845968476,628.1297241210938,605.6445770263672,548.8170874023438,,EIMCOELECO.NS,2025-02-13 10:48:46.700928
413,2023-06-14 00:00:00+05:30,643.2814884148368,648.1803364459302,610.6225820799297,632.048828125,3590,0.0,0.0,2023-06-14,608.2770843505859,27.792337164087563,636.0694215146735,580.4847471864983,663.861758678761,552.6924100224109,89.15946175733373,69.33710546998354,861525,6419.581676110239,20113.46848615454,563.5729537992726,43.84182437469671,630.2839155502866,649.9452490206435,612.387494654643,667.8416699162871,592.7261611842861,687.503003386644,574.8297402886425,-0.07352214520057146,-37.133658713392364,15.621499289558983,16.296428503788935,-0.6749292142299517,60.745771473071244,36.19763133063198,621.5682739257812,608.2770843505859,543.5491076660156,,EIMCOELECO.NS,2025-02-13 10:48:46.700928
414,2023-06-13 00:00:00+05:30,654.4151653723519,672.1796420557547,623.4881726798967,637.5908813476562,8227,0.0,0.0,2023-06-13,609.4819976806641,29.355598286549274,638.8375959672134,580.1263993941149,668.1931942537626,550.7708011075656,167.05067256649036,88.89001192023052,865115,14840.3876115663,23536.940188665612,563.4654853469634,41.94386793021845,644.4195653611026,665.3509580423085,616.6594886664506,693.1110347369606,595.7280959852446,714.0424274181665,567.9680192905926,-0.06460912500379247,-32.00551171650679,14.89149436414084,16.46516080734642,-1.5736664432055818,62.48836167040254,36.19409330180622,610.9590698242188,609.4819976806641,537.6338861083984,,EIMCOELECO.NS,2025-02-13 10:48:46.700928
415,2023-06-12 00:00:00+05:30,627.9416922322744,642.8361206054688,623.488205053322,642.8361206054688,16016,0.0,0.0,2023-06-12,610.2044525146484,30.248014632459995,640.4524671471085,579.9564378821884,670.7004817795685,549.7084232497284,231.29475934560605,77.46115473703388,873342,29128.3565093317,25711.078332940437,563.1979246758137,34.88630758090355,636.3868154214198,649.2854257895176,629.9375102373708,655.7347309735666,617.038899869273,668.6333413416644,610.589594685224,-0.10261004044445636,-0.0,13.185429871576503,16.858577418147817,-3.6731475465713146,64.10661655311495,35.500351705602434,598.5684936523437,610.2044525146484,531.5830816650391,,EIMCOELECO.NS,2025-02-13 10:48:46.700928
416,2023-06-09 00:00:00+05:30,581.9223335683381,612.2555541992188,578.9533420705405,612.2555541992188,14800,0.0,0.0,2023-06-09,611.2658660888671,31.78665786644344,643.0525239553106,579.4792082224237,674.839181821754,547.6925503559803,86.53322846751706,38.027831335401366,857326,25636.344484596346,24856.75878884262,562.6343496087807,26.351029820644456,601.1548168229928,623.356291575445,590.0540794467668,634.457028951671,567.8526046943146,656.6585037041232,556.7518673180886,-0.16112511723325984,-35.13327274349434,10.284794497803091,17.776864304790646,-7.492069806987555,58.260170406057284,35.43601920395215,587.2170654296875,611.2658660888671,525.4481555175781,,EIMCOELECO.NS,2025-02-13 10:48:46.700928
417,2023-06-08 00:00:00+05:30,578.9533848665343,589.3448558769593,577.9637209607796,583.1099853515625,9095,0.0,0.0,2023-06-08,612.1367706298828,32.05270174691863,644.1894723768014,580.0840688829642,676.24217412372,548.0313671360456,-45.87536931543089,22.117230561359182,842526,15004.268651541171,24661.862364904184,562.3077206631203,16.229821341771796,583.4728540631005,588.9819871654214,577.6008522492417,594.8539889792802,572.0917191469208,600.3631220816011,566.219717333062,-0.3101750129204281,-74.46801800509931,9.426994468393445,19.649881756537532,-10.222887288144086,51.22847055033032,36.27726751078977,584.8319702148438,612.1367706298828,519.9970867919922,,EIMCOELECO.NS,2025-02-13 10:48:46.700928
418,2023-06-07 00:00:00+05:30,575.6379868612576,587.8603109146886,564.1083791605598,579.0028076171875,14509,0.0,0.0,2023-06-07,614.9449401855469,31.835318754525535,646.7802589400725,583.1096214310213,678.615577694598,551.2743026764958,-114.70335635998221,18.971238446918598,833431,23767.297374937894,27076.260793244935,562.2232318331548,10.943240580316498,576.990499230812,589.8726193010642,566.1206875469354,600.7424309849408,553.2385674766832,613.624551055193,542.3687557928066,-0.06717673415601877,-87.29422593760988,11.056314173791407,22.20560357857355,-11.149289404782145,50.128501021741144,38.046038516694345,586.6034545898438,614.9449401855469,515.2387817382812,,EIMCOELECO.NS,2025-02-13 10:48:46.700928
419,2023-06-06 00:00:00+05:30,586.0294708767088,586.7717187615966,572.9164249103598,575.6380004882812,7162,0.0,0.0,2023-06-06,615.3655456542969,31.387887362133153,646.75343301643,583.9776582921637,678.1413203785631,552.5897709300306,-118.67087082461723,23.07515153746129,818922,11663.943905635282,27903.501647821693,562.1138040800756,24.979759505171316,578.4420480534126,583.9676711964654,570.1123773452285,592.2973419046494,564.5867542021757,597.8229650477023,556.2570834939917,-0.05679090811662837,-95.67152062528893,13.379311995090916,24.992925929769086,-11.61361393467817,49.25978189968134,40.01103336772107,590.87880859375,615.3655456542969,510.61012451171877,,EIMCOELECO.NS,2025-02-13 10:48:46.700928
420,2023-06-05 00:00:00+05:30,608.6433045558384,608.6433045558384,570.3432991639054,586.0789794921875,43088,0.0,0.0,2023-06-05,615.6451232910156,31.038358991973105,646.6834822829887,584.6067642990424,677.7218412749618,553.5684053070694,-56.95233243713563,33.4402176401238,826084,71445.37677866737,31963.391083368293,562.0701268457049,23.867433508040847,588.3551944039772,606.367089644049,568.0670842521159,626.6551997959102,550.0551890120441,644.667095035982,529.7670788601829,-0.08423111027754028,-87.135899916688,16.48211881694874,27.89632941343863,-11.414210596489887,51.86647707189151,41.67466844623298,596.4407104492187,615.6451232910156,505.9636517333984,,EIMCOELECO.NS,2025-02-13 10:48:46.700928
421,2023-06-02 00:00:00+05:30,602.5073507153052,604.6846233056102,575.4895392016568,600.330078125,3581,0.0,0.0,2023-06-02,615.9791320800781,30.737936688041206,646.7170687681194,585.2411953920368,677.4550054561605,554.5032587039957,-36.355468419982344,39.33298174181075,869172,6082.135257033119,22092.89465954352,561.5943992501877,25.31166537720638,593.501413544089,611.5132878865212,582.3182037825678,622.6964976480424,564.3063294401356,640.7083719904746,553.1231196786144,-0.09122880892007071,-77.84729982930466,19.176644485200995,30.749882062561102,-11.573237577360107,55.59524259999802,43.466275453861186,594.3723022460938,615.9791320800781,501.17169860839846,,EIMCOELECO.NS,2025-02-13 10:48:46.700928
422,2023-06-01 00:00:00+05:30,601.71557118353,612.6018726358635,582.9119595840447,591.9674072265625,5253,0.0,0.0,2023-06-01,615.8356292724609,30.82142707622713,646.657056348688,585.0142021962338,677.4784834249151,554.1927751200067,-41.3368411509719,42.87302780001376,865591,8797.653363812478,26095.584510171117,561.5305049863588,42.16164427174514,595.8270798154903,608.7422000469359,579.052286995117,625.5169928673091,566.1371667636714,638.4321130987547,549.3623739432982,-0.10566876468366213,-84.89778697697481,20.932381354425615,33.64319145690113,-12.710810102475513,53.7852983063875,45.14932055420374,590.7501342773437,615.8356292724609,496.0046636962891,,EIMCOELECO.NS,2025-02-13 10:48:46.700928
423,2023-05-31 00:00:00+05:30,606.6639187013562,627.7932169935963,595.7776167344477,600.3795776367188,10315,0.0,0.0,2023-05-31,616.9292083740235,30.313817603248065,647.2430259772715,586.6153907707754,677.5568435805196,556.3015731675273,-17.58700418450528,52.91498427883066,870844,17520.91541483834,30420.067296760775,561.4566794951735,54.61921556845203,607.9834704549208,620.189324175394,588.1737239162454,639.9990707140694,575.9678701957723,652.2049244345425,556.1581236570969,-0.0077022034400615145,-77.80556726856808,23.686695671621123,36.820893982520005,-13.134198310898881,55.91423694515634,46.61019333805662,590.6115844726562,616.9292083740235,490.9227404785156,,EIMCOELECO.NS,2025-02-13 10:48:46.700928
424,2023-05-30 00:00:00+05:30,575.73692301132,604.4866446880544,575.73692301132,603.447509765625,13037,0.0,0.0,2023-05-30,614.8138031005859,32.89574221394447,647.7095453145304,581.9180608866415,680.6052875284748,549.022318672697,-59.78242614371459,46.43303150230088,881159,22257.624672361526,33644.85526724138,561.2704080337006,65.34835223229058,594.5570258216665,613.377128632013,584.6274069552785,623.3067474984009,565.807304144932,642.1268503087474,555.877685278544,-0.02236694101105341,-75.21902329147348,26.025691981702494,40.104443560244725,-14.078751578542231,56.67464386183702,47.558361887268774,590.4235473632813,614.8138031005859,485.8378479003906,,EIMCOELECO.NS,2025-02-13 10:48:46.700928
425,2023-05-29 00:00:00+05:30,583.901665150274,589.8396481857005,574.9946905971342,575.7369384765625,11882,0.0,0.0,2023-05-29,612.5499481201172,35.19662649275359,647.7465746128707,577.3533216273636,682.9432011056243,542.15669513461,-105.72766083800043,39.857926877111936,868122,19354.20299658283,36491.662915961344,561.0137462921482,61.7827166038162,580.1904257531324,585.3861609091307,570.5412033205644,595.0353833416988,565.3454681645661,600.231118497697,555.696245731998,-0.09965730280627581,-92.01710493633384,28.323842548100856,43.62413145488028,-15.300288906779421,51.10103062775492,49.193734991791196,594.9067260742188,612.5499481201172,480.7559240722656,,EIMCOELECO.NS,2025-02-13 10:48:46.700928
426,2023-05-26 00:00:00+05:30,593.7983175544189,601.7156284551445,576.6771448124575,582.21923828125,6348,0.0,0.0,2023-05-26,613.3441528320312,34.49443464758504,647.8385874796163,578.8497181844461,682.3330221272013,544.3552835368612,-112.07797009630293,46.07693865998678,880004,10456.470571983065,40776.02789580597,560.9316329630823,60.102999723621124,586.870670516284,597.0641962201105,572.0257125774235,611.909154158971,561.832186873597,622.1026798627975,546.9872289347365,-0.15483231726599456,-86.91585965981761,33.56609396766851,47.44920368157513,-13.88310971390662,52.56956065684488,51.38761087236457,603.9126708984375,613.3441528320312,476.22425354003906,,EIMCOELECO.NS,2025-02-13 10:48:46.700928
427,2023-05-25 00:00:00+05:30,596.717809184249,600.7259355531285,574.0544836647642,591.274658203125,11509,0.0,0.0,2023-05-25,613.7004302978515,34.19150784430809,647.8919381421597,579.5089224535434,682.0834459864677,545.3174146092354,-147.23146417738116,49.52285108149216,886352,19252.56088493597,48355.917226761696,560.8680146986226,58.02835701235614,588.6850258070059,603.3155679492476,576.6441160608833,615.3564776953701,562.0135739186417,629.9870198376118,549.9726641725191,0.09786208950428293,-79.78969772729918,39.13077885032487,50.91998111005178,-11.789202259726906,54.60692841637685,53.67405838837937,618.8664794921875,613.7004302978515,471.73909729003907,,EIMCOELECO.NS,2025-02-13 10:48:46.700928
428,2023-05-24 00:00:00+05:30,605.6742621190355,631.3065793998398,594.590015175869,599.4393920898438,18394,0.0,0.0,2023-05-24,610.9268981933594,38.12942740246475,649.0563255958242,572.7974707908946,687.1857529982889,534.66804338843,-119.1088659305756,63.27764734463741,897861,31194.865037731397,55631.75631221813,560.7023676670418,64.03462624352395,608.4453288885176,622.3006426011661,585.5840783771953,645.1618931124884,571.7287646645467,659.017206825137,548.8675141532244,-0.01986876968862812,-73.36446109391828,44.770549520657596,53.86728167498351,-9.096732154325913,56.436164894159596,56.163523490261866,634.3250244140625,610.9268981933594,467.1430987548828,,EIMCOELECO.NS,2025-02-13 10:48:46.700928
429,2023-05-23 00:00:00+05:30,614.5812119821156,638.3331428799752,601.6661116372613,625.8634033203125,11550,0.0,0.0,2023-05-23,608.6481964111329,40.15982449158028,648.8080209027131,568.4883719195526,688.9678453942934,528.3285474279724,-55.54245218718229,74.02983869606315,916255,20451.40698693831,61740.97913083981,560.3621335537883,69.33190188491372,621.954219279183,642.2423269211047,605.5752956783908,658.6212505218969,585.2871880364692,678.9093581638185,568.908264435677,0.3363816077135594,-48.93078487769084,50.50872076094231,56.141464713564986,-5.6327439526226755,62.75647872020584,57.957861437963686,645.6665649414062,608.6481964111329,462.3264044189453,,EIMCOELECO.NS,2025-02-13 10:48:46.700928
430,2023-05-22 00:00:00+05:30,628.9313895269996,638.5311411490248,614.086431473648,620.7666625976562,33433,0.0,0.0,2023-05-22,600.4339874267578,51.61949518557619,652.0534826123339,548.8144922411816,703.6729777979101,497.19499705560537,-34.09731285937586,79.33509352580792,904705,58717.20624572722,72063.37216681518,559.9988807724918,67.94689380164084,624.4614117401097,634.8363920065715,610.3916823311946,648.9061214154866,600.0167020647328,659.2811016819484,585.9469726558177,0.363053016182375,-51.451839386094846,54.48767039798872,57.54965070172066,-3.0619803037319357,61.99353714469866,59.569842084958864,650.9018798828125,600.4339874267578,457.0940515136719,,EIMCOELECO.NS,2025-02-13 10:48:46.700928
431,2023-05-19 00:00:00+05:30,672.9713755817809,681.3340466680289,632.7415184533035,656.98828125,21839,0.0,0.0,2023-05-19,588.6297714233399,70.32834184561071,658.9581132689506,518.3014295777292,729.2864551145612,447.9730877321185,50.72197539790624,102.20412057702066,938138,40593.08153684391,75399.91364708717,559.0074686790016,65.26047180959293,657.0212821237775,681.3010457942515,632.7085175795261,705.613810338503,608.428753909052,729.893574008977,584.1159893648006,0.37537331802037577,-25.253993352580668,59.25831264995384,58.31514577765363,0.9431668723002034,71.67656849743071,60.738259628256216,659.56142578125,588.6297714233399,451.9408709716797,,EIMCOELECO.NS,2025-02-13 10:48:46.700928
432,2023-05-18 00:00:00+05:30,667.9736086810666,692.6657331186542,655.7512242378689,668.5673828125,31514,0.0,0.0,2023-05-18,575.5909545898437,80.43531464583694,656.0262692356806,495.1556399440068,736.4615838815175,414.7203252981698,94.62122029573997,117.65124030725475,959977,59608.798127735754,84101.62167464799,557.9520314358316,73.732140201248,672.3281133896744,688.9050025414799,651.9904936606946,709.2426222704597,635.4136045088891,725.8195114222652,615.0759847799093,0.37724236352727536,-17.05782074012044,60.901046534815464,58.07935405957858,2.821692475236887,75.16184959076742,61.094600858795076,654.0984985351563,575.5909545898437,446.0028887939453,,EIMCOELECO.NS,2025-02-13 10:48:46.700928
433,2023-05-17 00:00:00+05:30,656.0976236177718,668.0230602419754,640.361945148136,656.1470947265625,16358,0.0,0.0,2023-05-17,562.2725555419922,86.08422322964005,648.3567787716323,476.1883323123522,734.4410020012723,390.10410908271217,79.68229337093521,115.92197383123937,928463,30366.38289239815,90224.82756137605,556.2054805484931,78.86388475074332,654.8440333722247,669.3261215963133,641.665006502474,682.505148466064,627.1829182783853,696.9872366901527,614.0038914086346,0.38368958575071616,-20.024040380821045,60.94113451329656,57.373930940769355,3.5672035725272053,73.89779400894739,60.24688229940427,648.239697265625,562.2725555419922,439.85509765625,,EIMCOELECO.NS,2025-02-13 10:48:46.700928
434,2023-05-16 00:00:00+05:30,683.3628618221818,688.8060127852839,644.5680283315788,652.0399780273438,25587,0.0,0.0,2023-05-16,549.5083663940429,90.25735155028988,639.7657179443328,459.25101484375307,730.0230694946226,368.99366329346316,115.6844871371906,129.22402297184996,912105,47201.43944229235,105189.43872862052,555.37960817292,83.22822353846458,661.8046730480688,679.0413177645588,634.8033333108538,706.0426575017739,617.5666885943638,723.2793022182639,590.5653488571487,0.3848261134908625,-22.51953809750784,61.29231894097745,56.482130047637554,4.810188893339898,73.48312187341844,59.57755919891981,634.49326171875,549.5083663940429,433.82903442382815,,EIMCOELECO.NS,2025-02-13 10:48:46.700928
435,2023-05-15 00:00:00+05:30,646.2999152727537,689.1028734812271,646.25044416493,664.0643920898438,58482,0.0,0.0,2023-05-15,536.5982040405273,93.23679009698876,629.8349941375161,443.36141394353854,723.0717842345048,350.1246238465498,174.7645006625373,143.58118661203537,937692,109873.77843100647,119686.43855020255,554.1138394053133,90.56445094395309,666.4725699120003,686.6946956590706,643.8422663427734,709.3249992282974,623.6201405957031,729.5471249753678,600.9898370264763,0.39905714882198606,-14.424169477261863,61.21775869465898,55.27958282430257,5.93817587035641,76.79630888212422,58.61853922985706,620.3311767578125,536.5982040405273,427.99595642089844,,EIMCOELECO.NS,2025-02-13 10:48:46.700928
436,2023-05-12 00:00:00+05:30,651.0998922298488,671.9817759815509,625.5170446336327,629.6736450195312,69328,0.0,0.0,2023-05-12,522.5944625854493,94.11318892342373,616.707651508873,428.4812736620255,710.8208404322968,334.3680847386018,197.16201597495524,141.2242019710857,879210,123505.36903915562,122139.60358000157,550.7214696992055,90.5093744749707,642.3908218782383,659.2645991228438,612.7998677749257,688.8555532261564,595.9260905303202,705.729330470762,566.3351364270076,0.4160603432437141,-14.999999777047062,59.01053458988906,53.79503885671346,5.215495733175601,73.63861851810857,57.495031887286466,606.0701293945312,522.5944625854493,421.8719171142578,,EIMCOELECO.NS,2025-02-13 10:48:46.700928
437,2023-05-11 00:00:00+05:30,594.7879742933287,646.151552308328,578.3595785327989,639.2733764648438,118426,0.0,0.0,2023-05-11,510.37953491210936,95.32980689550435,605.7093418076137,415.049728016605,701.039148703118,319.7199211211007,152.56158402728263,139.74810041601873,948538,214188.09504058224,121798.16221521304,547.724111111908,89.8827019314998,621.2615024353236,664.1634263378483,596.3714525623192,689.0534762108526,553.4695286597945,731.9554001133773,528.5794787867901,0.4626712812004277,-2.5865320714624445,58.677487385557015,52.491164923419554,6.186322462137461,76.33120048456784,56.427755512291995,599.6274047851563,510.37953491210936,416.5039794921875,,EIMCOELECO.NS,2025-02-13 10:48:46.700928
438,2023-05-10 00:00:00+05:30,582.9614300393972,595.777587906617,565.5928430043715,587.4149169921875,19958,0.0,0.0,2023-05-10,497.4297821044922,94.48654910299281,591.916331207485,402.9432330014994,686.4028803104778,308.4566838985065,6.909677206795997,124.26451684668145,830112,33168.33254067516,98700.67900887073,541.3753821686032,88.77132626970221,582.9284493010587,600.2640555977458,570.0793106955003,613.1131942033041,552.7437043988132,630.4488004999913,539.8945657932549,0.43964895445892943,-17.44873927586935,56.41660510455472,50.94458430788519,5.472020796669533,71.01482235388244,55.51503121228839,594.54052734375,497.4297821044922,411.02025146484374,,EIMCOELECO.NS,2025-02-13 10:48:46.700928
439,2023-05-09 00:00:00+05:30,603.3485759875055,620.5192192155678,577.2708979166558,581.2295532226562,25224,0.0,0.0,2023-05-09,486.61523284912107,96.01074639782652,582.6259792469476,390.6044864512945,678.6367256447741,294.593740053468,54.67461714523657,144.74634729617114,810154,41478.52419495348,115083.76562591962,540.8309568867443,90.04569412189012,593.00655678496,608.7422156532642,565.4938943543523,636.254878083872,549.7582354860481,651.9905369521762,522.2455730554403,0.4394397740392841,-19.913236998522578,57.77446614581248,49.576579108717794,8.197887037094688,70.27481217675083,55.12135883696689,588.6718383789063,486.61523284912107,406.7102667236328,,EIMCOELECO.NS,2025-02-13 10:48:46.700928
440,2023-05-08 00:00:00+05:30,603.6949283704382,606.6639198214405,586.920114591419,592.7591552734375,24066,0.0,0.0,2023-05-08,475.8501663208008,96.90987585213612,572.7600421729369,378.94029046866467,669.669918025073,282.03041461652856,70.73359700056437,163.4424508483565,835378,40359.31927454423,133485.07598366114,540.2180278159192,91.69978401005757,595.4477298954323,603.9753451994457,584.2315399694241,615.1915351254538,575.7039246654108,623.7191504294672,564.4877347394026,0.46017736111201574,-15.319379780743818,59.24673366615224,47.52710734944412,11.719626316708116,73.52141809630497,54.01950514848531,584.060009765625,475.8501663208008,402.5467517089844,,EIMCOELECO.NS,2025-02-13 10:48:46.700928
441,2023-05-05 00:00:00+05:30,628.4364854750587,631.2075319128325,574.0049788591087,597.4600219726562,65308,0.0,0.0,2023-05-05,464.4863510131836,95.79843525721145,560.284786270395,368.68791575597214,656.0832215276065,272.8894804987607,78.26847660033802,190.12296370238474,859444,110391.81766456344,156766.51516094035,539.4462969570593,93.33066749776894,600.8908442481992,627.7767096372896,570.5741565835659,658.0933973019229,543.6882911944755,684.9792626910133,513.3716035298422,0.4739317072842155,-13.446365402545172,59.09851333997756,44.597200770267094,14.501312569710464,74.82996499335599,52.98409055746605,583.8323852539063,464.4863510131836,398.4089666748047,,EIMCOELECO.NS,2025-02-13 10:48:46.700928
442,2023-05-04 00:00:00+05:30,556.6364320857854,613.8389892578125,556.141600171833,613.8389892578125,56125,0.0,0.0,2023-05-04,452.96666564941404,92.771384836916,545.73805048633,360.195280812498,638.5094353232461,267.423895975582,73.09992935479546,211.63026363156987,924752,97470.33839037837,168360.1895350346,537.0379181716362,92.79298867159177,594.6065262291527,633.0714522864723,575.3740632004929,652.3039153151321,536.9091371431732,690.7688413724518,517.6766741145134,0.5036985235806278,-3.5743501402730486,57.55035024230102,40.971872627839474,16.578477614461548,79.40343754801225,51.869028690214535,582.2093383789063,452.96666564941404,393.57940795898435,,EIMCOELECO.NS,2025-02-13 10:48:46.700928
443,2023-05-03 00:00:00+05:30,563.1682047802145,583.9016746297032,552.9252080395273,558.0714721679688,25771,0.0,0.0,2023-05-03,439.9006286621094,87.153711880658,527.0543405427674,352.74691678145143,614.2080524234254,265.5932049007934,55.903952774373984,209.1906402983171,868627,40689.53654156411,186082.65232119864,534.1965428589623,92.5134148378895,564.9661182790664,577.0070285186056,546.0305619284297,595.9425848692423,533.9896516888906,607.9834951087814,515.0540953382539,0.48173249074049895,-26.40972308002335,53.08317722185416,36.82725322422408,16.255923997630077,74.4703691938542,50.85513036755501,566.60234375,439.9006286621094,388.31835510253904,,EIMCOELECO.NS,2025-02-13 10:48:46.700928
444,2023-05-02 00:00:00+05:30,588.8499894378879,596.2229971848163,551.3912369605708,558.17041015625,63450,0.0,0.0,2023-05-02,428.81144256591796,85.41893656395095,514.2303791298689,343.39250600196704,599.6493156938199,257.97356943801606,70.12327802564607,247.22273821793317,894398,100198.23835451277,222430.93126610725,533.7839521785705,94.36380354867717,568.5948814338791,585.7985259071874,540.9667656829419,613.4266416581246,523.7631212096336,630.6302861314329,496.13500545869636,0.5022554550156199,-25.495191555596083,52.051806973890166,32.76327222481656,19.288534749073605,74.50007858784382,50.12848384032501,565.7611206054687,428.81144256591796,384.22609436035157,,EIMCOELECO.NS,2025-02-13 10:48:46.700928
445,2023-04-28 00:00:00+05:30,621.5088928265312,622.4985566686116,581.3285649997792,591.6210327148438,139872,0.0,0.0,2023-04-28,417.6554550170898,82.14227727161803,499.79773228870783,335.5131777454718,581.9400095603258,253.37090047385377,113.84814981549167,338.651270210154,957848,234118.6653932101,252989.10449400585,532.7002515522389,99.19970236656356,598.4827181277449,615.6368712557105,574.4668795868781,639.6527097965773,557.3127264589125,656.8068629245429,533.2968879180457,0.5563185542280537,-11.793616562637363,49.93293288524359,27.941138537548156,21.991794347695432,85.03744074064285,49.34594142638501,546.4428833007812,417.6554550170898,,,EIMCOELECO.NS,2025-02-13 10:48:46.700928
446,2023-04-27 00:00:00+05:30,536.3977747740213,589.3447875976562,524.5218092808695,589.3447875976562,231391,0.0,0.0,2023-04-27,404.87889404296874,73.02625414029747,477.9051481832662,331.8526399026713,550.9314023235637,258.8263857623738,127.92695407854946,363.77093235177307,817976,385813.62395384046,257706.71426920476,526.3013762142762,99.09269167694134,567.7371281587274,610.9524470365852,546.1294687197985,632.5601064755141,502.9141498419407,675.7754253533719,481.3064904030118,0.6773429005592392,-0.0,43.169192885141456,22.443189950624294,20.72600293451716,84.90228313373,46.86710637930895,505.0551452636719,404.87889404296874,,,EIMCOELECO.NS,2025-02-13 10:48:46.700928
447,2023-04-26 00:00:00+05:30,570.0463601110132,574.0050153895619,529.9155043055829,535.8040161132812,171254,0.0,0.0,2023-04-26,392.39676055908205,60.012329968263955,452.409090527346,332.3844305908181,512.4214204956099,272.37210062255417,164.00518307886182,412.5025829777407,586585,259602.18196590152,225679.9868480458,512.4944652206434,98.8510984164642,546.5748452694753,563.2341862333677,519.1446751493887,590.6643563534543,502.4853341854963,607.3236973173467,475.0551640654097,0.5981285994717019,-17.907667681589462,34.07965304223154,17.261689216995002,16.81796382523654,81.19913295589276,44.42157824489288,466.42857666015624,392.39676055908205,,,EIMCOELECO.NS,2025-02-13 10:48:46.700928
448,2023-04-25 00:00:00+05:30,523.5321375467238,553.8653564453125,515.5158851221829,553.8653564453125,629148,0.0,0.0,2023-04-25,382.8662963867188,50.40567572521364,433.2719721119324,332.4606206615051,483.6776478371461,282.05494493629146,277.17596027209004,530.5933496212298,757839,985867.7759920758,217199.43806858186,507.98539894491853,98.58269535177406,541.0821993376027,566.6485135530224,528.2990422298928,579.4316706607323,502.7327280144731,604.997984876152,489.94957090676326,0.8838252883083968,-0.0,27.198884025266693,13.057198260685865,14.141685764580828,87.95658720406523,41.907485843461515,439.70765380859376,382.8662963867188,,,EIMCOELECO.NS,2025-02-13 10:48:46.700928
449,2023-04-24 00:00:00+05:30,390.37292619880395,461.5792236328125,389.9275653757657,461.5792236328125,76184,0.0,0.0,2023-04-24,372.55152587890626,30.90833198662185,403.45985786552814,341.6431938922844,434.36818985214995,310.73486190566257,220.72790431262715,310.0736787782841,128691,99488.22290070058,25032.353587708338,395.2950941533033,90.63859014330589,437.69533754713024,485.46310971849476,413.811451461448,509.346995804177,366.04367929008345,557.1147679755416,342.1597932044012,0.4522006775026301,-0.0,16.19854193258476,9.521776819540657,6.6767651130441035,80.09691790805041,39.37160220184419,409.10724487304685,372.55152587890626,,,EIMCOELECO.NS,2025-02-13 10:48:46.700928
450,2023-04-21 00:00:00+05:30,402.1499030759919,402.1499030759919,380.22885529745236,384.6823425292969,4404,0.0,0.0,2023-04-21,366.6382827758789,23.374217315499795,390.0125000913787,343.26406546037913,413.3867174068785,319.8898481448793,13.181508789434856,126.27633326791752,52507,4793.041751056756,6418.386259460277,367.2349366750054,75.00403220681433,389.0203669675804,397.81187863770845,375.8908308591689,410.94141474611996,367.09931918904084,419.732926416248,353.9697830806293,-0.00120628524821351,-36.20589859833253,10.958123970721829,7.85258554127963,3.1055384294421984,59.79644374428311,38.00943638928118,395.5587463378906,366.6382827758789,,,EIMCOELECO.NS,2025-02-13 10:48:46.700928
451,2023-04-20 00:00:00+05:30,408.1373823790821,408.18688369489143,391.9563717298776,396.2119445800781,5606,0.0,0.0,2023-04-20,364.7282318115234,23.382939910903158,388.11117172242655,341.3452919006203,411.49411163332974,317.9623519897171,76.47777297054606,177.04347911597986,56911,6284.088710311041,6824.722386561156,366.7972583139854,76.03022240577194,398.78506666828235,405.6137616066871,389.3832496416733,415.0155786332962,382.55455470326854,421.8442735717009,373.15273767665946,0.052149780027909674,-22.729886828561842,11.655946477156874,7.076200933919081,4.579745543237793,69.69324417816921,38.96764851124034,395.4201904296875,364.7282318115234,,,EIMCOELECO.NS,2025-02-13 10:48:46.700928
452,2023-04-19 00:00:00+05:30,400.6654348953853,415.65883690028807,399.8242145421819,402.19940185546875,8995,0.0,0.0,2023-04-19,362.0165512084961,22.67359374494745,384.6901449534435,339.34295746354866,407.363738698391,316.6693637186012,126.02752744668638,232.33730388393175,62517,10235.386288320466,6959.880805623683,365.8269975288995,78.40426527528376,405.8941510993129,411.96408765644395,396.1294652983378,421.7287734574191,390.05952874120675,427.7987100145501,380.2948429402316,0.07602447128190973,-15.731636207353644,11.23727438604368,5.931264548109633,5.306009837934047,75.74053200613136,38.497439455391515,393.25281982421876,362.0165512084961,,,EIMCOELECO.NS,2025-02-13 10:48:46.700928
453,2023-04-18 00:00:00+05:30,391.95633753072855,409.62184247424204,390.1749547642156,400.8633117675781,6645,0.0,0.0,2023-04-18,358.8001434326172,21.18735210408915,379.9874955367063,337.61279132852803,401.17484764079546,316.4254392244389,128.0030464550619,228.16816984113223,53522,7536.209190350716,6141.004434949487,363.79435685917514,73.9907058562174,400.22003633534524,410.26511790647487,390.81823019644844,419.6669240453717,380.7731486253188,429.7120056165013,371.371342486422,0.14284344176762712,-11.014319373102836,9.94131168338987,4.604762088626121,5.336549594763749,75.29524105273384,36.7937257604514,388.868603515625,358.8001434326172,,,EIMCOELECO.NS,2025-02-13 10:48:46.700928
454,2023-04-17 00:00:00+05:30,388.44305103379395,398.3891603870504,386.8101117641442,393.83673095703125,6362,0.0,0.0,2023-04-17,356.06372528076173,18.877041520688778,374.94076680145054,337.1866837600729,393.8178083221393,318.3096422393842,121.59027481156717,209.3968442214297,46877,7088.78055755912,5792.20324609918,362.19809986613933,71.73895998804927,393.01200103607533,399.21389030800646,387.63484168510024,404.59104965898155,381.4329524131691,410.79293893091267,376.055793062194,0.1404084588203615,-6.666630788642712,8.263045403293688,3.2706246899351825,4.992420713358506,72.86924357469508,35.20951908110787,382.9207275390625,356.06372528076173,,,EIMCOELECO.NS,2025-02-13 10:48:46.700928
455,2023-04-13 00:00:00+05:30,385.82044709965913,388.3440777652455,382.01023534401173,383.98956298828125,4404,0.0,0.0,2023-04-13,353.8394546508789,16.685670005414124,370.52512465629303,337.1537846454648,387.21079466170715,320.46811464005066,106.21261127592182,,40515,4784.409898493592,5468.0589182341955,360.83761584778017,58.99741820477977,384.7812920325128,387.55234872101386,381.2185062997801,391.1151344537466,378.447449611279,393.88619114224764,374.8846638785463,0.05392094019150165,-18.058692956245206,6.681170088098725,2.022519511595556,4.6586505765031685,68.89519228977677,34.050402533404956,377.3390258789062,353.8394546508789,,,EIMCOELECO.NS,2025-02-13 10:48:46.700928
456,2023-04-12 00:00:00+05:30,380.27832883968387,395.8655342508095,378.5464171273366,385.3750915527344,10891,0.0,0.0,2023-04-12,352.09764709472654,15.117212532043276,367.2148596267698,336.9804345626833,382.3320721588131,321.86322203064,127.94323620974868,,44919,11874.43757398253,5638.971173169347,360.1273176513235,64.65486952128262,386.5956809769602,394.64494482658375,377.32582770311086,403.9147981004331,369.2765638534873,411.96406195005665,360.00671057963797,0.04876269843425949,-15.95184759813009,5.524457324080629,0.8578568674697638,4.666600456610865,70.2434448488093,33.41734576636446,373.63768310546874,352.09764709472654,,,EIMCOELECO.NS,2025-02-13 10:48:46.700928
457,2023-04-11 00:00:00+05:30,374.0929214785296,381.0700392823911,370.1837373346032,380.2783203125,8053,0.0,0.0,2023-04-11,350.72696380615236,13.041416449784643,363.768380255937,337.6855473563677,376.8097967057216,324.6441309065831,114.07540625894205,,34028,8664.049318752015,4080.104572966051,358.05448637674664,58.485887388230104,377.1773656431648,384.1709939517264,373.2846920039385,388.0636675909527,366.2910636953769,395.0572958995143,362.3983900561506,0.09109045860169014,-1.5533743109927884,3.8233569975266732,-0.3087932466829526,4.132150244209626,68.1177443785447,32.735592324936235,369.975927734375,350.72696380615236,,,EIMCOELECO.NS,2025-02-13 10:48:46.700928
458,2023-04-10 00:00:00+05:30,365.9281968383789,375.97327855429796,360.68299068193136,371.1239318847656,2742,0.0,0.0,2023-04-10,349.78678436279296,11.369500770096716,361.15628513288965,338.41728359269626,372.5257859029864,327.0477828225995,105.3504430420601,,25975,2879.0424001603856,2934.11838651956,356.61817637871593,52.090646874117425,369.26006704033165,377.83714339873194,362.54685552636533,384.55035491269825,353.96977916796504,393.12743127109854,347.25656765399873,0.01974314433735712,-10.571721511479305,2.08945818646896,-1.3418308077353591,3.431288994204319,63.810852115942474,33.14127248427438,364.4239135742188,349.78678436279296,,,EIMCOELECO.NS,2025-02-13 10:48:46.700928
459,2023-04-06 00:00:00+05:30,365.48286182570894,366.8684154308834,361.7221511314655,365.92822265625,1485,0.0,0.0,2023-04-06,349.16082153320315,10.439525483935043,359.6003470171382,338.7212960492681,370.0398725010732,328.2817705653331,110.03856010868124,,23233,1537.389850533486,2947.8873831093533,356.29178170283444,45.614721312540944,364.83959640619963,367.95704168093374,362.8107773815159,369.9858607056175,359.6933321067818,373.1033059803516,357.66451308209804,-0.020363717397914604,-5.851711421060786,0.7394523843390743,-2.1996530562864387,2.939105440625513,61.03299735085264,34.07738143028902,357.45667724609376,349.16082153320315,,,EIMCOELECO.NS,2025-02-13 10:48:46.700928
460,2023-04-05 00:00:00+05:30,367.06631732757484,367.06631732757484,361.22730663068575,365.48284912109375,1577,0.0,0.0,2023-04-05,349.07669830322266,10.303188544286952,359.3798868475096,338.7735097589357,369.68307539179654,328.4703212146488,153.9982730371824,,21748,1630.6484607402822,3300.51176625332,356.1729032319115,42.6768419295729,364.59215769311805,367.95700875555036,362.11799805866127,370.43116839000714,358.75314699622896,373.79601945243945,356.2789873617722,-0.04276469743652152,-7.022126952818963,-0.48846932291797884,-2.934429416442817,2.445960093524838,60.791150876778765,36.14493110313297,351.2811645507812,349.07669830322266,,,EIMCOELECO.NS,2025-02-13 10:48:46.700928
461,2023-04-03 00:00:00+05:30,351.33066557530736,368.1549509690545,351.33066557530736,367.0663146972656,1606,0.0,0.0,2023-04-03,348.9579376220703,10.116119292656819,359.0740569147271,338.84181832941346,369.19017620738396,328.7256990367566,214.2914616159365,,23325,1667.8297727032152,3717.977592631579,356.04931814561246,31.83603558162652,362.1839770805425,373.0372885857776,356.2130031920305,379.0082624742896,345.3596916867954,389.86157397952474,339.3887177982834,-0.04434564942752947,-2.8608722799166393,-2.0093176102178063,-3.545919439824026,1.5366018296062198,62.046663494075055,38.37152305850337,345.4025573730469,348.9579376220703,,,EIMCOELECO.NS,2025-02-13 10:48:46.700928
462,2023-03-31 00:00:00+05:30,341.28555960031827,362.11797002906195,341.28555960031827,352.51824951171875,7175,0.0,0.0,2023-03-31,348.6090805053711,9.564018540262063,358.17309904563314,339.045061965109,367.7371175858952,329.481043424847,170.56083931284934,,21719,7155.914781966627,4230.5145476136695,355.8983424349305,28.296596560304977,351.9739263803663,362.6622931604144,341.8298827316707,372.80633680911,331.14151595162264,383.49470358915806,320.997472302927,-0.07270687868830628,-29.984491756291217,-4.081967442213738,-3.930069897225581,-0.15189754498815722,53.90630655525499,40.76939131813304,339.9297180175781,348.6090805053711,,,EIMCOELECO.NS,2025-02-13 10:48:46.700928
463,2023-03-29 00:00:00+05:30,334.55583857825263,340.3453779017925,330.1023514373977,336.2877502441406,4331,0.0,0.0,2023-03-29,349.04205932617185,9.938974076352682,358.98103340252453,339.1030852498192,368.9200074788772,329.1641111734665,-121.02129327204112,,14544,4120.60401406443,3499.16448902543,356.11878060617556,16.697375186984928,335.57849319444364,341.05463495148956,330.81160848709476,345.82151965883844,325.33546673004884,351.29766141588436,320.56858202269996,-0.081270895393062,-80.12720271534349,-5.24097531578019,-3.8920955109785416,-1.3488798048016486,40.7414804178735,43.73151024621239,338.4650146484375,349.04205932617185,,,EIMCOELECO.NS,2025-02-13 10:48:46.700928
464,2023-03-28 00:00:00+05:30,336.0898242654491,339.2567302263787,334.06099540399543,335.0506591796875,3957,0.0,0.0,2023-03-28,349.9698684692383,9.543952759372543,359.5138212286108,340.42591570986576,369.05777398798335,330.88196295049323,-148.89956540980094,,10213,3750.9232398266095,3343.8046077656795,356.9314462367448,17.065447616579903,336.12279493668717,338.1845944693789,332.98885964699565,341.31852975907043,330.9270601143039,343.38032929176217,327.7931248246124,-0.12709056319832285,-86.74520515088992,-5.046989630345763,-3.5548755597781287,-1.4921140705676343,39.51592445333246,42.84336782090765,340.72145385742186,349.9698684692383,,,EIMCOELECO.NS,2025-02-13 10:48:46.700928
465,2023-03-27 00:00:00+05:30,341.433991405294,347.3225027582126,330.5971613363567,336.0898132324219,4105,0.0,0.0,2023-03-27,351.23663940429685,9.131997221547586,360.36863662584443,342.1046421827493,369.500633847392,332.9726449612017,-139.12617260529314,,14170,3903.2840823006077,3242.024949750447,357.7825449724646,16.731660525549913,338.00315910899707,345.40915688163744,328.68381545978156,354.72850053085295,321.2778176871412,362.13449830349333,311.95847403792567,-0.0758764601325871,-85.33681478055449,-4.600324903550359,-3.18184704213622,-1.4184778614141385,40.16281902892242,42.21689990535062,342.3741943359375,351.23663940429685,,,EIMCOELECO.NS,2025-02-13 10:48:46.700928
466,2023-03-24 00:00:00+05:30,342.5721370563839,347.37201278919906,338.46503810229655,339.7021179199219,985,0.0,0.0,2023-03-24,352.3252700805664,8.507725504131722,360.8329955846981,343.81754457643467,369.3407210888298,335.30981907230296,-78.29171128886135,,18275,946.6645946521393,3076.7101666129065,358.6946951777694,22.021761064357705,341.84638960380585,345.22774110531515,336.32076641841263,350.75336429070836,332.93941491690333,354.13471579221766,327.4137917315101,-0.06880454749404417,-82.63710787672981,-4.061097737262685,-2.8272275767826853,-1.2338701604799995,42.400083109637094,41.54224215013536,344.45249633789064,352.3252700805664,,,EIMCOELECO.NS,2025-02-13 10:48:46.700928
467,2023-03-23 00:00:00+05:30,350.24202425176844,350.2915255646752,342.5226584397771,345.1947326660156,2195,0.0,0.0,2023-03-23,353.4040023803711,8.184576238079824,361.5885786184509,345.21942614229124,369.7731548565307,337.03484990421146,-14.822784410356213,,19260,2143.681867646752,3609.2215596030983,358.8882763925767,25.62468677522456,346.0029722234893,349.48328600720146,341.71441888230333,353.7718393483874,338.23410509859116,357.2521531320996,333.9455517574052,-0.06673973379198758,-68.14628429499771,-3.6649490581745,-2.5187600366626857,-1.1461890215118142,46.02019483327297,41.557374200244865,344.9077392578125,353.4040023803711,,,EIMCOELECO.NS,2025-02-13 10:48:46.700928
468,2023-03-22 00:00:00+05:30,338.6134705806917,348.41113637585886,338.46502704785365,347.5699462890625,8706,0.0,0.0,2023-03-22,354.39861450195315,8.341630386402489,362.7402448883556,346.0569841155507,371.08187527475815,337.71535372914815,-42.94504302643458,,21455,8560.961211439077,3975.606482592185,359.2065285867617,24.841767407372203,344.8153699042584,351.1657127606631,341.2196034326579,354.7614792322636,334.86926057625317,361.1118220886683,331.2734941046527,-0.06667633568971414,-61.8799060450072,-3.643168503757522,-2.2322127812847317,-1.4109557224727904,47.65819048307653,42.042931550580704,343.4430419921875,354.39861450195315,,,EIMCOELECO.NS,2025-02-13 10:48:46.700928
469,2023-03-21 00:00:00+05:30,349.3018456031985,349.3018456031985,342.22572536644674,343.3143615722656,1430,0.0,0.0,2023-03-21,355.615901184082,9.03983665123772,364.65573783531977,346.57606453284427,373.69557448655746,337.5362278816066,-52.23048249874935,,12749,1388.9597427967892,2829.2678003804617,360.38811555982846,33.862090900824455,344.94731084730364,347.66889632816054,340.5927760914088,352.0234310840554,337.8711906105519,354.7450165649123,333.516655854657,-0.2001545759261243,-73.10715030277629,-3.794005824936505,-1.8794738506665336,-1.9145319742699716,44.367066765084346,42.078409271315785,343.1560424804687,355.615901184082,,,EIMCOELECO.NS,2025-02-13 10:48:46.700928
470,2023-03-20 00:00:00+05:30,340.64231251172123,347.76787417864574,335.5950207879763,346.4813232421875,3068,0.0,0.0,2023-03-20,357.10287322998045,9.350443543593084,366.45331677357353,347.75242968638736,375.8037603171666,338.40198614279427,-79.80006393467976,,14179,3007.439048754953,3189.3448147763793,360.6777105995302,30.0316430547754,343.2814060696032,350.96779135123006,338.7949379605606,355.4542594602726,331.10855267893373,363.1406447418995,326.6220845698912,-0.23345623396654666,-64.75195246524672,-3.5105277515351645,-1.4008408570990407,-2.109686894436124,46.38223897119856,42.5448782055197,344.3634338378906,357.10287322998045,,,EIMCOELECO.NS,2025-02-13 10:48:46.700928
471,2023-03-17 00:00:00+05:30,341.4340294809265,344.99682539419973,340.64231047892974,341.97833251953125,1818,0.0,0.0,2023-03-17,359.0723022460937,10.998413263326999,370.0707155094207,348.07388898276673,381.0691287727477,337.07547571943974,-102.76399616933868,,11111,1758.9525297859827,3234.8212562817353,361.2138255711865,22.70880788317477,342.53915613088685,344.43600178284396,340.081486867574,346.89367104615684,338.18464121561686,348.79051669811395,335.726971952304,-0.17691885180539627,-76.6319125878084,-3.4062978409372704,-0.8734191334900099,-2.5328787074472605,42.9676261714139,42.65541873686731,344.8978515625,359.0723022460937,,,EIMCOELECO.NS,2025-02-13 10:48:46.700928
472,2023-03-16 00:00:00+05:30,344.4030340587441,348.163744763585,333.1208717420763,337.8712463378906,2997,0.0,0.0,2023-03-16,359.7724899291992,10.274847086552098,370.0473370157513,349.4976428426471,380.32218410230337,339.222795756095,-162.37598117781417,,9293,2864.835083386246,3603.788437905673,361.65412783083303,18.712582267677618,339.71862094785064,346.316370153625,331.2734971321163,354.7614939693593,324.67574792634196,361.35924317513366,316.2306241106076,-0.18479085611156285,-87.46738240397384,-2.777765038153575,-0.24019945662819464,-2.5375655815253806,39.71141545259144,43.35975911286025,348.09447021484374,359.7724899291992,,,EIMCOELECO.NS,2025-02-13 10:48:46.700928
473,2023-03-15 00:00:00+05:30,354.54709187331076,354.54709187331076,341.9288771590478,346.13494873046875,1012,0.0,0.0,2023-03-15,360.41824493408205,9.172681074813479,369.5909260088955,351.2455638592686,378.763607083709,342.0728827844551,-145.94244504982396,,12290,991.0318537373882,3788.5267765355297,362.5867593415015,19.37777200136962,347.5369725876091,353.14506801617046,340.52685330190747,360.1551873018721,334.9187578733461,365.76328273043345,327.9086385876445,-0.19330085523299345,-85.54420054242672,-1.5264794767288095,0.39419193875315045,-1.92067141548196,44.44716419660904,44.11827951777573,352.81516723632814,360.41824493408205,,,EIMCOELECO.NS,2025-02-13 10:48:46.700928
474,2023-03-14 00:00:00+05:30,354.2501662075942,354.29963731630664,347.47096319616935,349.351318359375,11541,0.0,0.0,2023-03-14,360.78441925048827,8.706827975087215,369.4912472255755,352.07759127540106,378.1980752006627,343.37076330031385,-162.50825380015567,,13302,11406.895875938495,4487.900507235065,362.8075304494969,18.37081182766748,350.3739729572837,353.276982718398,346.4483085982607,357.202647077421,343.5452988371464,360.1056568385353,339.61963447812343,-0.20977788406545222,-92.0335735213121,-0.7151757817990188,0.8743597926236404,-1.5895355744226591,46.452434422848434,46.1696196123573,355.3091125488281,360.78441925048827,,,EIMCOELECO.NS,2025-02-13 10:48:46.700928
475,2023-03-13 00:00:00+05:30,357.268667926699,359.19852461270136,348.3616928260334,349.1534118652344,2548,0.0,0.0,2023-03-13,,,,,,,-208.14810945373858,,1761,2516.9660848103367,2758.151665059206,365.2388886717833,21.34273756999191,352.23787643465636,356.1140600432793,345.27722825661135,363.07470822132433,341.4010446479884,366.9508918299473,334.4403964699434,,-97.37708905874847,0.017611118435524986,1.2717436862293052,-1.2541325677937802,46.31273662640768,49.42102811590209,358.2880004882812,,,,EIMCOELECO.NS,2025-02-13 10:48:46.700928
476,2023-03-10 00:00:00+05:30,358.1593404294967,361.2273043976866,353.3099936163675,357.96142578125,2211,0.0,0.0,2023-03-10,,,,,,,-122.08926233795398,,4309,2239.16770375318,2818.448060121423,365.9072261345323,20.188981387635124,357.4995745984347,361.68915558050196,353.7718447991828,365.41688537975386,349.5822638171156,369.6064663618211,345.85453401786367,,-86.94606678179376,0.9750243633339437,1.58527682817775,-0.6102524648438064,51.84521512249041,53.108173796612945,361.07884521484374,,,,EIMCOELECO.NS,2025-02-13 10:48:46.700928
477,2023-03-09 00:00:00+05:30,358.6541833525382,364.19630710985626,353.0131173691343,361.4747314453125,2990,0.0,0.0,2023-03-09,,,,,,,-58.86825584013192,,6520,3057.812007916337,2963.268149213484,366.20441740193274,40.737718151128064,359.561385308101,366.10965324706774,354.9264635063458,370.744575048823,348.37819556737907,377.2928429877897,343.7432737656238,,-81.2882831796214,1.3185744296442863,1.7378399443887016,-0.4192655147444153,54.24241837974598,56.180193545808145,361.50439453125,,,,EIMCOELECO.NS,2025-02-13 10:48:46.700928
478,2023-03-08 00:00:00+05:30,366.1755971393403,368.05595227341126,354.3986042447466,358.60467529296875,4641,0.0,0.0,2023-03-08,,,,,,,-40.96534695036023,,3530,4708.571455534157,2939.6321845377706,366.45639090721204,46.06856996244815,360.35307727037554,366.3075502960045,352.6502022673398,374.0104252990402,346.69572924171086,379.96489832466915,338.99285423867514,,-87.21881869019992,1.3924368441469142,1.8426563230748054,-0.45021947892789127,52.577588308991075,59.488522506479896,361.44501342773435,,,,EIMCOELECO.NS,2025-02-13 10:48:46.700928
479,2023-03-06 00:00:00+05:30,366.17561459278414,371.02496128615184,360.6334911423026,364.2457580566406,2178,0.0,0.0,2023-03-06,,,,,,,56.20243728381338,,8171,2244.4711523601113,2497.397366788674,367.16419371912474,48.33735045149061,365.3014034950317,369.9693158477608,359.5778457039116,375.69287363888094,354.9099333511825,380.36078599161004,349.18637556006234,,-70.11383954035578,1.7485626346250456,1.9552111928067784,-0.20664855818173278,56.31659056316591,62.7269169693996,360.6928649902344,,,,EIMCOELECO.NS,2025-02-13 10:48:46.700928
480,2023-03-03 00:00:00+05:30,360.2376165712864,365.1859354802327,359.1984816812644,363.1076354980469,1940,0.0,0.0,2023-03-03,,,,,,,-22.06684131708538,,5993,1992.9608208372115,2560.6289203958145,367.2931127511274,45.76529754206761,362.49735088651465,365.7962200917649,359.80876629279663,368.4848046854829,356.5098970875464,371.78367389073316,353.8213124938284,,-72.2960201204229,1.6224570088206178,2.006873332352211,-0.3844163235315934,,64.54887264599623,359.9209289550781,,,,EIMCOELECO.NS,2025-02-13 10:48:46.700928
481,2023-03-02 00:00:00+05:30,361.2272796697576,366.42301451432263,357.31809565822823,360.08917236328125,1604,0.0,0.0,2023-03-02,,,,,,,-45.47392903106871,,4053,1634.090391349568,2702.545945285465,367.46454367841494,,361.27676084527735,365.2354260323265,356.1305071762321,370.38167970137175,352.17184198918295,374.3403448884209,347.0255883201377,,,1.5485087397534016,2.1029774132351093,-0.5544686734817077,,67.40678821103795,358.87188720703125,,,,EIMCOELECO.NS,2025-02-13 10:48:46.700928
482,2023-03-01 00:00:00+05:30,356.18000547756304,364.79009285768825,356.18000547756304,361.1778259277344,2204,0.0,0.0,2023-03-01,,,,,,,-45.28958044027356,,5657,2252.1344785922734,2969.6598337694395,367.7230628451612,,360.71597475432856,365.25194403109407,356.64185665096886,369.32606213445376,352.10588737420335,373.8620314112193,348.03176927084365,,,1.7276431776328423,2.241594581605536,-0.5139514039726936,,70.48454343492902,359.1094055175781,,,,EIMCOELECO.NS,2025-02-13 10:48:46.700928
483,2023-02-28 00:00:00+05:30,363.9983229896509,363.9983229896509,354.2996301121307,354.84393310546875,2097,0.0,0.0,2023-02-28,,,,,,,-61.992108965817934,,3453,2105.2198898544198,3149.0411725637305,368.05425420742233,,357.71396206908344,361.12829402603614,351.429601148516,367.4126549466036,348.0152691915633,370.8269869035563,341.7309082709958,,,1.8235972481514864,2.370082432598709,-0.5464851844472225,,74.06874803407783,359.8912353515625,,,,EIMCOELECO.NS,2025-02-13 10:48:46.700928
484,2023-02-27 00:00:00+05:30,363.1571547278891,365.18595349980853,352.567739659368,360.3860778808594,3618,0.0,0.0,2023-02-27,,,,,,,-44.390714750537526,,5550,3688.9113413202394,3409.996493241058,368.722417336964,,359.3799236800119,366.19210770065587,353.5738938602153,371.9981375204525,346.7617098395714,378.8103215410964,340.9556800197748,,,2.5426097489909694,2.506703728710514,0.03590602028045531,,78.0587844787719,363.3055847167969,,,,EIMCOELECO.NS,2025-02-13 10:48:46.700928
485,2023-02-24 00:00:00+05:30,362.0189964877804,368.15492396810544,354.2996311305961,357.8624267578125,1618,0.0,0.0,2023-02-24,,,,,,,,,1932,1638.1598203991223,3340.2677812212623,369.51943853436865,,360.10566061883804,365.91169010708,352.05639726957065,373.9609534563474,346.2503677813287,379.76698294458936,338.2011044320613,,,2.878821954019827,2.4977272236404,0.3810947303794272,,82.35574680382705,365.83912963867186,,,,EIMCOELECO.NS,2025-02-13 10:48:46.700928
486,2023-02-23 00:00:00+05:30,366.1756118856127,366.620972683628,359.24796517426324,361.2767639160156,1355,0.0,0.0,2023-02-23,,,,,,,,,3550,1384.9719416797923,3765.7947714267966,370.0401166774359,,362.3819005913023,365.5158360083414,358.14282849897666,369.7549081006671,355.0088930819376,372.88884351770616,350.7698209896119,,,3.5141983429701895,2.402453541045543,1.1117448019246465,,86.5719723607508,371.440625,,,,EIMCOELECO.NS,2025-02-13 10:48:46.700928
487,2023-02-22 00:00:00+05:30,371.0744592961591,371.0744592961591,361.37573579359605,365.08697509765625,3183,0.0,0.0,2023-02-22,,,,,,,,,4905,3287.718516445082,4361.000478863548,370.3806582183956,,365.8457233958038,370.3157109980116,360.61698749544854,375.54444689836686,356.1469998932408,380.0144345005746,350.9182639928855,,,3.938166751985591,2.1245173405643816,1.8136494114212094,,89.82407035463325,370.381689453125,,,,EIMCOELECO.NS,2025-02-13 10:48:46.700928
488,2023-02-21 00:00:00+05:30,378.5464401138392,378.5464401138392,366.2746138473098,371.9156799316406,5012,0.0,0.0,2023-02-21,,,,,,,,,8088,5273.721611731734,4629.320969468164,370.91243229443273,,372.24557796426325,378.2165420812167,365.9447158146873,384.51740423079264,359.97375169773386,390.4883683477461,353.6728895481579,,,4.046057526669642,1.6711049877090791,2.3749525389605632,,92.71210314821332,367.5215637207031,,,,EIMCOELECO.NS,2025-02-13 10:48:46.700928
489,2023-02-20 00:00:00+05:30,391.56049847069977,393.8862145720439,371.1239458907449,373.0538024902344,4394,0.0,0.0,2023-02-20,,,,,,,,,13100,4637.598782641462,4468.220808902271,370.7239237408718,,379.35465431767443,387.58536274460397,364.82309406330495,402.11692299897345,356.5923856363754,410.347631425903,342.06082538200593,,,3.4503625495974006,1.0773668529689382,2.3729956966284624,,94.25052011538908,363.8301147460937,,,,EIMCOELECO.NS,2025-02-13 10:48:46.700928
490,2023-02-17 00:00:00+05:30,357.2686262307315,400.8138327519287,352.4192797267538,385.8699035644531,11566,0.0,0.0,2023-02-17,,,,,,,,,17494,12626.580276367227,4425.8763154674725,370.264431495598,,379.7010053477118,406.98273096866984,358.58817794349494,428.0955583728867,331.3064523225369,455.37728399384474,310.19362491832004,,,2.523326417126839,0.48411792881182236,2.0392084883150163,,94.03814612550751,,,,,EIMCOELECO.NS,2025-02-13 10:48:46.700928
491,2023-02-16 00:00:00+05:30,354.29964561601474,362.2169561325737,354.29964561601474,355.9820861816406,2362,0.0,0.0,2023-02-16,,,,,,,,,5928,2378.86439864322,2375.7003252425334,353.41797919502136,,357.4995626434097,360.6994796708047,352.7821691542457,365.4168731599687,349.58225212685073,368.6167901873637,344.8648586376867,,,0.03601525662207905,-0.02568419326693175,0.0616994498890108,,93.80943567486582,,,,,EIMCOELECO.NS,2025-02-13 10:48:46.700928
492,2023-02-15 00:00:00+05:30,354.79447274977105,361.3757309876856,348.6585451011356,350.7863464355469,2393,0.0,0.0,2023-02-15,,,,,,,,,3566,2374.9093068923617,2374.9093068923617,352.69283303812546,,353.6068741747893,358.55520324844304,345.83801736189304,366.3240600613393,340.8896882882393,371.27238913499303,333.12083147534304,,,-0.2055452786959222,-0.04110905573918444,-0.16443622295673777,,100.0,,,,,EIMCOELECO.NS,2025-02-13 10:48:46.700928
493,2023-02-14 00:00:00+05:30,361.5241893288385,363.6519907504243,349.3513361555507,353.45843505859375,5959,0.0,0.0,2023-02-14,,,,,,,,,5959,,,353.45843505859375,,355.4872539881896,361.6231718208285,347.32251722595487,369.7879085830632,341.186599393316,375.9238264157021,333.02186263108126,,,0.0,0.0,0.0,,,,,,,EIMCOELECO.NS,2025-02-13 10:48:46.700928
