Trading Day,Date,Open,High,Low,Close,Volume,Dividends,Stock Splits,date_only,RollingMean,RollingStd,UpperBand1,LowerBand1,UpperBand2,LowerBand2,CCI_10,CCI_40,OBV,VPT,VPT_signal,VWAP,MFI_14,PP,R1,S1,R2,S2,R3,S3,CMF,%R,macd,macd_signal,macde_histogram,rsi,ADX,sma_5,sma_20,sma_50,sma_100,symbol,created_on
1,2025-02-10 00:00:00+05:30,74.48999786376953,74.88999938964844,72.8499984741211,73.66999816894531,6258171,0.0,0.0,2025-02-10,73.47099952697754,1.767287012803206,75.23828653978074,71.70371251417433,77.00557355258395,69.93642550137112,29.180853758054997,-50.75957463609162,2472367587,11990622.547797889,21378780.762825985,78.72988066759126,52.67698752191108,73.80333201090495,74.75666554768881,72.71666463216147,75.8433329264323,71.76333109537761,76.79666646321616,70.67666371663412,0.002643006071850339,-38.05196709648909,-0.7138299385622418,-1.191784473081761,0.4779545345195193,46.10169184065202,25.375018595672337,74.5739990234375,73.47099952697754,77.63139953613282,81.17809967041016,GMRINFRA.NS,2025-02-11 10:50:06.344530
2,2025-02-07 00:00:00+05:30,75.25,75.31999969482422,73.25,74.52999877929688,8991765,0.0,0.0,2025-02-07,73.27249946594239,1.956575671819179,75.22907513776157,71.31592379412321,77.18565080958075,69.35934812230403,64.79600190913294,-41.59613542043585,2478625758,17429290.537743375,23725820.316583004,78.73251940032954,51.47812540248878,74.36666615804036,75.48333231608072,73.4133326212565,76.43666585286458,72.29666646321614,77.55333201090494,71.34333292643228,-0.04935626552677125,-32.976235348613315,-0.7639637790613705,-1.311273106711641,0.5473093276502705,49.246646081701726,26.53915922443552,74.53600006103515,73.27249946594239,77.82219955444336,81.39819969177246,GMRINFRA.NS,2025-02-11 10:50:06.344530
3,2025-02-06 00:00:00+05:30,75.6500015258789,76.05000305175781,74.0,74.68000030517578,12500383,0.0,0.0,2025-02-06,73.27249946594239,1.956575671819179,75.22907513776157,71.31592379412321,77.18565080958075,69.35934812230403,106.33999040064042,-33.61376982376543,2487617523,24279026.989112847,25299952.76129291,78.73567068680411,56.26338862164395,74.91000111897786,75.82000223795572,73.76999918619791,76.96000417073567,72.85999806722005,77.87000528971353,71.7199961344401,-0.07953210242917735,-31.597622878440678,-0.901272108006836,-1.4481004386242085,0.5468283306173725,49.79682922750059,27.99318380405718,74.16399993896485,73.27249946594239,77.98139953613281,81.62419967651367,GMRINFRA.NS,2025-02-11 10:50:06.344530
4,2025-02-05 00:00:00+05:30,74.87000274658203,76.5999984741211,74.79000091552734,75.44999694824219,11174536,0.0,0.0,2025-02-05,73.34249954223633,2.033128125710985,75.37562766794731,71.30937141652534,77.4087557936583,69.27624329081435,172.6484863675471,-23.107358107659554,2500117906,21927664.248856813,25555184.20433792,78.73990294371312,62.435501522844284,75.6133321126302,76.43666330973306,74.62666575113931,77.42332967122395,73.80333455403645,78.24666086832681,72.81666819254556,-0.08047012109842124,-22.48523327897952,-1.0781856171901438,-1.5848075212785513,0.5066219040884075,52.597830033746774,29.93706839213416,73.46799926757812,73.34249954223633,78.12399948120117,81.83769966125489,GMRINFRA.NS,2025-02-11 10:50:06.344530
5,2025-02-04 00:00:00+05:30,73.9000015258789,75.19000244140625,72.75,74.54000091552734,11094557,0.0,0.0,2025-02-04,73.4104995727539,2.1278616227973006,75.5383611955512,71.28263794995661,77.6662228183485,69.15477632715931,148.71024629709927,-53.124188593747185,2488943370,21508147.52998591,26462064.193208195,78.74297482454364,62.894098469973336,74.16000111897786,75.57000223795572,73.12999979654947,76.60000356038411,71.71999867757161,78.01000467936197,70.68999735514322,-0.04587713194196284,-33.25442098743361,-1.3641853761103135,-1.711462997300653,0.34727762119033945,49.479323298097796,32.03857668946615,72.63000030517578,73.4104995727539,78.21879959106445,82.02209968566895,GMRINFRA.NS,2025-02-11 10:50:06.344530
6,2025-02-03 00:00:00+05:30,73.44999694824219,73.87999725341797,71.63999938964844,73.4800033569336,12042878,0.0,0.0,2025-02-03,73.51549949645997,2.2356148657834503,75.75111436224341,71.27988463067652,77.98672922802686,69.04426976489307,45.5545122797471,-76.51598774263128,2477848813,23014582.53077792,27700543.359013766,78.74687479065818,62.64827945898613,73.0,74.36000061035156,72.12000274658203,75.23999786376953,70.76000213623047,76.5999984741211,69.8800048828125,-0.07389132711990716,-45.798775323730226,-1.6200614373224056,-1.7982824025982376,0.17822096527583198,45.60892274343928,33.95468433620881,71.93399963378906,73.51549949645997,78.32899963378907,82.20209968566894,GMRINFRA.NS,2025-02-11 10:50:06.344530
7,2025-01-31 00:00:00+05:30,71.30000305175781,73.08000183105469,70.7300033569336,72.66999816894531,14887641,0.0,0.0,2025-01-31,73.66249923706054,2.3279104796264973,75.99040971668704,71.33458875743405,78.31832019631354,69.00667827780755,-23.50522304011919,-94.61870156409476,2465805935,28137446.62529909,28872033.566072725,78.75218503895657,64.72487283967672,72.16000111897786,73.58999888102213,71.24000040690103,74.50999959309895,69.81000264485677,75.93999735514322,68.89000193277994,-0.15116213429414596,-55.38463899858969,-1.8187202495078623,-1.8428376439171956,0.02411739440933336,42.48224478114979,35.23938295549497,71.33999938964844,73.66249923706054,78.44259963989258,82.39309967041015,GMRINFRA.NS,2025-02-11 10:50:06.344530
8,2025-01-30 00:00:00+05:30,72.19000244140625,72.48999786376953,70.76000213623047,71.19999694824219,19604319,0.0,0.0,2025-01-30,73.96299934387207,2.568518200056375,76.53151754392844,71.3944811438157,79.10003574398482,68.82596294375932,-59.38477763799814,-111.26781390506581,2450918294,36302403.77830517,29055680.301266134,78.75977534197604,56.103179229143606,71.48333231608073,72.206662495931,70.47666676839194,73.2133280436198,69.75333658854167,73.93665822347006,68.74667104085287,-0.2065045527373563,-72.78110943174082,-1.9657341231175423,-1.848866992519529,-0.11686713059801335,36.31265530652029,36.112168615027095,71.10399932861328,73.96299934387207,78.52619964599609,82.57529968261719,GMRINFRA.NS,2025-02-11 10:50:06.344530
9,2025-01-29 00:00:00+05:30,73.0,73.70999908447266,70.76000213623047,71.26000213623047,25973856,0.0,0.0,2025-01-29,74.33749961853027,2.6877284095628773,77.02522802809315,71.6497712089674,79.71295643765603,68.96204279940451,-53.91677610432348,-109.90455352231355,2470522613,48137763.259296454,27243999.432006374,78.77221901439009,58.376570320459535,71.91000111897786,73.06000010172525,70.11000315348306,74.85999806722005,68.96000417073567,76.00999704996744,67.16000620524088,-0.172879963833068,-72.07098860736865,-1.979399733152846,-1.8196502098700253,-0.15974952328282055,36.46088348058182,36.667608701037686,71.56399993896484,74.33749961853027,78.71279968261719,82.77359970092773,GMRINFRA.NS,2025-02-11 10:50:06.344530
10,2025-01-28 00:00:00+05:30,70.80999755859375,72.0,68.9000015258789,71.05999755859375,13779506,0.0,0.0,2025-01-28,74.70399932861328,2.7451401355529286,77.44913946416621,71.95885919306035,80.19427959971914,69.21371905750742,-114.18049218426148,-138.12052501514285,2444548757,25466102.55629483,22020558.475183852,78.78863777806622,53.446973724259394,70.65333302815755,72.40666453043619,69.3066660563151,73.75333150227864,67.55333455403645,75.50666300455728,66.206667582194,-0.10764641657233777,-74.46812923798934,-1.9728145518915454,-1.7797128290493203,-0.19310172284222515,35.64780933923237,37.265774947510636,71.90800018310547,74.70399932861328,78.8477996826172,83.0186996459961,GMRINFRA.NS,2025-02-11 10:50:06.344530
11,2025-01-27 00:00:00+05:30,70.88999938964844,71.02999877929688,69.66000366210938,70.51000213623047,12784262,0.0,0.0,2025-01-27,75.07899932861328,2.733395482029007,77.81239481064229,72.34560384658427,80.5457902926713,69.61220836455526,-139.25190365296407,-151.45197523354548,2430769251,23443909.572011672,21159172.454906106,78.79760951436269,46.36531820464646,70.4000015258789,71.13999938964844,69.77000427246094,71.7699966430664,69.0300064086914,72.50999450683594,68.40000915527344,-0.08533952086145963,-84.67237472097082,-1.9147949742686592,-1.7314373983387639,-0.18335757592989532,33.47396404257397,36.79827725715383,72.56800079345703,75.07899932861328,78.96279968261719,83.2422996520996,GMRINFRA.NS,2025-02-11 10:50:06.344530
12,2025-01-24 00:00:00+05:30,73.5,74.01000213623047,71.0999984741211,71.48999786376953,10814737,0.0,0.0,2025-01-24,75.41949920654297,2.552450941044176,77.97195014758714,72.8670482654988,80.52440108863132,70.31459732445461,-67.61017823622386,-128.58614494406456,2443553513,20107815.59651978,20587988.175629713,78.80654488514801,47.98533240632686,72.1999994913737,73.30000050862631,70.38999684651694,75.11000315348308,69.28999582926433,76.21000417073569,67.47999318440756,-0.14278219915176255,-73.25300717530504,-1.757334072317704,-1.68559800435629,-0.07173606796141407,35.455624002010026,35.602730422051096,73.81999969482422,75.41949920654297,79.07279968261719,83.47799964904785,GMRINFRA.NS,2025-02-11 10:50:06.344530
13,2025-01-23 00:00:00+05:30,73.19999694824219,73.73999786376953,72.33000183105469,73.5,6441341,0.0,0.0,2025-01-23,75.79749946594238,2.4991262027425174,78.2966256686849,73.29837326319986,80.79575187142741,70.79924706045735,-37.267911629148955,-117.98877177645298,2454368250,12313096.335652906,20708031.320407197,78.81322411150965,45.22096764534677,73.18999989827473,74.04999796549478,72.64000193277994,74.59999593098958,71.78000386555989,75.45999399820963,71.2300059000651,-0.14348601416878323,-56.48145241048021,-1.6256248593151241,-1.6676639873659362,0.04203912805081211,39.96114725455222,34.66246727437105,74.73600006103516,75.79749946594238,79.20739974975587,83.69689964294433,GMRINFRA.NS,2025-02-11 10:50:06.344530
14,2025-01-22 00:00:00+05:30,74.56999969482422,74.69999694824219,70.8499984741211,72.9800033569336,14826279,0.0,0.0,2025-01-22,76.07449951171876,2.537795718986353,78.61229523070512,73.5367037927324,81.15009094969146,70.99890807374605,-63.77856305733131,-131.7204673397176,2447926909,28141010.916019488,22806765.06659577,78.81611462272643,45.31005880857749,72.8433329264323,74.8366673787435,70.9866689046224,76.69333140055339,68.9933344523112,78.68666585286459,67.13667043050131,-0.1688625215900054,-65.16426119891082,-1.6303212309433661,-1.6781737693786392,0.04785253843527304,38.070635740192,33.97587918528385,74.97200012207031,76.07449951171876,79.32719970703126,83.90669967651367,GMRINFRA.NS,2025-02-11 10:50:06.344530
15,2025-01-21 00:00:00+05:30,77.01000213623047,77.30000305175781,74.11000061035156,74.36000061035156,10210742,0.0,0.0,2025-01-21,76.38299942016602,2.51675540320519,78.89975482337121,73.86624401696082,81.41651022657639,71.34948861375564,26.374160570667115,-91.92426065109008,2462753188,19746964.01265036,21473203.60423984,78.8234317418833,51.356834701048136,75.25666809082031,76.40333557128906,73.21333312988281,78.44667053222656,72.06666564941406,79.59333801269531,70.02333068847656,-0.19626942651233872,-52.20654236605758,-1.560420382332964,-1.6901369039874574,0.12971652165449332,41.27326627994913,33.236476627805324,75.23999938964843,76.38299942016602,79.47339965820312,84.11799964904785,GMRINFRA.NS,2025-02-11 10:50:06.344530
16,2025-01-20 00:00:00+05:30,75.88999938964844,77.3499984741211,75.62000274658203,76.7699966430664,8011477,0.0,0.0,2025-01-20,76.62999954223633,2.5499566789699153,79.17995622120625,74.08004286326641,81.72991290017616,71.53008618429651,75.05032823238905,-69.60828232430852,2472963930,15995866.064814772,21904763.50213721,78.82728906210794,56.07866305217277,76.57999928792317,77.53999582926431,75.81000010172525,78.30999501546223,74.85000356038411,79.26999155680338,74.08000437418619,-0.1744767675460206,-29.577474878520714,-1.5831922013830138,-1.7225660344010805,0.13937383301806672,47.79307680363501,33.42934476322622,74.80799865722656,76.62999954223633,79.60399963378906,84.32099967956543,GMRINFRA.NS,2025-02-11 10:50:06.344530
17,2025-01-17 00:00:00+05:30,74.68000030517578,76.48999786376953,74.13999938964844,76.06999969482422,8571378,0.0,0.0,2025-01-17,76.73249969482421,2.596654508384179,79.32915420320839,74.13584518644004,81.92580871159257,71.53919067805586,28.740187595924994,-93.08796324191323,2464952453,16957729.75049424,23381987.86146782,78.82868498924354,57.909172993145496,75.56666564941406,76.99333190917969,74.6433334350586,77.91666412353516,73.21666717529297,79.34333038330078,72.2933349609375,-0.20858175605160847,-36.15021523485995,-1.8257073638223176,-1.7574094926555972,-0.06829787116672037,45.46980791467215,34.21624970371157,73.39399871826171,76.73249969482421,79.70099975585937,84.50829971313476,GMRINFRA.NS,2025-02-11 10:50:06.344530
18,2025-01-16 00:00:00+05:30,74.91000366210938,75.6500015258789,74.48999786376953,74.68000030517578,13439651,0.0,0.0,2025-01-16,76.9604995727539,2.7320859600105756,79.69258553276448,74.22841361274332,82.42467149277505,71.49632765273276,-9.847545813792856,-108.40533130797374,2456381075,26103332.14216376,24988052.38921121,78.83068910282273,49.54857391509887,74.93999989827473,75.39000193277994,74.22999827067056,76.10000356038411,73.77999623616536,76.55000559488931,73.06999460856119,-0.24385788998552288,-49.20185082637435,-2.039598935015107,-1.740335024863917,-0.29926391015119,40.59537969853106,34.485674107670356,73.08599853515625,76.9604995727539,79.74879974365234,84.70699974060058,GMRINFRA.NS,2025-02-11 10:50:06.344530
19,2025-01-15 00:00:00+05:30,72.5,74.69000244140625,72.5,74.31999969482422,9958755,0.0,0.0,2025-01-15,77.33399963378906,2.908805034673085,80.24280466846214,74.42519459911598,83.15160970313524,71.51638956444289,-54.543903978884025,-139.9887248939622,2442941424,19249275.78347982,24709232.450973075,78.83542249696235,48.698190269896074,73.83666737874348,75.17333475748697,72.98333231608072,76.02666982014973,71.64666493733723,77.36333719889322,70.79332987467447,-0.21865939302882645,-53.54184198945361,-2.145648068319076,-1.6655190473261192,-0.48012902099295696,39.29026707288693,34.18703836618402,73.36599884033203,77.33399963378906,79.81399978637695,84.91869972229004,GMRINFRA.NS,2025-02-11 10:50:06.344530
20,2025-01-14 00:00:00+05:30,70.98999786376953,73.12999725341797,70.33999633789062,72.19999694824219,23038361,0.0,0.0,2025-01-14,77.78999977111816,3.118722241852773,80.90872201297094,74.67127752926538,84.0274442548237,71.55255528741262,-134.19137152962654,-191.14196465758548,2432982669,43260586.75909747,26074221.617846385,78.83924136911617,42.204098880760455,71.88999684651692,73.43999735514322,70.64999643961588,74.67999776204427,69.09999593098958,76.22999827067056,67.85999552408853,-0.28560361513511434,-73.04508220021295,-2.213458670267258,-1.5454867920778799,-0.667971878189378,31.000932586391443,33.160180985382205,73.86399841308594,77.78999977111816,79.92739974975586,85.1255997467041,GMRINFRA.NS,2025-02-11 10:50:06.344530
21,2025-01-13 00:00:00+05:30,73.0,73.9800033569336,69.2699966430664,69.69999694824219,18419378,0.0,0.0,2025-01-13,78.375,3.112298393743755,81.48729839374376,75.26270160625624,84.59959678748751,72.15040321251249,-237.45727001706152,-223.2777598957982,2409944308,33389611.571242407,21777630.332533613,78.85225661634547,31.57077596970406,70.98333231608073,72.69666798909506,67.98666127522787,75.69333902994792,66.27332560221355,77.40667470296225,63.27665456136069,-0.3577429751626965,-96.16413873647502,-2.05795138756379,-1.3784938225305354,-0.6794575650332546,18.87104787859218,30.793595397134844,74.75199890136719,78.375,80.0697998046875,85.35279975891113,GMRINFRA.NS,2025-02-11 10:50:06.344530
22,2025-01-10 00:00:00+05:30,76.08999633789062,76.30000305175781,74.0,74.52999877929688,11314699,0.0,0.0,2025-01-10,79.0875,2.612857002222525,81.70035700222253,76.47464299777748,84.31321400444506,73.86178599555495,-154.5492777944563,-139.03634595614702,2428363686,21931976.226927016,18874635.022856414,78.86662363617378,44.73782380990579,74.94333394368489,75.88666788736978,73.58666483561197,77.2433369954427,72.64333089192708,78.1866709391276,71.28666178385416,-0.2747560064008244,-92.01808993953934,-1.5814617394424886,-1.2086294312722219,-0.3728323081702667,27.564317063304927,28.244964763637682,76.09599914550782,79.0875,80.29119979858399,85.61129981994628,GMRINFRA.NS,2025-02-11 10:50:06.344530
23,2025-01-09 00:00:00+05:30,77.36000061035156,77.36000061035156,75.86000061035156,76.08000183105469,5515487,0.0,0.0,2025-01-09,79.58899993896485,2.6542992032160324,82.24329914218087,76.93470073574882,84.89759834539691,74.28040153253278,-100.27683842050426,-107.82182347112291,2439678385,10913348.575629003,18110299.72183876,78.87080942431972,44.92438100939631,76.43333435058594,77.00666809082031,75.50666809082031,77.93333435058594,74.93333435058594,78.50666809082031,74.00666809082031,-0.2684843339748428,-83.63633210993267,-1.4231310560510053,-1.1154213542296552,-0.30770970182135016,31.950241444333514,26.63606002753927,76.92599945068359,79.58899993896485,80.39019989013671,85.8288998413086,GMRINFRA.NS,2025-02-11 10:50:06.344530
24,2025-01-08 00:00:00+05:30,76.48999786376953,77.22000122070312,75.0,76.80999755859375,9678431,0.0,0.0,2025-01-08,80.05699996948242,2.8228528210290524,82.87985279051148,77.23414714845336,85.70270561154052,74.41129432742432,-139.16971415839728,-115.45178946065369,2445193872,19334206.676988058,19909537.5083912,78.87212313742346,41.26013826223457,76.3433329264323,77.68666585286459,75.46666463216147,78.56333414713542,74.12333170572917,79.90666707356772,73.24666341145834,-0.24009666615175992,-72.57578822645435,-1.351509026260004,-1.0384939287743176,-0.31301509748568646,34.33980275293621,25.590562195190078,77.4479995727539,80.05699996948242,80.42739990234375,86.02679985046387,GMRINFRA.NS,2025-02-11 10:50:06.344530
25,2025-01-07 00:00:00+05:30,76.30000305175781,77.56999969482422,76.11000061035156,76.63999938964844,6456372,0.0,0.0,2025-01-07,80.47299995422364,2.9301753133742436,83.40317526759789,77.54282464084939,86.33335058097212,74.61264932747515,-148.44453962257936,-110.88332343143969,2435515441,12869085.469987294,20053370.216241986,78.87382790714504,41.6959687779647,76.77333323160808,77.43666585286459,75.97666676839194,78.23333231608073,75.31333414713542,78.89666493733725,74.51666768391928,-0.2895481696508829,-90.17982358484295,-1.3112272336146304,-0.960240154402896,-0.35098707921173444,33.26043665780972,24.3305218124137,77.80399932861329,80.47299995422364,80.46759994506836,86.18599990844727,GMRINFRA.NS,2025-02-11 10:50:06.344530
26,2025-01-06 00:00:00+05:30,78.98999786376953,78.98999786376953,75.93000030517578,76.41999816894531,19299307,0.0,0.0,2025-01-06,80.95099983215331,3.049327307616148,84.00032713976947,77.90167252453716,87.0496544473856,74.85234521692102,-167.60665902624683,-107.79181749163071,2429059069,38357684.69017753,21849441.402805656,78.8750605112374,48.964729100438255,77.1133321126302,78.29666392008463,75.23666636149088,80.17332967122395,74.05333455403645,81.35666147867838,72.17666880289713,-0.23323298090344138,-95.01528207022767,-1.22304500921625,-0.8724933845999624,-0.3505516246162875,31.915493408322945,23.423345977403116,78.18799896240235,80.95099983215331,80.58519989013672,86.36769989013672,GMRINFRA.NS,2025-02-11 10:50:06.344530
27,2025-01-03 00:00:00+05:30,78.41000366210938,79.91999816894531,78.26000213623047,78.68000030517578,6224506,0.0,0.0,2025-01-03,81.35499992370606,2.95109835208937,84.30609827579543,78.40390157161669,87.2571966278848,75.45280321952733,7.910793480506895,-60.09623093108031,2448358376,12737168.381323311,17722380.580962688,78.87911659006522,57.71494320905209,78.95333353678386,79.64666493733725,77.9866689046224,80.6133295694987,77.29333750406902,81.30666097005209,76.32667287190756,-0.19004440031783712,-78.23203805085474,-1.0699472682245812,-0.7848554784458904,-0.28509178977869076,39.51063085489982,22.446387385853257,78.36799926757813,81.35499992370606,80.70139999389649,86.58369987487794,GMRINFRA.NS,2025-02-11 10:50:06.344530
28,2025-01-02 00:00:00+05:30,78.73999786376953,79.05000305175781,78.02999877929688,78.69000244140625,4945975,0.0,0.0,2025-01-02,81.62249984741212,2.938308857731171,84.56080870514329,78.68419098968094,87.49911756287446,75.74588213194977,-50.69429863384674,-69.23329449386355,2454582882,10122204.866124988,18968683.63087253,78.8792227462482,52.231378104965366,78.59000142415364,79.15000406901041,78.12999979654947,79.61000569661458,77.5699971516927,80.17000834147134,77.10999552408853,-0.15760370072640917,-78.12151724579793,-1.0803004122166442,-0.7135825310012177,-0.3667178812154265,39.5493013531774,22.490292738495555,78.44199981689454,81.62249984741212,80.73559997558594,86.7916999053955,GMRINFRA.NS,2025-02-11 10:50:06.344530
29,2025-01-01 00:00:00+05:30,78.98999786376953,79.05000305175781,77.80000305175781,78.58999633789062,3400151,0.0,0.0,2025-01-01,81.88249969482422,2.894909639983626,84.77740933480784,78.9875900548406,87.67231897479147,76.09268041485697,-75.8573306461341,-71.94032853959487,2449636907,6949749.007439222,21180303.322059415,78.87930293940268,47.54868921592748,78.48000081380208,79.15999857584634,77.90999857584634,79.73000081380208,77.23000081380208,80.40999857584634,76.65999857584634,-0.14179726310151536,-79.2265566910189,-1.0781724446501642,-0.621903060697361,-0.45626938395280314,38.99487039173851,21.751747082443913,78.51199951171876,81.88249969482422,80.82099990844726,86.9916999053955,GMRINFRA.NS,2025-02-11 10:50:06.344530
30,2024-12-31 00:00:00+05:30,77.05000305175781,78.80999755859375,76.95999908447266,78.55999755859375,14038476,0.0,0.0,2024-12-31,82.13349990844726,2.810817389663736,84.944317298111,79.32268251878352,87.75513468777473,76.5118651291198,-88.78076809664354,-84.89307006354963,2446236756,28683032.988373525,24737941.900714464,78.87938725360603,44.30004747509963,78.10999806722005,79.25999704996744,77.40999857584634,79.95999654134114,76.25999959309895,81.10999552408853,75.56000010172525,-0.1612073699805506,-79.73714095665784,-1.0492629692430313,-0.5078357147091602,-0.5414272545338711,38.83860597428574,20.956390222080607,78.6240005493164,82.13349990844726,80.96440002441406,87.17559997558594,GMRINFRA.NS,2025-02-11 10:50:06.344530
31,2024-12-30 00:00:00+05:30,79.23999786376953,79.75,76.70999908447266,77.31999969482422,16632173,0.0,0.0,2024-12-30,82.37249984741212,2.6916683217900403,85.06416816920216,79.68083152562207,87.7558364909922,76.98916320383204,-101.58395137700103,-92.85115012997954,2432198280,33446023.03685243,23751669.1287997,78.87977202957977,35.955349514544466,77.92666625976562,79.1433334350586,76.10333251953125,80.96666717529297,74.88666534423828,82.18333435058594,73.0633316040039,-0.17135500756458308,-93.7048456484905,-0.9933977312646505,-0.3724789010756924,-0.6209188301889581,32.1700638577685,19.893139459217082,78.77200164794922,82.37249984741212,81.125,87.3108999633789,GMRINFRA.NS,2025-02-11 10:50:06.344530
32,2024-12-27 00:00:00+05:30,79.80000305175781,80.13999938964844,78.91999816894531,79.05000305175781,10133639,0.0,0.0,2024-12-27,82.66699981689453,2.4180846190812146,85.08508443597574,80.24891519781332,87.50316905505696,77.8308305787321,-64.23234242435522,-52.713883800966016,2448830453,20833918.80313121,21328080.651786517,78.8820014788855,49.72119056815282,79.37000020345052,79.82000223795572,78.6000010172526,80.59000142415364,78.14999898274739,81.04000345865884,77.37999979654947,-0.09871339716066635,-88.57450736871468,-0.7847008152807007,-0.2172491935284529,-0.5674516217522478,37.46156896991389,18.748100176133285,79.07200164794922,82.66699981689453,81.36580001831055,87.46269996643066,GMRINFRA.NS,2025-02-11 10:50:06.344530
33,2024-12-26 00:00:00+05:30,79.1500015258789,79.75,78.55999755859375,79.04000091552734,10679581,0.0,0.0,2024-12-26,82.83899955749511,2.264747193429313,85.10374675092443,80.5742523640658,87.36849394435374,78.30950517063648,-84.4124134658996,-59.422875371581405,2438696814,21953552.022580475,21451621.113950342,78.8818550440007,49.09576351055268,79.11666615804036,79.67333475748697,78.48333231608072,80.30666859944661,77.92666371663411,80.86333719889322,77.29332987467447,-0.0016121397795889221,-88.68334451314679,-0.6759952335253132,-0.07538628809039094,-0.6006089454349223,37.406306907796704,18.481461708411334,79.38800048828125,82.83899955749511,81.57559997558593,87.65219993591309,GMRINFRA.NS,2025-02-11 10:50:06.344530
34,2024-12-24 00:00:00+05:30,79.48999786376953,80.4800033569336,78.66000366210938,79.1500015258789,6303126,0.0,0.0,2024-12-24,82.97749938964844,2.0988132927005405,85.07631268234898,80.8786860969479,87.17512597504953,78.77987280424736,-95.17675124920191,-48.71766932803866,2449376395,12975095.516738512,21326138.38679281,78.88170963979562,55.7375043202133,79.4300028483073,80.20000203450522,78.380002339681,81.25000254313152,77.61000315348308,82.02000172932944,76.56000264485678,0.047824978501928746,-87.48638497964389,-0.5255917368987326,0.07476594826833961,-0.6003576851670722,37.74700571566116,17.8878740373897,80.01000061035157,82.97749938964844,81.77379989624023,87.87699989318848,GMRINFRA.NS,2025-02-11 10:50:06.344530
35,2024-12-23 00:00:00+05:30,79.18000030517578,80.63999938964844,78.55000305175781,79.30000305175781,19622227,0.0,0.0,2024-12-23,83.02949943542481,2.0099966844538972,85.0394961198787,81.01950275097091,87.0494928043326,79.00950606651702,-118.5772058868401,-46.477259114677,2455679521,40469249.15752149,23413899.10430638,78.88156397179634,61.74023874599643,79.49666849772136,80.4433339436849,78.35333760579428,81.58666483561198,77.40667215983073,82.53333028157553,76.26334126790366,0.058142620098197324,-85.8541598868293,-0.335899566678151,0.22485536956010765,-0.5607549362382587,38.18741855658622,17.29303266537253,80.86800079345703,83.02949943542481,81.95919982910156,88.10279991149902,GMRINFRA.NS,2025-02-11 10:50:06.344530
36,2024-12-20 00:00:00+05:30,81.5999984741211,81.5999984741211,78.0,78.81999969482422,10082347,0.0,0.0,2024-12-20,83.0669994354248,1.9426213595266886,85.00962079495149,81.12437807589812,86.95224215447818,79.18175671637142,-165.59645559919107,-49.35510602520209,2436057294,20668155.310651824,19150061.591002606,78.8808555109625,61.30668614855919,79.47333272298177,80.94666544596353,77.34666697184244,83.07333119710286,75.87333424886067,84.54666392008463,73.74666849772134,-0.01662790875332851,-91.07726358015262,-0.10271959649476514,0.3650441036196723,-0.46776370011443746,35.967467287943805,16.65243426473865,81.78800048828126,83.0669994354248,82.15019973754883,88.30949989318847,GMRINFRA.NS,2025-02-11 10:50:06.344530
37,2024-12-19 00:00:00+05:30,80.19999694824219,81.48999786376953,80.19999694824219,80.62999725341797,4878495,0.0,0.0,2024-12-19,83.08399963378906,1.9046149800785377,84.9886146138676,81.17938465371053,86.89322959394613,79.274769673632,-191.10715033452072,-12.235276315704686,2446139641,10230247.871150961,18770538.1610903,78.88090849890112,59.00404635844409,80.77333068847656,81.34666442871094,80.0566635131836,82.0633316040039,79.48332977294922,82.63666534423828,78.76666259765625,0.041599716954239314,-93.84835526100368,0.24465084133949233,0.4819850286482817,-0.23733418730878936,41.14109345276439,15.962559064056007,82.81399993896484,83.08399963378906,82.32759979248047,88.49379989624023,GMRINFRA.NS,2025-02-11 10:50:06.344530
38,2024-12-18 00:00:00+05:30,83.0,83.16000366210938,81.58000183105469,82.1500015258789,7559892,0.0,0.0,2024-12-18,82.89499969482422,2.306168267263755,85.20116796208798,80.58883142756046,87.50733622935174,78.2826631602967,-164.40557818752396,33.25398800938158,2451018136,16152018.907996582,20905610.733575135,78.8801712841527,66.86800875525486,82.29666900634766,83.01333618164062,81.43333435058594,83.87667083740234,80.71666717529297,84.59333801269531,79.85333251953125,0.009948945334064119,-89.83957873779093,0.5074260992909245,0.541318575475479,-0.03389247618455449,46.33878036400916,16.13384497286493,83.6,82.89499969482422,82.45899978637695,88.66019989013672,GMRINFRA.NS,2025-02-11 10:50:06.344530
39,2024-12-17 00:00:00+05:30,85.4000015258789,85.76000213623047,83.0,83.44000244140625,13065340,0.0,0.0,2024-12-17,82.81399955749512,2.3614983655066215,85.17549792300174,80.4525011919885,87.53699628850836,78.09100282648188,-43.09942621947497,84.33237620288735,2458578028,28352977.369732123,22094008.689969774,78.878034203798,76.01284157321373,84.06666819254558,85.13333638509116,82.37333424886069,86.82667032877605,81.30666605631511,87.89333852132162,79.61333211263022,-0.0030908773895538186,-66.25437409350451,0.686472393633494,0.5497916945216176,0.1366806991118764,51.462516336392106,16.99928753626033,84.25800018310547,82.81399955749512,82.5213996887207,88.77969985961914,GMRINFRA.NS,2025-02-11 10:50:06.344530
40,2024-12-16 00:00:00+05:30,84.05000305175781,84.44000244140625,83.6500015258789,83.9000015258789,4526525,0.0,0.0,2024-12-16,82.54249954223633,2.587104483096072,85.1296040253324,79.95539505914026,87.71670850842847,77.36829057604419,-43.92746842712132,79.67989104438713,2471643368,9877124.756080149,20529266.520029183,78.87287546122083,75.89018397091738,83.99666849772136,84.34333546956381,83.55333455403647,84.7866694132487,83.20666758219402,85.13333638509116,82.76333363850912,0.03779359119512898,-45.31680368396661,0.7782592652605729,0.5156215197436484,0.2626377455169244,53.418275832687385,17.88711246392059,84.59599914550782,82.54249954223633,82.6513996887207,88.89819984436035,GMRINFRA.NS,2025-02-11 10:50:06.344530
41,2024-12-13 00:00:00+05:30,83.80999755859375,84.47000122070312,81.91999816894531,83.94999694824219,7881359,0.0,0.0,2024-12-13,82.18799934387206,2.862410118715072,85.05040946258714,79.32558922515699,87.91281958130222,76.46317910644191,-76.40698444664484,58.38265790135964,2476169893,17207803.66370586,23192301.96101644,78.87090519114203,71.65224974740778,83.44666544596355,84.97333272298178,82.42332967122397,85.99666849772136,80.89666239420573,87.52333577473959,79.87332661946616,0.050115964298636954,-41.22144073242182,0.8386795279598545,0.44996208336441723,0.3887174445954372,53.6239647251795,18.92972559280811,85.05599822998047,82.18799934387206,82.74599960327149,89.00049980163574,GMRINFRA.NS,2025-02-11 10:50:06.344530
42,2024-12-12 00:00:00+05:30,85.69999694824219,85.69999694824219,84.19999694824219,84.55999755859375,7381845,0.0,0.0,2024-12-12,81.79099960327149,3.142118629254106,84.93311823252559,78.64888097401739,88.0752368617797,75.50676234476327,36.368161286457,86.93856465200048,2484051252,16234298.642188085,24688426.535344083,78.86743682692092,78.59488607865815,84.8199971516927,85.43999735514322,83.93999735514322,86.3199971516927,83.3199971516927,86.93999735514322,82.43999735514322,0.023334344678476032,-33.46061932042095,0.8984047162139461,0.35278272221555795,0.5456219939983882,56.06978777220093,20.052539731610057,85.16599884033204,81.79099960327149,82.94559967041016,89.10099983215332,GMRINFRA.NS,2025-02-11 10:50:06.344530
43,2024-12-11 00:00:00+05:30,84.75,85.83999633789062,84.75,85.44000244140625,5476910,0.0,0.0,2024-12-11,81.47399978637695,3.16776678948993,84.64176657586688,78.30623299688702,87.80953336535681,75.13846620739709,85.87114032520617,92.81057530227879,2491433097,12170278.14008265,26801958.50863308,78.86379358523276,82.75054319899311,85.3433329264323,85.93666585286459,84.84666951497397,86.43332926432292,84.25333658854167,87.02666219075522,83.75667317708334,0.022254089890334984,-16.924558303235113,0.9011830453650305,0.21637722371596088,0.6848058216490696,59.71853171830783,20.586380708091994,85.05999908447265,81.47399978637695,83.13559967041016,89.17479988098144,GMRINFRA.NS,2025-02-11 10:50:06.344530
44,2024-12-10 00:00:00+05:30,86.19999694824219,86.4000015258789,84.51000213623047,85.12999725341797,7434198,0.0,0.0,2024-12-10,81.17649955749512,3.0530152573000118,84.22951481479514,78.1234843001951,87.28253007209514,75.0704690428951,109.92109050145696,87.34465519320659,2485956187,16459642.204516415,30459878.600770686,78.86066942815478,64.18070119479306,85.34666697184245,86.18333180745444,84.293332417806,87.23666636149089,83.45666758219402,88.07333119710287,82.40333302815756,0.01670050975528917,-15.761325448263422,0.8044187124804552,0.04517576830369349,0.7592429441767616,58.842421741147504,20.79073002431286,84.7499984741211,81.17649955749512,83.32859954833984,89.27969985961914,GMRINFRA.NS,2025-02-11 10:50:06.344530
45,2024-12-09 00:00:00+05:30,84.5,87.19000244140625,84.36000061035156,86.19999694824219,19140139,0.0,0.0,2024-12-09,80.93449974060059,2.911696906651096,83.84619664725169,78.02280283394948,86.75789355390278,75.1111059272984,153.8562733570271,95.86520978730098,2493390385,42909750.08196082,33959937.69983425,78.85662407066664,70.5999062509901,85.91666666666667,87.47333272298178,84.64333089192709,88.74666849772136,83.08666483561198,90.30333455403647,81.8133290608724,0.012659236943273715,-7.574640522417987,0.6988736955213426,-0.14463496774049694,0.8435086632618396,63.25165012136916,21.01079851870456,84.44599914550781,80.93449974060059,83.50819961547852,89.39749992370605,GMRINFRA.NS,2025-02-11 10:50:06.344530
46,2024-12-06 00:00:00+05:30,84.3499984741211,85.27999877929688,84.08000183105469,84.5,7902560,0.0,0.0,2024-12-06,80.6689998626709,2.635270028926118,83.30426989159702,78.03372983374479,85.93953992052313,75.39845980481867,106.38952961750694,61.50176447742854,2474250246,17367134.115732886,31722484.604302607,78.84440425759215,70.24456767090562,84.62000020345052,85.15999857584634,83.96000162760416,85.8199971516927,83.42000325520833,86.35999552408853,82.76000467936197,-0.03172932747090826,-6.989238858242928,0.44777633726491217,-0.35551213355595684,0.803288470820869,58.68426066777387,21.247795358818703,83.8739990234375,80.6689998626709,83.674599609375,89.51639991760254,GMRINFRA.NS,2025-02-11 10:50:06.344530
47,2024-12-05 00:00:00+05:30,83.87000274658203,84.41999816894531,83.05999755859375,84.02999877929688,6818799,0.0,0.0,2024-12-05,80.525,2.4895723539530126,83.01457235395301,78.035427646047,85.50414470790604,75.54585529209398,79.4583192312517,40.62242136257702,2466347686,14902045.78093402,35311322.226445034,78.84051587901527,70.60964038390253,83.83666483561198,84.61333211263022,83.25333150227866,85.19666544596355,82.47666422526042,85.97333272298178,81.89333089192709,0.02190120381079097,-3.7864035240411216,0.2869350805018911,-0.5563342512611741,0.8432693317630652,57.32252383759193,22.35098925116233,83.61599884033203,80.525,83.89179962158204,89.64879989624023,GMRINFRA.NS,2025-02-11 10:50:06.344530
48,2024-12-04 00:00:00+05:30,83.70999908447266,84.23999786376953,83.1500015258789,83.88999938964844,10260533,0.0,0.0,2024-12-04,80.24650001525879,2.386247958991316,82.63274797425011,77.86025205626747,85.01899593324143,75.47400409727615,87.53598833106145,36.4234816881807,2459528887,22386374.253004447,40413641.33782278,78.83743544385216,68.06955756363791,83.75999959309895,84.369997660319,83.28000132242838,84.84999593098958,82.67000325520833,85.45999399820963,82.19000498453775,0.037687201024893334,-3.458484614549534,0.12295002985935355,-0.7671515842019403,0.8901016140612938,56.92987959357781,23.965127707321198,83.30799865722656,80.24650001525879,84.11699966430665,89.7956999206543,GMRINFRA.NS,2025-02-11 10:50:06.344530
49,2024-12-03 00:00:00+05:30,83.5,84.18000030517578,83.30000305175781,83.61000061035156,17166826,0.0,0.0,2024-12-03,79.94900016784668,2.276471499779045,82.22547166762573,77.67252866806763,84.50194316740476,75.39605716828859,108.00910102982982,32.57135184201411,2449268354,37329474.742722295,44920458.10902736,78.83291844557726,65.55314806525695,83.69666798909505,84.09333292643228,83.21333567301431,84.57666524251302,82.81667073567708,84.97333017985025,82.33333841959634,0.018590634955930076,-5.666002317637708,-0.07507558796547187,-0.9896769877172636,0.9146013997517918,56.181181929320324,25.79219467713152,82.89199829101562,79.94900016784668,84.32979965209961,89.93229995727539,GMRINFRA.NS,2025-02-11 10:50:06.344530
50,2024-12-02 00:00:00+05:30,83.19999694824219,83.6500015258789,82.29000091552734,83.33999633789062,14744874,0.0,0.0,2024-12-02,79.76800003051758,2.1077259243779825,81.87572595489557,77.6602741061396,83.98345187927355,75.55254818176162,104.68854096508169,16.327538376604053,2432101528,31959368.55083479,46818203.95060363,78.825762434867,62.0299390207935,83.0933329264323,83.89666493733725,82.53666432698569,84.45333353678386,81.73333231608073,85.25666554768881,81.17666371663412,0.03310665990680445,-5.822341888801001,-0.29989524028064807,-1.2183273376552115,0.9184320973745634,55.48835447069376,27.689380061602996,82.20799865722657,79.76800003051758,84.51059967041016,90.08189994812011,GMRINFRA.NS,2025-02-11 10:50:06.344530
51,2024-11-29 00:00:00+05:30,82.62000274658203,83.91000366210938,82.16000366210938,83.20999908447266,22669084,0.0,0.0,2024-11-29,79.56700019836425,1.933651997536844,81.5006521959011,77.63334820082741,83.43430419343794,75.69969620329057,116.76557721376398,12.209761177257581,2417356654,49058372.469629884,50532912.80054583,78.81994672767368,63.243215451146824,83.0933354695638,84.02666727701822,82.27666727701822,84.8433354695638,81.3433354695638,85.77666727701822,80.52666727701822,-0.011116058159577644,-7.150199307198049,-0.5565973252709,-1.4479353619988524,0.8913380367279524,55.17146053606515,29.67115334795079,81.55,79.56700019836425,84.7247998046875,90.2375,GMRINFRA.NS,2025-02-11 10:50:06.344530
52,2024-11-28 00:00:00+05:30,82.05000305175781,82.94000244140625,81.52999877929688,82.48999786376953,35219816,0.0,0.0,2024-11-28,79.44500007629395,1.7609696771061818,81.20596975340013,77.68403039918778,82.96693943050632,75.92306072208159,112.57532348201102,-6.388017458501584,2394687570,75560012.7166358,50901547.883274816,78.81123424101604,62.29074000211492,82.31999969482422,83.11000061035156,81.69999694824219,83.7300033569336,80.90999603271484,84.52000427246094,80.28999328613281,0.0023524434717764843,-5.102092893504202,-0.8640177299555489,-1.6707698711808403,0.8067521412252914,53.46773785979697,31.80537073324841,80.74000091552735,79.44500007629395,84.97419982910156,90.3677000427246,GMRINFRA.NS,2025-02-11 10:50:06.344530
53,2024-11-27 00:00:00+05:30,80.6500015258789,82.04000091552734,79.93000030517578,81.80999755859375,12574153,0.0,0.0,2024-11-27,79.29450035095215,1.6091102514879125,80.90361060244007,77.68539009946423,82.51272085392797,76.07627984797632,107.12505758070313,-26.758701054611898,2359467754,26754002.752137884,44736931.674934566,78.79985617158603,60.51071751434545,81.25999959309895,82.58999888102213,80.47999827067056,83.37000020345052,79.14999898274739,84.69999949137369,78.369997660319,0.018399403053182304,-7.125652829326365,-1.1736086167938709,-1.8724579064871631,0.6988492896932923,51.86334028162194,33.701838945506495,79.61200103759765,79.29450035095215,85.26699981689453,90.51110008239746,GMRINFRA.NS,2025-02-11 10:50:06.344530
54,2024-11-26 00:00:00+05:30,80.0,81.0999984741211,79.33000183105469,80.19000244140625,9168793,0.0,0.0,2024-11-26,79.10100059509277,1.5209687962193288,80.6219693913121,77.58003179887343,82.14293818753143,76.05906300265411,78.25942003607618,-44.848879291349796,2346893601,19122120.11614382,49232663.90563373,78.7965286178805,55.86955195745307,80.20666758219402,81.08333333333334,79.31333669026694,81.97666422526042,78.43667093912761,82.85332997639975,77.54334004720053,-0.016259689993006334,-26.690814133916167,-1.4852270916029795,-2.047170228910486,0.5619431373075066,47.88856794883439,35.363339384279826,79.35600128173829,79.10100059509277,85.5513998413086,90.6584001159668,GMRINFRA.NS,2025-02-11 10:50:06.344530
55,2024-11-25 00:00:00+05:30,82.3499984741211,82.3499984741211,79.7300033569336,80.05000305175781,31694346,0.0,0.0,2024-11-25,79.03250045776367,1.5000485362459706,80.53254899400964,77.5324519215177,82.03259753025561,76.03240338527173,98.67710719067223,-40.4793057653214,2337724808,65985239.1074312,56760299.85300621,78.79540447728137,54.737642503306,80.71000162760417,81.68999989827475,79.07000478108725,83.32999674479167,78.09000651041667,84.30999501546225,76.45000966389975,-0.03816699655058733,-28.38162826783233,-1.70214475475521,-2.187656013237363,0.4855112584821528,47.54096379895672,36.748086867745435,78.92000122070313,79.03250045776367,85.82539978027344,90.81520011901856,GMRINFRA.NS,2025-02-11 10:50:06.344530
56,2024-11-22 00:00:00+05:30,77.98999786376953,79.63999938964844,76.8499984741211,79.16000366210938,14612979,0.0,0.0,2024-11-22,79.1560001373291,1.6792078537754405,80.83520799110454,77.47679228355366,82.51441584487998,75.79758442977823,-8.861266130009268,-71.01616447413156,2306030462,30084875.1157709,54454065.03939995,78.79189607799096,49.51234986843116,78.5500005086263,80.2500025431315,77.46000162760416,81.34000142415364,75.75999959309895,83.04000345865884,74.67000071207681,0.0026482088833417396,-39.130414751639215,-1.940287205496034,-2.309033827857901,0.3687466223618667,45.39067887560501,38.35942082817384,78.27200012207031,79.1560001373291,86.07519973754883,90.9909001159668,GMRINFRA.NS,2025-02-11 10:50:06.344530
57,2024-11-21 00:00:00+05:30,80.37000274658203,80.37000274658203,74.12000274658203,76.8499984741211,72676903,0.0,0.0,2024-11-21,79.30950012207032,1.8144634724907243,81.12396359456105,77.49503664957959,82.93842706705176,75.68057317708887,-76.45560086935335,-91.71910231671983,2291417483,145259291.90714726,60546362.52030721,78.7914208562927,43.57129214479963,77.11333465576172,80.1066665649414,73.8566665649414,83.36333465576172,70.86333465576172,86.3566665649414,67.6066665649414,0.018311303134373035,-67.02903224617516,-2.1281319607898013,-2.4012204834483675,0.2730885226585662,39.404443779528144,38.893502484302886,77.64199981689453,79.30950012207032,86.34359970092774,91.16500007629395,GMRINFRA.NS,2025-02-11 10:50:06.344530
58,2024-11-19 00:00:00+05:30,80.5,82.4000015258789,79.1500015258789,80.52999877929688,43057112,0.0,0.0,2024-11-19,79.48650016784669,1.7327347741577497,81.21923494200443,77.75376539368894,82.95196971616218,76.02103061953119,71.41318800774197,-51.57948429815696,2364094386,90179170.55913673,39368130.1735972,78.80396660618112,63.602072553123236,80.69333394368489,82.23666636149088,78.98666636149088,83.94333394368489,77.44333394368489,85.48666636149088,75.73666636149088,-0.02541579781547528,-26.752551045467495,-2.1088852356323713,-2.469492614113009,0.36060737848063784,47.03087180259478,39.46866734474955,77.91600036621094,79.48650016784669,86.62439971923828,91.38890007019043,GMRINFRA.NS,2025-02-11 10:50:06.344530
59,2024-11-18 00:00:00+05:30,77.0,78.98999786376953,75.94999694824219,78.01000213623047,17220570,0.0,0.0,2024-11-18,79.60800018310547,1.887996521677782,81.49599670478325,77.7200036614277,83.38399322646104,75.8320071397499,-53.98048876017762,-90.871024905333,2321037274,34938275.05413056,26665370.07721232,78.79733315041094,59.85962415146091,77.64999898274739,79.3500010172526,76.31000010172525,80.68999989827473,74.60999806722005,82.39000193277994,73.26999918619791,-0.042321699202527305,-62.099108827974774,-2.4147150609688453,-2.5596444587331684,0.14492939776432312,39.597244873445455,41.539968206911304,77.70800018310547,79.60800018310547,86.83439971923828,91.56640007019043,GMRINFRA.NS,2025-02-11 10:50:06.344530
60,2024-11-14 00:00:00+05:30,76.12000274658203,77.44999694824219,75.7300033569336,76.80999755859375,12842078,0.0,0.0,2024-11-14,79.99550018310546,2.294346503965544,82.289846687071,77.70115367913992,84.58419319103655,75.40680717517438,-111.38414048663567,-107.55786365570974,2303816704,25654095.195182078,24597143.832982756,78.79854519609825,49.44449739860299,76.66333262125652,77.59666188557944,75.87666829427084,78.38332621256511,74.94333902994792,79.31665547688803,74.15667470296225,-0.05304122582517637,-79.59190482598623,-2.521501833696604,-2.595876808174249,0.07437497447764496,35.600990290763534,41.956534905358225,78.16399993896485,79.99550018310546,87.189599609375,91.73700004577637,GMRINFRA.NS,2025-02-11 10:50:06.344530
61,2024-11-13 00:00:00+05:30,77.93000030517578,78.37000274658203,75.41000366210938,76.01000213623047,9038751,0.0,0.0,2024-11-13,80.48450012207032,2.601356179536821,83.08585630160714,77.8831439425335,85.68721248114396,75.28178776299667,-153.7796572273778,-114.17993012996172,2290974626,17868282.6836525,24332905.992432926,78.80083071215476,40.29887258625697,76.59666951497395,77.78333536783853,74.82333628336588,79.55666859944661,73.6366704305013,80.74333445231119,71.86333719889322,-0.10118819291037519,-91.25365760888303,-2.501834420168734,-2.61447055179366,0.1126361316249258,32.8508095416406,41.39635062885767,78.98000030517578,80.48450012207032,87.52179962158203,91.93800010681153,GMRINFRA.NS,2025-02-11 10:50:06.344530
62,2024-11-12 00:00:00+05:30,79.58999633789062,80.22000122070312,77.75,78.22000122070312,6872819,0.0,0.0,2024-11-12,81.15200004577636,3.064364613566733,84.2163646593431,78.08763543220962,87.28072927290982,75.0232708186429,-72.26368162036641,-94.93091277021344,2300013377,13981583.872628624,25949061.81962803,78.80309017925573,45.9386552617591,78.73000081380208,79.71000162760416,77.24000040690103,81.2000020345052,76.25999959309895,82.18000284830728,74.76999918619791,-0.0777392991987166,-71.92050477266434,-2.359960160946983,-2.6426295846998915,0.2826694237529086,36.892235475127414,40.793075254164755,80.1020004272461,81.15200004577636,87.88319961547852,92.15760009765626,GMRINFRA.NS,2025-02-11 10:50:06.344530
63,2024-11-11 00:00:00+05:30,79.5,80.38999938964844,78.7300033569336,79.48999786376953,7182092,0.0,0.0,2024-11-11,81.71800003051757,3.507669049374773,85.22566907989234,78.2103309811428,88.73333812926712,74.70266193176802,-10.8748769218686,-90.24660795966862,2306886196,14847970.517797,28940931.30637788,78.80344935053138,42.32253613410439,79.53666687011719,80.34333038330078,78.68333435058594,81.19666290283203,77.87667083740234,82.00332641601562,77.0233383178711,-0.051622154256824156,-55.099363981592454,-2.3602125697937737,-2.713296940638118,0.3530843708443445,39.48426132989455,40.70744783654413,80.15,81.71800003051757,88.18639953613281,92.34530006408691,GMRINFRA.NS,2025-02-11 10:50:06.344530
64,2024-11-08 00:00:00+05:30,80.45999908447266,81.79000091552734,79.69999694824219,80.29000091552734,9328340,0.0,0.0,2024-11-08,82.19099998474121,3.8157175476671643,86.00671753240837,78.37528243707405,89.82243508007554,74.55956488940689,64.88250338057786,-82.55488903414214,2314068288,19479126.45719005,32464171.503523096,78.803007135284,37.78421339565612,80.5933329264323,81.4866689046224,79.39666493733725,82.68333689371745,78.50332895914714,83.57667287190756,77.30666097005209,-0.042531992903330776,-50.178351761200965,-2.4498503600618307,-2.8015680333492043,0.3517176732873737,41.1764746179499,40.88121833500345,79.84000091552734,82.19099998474121,88.4861996459961,92.5292000579834,GMRINFRA.NS,2025-02-11 10:50:06.344530
65,2024-11-07 00:00:00+05:30,81.8499984741211,82.2699966430664,80.6500015258789,80.88999938964844,15655489,0.0,0.0,2024-11-07,82.59749984741211,4.029601559371957,86.62710140678406,78.56789828804015,90.65670296615602,74.5382967286682,123.67020709960161,-79.15996602636983,2323396628,32935564.903167963,35710432.76510636,78.8017620803381,36.784090841909254,81.26999918619792,81.88999684651694,80.27000172932944,82.88999430338542,79.65000406901042,83.50999196370444,78.65000661214194,-0.034164606325052554,-50.311190676309465,-2.6062831290620636,-2.889497451671047,0.2832143226089836,42.44330015142826,41.34235884088423,79.78000030517578,82.59749984741211,88.76259963989258,92.70470001220703,GMRINFRA.NS,2025-02-11 10:50:06.344530
66,2024-11-06 00:00:00+05:30,79.0,81.91999816894531,78.93000030517578,81.62000274658203,22714681,0.0,0.0,2024-11-06,82.99549980163575,4.239700757880397,87.23520055951614,78.75579904375535,91.47490131739654,74.51609828587495,72.98654124467906,-89.40929070787831,2339052117,48217744.8327833,36404149.730590954,78.79882353637962,31.315262262912512,80.82333374023438,82.71666717529297,79.72666931152344,83.8133316040039,77.83333587646484,85.7066650390625,76.7366714477539,-0.03708036414406056,-46.563375663048184,-2.8261660977475884,-2.960301032323293,0.13413493457570436,43.9716666166615,42.11722508089846,79.46600036621093,82.99549980163575,89.03799972534179,92.835,GMRINFRA.NS,2025-02-11 10:50:06.344530
67,2024-11-05 00:00:00+05:30,77.20999908447266,78.9000015258789,76.12000274658203,78.45999908447266,13676142,0.0,0.0,2024-11-05,83.29899978637695,4.3518314709692785,87.65083125734623,78.94716831540768,92.00266272831551,74.59533684443839,-98.34513260707698,-132.8384463862643,2316337436,27907153.901369337,33450750.95504287,78.79305174497837,23.226290380727676,77.82666778564453,79.53333282470703,76.75333404541016,80.6066665649414,75.04666900634766,82.3133316040039,73.97333526611328,-0.14858904640471687,-83.19087993974735,-3.1367565004180022,-2.9938347659672186,-0.1429217344507836,34.4894686978125,42.75607330004814,79.2959991455078,83.29899978637695,89.31559967041015,92.93610000610352,GMRINFRA.NS,2025-02-11 10:50:06.344530
68,2024-11-04 00:00:00+05:30,80.0,80.13999938964844,76.62000274658203,77.94000244140625,15366033,0.0,0.0,2024-11-04,83.73599967956542,4.278543645567968,88.01454332513339,79.45745603399746,92.29308697070135,75.1789123884295,-95.72772853293192,-138.6525444273597,2302661294,31147688.576617178,34836650.21846125,78.79346250210611,23.39285894879758,78.23333485921223,79.84666697184244,76.32667032877603,81.75333150227864,74.71333821614583,83.36666361490884,72.80667368570963,-0.13202520060698955,-86.89455949215623,-3.1756672386228644,-2.958104332354522,-0.21756290626834218,32.7503759243874,41.55273491993612,79.5,83.73599967956542,89.66519973754883,93.05279998779297,GMRINFRA.NS,2025-02-11 10:50:06.344530
69,2024-11-01 00:00:00+05:30,79.56999969482422,80.4800033569336,79.3499984741211,79.98999786376953,2173451,0.0,0.0,2024-11-01,84.10249938964844,4.064518491343778,88.16701788099222,80.03798089830467,92.231536372336,75.97346240696089,-27.704883200645984,-126.36335890980807,2318027327,4521569.243103367,35758890.62892227,78.79464678589441,27.35876746790855,79.93999989827473,80.53000132242838,79.39999643961588,81.07000478108723,78.80999501546223,81.66000620524088,78.26999155680338,-0.15956833888896577,-72.29345344738299,-3.1261568137706917,-2.903713605787437,-0.2224432079832548,36.27564800942216,40.349855779369214,79.5,84.10249938964844,90.02339965820312,93.18289993286133,GMRINFRA.NS,2025-02-11 10:50:06.344530
70,2024-10-31 00:00:00+05:30,80.83999633789062,80.94000244140625,78.8499984741211,79.31999969482422,16681311,0.0,0.0,2024-10-31,84.59999961853028,4.14284128465637,88.74284090318665,80.4571583338739,92.88568218784302,76.31431704921754,-49.23004475742873,-139.03878585745917,2315853876,34412524.24381268,43568220.975376986,78.7944121246334,28.57546580175689,79.70333353678386,80.55666859944662,78.46666463216147,81.79333750406902,77.6133295694987,82.64667256673178,76.37666066487631,-0.1033477788827781,-77.06551986658341,-3.2172959430370724,-2.8481028037916225,-0.36919313924544994,34.123648596884905,39.62368228342439,79.26600036621093,84.59999961853028,90.32379974365234,93.2522999572754,GMRINFRA.NS,2025-02-11 10:50:06.344530
71,2024-10-30 00:00:00+05:30,79.5,81.5199966430664,78.69000244140625,80.7699966430664,20826727,0.0,0.0,2024-10-30,85.06549949645996,4.040116095928474,89.10561559238843,81.0253834005315,93.14573168831691,76.98526730460301,-43.65978660513755,-139.9228821337474,2332535187,43749665.44857522,45857145.158268064,78.79361902786847,29.746964937277156,80.32666524251302,81.96332804361978,79.13333384195963,83.15665944417317,77.49667104085286,84.79332224527994,76.30333964029947,-0.13717973001419442,-66.737906948563,-3.2192500700344624,-2.7558045189802596,-0.4634455510542028,36.60805041025825,38.84164928779149,79.90599975585937,85.06549949645996,90.63579971313476,93.32609992980957,GMRINFRA.NS,2025-02-11 10:50:06.344530
72,2024-10-29 00:00:00+05:30,78.01000213623047,79.86000061035156,76.44999694824219,79.4800033569336,24154169,0.0,0.0,2024-10-29,85.72349967956544,4.362501505401054,90.08600118496649,81.36099817416438,94.44850269036755,76.99849666876332,-93.40521127123377,-176.98724214644264,2311708460,49929086.998987615,46384015.08569127,78.7898885812525,28.91039906027197,78.59666697184245,80.74333699544272,77.33333333333334,82.00667063395183,75.18666330973308,84.15334065755209,73.92332967122397,-0.1719217590478861,-76.97544405621845,-3.3157781582893335,-2.6399431312167088,-0.6758350270726248,32.551312959444715,37.99945990787914,80.19800109863282,85.72349967956544,90.93139984130859,93.36139999389648,GMRINFRA.NS,2025-02-11 10:50:06.344530
73,2024-10-28 00:00:00+05:30,80.4000015258789,80.4000015258789,76.0999984741211,77.94000244140625,23819510,0.0,0.0,2024-10-28,86.45249938964844,4.480860510157027,90.93335989980547,81.97163887949141,95.4142204099625,77.49077836933438,-117.01070166369178,-200.5993175121645,2287554291,48283293.3866287,45497747.10736719,78.78837454925494,38.481556742486866,78.14666748046875,80.1933364868164,75.8933334350586,82.44667053222656,73.84666442871094,84.49333953857422,71.59333038330078,-0.23884913128155455,-87.46591328995804,-3.2620795058557377,-2.4709843744485527,-0.791095131407185,27.401176928047732,36.03371997577423,80.38000030517578,86.45249938964844,91.26759979248047,93.38409996032715,GMRINFRA.NS,2025-02-11 10:50:06.344530
74,2024-10-25 00:00:00+05:30,79.5,81.20999908447266,77.66999816894531,78.81999969482422,26995746,0.0,0.0,2024-10-25,87.30999908447265,4.40646499937009,91.71646408384274,82.90353408510256,96.12292908321282,78.49706908573248,-119.56766550818496,-201.84022598147524,2311373801,55339522.73760338,44801360.537551805,78.79021397152668,38.02726816354746,79.23333231608073,80.79666646321616,77.25666554768881,82.77333323160808,75.69333140055339,84.3366673787435,73.71666463216147,-0.22416903885419337,-91.22805894478088,-2.992236754531177,-2.273210591596756,-0.719026162934421,28.558231319985453,33.91676927966125,81.38399963378906,87.30999908447265,91.62619979858398,93.3706999206543,GMRINFRA.NS,2025-02-11 10:50:06.344530
75,2024-10-24 00:00:00+05:30,83.01000213623047,83.6500015258789,82.16000366210938,82.5199966430664,14325395,0.0,0.0,2024-10-24,88.07449913024902,4.176327187340601,92.25082631758963,83.89817194290842,96.42715350493023,79.72184475556782,-72.85764299347706,-157.88475376875755,2338369547,30744643.013115756,42166819.98753891,78.79014059887355,38.780071115505955,82.77666727701823,83.39333089192709,81.90333302815756,84.26666514078777,81.2866694132487,84.88332875569662,80.41333516438803,-0.18807302401558762,-72.90380230646053,-2.688085737951752,-2.093454050863151,-0.5946316870886013,34.19579765956544,31.86407609849776,82.77200012207031,88.07449913024902,91.90439987182617,93.46549995422363,GMRINFRA.NS,2025-02-11 10:50:06.344530
76,2024-10-23 00:00:00+05:30,81.0,82.8499984741211,79.44999694824219,82.2300033569336,24982283,0.0,0.0,2024-10-23,88.67449913024902,4.198272871991553,92.87277200224057,84.47622625825747,97.07104487423213,80.2779533862659,-122.08034419926084,-196.91479071365552,2324044152,53427650.8242342,45022364.2311447,78.78525860207257,29.895609604972037,81.50999959309895,83.57000223795572,80.17000071207681,84.91000111897786,78.10999806722005,86.97000376383463,76.76999918619791,-0.17401280356780116,-75.59256753588629,-2.6223453368102554,-1.9447961290910003,-0.6775492077192551,33.23659488205524,30.484102791049644,83.58600006103515,88.67449913024902,92.15019989013672,93.48629997253418,GMRINFRA.NS,2025-02-11 10:50:06.344530
77,2024-10-22 00:00:00+05:30,84.25,84.51000213623047,79.76000213623047,80.38999938964844,34980173,0.0,0.0,2024-10-22,89.33099899291992,4.163936459401574,93.49493545232149,85.16706253351835,97.65887191172307,81.00312607411676,-176.26220868683117,-218.10400464632858,2299061869,73135397.4075922,42921042.58287231,78.77737761814203,29.088617885631862,81.55333455403645,83.34666697184244,78.59666697184244,86.30333455403645,76.80333455403645,88.09666697184244,73.84666697184244,-0.21797502117796505,-95.30903023751105,-2.4698852520658647,-1.7754088271611863,-0.6944764249046784,26.964289437801924,28.45063202143935,85.01199951171876,89.33099899291992,92.46599975585937,93.47449996948242,GMRINFRA.NS,2025-02-11 10:50:06.344530
78,2024-10-21 00:00:00+05:30,85.0,85.73999786376953,82.51000213623047,82.95999908447266,15886550,0.0,0.0,2024-10-21,90.07599906921386,3.796790179356638,93.8727892485705,86.27920888985723,97.66957942792715,82.48241871050058,-184.69724461756934,-196.2983568968641,2334042042,34276934.91038244,35367453.87669233,78.77219511945052,31.80796096386618,83.73666636149089,84.96333058675131,81.73333485921225,86.96666208902995,80.50667063395183,88.19332631429037,78.50333913167319,-0.13212688567713518,-96.37683563136628,-2.0560551278185812,-1.6017897209350165,-0.45426540688356476,30.70572915471344,26.318364243534383,86.84199981689453,90.07599906921386,92.84779983520508,93.54059997558593,GMRINFRA.NS,2025-02-11 10:50:06.344530
79,2024-10-18 00:00:00+05:30,86.0,86.43000030517578,84.68000030517578,85.76000213623047,11983548,0.0,0.0,2024-10-18,90.65449905395508,3.5273675188132345,94.18186657276831,87.12713153514184,97.70923409158155,83.5997640163286,-148.89267881494706,-173.51879132508793,2349928592,26728454.660271235,35640083.6182698,78.76607394160439,30.256814698037473,85.62333424886067,86.56666819254556,84.81666819254556,87.37333424886067,83.87333424886067,88.31666819254556,83.06666819254556,-0.03284046507376464,-89.1224663999866,-1.7481808458434926,-1.4882233692141251,-0.2599574766293675,35.71991482160345,24.585719780500735,88.03999938964844,90.65449905395508,93.16239990234375,93.5859999847412,GMRINFRA.NS,2025-02-11 10:50:06.344530
80,2024-10-17 00:00:00+05:30,90.0,90.13999938964844,86.1500015258789,86.58999633789062,16629384,0.0,0.0,2024-10-17,90.9989990234375,3.3565053576377375,94.35550438107525,87.64249366579976,97.71200973871298,84.28598830816203,-57.66373748581283,-138.9201384337491,2361912140,37449629.937310226,37867990.85776944,78.75835416467073,36.019041406599385,87.62666575113933,89.10332997639975,85.11333211263022,91.61666361490886,83.6366678873698,93.09332784016928,81.12333424886069,-0.04878721747921182,-82.07633323201422,-1.6032787574145146,-1.4232340000567831,-0.1800447573577315,37.40103999975515,23.26912624385721,88.5719985961914,90.9989990234375,93.38679992675782,93.61039993286133,GMRINFRA.NS,2025-02-11 10:50:06.344530
81,2024-10-16 00:00:00+05:30,89.5199966430664,89.83000183105469,88.61000061035156,89.36000061035156,10230032,0.0,0.0,2024-10-16,91.37199935913085,3.2536875597445087,94.62568691887536,88.11831179938635,97.87937447861987,84.86462423964184,45.842573811082005,-105.99318624567623,2378541524,23775179.392064877,37972581.08788424,78.74634001935527,36.18816487558821,89.26666768391927,89.92333475748697,88.70333353678384,90.48666890462239,88.04666646321614,91.1433359781901,87.48333231608072,-0.04136927198252614,-57.49776093789454,-1.475209925310395,-1.3782228107173502,-0.09698711459304477,43.78744121020654,22.282947555192393,89.0239990234375,91.37199935913085,93.49679992675782,93.61399993896484,GMRINFRA.NS,2025-02-11 10:50:06.344530
82,2024-10-15 00:00:00+05:30,89.4000015258789,89.75,88.77999877929688,89.54000091552734,7812014,0.0,0.0,2024-10-15,91.68799934387206,3.353370538265189,95.04136988213725,88.33462880560688,98.39474042040244,84.98125826734169,11.211464536172345,-111.57879457191356,2388771556,18192138.539209697,41521931.51183908,78.73631428683893,36.22441291675224,89.3566665649414,89.93333435058594,88.96333312988281,90.32666778564453,88.38666534423828,90.90333557128906,87.99333190917969,-0.07414459358254301,-55.90059715092463,-1.561694797020806,-1.3539760320690888,-0.20771876495171715,44.24329761564894,22.085658236720768,88.68999938964843,91.68799934387206,93.55959991455079,93.59239990234374,GMRINFRA.NS,2025-02-11 10:50:06.344530
83,2024-10-14 00:00:00+05:30,88.3499984741211,89.25,88.20999908447266,88.94999694824219,5903276,0.0,0.0,2024-10-14,92.0674991607666,3.5226920563239315,95.59019121709053,88.54480710444267,99.11288327341447,85.02211504811874,-28.486793540438203,-137.38468842650914,2380959542,13656602.646696253,47354379.75499642,78.72851558525879,39.719760464284285,88.80333201090495,89.39666493733725,88.3566640218099,89.8433329264323,87.76333109537761,90.43666585286459,87.31666310628256,-0.0790347669829422,-61.67981507896724,-1.6664869007503853,-1.3020463408311593,-0.36444055991922597,42.41875345204461,21.939188316393164,88.22199859619141,92.0674991607666,93.72879989624023,93.57199989318848,GMRINFRA.NS,2025-02-11 10:50:06.344530
84,2024-10-11 00:00:00+05:30,89.0,89.16999816894531,87.91999816894531,88.41999816894531,5711389,0.0,0.0,2024-10-11,92.42149925231934,3.5485659745239975,95.97006522684333,88.87293327779534,99.51863120136733,85.32436730327134,-45.55489128851264,-160.86702860351727,2375056266,13133966.057261743,55778824.03207146,78.72293690841329,47.05456918832808,88.50333150227864,89.08666483561197,87.83666483561197,89.75333150227864,87.25333150227864,90.33666483561197,86.58666483561197,-0.062296592205132964,-66.31672466029838,-1.717296295857139,-1.2109362008513527,-0.5063600950057863,40.80291937187377,21.474510205839287,87.48599853515626,92.42149925231934,93.98019989013672,93.53799995422364,GMRINFRA.NS,2025-02-11 10:50:06.344530
85,2024-10-10 00:00:00+05:30,89.0,90.77999877929688,88.56999969482422,88.8499984741211,16067072,0.0,0.0,2024-10-10,92.69499931335449,3.4328331486336943,96.12783246198818,89.2621661647208,99.56066561062187,85.8293330160871,-32.22381350060468,-147.67153602436915,2380767655,37127679.95728019,66440038.52577388,78.71781377647969,58.44871021686455,89.39999898274739,90.22999827067056,88.01999918619791,91.60999806722005,87.18999989827473,92.43999735514322,85.81000010172525,-0.046685675828271045,-62.55469234450687,-1.7041312280576761,-1.0843461770999059,-0.6197850509577703,41.68416030421869,20.926790109128614,87.78999938964844,92.69499931335449,94.24639999389649,93.51430000305176,GMRINFRA.NS,2025-02-11 10:50:06.344530
86,2024-10-09 00:00:00+05:30,88.8499984741211,89.55000305175781,86.93000030517578,87.69000244140625,56656765,0.0,0.0,2024-10-09,92.8794994354248,3.312350987707365,96.19185042313217,89.56714844771744,99.50420141083953,86.25479746001008,-70.08505581131473,-211.86164256307026,2364700583,129212789.66425614,73768128.1678973,78.70273245331947,53.80868908039468,88.05666859944661,89.18333689371744,86.56333414713541,90.67667134602864,85.43666585286458,91.80333964029947,83.94333140055338,-0.05053303237134606,-72.70338877270879,-1.7038042966414508,-0.9293999143604632,-0.7744043822809876,38.34874273487888,20.543518300123136,87.74599914550781,92.8794994354248,94.46880004882813,93.45529998779297,GMRINFRA.NS,2025-02-11 10:50:06.344530
87,2024-10-08 00:00:00+05:30,86.83999633789062,87.80999755859375,85.0,87.19999694824219,24641127,0.0,0.0,2024-10-08,93.12399940490722,3.081565966501549,96.20556537140877,90.04243343840568,99.28713133791032,86.96086747190412,-118.40942164321002,-287.50452082077396,2308043818,55883125.0082135,59906962.79380758,78.65531211446138,45.41943243769146,86.66999816894531,88.33999633789062,85.52999877929688,89.47999572753906,83.86000061035156,91.14999389648438,82.72000122070312,-0.00260465449265572,-77.57888746158474,-1.5633284752178156,-0.7357988187902162,-0.8275296564275993,36.93388369673345,19.44540904964252,88.99399871826172,93.12399940490722,94.66,93.4158999633789,GMRINFRA.NS,2025-02-11 10:50:06.344530
88,2024-10-07 00:00:00+05:30,90.08999633789062,90.4800033569336,84.56999969482422,85.2699966430664,19453347,0.0,0.0,2024-10-07,93.30849952697754,2.806393756114741,96.11489328309229,90.5021057708628,98.92128703920703,87.69571201474805,-165.6747402682433,-315.0909747766308,2283402691,43141399.23204503,60912922.24020609,78.63565863393157,46.19273593415648,86.77333323160808,88.97666676839194,83.06666310628256,92.68333689371745,80.8633295694987,94.88667043050131,77.15665944417319,-0.011733443763591566,-94.87557276295712,-1.3115319435347743,-0.5289164046833165,-0.7826155388514578,31.155345242024907,17.200055338367278,90.36599884033203,93.30849952697754,94.86139999389648,93.37839996337891,GMRINFRA.NS,2025-02-11 10:50:06.344530
89,2024-10-04 00:00:00+05:30,88.69999694824219,90.83999633789062,87.9000015258789,89.94000244140625,44536329,0.0,0.0,2024-10-04,93.59649963378907,2.158901135993693,95.75540076978275,91.43759849779538,97.91430190577645,89.27869736180168,-176.45181749857235,-228.59901506513694,2302856038,104176786.98337305,65355802.99224635,78.62358983337069,51.233318757504584,89.56000010172527,91.21999867757162,88.2800038655599,92.49999491373698,86.62000528971355,94.15999348958334,85.34000905354819,-0.04912184690420627,-80.25168873257536,-0.7792085972560869,-0.333262519970452,-0.44594607728563496,39.232134375168364,14.781982110840092,92.32999877929687,93.59649963378907,95.03800003051758,93.34919998168945,GMRINFRA.NS,2025-02-11 10:50:06.344530
90,2024-10-03 00:00:00+05:30,92.5,93.19000244140625,88.20999908447266,88.62999725341797,30507677,0.0,0.0,2024-10-03,93.88799934387207,2.028882296614104,95.91688164048617,91.85911704725797,97.94576393710028,89.83023475064385,-259.26402961006903,-231.70339895196045,2258319709,70322373.8638869,55650556.99446467,78.57626295409551,61.07922951189695,90.00999959309895,91.81000010172525,86.82999674479166,94.99000295003255,85.02999623616536,96.79000345865884,81.84999338785806,0.030289421098711234,-95.8084032948006,-0.5457920265197629,-0.22177600064904318,-0.3240160258707197,34.83151797252245,12.982051517576462,93.16399841308593,93.88799934387207,95.145,93.2507999420166,GMRINFRA.NS,2025-02-11 10:50:06.344530
91,2024-10-01 00:00:00+05:30,94.0,94.93000030517578,93.55000305175781,93.93000030517578,6427524,0.0,0.0,2024-10-01,94.12749938964843,1.616300808616373,95.74380019826481,92.51119858103206,97.36010100688118,90.89489777241569,-36.971423702917136,-40.15680138622249,2288827386,15701880.866110291,51982602.77710912,78.54737829995202,67.89577200362459,94.1366678873698,94.72333272298178,93.34333546956381,95.51666514078777,92.75667063395183,96.10332997639975,91.96333821614584,0.06750733075256242,-58.503394299238096,-0.1096628450703463,-0.14077199418136324,0.031109149111016948,47.84921824169034,11.128823226232472,94.34199829101563,94.12749938964843,95.255,93.15,GMRINFRA.NS,2025-02-11 10:50:06.344530
92,2024-09-30 00:00:00+05:30,94.93000030517578,95.51000213623047,93.4000015258789,94.05999755859375,27171343,0.0,0.0,2024-09-30,94.13499946594239,1.6156840311469423,95.75068349708933,92.51931543479544,97.36636752823627,90.9036314036485,-33.58039273808962,-28.16927363741829,2295254910,66469087.27000848,61052783.25485882,78.53806148082846,70.99275807581586,94.32333374023438,95.24666595458984,93.13666534423828,96.43333435058594,92.21333312988281,97.3566665649414,91.02666473388672,0.07916227357391421,-56.734725653428555,-0.07159377172001768,-0.14854928145911747,0.07695550973909979,48.260019875245035,11.076208468628773,94.62799835205078,94.13499946594239,95.25639999389648,93.01669998168946,GMRINFRA.NS,2025-02-11 10:50:06.344530
93,2024-09-27 00:00:00+05:30,94.0999984741211,95.83999633789062,93.88999938964844,95.08999633789062,17892851,0.0,0.0,2024-09-27,94.10099945068359,1.624476367708427,95.72547581839201,92.47652308297516,97.34995218610044,90.85204671526674,-0.00017326394086433132,-2.804358110711741,2322426253,44250483.80504509,59698707.25107141,78.49821738555282,78.4249182091511,94.93999735514323,95.98999532063803,94.03999837239584,96.88999430338542,92.99000040690105,97.93999226888022,92.09000142415366,0.09110447292148496,-42.72114845647616,-0.034571827438128366,-0.16778815889389243,0.13321633145576406,51.513815112794774,11.019546421978633,94.8739990234375,94.10099945068359,95.21400009155273,92.86610000610352,GMRINFRA.NS,2025-02-11 10:50:06.344530
94,2024-09-26 00:00:00+05:30,94.30000305175781,94.48999786376953,92.73999786376953,94.11000061035156,14245128,0.0,0.0,2024-09-26,94.07049980163575,1.6105976409857223,95.68109744262146,92.45990216065003,97.2916950836072,90.8493045196643,-86.0513897606449,-58.78461721049469,2304533402,34866293.320511475,63560763.11257799,78.47012334399244,73.66824394852979,93.77999877929688,94.81999969482422,93.06999969482422,95.52999877929688,92.02999877929688,96.56999969482422,91.31999969482422,0.08141403230160052,-45.67628375920898,-0.08808797813770752,-0.20109224175783344,0.11300426362012592,48.44269277430248,11.181055098295811,94.76199951171876,94.07049980163575,95.23080017089843,92.74820007324219,GMRINFRA.NS,2025-02-11 10:50:06.344530
95,2024-09-25 00:00:00+05:30,95.30000305175781,95.5,93.69999694824219,94.5199966430664,9382737,0.0,0.0,2024-09-25,94.07049980163575,1.6105976409857223,95.68109744262146,92.45990216065003,97.2916950836072,90.8493045196643,-29.49563910033189,-30.953133438993774,2318778530,23065182.110414516,70734380.56059462,78.44901144657184,68.82162723101557,94.57333119710286,95.44666544596353,93.64666239420572,96.37333424886067,92.77332814534505,97.24666849772134,91.84665934244791,0.07465672510797088,-41.13087534996236,-0.05875547097063816,-0.2293433076628649,0.17058783669222674,49.664775709867534,10.587429048337043,94.46999969482422,94.07049980163575,95.2868002319336,92.66310005187988,GMRINFRA.NS,2025-02-11 10:50:06.344530
96,2024-09-24 00:00:00+05:30,95.9000015258789,96.0,94.79000091552734,95.36000061035156,23003532,0.0,0.0,2024-09-24,94.07750015258789,1.6129567122232527,95.69045686481114,92.46454344036464,97.30341357703439,90.85158672814138,31.37371750314304,-3.990235179003179,2328161267,57051151.6783789,82651680.17313963,78.43470980388422,78.1863633531886,95.38333384195964,95.97666676839194,94.76666768391928,96.5933329264323,94.17333475748698,97.18666585286459,93.55666859944662,0.009785549888232693,-31.818197196917794,-0.060689135910919845,-0.2719902668359216,0.21130113092500175,52.16853025815129,10.349825881335015,94.3760009765625,94.07750015258789,95.35820022583007,92.59940010070801,GMRINFRA.NS,2025-02-11 10:50:06.344530
97,2024-09-23 00:00:00+05:30,95.0199966430664,95.87000274658203,94.48999786376953,95.29000091552734,45222207,0.0,0.0,2024-09-23,94.08450012207031,1.6191075539659632,95.70360767603627,92.46539256810435,97.32271523000223,90.84628501413839,34.015037539839575,-11.757974781431411,2305157735,112073447.6183853,89051812.29682982,78.39770201766882,75.73709423573322,95.21666717529297,95.9433364868164,94.5633316040039,96.59667205810547,93.83666229248047,97.3233413696289,93.1833267211914,-0.0023903135070480995,-32.594246661084185,-0.14497294407600236,-0.324815549567172,0.17984260549116965,51.981208351094125,10.57754946772873,94.44000091552735,94.08450012207031,95.40580017089843,92.49730010986327,GMRINFRA.NS,2025-02-11 10:50:06.344530
98,2024-09-20 00:00:00+05:30,93.5,95.4000015258789,92.81999969482422,94.52999877929688,82880399,0.0,0.0,2024-09-20,94.11700019836425,1.650792596710611,95.76779279507487,92.46620760165364,97.41858539178547,90.81541500494303,6.675263255505666,-47.090554481383045,2259935528,203762909.25458723,83296403.46644095,78.32477746368242,73.63898930768394,94.25,95.68000030517578,93.0999984741211,96.83000183105469,91.66999816894531,98.26000213623047,90.5199966430664,-0.009005662222215497,-41.01998697421063,-0.24379128997775013,-0.36977620093996444,0.1259849109622143,50.00736945471787,10.755622708426632,94.80800018310546,94.11700019836425,95.47440017700195,92.41840011596679,GMRINFRA.NS,2025-02-11 10:50:06.344530
99,2024-09-19 00:00:00+05:30,94.6500015258789,95.5199966430664,90.87999725341797,92.6500015258789,22329080,0.0,0.0,2024-09-19,94.18300018310546,1.6939956345240468,95.8769958176295,92.48900454858142,97.57099145215355,90.79500891405738,-36.99367774459211,-90.73720595303205,2177055129,53804662.02917488,53179777.01940437,78.19553957202444,65.08768915758935,93.01666514078777,95.15333302815756,90.51333363850912,97.6566645304362,88.37666575113933,99.793332417806,85.87333424886069,-0.05885242458599075,-61.86251871399934,-0.2917662150265983,-0.40127242868051793,0.10950621365391966,44.79495662936539,10.713684332209144,95.10800018310547,94.18300018310546,95.53480026245117,92.38060012817382,GMRINFRA.NS,2025-02-11 10:50:06.344530
100,2024-09-18 00:00:00+05:30,95.98999786376953,96.30000305175781,93.68000030517578,94.05000305175781,12812312,0.0,0.0,2024-09-18,94.30100021362304,1.663511982291425,95.96451219591447,92.63748823133162,97.62802417820589,90.97397624904019,21.55736583020871,-34.28805415760961,2199384209,31339348.733161204,53023555.76696173,78.16441596306576,71.69430113560729,94.67666880289714,95.6733373006185,93.05333455403647,97.29667154947917,92.05666605631511,98.29334004720053,90.43333180745444,-0.07822391803427994,-46.34144484762364,-0.16361671206271922,-0.42864898209399777,0.26503227003127855,48.27548315060891,10.668519927051852,95.35599975585937,94.30100021362304,95.65320022583008,92.30560012817382,GMRINFRA.NS,2025-02-11 10:50:06.344530
101,2024-09-17 00:00:00+05:30,97.69000244140625,98.2300033569336,95.5,95.68000030517578,16020892,0.0,0.0,2024-09-17,94.34449996948243,1.6679720511912577,96.01247202067368,92.67652791829117,97.68044407186494,91.00855586709991,98.81829596796248,31.9288376212796,2212196521,39866811.99046099,58444607.52541186,78.14476495333098,69.0687062208395,96.47000122070312,97.44000244140625,94.70999908447266,99.20000457763672,93.73999786376953,100.17000579833984,91.97999572753906,-0.0851737715384577,-28.270530420293166,-0.1349464121491053,-0.4949070496018174,0.3599606374527121,52.702619679621314,11.209223351646823,95.05399932861329,94.34449996948243,95.7502001953125,92.18960006713867,GMRINFRA.NS,2025-02-11 10:50:06.344530
102,2024-09-16 00:00:00+05:30,97.0,97.94000244140625,96.20999908447266,97.12999725341797,18632178,0.0,0.0,2024-09-16,94.33800010681152,1.6627389591304145,96.00073906594193,92.67526114768111,97.66347802507235,91.01252218855069,165.51412708443848,56.218119280382766,2228217413,47067447.64773948,63089056.40914957,78.11759901664853,61.789457807291235,97.0933329264323,97.97666676839194,96.24666341145834,98.82333628336589,95.3633295694987,99.70667012532553,94.51666005452475,-0.08473497451020691,-9.278406374780534,-0.25672513021527266,-0.5848972089649954,0.32817207874972276,57.02213990922253,10.889310211864514,94.43399963378906,94.33800010681152,95.76120025634765,92.05630004882812,GMRINFRA.NS,2025-02-11 10:50:06.344530
103,2024-09-13 00:00:00+05:30,94.80000305175781,96.80000305175781,94.38999938964844,96.02999877929688,26520675,0.0,0.0,2024-09-13,94.29600028991699,1.597845514503774,95.89384580442076,92.69815477541322,97.49169131892454,91.10030926090944,148.9685310184241,12.154130711052211,2209585235,66236159.618776366,67094458.59950209,78.08328195405205,57.3427653590657,95.74000040690105,97.09000142415366,94.67999776204428,98.15000406901042,93.32999674479167,99.50000508626303,92.2699940999349,-0.11541380630439003,-11.313426142722214,-0.5515517470327183,-0.666940228652426,0.11538848161970772,54.388749253044914,10.165430647119749,93.18600006103516,94.29600028991699,95.75520034790038,91.89550010681153,GMRINFRA.NS,2025-02-11 10:50:06.344530
104,2024-09-12 00:00:00+05:30,94.0,94.30000305175781,92.69999694824219,93.88999938964844,13560571,0.0,0.0,2024-09-12,94.28800048828126,1.5890836239144475,95.8770841121957,92.69891686436681,97.46616773611015,91.10983324045236,21.811355276841496,-61.514951037465146,2183064560,33113185.37451052,67309033.34468351,78.03705488281825,51.58526702480034,93.62999979654948,94.56000264485678,92.95999654134116,95.23000590006511,92.02999369303386,96.1600087483724,91.35999043782553,-0.12115991238918469,-39.14175787543753,-0.8123291302486848,-0.6957873490573527,-0.11654178119133207,48.711662526114296,9.803203847509,92.18600006103516,94.28800048828126,95.765400390625,91.74170013427734,GMRINFRA.NS,2025-02-11 10:50:06.344530
105,2024-09-11 00:00:00+05:30,93.0,94.4000015258789,92.19999694824219,92.54000091552734,20636627,0.0,0.0,2024-09-11,94.23000068664551,1.6251351224638613,95.85513580910937,92.60486556418165,97.48027093157323,90.97973044171779,-22.139592780220852,-84.43426802418513,2169503989,49667449.76801405,75857995.33722676,78.01614810617451,59.581239585041246,93.04666646321614,93.8933359781901,91.69333140055338,95.24667104085286,90.84666188557942,96.09334055582681,89.49332682291666,-0.14810233200688178,-62.542159058726604,-0.9231376714424187,-0.6666519037595195,-0.2564857676828991,44.67812852322359,10.46687221983713,92.56199951171875,94.23000068664551,95.80500045776367,91.60280014038086,GMRINFRA.NS,2025-02-11 10:50:06.344530
106,2024-09-10 00:00:00+05:30,92.75,93.2699966430664,91.7699966430664,92.58000183105469,22804252,0.0,0.0,2024-09-10,94.34350051879883,1.5795214476170214,95.92302196641586,92.76397907118181,97.50254341403287,91.1844576235648,-68.0397567669346,-105.96229445424942,2190140616,54908131.340032615,82405631.72952995,77.98694075298094,59.72455347713072,92.53999837239583,93.31000010172525,91.81000010172525,94.03999837239583,91.03999837239583,94.81000010172525,90.31000010172525,-0.14479518781025064,-62.09220497240888,-0.918064852921816,-0.6025304618387948,-0.3155343910830213,44.77501080073186,11.18159200542127,92.73799896240234,94.34350051879883,95.90660049438476,91.48240013122559,GMRINFRA.NS,2025-02-11 10:50:06.344530
107,2024-09-09 00:00:00+05:30,90.5999984741211,91.3499984741211,89.20999908447266,90.88999938964844,16636538,0.0,0.0,2024-09-09,94.61550025939941,1.721839454257328,96.33733971365675,92.89366080514208,98.05917916791407,91.17182135088476,-227.24252615200382,-182.2161444876287,2167336364,39326265.244793355,89280006.82690428,77.95443950378919,55.914160980735865,90.48333231608073,91.75666554768881,89.61666615804037,92.62333170572917,88.3433329264323,93.89666493733725,87.47666676839194,-0.16687434033816548,-81.10235747449002,-0.9015995185735619,-0.5236468640680394,-0.3779526545055225,39.64000948363929,11.62345673536902,93.03799896240234,94.61550025939941,95.98640045166016,91.36310012817383,GMRINFRA.NS,2025-02-11 10:50:06.344530
108,2024-09-06 00:00:00+05:30,95.7699966430664,96.16999816894531,90.68000030517578,91.02999877929688,39150062,0.0,0.0,2024-09-06,95.04500045776368,1.8125950612605184,96.8575955190242,93.23240539650315,98.67019058028471,91.41981033524264,-144.25879797553105,-118.05669207478932,2183972902,92687386.87528048,101768442.222432,77.9333875588262,55.53219083665577,92.62666575113933,94.57333119710287,89.08333333333334,98.11666361490886,87.1366678873698,100.0633290608724,83.59333546956381,-0.19171230227396613,-95.2830382683121,-0.7004186679653515,-0.4291587004416587,-0.27125996752369275,39.92557962544956,11.141966822921049,93.53599853515625,95.04500045776368,96.15340042114258,91.29120010375976,GMRINFRA.NS,2025-02-11 10:50:06.344530
109,2024-09-05 00:00:00+05:30,93.75,96.9000015258789,92.5,95.7699966430664,123773625,0.0,0.0,2024-09-05,95.42800064086914,1.726824503372523,97.15482514424167,93.70117613749662,98.88164964761418,91.9743516341241,24.237311189504528,-37.13981454075394,2223122964,308291272.1857631,104038706.05921987,77.88303727952318,62.41903606520415,95.05666605631511,97.61333211263022,93.21333058675131,99.45666758219402,90.6566645304362,102.01333363850912,88.8133290608724,-0.12582088436478334,-41.60718689160671,-0.44602162991014893,-0.3613437085607355,-0.08467792134941343,51.61596128968946,11.20207455153507,94.22599945068359,95.42800064086914,96.29840042114257,91.231900100708,GMRINFRA.NS,2025-02-11 10:50:06.344530
110,2024-09-04 00:00:00+05:30,93.66000366210938,94.80000305175781,93.06999969482422,93.41999816894531,8262756,0.0,0.0,2024-09-04,95.4885009765625,1.7603091803233133,97.24881015688582,93.72819179623919,99.00911933720913,91.96788261591588,-83.33331321362084,-84.18814730676604,2099349339,20075595.19048059,52975564.52758404,77.66295447182388,51.2110910868325,93.76333363850911,94.456667582194,92.72666422526041,95.4933369954427,92.03333028157552,96.1866709391276,90.99666086832681,-0.23308587077523946,-84.17270431966628,-0.5803763991363269,-0.34017422822338217,-0.2402021709129447,44.07777752368512,12.049090703356288,93.89400024414063,95.4885009765625,96.28440048217773,91.12220016479492,GMRINFRA.NS,2025-02-11 10:50:06.344530
111,2024-09-03 00:00:00+05:30,93.5999984741211,94.3499984741211,93.33999633789062,94.08000183105469,8327582,0.0,0.0,2024-09-03,95.42200088500977,1.8645976632013583,97.28659854821112,93.55740322180841,99.15119621141248,91.69280555860705,-92.46827122243258,-82.4374738794711,2107612095,20376044.584202085,61200556.8618599,77.65000124340597,50.229845717257284,93.92333221435547,94.50666809082031,93.49666595458984,94.93333435058594,92.913330078125,95.51667022705078,92.48666381835938,-0.2550152270293862,-69.4299828569245,-0.5121583918437125,-0.28012368549514594,-0.23203470634856654,45.944543757095246,11.882601848184486,94.14200134277344,95.42200088500977,96.35420059204101,91.04500015258789,GMRINFRA.NS,2025-02-11 10:50:06.344530
112,2024-09-02 00:00:00+05:30,95.0,95.25,92.54000091552734,93.37999725341797,12416497,0.0,0.0,2024-09-02,95.34300079345704,1.9556944101046585,97.29869520356169,93.38730638335238,99.25438961366635,91.43161197324773,-145.0280470997513,-93.8086209201341,2099284513,30154809.69442859,71406684.93127435,77.63637755132658,47.36516085823123,93.72333272298177,94.90666453043619,92.19666544596353,96.43333180745442,91.01333363850911,97.61666361490884,89.48666636149088,-0.25887442010562484,-82.65804393389513,-0.4820590554140409,-0.22211500890800429,-0.25994404650603664,43.591758838779995,11.44355144605156,94.4260009765625,95.34300079345704,96.43200057983398,90.96070014953614,GMRINFRA.NS,2025-02-11 10:50:06.344530
113,2024-08-30 00:00:00+05:30,95.0,95.25,93.7300033569336,94.4800033569336,28561801,0.0,0.0,2024-08-30,95.57400093078613,1.9842685581318436,97.55826948891797,93.58973237265428,99.54253804704982,91.60546381452244,-112.01608838105686,-71.09170228902029,2111701010,70182548.78582668,81719653.7404858,77.61688901297305,46.789363210954484,94.48666890462239,95.24333445231119,93.72333780924478,96.0066655476888,92.96667226155598,96.7633310953776,92.20334116617838,-0.2744004349330351,-69.77707930213357,-0.3672790139237492,-0.1571289972814951,-0.21015001664225408,46.54810044093188,10.970727936062254,94.93800201416016,95.57400093078613,96.50420059204102,90.87090019226075,GMRINFRA.NS,2025-02-11 10:50:06.344530
114,2024-08-29 00:00:00+05:30,94.75,94.97000122070312,92.83999633789062,94.11000061035156,26954557,0.0,0.0,2024-08-29,95.92600059509277,2.3674222218140963,98.29342281690687,93.55857837327868,100.66084503872096,91.19115615146458,-203.34936401318075,-93.64759643116595,2083139209,65973818.605662644,84603929.97915058,77.568734457989,45.49724599445598,93.97333272298177,95.10666910807291,92.97666422526041,96.10333760579427,91.84332784016927,97.23667399088541,90.84665934244791,-0.26800577335861864,-77.9950735378471,-0.3230948798782691,-0.10459149312093155,-0.21850338675733758,45.391359946438314,10.919778133453185,95.21200103759766,95.92600059509277,96.57220046997071,90.76660018920899,GMRINFRA.NS,2025-02-11 10:50:06.344530
115,2024-08-28 00:00:00+05:30,95.5,96.76000213623047,94.16999816894531,94.66000366210938,60839359,0.0,0.0,2024-08-28,96.30700073242187,2.655425841282108,98.96242657370398,93.65157489113976,101.61785241498609,90.99614904985765,-28.474320620174126,-52.08351762087955,2110093766,149780333.71825916,89261457.82252255,77.52403657876191,53.07571976376165,95.19666798909505,96.22333780924478,93.63333384195963,97.7866719563802,92.60666402180989,98.81334177652994,91.04332987467447,-0.3320396665238609,-71.27132009972308,-0.22519075776456532,-0.049965646431597135,-0.1752251113329682,46.78899171653294,10.727109083253376,95.39200134277344,96.30700073242187,96.64680038452148,90.67550018310547,GMRINFRA.NS,2025-02-11 10:50:06.344530
116,2024-08-27 00:00:00+05:30,96.0,96.87999725341797,95.0199966430664,95.5,18564985,0.0,0.0,2024-08-27,96.57250061035157,2.74599815134244,99.318498761694,93.82650245900913,102.06449691303645,91.08050430766669,31.707881800152247,-30.96850968128466,2170933125,46110690.04734295,74131738.84858839,77.41888006867708,65.29289818789282,95.7999979654948,96.57999928792319,94.71999867757162,97.65999857584636,93.93999735514323,98.43999989827475,92.85999806722006,-0.26361627338315985,-61.00241659663728,-0.15059879958354827,-0.006159368598355083,-0.14443943098519318,48.92540830541213,11.026895524952621,95.44400024414062,96.57250061035157,96.6320002746582,90.56440017700196,GMRINFRA.NS,2025-02-11 10:50:06.344530
117,2024-08-26 00:00:00+05:30,96.33999633789062,96.70999908447266,94.9000015258789,95.94000244140625,22016952,0.0,0.0,2024-08-26,96.66000061035156,2.737894253850806,99.39789486420237,93.92210635650075,102.13578911805317,91.18421210264995,5.791784229734446,-30.494422872848215,2189498110,54936446.98879436,81137001.04889975,77.38495842771398,70.97609558734524,95.85000101725261,96.80000050862631,94.99000295003256,97.65999857584636,94.04000345865886,98.60999806722006,93.18000539143881,-0.25645897003809864,-51.763309993811426,-0.135543601559462,0.029950489147943214,-0.1654940907074052,50.036677895018975,11.689052314626,95.4540008544922,96.66000061035156,96.55660034179688,90.42540016174317,GMRINFRA.NS,2025-02-11 10:50:06.344530
118,2024-08-23 00:00:00+05:30,95.1500015258789,98.0999984741211,93.7699966430664,95.8499984741211,95397103,0.0,0.0,2024-08-23,96.72650032043457,2.735637013547563,99.46213733398213,93.99086330688701,102.19777434752969,91.25522629333945,-13.565607510024714,-30.77408488644022,2167481158,237810455.02082187,87687139.5639261,77.34358290871342,67.80710879502548,95.9066645304362,98.043332417806,93.71333058675131,100.23666636149089,91.57666269938152,102.37333424886069,89.38332875569662,-0.23293147925565147,-44.65832206180177,-0.15754826874955086,0.07132401182479452,-0.2288722805743454,49.82019725137389,12.33226043877129,95.52400054931641,96.72650032043457,96.44040023803711,90.26400016784667,GMRINFRA.NS,2025-02-11 10:50:06.344530
119,2024-08-22 00:00:00+05:30,96.44999694824219,96.83000183105469,94.79000091552734,95.01000213623047,21874232,0.0,0.0,2024-08-22,96.63900032043458,2.792542879942503,99.43154320037708,93.84645744049207,102.22408608031958,91.05391456054957,-38.62688818525861,-46.02863401425722,2072084055,54051255.8598327,50156310.69970216,77.16303259433593,51.50821748338809,95.5433349609375,96.29666900634766,94.25666809082031,97.58333587646484,93.50333404541016,98.336669921875,92.21666717529297,-0.26760154769751393,-53.80995854434377,-0.17446978877163133,0.12854208196838085,-0.3030118707400122,47.86238511522909,13.024946110927752,95.52800140380859,96.63900032043458,96.34240020751953,90.09600021362304,GMRINFRA.NS,2025-02-11 10:50:06.344530
120,2024-08-21 00:00:00+05:30,95.69999694824219,96.1500015258789,94.80000305175781,94.91999816894531,16780064,0.0,0.0,2024-08-21,96.65300025939942,2.7846370200432653,99.43763727944268,93.86836323935616,102.22227429948595,91.0837262193129,-53.225104809696575,-56.005781732040056,2050209823,41424281.21067798,49182574.409669526,77.12301871382024,44.81004640751167,95.29000091552734,95.77999877929688,94.43000030517578,96.63999938964844,93.94000244140625,97.12999725341797,93.08000183105469,-0.21624658839371344,-61.222851355705934,-0.11076406842020958,0.20429504965338388,-0.31505911807359344,47.6592145249978,13.289241579647891,95.07200164794922,96.65300025939942,96.18080017089844,89.93240020751954,GMRINFRA.NS,2025-02-11 10:50:06.344530
121,2024-08-20 00:00:00+05:30,96.4000015258789,96.81999969482422,95.3499984741211,95.55000305175781,19092986,0.0,0.0,2024-08-20,96.61350021362304,2.8159405849823074,99.42944079860536,93.79755962864073,102.24538138358766,90.98161904365843,-14.075457436664758,-35.07650766012853,2066989887,47446939.77550139,51122147.7094174,77.0923566855853,55.16693991545598,95.9066670735677,96.46333567301431,94.99333445231119,97.37666829427083,94.43666585286458,97.93333689371744,93.52333323160806,-0.13425424649300163,-60.073231000713754,-0.0186591710646411,0.28305982917178224,-0.30171900023642334,48.89776013673139,13.311980738848517,95.05000152587891,96.61350021362304,96.01640014648437,89.7742002105713,GMRINFRA.NS,2025-02-11 10:50:06.344530
122,2024-08-19 00:00:00+05:30,97.4000015258789,97.7300033569336,96.01000213623047,96.29000091552734,28104301,0.0,0.0,2024-08-19,96.53600006103515,2.8676061707977416,99.4036062318329,93.66839389023741,102.27121240263064,90.80078771943967,26.019492824552678,-7.418580663774397,2086082873,70381355.4050337,52040949.692896396,77.05610206625374,61.98797956242075,96.67666880289714,97.34333546956381,95.62333424886069,98.39667002360027,94.95666758219402,99.06333669026694,93.90333302815756,-0.05873086556113207,-54.65200183552592,0.037499787410055774,0.3584895792308881,-0.3209897918208323,50.32418317943699,13.49635694341343,95.54400024414062,96.53600006103515,95.79140014648438,89.5652001953125,GMRINFRA.NS,2025-02-11 10:50:06.344530
123,2024-08-16 00:00:00+05:30,94.4000015258789,96.29000091552734,93.12000274658203,95.87000274658203,10705031,0.0,0.0,2024-08-16,96.3185001373291,3.046626193270779,99.36512633059988,93.27187394405831,102.41175252387066,90.22524775078753,-32.987140907461836,-68.75988080326803,2057978572,26691582.08083707,47455848.264862075,77.00033076676324,61.32908438210646,95.0933354695638,97.06666819254556,93.89667002360025,98.26333363850911,91.92333730061848,100.23666636149088,90.72667185465494,-0.06158674282611943,-57.72891115417356,0.035953516034282984,0.43873702718609614,-0.40278351115181316,49.54853269343474,13.882324260062505,96.18200073242187,96.3185001373291,95.50060012817383,89.3553002166748,GMRINFRA.NS,2025-02-11 10:50:06.344530
124,2024-08-14 00:00:00+05:30,94.0,94.69999694824219,92.30999755859375,92.7300033569336,15858298,0.0,0.0,2024-08-14,96.32150001525879,3.0461908421888815,99.36769085744767,93.27530917306991,102.41388169963656,90.22911833088102,-92.75478989540703,-144.73591605418022,2047273541,38245513.59157979,52646914.81086832,76.979466512659,62.45924380310004,93.24666595458984,94.18333435058594,91.7933349609375,95.63666534423828,90.8566665649414,96.57333374023438,89.40333557128906,-0.08683819917057853,-80.73256711490984,0.07479252589578778,0.5394329049740494,-0.4646403790782616,43.4148833851637,13.808521872334964,96.74600067138672,96.32150001525879,95.11520004272461,89.16760017395019,GMRINFRA.NS,2025-02-11 10:50:06.344530
125,2024-08-13 00:00:00+05:30,97.5,98.4800033569336,94.4000015258789,94.80999755859375,14108542,0.0,0.0,2024-08-13,96.53050003051757,2.9279071244770507,99.45840715499462,93.60259290604053,102.38631427947168,90.67468578156347,-46.1929256353598,-48.170061528104036,2063131839,34788837.60815452,56247265.11569045,76.95362520626153,63.29791870847766,95.89666748046875,97.3933334350586,93.3133316040039,99.97666931152344,91.81666564941406,101.47333526611328,89.23332977294922,-0.10867931919370834,-65.49451605889557,0.43262737195816214,0.6555929997436147,-0.2229656277854526,46.923924622585275,13.163768323596909,97.59600067138672,96.53050003051757,95.02660003662109,89.01330017089843,GMRINFRA.NS,2025-02-11 10:50:06.344530
126,2024-08-12 00:00:00+05:30,99.4800033569336,99.48999786376953,97.69999694824219,98.0199966430664,16492152,0.0,0.0,2024-08-12,96.69449996948242,2.918310098948864,99.61281006843129,93.77618987053356,102.53112016738015,90.85787977158469,10.744262839264751,56.023191392545804,2077240381,42043189.89858344,61611871.99257442,76.92752329710108,67.52583412897184,98.40333048502605,99.1066640218099,97.31666310628256,100.19333140055339,96.6133295694987,100.89666493733725,95.52666219075522,-0.07236498174780515,-41.97804187838467,0.6793615357387779,0.7113344066899779,-0.03197287095120005,53.070929236866164,12.976496163399181,97.0520004272461,96.69449996948242,94.82240005493163,88.84570022583007,GMRINFRA.NS,2025-02-11 10:50:06.344530
127,2024-08-09 00:00:00+05:30,99.9000015258789,100.48999786376953,98.95999908447266,99.4800033569336,18097097,0.0,0.0,2024-08-09,96.68050003051758,2.9122820432416527,99.59278207375922,93.76821798727593,102.50506411700088,90.85593594403427,47.011807076117634,103.72482532442848,2093732533,46821826.6472961,66504042.51607216,76.89142019904467,74.39059933885358,99.6433334350586,100.32666778564453,98.79666900634766,101.17333221435547,98.11333465576172,101.8566665649414,97.26667022705078,-0.09666832918139685,-28.428745655129955,0.6688264032334814,0.719327624427778,-0.050501221194296564,56.1791171000925,13.695639023037952,95.94800109863282,96.68050003051758,94.48300018310547,88.61700027465821,GMRINFRA.NS,2025-02-11 10:50:06.344530
128,2024-08-08 00:00:00+05:30,96.9800033569336,100.19999694824219,96.36000061035156,98.69000244140625,31402322,0.0,0.0,2024-08-08,96.64249992370605,2.8785944427991392,99.5210943665052,93.76390548090691,102.39968880930434,90.88531103810777,22.71020830776611,62.94731370120041,2075635436,80600654.70357366,71424596.48326617,76.84891382985342,68.05251642722318,98.41666666666667,100.47333272298178,96.63333638509116,102.2566630045573,94.57667032877605,104.3133290608724,92.79334004720053,-0.08569782631609833,-33.68840672097998,0.5014159677779162,0.731952929726352,-0.23053696194843576,54.850521345511524,14.635683723743101,95.6520004272461,96.64249992370605,94.2334001159668,88.4317002105713,GMRINFRA.NS,2025-02-11 10:50:06.344530
129,2024-08-07 00:00:00+05:30,94.44999694824219,97.30999755859375,93.70999908447266,96.9800033569336,23761549,0.0,0.0,2024-08-07,96.58549995422364,2.8470310370554395,99.43253099127908,93.73846891716819,102.27956202833451,90.89143788011276,-28.818063069460056,-12.656059060346852,2044233114,59932251.132932745,69130581.92818931,76.77736334962431,61.147294989331755,96.0,98.29000091552734,94.69000244140625,99.5999984741211,92.4000015258789,101.88999938964844,91.09000396728516,-0.09203068672516297,-45.073223409750895,0.3572857887953944,0.7895871702134608,-0.4323013814180664,51.92060610520492,15.734782863561376,96.21799926757812,96.58549995422364,94.00960006713868,88.27180015563965,GMRINFRA.NS,2025-02-11 10:50:06.344530
130,2024-08-06 00:00:00+05:30,93.29000091552734,95.87000274658203,91.69999694824219,92.08999633789062,24599252,0.0,0.0,2024-08-06,96.66499977111816,2.880627952932922,99.54562772405109,93.78437181818524,102.426255676984,90.90374386525232,-92.01552966261664,-83.65838882385644,2020471565,58916644.516125284,71430164.62700343,76.72715947072838,55.64136421185859,93.21999867757161,94.74000040690103,90.56999460856119,97.39000447591145,89.04999287923177,98.91000620524088,86.39998881022134,-0.15004452293999584,-77.62986862911127,0.33575106358712503,0.8976625155679774,-0.5619114519808524,41.91079686140222,16.06381861434252,97.16799926757812,96.66499977111816,93.83399993896484,88.14700012207031,GMRINFRA.NS,2025-02-11 10:50:06.344530
131,2024-08-05 00:00:00+05:30,95.0,95.80000305175781,90.0999984741211,92.5,40083603,0.0,0.0,2024-08-05,97.00550003051758,2.708739253813698,99.71423928433128,94.29676077670388,102.42297853814497,91.58802152289019,-101.28524814836732,-81.67315896901393,2045070817,96429992.29986362,74558544.65472296,76.68753472978042,56.10537097536468,92.8000005086263,95.5000025431315,89.79999796549478,98.50000508626302,87.09999593098958,101.20000712076822,84.09999338785806,-0.0746835107363085,-74.90014989579423,0.7846845526794652,1.0381403785631904,-0.25345582588372517,42.601323153771276,15.921011256904658,98.74400024414062,97.00550003051758,93.73119995117187,88.05310012817382,GMRINFRA.NS,2025-02-11 10:50:06.344530
132,2024-08-02 00:00:00+05:30,97.55000305175781,100.7300033569336,97.36000061035156,98.0,28298007,0.0,0.0,2024-08-02,97.19200019836425,2.502780736358776,99.69478093472303,94.68921946200548,102.19756167108181,92.1864387256467,39.27469862717411,67.34271402442614,2085154420,72124957.89266647,69090682.74343778,76.62079744146908,59.882314123070906,98.69666798909505,100.03333536783853,96.6633326212565,102.06667073567708,95.32666524251302,103.40333811442056,93.29332987467447,-0.07855428125778427,-38.28229883562816,1.3071871507387272,1.1015043350341216,0.20568281570460556,53.602319917727925,15.743414202544685,99.69400024414062,97.19200019836425,93.62519989013671,87.99560012817383,GMRINFRA.NS,2025-02-11 10:50:06.344530
133,2024-08-01 00:00:00+05:30,102.0,102.52999877929688,99.55000305175781,101.5199966430664,18419300,0.0,0.0,2024-08-01,97.133500289917,2.496566602611287,99.63006689252828,94.63693368730571,102.12663349513957,92.14036708469442,108.28674448880798,115.77926955111339,2113452427,48632697.9730515,68332113.95613061,76.55690558209683,58.494103368774695,101.1999994913737,102.84999593098959,99.87000020345053,104.17999521891277,98.22000376383464,105.82999165852866,96.89000447591147,-0.06174213156900394,-14.84689650688449,1.4146762777882458,1.0500836311079702,0.3645926466802756,63.31953872096639,16.229338241196448,99.54799957275391,97.133500289917,93.41519989013672,87.88210014343262,GMRINFRA.NS,2025-02-11 10:50:06.344530
134,2024-07-31 00:00:00+05:30,102.5,103.75,101.4800033569336,101.7300033569336,47293326,0.0,0.0,2024-07-31,96.88450050354004,2.274514692054898,99.15901519559493,94.60998581148515,101.43352988764984,92.33547111943024,179.32247367470532,131.20867080409272,2131871727,125127441.28155777,73256967.95190038,76.50825194809845,63.44188674399193,102.32000223795573,103.16000111897787,100.89000447591147,104.58999888102214,100.05000559488933,105.42999776204428,98.62000783284506,-0.06597667124864379,-13.44871567597111,1.1841941077574063,0.9589354694379013,0.225258638319505,63.96188856310675,15.87174611198236,98.06399993896484,96.88450050354004,93.09580001831054,87.72240020751953,GMRINFRA.NS,2025-02-11 10:50:06.344530
135,2024-07-30 00:00:00+05:30,97.5999984741211,101.5,96.9000015258789,99.97000122070312,28982515,0.0,0.0,2024-07-30,96.59150047302246,1.9752182030302405,98.5667186760527,94.61628226999223,100.54193687908294,92.64106406696199,136.82486061606127,86.10763579254069,2084578401,75354538.42491803,60289349.619486034,76.38139983743191,53.7875831859263,99.45666758219402,102.01333363850912,97.41333516438803,104.05666605631511,94.85666910807292,106.61333211263022,92.81333669026694,-0.024563532632931886,-11.98119954187774,0.8504822726740855,0.902620809858025,-0.05213853718393946,60.872869658799594,14.615763587036867,96.7759994506836,96.59150047302246,92.78220001220703,87.54510017395019,GMRINFRA.NS,2025-02-11 10:50:06.344530
136,2024-07-29 00:00:00+05:30,97.76000213623047,99.0,96.25,97.25,21968001,0.0,0.0,2024-07-29,96.4740005493164,1.8280803423735226,98.30208089168993,94.64592020694288,100.13016123406345,92.81783986456935,82.11698139155165,56.224964216457984,2055595886,55562758.25380965,56523052.418128036,76.30847062848808,52.85292553595708,97.5,98.75,96.0,100.25,94.75,101.5,93.25,-0.011454415782441458,-28.343170055298675,0.5836774476480713,0.9156554441540097,-0.3319779965059384,55.384896192929396,13.851623975698333,95.60799865722656,96.4740005493164,92.44179992675781,87.38940017700196,GMRINFRA.NS,2025-02-11 10:50:06.344530
137,2024-07-26 00:00:00+05:30,93.9000015258789,97.69000244140625,93.88999938964844,97.2699966430664,20947325,0.0,0.0,2024-07-26,96.44000053405762,1.8191900698272332,98.25919060388485,94.62081046423039,100.07838067371209,92.80162039440314,29.280510062813374,39.90430271641057,2077563887,52992098.62162443,56763125.959207624,76.25928014238201,53.19770659862034,96.28333282470703,98.67666625976562,94.87666320800781,100.08333587646484,92.48332977294922,102.47666931152344,91.07666015625,-0.04671004851591927,-28.17498970127935,0.5011217320756884,0.9986499432804943,-0.49752821120480584,55.43798682122423,13.793361337109072,94.95799865722657,96.44000053405762,92.17179992675781,87.27440017700195,GMRINFRA.NS,2025-02-11 10:50:06.344530
138,2024-07-25 00:00:00+05:30,94.69000244140625,94.93000030517578,93.26000213623047,94.0999984741211,10902252,0.0,0.0,2024-07-25,96.53850059509277,1.9171887856682293,98.455689380761,94.62131180942454,100.37287816642923,92.70412302375631,-52.774624406651974,10.204127243268381,2056616562,26681453.217377134,57705882.79360341,76.21211453404696,48.262784623269816,94.09666697184245,94.93333180745444,93.26333363850912,95.76666514078777,92.42666880289714,96.60332997639975,91.59333546956381,-0.08445056205835248,-54.83603538396582,0.3858632793806436,1.1230319960816957,-0.7371687167010521,48.118441273642446,14.180537361452112,93.89199981689453,96.53850059509277,91.89539993286132,87.17820022583008,GMRINFRA.NS,2025-02-11 10:50:06.344530
139,2024-07-24 00:00:00+05:30,94.19999694824219,95.8499984741211,93.80999755859375,95.29000091552734,16610113,0.0,0.0,2024-07-24,96.74750061035157,1.86448168558829,98.61198229593985,94.88301892476328,100.47646398152814,93.01853723917499,-35.499875475768626,24.576779586586994,2067518814,41164568.31133784,65461990.18765998,76.19119081427125,52.12517505844681,94.98333231608073,96.15666707356772,94.11666615804037,97.02333323160808,92.94333140055339,98.19666798909506,92.07666524251303,-0.024981391240849086,-44.82760390799553,0.5446479091690435,1.3073241752569587,-0.7626762660879152,51.04084481013033,14.859155158262151,94.25800018310547,96.74750061035157,91.66039993286132,87.12070022583008,GMRINFRA.NS,2025-02-11 10:50:06.344530
140,2024-07-23 00:00:00+05:30,94.0,96.4000015258789,88.7300033569336,94.12999725341797,47125296,0.0,0.0,2024-07-23,96.7365005493164,1.874157089078429,98.61065763839483,94.86234346023798,100.48481472747326,92.98818637115954,-108.75861114627918,0.24170340890338207,2050908701,115368111.70422958,71536345.65674052,76.15709372849888,47.77792620563482,93.08666737874348,97.44333140055338,89.77333323160806,100.7566655476888,85.41666920979817,105.11332956949869,82.10333506266275,-0.067627780363652,-54.58373276969494,0.6224909006661505,1.4979932417789374,-0.8755023411127869,48.19281192587359,15.804572509933193,94.58200073242188,96.7365005493164,91.3565998840332,87.04430023193359,GMRINFRA.NS,2025-02-11 10:50:06.344530
141,2024-07-22 00:00:00+05:30,92.5,94.37000274658203,90.70999908447266,94.0,27658139,0.0,0.0,2024-07-22,96.87550086975098,1.7709149168738139,98.6464157866248,95.10458595287716,100.4173307034986,93.33367103600335,-155.34924755114452,1.479343760034,2003783405,67616775.4073471,60578404.14486824,76.06559478992988,35.07714465328992,93.02666727701823,95.34333546956381,91.68333180745444,96.68667093912761,89.36666361490886,99.00333913167319,88.02332814534506,-0.12325730244939008,-66.80121392783566,0.8269646231593129,1.7168688270571342,-0.8899042038978213,47.87728326972606,16.822714273271238,95.3740005493164,96.87550086975098,91.045,86.96550025939942,GMRINFRA.NS,2025-02-11 10:50:06.344530
142,2024-07-19 00:00:00+05:30,95.93000030517578,95.93000030517578,91.55999755859375,91.94000244140625,24364590,0.0,0.0,2024-07-19,97.07400093078613,1.6500085086701686,98.7240094394563,95.42399242211596,100.37401794812646,93.77398391344579,-230.95642605583433,4.7643438877808215,1976125266,58259568.78115319,58818811.329248525,76.01184791376652,35.77290649258876,93.1433334350586,94.72666931152344,90.3566665649414,97.51333618164062,88.77333068847656,99.09667205810547,85.98666381835938,-0.15327625108192588,-95.80568802194165,1.0890259424734126,1.9393448780315894,-0.8503189355581768,42.74641769077294,17.102388930650623,96.12200012207032,97.07400093078613,90.77699996948242,86.93150024414062,GMRINFRA.NS,2025-02-11 10:50:06.344530
143,2024-07-18 00:00:00+05:30,97.0199966430664,98.0,94.75,95.93000030517578,18804375,0.0,0.0,2024-07-18,97.3265007019043,1.1262893624879151,98.4527900643922,96.20021133941638,99.57907942688013,95.07392197692846,-135.8609991128697,44.8911572915187,2000489856,46915569.92704555,58958621.966272354,75.96968642749732,33.952766932513754,96.22666676839192,97.70333353678384,94.45333353678384,99.47666676839192,92.97666676839192,100.95333353678384,91.20333353678384,-0.1482474807026064,-77.52066240765915,1.6109219980859422,2.1519246119211335,-0.5410026138351913,51.94261794092878,17.683641553948238,97.47799987792969,97.3265007019043,90.5181999206543,86.93310020446778,GMRINFRA.NS,2025-02-11 10:50:06.344530
144,2024-07-16 00:00:00+05:30,98.0,100.0,96.5999984741211,96.91000366210938,27348929,0.0,0.0,2024-07-16,97.4240005493164,1.0825906429190724,98.50659119223548,96.34140990639733,99.58918183515455,95.25881926347826,15.598755050616482,66.74591724577495,2019294231,68930682.88569136,61969384.976079054,75.92882573261868,47.40795092154905,97.83666737874348,99.07333628336588,95.67333475748697,101.23666890462239,94.43666585286458,102.47333780924478,92.27333323160806,-0.13322947355035822,-64.97000209008853,1.8617448554597331,2.287175265379931,-0.42543040992019776,54.62271468674854,18.587247934375686,97.8020004272461,97.4240005493164,90.26559997558594,86.86630020141601,GMRINFRA.NS,2025-02-11 10:50:06.344530
145,2024-07-15 00:00:00+05:30,98.0,98.75,96.1500015258789,98.08999633789062,14466846,0.0,0.0,2024-07-15,97.47050018310547,1.0793190562812607,98.54981923938674,96.39118112682421,99.629138295668,95.31186207054294,10.219311999958057,67.77646270025316,2046643160,36906445.851845115,60229060.49867597,75.86617233688663,52.327381748339135,97.66333262125652,99.17666371663412,96.57666524251303,100.26333109537761,95.06333414713542,101.77666219075522,93.97666676839194,0.048580582907024966,-47.30544188240454,2.0581503823166685,2.3935328678599803,-0.33538248554331185,57.96679887924275,18.732951032571908,98.13399963378906,97.47050018310547,90.03939987182618,86.80070014953613,GMRINFRA.NS,2025-02-11 10:50:06.344530
146,2024-07-12 00:00:00+05:30,98.98999786376953,100.56999969482422,97.19999694824219,97.73999786376953,36609764,0.0,0.0,2024-07-12,97.2620002746582,1.3275721352211238,98.58957240987932,95.93442813943709,99.91714454510046,94.60685600421596,84.07977523663446,81.05869862980167,2032176314,93062111.42138755,66059714.16038369,75.83101195148446,51.22449471796629,98.50333150227864,99.8066660563151,96.43666330973306,101.87333424886067,95.13332875569661,103.17666880289713,93.06666056315103,0.09630380597442105,-52.54493975862333,2.1622134769305745,2.477378489245808,-0.31516501231523364,57.24588531973023,19.325872564489888,98.29600067138672,97.2620002746582,89.84059997558593,86.71830017089843,GMRINFRA.NS,2025-02-11 10:50:06.344530
147,2024-07-11 00:00:00+05:30,98.0,99.69999694824219,97.70999908447266,98.72000122070312,15328902,0.0,0.0,2024-07-11,96.96150054931641,1.8072225595328208,98.76872310884923,95.1542779897836,100.57594566838205,93.34705543025078,132.44307634350164,87.74252259425953,2068786078,39356806.08908138,59309114.84513271,75.74294307720295,52.66491987625434,98.70999908447266,99.70999908447266,97.72000122070312,100.69999694824219,96.72000122070312,101.69999694824219,95.7300033569336,0.15302511464988083,-37.87423149272295,2.297154508744697,2.5561697423246166,-0.2590152335799196,59.91778293039567,19.48576047221221,97.99400177001954,96.96150054931641,89.58880004882812,86.63940017700196,GMRINFRA.NS,2025-02-11 10:50:06.344530
148,2024-07-10 00:00:00+05:30,98.80000305175781,99.52999877929688,94.56999969482422,97.55000305175781,21356245,0.0,0.0,2024-07-10,96.53200035095215,2.3163346553587827,98.84833500631093,94.21566569559336,101.1646696616697,91.89933104023459,-16.960877435789325,74.76612739913035,2053457176,54182099.44308003,64297192.034145534,75.70420480068007,56.805210102607475,97.21666717529297,99.86333465576172,94.90333557128906,102.17666625976562,92.25666809082031,104.82333374023438,89.9433364868164,0.12004005744111036,-55.389173341434805,2.338599067221651,2.6209235507195965,-0.2823244834979457,57.73064454045287,19.94480367491217,97.61600189208984,96.53200035095215,89.36240005493164,86.50820014953614,GMRINFRA.NS,2025-02-11 10:50:06.344530
149,2024-07-09 00:00:00+05:30,99.5999984741211,100.62000274658203,97.80000305175781,98.56999969482422,22715631,0.0,0.0,2024-07-09,96.20200004577637,2.6146062090273197,98.81660625480369,93.58739383674906,101.43121246383102,90.97278762772173,133.16713041294693,99.59604685730359,2074813421,58233542.166685924,66825965.1819119,75.65277096181475,55.3174364736035,98.99666849772136,100.1933339436849,97.37333424886069,101.81666819254558,96.17666880289714,103.01333363850912,94.55333455403647,0.1328579147439486,-40.361454089194986,2.471454434225052,2.6915046715940827,-0.22005023736903073,60.39861575772972,20.493999668811004,97.41400146484375,96.20200004577637,89.22639999389648,86.42120010375976,GMRINFRA.NS,2025-02-11 10:50:06.344530
150,2024-07-08 00:00:00+05:30,96.2300033569336,99.4000015258789,95.0,98.9000015258789,24269090,0.0,0.0,2024-07-08,95.62000007629395,3.2724948192605323,98.89249489555448,92.34750525703342,102.16498971481501,89.07501043777289,60.591822477396086,90.29381931867785,2097529052,62424265.03005876,68974070.93571839,75.59523597926106,63.56922343639685,97.76666768391927,100.53333536783853,96.13333384195963,102.16666920979817,93.36666615804036,104.93333689371744,91.73333231608072,0.1308012202268905,-35.39154653816191,2.503649069037621,2.74651723093634,-0.24286816189871896,61.2489754118115,19.608541614139288,96.8740020751953,95.62000007629395,88.95800003051758,86.33700012207031,GMRINFRA.NS,2025-02-11 10:50:06.344530
151,2024-07-05 00:00:00+05:30,96.5,97.38999938964844,95.88999938964844,96.2300033569336,11040422,0.0,0.0,2024-07-05,95.0099998474121,3.7334988895708388,98.74349873698294,91.27650095784126,102.47699762655378,87.54300206827043,-58.73506055203234,80.56195165148537,2073259962,27631204.81251047,70611522.41213329,75.53255875411674,68.89639258442361,96.50333404541016,97.11666870117188,95.61666870117188,98.00333404541016,95.00333404541016,98.61666870117188,94.11666870117188,0.13319091147257042,-75.60236603172633,2.4744337004129306,2.8072342714110197,-0.332800570998089,56.665179165042346,18.98702090850687,96.61800231933594,95.0099998474121,88.62899993896484,86.2560001373291,GMRINFRA.NS,2025-02-11 10:50:06.344530
152,2024-07-04 00:00:00+05:30,96.9000015258789,98.19999694824219,96.5,96.83000183105469,13921325,0.0,0.0,2024-07-04,94.41349983215332,4.41850559784587,98.83200542999919,89.99499423430746,103.25051102784506,85.57648863646158,-4.128655206298982,93.10866332054592,2084300384,35058566.93090101,81356601.81203899,75.50720480527299,73.91782565332112,97.17666625976562,97.85333251953125,96.15333557128906,98.87666320800781,95.47666931152344,99.55332946777344,94.45333862304688,0.13516315410467844,-46.57533365544553,2.662492120851482,2.890434414160542,-0.2279422933090598,58.099241004560646,18.916043109460198,96.68600158691406,94.41349983215332,88.35139984130859,86.17520011901856,GMRINFRA.NS,2025-02-11 10:50:06.344530
153,2024-07-03 00:00:00+05:30,96.4000015258789,96.9000015258789,95.72000122070312,96.54000091552734,11316517,0.0,0.0,2024-07-03,93.65949974060058,5.201695401616314,98.8611951422169,88.45780433898426,104.0628905438332,83.25610893736796,-85.1504765460742,89.83811296671419,2070379059,28413434.06665413,92931110.53232348,75.47421807311758,74.990685167573,96.3866678873698,97.05333455403647,95.87333424886069,97.56666819254558,95.20666758219402,98.23333485921225,94.6933339436849,0.18974538913437405,-39.57981916413903,2.803832337888167,2.9474199874878066,-0.14358764959963954,57.61785146783381,18.55125500025896,97.16800079345703,93.65949974060058,88.03579986572265,86.08040008544921,GMRINFRA.NS,2025-02-11 10:50:06.344530
154,2024-07-02 00:00:00+05:30,97.30000305175781,98.48999786376953,95.16000366210938,95.87000274658203,30125285,0.0,0.0,2024-07-02,92.66249961853028,6.394669562866703,99.05716918139697,86.26783005566358,105.45183874426368,79.87316049279687,-92.12792132687267,97.45199925106809,2059062542,75113422.58477435,109060529.6487408,75.44769331542217,77.5796278117586,96.50666809082031,97.85333251953125,94.5233383178711,99.83666229248047,93.17667388916016,101.1833267211914,91.19334411621094,0.14009264123357493,-44.647268804078465,2.9708690341402644,2.983316899887716,-0.012447865747451825,56.54685486300183,18.545654196219992,97.51600036621093,92.66249961853028,87.71799987792969,85.96700004577637,GMRINFRA.NS,2025-02-11 10:50:06.344530
155,2024-07-01 00:00:00+05:30,96.0,97.94999694824219,95.26000213623047,97.62000274658203,20727809,0.0,0.0,2024-07-01,92.28399963378907,6.418813764635787,98.70281339842485,85.86518586915328,105.12162716306064,79.4463721045175,-56.33182674874102,110.12362488260267,2089187827,52625454.65177095,117547306.41473241,75.37900937239102,83.65241766572949,96.94333394368489,98.62666575113931,95.9366709391276,99.63332875569661,94.25333913167317,101.31666056315103,93.24667612711588,0.16385995711703072,-26.133890661818423,3.2056981234933772,2.9864288663245793,0.21926925716879797,60.238843112796694,18.539622561101105,97.35599975585937,92.28399963378907,87.40059982299805,85.79930000305175,GMRINFRA.NS,2025-02-11 10:50:06.344530
156,2024-06-28 00:00:00+05:30,99.5,99.5999984741211,95.73999786376953,96.56999969482422,38975155,0.0,0.0,2024-06-28,91.63299942016602,6.508767980257876,98.14176740042389,85.12423143990814,104.65053538068177,78.61546345965026,12.760757448350235,123.64356781840753,2068460018,97888963.11501628,133777769.35547276,75.32742324513394,86.09348997554194,97.30333201090495,98.86666615804037,95.00666554768881,101.16333262125652,93.44333140055339,102.72666676839194,91.14666493733725,0.18283076541279605,-31.515156808477517,3.2854308496577005,2.9316115520323796,0.35381929762532094,58.73788021097466,18.684548265407855,97.21399993896485,91.63299942016602,87.0581997680664,85.60659996032715,GMRINFRA.NS,2025-02-11 10:50:06.344530
157,2024-06-27 00:00:00+05:30,98.5,101.25,97.48999786376953,99.23999786376953,60678698,0.0,0.0,2024-06-27,90.8569995880127,6.807501579826622,97.66450116783932,84.04949800818608,104.47200274766594,77.24199642835946,103.81910777856211,162.5973683906166,2107435173,156612581.02497792,142749970.91558686,75.23437276764717,90.40853150281286,99.32666524251302,101.1633326212565,97.40333048502603,103.08666737874348,95.56666310628255,104.92333475748697,93.64332834879556,0.13313255411937702,-11.518638898289003,3.4411430367433695,2.843156727626049,0.5979863091173203,64.48582351044999,18.657806336621558,97.49400024414062,90.8569995880127,86.7397998046875,85.42889999389648,GMRINFRA.NS,2025-02-11 10:50:06.344530
158,2024-06-26 00:00:00+05:30,95.5,99.5999984741211,94.86000061035156,98.27999877929688,63535658,0.0,0.0,2024-06-26,90.24499969482422,6.559887618472666,96.80488731329689,83.68511207635154,103.36477493176955,77.12522445787889,56.00305210920699,152.5279285593297,2046756475,162400110.96958062,139284318.3882391,75.06953956237355,90.31336165546773,97.57999928792317,100.29999796549478,95.56000010172525,102.3199971516927,92.84000142415364,105.03999582926431,90.82000223795572,0.1333440351135953,-12.941168790793808,3.325408925741101,2.6936601503467186,0.6317487753943825,63.2863317367151,17.95070176761573,97.04400024414062,90.24499969482422,86.42899978637695,85.21849998474121,GMRINFRA.NS,2025-02-11 10:50:06.344530
159,2024-06-25 00:00:00+05:30,97.0999984741211,97.69000244140625,94.61000061035156,95.06999969482422,23217837,0.0,0.0,2024-06-25,89.70599975585938,6.302772072358127,96.0087718282175,83.40322768350126,102.31154390057563,77.10045561114313,20.733289899771936,136.1555820634349,1983220817,57407534.790793404,133505370.2429037,74.90145398981403,90.25134279675531,95.79000091552734,96.97000122070312,93.88999938964844,98.87000274658203,92.70999908447266,100.05000305175781,90.80999755859375,0.10635128024443687,-20.58500024687439,3.2213945733720095,2.5357229564981223,0.6856716168738872,58.98517239635448,17.5741334218781,96.96399993896485,89.70599975585938,86.16539978027343,85.00620002746582,GMRINFRA.NS,2025-02-11 10:50:06.344530
160,2024-06-24 00:00:00+05:30,97.30000305175781,98.87000274658203,95.94999694824219,96.91000366210938,26259521,0.0,0.0,2024-06-24,89.36249961853028,6.181080991943273,95.54358061047355,83.181418626587,101.72466160241683,77.00033763464373,61.145376693436354,171.28406605975644,2006438654,66184921.34668795,152529829.10593125,74.84793888964516,83.29968719204601,97.2433344523112,98.53667195638022,95.61666615804037,100.16334025065105,94.32332865397136,101.45667775472006,92.69666035970053,0.10800494515188903,-12.6122923909409,3.355551947622189,2.3643050522796507,0.9912468953425382,62.907927894990145,17.64669297263505,97.51799926757812,89.36249961853028,85.9599998474121,84.8125,GMRINFRA.NS,2025-02-11 10:50:06.344530
161,2024-06-21 00:00:00+05:30,97.19999694824219,99.68000030517578,96.0999984741211,97.97000122070312,52096986,0.0,0.0,2024-06-21,88.86449928283692,5.937413700246292,94.80191298308321,82.92708558259062,100.7393266833295,76.98967188234434,86.71244082693693,197.51386207617935,2032698175,132742306.3911733,174116056.04574206,74.78153122067253,86.58150005925224,97.91666666666667,99.73333485921225,96.15333302815756,101.49666849772136,94.33666483561198,103.31333669026694,92.57333119710287,0.11490390408404458,-9.084845735142418,3.2952598323064706,2.116493328444016,1.1787665038624544,65.22846714454418,17.22793620714726,96.91999816894531,88.86449928283692,85.73579971313477,84.59839996337891,GMRINFRA.NS,2025-02-11 10:50:06.344530
162,2024-06-20 00:00:00+05:30,98.30999755859375,99.0999984741211,96.41000366210938,96.98999786376953,32609865,0.0,0.0,2024-06-20,88.32599906921386,5.5434432601403705,93.86944232935423,82.7825558090735,99.4128855894946,77.23911254893312,100.70975484085768,207.82327396075888,1980601189,82258275.00467442,184459493.45938426,74.64222477096727,86.8397177304394,97.5,98.58999633789062,95.9000015258789,100.18999481201172,94.81000518798828,101.27999114990234,93.21000671386719,0.10970869913749699,-12.346088684298653,3.06374577613461,1.8218017024784023,1.2419440736562075,64.09131502236211,16.72214055127301,95.6719985961914,88.32599906921386,85.48939971923828,84.44369995117188,GMRINFRA.NS,2025-02-11 10:50:06.344530
163,2024-06-19 00:00:00+05:30,98.5999984741211,100.69999694824219,95.5,97.87999725341797,120276067,0.0,0.0,2024-06-19,87.85149917602538,5.155374797580726,93.0068739736061,82.69612437844467,98.16224877118684,77.54074958086393,123.24844738713679,236.3040356085717,2013211054,306179996.7234102,210009798.07306167,74.55787071097468,82.44436782131417,98.02666473388672,100.55332946777344,95.35333251953125,103.2266616821289,92.82666778564453,105.75332641601562,90.15333557128906,0.15164047003008826,-9.384359814995406,2.8174327200348017,1.5113156840643502,1.3061170359704515,65.90900035203565,16.301882717600435,94.2999984741211,87.85149917602538,85.23759979248047,84.3107999420166,GMRINFRA.NS,2025-02-11 10:50:06.344530
164,2024-06-18 00:00:00+05:30,95.0999984741211,98.0,95.05000305175781,97.83999633789062,115730997,0.0,0.0,2024-06-18,87.23499946594238,4.600369376692437,91.83536884263482,82.63463008924994,96.43573821932725,78.03426071255751,127.98385096388661,236.7496365134715,1892934987,294489469.3883693,185967248.41047454,74.2285956514044,76.86626789176893,96.96333312988281,98.87666320800781,95.92666625976562,99.913330078125,94.01333618164062,101.82666015625,92.97666931152344,0.17412761003312108,-0.5850225632033305,2.371737538319877,1.184786425071737,1.18695111324814,65.86860244249954,15.849297358260737,92.91399841308593,87.23499946594238,84.96099990844726,84.1659999847412,GMRINFRA.NS,2025-02-11 10:50:06.344530
165,2024-06-14 00:00:00+05:30,92.87999725341797,94.55000305175781,91.76000213623047,93.91999816894531,92400158,0.0,0.0,2024-06-14,86.64549980163574,3.866813120043196,90.51231292167893,82.77868668159255,94.37912604172213,78.91187356154934,109.52205880281312,183.39358316577375,1777203990,225701495.3959346,158836693.1660008,73.90341606811032,70.31099040077925,93.41000111897786,95.06000010172525,92.26999918619791,96.2000020345052,90.62000020345052,97.8500010172526,89.47999827067056,0.11503411367925669,-2.6360035254823355,1.769116713436489,0.888048646759702,0.8810680666767869,61.74316946783878,15.91953401686624,90.73199920654297,86.64549980163574,84.70419998168946,84.03110000610351,GMRINFRA.NS,2025-02-11 10:50:06.344530
166,2024-06-13 00:00:00+05:30,91.30000305175781,92.5,89.3499984741211,91.7300033569336,46860712,0.0,0.0,2024-06-13,86.09699974060058,3.545300810530109,89.64230055113069,82.55169893007047,93.1876013616608,79.00639811954036,97.05328925427297,148.5273807448062,1684803832,111795401.39857419,142120492.60851735,73.68087185837767,69.21951489556514,91.19333394368489,93.03666941324869,89.88666788736978,94.3433354695638,88.04333241780598,96.1866709391276,86.73666636149088,0.07253352798203391,-6.643046405501273,1.3568350722556346,0.6677816300905051,0.6890534421651295,59.18387284980571,16.80833647338639,89.28799896240234,86.09699974060058,84.4968000793457,83.92440002441407,GMRINFRA.NS,2025-02-11 10:50:06.344530
167,2024-06-12 00:00:00+05:30,92.25,92.80000305175781,89.19999694824219,90.12999725341797,48775636,0.0,0.0,2024-06-12,85.6979995727539,3.319857751135285,89.01785732388919,82.37814182161861,92.33771507502448,79.05828407048332,111.55843946076008,148.77080568921343,1637943120,114334144.38189042,149701765.41100314,73.57852499242466,64.82977998317472,90.70999908447266,92.22000122070312,88.6199951171875,94.31000518798828,87.10999298095703,95.82000732421875,85.01998901367188,0.05406212683557369,-13.72898960199432,1.0241128378016384,0.49551826954922273,0.5285945682524157,57.243407431370464,17.895498604281844,87.80199890136718,85.6979995727539,84.29419998168946,83.85010002136231,GMRINFRA.NS,2025-02-11 10:50:06.344530
168,2024-06-11 00:00:00+05:30,87.5,93.2300033569336,87.36000061035156,90.94999694824219,140719522,0.0,0.0,2024-06-11,85.36399955749512,3.1837370165646,88.54773657405973,82.18026254093051,91.73147359062432,78.99652552436592,129.03055149762176,156.8964902654163,1686718756,332859293.69328004,158543670.66828132,73.48025525276428,64.46754768975822,90.51333363850911,93.66666666666666,87.79666392008463,96.38333638509114,84.64333089192708,99.53666941324869,81.9266611735026,0.08606561286523197,-10.097458918518209,0.7401870502817474,0.3633696274861188,0.3768174227956286,58.56850369212049,19.066288591400024,86.1259994506836,85.36399955749512,84.08760009765625,83.8018000793457,GMRINFRA.NS,2025-02-11 10:50:06.344530
169,2024-06-10 00:00:00+05:30,87.0,88.30000305175781,86.4000015258789,86.93000030517578,26759808,0.0,0.0,2024-06-10,84.93399963378906,2.962664904720884,87.89666453850994,81.97133472906818,90.85932944323082,79.0086698243473,67.03299446297285,83.10435282630736,1545999234,60500131.897230394,114964764.9120316,73.1757992140183,60.10466769615586,87.21000162760417,88.02000172932944,86.12000020345053,89.11000315348308,85.31000010172527,89.92000325520834,84.21999867757162,0.07973418409291431,-14.764397487492385,0.2847035031291796,0.2691652717872116,0.015538231341967967,53.68827183211074,20.327139346758067,83.25599975585938,84.93399963378906,83.84960021972657,83.75530014038085,GMRINFRA.NS,2025-02-11 10:50:06.344530
170,2024-06-07 00:00:00+05:30,83.9000015258789,87.0,83.80000305175781,86.69999694824219,26367119,0.0,0.0,2024-06-07,84.59249954223633,3.1104356243942437,87.70293516663057,81.48206391784208,90.81337079102481,78.37162829344784,28.639897867591024,49.859530769080315,1519239426,59454592.756142646,128580923.1657319,73.1300647272592,59.67452129942192,85.83333333333333,87.86666361490884,84.66666666666666,89.03333028157552,82.63333638509114,91.06666056315103,81.46666971842447,0.10188648370479969,-15.968603640939095,0.09314160831721097,0.2652807139517196,-0.17213910563450863,53.39663375582373,20.380544199369258,83.53000030517578,84.59249954223633,83.68400024414062,83.73400016784667,GMRINFRA.NS,2025-02-11 10:50:06.344530
171,2024-06-06 00:00:00+05:30,82.30000305175781,86.4000015258789,82.0,84.30000305175781,61875083,0.0,0.0,2024-06-06,84.18499984741212,3.3448348570044066,87.52983470441652,80.84016499040771,90.87466956142093,77.4953301334033,-11.84157164242279,8.025263407070076,1492872307,135658506.68994913,145862505.76812923,73.08545895790279,59.587205444843256,84.23333485921223,86.46666971842447,82.06666819254556,88.63333638509114,79.83333333333333,90.86667124430338,77.66666666666666,0.060827509504764864,-28.53401771537563,-0.13087505683218126,0.3083154903603467,-0.439190547192528,50.36824524464139,20.050221414534523,83.11000061035156,84.18499984741212,83.5320002746582,83.73600021362304,GMRINFRA.NS,2025-02-11 10:50:06.344530
172,2024-06-05 00:00:00+05:30,78.0,82.5,73.3499984741211,81.75,71682102,0.0,0.0,2024-06-05,83.99999961853027,3.439132323312194,87.43913194184246,80.56086729521807,90.87826426515466,77.12173497190588,-128.69292840815228,-123.29378170089183,1430997224,152406026.585785,148413505.53767425,72.99828010952069,55.51643280125685,79.1999994913737,85.05000050862631,75.8999989827474,88.35000101725261,70.0499979654948,94.20000203450522,66.7499974568685,0.07093509128990101,-41.884820100060914,-0.17933828139494778,0.41811312715847865,-0.5974514085534264,46.96828173151291,19.518083465186272,82.46000061035156,83.99999961853027,83.33900024414062,83.73200019836426,GMRINFRA.NS,2025-02-11 10:50:06.344530
173,2024-06-04 00:00:00+05:30,88.0,88.0,70.6500015258789,76.5999984741211,115226707,0.0,0.0,2024-06-04,83.86249961853028,3.5856759218171064,87.44817554034739,80.27682369671317,91.03385146216449,76.69114777489607,-213.79446129395492,-154.03062471524828,1359315122,229554366.84634387,147415375.27564657,72.91874722051651,51.78709607632107,78.41666666666667,86.18333180745444,68.83333333333334,95.76666514078777,61.06666819254558,103.53333028157553,51.48333485921225,-0.04107281207297633,-68.84818102837056,0.012468016215137823,0.5674759792968352,-0.5550079630816974,39.151110022647806,17.725271849890337,83.51000061035157,83.86249961853028,83.21000030517578,83.75900016784668,GMRINFRA.NS,2025-02-11 10:50:06.344530
174,2024-06-03 00:00:00+05:30,88.8499984741211,88.94999694824219,87.1500015258789,88.30000305175781,58456620,0.0,0.0,2024-06-03,84.1974998474121,3.1590499984193214,87.35654984583142,81.03844984899278,90.51559984425074,77.87939985057346,83.58565775903035,112.49970417130683,1474541829,134244983.666441,126880627.38297223,72.86417366241388,62.080822983689536,88.13333384195964,89.11666615804037,87.31667073567709,89.93332926432292,86.33333841959636,90.91666158040366,85.51667531331381,-0.004927532413506127,-15.263125770970396,0.7650464109128592,0.7062279700672596,0.05881844084559962,56.819992032651406,15.794551648802404,85.69000091552735,84.1974998474121,83.22000030517579,83.81100021362305,GMRINFRA.NS,2025-02-11 10:50:06.344530
175,2024-05-31 00:00:00+05:30,82.5,85.0999984741211,82.5,84.5999984741211,81926700,0.0,0.0,2024-05-31,84.06249961853027,3.0295414763193027,87.09204109484958,81.03295814221096,90.12158257116887,78.00341666589166,-105.13214317763651,-2.495972490688186,1416085209,180260040.50617126,125039538.31210503,72.74720327158188,58.99133867417666,84.06666564941406,85.63333129882812,83.03333282470703,86.66666412353516,81.46666717529297,88.23332977294922,80.43333435058594,-0.07580330616310126,-46.396416521009364,0.5647100197978148,0.6915233598558597,-0.1268133400580449,50.22336896272553,16.62328774100298,85.66999969482421,84.06249961853027,83.00000030517577,83.72400016784668,GMRINFRA.NS,2025-02-11 10:50:06.344530
176,2024-05-30 00:00:00+05:30,88.75,88.80000305175781,80.25,81.05000305175781,97495544,0.0,0.0,2024-05-30,84.23999977111816,3.163716587858111,87.40371635897627,81.07628318326006,90.56743294683439,77.91256659540194,-130.02359137097272,-22.656001098648538,1334158509,205514017.73570976,111234412.76358847,72.61997151357316,53.34271713486474,83.36666870117188,86.48333740234375,77.93333435058594,91.91667175292969,74.81666564941406,95.03334045410156,69.38333129882812,-0.07443677706604371,-73.10920867801843,0.6640569089738477,0.7232266948703708,-0.05916978589652311,42.38101374227197,16.67018613016511,86.13999938964844,84.23999977111816,82.86900039672851,83.68150016784668,GMRINFRA.NS,2025-02-11 10:50:06.344530
177,2024-05-29 00:00:00+05:30,87.5,87.9000015258789,86.3499984741211,87.0,40724431,0.0,0.0,2024-05-29,84.44499969482422,3.0778023180187577,87.52280201284297,81.36719737680546,90.60060433086173,78.28939505878671,45.4324764411177,86.95127263656167,1431654053,92146304.98564239,87664511.52055815,72.51089110406944,63.352273877368624,87.08333333333333,87.81666819254556,86.26666514078775,88.63333638509114,85.53333028157552,89.36667124430338,84.71666208902994,-0.01884499004862805,-23.109240734293866,1.1308103252126784,0.7380191413445015,0.3927911838681769,56.1488547527678,16.720692087724327,87.36999816894532,84.44499969482422,82.75100036621093,83.67650016784668,GMRINFRA.NS,2025-02-11 10:50:06.344530
178,2024-05-28 00:00:00+05:30,88.69999694824219,89.0999984741211,86.55000305175781,87.5,41133318,0.0,0.0,2024-05-28,84.46499977111816,3.096521684154012,87.56152145527217,81.36847808696415,90.65804313942618,78.27195640281013,82.87531146648269,108.82896852765897,1472378484,93606378.50673608,86544063.15428708,72.43215332139651,65.81023454748681,87.71666717529297,88.88333129882812,86.33333587646484,90.26666259765625,85.16667175292969,91.4333267211914,83.78334045410156,-0.08761516100461503,-18.518516192838415,1.125278100718674,0.6398213453774573,0.4854567553412168,57.60919710023114,16.43610553800594,87.46999816894531,84.46499977111816,82.63000030517578,83.56950019836425,GMRINFRA.NS,2025-02-11 10:50:06.344530
179,2024-05-27 00:00:00+05:30,88.3499984741211,89.75,87.05000305175781,88.19999694824219,64829380,0.0,0.0,2024-05-27,84.62749977111817,3.3398893832613528,87.96738915437952,81.28761038785682,91.30727853764087,77.94772100459546,120.79282440496321,131.03042873386786,1513511802,148711339.52402312,84778484.31617483,72.34899192912685,66.0575500316566,88.33333333333333,89.61666361490884,86.91666666666666,91.03333028157552,85.63333638509114,92.31666056315103,84.21666971842447,0.014727576941155823,-12.75722516130045,1.0519030844995285,0.5184571565421531,0.5334459279573754,59.625179942943774,16.005647274286865,87.07999877929687,84.62749977111817,82.53400024414063,83.42750022888184,GMRINFRA.NS,2025-02-11 10:50:06.344530
180,2024-05-24 00:00:00+05:30,87.0,88.1500015258789,85.6500015258789,86.94999694824219,34875202,0.0,0.0,2024-05-24,84.475,3.236205617331922,87.71120561733191,81.23879438266808,90.94741123466383,78.00258876533616,89.14728849184506,97.09032415305694,1448682422,78866024.63717374,68795270.51421276,72.20990069443343,54.94125231622782,86.91666666666667,88.18333180745444,85.68333180745444,89.41666666666667,84.41666666666667,90.68333180745444,83.18333180745444,0.05984092804839936,-11.792454527722416,0.8730838099754266,0.38509567455280913,0.48798813542261743,57.13807585003053,15.241067217525499,86.65,84.475,82.46000030517578,83.28500022888184,GMRINFRA.NS,2025-02-11 10:50:06.344530
181,2024-05-23 00:00:00+05:30,87.9000015258789,88.19999694824219,86.44999694824219,87.19999694824219,41608099,0.0,0.0,2024-05-23,84.25,3.2114108771951835,87.46141087719518,81.03858912280482,90.67282175439037,77.82717824560963,120.10529568373315,110.6378260637381,1483557624,94362185.53522827,66277581.983472496,72.13999008595218,51.23010756300596,87.28333028157552,88.11666361490884,86.36666361490884,89.03333028157552,85.53333028157552,89.86666361490884,84.61666361490884,0.05268682513158173,-21.632665517378825,0.7540184689563176,0.2630986406971547,0.4909198282591629,57.799303922001556,15.017618745502451,85.85,84.25,82.37500030517577,83.1620002746582,GMRINFRA.NS,2025-02-11 10:50:06.344530
182,2024-05-22 00:00:00+05:30,85.94999694824219,87.8499984741211,83.9000015258789,87.5,49986916,0.0,0.0,2024-05-22,84.00750007629395,3.159625528819066,87.16712560511301,80.84787454747489,90.32675113393208,77.68824901865582,113.5303104292217,90.39183561925665,1525165723,113754357.95090547,59256431.09553355,72.05428757942563,54.676246586033336,86.41666666666667,88.93333180745444,84.98333485921225,90.36666361490886,82.46666971842448,92.88332875569662,81.03333791097006,0.0749403427310786,-19.18366101323342,0.565533017667363,0.14036868363236393,0.42516433403499904,58.554363989379674,14.309749519538679,85.16000061035156,84.00750007629395,82.36600036621094,83.02400032043457,GMRINFRA.NS,2025-02-11 10:50:06.344530
183,2024-05-21 00:00:00+05:30,86.19999694824219,86.30000305175781,84.5,85.55000305175781,18753436,0.0,0.0,2024-05-21,83.68500022888183,3.1132192347300878,86.79821946361191,80.57178099415175,89.91143869834201,77.45856175942166,108.5118552639208,69.53147676524691,1475178807,41725786.090941414,45631949.38169056,71.94796289385935,42.31898046847652,85.4500020345052,86.40000406901041,84.6000010172526,87.25000508626302,83.64999898274739,88.20000712076822,82.79999796549478,0.013622125034289771,-35.102003447863524,0.28610008603082804,0.03407760012361418,0.2520224859072139,55.00676265054724,13.671774296509525,84.35,83.68500022888183,82.34900039672851,82.86200035095214,GMRINFRA.NS,2025-02-11 10:50:06.344530
184,2024-05-17 00:00:00+05:30,83.19999694824219,86.6500015258789,82.69999694824219,86.05000305175781,24862680,0.0,0.0,2024-05-17,83.44000015258788,3.1512990380458694,86.59129919063375,80.28870111454202,89.74259822867963,77.13740207649614,114.16518654581441,64.94656061668313,1493932243,55641967.42323607,46608490.204377845,71.91274383344216,33.06814600876319,85.13333384195964,87.56667073567709,83.61666615804037,89.08333841959636,81.18332926432292,91.51667531331381,79.66666158040366,0.024584507478898527,-40.909071508218936,0.11605156109534676,-0.028928021353189285,0.14497958244853604,56.151129336914444,13.5571878536445,83.70999908447266,83.44000015258788,82.34900039672851,82.76350028991699,GMRINFRA.NS,2025-02-11 10:50:06.344530
185,2024-05-16 00:00:00+05:30,84.0,85.0,82.44999694824219,82.94999694824219,9418488,0.0,0.0,2024-05-16,83.1375,3.177837612909318,86.31533761290932,79.95966238709069,89.49317522581865,76.78182477418136,44.62988500418096,28.957763708100003,1469069563,20318947.603509214,44350120.899663284,71.86404714729677,45.57481503365949,83.46666463216145,84.48333231608072,81.93332926432291,86.01666768391927,80.91666158040364,87.03333536783853,79.3833262125651,-0.016900625164568597,-63.85136911518631,-0.15266286190684752,-0.06517291696532329,-0.08748994494152423,50.18463170923736,13.433787069020624,82.5199981689453,83.1375,82.30800033569336,82.68600028991699,GMRINFRA.NS,2025-02-11 10:50:06.344530
186,2024-05-15 00:00:00+05:30,83.55000305175781,84.25,83.05000305175781,83.75,9378427,0.0,0.0,2024-05-15,83.01500015258789,3.2322023662354624,86.24720251882334,79.78279778635243,89.47940488505881,76.55059542011696,34.83443144242214,36.651969383434924,1478488051,20427652.68309332,50357914.223701805,71.8495625171224,49.123798462018,83.68333435058594,84.31666564941406,83.11666870117188,84.88333129882812,82.48333740234375,85.51666259765625,81.91667175292969,-0.0019767928997095024,-58.4459442043935,-0.18908204689059005,-0.04330043072994223,-0.14578161616064783,51.87613272246314,13.932625247204003,81.63999938964844,83.01500015258789,82.3370004272461,82.63150032043457,GMRINFRA.NS,2025-02-11 10:50:06.344530
187,2024-05-14 00:00:00+05:30,82.8499984741211,83.75,82.30000305175781,83.44999694824219,12609063,0.0,0.0,2024-05-14,82.86000022888183,3.2692185191356153,86.12921874801745,79.59078170974621,89.39843726715306,76.3215631906106,12.019029878857548,28.09456637192638,1469109624,27366092.27546222,57840479.60885392,71.8340596638386,49.237879576129885,83.16666666666667,84.03333028157553,82.58333333333334,84.61666361490886,81.71666971842448,85.48332722981772,81.13333638509116,-0.03788925578508559,-60.47299143342891,-0.3116329396278701,-0.006855026689780275,-0.3047779129380898,51.30460673478162,14.774744198837272,81.00999908447265,82.86000022888183,82.37700042724609,82.56550033569336,GMRINFRA.NS,2025-02-11 10:50:06.344530
188,2024-05-13 00:00:00+05:30,80.30000305175781,82.55000305175781,78.6500015258789,82.3499984741211,16718497,0.0,0.0,2024-05-13,82.87250022888183,3.2720698273900144,86.14457005627185,79.60043040149182,89.41663988366186,76.32836057410181,-44.27857697980923,-15.148319559730187,1456500561,35806714.567522585,65459076.442201845,71.81367905755451,49.74752258595782,81.18333435058594,83.71666717529297,79.81666564941406,85.08333587646484,77.28333282470703,87.61666870117188,75.91666412353516,-0.06550610634388909,-67.9054120233047,-0.4342677526619241,0.06933945154474218,-0.5036072042066663,49.252613668170724,15.88376508233617,80.11999969482422,82.87250022888183,82.46100051879883,82.50250038146973,GMRINFRA.NS,2025-02-11 10:50:06.344530
189,2024-05-10 00:00:00+05:30,79.25,80.94999694824219,77.8499984741211,80.0999984741211,15680082,0.0,0.0,2024-05-10,83.01000022888184,3.306556433415143,86.31655666229697,79.7034437954667,89.62311309571213,76.39688736205154,-85.73258342696171,-50.66383568418284,1439782064,32665137.04428016,72872166.91087165,71.78911061146933,49.456228114916094,79.63333129882812,81.41666412353516,78.31666564941406,82.73332977294922,76.53333282470703,84.51666259765625,75.21666717529297,-0.09158420409296789,-83.108111591213,-0.4763644779184233,0.19524125259640873,-0.671605730514832,44.837552905424324,16.640726325035395,80.31000061035157,83.01000022888184,82.58100051879883,82.39750038146973,GMRINFRA.NS,2025-02-11 10:50:06.344530
190,2024-05-09 00:00:00+05:30,80.69999694824219,81.6500015258789,78.0999984741211,78.55000305175781,20898249,0.0,0.0,2024-05-09,83.24500045776367,3.2554770952926444,86.50047755305631,79.98952336247102,89.75595464834896,76.73404626717837,-113.62122761477734,-57.594899531014654,1424101982,42693302.73482419,82923924.37751952,71.77089523700118,46.77254012638813,79.43333435058594,80.76667022705078,77.21666717529297,82.98333740234375,75.88333129882812,84.3166732788086,73.66666412353516,-0.11307085424218548,-93.58105147468949,-0.3014524901344089,0.3631426852251168,-0.6645951753595256,41.58668474015552,16.751103049049192,81.41000061035156,83.24500045776367,82.73200057983398,82.32750038146973,GMRINFRA.NS,2025-02-11 10:50:06.344530
191,2024-05-08 00:00:00+05:30,79.5999984741211,82.0999984741211,77.5999984741211,80.5999984741211,28202896,0.0,0.0,2024-05-08,83.6025001525879,3.1017175015702616,86.70421765415816,80.50078265101763,89.80593515572842,77.39906514944737,-118.77584661803655,-45.4863954485965,1445000231,59119722.48273154,92981579.78819335,71.75103450352461,49.59760263500009,80.0999984741211,82.5999984741211,78.0999984741211,84.5999984741211,75.5999984741211,87.0999984741211,73.5999984741211,-0.09315804116594172,-79.7297339094556,0.0797063841571628,0.5292914790649982,-0.4495850949078354,44.83139213262133,16.95277764134564,83.33000030517579,83.6025001525879,82.88600051879882,82.23100036621094,GMRINFRA.NS,2025-02-11 10:50:06.344530
192,2024-05-07 00:00:00+05:30,83.44999694824219,83.44999694824219,78.5,79.0,43376425,0.0,0.0,2024-05-07,83.85500030517578,3.0495426467681224,86.9045429519439,80.80545765840766,89.95408559871203,77.75591501163953,-127.1027983438069,-43.54346108511371,1416797335,89121911.75566654,101447044.11455879,71.71590925057484,50.83555362048195,80.31666564941406,82.13333129882812,77.18333435058594,85.26666259765625,75.36666870117188,87.08332824707031,72.23333740234375,-0.09303247438258139,-94.6996472146782,0.3646040848862384,0.641687752791957,-0.2770836679057186,41.52485032313134,17.16996566381874,84.24000091552735,83.85500030517578,83.08600051879883,82.04200038909912,GMRINFRA.NS,2025-02-11 10:50:06.344530
193,2024-05-06 00:00:00+05:30,85.94999694824219,85.94999694824219,81.69999694824219,83.30000305175781,23811979,0.0,0.0,2024-05-06,84.12500038146973,2.828078148607839,86.95307853007758,81.29692223286189,89.7811566786854,78.46884408425406,-41.563246288440276,25.87363870107037,1460173760,51587461.222634174,104528327.20428182,71.67116657676213,51.15794543064287,83.64999898274739,85.6000010172526,81.3500010172526,87.89999898274739,79.39999898274739,89.8500010172526,77.1000010172526,-0.04711067152609317,-64.31093634497584,0.8814107774393989,0.7109586697683865,0.17045210767101238,48.82808932570521,17.67484371337422,85.92000122070313,84.12500038146973,83.34800048828124,81.86550037384033,GMRINFRA.NS,2025-02-11 10:50:06.344530
194,2024-05-03 00:00:00+05:30,89.0,89.8499984741211,84.55000305175781,85.5999984741211,59484779,0.0,0.0,2024-05-03,84.16250038146973,2.821527892206276,86.984028273676,81.34097248926345,89.80555616588228,78.51944459705717,44.897950211653786,89.22480058705843,1483985739,132429047.86991121,117763543.69969372,71.63182139978677,51.93727520568458,86.66666666666667,88.78333028157553,83.48333485921225,91.96666208902995,81.36667124430339,94.08332570393881,78.18333943684897,-0.05565882720905616,-48.0565534874417,1.1062400942102641,0.6683456428506335,0.4378944513596307,53.50166680775338,18.773046513708213,87.41000061035156,84.16250038146973,83.46700042724609,81.65350032806397,GMRINFRA.NS,2025-02-11 10:50:06.344530
195,2024-05-02 00:00:00+05:30,85.75,88.80000305175781,83.5,88.1500015258789,69372247,0.0,0.0,2024-05-02,84.13250045776367,2.80859937203841,86.94109982980208,81.32390108572525,89.74969920184049,78.51530171368685,60.29555077968166,95.72662361365953,1543470518,159041965.0861966,114097167.65713935,71.5127543364548,57.49847030652268,86.81666819254558,90.13333638509116,84.83333333333334,92.11667124430339,81.51666514078777,95.43333943684897,79.53333028157553,0.017151658706446367,-30.035332450156876,1.1508138355370363,0.5588720300107257,0.5919418055263106,59.34994015342784,18.771829639228873,87.32000122070312,84.13250045776367,83.56200042724609,81.42050033569336,GMRINFRA.NS,2025-02-11 10:50:06.344530
196,2024-04-30 00:00:00+05:30,87.9000015258789,88.19999694824219,84.8499984741211,85.1500015258789,46391574,0.0,0.0,2024-04-30,83.90250053405762,2.6459240482920814,86.54842458234971,81.25657648576554,89.19434863064178,78.61065243747346,58.05456479034276,81.0903812726096,1474098271,102737126.61913438,102860968.29987502,71.34570212454231,49.110148892265606,86.06666564941406,87.28333282470703,83.93333435058594,89.41666412353516,82.71666717529297,90.63333129882812,80.58333587646484,-0.0670537363052569,-51.23674359144408,0.9393084941756626,0.41088657862914807,0.5284219155465146,53.837468651743265,19.105693845382035,86.18000030517578,83.90250053405762,83.59600036621094,81.14800033569335,GMRINFRA.NS,2025-02-11 10:50:06.344530
197,2024-04-29 00:00:00+05:30,91.75,91.9000015258789,86.9000015258789,87.4000015258789,69094550,0.0,0.0,2024-04-29,83.72500038146973,2.676727167400703,86.40172754887043,81.04827321406903,89.07845471627114,78.37154604666831,141.15986633272283,139.23648209885394,1520489845,157057572.31741217,102891928.72006017,71.25238433300964,56.29819501461272,88.73333485921223,90.56666819254556,85.56666819254556,93.73333485921223,83.73333485921223,95.56666819254556,80.56666819254556,0.021802412265732464,-35.33568523547868,0.9497401632785198,0.2787810997425194,0.6709590635360004,59.452209950368385,18.862801111606938,85.61999969482422,83.72500038146973,83.69000030517579,80.89450031280518,GMRINFRA.NS,2025-02-11 10:50:06.344530
198,2024-04-26 00:00:00+05:30,85.9000015258789,92.4000015258789,85.5999984741211,90.75,121203082,0.0,0.0,2024-04-26,83.34500045776367,2.6669958462247676,86.01199630398844,80.67800461153891,88.6789921502132,78.01100876531414,226.0089247180235,159.00291351769013,1589584395,286064485.6501981,89350517.82072216,71.08815226313597,71.89051741241464,89.58333333333333,93.56666819254556,86.76666514078775,96.38333638509114,82.78333028157552,100.36667124430338,79.96666208902994,0.10869385272426559,-11.66078691130331,0.727114949277194,0.11104133385851925,0.6160736154186748,69.46860115741664,17.59666965269365,84.35,83.34500045776367,83.65400024414062,80.62350028991699,GMRINFRA.NS,2025-02-11 10:50:06.344530
199,2024-04-25 00:00:00+05:30,82.6500015258789,85.5,82.1500015258789,85.1500015258789,29717351,0.0,0.0,2024-04-25,82.76000061035157,2.1994372258597568,84.95943783621132,80.56056338449181,87.15887506207108,78.36112615863206,90.77714921584489,42.37121143189698,1468381313,65810986.548381805,40172025.86335316,70.73099299568976,58.342200617551015,84.26666768391927,86.38333384195963,83.03333536783853,87.61666615804036,80.91666920979817,89.73333231608072,79.68333689371744,-0.0222952359473305,-18.343147717771892,0.10114622785027905,-0.04297706999614943,0.14412329784642847,58.65653534502597,16.233143466171644,82.33000030517579,82.76000061035157,83.61600021362305,80.318500289917,GMRINFRA.NS,2025-02-11 10:50:06.344530
200,2024-04-24 00:00:00+05:30,82.75,83.44999694824219,82.0999984741211,82.44999694824219,10812226,0.0,0.0,2024-04-24,82.43500061035157,2.3053763957734676,84.74037700612503,80.1296242145781,87.0457534018985,77.82424781880464,15.574353065389667,5.176501434825565,1438663962,23185123.095314942,33762285.692095995,70.66648582112926,48.881592597420365,82.66666412353516,83.23332977294922,81.88333129882812,84.01666259765625,81.31666564941406,84.58332824707031,80.53333282470703,-0.09883297238574272,-50.2958761527613,-0.1503009404320892,-0.07900789445775656,-0.07129304597433263,50.86668533710395,16.999845537289392,81.3,82.43500061035157,83.71600021362305,80.07050025939941,GMRINFRA.NS,2025-02-11 10:50:06.344530
201,2024-04-23 00:00:00+05:30,81.5,83.0,80.6500015258789,82.3499984741211,18800097,0.0,0.0,2024-04-23,82.2675006866455,2.422931413622769,84.69043210026827,79.84456927302274,87.11336351389104,77.42163785939997,-19.49124720612528,-11.485915320079934,1427851736,40264965.631823085,36406576.341291256,70.64727438457243,50.2413912638098,82.0,83.3499984741211,81.0,84.3499984741211,79.6500015258789,85.69999694824219,78.6500015258789,-0.032330435772486475,-51.479290475081214,-0.20404268323193264,-0.061184632964173404,-0.14285805026775925,50.546225785107595,17.769456144269167,80.91000061035156,82.2675006866455,83.88300033569335,79.8170002746582,GMRINFRA.NS,2025-02-11 10:50:06.344530
202,2024-04-22 00:00:00+05:30,81.4000015258789,81.75,80.55000305175781,81.05000305175781,13243769,0.0,0.0,2024-04-22,81.8825008392334,2.9611193295821407,84.84362016881555,78.92138150965125,87.80473949839768,75.96026218006912,-53.96820206759678,-33.34642856099447,1409051639,27916970.001763787,35441979.018658295,70.61400460113269,49.371713815617824,81.11666870117188,81.68333435058594,80.48333740234375,82.31666564941406,79.91667175292969,82.88333129882812,79.28334045410156,-0.057286713017594366,-66.86385724269067,-0.2599085090132718,-0.025470120397233585,-0.2344383886160382,46.31983481332314,18.353882516914148,80.57000122070312,81.8825008392334,83.99900039672852,79.5670002746582,GMRINFRA.NS,2025-02-11 10:50:06.344530
203,2024-04-19 00:00:00+05:30,78.69999694824219,81.25,78.25,80.6500015258789,17239317,0.0,0.0,2024-04-19,81.59500083923339,3.3053340109303355,84.90033485016373,78.28966682830306,88.20566886109407,74.98433281737272,-99.85541806991958,-57.63307549366573,1395807870,36159971.7754809,37323231.272881925,70.59306255307325,51.62953121754836,80.0500005086263,81.8500010172526,78.8500010172526,83.0500005086263,77.0500005086263,84.8500010172526,75.8500010172526,-0.07702121795738281,-71.59760482069562,-0.19946583513673488,0.03313947675677596,-0.23260531189351086,44.97629032737873,18.280348668882482,81.1,81.59500083923339,84.12500030517577,79.33200023651123,GMRINFRA.NS,2025-02-11 10:50:06.344530
204,2024-04-18 00:00:00+05:30,81.0,82.44999694824219,79.5999984741211,80.0,13758049,0.0,0.0,2024-04-18,81.41750068664551,3.4508680984812288,84.86836878512673,77.96663258816429,88.31923688360797,74.51576448968305,-114.0417491543441,-49.585130059544056,1378568553,28625328.95086104,37614046.147232175,70.56672379252613,59.852107439391425,80.68333180745442,81.76666514078775,78.91666666666666,83.53333028157552,77.83333333333333,84.61666361490884,76.06666819254556,-0.11369096182648457,-91.7808376662399,-0.07966459731983377,0.09129080473015368,-0.17095540204998744,42.81667555554551,17.909433206122962,81.98999938964843,81.41750068664551,84.21600021362305,79.10250022888184,GMRINFRA.NS,2025-02-11 10:50:06.344530
205,2024-04-16 00:00:00+05:30,80.5,81.0999984741211,79.4000015258789,80.5,13449634,0.0,0.0,2024-04-16,81.28250083923339,3.560317116492743,84.84281795572613,77.72218372274065,88.40313507221887,74.16186660624791,-190.27148480186042,-60.014287535050386,1392326602,28158530.962724205,39861225.44632496,70.5469660403562,59.675254915013845,80.33333333333333,81.26666514078775,79.56666819254556,82.03333028157552,78.63333638509114,82.96666208902994,77.86667124430338,-0.06702348680987952,-69.27373253976238,0.13893963163566525,0.13402965524265054,0.0049099763930147144,44.051657595001565,18.022206509729358,82.95,81.28250083923339,84.19800018310546,78.88950023651122,GMRINFRA.NS,2025-02-11 10:50:06.344530
206,2024-04-15 00:00:00+05:30,81.4000015258789,83.1500015258789,80.0,80.6500015258789,39207669,0.0,0.0,2024-04-15,81.16000099182129,3.630121873843229,84.79012286566451,77.52987911797807,88.42024473950775,73.89975724413483,-237.33537927950442,-46.39568931125707,1405776236,82239232.82009362,42786899.06722514,70.52654517122521,64.29339977954032,81.26666768391927,82.53333536783853,79.38333384195963,84.41666920979817,78.11666615804036,85.68333689371744,76.23333231608072,-0.01199973851317756,-67.59773726572637,0.3674717182281171,0.13280216114439686,0.23466955708372023,44.40847839432361,17.360443817325248,83.98999938964843,81.16000099182129,84.15500015258789,78.66050022125245,GMRINFRA.NS,2025-02-11 10:50:06.344530
207,2024-04-12 00:00:00+05:30,85.0999984741211,85.55000305175781,83.44999694824219,83.69999694824219,15288438,0.0,0.0,2024-04-12,80.88500099182129,3.8711171084918807,84.75611810031317,77.0138838833294,88.62723520880505,73.14276677483753,-12.87009293880014,5.609595165192023,1444983905,33280681.10669038,32923815.629008017,70.46563168509064,77.87697509694615,84.23333231608073,85.01666768391928,82.91666158040366,86.33333841959636,82.13332621256511,87.1166737874349,80.81665547688803,-0.005191104119687947,-27.02703074234019,0.6397214103587459,0.07413477187346679,0.565586638485279,52.426400759897874,16.859079085638015,84.98999938964843,80.88500099182129,84.11800018310547,78.43400020599366,GMRINFRA.NS,2025-02-11 10:50:06.344530
208,2024-04-10 00:00:00+05:30,85.05000305175781,85.94999694824219,84.5999984741211,85.0999984741211,8040522,0.0,0.0,2024-04-10,80.74750099182128,3.8142896346653643,84.56179062648664,76.93321135715593,88.37608026115201,73.11892172249055,56.95602764895519,22.589070930608884,1460272343,17795797.04431785,32834599.259587422,70.4345073546861,78.53822119555656,85.21666463216145,85.83333079020181,84.48333231608072,86.56666310628255,83.86666615804036,87.18332926432291,83.13333384195963,-0.012256743907229806,-11.678823580514633,0.67821243049994,-0.067261887747853,0.745474318247793,56.79726034267405,17.781997299424628,85.13000030517578,80.74750099182128,84.00800018310547,78.16950023651123,GMRINFRA.NS,2025-02-11 10:50:06.344530
209,2024-04-09 00:00:00+05:30,85.94999694824219,86.5,84.44999694824219,84.80000305175781,10438396,0.0,0.0,2024-04-09,80.62750091552735,3.706376501775795,84.33387741730314,76.92112441375156,88.04025391907894,73.21474791197576,64.68171814420295,21.66545085306981,1452231821,23021482.317073066,36594299.81340481,70.4163458373153,77.90895155885032,85.25,86.05000305175781,84.0,87.30000305175781,83.19999694824219,88.10000610351562,81.94999694824219,-0.0431000270985735,-13.868571676785363,0.5793377161547539,-0.2536304673098012,0.8329681834645551,56.06847159227547,18.910445507566063,84.92000122070313,80.62750091552735,83.8470002746582,77.8950002670288,GMRINFRA.NS,2025-02-11 10:50:06.344530
210,2024-04-08 00:00:00+05:30,86.05000305175781,86.4000015258789,85.1500015258789,85.69999694824219,10248393,0.0,0.0,2024-04-08,80.61250076293945,3.6891682394205727,84.30166900236001,76.92333252351888,87.9908372417806,73.2341642840983,86.807521877213,27.341659993133142,1462670217,22842320.71253781,39987504.18748775,70.39318399263674,82.4309944074983,85.75,86.3499984741211,85.0999984741211,87.0,84.5,87.5999984741211,83.8499984741211,-0.005374656994178299,-7.299271698949593,0.47351527929171766,-0.46187251317593997,0.9353877924676577,58.8331795553382,20.12569742402607,84.96000061035156,80.61250076293945,83.6650001525879,77.60900024414063,GMRINFRA.NS,2025-02-11 10:50:06.344530
211,2024-04-05 00:00:00+05:30,84.4000015258789,86.69999694824219,83.8499984741211,85.6500015258789,33992152,0.0,0.0,2024-04-05,80.46250076293946,3.528935328965707,83.99143609190516,76.93356543397375,87.52037142087087,73.40463010500804,92.33839391068938,18.836593090947254,1452421824,75719839.08708073,44273800.05622524,70.3689459384778,75.2742907850779,85.39999898274739,86.94999949137369,84.1000010172526,88.24999745686848,82.5500005086263,89.79999796549478,81.2500025431315,-0.02686213440249474,-7.664201870482924,0.24222025624069943,-0.6957194612928543,0.9379397175335538,58.72819465896125,21.069494621862088,84.53000183105469,80.46250076293946,83.46100021362305,77.318500289917,GMRINFRA.NS,2025-02-11 10:50:06.344530
212,2024-04-04 00:00:00+05:30,84.5,85.69999694824219,83.55000305175781,84.4000015258789,11970580,0.0,0.0,2024-04-04,80.5175006866455,3.621400494013694,84.1389011806592,76.8961001926318,87.76030167467289,73.27469969861812,88.80865732171394,3.1661216123238485,1418429672,26276123.542745486,36412290.29851137,70.28826402213458,74.54390669680757,84.5500005086263,85.54999796549478,83.40000406901041,86.69999440511067,82.40000661214192,87.69999186197916,81.25001017252603,-0.05693852754800703,-10.236186887770979,-0.05265367495159978,-0.9302043906762427,0.8775507157246429,56.13107591146871,22.08589160414703,83.72000122070312,80.5175006866455,83.39800018310547,77.0220002746582,GMRINFRA.NS,2025-02-11 10:50:06.344530
213,2024-04-03 00:00:00+05:30,85.25,85.4000015258789,83.80000305175781,84.05000305175781,15811657,0.0,0.0,2024-04-03,80.6300006866455,3.7798420880365677,84.40984277468208,76.85015859860893,88.18968486271864,73.07031651057237,106.68280265122065,-0.3545801100251088,1406459092,34563583.68617493,38946331.98745284,70.26197659233193,63.555164075268664,84.41666920979817,85.03333536783853,83.43333689371744,86.01666768391927,82.81667073567708,86.63333384195963,81.83333841959634,-0.04295646749880716,-12.301552460873614,-0.3062778190545856,-1.1495920696074033,0.8433142505528177,55.401395037398615,23.60630616680466,82.80000152587891,80.6300006866455,83.38400009155274,76.74300025939941,GMRINFRA.NS,2025-02-11 10:50:06.344530
214,2024-04-02 00:00:00+05:30,83.0,85.5999984741211,83.0,85.0,16799176,0.0,0.0,2024-04-02,80.7050006866455,3.865191661991864,84.57019234863736,76.83980902465365,88.43538401062924,72.97461736266177,142.72781119593736,1.7812364246636179,1422270749,37137319.41915406,40042019.06277232,70.22796696678765,62.7185466916722,84.53333282470703,86.06666564941406,83.46666717529297,87.13333129882812,81.93333435058594,88.66666412353516,80.86666870117188,0.009117989884276997,-4.761893228427128,-0.5918834595979234,-1.3604206322456078,0.7685371726476844,57.82558641972089,25.371565869465787,81.80000152587891,80.7050006866455,83.37100006103516,76.46300022125244,GMRINFRA.NS,2025-02-11 10:50:06.344530
215,2024-04-01 00:00:00+05:30,82.4000015258789,84.0,82.30000305175781,83.55000305175781,14429781,0.0,0.0,2024-04-01,80.65500068664551,3.812820661013576,84.46782134765908,76.84218002563193,88.28064200867266,73.02935936461836,161.11584266843167,-15.828918004534625,1405471573,31355220.355372224,40768193.973676875,70.18915280257819,55.950900050787006,83.28333536783855,84.26666768391928,82.56667073567709,84.98333231608073,81.58333841959636,85.96666463216147,80.8666737874349,0.0009824107865682317,-14.91934069733888,-1.0421376009599044,-1.5525549254075286,0.5104173244476242,55.03715683802021,27.272614780023922,80.53000183105469,80.65500068664551,83.35800003051757,76.17300022125244,GMRINFRA.NS,2025-02-11 10:50:06.344530
216,2024-03-28 00:00:00+05:30,80.9000015258789,82.25,80.25,81.5999984741211,24357737,0.0,0.0,2024-03-28,80.69750061035157,3.851331240722524,84.5488318510741,76.84616936962904,88.40016309179661,72.99483812890652,150.45139350399782,-43.1735071154947,1391041792,51692880.69166461,43121437.37825304,70.1589298344526,55.92331980139131,81.36666615804036,82.48333231608072,80.48333231608072,83.36666615804036,79.36666615804036,84.48333231608072,78.48333231608072,-0.05730088704545345,-30.64518213023744,-1.460006649150074,-1.6801592565194345,0.2201526073693605,50.99073918316391,28.772184586026686,79.64000091552734,80.69750061035157,83.35199996948242,75.88000019073486,GMRINFRA.NS,2025-02-11 10:50:06.344530
217,2024-03-27 00:00:00+05:30,81.4000015258789,81.4000015258789,79.4000015258789,79.80000305175781,26320881,0.0,0.0,2024-03-27,80.90500068664551,4.011000769230529,84.91600145587604,76.89399991741497,88.92700222510656,72.88299914818445,151.49043874039629,-59.91342371028661,1366684055,54626952.989542164,40978576.549900144,70.11507592814073,46.16579861855739,80.2000020345052,81.0000025431315,79.0000025431315,82.2000020345052,78.2000020345052,83.0000025431315,77.0000025431315,-0.13693484528085223,-51.25444774656623,-1.7808384395785737,-1.7351974083617745,-0.04564103121679919,46.894251164888395,29.60457222821891,78.2500015258789,80.90500068664551,83.40600006103516,75.61000019073487,GMRINFRA.NS,2025-02-11 10:50:06.344530
218,2024-03-26 00:00:00+05:30,78.5999984741211,79.75,77.75,79.05000305175781,12905284,0.0,0.0,2024-03-26,81.29750061035156,4.272724442015622,85.57022505236718,77.02477616833595,89.84294949438281,72.75205172632032,61.42450106292447,-79.12263152104312,1340363174,26532190.359982997,37566482.43998964,70.07479457062168,44.45220719421378,78.85000101725261,79.95000203450522,77.95000203450522,80.85000101725261,76.85000101725261,81.95000203450522,75.95000203450522,-0.14265568146895638,-58.703055142549886,-1.9873456760371937,-1.7237871505575746,-0.2635585254796191,45.11942313354892,30.09756455516506,77.35000152587891,81.29750061035156,83.51600006103516,75.35850017547608,GMRINFRA.NS,2025-02-11 10:50:06.344530
219,2024-03-22 00:00:00+05:30,79.1500015258789,79.5999984741211,78.0,78.6500015258789,9769561,0.0,0.0,2024-03-22,81.76250038146972,4.514475513572956,86.27697589504268,77.24802486789676,90.79145140861563,72.73354935432381,24.50645086851512,-79.2107128002693,1327457890,19983770.411203124,40325055.459991306,70.05645428987474,47.42893345800068,78.75,79.5,77.9000015258789,80.3499984741211,77.1500015258789,81.0999984741211,76.30000305175781,-0.1566886794122688,-61.43344070034189,-2.14776258216925,-1.6578975191876695,-0.4898650629815804,44.19579811580374,29.80278525735051,76.96000061035156,81.76250038146972,83.66100006103515,75.1165001296997,GMRINFRA.NS,2025-02-11 10:50:06.344530
220,2024-03-21 00:00:00+05:30,75.9000015258789,79.30000305175781,75.5999984741211,79.0999984741211,18986015,0.0,0.0,2024-03-21,82.21250038146972,4.634846926954611,86.84734730842433,77.57765345451512,91.48219423537894,72.9428065275605,-13.911133332961214,-87.25547954114934,1337227451,39058354.42732069,45410376.722188346,70.04314013128213,50.872433788545386,78.0,80.4000015258789,76.69999694824219,81.70000457763672,74.29999542236328,84.10000610351562,72.99999237060547,-0.12895454935889983,-58.36178949643397,-2.281208886226466,-1.535431253442274,-0.7457776327841918,44.98671183739066,29.54840569774862,76.69000091552735,82.21250038146972,83.78400009155274,74.86500011444092,GMRINFRA.NS,2025-02-11 10:50:06.344530
221,2024-03-20 00:00:00+05:30,76.0,76.30000305175781,73.0,74.6500015258789,15111132,0.0,0.0,2024-03-20,82.57000045776367,4.657828292495678,87.22782875025935,77.91217216526799,91.88565704275503,73.25434387277231,-91.48048455714367,-135.99914550187478,1318241436,29337997.51559536,46998382.295905255,70.01578824992335,20.252667630586032,74.6500015258789,76.30000305175781,73.0,77.95000457763672,71.3499984741211,79.60000610351562,69.69999694824219,-0.17494242631751375,-88.73719212271607,-2.46181470395652,-1.3489868452462261,-1.112827858710294,34.168821554368805,29.130876870628494,76.4800018310547,82.57000045776367,83.94000015258788,74.61450012207031,GMRINFRA.NS,2025-02-11 10:50:06.344530
222,2024-03-19 00:00:00+05:30,77.25,77.5,75.05000305175781,75.30000305175781,11022369,0.0,0.0,2024-03-19,83.36750030517578,4.595457073506011,87.96295737868179,78.77204323166977,92.5584144521878,74.17658615816376,-81.64721805223698,-126.42475520442721,1333352568,21586070.295675837,51413478.49098272,70.00462234365328,19.13566159292725,75.9500020345052,76.8500010172526,74.40000406901041,78.39999898274739,73.50000508626302,79.29999796549478,71.95000712076822,-0.2077086454085798,-87.9003259189753,-2.217487381693772,-1.0707798805686526,-1.1467075011251193,35.10511953617103,27.126856400101342,76.58000183105469,83.36750030517578,84.12500015258789,74.41100009918213,GMRINFRA.NS,2025-02-11 10:50:06.344530
223,2024-03-18 00:00:00+05:30,77.30000305175781,78.19999694824219,76.25,77.0999984741211,9153822,0.0,0.0,2024-03-18,84.20750007629394,4.578590386395352,88.78609046268929,79.62890968989859,93.36468084908465,75.05031930350323,-79.0313855084623,-114.73869975940654,1344374937,18355257.431168426,58870330.539809436,69.99529931451508,17.279869945094205,77.18333180745442,78.11666361490884,76.16666666666666,79.13332875569661,75.23333485921223,80.06666056315103,74.21666971842447,-0.1521543258499937,-76.3513562276982,-1.9350913787440476,-0.7841030052873728,-1.1509883734566748,37.76622527141698,25.3305366418726,77.71000061035156,84.20750007629394,84.30800003051758,74.21700008392334,GMRINFRA.NS,2025-02-11 10:50:06.344530
224,2024-03-15 00:00:00+05:30,78.0,78.75,74.80000305175781,77.30000305175781,19455715,0.0,0.0,2024-03-15,84.81500015258788,4.3879944357973955,89.20299458838528,80.42700571679049,93.59098902418268,76.0390112809931,-105.80145456287828,-126.6482022656227,1353528759,39113830.924126014,68999098.8169697,69.98489607674759,15.343690023795475,76.9500020345052,79.1000010172526,75.15000406901041,80.89999898274739,73.00000508626302,83.04999796549478,71.20000712076822,-0.1667772525397639,-76.87497138977051,-1.7214916305222943,-0.49635591192320405,-1.2251357185990903,38.063924732109754,23.62652070955645,78.83000030517579,84.81500015258788,84.40200012207032,74.01250011444091,GMRINFRA.NS,2025-02-11 10:50:06.344530
225,2024-03-14 00:00:00+05:30,76.3499984741211,78.5999984741211,74.5,78.05000305175781,30451300,0.0,0.0,2024-03-14,85.46749992370606,4.176886993487239,89.6443869171933,81.29061293021881,93.82127391068053,77.11372593673158,-145.61338371456978,-134.8289508469831,1372984474,61813368.29051067,76470415.79018061,69.96205892357077,18.8261805301279,77.0500005086263,79.6000010172526,75.5000025431315,81.14999898274739,72.9500020345052,83.69999949137369,71.40000406901041,-0.17116665282224694,-72.27412005289713,-1.4416334396038053,-0.19007198227343147,-1.2515614573303737,39.138216083847595,21.79142662860059,80.26999969482422,85.46749992370606,84.44800003051758,73.81750007629394,GMRINFRA.NS,2025-02-11 10:50:06.344530
226,2024-03-13 00:00:00+05:30,81.0,81.1500015258789,73.5999984741211,75.1500015258789,34943703,0.0,0.0,2024-03-13,86.05749969482422,3.898085584593735,89.95558527941795,82.15941411023049,93.85367086401169,78.26132852563674,-244.18468312146942,-152.35901006744461,1342533174,68296990.42037426,80134677.66509809,69.92234476536603,15.011374499759711,76.63333384195964,79.66666920979819,72.11666615804037,84.18333689371745,69.08333079020183,87.216672261556,64.56666310628256,-0.1801231980652885,-90.34266194991125,-1.1353508551762843,0.12281838205916198,-1.2581692372354463,32.27531818001016,19.74070219888459,81.19999847412109,86.05749969482422,84.49399993896485,73.62350006103516,GMRINFRA.NS,2025-02-11 10:50:06.344530
227,2024-03-12 00:00:00+05:30,82.94999694824219,83.4000015258789,80.55000305175781,80.94999694824219,19702229,0.0,0.0,2024-03-12,86.79249954223633,3.0202072815152574,89.81270682375158,83.77229226072107,92.83291410526684,80.75208497920582,-148.81663622560504,-67.0714863053886,1377476877,41479722.907075465,83094099.47627904,69.89272160373837,14.347738582495722,81.63333384195964,82.71666463216147,79.86666615804037,84.48333231608073,78.78333536783855,85.56666310628256,77.01666768391928,-0.11104116352188292,-96.13532410188745,-0.44040783763817615,0.4373606913680235,-0.8777685290061996,40.82461188658951,17.532229736113514,83.5199981689453,86.79249954223633,84.60199996948242,73.45950004577637,GMRINFRA.NS,2025-02-11 10:50:06.344530
228,2024-03-11 00:00:00+05:30,85.3499984741211,85.4000015258789,82.4000015258789,82.69999694824219,16717842,0.0,0.0,2024-03-11,87.02499961853027,2.7098017500813163,89.73480136861158,84.31519786844896,92.44460311869291,81.60539611836764,-95.48078888803691,-32.82680887700914,1397179106,35957489.07536561,93497693.61857992,69.85728038099798,21.11654555585578,83.5,84.5999984741211,81.5999984741211,86.5,80.5,87.5999984741211,78.5999984741211,-0.11195052164476609,-85.97790008586591,-0.11520901075566314,0.6568028236195734,-0.7720118343752366,44.097238600862205,16.56336632912303,84.65999908447266,87.02499961853027,84.50900009155274,73.24300006866456,GMRINFRA.NS,2025-02-11 10:50:06.344530
229,2024-03-07 00:00:00+05:30,83.1500015258789,85.1500015258789,82.6500015258789,84.5,14135199,0.0,0.0,2024-03-07,87.33249969482422,2.5365883818171397,89.86908807664136,84.79591131300708,92.4056764584585,82.25932293118994,-82.38915550114474,-22.08670254807619,1413896948,31064350.892061926,107882744.7543835,69.82225643326225,26.67322270982862,84.10000101725261,85.55000050862631,83.05000050862631,86.60000101725261,81.60000101725261,88.05000050862631,80.55000050862631,-0.08281948412274412,-72.69374023451246,0.13054113897659647,0.8498057822133825,-0.7192646432367861,47.75342843319518,16.037685582884205,85.23000030517578,87.33249969482422,84.32100021362305,73.00650009155274,GMRINFRA.NS,2025-02-11 10:50:06.344530
230,2024-03-06 00:00:00+05:30,86.75,86.94999694824219,80.80000305175781,82.69999694824219,24841782,0.0,0.0,2024-03-06,87.61499977111816,2.5190899353089216,90.13408970642709,85.09590983580924,92.653179641736,82.57681990050033,-136.37136440122148,-35.77748874466276,1399761749,53430825.873196684,127087343.21996388,69.78833362666738,24.277138108644365,83.48333231608073,86.16666158040366,80.01666768391928,89.63332621256511,77.33333841959636,92.31665547688803,73.8666737874349,-0.11656956923320341,-85.97790008586591,0.26592487650648877,1.029621943022579,-0.7636970665160903,43.395461696005626,15.471567856165468,85.13000030517578,87.61499977111816,84.11000015258789,72.75450008392335,GMRINFRA.NS,2025-02-11 10:50:06.344530
231,2024-03-05 00:00:00+05:30,86.55000305175781,87.6500015258789,86.0,86.75,16913400,0.0,0.0,2024-03-05,88.02000007629394,2.33144360233239,90.35144367862632,85.68855647396155,92.68288728095872,83.35711287162916,17.508864011521897,32.21105294330033,1424603531,38159620.829298295,145501472.55665568,69.73567578176642,27.77391888861183,86.8000005086263,87.6000010172526,85.94999949137369,88.4500020345052,85.14999898274739,89.2500025431315,84.29999796549478,-0.06632311114871355,-64.68083807762633,0.6125009489488491,1.2205462096516015,-0.6080452607027524,52.55409090013992,14.861902612006828,85.47000122070312,88.02000007629394,83.94900024414062,72.51800010681153,GMRINFRA.NS,2025-02-11 10:50:06.344530
232,2024-03-04 00:00:00+05:30,86.3499984741211,87.5,85.6500015258789,86.6500015258789,24955290,0.0,0.0,2024-03-04,88.09000015258789,2.3122437965131835,90.40224394910108,85.7777563560747,92.71448774561426,83.46551255956152,-18.60116021770363,29.52883744229567,1407690131,56238644.30876644,172336935.488495,69.68830054984564,29.275401716318143,86.60000101725261,87.55000050862631,85.70000203450522,88.4499994913737,84.75000254313152,89.3999989827474,83.85000356038412,-0.05769970494906777,-65.53188892121011,0.6480790904034706,1.3725575248272897,-0.7244784344238191,52.32338864664672,15.836190194624221,85.27000122070312,88.09000015258789,83.68200027465821,72.22800010681152,GMRINFRA.NS,2025-02-11 10:50:06.344530
233,2024-03-01 00:00:00+05:30,84.5,86.19999694824219,84.25,85.55000305175781,26544078,0.0,0.0,2024-03-01,88.125,2.2945296819838448,90.41952968198385,85.83047031801615,92.71405936396769,83.53594063603231,-74.83477744349652,4.597010464607337,1382734841,59059711.54348798,201361508.28342712,69.6183283285308,33.9423894456166,85.33333333333333,86.41666666666666,84.46666971842447,87.28333028157552,83.38333638509114,88.36666361490884,82.51667277018228,-0.06542458887102254,-74.89357806266622,0.6936588471352678,1.5536771334332444,-0.8600182862979766,49.83172005843651,16.826708711829813,85.47000122070312,88.125,83.37500030517577,71.97750007629395,GMRINFRA.NS,2025-02-11 10:50:06.344530
234,2024-02-29 00:00:00+05:30,84.80000305175781,85.3499984741211,82.5999984741211,84.0,341649737,0.0,0.0,2024-02-29,88.10749969482421,2.316432955671554,90.42393265049577,85.79106673915265,92.74036560616732,83.47463378348111,-137.08268827605215,-20.656636558346705,1356190763,746386926.880415,236936957.46841192,69.5481128973477,31.220196315101802,83.98333231608073,85.36666615804037,82.61666615804037,86.73333231608073,81.23333231608073,88.11666615804037,79.86666615804037,-0.01935015570451882,-88.08509339677526,0.849837948324506,1.7686817050077384,-0.9188437566832324,46.14932500825713,17.38694331599805,86.03000030517578,88.10749969482421,83.17800018310547,71.71600006103516,GMRINFRA.NS,2025-02-11 10:50:06.344530
235,2024-02-28 00:00:00+05:30,86.25,87.5,84.0,84.4000015258789,47472979,0.0,0.0,2024-02-28,87.86249961853028,2.9470270021320264,90.80952662066231,84.91547261639825,93.75655362279433,81.96844561426623,-125.66606037982436,7.9485213827044925,1697840500,104205966.72393169,109574465.11541116,68.67900954697105,45.37997979619902,85.3000005086263,86.6000010172526,83.1000010172526,88.8000005086263,81.8000005086263,90.1000010172526,79.6000010172526,-0.009135219545837814,-96.13525038791975,1.1895700080001177,1.9983926441785465,-0.8088226361784288,46.975585483381614,17.649889354431746,86.76000061035157,87.86249961853028,83.06400024414063,71.46300006866456,GMRINFRA.NS,2025-02-11 10:50:06.344530
236,2024-02-27 00:00:00+05:30,87.9000015258789,88.4000015258789,85.4000015258789,85.75,75427795,0.0,0.0,2024-02-27,87.55999946594238,3.566533426828886,91.12653289277127,83.9934660391135,94.69306631960015,80.42693261228462,-109.85278170336088,32.75389273064922,1745313479,168216730.63487172,110916589.71328102,68.54653375256638,52.57867352884224,86.51666768391927,87.63333384195963,84.63333384195963,89.51666768391927,83.51666768391927,90.63333384195963,81.63333384195963,0.02855762739969524,-84.72903626855765,1.5671121158240169,2.2005983032231535,-0.6334861873991366,49.768075070276666,18.368833908149156,87.13000030517578,87.55999946594238,82.92600021362304,71.21350006103516,GMRINFRA.NS,2025-02-11 10:50:06.344530
237,2024-02-26 00:00:00+05:30,88.80000305175781,89.5999984741211,87.0999984741211,87.6500015258789,39761640,0.0,0.0,2024-02-26,87.21249961853027,4.057023599427064,91.26952321795734,83.1554760191032,95.3265468173844,79.09845241967615,-57.81397251017942,64.4953028878767,1820741274,90639993.17343615,96591554.48288333,68.31307431775998,63.619576748161826,88.11666615804036,89.13333384195963,86.63333384195963,90.61666615804036,85.61666615804036,91.63333384195963,84.13333384195963,0.06456911026857151,-66.00981222672303,1.8937819023923197,2.3589698500729375,-0.4651879476806178,53.960135571254696,19.60246126876359,88.1,87.21249961853027,82.75400024414063,70.95150005340577,GMRINFRA.NS,2025-02-11 10:50:06.344530
238,2024-02-23 00:00:00+05:30,88.25,89.6500015258789,87.75,88.3499984741211,25843128,0.0,0.0,2024-02-23,86.73999938964843,4.52651856680515,91.26651795645358,82.21348082284328,95.79303652325873,77.68696225603813,-21.314119963496793,75.74148322098303,1860502914,59382061.744124785,98079444.81024513,68.17374780393985,69.37486561726422,88.58333333333333,89.41666666666666,87.51666514078775,90.48333485921223,86.68333180745442,91.31666819254556,85.61666361490884,0.0758870435199825,-59.11329160593845,2.096203192459228,2.475266836993092,-0.379063644533864,55.561197199782676,20.694271545138168,88.98999938964843,86.73999938964843,82.54400024414062,70.65450004577637,GMRINFRA.NS,2025-02-11 10:50:06.344530
239,2024-02-22 00:00:00+05:30,86.8499984741211,88.30000305175781,84.75,87.6500015258789,29169629,0.0,0.0,2024-02-22,86.17499961853028,4.995879741958225,91.1708793604885,81.17911987657206,96.16675910244673,76.18324013461383,-93.94283886053425,50.51957710144815,1834659786,66494615.751052156,107753790.5767752,68.07881721947476,71.96838287930693,86.9000015258789,89.05000305175781,85.5,90.45000457763672,83.3499984741211,92.60000610351562,81.94999694824219,0.07533428329461521,-66.00981222672303,2.254664035711045,2.570032748126558,-0.3153687124155131,54.30213780666891,21.635302686977248,89.16999969482421,86.17499961853028,82.21400024414062,70.36100006103516,GMRINFRA.NS,2025-02-11 10:50:06.344530
240,2024-02-21 00:00:00+05:30,90.9000015258789,90.9000015258789,84.55000305175781,86.25,63802448,0.0,0.0,2024-02-21,85.57749938964844,5.499413334125776,91.07691272377421,80.07808605552266,96.57632605789999,74.57867272139688,-103.52419123727064,58.49389868598444,1805490157,143119922.7778456,118068584.28320593,67.97432566839981,78.98749094674011,87.23333485921223,89.91666666666666,83.56666819254556,93.58333333333333,80.88333638509114,96.26666514078775,77.21666971842447,0.07069705138925075,-55.10204187552355,2.4923194505995667,2.648874926230436,-0.15655547563086936,51.76409088029054,23.06515828052178,89.70999908447266,85.57749938964844,81.92300018310547,70.07250003814697,GMRINFRA.NS,2025-02-11 10:50:06.344530
241,2024-02-20 00:00:00+05:30,92.5999984741211,94.3499984741211,89.8499984741211,90.5999984741211,56491851,0.0,0.0,2024-02-20,85.03999938964844,5.93807077145382,90.97807016110227,79.10192861819462,96.91614093255609,73.1638578467408,115.47471436497236,128.58114943560295,1869292605,133112132.97383036,111805749.65954602,67.75837951251516,86.72473363181052,91.5999984741211,93.3499984741211,88.8499984741211,96.0999984741211,87.0999984741211,97.8499984741211,84.3499984741211,0.07061869066500542,-20.491808404593147,2.8967069206858014,2.6880137951381533,0.20869312554764807,61.64178323520573,24.60500276587743,90.42999877929688,85.03999938964844,81.57600021362305,69.79500003814697,GMRINFRA.NS,2025-02-11 10:50:06.344530
242,2024-02-19 00:00:00+05:30,89.80000305175781,92.8499984741211,87.75,92.0999984741211,51843868,0.0,0.0,2024-02-19,84.63499946594239,5.81382433046726,90.44882379640964,78.82117513547513,96.26264812687691,73.00735080500786,93.9513710401934,121.74631178063245,1925784456,124182576.56563713,106479153.83097492,67.51688070135572,82.68135925804042,90.89999898274739,94.04999796549478,88.94999949137369,95.99999745686848,85.8000005086263,99.14999643961588,83.8500010172526,0.08987019200284115,-4.464286930707368,2.942146984622383,2.635840513751241,0.3063064708711418,65.65322299208503,24.27917055256415,90.27999877929688,84.63499946594239,80.99800025939942,69.47450004577637,GMRINFRA.NS,2025-02-11 10:50:06.344530
243,2024-02-16 00:00:00+05:30,90.8499984741211,91.19999694824219,88.6500015258789,89.25,38111593,0.0,0.0,2024-02-16,84.21499938964844,5.543277255043584,89.75827664469202,78.67172213460486,95.30155389973561,73.12844487956127,44.43810238622268,107.77689320530008,1873940588,88464489.14842524,102053298.14730936,67.27601711844346,82.19802259085226,89.6999994913737,90.7499974568685,88.20000203450522,92.24999491373698,87.15000406901042,93.29999287923178,85.65000661214194,0.07074724656809754,-20.000018495501894,2.8080187788347786,2.5592638960334555,0.24875488280132307,61.19824726806577,24.313705651509288,88.97999877929688,84.21499938964844,80.38300025939941,69.14350006103516,GMRINFRA.NS,2025-02-11 10:50:06.344530
244,2024-02-15 00:00:00+05:30,90.5999984741211,91.69999694824219,89.0999984741211,90.3499984741211,31048461,0.0,0.0,2024-02-15,83.92249946594238,5.416506924809785,89.33900639075216,78.5059925411326,94.75551331556196,73.0894856163228,85.27763622782956,122.81585799769171,1912052181,72957824.40341756,105450500.39703038,67.11659738806316,87.85786973738828,90.38333129882812,91.66666412353516,89.06666564941406,92.98332977294922,87.78333282470703,94.26666259765625,86.46666717529297,0.07502289197510685,-13.333361076586174,2.874429959348433,2.4970751753331246,0.3773547840153082,64.18180481219798,24.80496772351164,88.89999847412109,83.92249946594238,79.84000022888183,68.84850006103515,GMRINFRA.NS,2025-02-11 10:50:06.344530
245,2024-02-14 00:00:00+05:30,88.25,90.80000305175781,87.80000305175781,89.8499984741211,34239889,0.0,0.0,2024-02-14,83.62249946594238,5.203755779119086,88.82625524506147,78.41874368682329,94.03001102418055,73.21498790770421,62.43076999735685,116.36616932340574,1881003720,80011805.2889444,113573669.39543357,66.97846245533364,88.15500335690709,89.48333485921223,91.16666666666666,88.16666666666666,92.48333485921223,86.48333485921223,94.16666666666666,85.16666666666666,0.07213310105226059,-15.835801139979004,2.80757124286761,2.4027364793292976,0.40483476353831227,63.429278660671244,25.152424372323633,88.85999908447266,83.62249946594238,79.27900024414062,68.54350006103516,GMRINFRA.NS,2025-02-11 10:50:06.344530
246,2024-02-13 00:00:00+05:30,89.44999694824219,91.1500015258789,85.80000305175781,89.8499984741211,85283123,0.0,0.0,2024-02-13,83.29249954223633,4.993055297784435,88.28555484002077,78.29944424445189,93.2786101378052,73.30638894666745,55.77345757417241,114.82507671775514,1915243609,199289683.20864284,121964135.42205587,66.82751172017664,83.72417706522045,88.93333435058594,92.06666564941406,86.71666717529297,94.28333282470703,83.58333587646484,97.41666412353516,81.36666870117188,0.04429285186269906,-14.248041822760552,2.728675291572216,2.3015277884447194,0.4271475031274967,63.429278660671244,25.76337024465743,89.05,83.29249954223633,78.70000030517578,68.25150009155273,GMRINFRA.NS,2025-02-11 10:50:06.344530
247,2024-02-12 00:00:00+05:30,89.25,89.30000305175781,84.75,85.5999984741211,25142104,0.0,0.0,2024-02-12,83.01499977111817,4.758126408956337,87.77312618007451,78.25687336216183,92.53125258903084,73.4987469532055,24.333714192569875,84.71461977474428,1829960486,55973056.471577115,102632748.47540912,66.4427237373664,76.6617218380103,86.5500005086263,88.3500010172526,83.79999796549478,91.10000356038411,81.99999745686848,92.90000406901041,79.24999491373697,-0.028910021453838707,-36.67547703834625,2.5863210010262776,2.194740912662845,0.3915800883634324,56.77316199081806,26.421311953324597,88.71000061035156,83.01499977111817,78.09900032043457,67.96400009155273,GMRINFRA.NS,2025-02-11 10:50:06.344530
248,2024-02-09 00:00:00+05:30,90.30000305175781,90.55000305175781,84.19999694824219,88.8499984741211,35007959,0.0,0.0,2024-02-09,83.0,4.750014367756011,87.75001436775601,78.24998563224399,92.50002873551202,73.49997126448798,52.76551678681176,109.88509999460663,1855102590,80896151.93792528,114297671.47636712,66.34786295512666,80.79354949773693,87.86666615804036,91.53333536783853,85.18332926432291,94.21667226155598,81.51666005452473,97.88334147135416,78.83332316080728,-0.009284151129025803,-19.525085402898362,2.7834382956905444,2.096845890571987,0.6865924051185575,65.19955650120076,27.59772434063098,89.06000061035157,83.0,77.59300033569336,67.71350009918213,GMRINFRA.NS,2025-02-11 10:50:06.344530
249,2024-02-08 00:00:00+05:30,91.19999694824219,92.55000305175781,89.80000305175781,90.1500015258789,44963439,0.0,0.0,2024-02-08,82.87250022888183,4.617087869765451,87.48958809864729,78.25541235911638,92.10667596841273,73.63832448935094,105.42690283519808,161.8793944459607,1890110549,105421430.79398161,122648051.36097756,66.19163936904143,82.32965099193169,90.83333587646484,91.86666870117188,89.11666870117188,93.58333587646484,88.08333587646484,94.61666870117188,86.36666870117188,-0.008715396158529136,-12.664912644460236,2.6735591002881165,1.9251977892923475,0.748361310995769,69.003602667813,28.864629988499384,88.33000030517579,82.87250022888183,77.02100036621094,67.42000011444092,GMRINFRA.NS,2025-02-11 10:50:06.344530
250,2024-02-07 00:00:00+05:30,88.6500015258789,91.30000305175781,88.05000305175781,90.80000305175781,63741860,0.0,0.0,2024-02-07,82.60500030517578,4.318592761575514,86.9235930667513,78.28640754360026,91.24218582832681,73.96781478202475,123.29272391113167,160.70473495304302,1935073988,150526943.2426989,126954706.50272654,65.97608210340681,77.19378984864858,90.05000305175781,92.05000305175781,88.80000305175781,93.30000305175781,86.80000305175781,95.30000305175781,85.55000305175781,-0.007388655978354098,-2.8248580264873544,2.3643413586484456,1.7381074615434051,0.6262338971050405,70.92485730644064,28.201015415527884,86.11999969482422,82.60500030517578,76.42500030517579,67.16200008392335,GMRINFRA.NS,2025-02-11 10:50:06.344530
251,2024-02-06 00:00:00+05:30,87.8499984741211,89.6500015258789,85.55000305175781,88.1500015258789,28893814,0.0,0.0,2024-02-06,82.41000022888184,4.00580559110332,86.41580581998517,78.40419463777852,90.42161141108848,74.3983890466752,136.25868935091805,133.5300697006476,1871332128,66241604.62028939,121061647.31773344,65.6553694734346,76.25526425673681,87.78333536783855,90.01666768391928,85.91666920979819,91.88333384195964,83.68333689371745,94.11666615804037,81.81667073567709,0.06254195738288032,-9.907110358827161,1.8686102912936633,1.5815489872671447,0.28706130402651864,67.49910183431328,27.735017258460232,83.62999877929687,82.41000022888184,75.75100021362304,66.89200004577637,GMRINFRA.NS,2025-02-11 10:50:06.344530
252,2024-02-05 00:00:00+05:30,85.69999694824219,89.75,85.5,87.3499984741211,84036591,0.0,0.0,2024-02-05,82.19750022888184,3.792322259069894,85.98982248795173,78.40517796981194,89.78214474702162,74.61285571074205,172.8394954718569,134.15426010650424,1842438314,190912768.5296607,134766657.99209446,65.52285736381265,72.4361218324041,87.53333282470703,89.56666564941406,85.31666564941406,91.78333282470703,83.28333282470703,93.81666564941406,81.06666564941406,0.062000126326525025,-14.860689158655015,1.466597025163992,1.5097836612605149,-0.04318663609652296,66.38896682845274,27.57542070187793,81.75999908447265,82.19750022888184,75.13500015258789,66.64150001525879,GMRINFRA.NS,2025-02-11 10:50:06.344530
253,2024-02-02 00:00:00+05:30,79.75,87.0,79.6500015258789,85.19999694824219,124563723,0.0,0.0,2024-02-02,82.0525001525879,3.6372159471448633,85.68971609973276,78.41528420544303,89.32693204687763,74.77806825829816,131.3587905578018,85.62185259437783,1758401723,276016348.7354466,120730130.35770288,65.14236806277414,64.36668311523425,83.9499994913737,88.2499974568685,80.8999989827474,91.2999979654948,76.60000101725261,95.59999593098959,73.55000050862631,0.1287135401447481,-13.432857065587164,1.008465234607982,1.5205803202846455,-0.5121150856766634,63.25698673019013,27.403547487096994,79.92999877929688,82.0525001525879,74.53900016784668,66.3965000152588,GMRINFRA.NS,2025-02-11 10:50:06.344530
254,2024-02-01 00:00:00+05:30,76.1500015258789,79.94999694824219,76.05000305175781,79.0999984741211,39919389,0.0,0.0,2024-02-01,81.88250045776367,3.5610205357128217,85.4435209934765,78.32147992205084,89.00454152918931,74.76045938633803,-31.542053905558262,10.959371468536904,1633838000,82122849.05937801,81908575.76326694,64.61036097916254,46.245555057437315,78.36666615804036,80.68332926432291,76.78333536783853,82.26666005452473,74.46667226155598,84.58332316080728,72.88334147135416,0.09226638653057233,-59.70696421115702,0.6183805131174154,1.6486090917038112,-1.0302285785863958,51.30178656949823,27.800149369667132,78.3,81.88250045776367,73.98900024414063,66.18350006103516,GMRINFRA.NS,2025-02-11 10:50:06.344530
255,2024-01-31 00:00:00+05:30,78.80000305175781,79.25,77.3499984741211,78.3499984741211,26944356,0.0,0.0,2024-01-31,81.90750045776367,3.5421631502438085,85.44966360800748,78.36533730751987,88.99182675825129,74.82317415727606,-41.7467304179153,14.634313452417889,1593918611,54904816.894593626,81855007.43923916,64.48613997760113,46.52327597823828,78.31666564941406,79.28333282470703,77.38333129882812,80.21666717529297,76.41666412353516,81.18333435058594,75.48332977294922,0.0806225509205269,-65.20146909145379,0.710341885885839,1.90616623635041,-1.195824350464571,49.42298002638316,29.58695616735691,77.61999969482422,81.90750045776367,73.58100028991699,66.02600006103516,GMRINFRA.NS,2025-02-11 10:50:06.344530
256,2024-01-30 00:00:00+05:30,78.8499984741211,81.69999694824219,78.1500015258789,78.80000305175781,37994594,0.0,0.0,2024-01-30,82.00750045776367,3.4638088857376528,85.47130934350132,78.54369157202602,88.93511822923898,75.07988268628836,-23.566743205657904,33.22242263103601,1620862967,77866685.66300996,88592555.07540055,64.40544882451096,53.348254703605235,79.5500005086263,80.94999949137369,77.40000406901041,83.09999593098958,76.00000508626302,84.49999491373697,73.85000864664713,0.056241138349433756,-64.50509190424981,0.8911811906289557,2.2051223239665525,-1.3139411333375968,50.50865903457232,31.753780552992037,77.05,82.00750045776367,73.166000289917,65.87200008392334,GMRINFRA.NS,2025-02-11 10:50:06.344530
257,2024-01-29 00:00:00+05:30,78.0999984741211,80.3499984741211,76.9000015258789,78.19999694824219,44502382,0.0,0.0,2024-01-29,82.09500045776367,3.4000356191661063,85.49503607692978,78.69496483859757,88.89507169609588,75.29492921943147,-55.26408905128755,24.57999018989035,1582868373,90509390.57311636,91274022.4284982,64.28633200738963,64.1724327865879,78.48333231608073,80.06666310628256,76.61666615804037,81.93332926432292,75.03333536783855,83.51666005452475,73.16666920979819,0.12696555724902944,-69.53643086782603,1.0648889225308693,2.5336076073009517,-1.4687186847700824,49.12499376155832,33.797052883945874,77.78999938964844,82.09500045776367,72.75000022888183,65.70150005340577,GMRINFRA.NS,2025-02-11 10:50:06.344530
258,2024-01-25 00:00:00+05:30,76.05000305175781,79.0999984741211,75.5,77.05000305175781,56040749,0.0,0.0,2024-01-25,82.00000076293945,3.5383243564422955,85.53832511938174,78.46167640649716,89.07664947582404,74.92335205005486,-99.84737387104451,14.62602060336759,1538365991,112300124.72807801,91465180.39234364,64.15015374547227,58.562513101969124,77.21666717529297,78.93333435058594,75.33333587646484,80.81666564941406,73.61666870117188,82.53333282470703,71.73333740234375,0.1634069317807603,-77.15228525652199,1.3302442876222642,2.9007872784934725,-1.5705429908712083,46.46099497539285,36.34469385336656,78.88999938964844,82.00000076293945,72.33100028991699,65.52200008392334,GMRINFRA.NS,2025-02-11 10:50:06.344530
259,2024-01-24 00:00:00+05:30,75.5,76.5999984741211,73.5999984741211,75.69999694824219,35773435,0.0,0.0,2024-01-24,81.81250076293945,3.8957426398997295,85.70824340283917,77.91675812303973,89.60398604273891,74.02101548313999,-197.21704023267316,-0.875888385789493,1482325242,70430399.65133968,86256444.30841005,63.98917909317199,60.71218422210234,75.2999979654948,76.9999974568685,73.9999974568685,78.2999979654948,72.2999979654948,79.9999974568685,70.9999974568685,0.16741363054641903,-86.09272393159414,1.7630813238305905,3.2934230262112743,-1.5303417023806838,43.220017234764484,38.65294833010122,80.15999908447266,81.81250076293945,71.94300025939941,65.36200004577637,GMRINFRA.NS,2025-02-11 10:50:06.344530
260,2024-01-23 00:00:00+05:30,82.5,83.0,74.25,75.5,43604317,0.0,0.0,2024-01-23,81.72500076293946,4.056590102678057,85.78159086561752,77.6684106602614,89.83818096829557,73.61182055758334,-260.72465921203025,23.675148874359177,1446551807,85620958.8602443,90212955.47267762,63.895143957782906,65.01351316876578,77.58333333333333,80.91666666666666,72.16666666666666,86.33333333333333,68.83333333333333,89.66666666666666,63.41666666666666,0.14708361850033735,-91.34947914191733,2.423485686082472,3.6760084518064446,-1.2525227657239726,42.74320838798993,40.185237145041526,81.88999938964844,81.72500076293946,71.55300033569335,65.21250007629395,GMRINFRA.NS,2025-02-11 10:50:06.344530
261,2024-01-19 00:00:00+05:30,83.0,84.55000305175781,81.8499984741211,82.5,38979778,0.0,0.0,2024-01-19,81.6825008392334,4.129046001689392,85.81154684092279,77.55345483754401,89.94059284261218,73.42440883585462,-112.01978082940887,72.97355909084557,1490156124,83636713.16489604,91360954.62578595,63.78043875269524,66.15133739724533,82.96666717529297,84.08333587646484,81.38333129882812,85.66667175292969,80.26666259765625,86.78334045410156,78.6833267211914,0.16608491762386957,-54.148459394952205,3.251980581351802,3.9891391432374377,-0.7371585618856358,58.78734016406155,42.016422540838334,83.43999938964843,81.6825008392334,71.17600036621094,65.07950008392334,GMRINFRA.NS,2025-02-11 10:50:06.344530
262,2024-01-18 00:00:00+05:30,83.3499984741211,84.4000015258789,80.1500015258789,83.69999694824219,23950513,0.0,0.0,2024-01-18,81.22750091552734,4.517348944165381,85.74484985969272,76.71015197136197,90.2621988038581,72.19280302719659,-145.05049732848008,73.68434523944377,1529135902,52136744.47936686,93292014.99100842,63.613559108466276,66.05758941578375,82.75,85.3499984741211,81.0999984741211,87.0,78.5,89.5999984741211,76.8499984741211,0.20588066385337928,-43.66813390956933,3.5740387339109816,4.173428783708847,-0.599390049797865,62.523183978150676,43.5586484533406,83.8,81.22750091552734,70.64600036621094,64.90350009918212,GMRINFRA.NS,2025-02-11 10:50:06.344530
263,2024-01-17 00:00:00+05:30,84.3499984741211,85.69999694824219,82.69999694824219,83.4000015258789,31240324,0.0,0.0,2024-01-17,80.60750122070313,4.986700063565954,85.59420128426908,75.62080115713718,90.58090134783504,70.63410109357122,-64.83612524769347,85.74887219614313,1505185389,67761847.01094317,103580832.6189188,63.50292947466368,71.09436061031361,83.93333180745442,85.16666666666666,82.16666666666666,86.93333180745442,80.93333180745442,88.16666666666666,79.16666666666666,0.1706283219847942,-40.769195556640625,3.814037142907438,4.323276296158313,-0.5092391532508751,61.96203588700879,45.270383852816316,84.12000122070313,80.60750122070313,70.1020004272461,64.65950012207031,GMRINFRA.NS,2025-02-11 10:50:06.344530
264,2024-01-16 00:00:00+05:30,83.6500015258789,86.5,82.5,84.3499984741211,41718790,0.0,0.0,2024-01-16,80.22250099182129,5.056509143566388,85.27901013538768,75.1659918482549,90.33551927895407,70.10948270468852,5.2492801052609455,92.88781180075196,1536425713,91520931.1577958,112535579.0209127,63.35895361334099,75.23369855797574,84.4499994913737,86.3999989827474,82.3999989827474,88.4499994913737,80.4499994913737,90.3999989827474,78.3999989827474,0.17854581130601999,-27.61903793092758,4.093064395371897,4.450586084471031,-0.3575216890991344,64.81576758310389,45.67245455763368,84.7000015258789,80.22250099182129,69.55500038146972,64.40400009155273,GMRINFRA.NS,2025-02-11 10:50:06.344530
265,2024-01-15 00:00:00+05:30,84.80000305175781,85.30000305175781,82.80000305175781,83.25,22379230,0.0,0.0,2024-01-15,79.92000122070313,4.976931258543422,84.89693247924654,74.94306996215971,89.87386373778997,69.96613870361628,-2.6957411865220444,90.77859337490395,1494706923,48454378.68744454,117789240.98669194,63.15413577191764,72.77420910513348,83.78333536783855,84.76666768391928,82.26666768391928,86.28333536783855,81.28333536783855,87.26666768391928,79.76666768391928,0.20383598566866346,-34.603155226934526,4.294727399527986,4.539966506745815,-0.24523910721782904,62.98270835773248,46.10545377820622,84.79000244140624,79.92000122070313,68.9880004119873,64.11450012207031,GMRINFRA.NS,2025-02-11 10:50:06.344530
266,2024-01-12 00:00:00+05:30,85.69999694824219,85.69999694824219,84.0999984741211,84.30000305175781,30674302,0.0,0.0,2024-01-12,79.63250122070312,4.940389071249729,84.57289029195285,74.6921121494534,89.51327936320257,69.75172307820367,40.780111479513074,100.61437467994651,1517086153,67252111.85698962,135122956.56150377,63.04839730985155,73.73054619364515,84.6999994913737,85.30000050862631,83.70000203450522,86.2999979654948,83.10000101725261,86.8999989827474,82.10000356038412,0.2313478543020367,-27.93646918402778,4.596178710640828,4.601276283550272,-0.005097572909443571,66.03196933983924,46.880150958543595,85.52000274658204,79.63250122070312,68.4080004119873,63.81500011444092,GMRINFRA.NS,2025-02-11 10:50:06.344530
267,2024-01-11 00:00:00+05:30,86.5999984741211,87.25,83.30000305175781,85.30000305175781,80080582,0.0,0.0,2024-01-11,79.27500114440917,4.842588176150455,84.11758932055963,74.43241296825872,88.96017749671009,69.58982479210826,65.9240399664849,108.78829508360407,1547760455,177656014.3939079,152090667.7376323,62.89401729334359,77.54719482872139,85.28333536783855,87.26666768391928,83.31667073567709,89.23333231608073,81.33333841959636,91.21666463216147,79.3666737874349,0.19547797762735653,-21.587262834821427,4.809079274913074,4.602550676777632,0.2065285981354421,68.98561094537776,46.95981498619919,85.44000244140625,79.27500114440917,67.81400032043457,63.50850009918213,GMRINFRA.NS,2025-02-11 10:50:06.344530
268,2024-01-10 00:00:00+05:30,85.25,87.0,84.55000305175781,86.30000305175781,39105541,0.0,0.0,2024-01-10,78.86750106811523,4.647899320540066,83.5154003886553,74.21960174757517,88.16329970919537,69.57170242703509,92.48581766433591,118.4833149778647,1627841037,87771345.66128525,145699331.0735634,62.46087419453999,84.49958477439242,85.9500020345052,87.3500010172526,84.90000406901041,88.39999898274739,83.50000508626302,89.79999796549478,82.45000712076822,0.2733435479681236,-12.565414074436534,4.910306826520525,4.5509185272437715,0.35938829927675364,71.97512996968234,47.045607015982135,85.27000122070312,78.86750106811523,67.20100028991699,63.18400005340576,GMRINFRA.NS,2025-02-11 10:50:06.344530
269,2024-01-09 00:00:00+05:30,87.5999984741211,88.25,84.0999984741211,84.80000305175781,48744140,0.0,0.0,2024-01-09,78.1450008392334,4.553885091405827,82.69888593063924,73.59111574782757,87.25277102204505,69.03723065642176,105.41005964325805,122.72246859994814,1588735496,107503332.60693826,160181327.42663294,62.2336847880373,81.09268320637926,85.71666717529297,87.33333587646484,83.18333435058594,89.86666870117188,81.56666564941406,91.48333740234375,79.03333282470703,0.23141595557305217,-20.418817843197957,4.867025330828213,4.461071452424584,0.4059538784036292,70.1748854271547,46.424576522047715,84.37000122070313,78.1450008392334,66.57200019836426,62.85000003814697,GMRINFRA.NS,2025-02-11 10:50:06.344530
270,2024-01-08 00:00:00+05:30,80.0,88.69999694824219,80.0,86.9000015258789,202570408,0.0,0.0,2024-01-08,77.56000061035157,4.402977510182501,81.96297812053406,73.15702310016907,86.36595563071657,68.75404558998656,113.15923521460752,125.6362102483377,1637479636,457824926.2680159,173350826.13155657,61.96239564556581,77.4330519747034,85.1999994913737,90.3999989827474,81.70000203450522,93.89999643961589,76.50000254313152,99.09999593098959,73.00000508626303,0.29914148920830425,-9.424060555827399,4.885596365421748,4.359582982823676,0.5260133825980713,76.56906119736408,45.7557744516568,83.33000030517579,77.56000061035157,65.94600013732911,62.544500007629395,GMRINFRA.NS,2025-02-11 10:50:06.344530
271,2024-01-05 00:00:00+05:30,84.80000305175781,85.25,81.9000015258789,83.9000015258789,40706295,0.0,0.0,2024-01-05,76.66000061035156,4.2295823807116415,80.88958299106321,72.43041822963991,85.11916537177484,68.20083584892828,105.67558666010433,121.77919434336938,1434909228,88823358.77362892,102232301.0974417,60.65098618962638,68.43975762356838,83.68333435058594,85.46666717529297,82.11666870117188,87.03333282470703,80.33333587646484,88.81666564941406,78.76667022705078,0.40452408114241195,-8.626187491986698,4.628530698390605,4.228079637174158,0.40045106121644736,73.3475700232531,45.03552606815889,82.01999969482422,76.66000061035156,65.28900009155274,62.208999977111816,GMRINFRA.NS,2025-02-11 10:50:06.344530
272,2024-01-04 00:00:00+05:30,82.19999694824219,84.94999694824219,81.75,84.44999694824219,91736436,0.0,0.0,2024-01-04,75.5500005722046,5.060892139333109,80.6108927115377,70.48910843287149,85.67178485087081,65.42821629353838,125.00843170799317,129.91447901928512,1475615523,201486127.08766967,105584536.67839488,60.40268003423888,67.6959175662534,83.71666463216145,85.68332926432291,82.48333231608072,86.91666158040364,80.51666768391927,88.8833262125651,79.28333536783853,0.3999375594612371,-3.257329314025413,4.5247340383523635,4.127966871870046,0.39676716648231736,75.1054758662291,44.82434328453829,81.35,75.5500005722046,64.69700004577636,61.89299995422363,GMRINFRA.NS,2025-02-11 10:50:06.344530
273,2024-01-03 00:00:00+05:30,79.94999694824219,83.0,78.8499984741211,81.80000305175781,36193954,0.0,0.0,2024-01-03,74.39500064849854,5.536432364895493,79.93143301339403,68.85856828360305,85.46786537828953,63.32213591870755,108.30284891003781,119.28908624552759,1383879087,77000402.8324717,81609139.07607618,59.80960335052932,68.11272558807102,81.21666717529297,83.58333587646484,79.43333435058594,85.36666870117188,77.06666564941406,87.73333740234375,75.28333282470703,0.37416630043358357,-8.955200086542376,4.269120067792599,4.028775080249466,0.24034498754313294,72.1154725549022,44.650656119510984,79.72000122070312,74.39500064849854,64.1260001373291,61.56949996948242,GMRINFRA.NS,2025-02-11 10:50:06.344530
274,2024-01-02 00:00:00+05:30,80.75,80.75,77.25,79.5999984741211,28625842,0.0,0.0,2024-01-02,73.4100004196167,5.890751413725674,79.30075183334236,67.51924900589103,85.19150324706804,61.628497592165346,89.68208527849912,111.1828290189046,1347685133,59261818.83763984,82761323.13697729,59.59352157390115,73.16919296443079,79.1999994913737,81.1499989827474,77.6499989827474,82.6999994913737,75.6999994913737,84.6499989827474,74.1499989827474,0.3597807630376802,-21.25987090107923,4.138157336687371,3.968688833363683,0.1694685033236878,69.27023015937019,44.82117973067588,78.02000122070312,73.4100004196167,63.623000106811524,61.267499923706055,GMRINFRA.NS,2025-02-11 10:50:06.344530
275,2024-01-01 00:00:00+05:30,80.9000015258789,82.30000305175781,79.8499984741211,80.3499984741211,37830090,0.0,0.0,2024-01-01,72.54500045776368,6.196219746661442,78.74122020442512,66.34878071110224,84.93743995108656,60.152560964440795,152.50075345828787,132.86860993916488,1376310975,79054554.31630754,88636199.21181165,59.43682258394154,78.59134760922441,80.83333333333333,81.81666819254556,79.36666361490884,83.28333791097005,78.38332875569661,84.26667277018228,76.91665903727213,0.3535434398107051,-15.35436121866017,4.12445311910497,3.926321707532761,0.19813141157220926,71.58238021983618,45.46488702259577,76.89000091552734,72.54500045776368,63.187000122070316,60.98599994659424,GMRINFRA.NS,2025-02-11 10:50:06.344530
276,2023-12-29 00:00:00+05:30,76.30000305175781,81.5,75.69999694824219,80.55000305175781,78284106,0.0,0.0,2023-12-29,71.57250061035157,6.4287288211153735,78.00122943146694,65.1437717892362,84.42995825258231,58.71504296812082,143.2670070259893,129.82894793804206,1414141065,163999606.0359522,91031610.43568768,59.21809003950382,81.87328405195547,79.25,82.80000305175781,77.0,85.05000305175781,73.44999694824219,88.60000610351562,71.19999694824219,0.37816779934127814,-7.949767287446291,3.9705522175168113,3.8767888546397082,0.09376336287710307,72.1789538021765,44.84114039318837,75.7500015258789,71.57250061035157,62.75300018310547,60.691999969482424,GMRINFRA.NS,2025-02-11 10:50:06.344530
277,2023-12-28 00:00:00+05:30,73.69999694824219,77.0999984741211,72.94999694824219,76.30000305175781,44621995,0.0,0.0,2023-12-28,70.5350004196167,6.576315703606535,77.11131612322323,63.95868471601016,83.68763182682976,57.38236901240362,5.179467668572303,106.10101980370344,1335856959,88547679.76902479,72789611.53562154,58.74617659156347,87.45235510548022,75.4499994913737,77.95000203450522,73.80000050862631,79.60000101725261,71.2999979654948,82.10000356038412,69.6499989827474,0.3499502693277307,-15.421672039721386,3.6936551242387026,3.8533480139204324,-0.1596928896817298,66.70334006642989,44.30219745953487,74.32000122070312,70.5350004196167,62.31700012207031,60.39749992370606,GMRINFRA.NS,2025-02-11 10:50:06.344530
278,2023-12-27 00:00:00+05:30,74.1500015258789,75.0,73.0999984741211,73.30000305175781,13530197,0.0,0.0,2023-12-27,69.73500022888183,6.807235408358374,76.54223563724021,62.92776482052346,83.34947104559858,56.120529412165084,-65.29353605265663,98.99752321747161,1291234964,25793588.080934677,68850094.47727072,58.52199965969759,87.18286298318934,73.8000005086263,74.5000025431315,72.6000010172526,75.7000020345052,71.89999898274739,76.40000406901041,70.69999949137369,0.2989356997059773,-29.87950336502259,3.7017390711138773,3.8932712363408646,-0.19153216522698724,61.77169215960739,44.5900246021825,73.32000122070312,69.73500022888183,61.977000045776364,60.14899990081787,GMRINFRA.NS,2025-02-11 10:50:06.344530
279,2023-12-26 00:00:00+05:30,75.05000305175781,75.5999984741211,73.6500015258789,73.94999694824219,13691736,0.0,0.0,2023-12-26,69.08250007629394,7.067983704980705,76.15048378127464,62.014516371313235,83.21846748625535,54.94653266633253,-30.815038476497087,113.00737593263186,1304765161,26332999.098196454,79614221.07635473,58.4645516452914,87.7142776036965,74.39999898274739,75.14999643961588,73.19999949137369,76.34999593098958,72.4500020345052,77.09999338785806,71.2500025431315,0.2960272732612843,-26.747002659073797,3.951456562626575,3.9411542776476116,0.01030228497896335,63.668950640355035,45.43002815284691,73.8,69.08250007629394,61.691999969482424,59.9314998626709,GMRINFRA.NS,2025-02-11 10:50:06.344530
280,2023-12-22 00:00:00+05:30,75.30000305175781,77.80000305175781,73.69999694824219,74.6500015258789,27907280,0.0,0.0,2023-12-22,68.40250015258789,7.227460571475054,75.62996072406294,61.175039581112834,82.857421295538,53.947579009637785,12.543008609030315,133.44779112573224,1318456897,54181494.23266398,92934526.57089429,58.40339422497678,89.05012987750585,75.38333384195964,77.06667073567709,72.96666463216147,79.48333994547527,71.28332773844402,81.16667683919272,68.86665852864584,0.31325617987768173,-23.37348662227033,4.147285519339405,3.9385787064028706,0.2087068129365348,65.68644707649031,46.03635317155303,74.67000122070313,68.40250015258789,61.39900001525879,59.69649990081787,GMRINFRA.NS,2025-02-11 10:50:06.344530
281,2023-12-21 00:00:00+05:30,70.9000015258789,74.05000305175781,69.5999984741211,73.4000015258789,20851861,0.0,0.0,2023-12-21,67.525,7.489651387990528,75.01465138799054,60.03534861200948,82.50430277598106,52.54569722401895,-40.04656151424024,113.68126526137506,1290549617,39805633.26002929,102622784.65545186,58.27155116884422,89.05985179537167,72.35000101725261,75.10000356038412,70.6499989827474,76.80000559488933,67.89999643961589,79.55000813802084,66.19999440511069,0.3278679446735263,-29.3975830078125,4.266228421888755,3.8864020031687367,0.3798264187200182,63.783536345393834,46.66334631332554,75.24000091552735,67.525,61.08699996948242,59.44199989318847,GMRINFRA.NS,2025-02-11 10:50:06.344530
282,2023-12-20 00:00:00+05:30,76.3499984741211,77.0,70.5,71.30000305175781,23442670,0.0,0.0,2023-12-20,66.72249984741211,7.684357191838453,74.40685703925057,59.03814265557366,82.09121423108901,51.35378546373521,-1.5054624072645708,129.89066796294688,1269697756,43471063.96295348,118327072.5043075,58.17926052287762,90.80938633237457,72.93333435058594,75.36666870117188,68.86666870117188,79.43333435058594,66.43333435058594,81.86666870117188,62.366668701171875,0.3208458533671324,-39.51805758189006,4.476977616487716,3.7914453984887317,0.685532217998984,60.35364302749534,48.32392937167461,75.99000091552735,66.72249984741211,60.77399993896484,59.19249988555908,GMRINFRA.NS,2025-02-11 10:50:06.344530
283,2023-12-19 00:00:00+05:30,78.3499984741211,79.5,74.6500015258789,75.69999694824219,19698623,0.0,0.0,2023-12-19,66.03499965667724,7.866202404823345,73.90120206150058,58.168797251853896,81.76740446632394,50.302594847030555,60.24967716200262,186.25655206621963,1293140426,38782462.19495196,137041074.639646,58.088651227679726,91.42442081453662,76.61666615804036,78.58333079020181,73.73333231608072,81.46666463216145,71.76666768391927,83.43332926432291,68.88333384195963,0.3389032298383772,-18.31326771931476,4.885785486319691,3.6200623439889856,1.265723142330705,73.98607185257103,49.64876543751202,77.16000061035156,66.03499965667724,60.57999984741211,58.961999855041505,GMRINFRA.NS,2025-02-11 10:50:06.344530
284,2023-12-18 00:00:00+05:30,77.5,78.55000305175781,76.0,78.30000305175781,20331390,0.0,0.0,2023-12-18,65.1349998474121,7.730750988162147,72.86575083557425,57.404248859249954,80.5965018237364,49.67349787108781,79.54462366870757,222.9881269676653,1312839049,41403065.47356167,161605727.7508195,57.98585831488098,93.37782978352176,77.61666870117188,79.23333740234375,76.68333435058594,80.16667175292969,75.06666564941406,81.78334045410156,74.13333129882812,0.3479519134426023,-2.977659695710236,4.9018236558247565,3.303631558406309,1.5981920974184476,84.45304335223746,48.45483991727841,76.39000091552734,65.1349998474121,60.253999938964846,58.66999988555908,GMRINFRA.NS,2025-02-11 10:50:06.344530
285,2023-12-15 00:00:00+05:30,77.69999694824219,78.19999694824219,76.05000305175781,77.5,49693156,0.0,0.0,2023-12-15,64.15499973297119,7.197988042498504,71.3529877754697,56.95701169047269,78.5509758179682,49.75902364797418,90.9256665218786,250.91349455074115,1292507659,100161755.87991273,191656393.32013392,57.86273945673727,93.3692831302737,77.25,78.44999694824219,76.30000305175781,79.39999389648438,75.10000610351562,80.59999084472656,74.15000915527344,0.33893217746246646,-6.9478978653220755,4.592026110286909,2.9040835340516966,1.6879425762352125,83.79815463191704,46.086791946995554,75.35,64.15499973297119,59.861999893188475,58.3289998626709,GMRINFRA.NS,2025-02-11 10:50:06.344530
286,2023-12-14 00:00:00+05:30,77.8499984741211,78.9000015258789,76.4000015258789,77.1500015258789,105827318,0.0,0.0,2023-12-14,63.15999965667724,6.607364757279743,69.76736441395698,56.5526348993975,76.37472917123674,49.94527014211776,118.19659735802733,297.57030556188363,1242814503,212342719.97854444,214530052.68018922,57.567470382049486,97.94064946748802,77.48333485921223,78.56666819254556,76.06666819254556,79.98333485921223,74.98333485921223,81.06666819254556,73.56666819254556,0.33506907769531286,-8.009152479107769,4.204603400107985,2.4820978899928936,1.722505510115091,83.51607209346828,43.57002171434468,73.63000030517578,63.15999965667724,59.50099990844726,57.99749984741211,GMRINFRA.NS,2025-02-11 10:50:06.344530
287,2023-12-13 00:00:00+05:30,72.0999984741211,78.0999984741211,71.8499984741211,77.1500015258789,139161372,0.0,0.0,2023-12-13,62.202499580383304,5.813131359773639,68.01563094015694,56.38936822060967,73.82876229993059,50.576236860836026,139.5343342144604,324.1049895543895,1348641821,279227564.34615546,215076885.85560042,56.91966989038617,97.71429208679939,75.6999994913737,79.55000050862631,73.30000050862631,81.9499994913737,69.4499994913737,85.80000050862631,67.05000050862631,0.4048831252251874,-4.502355530534032,3.6793483648285914,2.0514715124641207,1.6278768523644707,83.51607209346828,40.58695853228089,70.5400001525879,62.202499580383304,59.1489998626709,57.67349983215332,GMRINFRA.NS,2025-02-11 10:50:06.344530
288,2023-12-12 00:00:00+05:30,73.5,74.30000305175781,71.0,71.8499984741211,52604713,0.0,0.0,2023-12-12,61.207499504089355,4.720372211909013,65.92787171599836,56.48712729218034,70.64824392790739,51.76675508027133,149.33260710452734,316.212132934013,1209480449,98300350.42352048,199039216.23296162,55.999619585113614,96.71980540910658,72.38333384195964,73.76666768391928,70.46666463216147,75.68333689371745,69.08333079020183,77.06667073567709,67.16666158040366,0.35965165234043767,-14.166683620876736,2.9511150489810376,1.644502299373003,1.3066127496080346,78.66637179594596,37.43407185941928,67.37999954223633,61.207499504089355,58.764999847412106,57.34749980926514,GMRINFRA.NS,2025-02-11 10:50:06.344530
289,2023-12-11 00:00:00+05:30,71.44999694824219,74.4000015258789,69.55000305175781,73.0999984741211,165979376,0.0,0.0,2023-12-11,60.49749965667725,4.056621451610305,64.55412110828756,56.440878205066944,68.61074255989786,52.38425675345664,250.26398246012917,374.6022396986407,1262085162,315555055.69794977,224223932.6853219,55.72236082125768,96.1687957527436,72.35000101725261,75.1499989827474,70.30000050862631,77.1999994913737,67.50000254313152,79.9999974568685,65.45000203450522,0.4083063305996177,-7.222239176432292,2.4960118610769015,1.317849111970994,1.1781627491059075,84.0841042783652,34.37927639695405,65.42999954223633,60.49749965667725,58.507999877929684,57.07949981689453,GMRINFRA.NS,2025-02-11 10:50:06.344530
290,2023-12-08 00:00:00+05:30,59.849998474121094,70.4000015258789,58.75,68.9000015258789,487219557,0.0,0.0,2023-12-08,59.652499771118165,2.884006703015603,62.536506474133766,56.768493068102565,65.42051317714937,53.88448636508696,232.67805869547243,252.4402722539794,1096105786,873067036.5316191,201391151.9321649,54.707229513614244,94.27483338664749,66.01666768391927,73.28333536783853,61.633333841959626,77.66666920979817,54.36666615804036,84.93333689371744,49.98333231608072,0.3912544297307634,-10.714285714285714,1.7524174483651436,1.0233084246945172,0.7291090236706264,79.72823812534827,31.089496668145333,63.26999969482422,59.652499771118165,58.221999893188475,56.79649982452393,GMRINFRA.NS,2025-02-11 10:50:06.344530
291,2023-12-07 00:00:00+05:30,61.54999923706055,63.25,60.650001525878906,61.70000076293945,25752912,0.0,0.0,2023-12-07,59.03999977111816,1.9738818367836215,61.01388160790178,57.06611793433454,62.987763444685406,55.092236097550916,70.09585411891047,140.35470652794595,608886229,41325218.68710722,33472180.782301344,51.76982377355003,82.8909505115809,61.86666742960612,63.08333333333333,60.483334859212235,64.4666659037272,59.266668955485024,65.68333180745442,57.88333638509114,-0.19195359626507671,-29.333343505859375,1.1874755520176379,0.8410311687768607,0.3464443832407772,64.07917984527342,28.037085291351385,61.66999969482422,59.03999977111816,58.0139998626709,56.54949981689453,GMRINFRA.NS,2025-02-11 10:50:06.344530
292,2023-12-06 00:00:00+05:30,62.400001525878906,62.70000076293945,61.20000076293945,61.349998474121094,8068930,0.0,0.0,2023-12-06,58.75499973297119,1.9810878657303157,60.73608759870151,56.77391186724088,62.717175464431826,54.79282400151056,71.91889234172483,145.1033685976108,583133317,12874612.05111158,31508921.30609987,51.65999086489946,79.728664765602,61.75,62.29999923706055,60.79999923706055,63.25,60.25,63.79999923706055,59.29999923706055,-0.18991461334612983,-34.000040690104164,1.1552776605892348,0.7544200729666664,0.4008575876225684,62.7823081485391,26.688808762579136,61.289999389648436,58.75499973297119,57.95099983215332,56.38699981689453,GMRINFRA.NS,2025-02-11 10:50:06.344530
293,2023-12-05 00:00:00+05:30,62.54999923706055,63.900001525878906,61.099998474121094,62.099998474121094,27713959,0.0,0.0,2023-12-05,58.51249980926514,1.94319805004555,60.45569785931069,56.569301759219584,62.398895909356234,54.62610370917404,109.64148235610087,170.1159844995661,591202247,44760384.32932097,36167498.61984694,51.62629342739243,82.88540505999192,62.36666615804037,63.63333384195964,60.83333079020183,65.16666920979819,59.566663106282554,66.43333689371745,58.033327738444015,-0.16810303740170598,-24.000040690104168,1.1310203180290799,0.6542056760610243,0.47681464196805556,67.64160231359983,25.23681865467056,61.07999954223633,58.51249980926514,57.9039998626709,56.21949981689453,GMRINFRA.NS,2025-02-11 10:50:06.344530
294,2023-12-04 00:00:00+05:30,61.79999923706055,63.0,61.45000076293945,62.29999923706055,34976851,0.0,0.0,2023-12-04,58.20999984741211,1.8224909563223548,60.03249080373446,56.38750889108975,61.854981760056816,54.5650179347674,128.66815826193942,175.37337820057414,618916206,56672503.18275921,34019277.19247843,51.499681614307356,80.82073940814232,62.25,63.04999923706055,61.5,63.79999923706055,60.70000076293945,64.5999984741211,59.95000076293945,-0.163529985212992,-10.606074617807705,1.0089632609932906,0.5350020155690104,0.4739612454242802,68.96331820251186,23.673136999999787,60.70999984741211,58.20999984741211,57.85699989318848,56.04249984741211,GMRINFRA.NS,2025-02-11 10:50:06.344530
295,2023-12-01 00:00:00+05:30,60.20000076293945,61.349998474121094,60.20000076293945,60.900001525878906,14246978,0.0,0.0,2023-12-01,57.89499988555908,1.6104837003137225,59.5054835858728,56.28451618524536,61.115967286186525,54.67403248493164,93.33333599281697,130.01263265128662,583939355,22565434.713214632,28355970.69490823,51.33235329558084,78.61861670422101,60.81666692097982,61.43333307902019,60.283335367838546,61.96666463216146,59.66666920979818,62.58333079020183,59.133337656656906,-0.19338848338581083,-16.12903027331072,0.817708874029293,0.41651170421294026,0.4011971698163528,64.44784211528636,22.387735859218395,60.31999969482422,57.89499988555908,57.80799987792969,55.870999870300295,GMRINFRA.NS,2025-02-11 10:50:06.344530
296,2023-11-30 00:00:00+05:30,60.45000076293945,61.04999923706055,59.20000076293945,59.79999923706055,19272526,0.0,0.0,2023-11-30,57.562499809265134,1.6435577667980024,59.20605757606314,55.91894204246713,60.84961534286114,54.275384275669126,73.9781027187785,101.61111816941465,569692377,29973914.622313324,29803604.690331627,51.271591648741975,75.42886026362228,60.016666412353516,60.83333206176758,58.983333587646484,61.86666488647461,58.16666793823242,62.68333053588867,57.13333511352539,-0.23014338099403236,-33.87100049037312,0.6983343369110031,0.316212411758852,0.3821219251521511,60.2259400681934,21.890239170414098,59.55999908447266,57.562499809265134,57.802999877929686,55.7089998626709,GMRINFRA.NS,2025-02-11 10:50:06.344530
297,2023-11-29 00:00:00+05:30,60.54999923706055,61.5,60.20000076293945,60.29999923706055,46270600,0.0,0.0,2023-11-29,57.302499771118164,1.6818281187266926,58.984327889844856,55.62067165239147,60.66615600857155,53.93884353366478,137.8204858593112,130.27215687757294,588964903,72564813.76686019,29761027.207336202,51.1976898032514,84.98475679889609,60.666666666666664,61.133332570393875,59.83333333333333,61.96666590372721,59.36666742960612,62.43333180745442,58.53333409627278,-0.23251610695331834,-25.80648535371776,0.6432514907581677,0.2206819304708142,0.4225695602873535,63.4039183186671,21.53916989438048,59.06999893188477,57.302499771118164,57.8289998626709,55.5489998626709,GMRINFRA.NS,2025-02-11 10:50:06.344530
298,2023-11-28 00:00:00+05:30,61.650001525878906,61.900001525878906,59.650001525878906,60.25,24275975,0.0,0.0,2023-11-28,57.01999988555908,1.6254066824500144,58.64540656800909,55.39459320310907,60.270813250459106,53.769186520659055,200.11128239668395,134.19329961074337,542694303,38039726.00072801,19060080.567455202,51.004298945476464,77.10114015942544,60.6000010172526,61.5500005086263,59.3000005086263,62.8500010172526,58.3500010172526,63.8000005086263,57.0500005086263,-0.034163874644721585,-25.7812676951247,0.5137400969600989,0.11503954039897579,0.39870055656112313,63.223720119901,20.026453283498007,58.519998931884764,57.01999988555908,57.8339998626709,55.3814998626709,GMRINFRA.NS,2025-02-11 10:50:06.344530
299,2023-11-24 00:00:00+05:30,57.25,60.900001525878906,57.04999923706055,60.349998474121094,22678150,0.0,0.0,2023-11-24,56.749999809265134,1.5046418588748662,58.25464166814,55.245357950390265,59.759283527014865,53.7407160915154,219.11409002382862,88.46139658814093,566970278,35594962.04783064,14315169.209137002,50.90007584640788,72.13413942038189,59.43333307902018,61.81666692097981,57.966664632161454,63.28333536783854,55.58333079020182,65.66666920979817,54.116662343343094,0.06732722238414948,-10.185238821174107,0.3450664934448966,0.015364401258695003,0.3297020921862016,63.807206741312775,18.39737385639381,58.00999908447265,56.749999809265134,57.8189998626709,55.2164998626709,GMRINFRA.NS,2025-02-11 10:50:06.344530
300,2023-11-23 00:00:00+05:30,57.54999923706055,57.849998474121094,57.0,57.099998474121094,4213485,0.0,0.0,2023-11-23,56.40749988555908,1.4192544329696393,57.82675431852872,54.988245452589446,59.246008751498366,53.5689910196198,-39.78511361746157,-3.156272881139231,544292128,6257216.704729637,8995220.999463592,50.799502944055185,65.7714261240582,57.31666564941406,57.633331298828125,56.78333282470703,58.166664123535156,56.46666717529297,58.48332977294922,55.93333435058594,-0.03588395399464783,-60.000038146972656,0.11403655295600146,-0.0670611217878554,0.18109767474385685,49.83565337346235,17.148731647403743,57.67999954223633,56.40749988555908,57.8989998626709,55.04999988555908,GMRINFRA.NS,2025-02-11 10:50:06.344530
301,2023-11-22 00:00:00+05:30,57.650001525878906,58.04999923706055,56.400001525878906,57.349998474121094,6761170,0.0,0.0,2023-11-22,56.25499992370605,1.5023579713900022,57.75735789509606,54.75264195231605,59.259715866486054,53.25028398092605,-29.56996552312229,-6.436827198998925,548505613,10084605.500372687,9679722.07314708,50.78701988930478,65.68850515773525,57.266666412353516,58.133331298828125,56.483333587646484,58.916664123535156,55.616668701171875,59.783329010009766,54.833335876464844,-0.016930657929779304,-43.000030517578125,0.1365961510731566,-0.1123355404738196,0.2489316915469762,51.24876998840337,18.13469870244907,57.779999542236325,56.25499992370605,58.03299987792969,54.90499988555908,GMRINFRA.NS,2025-02-11 10:50:06.344530
302,2023-11-21 00:00:00+05:30,58.0,58.25,57.150001525878906,57.54999923706055,3556117,0.0,0.0,2023-11-21,56.10249996185303,1.5396922300431957,57.64219219189622,54.56280773180983,59.181884421939415,53.02311550176664,29.835403866952802,9.12871995683727,555266783,5322614.475320297,9578501.216340678,50.76608790046259,69.27999490864723,57.65000025431315,58.14999898274739,57.0500005086263,58.74999872843424,56.550001780192055,59.249997456868485,55.950002034505204,-0.06580298899193589,-36.11111503569567,0.1387884221311424,-0.17456846336056364,0.31335688549170604,52.351508002520625,19.19650937711327,57.90999984741211,56.10249996185303,58.147999877929685,54.759499893188476,GMRINFRA.NS,2025-02-11 10:50:06.344530
303,2023-11-20 00:00:00+05:30,59.0,59.0,57.25,57.70000076293945,7744798,0.0,0.0,2023-11-20,56.02000007629395,1.5017887219886334,57.52178879828258,54.518211354305315,59.02357752027121,53.01642263231668,69.67985373784538,21.34212505115557,558822900,11622232.55245129,10642472.901595771,50.754688736544,74.34929113529314,57.983333587646484,58.71666717529297,56.96666717529297,59.733333587646484,56.233333587646484,60.46666717529297,55.21666717529297,-0.048726242161910294,-33.333309785826,0.11979529369420305,-0.2529076847334901,0.3727029784276932,53.14794598692299,19.46535880675472,57.85,56.02000007629395,58.253999862670895,54.60749988555908,GMRINFRA.NS,2025-02-11 10:50:06.344530
304,2023-11-17 00:00:00+05:30,57.849998474121094,59.5,57.5,58.70000076293945,14167071,0.0,0.0,2023-11-17,55.96750011444092,1.4576728487163362,57.42517296315725,54.50982726572458,58.88284581187359,53.052154417008246,136.69724256921558,43.33694182012157,566567698,21628272.09382458,10397532.988881892,50.72917871145973,83.62148804573278,58.56666692097982,59.63333384195964,57.63333384195964,60.56666692097982,56.56666692097982,61.63333384195964,55.63333384195964,-0.016271023046197867,-14.678883028799211,0.07889037604528681,-0.3460834293404134,0.42497380538570023,58.673682500644425,19.63315804940577,57.84000015258789,55.96750011444092,58.37799987792969,54.454499893188476,GMRINFRA.NS,2025-02-11 10:50:06.344530
305,2023-11-16 00:00:00+05:30,58.20000076293945,58.349998474121094,57.5,57.599998474121094,3804394,0.0,0.0,2023-11-16,55.92250003814697,1.3807394214092747,57.303239459556245,54.5417606167377,58.68397888096552,53.16102119532842,103.9352940181684,10.29145590209785,552400627,5699169.9414001,7589848.212646219,50.67526242404521,81.00283707521687,57.81666564941406,58.133331298828125,57.28333282470703,58.666664123535156,56.96666717529297,58.98332977294922,56.43333435058594,-0.06955737472897079,-19.318227137400147,-0.07316047118772673,-0.45232688068683846,0.37916640949911173,53.76351256635394,19.518011988794964,57.34000015258789,55.92250003814697,58.47099983215332,54.29149990081787,GMRINFRA.NS,2025-02-11 10:50:06.344530
306,2023-11-15 00:00:00+05:30,57.54999923706055,58.45000076293945,57.150001525878906,58.0,4153475,0.0,0.0,2023-11-15,55.97500019073486,1.4652559267974852,57.44025611753234,54.50974426393738,58.90551204432983,53.04448833713989,139.99998346965418,8.926891488153128,556205021,6265319.771649944,8062517.780457749,50.662661131405926,77.39563286248628,57.86666742960612,58.58333333333333,57.28333409627278,59.166666666666664,56.56666819254557,59.883332570393875,55.983334859212235,-0.06088191185179867,-6.976755189318376,-0.15838958092534483,-0.5471184830616164,0.38872890213627154,56.010614508224975,20.382245014976075,57.150000762939456,55.97500019073486,58.577999877929685,54.14899990081787,GMRINFRA.NS,2025-02-11 10:50:06.344530
307,2023-11-13 00:00:00+05:30,58.29999923706055,58.29999923706055,57.0,57.25,3608807,0.0,0.0,2023-11-13,56.01250019073486,1.5280603185116002,57.54056050924646,54.48443987222326,59.06862082775806,52.95637955371166,128.58503060582763,-7.5826327196733665,552051546,5373321.109245288,8511817.2826597,50.64805483043203,71.05386118063662,57.516666412353516,58.03333282470703,56.733333587646484,58.81666564941406,56.21666717529297,59.33333206176758,55.43333435058594,-0.09488844041252463,-17.968769557769406,-0.30450291592710244,-0.6443007085956842,0.3397977926685818,52.558286126518176,21.31295750470958,56.75000076293945,56.01250019073486,58.65299987792969,53.999999885559085,GMRINFRA.NS,2025-02-11 10:50:06.344530
308,2023-11-10 00:00:00+05:30,56.5,58.400001525878906,55.70000076293945,57.650001525878906,15351937,0.0,0.0,2023-11-10,56.11500015258789,1.6769414163142256,57.79194156890212,54.43805873627366,59.46888298521634,52.76111731995944,123.86165634602422,-19.49663228933108,555660353,23017923.89893146,9296441.326013302,50.636616109699055,63.81120649004001,57.25000127156576,58.80000178019206,56.10000101725261,59.95000203450521,54.550000508626304,61.500002543131515,53.400000254313156,-0.08580059125708789,-11.718747206032942,-0.4130949445895453,-0.7292501567628297,0.31615521217328435,54.68366246834882,22.446924258367783,56.60000076293945,56.11500015258789,58.71299987792969,53.85299987792969,GMRINFRA.NS,2025-02-11 10:50:06.344530
309,2023-11-09 00:00:00+05:30,56.900001525878906,56.900001525878906,56.099998474121094,56.20000076293945,3474550,0.0,0.0,2023-11-09,56.185000038146974,1.7709722053679946,57.95597224351497,54.41402783277898,59.72694444888296,52.64305562741099,70.61889338829855,-53.069769391161685,540308416,5078535.988979344,5866070.682783763,50.584539145967256,47.45465981892481,56.40000025431315,56.700002034505204,55.89999898274739,57.20000330607096,55.599997202555336,57.500005086263016,55.09999593098958,-0.20066769753799796,-17.64701922458401,-0.5852607233107676,-0.8082889598061507,0.22302823649538306,47.54332508032721,23.66811922384585,56.28000030517578,56.185000038146974,58.78099983215332,53.70749984741211,GMRINFRA.NS,2025-02-11 10:50:06.344530
310,2023-11-08 00:00:00+05:30,56.04999923706055,57.0,56.0,56.650001525878906,3951807,0.0,0.0,2023-11-08,56.339999961853025,1.9030861909297674,58.243086152782794,54.436913770923255,60.14617234371256,52.53382757999349,92.48917665579789,-52.919224625107184,543782966,5822363.280568745,6062954.356234867,50.57508615442068,45.69640622758599,56.550000508626304,57.10000101725261,56.10000101725261,57.550000508626304,55.550000508626304,58.10000101725261,55.10000101725261,-0.21063942627267718,-13.08405883904825,-0.6540143993641863,-0.8640460189299963,0.21003161956581007,49.804817363884894,24.616062823649855,56.24000015258789,56.339999961853025,58.87199981689453,53.57799983978271,GMRINFRA.NS,2025-02-11 10:50:06.344530
311,2023-11-07 00:00:00+05:30,56.349998474121094,56.5,55.5,56.0,2832431,0.0,0.0,2023-11-07,56.45999984741211,1.9970109190235554,58.45701076643566,54.462988928388555,60.45402168545922,52.465978009364996,73.97005379294092,-76.31755041974824,539831159,4125257.0312790284,6123102.125151397,50.56343273166107,39.53980925216487,56.0,56.5,55.5,57.0,55.0,57.5,54.5,-0.19125364923010912,-42.44604948347907,-0.7764488870347321,-0.9165539238214488,0.1401050367867167,46.38411576694479,25.63692516190032,55.75999984741211,56.45999984741211,58.98299980163574,53.44349983215332,GMRINFRA.NS,2025-02-11 10:50:06.344530
312,2023-11-06 00:00:00+05:30,56.5,57.0,55.95000076293945,56.5,3777488,0.0,0.0,2023-11-06,56.54749984741211,2.014060772842354,58.56156062025447,54.533439074569756,60.57562139309682,52.51937830172741,141.5737764858076,-65.39107439932675,542663590,5550795.000392184,6622563.398619488,50.55594760456746,38.99651700737797,56.483333587646484,57.016666412353516,55.96666717529297,57.53333282470703,55.43333435058594,58.06666564941406,54.91666793823242,-0.26667440758390526,-38.775497493717424,-0.8574224537455493,-0.951580183018128,0.0941577292725787,48.75749133991758,26.23671283556564,55.47999954223633,56.54749984741211,59.16099983215332,53.30399982452393,GMRINFRA.NS,2025-02-11 10:50:06.344530
313,2023-11-03 00:00:00+05:30,56.29999923706055,57.099998474121094,55.79999923706055,56.04999923706055,4793564,0.0,0.0,2023-11-03,56.802499771118164,2.3089911450781244,59.11149091619629,54.49350862604004,61.42048206127441,52.184517480961915,149.63106647920958,-75.45477680554966,538886102,6987756.910573874,6890505.498176313,50.545013103346506,33.56690022741283,56.31666564941406,56.83333206176758,55.53333282470703,57.61666488647461,55.016666412353516,58.133331298828125,54.233333587646484,-0.1643465168398354,-45.270291865520605,-0.9973443315231023,-0.9751196153362726,-0.02222471618682975,46.46838835867593,27.20651460175304,55.10999984741211,56.802499771118164,59.21699981689453,53.162499809265135,GMRINFRA.NS,2025-02-11 10:50:06.344530
314,2023-11-02 00:00:00+05:30,55.0,56.5,54.5,56.0,4133434,0.0,0.0,2023-11-02,56.96999988555908,2.3721741592938512,59.34217404485293,54.597825726265235,61.71434820414679,52.22565156697138,72.72126511522875,-101.6535896474124,534092538,6020085.8103261115,6866192.645076923,50.53213229825706,34.0792648842981,55.666666666666664,56.83333333333333,54.83333333333333,57.666666666666664,53.666666666666664,58.83333333333333,52.83333333333333,-0.14720862209578456,-50.61727464789396,-1.1170572009408772,-0.9695634362895651,-0.14749376465131214,46.22051812924692,28.250916503801005,54.869999694824216,56.96999988555908,59.252999801635745,53.02549980163574,GMRINFRA.NS,2025-02-11 10:50:06.344530
315,2023-11-01 00:00:00+05:30,55.0,55.5,54.099998474121094,54.25,2619387,0.0,0.0,2023-11-01,57.10499992370605,2.3908212380088236,59.49582116171488,54.71417868569723,61.8866423997237,52.32335744768841,-36.50116856481921,-140.81250398935825,529959104,3695754.0163943674,7077719.353764626,50.52107791848237,27.549558596394007,54.61666615804037,55.13333384195964,53.733332316080734,56.01666768391927,53.21666463216146,56.533335367838546,52.33333079020183,-0.17250645311519544,-72.22221698944035,-1.2484766740313091,-0.932689995126737,-0.3157866789045721,36.69379119899846,28.828456402531753,54.369999694824216,57.10499992370605,59.24099983215332,52.88649978637695,GMRINFRA.NS,2025-02-11 10:50:06.344530
316,2023-10-31 00:00:00+05:30,54.95000076293945,55.70000076293945,54.45000076293945,54.599998474121094,5247975,0.0,0.0,2023-10-31,57.36499996185303,2.346335346708745,59.71133530856177,55.01866461514429,62.05767065527052,52.67232926843554,-31.99051438668456,-139.5888870553957,532578491,7452260.6321613,7923210.688107191,50.516294425830274,34.27078642866408,54.916666666666664,55.383332570393875,54.133332570393875,56.166666666666664,53.666666666666664,56.633332570393875,52.883332570393875,-0.13453001096861325,-68.29270448519968,-1.2254686255784222,-0.8537433254005939,-0.37172530017782823,37.94201603270523,28.45400602388191,54.32999954223633,57.36499996185303,59.22199981689453,52.76599979400635,GMRINFRA.NS,2025-02-11 10:50:06.344530
317,2023-10-30 00:00:00+05:30,55.099998474121094,55.400001525878906,54.04999923706055,54.650001525878906,5157734,0.0,0.0,2023-10-30,57.6125,2.299935523729268,59.912435523729265,55.31256447627073,62.21237104745853,53.01262895254146,-50.653561821019856,-156.5151095178995,537826466,7330823.546868739,8040948.202093662,50.50577175996769,35.663153415214296,54.70000076293945,55.35000228881836,54.0,56.05000305175781,53.349998474121094,56.70000457763672,52.64999771118164,-0.059305493745104104,-67.68291122781602,-1.2119131916684225,-0.7608120003561367,-0.45110119131228577,38.11400559983096,28.235005293082946,54.26999969482422,57.6125,59.202999877929685,52.63649982452392,GMRINFRA.NS,2025-02-11 10:50:06.344530
318,2023-10-27 00:00:00+05:30,54.20000076293945,55.099998474121094,54.04999923706055,54.849998474121094,4130005,0.0,0.0,2023-10-27,57.777499961853025,2.192059529787474,59.969559491640496,55.58544043206555,62.161619021427974,53.393380902278075,-62.60166156866274,-168.7232395643163,542984200,5891567.31997928,8218479.365899892,50.49525011249716,26.59757784286049,54.666665395100914,55.28333155314128,54.233332316080734,55.71666463216146,53.61666615804037,56.33333079020183,53.18333307902019,-0.08599642321574483,-67.61365089534854,-1.1811203504466476,-0.6480367025280653,-0.5330836479185823,38.76670910293285,27.700151477898586,54.51999969482422,57.777499961853025,59.16699981689453,52.50549980163574,GMRINFRA.NS,2025-02-11 10:50:06.344530
319,2023-10-26 00:00:00+05:30,53.900001525878906,54.0,52.0,53.5,7448507,0.0,0.0,2023-10-26,57.98500003814697,2.094610759090631,60.0796107972376,55.89038927905634,62.174221556328234,53.79577851996571,-126.80181049505372,-232.99650354468528,538854195,10363982.22608346,8800207.377380043,50.48637899299175,33.904658772904355,53.166666666666664,54.33333333333333,52.33333333333333,55.166666666666664,51.166666666666664,56.33333333333333,50.33333333333333,-0.08691755772088622,-84.7715712450012,-1.1434970887782683,-0.5147657905484198,-0.6287312982298485,31.403779896888835,26.830201718923718,54.880000305175784,57.98500003814697,59.12799987792969,52.36999980926514,GMRINFRA.NS,2025-02-11 10:50:06.344530
320,2023-10-25 00:00:00+05:30,54.0,55.599998474121094,53.099998474121094,54.04999923706055,4699445,0.0,0.0,2023-10-25,58.25,1.8137630142632326,60.06376301426323,56.43623698573677,61.87752602852647,54.62247397147353,-127.2436449607731,-212.3026244514857,546302702,6606111.667738484,8409263.66520419,50.475266252568474,40.46484509265946,54.24999872843424,55.39999898274739,52.89999898274739,56.74999872843424,51.74999872843424,57.89999898274739,50.39999898274739,-0.08862477510813585,-89.14284842354911,-0.9450478042094375,-0.35758296599095757,-0.58746483821848,32.90038868306553,24.75462045286254,55.74000015258789,58.25,59.14299987792969,52.24299980163574,GMRINFRA.NS,2025-02-11 10:50:06.344530
321,2023-10-23 00:00:00+05:30,54.54999923706055,56.150001525878906,54.0,54.29999923706055,6068669,0.0,0.0,2023-10-23,58.472500038146975,1.52068816517003,59.993188203317004,56.95181187297695,61.51387636848703,55.43112370780692,-158.3807641940288,-201.90995189767153,551002147,8570317.699124562,8860051.664570615,50.46693011134943,39.999196551827076,54.81666692097982,55.63333384195964,53.483332316080734,56.966668446858726,52.666665395100914,57.783335367838546,51.33333079020183,-0.0596180237479382,-96.17835292516875,-0.7308202692188033,-0.21071675643633758,-0.5201035127824657,33.575763556859684,22.90925501282988,56.66000061035156,58.472500038146975,59.128999862670895,52.107499809265136,GMRINFRA.NS,2025-02-11 10:50:06.344530
322,2023-10-20 00:00:00+05:30,56.20000076293945,56.650001525878906,55.0,55.900001525878906,7835932,0.0,0.0,2023-10-20,58.685000038146974,1.1614527112479955,59.84645274939497,57.52354732689898,61.00790546064297,56.36209461565098,-183.87907406665698,-172.10261233171073,557070816,11392161.302084628,8932485.155932128,50.45535234465707,46.636311203868885,55.8500010172526,56.700002034505204,55.0500005086263,57.50000254313151,54.199999491373696,58.35000356038411,53.39999898274739,-0.0003083788086079136,-86.8612886662813,-0.4700922847350455,-0.08069087824072117,-0.3894014064943243,38.24093567429707,21.28054539015198,57.550000762939455,58.685000038146974,59.088999862670896,51.972999801635744,GMRINFRA.NS,2025-02-11 10:50:06.344530
323,2023-10-19 00:00:00+05:30,57.150001525878906,57.349998474121094,55.95000076293945,56.650001525878906,5939595,0.0,0.0,2023-10-19,58.839999961853025,0.959522478398706,59.79952244025173,57.88047748345432,60.75904491865044,56.92095500505561,-216.9464844393227,-150.72345586935728,564906748,8751054.854007222,8317566.119394004,50.43403454610369,56.52076768881814,56.65000025431315,57.349999745686844,55.950002034505204,58.04999796549479,55.25000254313151,58.749997456868485,54.55000432332356,-0.031237762712482527,-88.13557568653263,-0.2867348287306086,0.016659473382859925,-0.3033943021134686,40.70254987068018,19.971994055766526,58.23000030517578,58.839999961853025,59.01299980163574,51.819499778747556,GMRINFRA.NS,2025-02-11 10:50:06.344530
324,2023-10-18 00:00:00+05:30,58.849998474121094,58.95000076293945,57.5,57.79999923706055,4283287,0.0,0.0,2023-10-18,58.99499988555908,0.8285844535736918,59.82358433913277,58.16641543198539,60.65216879270647,57.337830978411695,-140.92830304872518,-94.39766753130291,570846343,6438855.147455258,8209193.935740699,50.415531716353065,56.224788264740646,58.083333333333336,58.66666666666667,57.21666590372722,59.53333409627279,56.63333257039388,60.116667429606125,55.766665140787765,-0.025865208054233996,-93.10346339555531,-0.12150089144112286,0.09250804891122706,-0.2140089403523499,44.80943795371803,19.040020601787212,58.70999984741211,58.99499988555908,58.911999740600585,51.70299976348877,GMRINFRA.NS,2025-02-11 10:50:06.344530
325,2023-10-17 00:00:00+05:30,59.0,59.349998474121094,58.45000076293945,58.650001525878906,3601087,0.0,0.0,2023-10-17,59.09749984741211,0.7992550126708432,59.89675486008295,58.29824483474127,60.6960098727538,57.49898982207042,-66.03770450996001,-58.9022615702023,575129630,5492945.483850138,8651778.632812059,50.39964616706032,61.531417025774566,58.81666692097982,59.18333307902019,58.283335367838546,59.71666463216146,57.91666920979818,60.08333079020183,57.383337656656906,-0.029331974340422146,-73.56317403970444,-0.021367808566544966,0.14601028399931454,-0.1673780925658595,48.14343100676694,18.97506126815928,59.00999984741211,59.09749984741211,58.784999771118166,51.57449977874756,GMRINFRA.NS,2025-02-11 10:50:06.344530
326,2023-10-16 00:00:00+05:30,59.0,59.400001525878906,58.599998474121094,58.75,3460194,0.0,0.0,2023-10-16,59.19749984741211,0.8629011544349167,60.060401001847026,58.334598692977195,60.92330215628194,57.47169753854228,-64.5586207173853,-46.72221172477755,578730717,5287032.339826122,9441486.920052538,50.384697642957136,66.32680717663064,58.916666666666664,59.233334859212235,58.43333180745442,59.71666971842448,58.11666361490885,60.03333791097005,57.63332875569661,-0.031138995512540138,-71.26435773629646,0.023444288920558165,0.18785480714077943,-0.16441051822022126,48.53795466969102,19.60713685466738,59.08999938964844,59.19749984741211,58.63099975585938,51.436999778747555,GMRINFRA.NS,2025-02-11 10:50:06.344530
327,2023-10-13 00:00:00+05:30,59.0,60.099998474121094,58.849998474121094,59.29999923706055,5048585,0.0,0.0,2023-10-13,59.31499977111817,0.9539527163046199,60.26895248742279,58.36104705481355,61.22290520372741,57.40709433850893,9.466274822899472,-21.92855120937569,582190911,7786243.971594344,10480100.565109141,50.370108462586735,70.97268551471515,59.416665395100914,59.983332316080734,58.733332316080734,60.666665395100914,58.166665395100914,61.233332316080734,57.483332316080734,-0.005368597389814628,-58.62069267911106,0.07061380205620083,0.22895743669583474,-0.1583436346396339,50.65808619461918,20.40443397232619,58.88999938964844,59.31499977111817,58.477999725341796,51.302499771118164,GMRINFRA.NS,2025-02-11 10:50:06.344530
328,2023-10-12 00:00:00+05:30,59.599998474121094,59.79999923706055,58.849998474121094,59.04999923706055,5355501,0.0,0.0,2023-10-12,59.37749977111817,0.993064464404853,60.37056423552302,58.384435306713314,61.36362869992787,57.39137084230846,-3.357428136168995,-20.8781956572973,577142326,8224767.846269885,11153564.71348784,50.34732754918921,61.0703533878788,59.23333231608073,59.61666615804036,58.66666539510091,60.18333307902018,58.283331553141274,60.56666692097981,57.716664632161454,0.06295029374665019,-54.368941387706,0.0757685750412378,0.2685433453557432,-0.1927747703145054,49.73131724912848,21.45153687965098,59.349999237060544,59.37749977111817,58.320999755859376,51.16299976348877,GMRINFRA.NS,2025-02-11 10:50:06.344530
329,2023-10-11 00:00:00+05:30,59.349998474121094,60.20000076293945,59.150001525878906,59.29999923706055,5579181,0.0,0.0,2023-10-11,59.39999980926514,0.9903478456090177,60.390347654874155,58.409651963656124,61.38069550048318,57.4193041180471,43.92429597770012,-5.5365895250513155,582497827,8604562.353151172,11885763.930292327,50.32371271573852,59.9686329309406,59.550000508626304,59.9499994913737,58.900000254313156,60.59999974568685,58.50000127156576,60.99999872843425,57.85000101725261,-0.028056562696313084,-49.514570298235384,0.10584144992296274,0.3167370379343695,-0.2108955880114068,50.614076166764164,22.324403225424362,59.41999969482422,59.39999980926514,58.17099975585938,51.023999786376955,GMRINFRA.NS,2025-02-11 10:50:06.344530
330,2023-10-10 00:00:00+05:30,58.0,59.5,58.0,59.04999923706055,6429882,0.0,0.0,2023-10-10,59.652499771118165,1.4841682112012315,61.136667982319395,58.168331559916936,62.62083619352063,56.6841633487157,-35.327264738608186,-21.001696976529704,576918646,9874759.939155927,12706064.324577615,50.2982661743019,52.749921748658,58.84999974568685,59.6999994913737,58.1999994913737,60.34999974568685,57.34999974568685,61.1999994913737,56.6999994913737,0.007017478303332271,-54.368941387706,0.1181189723105831,0.36946093493722126,-0.25134196262663816,49.78642252310413,23.469473879176753,59.3,59.652499771118165,57.99399978637695,50.88099979400635,GMRINFRA.NS,2025-02-11 10:50:06.344530
331,2023-10-09 00:00:00+05:30,60.79999923706055,60.79999923706055,57.5,57.75,11462883,0.0,0.0,2023-10-09,59.88999977111816,1.7405832390642673,61.63058301018243,58.1494165320539,63.3711662492467,56.40883329298963,-46.843613479179275,-20.597554059988422,570488764,17216683.488028947,13413890.420933034,50.269579520978596,47.85919865919651,58.68333307902018,59.86666615804036,56.56666692097981,61.98333231608073,55.38333384195963,63.16666539510091,53.266667683919266,0.0027141169549757347,-79.61165623858831,0.15666945215063066,0.4322964255938808,-0.27562697344325016,45.36529865648634,24.135171392871023,59.380000305175784,59.88999977111816,57.796999816894534,50.74649978637695,GMRINFRA.NS,2025-02-11 10:50:06.344530
332,2023-10-06 00:00:00+05:30,59.650001525878906,61.849998474121094,59.29999923706055,61.599998474121094,12142486,0.0,0.0,2023-10-06,60.15749969482422,1.8043272357447782,61.961826930568996,58.35317245907944,63.766154166313775,56.54884522333466,215.23807705209984,39.97418234058486,581951647,19453240.68219485,12463192.154159054,50.225610382675356,49.99541232064883,60.916665395100914,62.53333155314128,59.983332316080734,63.46666463216146,58.36666615804037,65.08333079020183,57.43333307902019,0.06753975155201847,-4.854371089470616,0.33168219662375975,0.5012031689546933,-0.16952097233093355,59.858751727605096,24.852076407618696,59.74000015258789,60.15749969482422,57.61099983215332,50.62299980163574,GMRINFRA.NS,2025-02-11 10:50:06.344530
333,2023-10-05 00:00:00+05:30,58.900001525878906,60.29999923706055,58.79999923706055,59.400001525878906,5036675,0.0,0.0,2023-10-05,60.21999969482422,1.877105283304724,62.09710497812894,58.342894411519495,63.97421026143367,56.465789128214766,106.95041539645311,9.761285240808125,569809161,7780975.208034934,10715680.022150105,50.154345385162465,47.436093160037366,59.5,60.20000076293945,58.70000076293945,61.0,58.0,61.70000076293945,57.20000076293945,-0.004578268026010783,-44.89791787497908,0.171559539496009,0.5435834120374267,-0.37202387254141767,51.66490266281103,26.726728995101638,59.01000061035156,60.21999969482422,57.3439998626709,50.467499809265135,GMRINFRA.NS,2025-02-11 10:50:06.344530
334,2023-10-04 00:00:00+05:30,59.099998474121094,59.900001525878906,57.900001525878906,58.70000076293945,5335769,0.0,0.0,2023-10-04,60.44499969482422,2.0365667333334856,62.481566428157706,58.40843296149073,64.51813316149119,56.371866228157245,-9.408400532532168,-0.9451507784755336,564772486,8145894.360365268,11449356.225678897,50.130254518144525,39.11434444783844,58.833334604899086,59.766667683919266,57.766667683919266,60.833334604899086,56.833334604899086,61.766667683919266,55.766667683919266,0.020980937183838595,-59.1836544038365,0.1806209955078799,0.6365893801727811,-0.4559683846649012,48.562732233501194,27.536172798323836,58.93000030517578,60.44499969482422,57.08599983215332,50.334499778747556,GMRINFRA.NS,2025-02-11 10:50:06.344530
335,2023-10-03 00:00:00+05:30,59.400001525878906,59.75,58.849998474121094,59.45000076293945,5841614,0.0,0.0,2023-10-03,60.6774995803833,2.0915538145854184,62.769053394968715,58.58594576579788,64.86060720955413,56.494391951212464,40.49842844764517,13.323603619143546,570108255,9032092.324209578,12275221.692007303,50.10653334196171,34.45481541344883,59.34999974568685,59.85000101725261,58.9499994913737,60.25000127156576,58.449998219807945,60.750002543131515,58.049997965494796,-0.03216191489505475,-65.83850607911161,0.2584251924260883,0.7505814763390064,-0.4921562839129181,51.87511624048479,28.0337149481298,58.95,60.6774995803833,56.79599983215332,50.21249977111816,GMRINFRA.NS,2025-02-11 10:50:06.344530
336,2023-09-29 00:00:00+05:30,58.29999923706055,60.0,58.29999923706055,59.54999923706055,10110709,0.0,0.0,2023-09-29,60.8524995803833,2.1295212966486465,62.98202087703195,58.722978283734655,65.11154217368059,56.59345698708601,10.920902705948306,15.233178734522552,575949869,15659107.965908714,13086004.033956734,50.078132562070984,37.04789739856318,59.28333282470703,60.266666412353516,58.56666564941406,60.983333587646484,57.58333206176758,61.96666717529297,56.86666488647461,0.061555943987154964,-65.6626658301908,0.28025897192854643,0.8736205473172358,-0.5933615753886894,52.31692449417393,29.187035077467566,58.75999984741211,60.8524995803833,56.49399978637695,50.08549976348877,GMRINFRA.NS,2025-02-11 10:50:06.344530
337,2023-09-28 00:00:00+05:30,59.099998474121094,59.54999923706055,57.599998474121094,57.95000076293945,6242994,0.0,0.0,2023-09-28,60.96249961853027,2.1154737903529104,63.07797340888318,58.847025828177365,65.19344719923609,56.73155203782445,-75.44268944858513,1.6827039645231614,565839160,9409141.739516802,12442728.05096874,50.02803721499059,36.54569152773542,58.36666615804037,59.13333384195964,57.18333307902019,60.31666692097982,56.416665395100914,61.08333460489909,55.233332316080734,0.1185458670841126,-84.93975765180083,0.2941181433564566,1.0219609411644082,-0.7278427978079516,45.409300297186114,30.42907213983132,58.55999984741211,60.96249961853027,56.197999801635746,49.94799976348877,GMRINFRA.NS,2025-02-11 10:50:06.344530
338,2023-09-27 00:00:00+05:30,58.75,59.349998474121094,58.29999923706055,59.0,5725577,0.0,0.0,2023-09-27,61.077499580383304,2.002595215197124,63.08009479558043,59.07490436518618,65.08269001077755,57.07230914998905,-50.03360055664366,13.232858841529685,572082154,8785670.644917173,13201124.628831722,50.00208188553336,35.980111086090204,58.88333257039388,59.46666590372722,58.41666666666667,59.93333180745443,57.833333333333336,60.516665140787765,57.366667429606125,0.052199474352082,-72.28916327135599,0.46498135432750587,1.2039216406163962,-0.7389402862888903,49.80604370795174,31.389799400658895,58.76999969482422,61.077499580383304,55.92999977111816,49.83399974822998,GMRINFRA.NS,2025-02-11 10:50:06.344530
339,2023-09-26 00:00:00+05:30,58.45000076293945,59.04999923706055,57.79999923706055,58.79999923706055,6050395,0.0,0.0,2023-09-26,61.17999954223633,1.9422178212910501,63.12221736352738,59.23778172094528,65.06443518481844,57.29556389965423,-88.30852973096808,10.269348579414098,566356577,9252619.358250368,14304988.124810359,49.97496317528636,30.92167836255055,58.54999923706055,59.29999923706055,58.04999923706055,59.79999923706055,57.29999923706055,60.54999923706055,56.79999923706055,-0.01818659158353604,-74.6988112391103,0.5732838532946758,1.3886567121886186,-0.8153728588939428,48.93147150710639,32.84597482167692,58.91999969482422,61.17999954223633,55.650999755859374,49.69999973297119,GMRINFRA.NS,2025-02-11 10:50:06.344530
340,2023-09-25 00:00:00+05:30,58.650001525878906,58.900001525878906,57.650001525878906,58.5,6707147,0.0,0.0,2023-09-25,61.2774995803833,1.8638156144175106,63.14131519480081,59.41368396596579,65.00513080921831,57.54986835154828,-107.56236634991993,9.926305611352138,560306182,10204631.774108812,15568080.316450356,49.946766796910694,24.997234934213765,58.3500010172526,59.0500005086263,57.8000005086263,59.6000010172526,57.1000010172526,60.3000005086263,56.5500005086263,-0.08866561764618353,-78.31326021063565,0.7229547967573566,1.592499926912104,-0.8695451301547474,47.66126588491953,34.17798397101843,59.12999954223633,61.2774995803833,55.37099975585937,49.57649974822998,GMRINFRA.NS,2025-02-11 10:50:06.344530
341,2023-09-22 00:00:00+05:30,59.20000076293945,59.650001525878906,56.70000076293945,58.54999923706055,12703977,0.0,0.0,2023-09-22,61.46249961853027,1.7540084689960038,63.21650808752628,59.70849114953427,64.97051655652228,57.95448268053826,-124.38784095542444,12.069767589883435,567013329,19345067.07148296,16908942.45203574,49.916364794449336,30.756204862532854,58.300000508626304,59.900000254313156,56.9499994913737,61.25000127156576,55.34999974568685,62.85000101725261,53.99999872843425,-0.21004782775511122,-77.71085970875014,0.9331704780714887,1.8098862094507908,-0.8767157313793021,47.84543860102204,35.498361931700146,59.55999984741211,61.46249961853027,55.08499977111816,49.45399974822998,GMRINFRA.NS,2025-02-11 10:50:06.344530
342,2023-09-21 00:00:00+05:30,60.0,60.400001525878906,58.5,59.0,7266479,0.0,0.0,2023-09-21,61.77999973297119,1.7736670742374794,63.55366680720867,60.00633265873371,65.32733388144615,58.23266558449623,-95.2155104669923,28.907563337508304,579717306,11150123.60190197,16299911.297173934,49.85784521941203,45.413392427635415,59.300000508626304,60.10000101725261,58.1999994913737,61.20000203450521,57.3999989827474,62.000002543131515,56.299997965494796,-0.023824281953737224,-90.2255432070296,1.1832471379514686,2.0290651422956163,-0.8458180043441477,49.442106187873485,36.92030742781892,60.06999969482422,61.77999973297119,54.822999801635746,49.32649974822998,GMRINFRA.NS,2025-02-11 10:50:06.344530
343,2023-09-20 00:00:00+05:30,58.54999923706055,60.79999923706055,58.54999923706055,59.75,9459462,0.0,0.0,2023-09-20,61.79499969482422,1.750030178412481,63.5450298732367,60.04496951641174,65.29506005164919,58.29493933799926,-90.92992853322424,36.95858606402675,586983785,14699683.830559978,17587358.220991924,49.82226346007605,60.64541921262263,59.699999491373696,60.849999745686844,58.599999745686844,61.949999491373696,57.449999491373696,63.099999745686844,56.349999745686844,-0.009668952820604808,-78.9473503061509,1.4411747995090494,2.240519643381653,-0.7993448438726038,52.13466123583455,39.429534751301134,60.37999954223633,61.79499969482422,54.534999771118166,49.19299976348877,GMRINFRA.NS,2025-02-11 10:50:06.344530
344,2023-09-18 00:00:00+05:30,60.54999923706055,61.0,59.650001525878906,59.849998474121094,4245604,0.0,0.0,2023-09-18,61.69999961853027,1.9110484511654424,63.61104806969571,59.78895116736483,65.52209652086115,57.87790271619939,-87.67122627510109,45.929984212593176,596443247,6608566.654870901,18309276.81859991,49.77170689970794,53.974893963135166,60.166666666666664,60.68333180745442,59.33333333333333,61.51666514078776,58.81666819254557,62.033330281575516,57.983334859212235,0.02914100851065939,-77.4436141982426,1.6757007480258181,2.440355854349804,-0.7646551063239859,52.48856598366859,42.1609821594541,60.32999954223633,61.69999961853027,54.22799980163574,49.046499748229984,GMRINFRA.NS,2025-02-11 10:50:06.344530
345,2023-09-15 00:00:00+05:30,61.29999923706055,61.599998474121094,60.20000076293945,60.650001525878906,6556647,0.0,0.0,2023-09-15,61.47749977111816,2.3470851526550556,63.824584923773216,59.13041461846311,66.17167007642827,56.78332946580805,-79.6640356577894,57.22197054072785,600688851,10342279.39308495,21234454.35953216,49.74861918214909,60.07944724077679,60.81666692097982,61.43333307902019,60.033335367838546,62.21666463216146,59.41666920979818,62.83333079020183,58.633337656656906,0.05813013614363915,-65.41349587955426,1.9407272907508855,2.6315196309308,-0.6907923401799145,55.27598073130793,45.053965101698154,61.22999954223633,61.47749977111816,53.9339998626709,48.89599975585938,GMRINFRA.NS,2025-02-11 10:50:06.344530
346,2023-09-14 00:00:00+05:30,61.0,61.5,60.5,61.099998474121094,7223461,0.0,0.0,2023-09-14,61.109999656677246,2.974921498467332,64.08492115514458,58.135078158209915,67.05984265361191,55.16015665974258,-90.50078269100358,63.35754206198516,607245498,11478633.220295735,23957498.101143964,49.70991506592658,53.984732059456526,61.03333282470703,61.56666564941406,60.56666564941406,62.03333282470703,60.03333282470703,62.56666564941406,59.56666564941406,0.05601956323492816,-58.646626030111435,2.1718484382219714,2.8042177159757786,-0.6323692777538072,56.85296681909051,47.826138364508076,61.859999084472655,61.109999656677246,53.61499984741211,48.737499732971195,GMRINFRA.NS,2025-02-11 10:50:06.344530
347,2023-09-13 00:00:00+05:30,59.54999923706055,60.95000076293945,58.349998474121094,60.54999923706055,12937631,0.0,0.0,2023-09-13,60.73749980926514,3.4107365301218153,64.14823633938695,57.32676327914332,67.55897286950876,53.916026749021505,-158.88958067678988,54.34116624497606,600022037,20373823.969710708,27077214.321356017,49.66518824046476,41.3868668641151,59.949999491373696,61.5500005086263,58.94999821980794,62.550001780192055,57.349997202555336,64.15000279744466,56.34999593098958,0.06202338008488688,-73.80951948447101,2.39052886791152,2.9623100354142307,-0.5717811675027105,55.409182460723954,50.626221294700755,62.25999908447265,60.73749980926514,53.268999862670896,48.57249973297119,GMRINFRA.NS,2025-02-11 10:50:06.344530
348,2023-09-12 00:00:00+05:30,64.75,64.75,59.25,59.5,19092349,0.0,0.0,2023-09-12,60.35249977111816,3.8405205934126014,64.19302036453077,56.51197917770556,68.03354095794336,52.67145858429296,-100.5821534624753,72.39195980780356,587084406,29544726.73495871,28753061.909267344,49.58809137063828,59.879056588579175,61.166666666666664,63.08333333333333,57.58333333333333,66.66666666666666,55.666666666666664,68.58333333333333,52.08333333333333,0.04898668450373901,-96.66666666666667,2.6884525418774032,3.1052553272899077,-0.4168027854125045,52.59730525571604,53.908068369423255,62.71999893188477,60.35249977111816,52.9289998626709,48.41149974822998,GMRINFRA.NS,2025-02-11 10:50:06.344530
349,2023-09-11 00:00:00+05:30,63.95000076293945,65.0,63.400001525878906,64.3499984741211,9991587,0.0,0.0,2023-09-11,60.02249984741211,4.185673217452708,64.20817306486481,55.8368266299594,68.39384628231753,51.65115341250669,100.88017490684337,113.27008278971823,606176755,16721940.063620815,28555145.7028445,49.483392715143864,64.68398280749798,64.25,65.0999984741211,63.5,65.8499984741211,62.650001525878906,66.69999694824219,61.900001525878906,0.0773190454250655,-27.74567748570481,3.1325600108036724,3.2094560236430336,-0.0768960128393612,72.09749565846192,56.91786590230647,63.599999237060544,60.02249984741211,52.6139998626709,48.26049976348877,GMRINFRA.NS,2025-02-11 10:50:06.344530
350,2023-09-08 00:00:00+05:30,63.45000076293945,64.25,63.099998474121094,63.79999923706055,8480182,0.0,0.0,2023-09-08,59.517499923706055,4.2449434752176165,63.76244339892367,55.27255644848844,68.00738687414129,51.02761297327082,84.2783636593688,115.08518634736147,596185168,14071146.79830173,31513447.11265042,49.40075503083702,66.05443820429969,63.71666590372721,64.33333333333333,63.18333180745442,64.86666742960611,62.566664377848305,65.48333485921223,62.033330281575516,0.07988160300439529,-26.696841326879532,3.176037753707895,3.2286800268528735,-0.05264227314497827,70.96392245057427,56.886618070419985,63.39999923706055,59.517499923706055,52.200999908447265,48.06049976348877,GMRINFRA.NS,2025-02-11 10:50:06.344530
351,2023-09-07 00:00:00+05:30,62.849998474121094,63.900001525878906,62.0,63.099998474121094,7631288,0.0,0.0,2023-09-07,58.99499988555908,4.332311313427213,63.327311198986294,54.66268857213187,67.6596225124135,50.33037725870466,39.08202122853937,114.74995258952815,587704986,12523647.63591141,35874022.19123759,49.33250066102819,66.60809185532936,63.0,64.0,62.099998474121094,64.9000015258789,61.099998474121094,65.9000015258789,60.19999694824219,0.07610531982625544,-27.443622069602455,3.237747247080499,3.2418405951391174,-0.004093348058618496,69.49950837288225,57.07069783949542,63.22999954223633,58.99499988555908,51.776999893188474,47.86549976348877,GMRINFRA.NS,2025-02-11 10:50:06.344530
352,2023-09-06 00:00:00+05:30,64.0999984741211,64.0999984741211,62.20000076293945,62.849998474121094,7567262,0.0,0.0,2023-09-06,58.454999923706055,4.464771616177223,62.91977153988328,53.99022830752883,67.3845431560605,49.52545669135161,35.91392649407454,123.7048579351962,580073698,12369373.100551153,41711615.83006913,49.27352199386014,68.19028269573587,63.04999923706055,63.89999771118164,62.0,64.94999694824219,61.150001525878906,65.79999542236328,60.10000228881836,0.07538221465050256,-27.857153756277903,3.336636791050374,3.242863932153772,0.09377285889660181,68.98068997746554,57.37252233841396,62.95999984741211,58.454999923706055,51.37099990844727,47.68099979400635,GMRINFRA.NS,2025-02-11 10:50:06.344530
353,2023-09-05 00:00:00+05:30,63.599998474121094,64.5999984741211,62.650001525878906,63.900001525878906,11812824,0.0,0.0,2023-09-05,57.91749992370605,4.5540117205884965,62.47151164429455,53.363488203117555,67.02552336488304,48.809476482529064,82.18244466356985,140.7180729973087,587640960,19631715.38744158,49047176.51244863,49.21560357021121,69.5514082922087,63.71666717529297,64.78333282470703,62.833335876464844,65.66666412353516,61.76667022705078,66.73332977294922,60.883338928222656,0.0836799977192219,-20.357131958007812,3.4373114830867877,3.219420717429622,0.2178907656571658,73.88199520272317,57.509638621290634,62.44000015258789,57.91749992370605,50.96099990844726,47.49149982452393,GMRINFRA.NS,2025-02-11 10:50:06.344530
354,2023-09-04 00:00:00+05:30,63.45000076293945,64.9000015258789,63.0,63.349998474121094,16652913,0.0,0.0,2023-09-04,57.302499771118164,4.534066535774281,61.83656630689244,52.768433235343885,66.37063284266672,48.234366699569605,100.55004935465173,151.42427191562064,575828136,27437242.9702657,56401041.79370039,49.11715653368424,69.584235741683,63.75,64.5,62.599998474121094,65.6500015258789,61.849998474121094,66.4000015258789,60.69999694824219,0.08429530815840092,-22.368429968561376,3.4107157278983777,3.16494802601533,0.24576770188304753,72.94704689157294,57.244656903741664,61.869999694824216,57.302499771118164,50.530999908447264,47.28949981689453,GMRINFRA.NS,2025-02-11 10:50:06.344530
355,2023-09-01 00:00:00+05:30,62.150001525878906,63.20000076293945,61.29999923706055,62.95000076293945,27651099,0.0,0.0,2023-09-01,56.70749988555908,4.479170708415027,61.18667059397411,52.228329177144055,65.66584130238914,47.74915846872903,61.2135874144822,145.68212972457783,559175223,45270134.42412855,63641991.49955906,48.981356870152986,67.50978454137363,62.483333587646484,63.66666793823242,61.766666412353516,64.38333511352539,60.58333206176758,65.56666946411133,59.86666488647461,0.11198157768155279,-24.99999372582718,3.3791545581272615,3.103506100544568,0.2756484575826934,72.27684938612653,56.64312433965304,61.35,56.70749988555908,50.11199996948242,47.08949981689453,GMRINFRA.NS,2025-02-11 10:50:06.344530
356,2023-08-31 00:00:00+05:30,60.650001525878906,62.650001525878906,59.54999923706055,61.75,50502513,0.0,0.0,2023-08-31,56.10749988555908,4.402011582101813,60.50951146766089,51.705488303457265,64.9115230497627,47.30347672135545,39.4157731344939,139.75482105418686,531524124,81106114.8470987,68234955.76841669,48.756493363013945,66.2692119446144,61.31666692097982,63.08333460489909,59.983332316080734,64.41666920979819,58.21666463216146,66.18333689371745,56.883330027262375,0.07875655439880641,-32.89473519100715,3.3269410993226316,3.034593986148894,0.2923471131737374,70.2217955377281,56.345121128706225,61.2,56.10749988555908,49.719999923706055,46.89599979400635,GMRINFRA.NS,2025-02-11 10:50:06.344530
357,2023-08-30 00:00:00+05:30,61.54999923706055,62.45000076293945,59.599998474121094,60.25,34475768,0.0,0.0,2023-08-30,55.57499980926514,4.327041955626197,59.90204176489134,51.24795785363894,64.22908372051754,46.920915898012744,37.98105747588407,139.7435299301121,481021611,54022496.249261536,65017165.99874618,48.36289620241106,63.58572330413265,60.766666412353516,61.93333435058594,59.08333206176758,63.616668701171875,57.916664123535156,64.7833366394043,56.23332977294922,0.0439125831899154,-42.7631557483093,3.3278657446376556,2.96150720785546,0.36635853678219554,67.41844250853129,56.147793788167796,61.83000030517578,55.57499980926514,49.346999893188475,46.71799980163574,GMRINFRA.NS,2025-02-11 10:50:06.344530
358,2023-08-29 00:00:00+05:30,60.79999923706055,63.0,60.599998474121094,61.04999923706055,28318471,0.0,0.0,2023-08-29,55.13499984741211,4.273729670596755,59.40872951800887,50.86127017681535,63.68245918860562,46.5875405062186,61.962175215593,158.38922316060422,515497379,44963396.58362476,67765833.43611734,48.111894036474524,69.20366221377412,61.54999923706055,62.5,60.099998474121094,63.95000076293945,59.14999771118164,64.9000015258789,57.69999694824219,0.08207562552456608,-37.50000313708641,3.4263546353116254,2.8699175736599107,0.5564370616517147,70.71535209620026,55.97932603384887,61.64000015258789,55.13499984741211,48.99299987792969,46.552499809265136,GMRINFRA.NS,2025-02-11 10:50:06.344530
359,2023-08-28 00:00:00+05:30,62.45000076293945,62.54999923706055,60.25,60.75,34933601,0.0,0.0,2023-08-28,54.65999984741211,4.106368944419221,58.76636879183133,50.553630902992886,62.87273773625055,46.44726195857367,70.72333833653242,163.18105282862706,487178908,55194179.938626334,73466442.64924048,47.88353059754288,67.61565810467559,61.18333307902018,62.11666615804036,59.81666692097981,63.48333231608073,58.88333384195963,64.4166653951009,57.516667683919266,0.1327207877682922,-39.087951768304954,3.4217479926714063,2.730808308246982,0.6909396844244244,70.20804146747727,54.95550813414875,61.0,54.65999984741211,48.6339998626709,46.376499824523925,GMRINFRA.NS,2025-02-11 10:50:06.344530
360,2023-08-25 00:00:00+05:30,63.95000076293945,66.75,61.400001525878906,62.20000076293945,72379150,0.0,0.0,2023-08-25,54.14499988555908,3.945113856436443,58.09011374199552,50.19988602912264,62.035227598431966,46.254772172686195,131.88628368489105,208.0823338685817,522112509,117086686.499112,78034508.326894,47.59714613910429,74.3705412723835,63.45000076293945,65.5,60.150001525878906,68.79999923706055,58.10000228881836,70.8499984741211,54.80000305175781,0.20861093105845863,-28.706622555765584,3.393550806991456,2.5580733871408756,0.8354774198505805,76.12684390167702,53.92324033257992,59.93000030517578,54.14499988555908,48.283999862670896,46.17449981689453,GMRINFRA.NS,2025-02-11 10:50:06.344530
361,2023-08-24 00:00:00+05:30,59.70000076293945,66.5,59.599998474121094,64.9000015258789,135946463,0.0,0.0,2023-08-24,53.49499988555908,3.6043432911799185,57.099343176739,49.890656594379166,60.70368646791892,46.28631330319924,199.65725471348694,229.22966085271756,594491659,229464901.97841385,68271463.7838395,46.89114924891961,93.50002877638602,63.666666666666664,67.73333485921223,60.83333333333333,70.56666819254556,56.76666514078776,74.63333638509114,53.93333180745442,0.36204543237985104,-10.126573110004527,3.1632293228088244,2.34920403217823,0.8140252906305943,89.11714890211506,51.82737687922165,58.15,53.49499988555908,47.9039998626709,45.944499816894535,GMRINFRA.NS,2025-02-11 10:50:06.344530
362,2023-08-23 00:00:00+05:30,58.099998474121094,60.25,58.099998474121094,59.29999923706055,30899192,0.0,0.0,2023-08-23,52.67249984741211,2.6024517603021926,55.27495160771431,50.07004808710992,57.877403368016495,47.46759632680773,196.51183039629007,177.25018851515605,458545196,47654669.06809259,27973104.235195894,45.09248780147041,85.27176336247793,59.21666590372721,60.33333333333333,58.18333180745442,61.36666742960612,57.066664377848305,62.483334859212235,56.033330281575516,0.2407706485940888,-9.644679290411979,2.5545111456065897,2.145697709520581,0.4088134360860085,83.78983042435539,49.592858114541926,55.9,52.67249984741211,47.44699981689453,45.67049980163574,GMRINFRA.NS,2025-02-11 10:50:06.344530
363,2023-08-22 00:00:00+05:30,55.900001525878906,58.25,55.70000076293945,57.849998474121094,32240872,0.0,0.0,2023-08-22,52.11999988555908,2.2735548413155424,54.393554726874626,49.84644504424354,56.66710956819017,47.572890202927994,228.90291538451828,157.10077095873586,427646004,48508045.747610696,23052713.02697172,44.762473238444215,76.6773763330126,57.266666412353516,58.83333206176758,56.28333282470703,59.81666564941406,54.71666717529297,61.383331298828125,53.733333587646484,0.2859162088866395,-5.000019073486328,2.287978081335744,2.0434943504990786,0.24448373083666564,81.62745788823842,48.01981601120873,54.60999984741211,52.11999988555908,47.10799980163574,45.46199981689453,GMRINFRA.NS,2025-02-11 10:50:06.344530
364,2023-08-21 00:00:00+05:30,53.95000076293945,55.70000076293945,53.45000076293945,55.400001525878906,19232830,0.0,0.0,2023-08-21,51.55249996185303,2.1827357572496915,53.73523571910272,49.36976420460334,55.91797147635241,47.18702844735365,155.5556368175622,125.63279782319584,395405132,27711281.92990739,16688879.846811973,44.43739504992158,72.71777254667808,54.8500010172526,56.25000127156575,54.00000127156575,57.1000010172526,52.6000010172526,58.50000127156575,51.75000127156575,0.27449694272941255,-5.504572386495274,2.054871762349144,1.9823734177899124,0.07249834455923176,76.76438853277358,46.792194066380105,53.62000045776367,51.55249996185303,46.79799980163574,45.27099983215332,GMRINFRA.NS,2025-02-11 10:50:06.344530
365,2023-08-18 00:00:00+05:30,53.75,54.400001525878906,52.75,53.29999923706055,10071865,0.0,0.0,2023-08-18,50.992499923706056,2.5495752759182846,53.54207519962434,48.44292464778777,56.09165047554262,45.89334937186949,66.7813437677402,109.16519025475465,376172302,13961778.573830558,13933279.326038118,44.272516665063684,71.64379482984845,53.483333587646484,54.21666717529297,52.56666564941406,55.13333511352539,51.83333206176758,55.866668701171875,50.916664123535156,0.2322974773480445,-32.22223917643229,1.9665781933621318,1.9642488316501043,0.0023293617120274668,70.56274049131572,46.343374462798764,53.39000015258789,50.992499923706056,46.53199974060058,45.111499824523925,GMRINFRA.NS,2025-02-11 10:50:06.344530
366,2023-08-17 00:00:00+05:30,53.099998474121094,53.75,52.75,53.650001525878906,6053149,0.0,0.0,2023-08-17,50.54499988555908,2.8864428518933494,53.43144273745243,47.65855703366573,56.31788558934578,44.77211418177238,70.99241802026516,114.59418554275794,386244167,8446071.434136052,13926154.514090007,44.2008499674651,73.84522660897042,53.38333384195963,54.016667683919266,53.016667683919266,54.38333384195963,52.38333384195963,55.016667683919266,52.016667683919266,0.2281195178705481,-19.8197950510654,2.0305574373705184,1.9636664912220974,0.06689094614842106,73.60301414049059,46.49901642082825,53.4,50.54499988555908,46.309999771118164,44.975499839782714,GMRINFRA.NS,2025-02-11 10:50:06.344530
367,2023-08-16 00:00:00+05:30,53.79999923706055,53.900001525878906,51.54999923706055,52.849998474121094,13982968,0.0,0.0,2023-08-16,50.099999809265135,3.0631939088138096,53.163193718078944,47.03680590045133,56.22638762689275,43.97361199163752,41.20982710499117,111.10317700717256,380191018,19219761.321200773,15296175.284078496,44.155550608533446,76.50326616821357,52.766666412353516,53.983333587646484,51.633331298828125,55.116668701171875,50.416664123535156,56.333335876464844,49.283329010009766,0.21515010073249802,-30.64518213023744,2.0472343131890014,1.946943754684992,0.10029055850400947,70.94609048931689,47.04622896219005,53.12999954223633,50.099999809265135,46.06999977111816,44.83749980926514,GMRINFRA.NS,2025-02-11 10:50:06.344530
368,2023-08-14 00:00:00+05:30,54.20000076293945,54.20000076293945,52.04999923706055,52.900001525878906,8579828,0.0,0.0,2023-08-14,49.68499984741211,3.2287808996821057,52.913780747094215,46.45621894773,56.14256164677632,43.227438048047894,72.82919246736348,124.98391659372635,394173986,11804236.808474915,14315278.774797924,44.05818723897617,85.57675483825469,53.050000508626304,54.05000178019206,51.900000254313156,55.20000203450521,50.8999989827474,56.20000330607097,49.74999872843425,0.2098147043612825,-27.007283010504064,2.116355245460184,1.9218711150589893,0.19448413040119483,71.36295304052028,47.635534775964295,52.97999954223633,49.68499984741211,45.843999786376955,44.721499824523924,GMRINFRA.NS,2025-02-11 10:50:06.344530
369,2023-08-11 00:00:00+05:30,53.599998474121094,54.75,53.29999923706055,54.25,10974648,0.0,0.0,2023-08-11,49.292499732971194,3.293864822695131,52.58636455566632,45.99863491027607,55.880229378361456,42.70477008758093,182.07287681201697,157.17323249174362,402753814,15484386.012648916,14943039.266378675,43.99701299374528,91.99490804830509,54.09999974568685,54.900000254313156,53.4499994913737,55.550000508626304,52.6499989827474,56.35000101725261,51.99999872843425,0.21935657833503566,-6.2111807128887975,2.1678604529606176,1.8732500824586906,0.29461037050192695,83.69193121683678,47.600536152916554,52.71999893188477,49.292499732971194,45.61199974060059,44.61949981689453,GMRINFRA.NS,2025-02-11 10:50:06.344530
370,2023-08-10 00:00:00+05:30,52.400001525878906,54.54999923706055,52.099998474121094,53.349998474121094,17025214,0.0,0.0,2023-08-10,48.81999969482422,3.2223070357543593,52.04230673057858,45.59769265906986,55.264613766332936,42.3753856233155,200.44663145329764,157.04848819791872,391779166,23622760.02337709,14807702.579811111,43.905464704157275,92.23722024406372,53.33333206176758,54.56666564941406,52.11666488647461,55.78333282470703,50.883331298828125,57.016666412353516,49.666664123535156,0.21978313506788277,-12.060308250518625,2.068001960521819,1.7995974898332086,0.2684044706886106,81.73891974931864,45.63118780510965,52.15999908447266,48.81999969482422,45.3429997253418,44.49449981689453,GMRINFRA.NS,2025-02-11 10:50:06.344530
371,2023-08-09 00:00:00+05:30,52.349998474121094,52.70000076293945,51.79999923706055,52.29999923706055,5947181,0.0,0.0,2023-08-09,48.36249980926514,3.19472730328899,51.55722711255413,45.167772505976146,54.751954415843116,41.97304520268716,121.24421252238359,149.16809199883673,374753952,8089403.266344238,12603938.218919616,43.77280467658153,89.94040923395164,52.266666412353516,52.733333587646484,51.83333206176758,53.16666793823242,51.36666488647461,53.63333511352539,50.93333053588867,0.19611895192303255,-4.597718285070109,1.9974559809250465,1.7324963721610558,0.2649596087639907,79.01659214305563,43.56362601973103,51.67999954223633,48.36249980926514,45.085999755859376,44.374499816894534,GMRINFRA.NS,2025-02-11 10:50:06.344530
372,2023-08-08 00:00:00+05:30,51.849998474121094,52.5,51.400001525878906,52.099998474121094,9259136,0.0,0.0,2023-08-08,48.01999988555908,3.116610788234117,51.1366106737932,44.90338909732496,54.25322146202731,41.78677830909085,94.93110909499366,158.1076835116324,368806771,12546188.86605194,13732571.95706346,43.73075908666824,87.1815386185938,52.0,52.599998474121094,51.5,53.099998474121094,50.900001525878906,53.69999694824219,50.400001525878906,0.20427231541538557,-4.705900304457721,1.980280280683239,1.666256469970058,0.314023810713181,78.44832712527257,41.94037196675558,51.439999389648435,48.01999988555908,44.856999740600585,44.24599983215332,GMRINFRA.NS,2025-02-11 10:50:06.344530
373,2023-08-07 00:00:00+05:30,51.5,51.75,50.900001525878906,51.599998474121094,4781933,0.0,0.0,2023-08-07,47.64499988555908,3.050362484697759,50.69536237025684,44.59463740086132,53.7457248549546,41.54427491616356,64.16368250319316,160.68109889699065,359547635,6417366.205651168,14029167.72981634,43.66601406527605,85.57152373256113,51.416666666666664,51.93333180745442,51.08333333333333,52.26666514078776,50.56666819254557,52.783330281575516,50.233334859212235,0.1948376002214921,-7.8788063742897725,1.9479829777739965,1.5877505172917628,0.3602324604822338,77.00251959462675,40.27239736986694,51.30999984741211,47.64499988555908,44.625999755859375,44.11349983215332,GMRINFRA.NS,2025-02-11 10:50:06.344530
374,2023-08-04 00:00:00+05:30,50.79999923706055,51.650001525878906,50.70000076293945,51.45000076293945,7272861,0.0,0.0,2023-08-04,47.285000038146975,2.9831590213717627,50.26815905951874,44.301841016775214,53.2513180808905,41.31868199540345,64.56328743672005,175.4588519350991,354765702,9731825.658620514,15932118.110857634,43.634187968195704,83.8954716137275,51.26666768391927,51.83333460489909,50.88333384195964,52.216668446858726,50.31666692097982,52.783335367838546,49.93333307902019,0.17194255162486935,-9.69696044921875,1.9263601736284741,1.4976924021712041,0.42866777145727,76.5645547239435,38.79629688661173,51.3,47.285000038146975,44.49399978637695,43.991999855041506,GMRINFRA.NS,2025-02-11 10:50:06.344530
375,2023-08-03 00:00:00+05:30,51.150001525878906,51.5,50.400001525878906,50.95000076293945,5419053,0.0,0.0,2023-08-03,46.97000007629394,2.849856924197754,49.819857000491695,44.12014315209619,52.66971392468945,41.27028622789844,63.658231681590294,187.69000224078442,347492841,7180773.706265638,17482191.223916914,43.58621178526576,83.55178854059426,50.95000076293945,51.5,50.400001525878906,52.04999923706055,49.85000228881836,52.599998474121094,49.30000305175781,0.16888369153444427,-15.75756650982481,1.884261658458101,1.3905254593068865,0.49373619915121436,75.09660335892015,37.25146166425298,51.1,46.97000007629394,44.36399978637695,43.86799983978271,GMRINFRA.NS,2025-02-11 10:50:06.344530
376,2023-08-02 00:00:00+05:30,51.400001525878906,51.849998474121094,50.25,51.099998474121094,10994781,0.0,0.0,2023-08-02,46.65750007629394,2.730638750187553,49.388138826481494,43.92686132610639,52.118777576669046,41.19622257591884,78.34883374678532,216.35474772679873,352911894,14612048.92523243,20057545.603329733,43.55237711978139,86.50168010738017,51.06666564941406,51.883331298828125,50.28333282470703,52.666664123535156,49.46666717529297,53.48332977294922,48.68333435058594,0.20657469232794193,-13.939412434895834,1.8510558070890895,1.2670914095190828,0.5839643975700066,76.43024854217731,35.652400671715704,50.75,46.65750007629394,44.24299980163574,43.753499832153324,GMRINFRA.NS,2025-02-11 10:50:06.344530
377,2023-08-01 00:00:00+05:30,51.75,52.25,50.849998474121094,51.45000076293945,11311367,0.0,0.0,2023-08-01,46.29250011444092,2.5898220959521687,48.882322210393085,43.702678018488754,51.47214430634526,41.11285592253658,104.72812156587078,258.77161125454205,363906675,15135756.286923863,21418919.77285406,43.48135371945334,87.94250681705957,51.516666412353516,52.18333435058594,50.78333282470703,52.91666793823242,50.11666488647461,53.583335876464844,49.383331298828125,0.21506862329808416,-9.69696044921875,1.7657234529913453,1.121100310126581,0.6446231428647642,79.48881653594987,33.93033498744479,50.220000457763675,46.29250011444092,44.12699981689453,43.6314998626709,GMRINFRA.NS,2025-02-11 10:50:06.344530
378,2023-07-31 00:00:00+05:30,50.849998474121094,52.0,50.70000076293945,51.54999923706055,15034584,0.0,0.0,2023-07-31,45.89750003814697,2.35346763423771,48.25096767238468,43.54403240390926,50.60443530662239,41.19056476967155,124.35056331750894,287.33786176086267,375218042,20156899.30691883,22989710.644336607,43.40345517506375,87.69147886779933,51.416666666666664,52.133332570393875,50.83333333333333,52.71666590372721,50.11666742960612,53.43333180745442,49.53333409627278,0.20171379788265062,-5.625009536743164,1.5952488734221006,0.9599445244103899,0.6353043490117107,80.34180215493373,31.154510642713078,49.58000030517578,45.89750003814697,44.004999771118165,43.503999862670895,GMRINFRA.NS,2025-02-11 10:50:06.344530
379,2023-07-28 00:00:00+05:30,49.400001525878906,50.79999923706055,49.20000076293945,50.45000076293945,22759848,0.0,0.0,2023-07-28,45.507500076293944,1.9848955695438304,47.492395645837775,43.52260450675011,49.477291215381605,41.53770893720628,124.79981350137754,269.7064292045771,360183458,29863051.39611667,23697913.478691053,43.29621082903674,86.74193687169266,50.15000025431315,51.099999745686844,49.50000127156575,51.74999872843424,48.550001780192055,52.69999821980794,47.90000279744466,0.17235696946988935,-5.1470369616157265,1.34297098056134,0.8011184371574621,0.5418525434038778,77.92185262872081,28.234832147692714,48.57000045776367,45.507500076293944,43.87699981689453,43.374499855041506,GMRINFRA.NS,2025-02-11 10:50:06.344530
380,2023-07-27 00:00:00+05:30,48.79999923706055,49.79999923706055,48.54999923706055,49.20000076293945,24426760,0.0,0.0,2023-07-27,45.170000076293945,1.6450406129714699,46.815040689265416,43.524959463322475,48.46008130223689,41.879918850351004,138.93083253024062,257.17109785623705,337423610,31256088.08295543,22156628.99933465,43.15074618559401,82.55343357770379,49.18333307902018,49.81666692097981,48.56666692097981,50.43333307902018,47.93333307902018,51.06666692097981,47.31666692097981,0.15014277870289824,-10.344802638718525,1.1079639677505924,0.6656553013064926,0.4423086664440997,74.62585694125964,25.460249316445026,47.32000045776367,45.170000076293945,43.76799980163574,43.25299983978272,GMRINFRA.NS,2025-02-11 10:50:06.344530
381,2023-07-26 00:00:00+05:30,48.599998474121094,49.20000076293945,47.900001525878906,48.45000076293945,21822390,0.0,0.0,2023-07-26,44.839999961853025,1.4437344656420648,46.28373442749509,43.39626549621096,47.72746889313716,41.95253103056889,171.171214190577,251.02754221029628,312996850,27497913.94460128,19881764.228429448,43.01578705856556,80.56189878134558,48.51666768391927,49.13333384195964,47.83333460489909,49.81666692097982,47.216668446858726,50.43333307902019,46.533335367838546,0.11643158693423855,-14.423074806935999,0.9134025048678822,0.5550781346954676,0.3583243701724146,72.32391000603702,22.848056506352368,46.35,44.839999961853025,43.695999755859376,43.139999847412106,GMRINFRA.NS,2025-02-11 10:50:06.344530
382,2023-07-25 00:00:00+05:30,47.0,48.79999923706055,46.70000076293945,48.25,40806033,0.0,0.0,2023-07-25,44.55749988555908,1.2383432533569803,45.79584313891606,43.3191566322021,47.03418639227304,42.08081337884512,252.31060409081033,245.33331173245884,291174460,51206529.341547966,17977726.79938649,42.90527311795029,78.90158116212517,47.916666666666664,49.133332570393875,47.03333409627278,50.01666514078776,45.81666819254557,51.23333104451497,44.93333562215169,0.1582549114468892,-10.476175944010416,0.7243290788306709,0.465497042152364,0.2588320366783069,71.68790583042315,20.29261951422428,45.60999984741211,44.55749988555908,43.63499977111817,43.02999984741211,GMRINFRA.NS,2025-02-11 10:50:06.344530
383,2023-07-24 00:00:00+05:30,44.599998474121094,46.75,44.599998474121094,46.5,20028835,0.0,0.0,2023-07-24,44.26249980926514,0.9903319681497023,45.25283177741484,43.27216784111543,46.243163745564544,42.28183587296573,209.78133299320206,158.8542225453385,250368427,24222127.672821417,9670526.16384612,42.693989678117454,69.94218860324784,45.949999491373696,47.3000005086263,45.14999898274739,48.1000010172526,43.79999796549479,49.450002034505204,42.999997456868485,0.07552610008116714,-7.462689966316777,0.4909801603478101,0.40078903298278723,0.09019112736502288,65.1879905659488,17.722605690375545,44.869999694824216,44.26249980926514,43.59099975585937,42.9194998550415,GMRINFRA.NS,2025-02-11 10:50:06.344530
384,2023-07-21 00:00:00+05:30,44.29999923706055,44.650001525878906,44.0,44.20000076293945,3928656,0.0,0.0,2023-07-21,44.05749988555908,0.9249860344133308,44.98248591997241,43.13251385114575,45.90747195438574,42.20752781673242,-160.67131804177484,64.94279016599874,230339592,4516166.313439929,6032625.786602297,42.618680015474446,52.37178869858715,44.28333409627279,44.56666819254558,43.91666666666667,44.933335622151695,43.63333257039388,45.216669718424484,43.266665140787765,-0.006586245178156556,-61.11109541275071,0.35713222440615056,0.3782412511415315,-0.021109026735380954,51.6377371266424,16.182187099015025,44.57999954223633,44.05749988555908,43.5829997253418,42.829499855041504,GMRINFRA.NS,2025-02-11 10:50:06.344530
385,2023-07-20 00:00:00+05:30,44.849998474121094,45.150001525878906,44.29999923706055,44.349998474121094,6109957,0.0,0.0,2023-07-20,43.96749992370606,0.995288335978221,44.96278825968428,42.972211587727834,45.9580765956625,41.97692325174962,-69.63474569919927,81.23461892959762,234268248,7047505.286089097,6411740.654892889,42.612518636834714,57.92814639362984,44.59999974568685,44.900000254313156,44.049997965494796,45.45000203450521,43.74999745686849,45.750002543131515,43.19999567667644,-0.02418314700516614,-55.55561834899716,0.4068702884882285,0.3835185078253767,0.023351780662851762,52.884328330662946,16.85850891504874,44.699999237060545,43.96749992370606,43.62899971008301,42.77249984741211,GMRINFRA.NS,2025-02-11 10:50:06.344530
386,2023-07-19 00:00:00+05:30,44.599998474121094,44.900001525878906,44.5,44.75,2399291,0.0,0.0,2023-07-19,43.91749992370605,1.00016791911531,44.917667842821366,42.91733200459074,45.91783576193667,41.917164085475434,-19.60762908891922,86.7810571563388,240378205,2792412.7469325927,6252799.497093836,42.60192581762607,67.49990340431987,44.71666717529297,44.93333435058594,44.53333282470703,45.116668701171875,44.31666564941406,45.333335876464844,44.133331298828125,0.03145105212458234,-34.374985098824595,0.4496128794543921,0.3776805626596637,0.07193231679472839,56.24663605602701,17.015505488022132,44.66999969482422,43.91749992370605,43.676999740600586,42.717999877929685,GMRINFRA.NS,2025-02-11 10:50:06.344530
387,2023-07-18 00:00:00+05:30,45.29999923706055,45.29999923706055,44.400001525878906,44.54999923706055,3250250,0.0,0.0,2023-07-18,43.83499984741211,0.9959261347952375,44.83092598220735,42.839073712616866,45.82685211700258,41.84314757782163,16.470650889662526,86.6597931528033,237978914,3765894.204086003,7117896.184634146,42.596770839695054,72.82790648822336,44.75,45.099998474121094,44.20000076293945,45.64999771118164,43.85000228881836,45.999996185302734,43.30000305175781,0.042439777966167026,-37.68117063764103,0.45812994216611,0.35969748346098157,0.09843245870512846,54.915813906936656,17.555099237887834,44.80999984741211,43.83499984741211,43.697999725341795,42.66199989318848,GMRINFRA.NS,2025-02-11 10:50:06.344530
388,2023-07-17 00:00:00+05:30,45.25,45.29999923706055,44.849998474121094,45.04999923706055,3849078,0.0,0.0,2023-07-17,43.73499984741211,1.0204619927629697,44.75546184017508,42.714537854649144,45.77592383293805,41.694075861886176,83.9693536811526,103.00614425714215,241229164,4509777.8289388595,7955896.679771181,42.5904002654737,77.18035925973581,45.06666564941406,45.28333282470703,44.83333206176758,45.516666412353516,44.61666488647461,45.733333587646484,44.383331298828125,0.013291717386042816,-22.535194619448944,0.4817900454400572,0.3350893687846994,0.1467006766553578,59.0879949942017,18.136200199281667,44.81999969482422,43.73499984741211,43.737999725341794,42.61249988555908,GMRINFRA.NS,2025-02-11 10:50:06.344530
389,2023-07-14 00:00:00+05:30,44.5,45.099998474121094,44.099998474121094,44.79999923706055,6100474,0.0,0.0,2023-07-14,43.63749980926514,0.9805849246706114,44.618084733935746,42.65691488459453,45.59866965860636,41.67632995992391,32.61960776902599,80.86930393889547,237380086,7107964.242464537,8817426.392479261,42.58086329371133,69.67141880589215,44.666665395100914,45.233332316080734,44.233332316080734,45.666665395100914,43.666665395100914,46.233332316080734,43.233332316080734,-0.0010591535994540005,-25.609747020348163,0.4555398739432235,0.29841419962085997,0.15712567432236352,57.59211176565648,17.94795344859764,44.69000015258789,43.63749980926514,43.748999710083005,42.556999893188475,GMRINFRA.NS,2025-02-11 10:50:06.344530
390,2023-07-13 00:00:00+05:30,45.5,45.650001525878906,44.0,44.20000076293945,9154654,0.0,0.0,2023-07-13,43.55999984741211,0.9444579452381398,44.50445779265025,42.615541902173966,45.448915737888385,41.67108395693583,36.485419473541,76.18852114807468,231279612,10523685.455279896,9244791.929982942,42.567141397312575,63.948040669699324,44.61666742960612,45.233334859212235,43.58333333333333,46.266668955485024,42.96666590372721,46.88333638509114,41.93333180745442,-0.04393066874433994,-40.24386159156673,0.43965079264889084,0.25913278104026904,0.1805180116086218,53.82998426370953,17.997805423230236,44.76000061035156,43.55999984741211,43.78199974060058,42.49299991607666,GMRINFRA.NS,2025-02-11 10:50:06.344530
391,2023-07-12 00:00:00+05:30,44.95000076293945,45.849998474121094,44.599998474121094,45.45000076293945,8727768,0.0,0.0,2023-07-12,43.50999984741211,0.9352177783273354,44.445217625739446,42.574782069084776,45.38043540406678,41.63956429075744,119.17092328261369,110.96304657367999,240434266,10316698.423608383,8925068.548658703,42.551847926279265,63.34239691627189,45.29999923706055,46.0,44.75,46.54999923706055,44.04999923706055,47.25,43.5,0.04341521911257641,-9.756045367001926,0.4717373368877844,0.21400327813811354,0.25773405874967087,64.98201993077576,18.051492165142268,44.86000061035156,43.50999984741211,43.822999725341795,42.432499923706054,GMRINFRA.NS,2025-02-11 10:50:06.344530
392,2023-07-11 00:00:00+05:30,44.349998474121094,45.099998474121094,44.349998474121094,44.599998474121094,2875965,0.0,0.0,2023-07-11,43.339999771118165,0.8708136327376119,44.21081340385578,42.46918613838055,45.08162703659339,41.59837250564294,85.12528366166197,76.13166766707208,231706498,3335969.6246159393,8577161.079921281,42.52573622313044,62.919596023080416,44.68333180745443,45.016665140787765,44.266665140787765,45.43333180745443,43.93333180745443,45.766665140787765,43.516665140787765,0.005752635550243589,-22.973030095893222,0.3825642406953449,0.14956976345069578,0.2329944772446491,59.7117546037627,17.02872822609395,44.53000030517578,43.339999771118165,43.82999969482422,42.36249992370605,GMRINFRA.NS,2025-02-11 10:50:06.344530
393,2023-07-10 00:00:00+05:30,45.29999923706055,45.29999923706055,44.150001525878906,44.400001525878906,4094165,0.0,0.0,2023-07-10,43.22749977111816,0.8444054935359037,44.07190526465406,42.38309427758226,44.916310758189965,41.53868878404636,96.070637440839,68.5243942394249,228830533,4727722.461384501,9887458.943747615,42.51955962603307,62.924670324688975,44.61666742960612,45.08333333333333,43.93333562215169,45.76666514078776,43.46666971842448,46.23333104451497,42.78333791097005,0.011332424513367268,-28.37835190678119,0.3463115741553793,0.09132114413953349,0.25499043001584576,58.34192361317646,16.77988361869705,44.32000045776367,43.22749977111816,43.85099975585938,,GMRINFRA.NS,2025-02-11 10:50:06.344530
394,2023-07-07 00:00:00+05:30,44.75,45.45000076293945,44.45000076293945,45.150001525878906,9855004,0.0,0.0,2023-07-07,43.124999618530275,0.8186161187755042,43.94361573730578,42.30638349975477,44.762231856081286,41.487767380979264,148.32094553591892,84.21546670735412,232924698,11572261.035334418,11177393.064338394,42.51155442619964,61.28057781388494,45.01666768391927,45.58333460489909,44.58333460489909,46.01666768391927,44.01666768391927,46.58333460489909,43.58333460489909,0.04210977993833253,-8.108085816236791,0.3143466994098034,0.027573536635572042,0.28677316277423137,66.17698073223058,16.511897118423462,44.19000015258789,43.124999618530275,43.86499969482422,,GMRINFRA.NS,2025-02-11 10:50:06.344530
395,2023-07-06 00:00:00+05:30,43.75,44.79999923706055,43.54999923706055,44.70000076293945,12093942,0.0,0.0,2023-07-06,42.972499465942384,0.6965094679127612,43.669008933855146,42.27598999802962,44.36551840176791,41.57948053011686,122.10523596541354,46.43469143526541,223069694,14059797.292592239,11078676.071589386,42.48423790702145,55.90081004065292,44.34999974568685,45.150000254313156,43.900000254313156,45.59999974568685,43.09999974568685,46.400000254313156,42.650000254313156,-0.010673751740423336,-3.2786393159057905,0.19479550826720526,-0.0441197540579858,0.23891526232519106,63.441617792400024,15.677800739701816,43.9,42.972499465942384,43.857999649047855,,GMRINFRA.NS,2025-02-11 10:50:06.344530
396,2023-07-05 00:00:00+05:30,43.599998474121094,44.0,43.400001525878906,43.79999923706055,3026198,0.0,0.0,2023-07-05,42.847499465942384,0.5856789516614054,43.43317841760379,42.26182051428098,44.01885736926519,41.67614156261958,84.67314633552037,13.182806521065512,210975752,3447268.334489914,10333395.766338672,42.455723486107416,54.20066744402456,43.733333587646484,44.06666564941406,43.46666717529297,44.33333206176758,43.13333511352539,44.666664123535156,42.866668701171875,-0.06965539296210863,-19.60784900376533,0.08310056583219705,-0.10384856963928356,0.18694913547148062,56.98040200474165,15.531710892321469,43.47999954223633,42.847499465942384,43.859999618530274,,GMRINFRA.NS,2025-02-11 10:50:06.344530
397,2023-07-04 00:00:00+05:30,44.0,44.29999923706055,43.150001525878906,43.54999923706055,13814960,0.0,0.0,2023-07-04,42.7399995803833,0.5988145239834337,43.33881410436673,42.14118505639986,43.93762862835017,41.54237053241643,99.0794936300097,6.912709472576459,207949554,15647372.835423255,12054927.624300862,42.45138078605529,56.44162188247008,43.666666666666664,44.18333180745442,43.03333409627278,44.816664377848305,42.516668955485024,45.33332951863606,41.88333638509114,-0.08229703404233413,-29.411773505647997,0.027474606993152406,-0.1505858535071537,0.1780604605003061,54.92559967225466,16.52701853964175,43.279999542236325,42.7399995803833,43.87599960327148,,GMRINFRA.NS,2025-02-11 10:50:06.344530
398,2023-07-03 00:00:00+05:30,43.900001525878906,44.29999923706055,43.599998474121094,43.75,6506578,0.0,0.0,2023-07-03,42.639999580383304,0.6229386732436065,43.26293825362691,42.017060907139694,43.885876926870516,41.39412223389609,175.42289694239605,12.73793328035395,221764514,7403453.364151196,11156816.321520261,42.4349361909643,60.72262989784083,43.88333257039388,44.16666666666667,43.46666590372722,44.583333333333336,43.18333180745443,44.866667429606125,42.766665140787765,-0.060465704706030146,-21.568603984938672,-0.01953854647491937,-0.1951009686322302,0.17556242215731083,56.946167854222516,17.598888313678977,43.039999389648436,42.639999580383304,43.893999633789065,,GMRINFRA.NS,2025-02-11 10:50:06.344530
399,2023-06-30 00:00:00+05:30,42.650001525878906,44.099998474121094,42.650001525878906,43.70000076293945,14667901,0.0,0.0,2023-06-30,42.51749954223633,0.6339672091579628,43.151466751394295,41.883532333078364,43.785433960552254,41.249565123920405,155.9268870013071,-6.094444254495256,215257936,16670670.277555492,12095157.060862528,42.42559937753515,60.25755317565274,43.483333587646484,44.31666564941406,42.866668701171875,44.93333053588867,42.0333366394043,45.76666259765625,41.41667175292969,-0.021815734968268777,-17.021190251250733,-0.09913063557619495,-0.2389915741715579,0.13986093859536294,56.57532440598317,17.990080296602596,42.76999969482422,42.51749954223633,43.90699966430664,,GMRINFRA.NS,2025-02-11 10:50:06.344530
400,2023-06-28 00:00:00+05:30,42.900001525878906,43.29999923706055,42.400001525878906,42.599998474121094,13691234,0.0,0.0,2023-06-28,42.37249946594238,0.6792942057859392,43.05179367172832,41.69320526015645,43.73108787751426,41.0139110543705,-12.981559688758844,-36.49558118648773,200590035,15168960.622518506,10951278.756689286,42.404870264738456,50.20575457763165,42.766666412353516,43.133331298828125,42.233333587646484,43.666664123535156,41.866668701171875,44.033329010009766,41.333335876464844,-0.08045890092364912,-56.41035171495028,-0.19460648182751328,-0.27395680882039863,0.07935032699288536,47.30263547500145,18.69109964364904,42.50999984741211,42.37249946594238,43.91999961853028,,GMRINFRA.NS,2025-02-11 10:50:06.344530
401,2023-06-27 00:00:00+05:30,42.400001525878906,43.04999923706055,42.29999923706055,42.79999923706055,10500420,0.0,0.0,2023-06-27,42.26749954223633,0.794764795194789,43.06226433743112,41.47273474704154,43.85702913262591,40.67796995184675,-27.848204767660267,-40.64946442208637,214281269,11688373.447888019,9896858.29023198,42.40186201772344,47.14577218204647,42.71666590372721,43.133332570393875,42.383332570393875,43.46666590372721,41.96666590372721,43.883332570393875,41.633332570393875,-0.08391269725124535,-46.15390634628439,-0.20556235529857503,-0.29379439056861995,0.08823203527004492,49.07173873020646,19.531918955498917,42.65999984741211,42.26749954223633,43.95399963378906,,GMRINFRA.NS,2025-02-11 10:50:06.344530
402,2023-06-26 00:00:00+05:30,42.25,42.849998474121094,41.75,42.349998474121094,11545975,0.0,0.0,2023-06-26,42.169999504089354,0.8440815225746229,43.01408102666398,41.32591798151473,43.8581625492386,40.48183645894011,-94.54812136307156,-57.76763008084283,203780849,12717087.48842322,9448979.50081797,42.397098191541644,47.99724524551806,42.31666564941406,42.883331298828125,41.78333282470703,43.416664123535156,41.21666717529297,43.98332977294922,40.68333435058594,-0.1240212109405912,-69.23085951942659,-0.23617165699725007,-0.3158523993861312,0.07968074238888112,44.75496881578197,19.973674627397738,42.71999969482422,42.169999504089354,43.99099967956543,,GMRINFRA.NS,2025-02-11 10:50:06.344530
403,2023-06-23 00:00:00+05:30,42.45000076293945,42.75,41.849998474121094,42.400001525878906,8102957,0.0,0.0,2023-06-23,42.07999954223633,0.9167161097484966,42.99671565198483,41.16328343248783,43.91343176173332,40.24656732273934,-92.94191617072926,-60.046392259506234,215326824,8935380.55518796,8631952.503916657,42.39772613013571,56.92888810488986,42.333333333333336,42.81666819254558,41.91666666666667,43.23333485921224,41.43333180745443,43.716669718424484,41.016665140787765,-0.27149481526988084,-55.319062591816426,-0.22746422332200922,-0.33577258498335144,0.10830836166134222,45.149815815285656,20.06986988515985,42.75999984741211,42.07999954223633,44.021999740600585,,GMRINFRA.NS,2025-02-11 10:50:06.344530
404,2023-06-22 00:00:00+05:30,43.70000076293945,43.70000076293945,41.849998474121094,42.400001525878906,10836618,0.0,0.0,2023-06-22,42.20999946594238,1.125143309985777,43.33514277592816,41.0848561559566,44.460286085913935,39.95971284597083,-24.539716973096848,-51.34604483685392,223429781,11949872.83792816,8556095.49109883,42.3977046393978,64.48832331740807,42.65000025431315,43.450002034505204,41.599999745686844,44.50000254313151,40.79999796549479,45.30000432332356,39.749997456868485,-0.2817885599167444,-49.999926640501776,-0.21779418495149372,-0.36284967539868695,0.14505549044719324,45.14981581528566,20.173464778134434,42.89999923706055,42.20999946594238,44.047999725341796,,GMRINFRA.NS,2025-02-11 10:50:06.344530
405,2023-06-21 00:00:00+05:30,43.20000076293945,43.599998474121094,42.650001525878906,43.349998474121094,7654601,0.0,0.0,2023-06-21,42.33749942779541,1.2814338887073329,43.61893331650274,41.056065539088074,44.900367205210074,39.77463165038074,84.08400317290777,-33.234301626523575,234266399,8630089.33903174,7707651.154391497,42.39767525581503,73.83071592195415,43.199999491373696,43.749997456868485,42.8000005086263,44.14999643961588,42.25000254313151,44.69999440511067,41.85000356038411,-0.27384746958402184,-12.280772201185634,-0.20211369362937148,-0.39911354801048526,0.19699985438111378,52.77807341451734,20.285028509030138,43.06999893188477,42.33749942779541,44.06699966430664,,GMRINFRA.NS,2025-02-11 10:50:06.344530
406,2023-06-20 00:00:00+05:30,42.54999923706055,43.20000076293945,42.20000076293945,43.099998474121094,3018101,0.0,0.0,2023-06-20,42.4149995803833,1.388306818475265,43.80330639885857,41.02669276190804,45.19161321733383,39.63838594343277,35.39827609546751,-48.85567624572927,226611798,3383098.723371754,7477041.608231436,42.38899123875792,73.37953664852091,42.833333333333336,43.46666590372722,42.46666590372722,43.833333333333336,41.833333333333336,44.46666590372722,41.46666590372722,-0.30113561306536396,-19.67221111165309,-0.2725358898903778,-0.44836351160576365,0.17582762171538585,50.74451971321554,21.413411596650313,43.039999389648436,42.4149995803833,44.07199966430664,,GMRINFRA.NS,2025-02-11 10:50:06.344530
407,2023-06-19 00:00:00+05:30,43.20000076293945,43.349998474121094,42.5,42.54999923706055,7784184,0.0,0.0,2023-06-19,42.52499961853027,1.5257874582797615,44.05078707681003,40.999212160250515,45.5765745350898,39.47342470197075,43.68167593639714,-52.62566647482772,223593697,8614226.701924726,8500527.329446357,42.386425657325596,63.714002784857975,42.79999923706055,43.099998474121094,42.25,43.64999771118164,41.95000076293945,43.94999694824219,41.400001525878906,-0.3079330102465445,-33.82355911095154,-0.33394709737770967,-0.49232041703461005,0.15837331965690038,45.99339034453167,21.971078975917656,42.82999954223633,42.52499961853027,44.08899971008301,,GMRINFRA.NS,2025-02-11 10:50:06.344530
408,2023-06-16 00:00:00+05:30,43.5,43.5,43.0,43.099998474121094,4730158,0.0,0.0,2023-06-16,42.6649995803833,1.651482806702069,44.31648238708537,41.01351677368123,45.96796519378744,39.36203396697916,120.23890304070768,-39.5635291413775,231377881,5302205.42359142,8472102.486326765,42.38488904258002,58.161186667756304,43.199999491373696,43.39999898274739,42.89999898274739,43.699999491373696,42.699999491373696,43.89999898274739,42.39999898274739,-0.2480489775232049,-17.647118221903085,-0.35334565638390103,-0.5319137469488351,0.17856809056493406,50.51825913989838,22.966027876021258,42.789999389648436,42.6649995803833,44.11199974060059,,GMRINFRA.NS,2025-02-11 10:50:06.344530
409,2023-06-15 00:00:00+05:30,43.45000076293945,43.70000076293945,43.150001525878906,43.25,7642550,0.0,0.0,2023-06-15,42.76749973297119,1.7410885699797938,44.50858830295098,41.026411162991394,46.24967687293078,39.2853225930116,182.52745242430672,-34.87639026951849,236108039,8596626.292361375,9264576.752010603,42.38078347572741,43.97289625762304,43.36666742960612,43.58333333333333,43.03333409627278,43.916666666666664,42.81666819254557,44.133332570393875,42.483334859212235,-0.20804757058087636,-24.41859124092124,-0.4269945597253084,-0.5765557695900685,0.14956120986476007,51.80906280227123,24.715083961858053,42.63999938964844,42.76749973297119,44.11899978637695,,GMRINFRA.NS,2025-02-11 10:50:06.344530
410,2023-06-14 00:00:00+05:30,42.25,43.29999923706055,42.04999923706055,43.20000076293945,9470785,0.0,0.0,2023-06-14,42.854999732971194,1.8092528946090347,44.664252627580225,41.04574683836216,46.473505522189264,39.236493943753125,123.0105110106159,-57.586727126908684,228465489,10640777.922168178,9431564.36692291,42.372645084240226,45.94772014036016,42.84999974568685,43.650000254313156,42.400000254313156,44.09999974568685,41.59999974568685,44.900000254313156,41.150000254313156,-0.20561112910278742,-43.362833650887104,-0.5295907368591841,-0.6139460720562585,0.08435533519707439,51.42489619528871,26.373533672183747,42.40999908447266,42.854999732971194,44.06499977111817,,GMRINFRA.NS,2025-02-11 10:50:06.344530
411,2023-06-13 00:00:00+05:30,42.5,42.54999923706055,41.95000076293945,42.04999923706055,4959560,0.0,0.0,2023-06-13,42.974999618530276,1.9101187290725898,44.88511834760287,41.06488088945768,46.795237076675456,39.1547621603851,57.35454031029873,-88.91808443555034,218994704,5423913.916203854,9129260.978111591,42.36293285365116,44.511406375293745,42.18333307902018,42.41666539510091,41.81666692097981,42.783331553141274,41.583334604899086,43.016663869222,41.21666844685872,-0.23383065303957346,-63.716837461532336,-0.64799666398131,-0.6350349058555271,-0.012961758125782818,41.4578613633007,28.064300135379717,42.209999084472656,42.974999618530276,43.98499977111816,,GMRINFRA.NS,2025-02-11 10:50:06.344530
412,2023-06-12 00:00:00+05:30,42.5,42.599998474121094,42.099998474121094,42.349998474121094,5306624,0.0,0.0,2023-06-12,43.14249973297119,1.9706584579792086,45.1131581909504,41.171841274991976,47.083816648929606,39.20118281701277,89.55813611993204,-88.20834795442953,223954264,5844876.822976524,10055597.743588526,42.36486844689769,44.54228598031629,42.349998474121094,42.599998474121094,42.099998474121094,42.849998474121094,41.849998474121094,43.099998474121094,41.599998474121094,-0.23700018162652056,-58.40711788559152,-0.6765162739756363,-0.6317944663240813,-0.04472180765155498,43.62625909305171,28.62420165819788,42.12999954223633,43.14249973297119,43.89399978637695,,GMRINFRA.NS,2025-02-11 10:50:06.344530
413,2023-06-09 00:00:00+05:30,42.150001525878906,42.599998474121094,41.849998474121094,42.349998474121094,9354290,0.0,0.0,2023-06-09,43.32749977111816,2.063816026592846,45.39131579771101,41.263683744525316,47.455131824303855,39.19986771793247,101.14929937055503,-97.25205305517223,229260888,10303099.073233955,11108277.973741526,42.364967514351854,45.05529570426988,42.26666514078776,42.68333180745442,41.93333180745442,43.01666514078776,41.51666514078776,43.43333180745442,41.18333180745442,-0.22731312501410464,-58.40711788559152,-0.7323251499065293,-0.6206140144111926,-0.11171113549533673,43.62625909305171,29.410197643125393,41.96999969482422,43.32749977111816,43.815999832153324,,GMRINFRA.NS,2025-02-11 10:50:06.344530
414,2023-06-08 00:00:00+05:30,42.45000076293945,42.75,42.0,42.099998474121094,7149697,0.0,0.0,2023-06-08,43.51499977111816,2.1393003100292076,45.65430008114737,41.375699461088956,47.793600391176575,39.23639915105975,38.36243894198104,-100.69548740015681,219906598,7828406.419189289,11309572.698868418,42.36514539872831,50.61938042557424,42.28333282470703,42.56666564941406,41.81666564941406,43.03333282470703,41.53333282470703,43.31666564941406,41.06666564941406,-0.2735147478936076,-62.83189545166679,-0.7926815872740178,-0.5926862305373584,-0.19999535673665947,41.4248811290585,30.256654857662713,41.75999984741211,43.51499977111816,43.7439998626709,,GMRINFRA.NS,2025-02-11 10:50:06.344530
415,2023-06-07 00:00:00+05:30,42.150001525878906,42.650001525878906,41.75,42.20000076293945,12417151,0.0,0.0,2023-06-07,43.73499984741211,2.211161965762568,45.94616181317468,41.52383788164954,48.15732377893725,39.31267591588698,6.376539357407724,-109.14949693096099,227056295,13628186.509130128,12179864.2687882,42.367575754724015,46.29842928215225,42.20000076293945,42.650001525878906,41.75,43.10000228881836,41.29999923706055,43.55000305175781,40.849998474121094,-0.2826950629034013,-61.06194391518816,-0.8333245777327889,-0.5426873913531935,-0.29063718637959535,42.03455776220508,31.335102988932775,41.5,43.73499984741211,43.69099990844727,,GMRINFRA.NS,2025-02-11 10:50:06.344530
416,2023-06-06 00:00:00+05:30,41.5,42.099998474121094,41.349998474121094,41.650001525878906,7807290,0.0,0.0,2023-06-06,43.96249980926514,2.277976787181016,46.24047659644616,41.68452302208412,48.518453383627175,39.406546234903104,-27.719455412787568,-139.4090774751756,214639144,8457051.598459322,11817783.708702717,42.37028654559349,40.58117936682124,41.699999491373696,42.0500005086263,41.3000005086263,42.449999491373696,40.949999491373696,42.8000005086263,40.5500005086263,-0.2413632696562774,-71.79483835460653,-0.8825825018744808,-0.4700280947582947,-0.41255440711618613,37.32346958741866,32.34688213726224,41.15999984741211,43.96249980926514,43.64099990844726,,GMRINFRA.NS,2025-02-11 10:50:06.344530
417,2023-06-05 00:00:00+05:30,41.5,42.0,41.099998474121094,41.54999923706055,8170749,0.0,0.0,2023-06-05,44.16999969482422,2.245018091617631,46.41501778644185,41.92498160320659,48.66003587805948,39.67996351158896,-41.32817017544203,-157.42931716941345,206831854,8829508.660073679,12657966.736263564,42.37768786898803,36.30526440134535,41.54999923706055,42.0,41.099998474121094,42.45000076293945,40.64999771118164,42.900001525878906,40.19999694824219,-0.2766934886943953,-73.5042796349888,-0.878108517741218,-0.3668894929792481,-0.5112190247619699,36.45148234535385,32.586912063200124,40.99999923706055,44.16999969482422,43.60499984741211,,GMRINFRA.NS,2025-02-11 10:50:06.344530
418,2023-06-02 00:00:00+05:30,41.099998474121094,41.5,40.849998474121094,41.29999923706055,7492897,0.0,0.0,2023-06-02,44.41999969482422,2.2161134046661903,46.63611309949041,42.20388629015803,48.852226504156604,39.987772885491836,-61.70800642012408,-186.18051795206162,198661105,8048286.976411385,13615081.255311033,42.38668552127512,31.68398689386686,41.21666590372721,41.58333333333333,40.93333180745442,41.86666742960612,40.566664377848305,42.233334859212235,40.283330281575516,-0.27140828365088465,-79.36508897631073,-0.8492270775242332,-0.2390847367887556,-0.6101423407354776,34.330564773638045,32.68605508699615,40.79999923706055,44.41999969482422,43.5989998626709,,GMRINFRA.NS,2025-02-11 10:50:06.344530
419,2023-06-01 00:00:00+05:30,40.79999923706055,41.20000076293945,40.650001525878906,40.79999923706055,6279111,0.0,0.0,2023-06-01,44.634999656677245,2.1031994226246296,46.73819907930187,42.53180023405262,48.841398501926506,40.428600811427984,-88.339604556977,-213.35320994836826,191168208,6662879.555943953,15006779.825035943,42.397627742373786,24.873913005128117,40.88333384195963,41.11666615804036,40.56666692097981,41.43333307902018,40.333334604899086,41.66666539510091,40.016667683919266,-0.3104293960714131,-87.7862697672685,-0.7747617930415203,-0.08654915160488617,-0.6882126414366341,29.991304894918343,31.980662475336505,41.539999389648436,44.634999656677245,43.626999893188476,,GMRINFRA.NS,2025-02-11 10:50:06.344530
420,2023-05-31 00:00:00+05:30,40.95000076293945,41.25,40.29999923706055,40.5,14188091,0.0,0.0,2023-05-31,44.917499732971194,1.9335865686443405,46.85108630161554,42.98391316432685,48.784672870259875,41.05032659568251,-126.6771844306987,-219.62866293377803,184889097,14944542.889420522,17092754.89230894,42.41122357190502,20.77520718556943,40.68333307902018,41.06666692097981,40.11666615804036,41.63333384195963,39.73333231608073,42.016667683919266,39.16666539510091,-0.2945978995534838,-92.7007283010504,-0.6184424243774274,0.08550400875427236,-0.7039464331316997,27.315459636239098,30.709203981292834,42.369999694824216,44.917499732971194,43.645999908447266,,GMRINFRA.NS,2025-02-11 10:50:06.344530
421,2023-05-30 00:00:00+05:30,40.75,41.54999923706055,40.400001525878906,40.849998474121094,19190583,0.0,0.0,2023-05-30,45.20499973297119,1.6486758869057623,46.85367561987695,43.556323846065425,48.502351506782716,41.90764795915966,-185.06550829166255,-193.95477280093678,199077188,20388433.568591792,17629807.893031042,42.44869494198545,27.073757635594305,40.93333307902018,41.466664632161454,40.31666692097981,42.08333079020182,39.78333536783854,42.616662343343094,39.16666920979817,-0.2525936747075704,-88.43539250907483,-0.37939054381096327,0.2614906170371973,-0.6408811608481606,28.495359805671526,29.339940987707344,43.25,45.20499973297119,43.662999877929686,,GMRINFRA.NS,2025-02-11 10:50:06.344530
422,2023-05-29 00:00:00+05:30,44.29999923706055,44.29999923706055,40.0,40.54999923706055,45153505,0.0,0.0,2023-05-29,45.45249977111816,1.2938594751820949,46.74635924630026,44.15864029593607,48.040218721482354,42.86478082075397,-333.3333333333319,-142.01442275838022,179886605,47619624.368523285,16940151.474140853,42.49224519538418,35.91625553139666,41.61666615804037,43.233332316080734,38.93333307902019,45.916665395100914,37.31666692097982,47.53333155314128,34.63333384195964,-0.24009209560593275,-92.5170156293629,-0.10205290184291727,0.4217109072492374,-0.5237638090921546,25.949507354252248,27.919474991423822,44.14000015258789,45.45249977111816,43.634999923706054,,GMRINFRA.NS,2025-02-11 10:50:06.344530
423,2023-05-26 00:00:00+05:30,45.20000076293945,45.650001525878906,44.5,45.0,12924791,0.0,0.0,2023-05-26,45.70749988555908,0.5854089339154317,46.29290881947451,45.12209095164365,46.87831775338994,44.53668201772822,-59.73260509197875,29.78066014334309,225040110,15126543.132883321,9270283.250545247,42.625260217308,44.68071779183396,45.050000508626304,45.60000101725261,44.4499994913737,46.20000203450521,43.8999989827474,46.750002543131515,43.299997965494796,-0.052141360957002086,-81.03449409839558,0.2841149570818686,0.552651859522276,-0.2685369024404074,50.92162039285251,26.38974238004157,45.1,45.70749988555908,43.600999908447264,,GMRINFRA.NS,2025-02-11 10:50:06.344530
424,2023-05-25 00:00:00+05:30,44.599998474121094,45.5,44.599998474121094,44.95000076293945,4923087,0.0,0.0,2023-05-25,45.71249980926514,0.5794448645649765,46.291944673830116,45.13305494470016,46.87138953839509,44.553610080135186,-72.16194717117385,31.557151124735284,212115319,5755338.36189968,7806218.279960728,42.577776719933475,41.68095367304881,45.016666412353516,45.43333435058594,44.53333282470703,45.91666793823242,44.11666488647461,46.333335876464844,43.633331298828125,-0.08994592448007728,-82.75860708192529,0.33596441409635247,0.6197860851323779,-0.2838216710360254,50.42385553347802,27.565825617875213,45.130000305175784,45.71249980926514,43.48999992370605,,GMRINFRA.NS,2025-02-11 10:50:06.344530
425,2023-05-24 00:00:00+05:30,45.04999923706055,45.29999923706055,44.650001525878906,44.900001525878906,4547387,0.0,0.0,2023-05-24,45.70499973297119,0.590695314910255,46.295695047881445,45.11430441806093,46.8863903627917,44.523609103150676,-86.83848379970512,31.578515020786703,207192232,5310212.722688978,8318938.259475989,42.55957062898642,36.630852478413445,44.95000076293945,45.25,44.60000228881836,45.599998474121094,44.30000305175781,45.89999771118164,43.95000457763672,-0.10092540991803717,-84.482720065455,0.40218122840727943,0.6907415028913843,-0.2885602744841048,49.952518501829985,29.07991385921625,45.14000015258789,45.70499973297119,43.37199989318847,,GMRINFRA.NS,2025-02-11 10:50:06.344530
426,2023-05-23 00:00:00+05:30,45.45000076293945,45.650001525878906,44.95000076293945,45.29999923706055,6388824,0.0,0.0,2023-05-23,45.69999961853027,0.5982431255183734,46.29824274404864,45.1017564930119,46.896485869567016,44.503513367493525,-55.555501834955535,46.36398638485521,211739619,7527014.735580174,9071119.643672742,42.54286084199747,42.52634591226064,45.300000508626304,45.650000254313156,44.9499994913737,46.00000127156576,44.59999974568685,46.35000101725261,44.24999872843425,-0.0907138515115293,-70.68968465582853,0.48578932873697056,0.7628815715124104,-0.27709224277543987,53.748559992992796,31.042936553631833,45.279999542236325,45.69999961853027,43.2639998626709,,GMRINFRA.NS,2025-02-11 10:50:06.344530
427,2023-05-22 00:00:00+05:30,45.0,45.5,44.70000076293945,45.349998474121094,8466292,0.0,0.0,2023-05-22,45.6649995803833,0.6417699237876471,46.30676950417095,45.02322965659565,46.94853942795859,44.38145973280801,-81.57618314974069,44.32789134676652,218128443,9985600.043252418,9457145.870695882,42.51492440808763,46.07092858534528,45.18333307902018,45.66666539510091,44.86666615804036,45.98333231608073,44.38333384195963,46.466664632161454,44.06666692097981,-0.06419630015065132,-68.96557167229884,0.5460788745921406,0.8321546322062703,-0.28607575761412973,54.226874401677,32.599959858529374,45.3,45.6649995803833,43.13599990844727,,GMRINFRA.NS,2025-02-11 10:50:06.344530
428,2023-05-19 00:00:00+05:30,45.04999923706055,45.25,44.45000076293945,45.150001525878906,6689415,0.0,0.0,2023-05-19,45.619999694824216,0.6944138270939691,46.31441352191818,44.92558586773025,47.00882734901215,44.23117204063628,-134.2281096815742,38.459712266364576,209662151,7855060.89634074,9325032.327556748,42.47633927685052,46.88303088790907,44.95000076293945,45.45000076293945,44.650001525878906,45.75,44.150001525878906,46.25,43.85000228881836,-0.07863907413430453,-75.86202360641764,0.6100696732175308,0.9036735716098027,-0.29360389839227186,52.66217752754182,34.50697354557578,45.44000015258789,45.619999694824216,43.00299995422363,,GMRINFRA.NS,2025-02-11 10:50:06.344530
429,2023-05-18 00:00:00+05:30,45.650001525878906,45.849998474121094,44.900001525878906,45.0,4768281,0.0,0.0,2023-05-18,45.58249969482422,0.7398923447774265,46.322392039601645,44.8426073500468,47.062284384379076,44.10271500526937,-141.59287534280583,49.916689682745144,202972736,5580562.828150026,9692525.185360748,42.44727547007537,53.127181207756145,45.25,45.599998474121094,44.650001525878906,46.19999694824219,44.30000305175781,46.54999542236328,43.70000457763672,-0.13779217702388985,-95.91842454363707,0.7024504758569563,0.9770745462078705,-0.2746240703509142,51.507744860707966,36.949092086200686,45.62999954223633,45.58249969482422,42.87199989318847,,GMRINFRA.NS,2025-02-11 10:50:06.344530
430,2023-05-17 00:00:00+05:30,45.400001525878906,45.70000076293945,45.04999923706055,45.599998474121094,4715032,0.0,0.0,2023-05-17,45.54999961853027,0.7800135363443064,46.33001315487458,44.769986082185966,47.110026691218884,43.98997254584166,-151.57895610382806,58.47224760563333,207741017,5591819.186975623,10720515.774663428,42.42734113022455,61.19886120030302,45.449999491373696,45.849999745686844,45.19999821980794,46.1000010172526,44.79999796549479,46.50000127156575,44.54999669392903,-0.12767795044138983,-66.03779288623123,0.8248555859385931,1.045730563795599,-0.22087497785700583,56.6380595416004,38.782522698858266,45.92999954223633,45.54999961853027,42.73799987792969,,GMRINFRA.NS,2025-02-11 10:50:06.344530
431,2023-05-16 00:00:00+05:30,46.099998474121094,46.29999923706055,45.29999923706055,45.400001525878906,4916050,0.0,0.0,2023-05-16,45.484999656677246,0.8282989032069481,46.313298559884196,44.6567007534703,47.141597463091145,43.82840185026335,-161.1110728464066,67.57384646576735,203025985,5804646.893958462,12002689.92158538,42.40265173531917,65.34740020087511,45.666666666666664,46.03333409627278,45.03333409627278,46.666666666666664,44.666666666666664,47.03333409627278,44.03333409627278,-0.1410260236331552,-72.22219082550141,0.9099826485775608,1.1009493082598505,-0.19096665968228965,55.25871099156525,40.75698643556642,46.15999984741211,45.484999656677246,42.583999938964844,,GMRINFRA.NS,2025-02-11 10:50:06.344530
432,2023-05-15 00:00:00+05:30,46.099998474121094,46.54999923706055,45.599998474121094,46.04999923706055,18043618,0.0,0.0,2023-05-15,45.447499656677245,0.8490668123304964,46.29656646900774,44.598432844346746,47.145633281338235,43.749366032016255,-55.96138003340585,81.38388311309906,207942035,21610106.07663483,13552200.678492108,42.37813320357625,70.34574685796672,46.06666564941406,46.53333282470703,45.58333206176758,47.016666412353516,45.11666488647461,47.483333587646484,44.633331298828125,-0.0804186493574757,-41.26984703658358,1.0248801380925627,1.148690973180423,-0.12381083508786017,61.12678445293037,42.44201557486119,46.23999938964844,45.447499656677245,42.42499992370605,,GMRINFRA.NS,2025-02-11 10:50:06.344530
433,2023-05-12 00:00:00+05:30,46.849998474121094,46.849998474121094,46.0,46.099998474121094,8533066,0.0,0.0,2023-05-12,45.339999771118165,0.9031522223150107,46.24315199343317,44.43684754880316,47.14630421574819,43.53369532648814,26.212566993047567,90.74800174101274,225985653,10230801.606608383,11537724.328956427,42.26447780385685,80.84970400858597,46.31666564941406,46.633331298828125,45.78333282470703,47.166664123535156,45.46666717529297,47.48332977294922,44.93333435058594,-0.09696214496477455,-38.46153846153846,1.0924403290508096,1.179643681952388,-0.08720335290157832,61.593986860856134,43.70901905771292,46.33999938964844,45.339999771118165,42.24799995422363,,GMRINFRA.NS,2025-02-11 10:50:06.344530
434,2023-05-11 00:00:00+05:30,46.900001525878906,47.349998474121094,46.45000076293945,46.5,8537192,0.0,0.0,2023-05-11,45.21999988555908,0.9548213959290875,46.17482128148817,44.265178489629996,47.12964267741726,43.31035709370091,120.08459627970836,106.33381599417476,234518719,10324562.29188515,11864455.009543438,42.207499005168216,82.31707330241233,46.766666412353516,47.08333206176758,46.18333435058594,47.666664123535156,45.866668701171875,47.98332977294922,45.2833366394043,-0.04632832184797531,-24.99997195073652,1.1574615527785,1.2014445201777824,-0.043982967399282424,65.30167453859826,44.29726241825024,46.23999938964844,45.21999988555908,42.07599998474121,,GMRINFRA.NS,2025-02-11 10:50:06.344530
435,2023-05-10 00:00:00+05:30,45.79999923706055,46.849998474121094,45.70000076293945,46.75,11099648,0.0,0.0,2023-05-10,45.062499809265134,0.991659257308699,46.05415906657383,44.07084055195644,47.04581832388253,43.07918129464774,79.9896437989607,101.00550135082578,243055911,13495670.57746737,12249428.18895801,42.142738151562625,82.51602735379316,46.43333307902018,47.16666539510091,46.016667683919266,47.58333079020182,45.28333536783854,48.31666310628255,44.866669972737625,-0.029070829935272702,-6.6666920979817705,1.1837770366269638,1.212440262027603,-0.028663225400639147,67.66556796551839,43.97494444686323,46.22999954223633,45.062499809265134,41.91599998474121,,GMRINFRA.NS,2025-02-11 10:50:06.344530
436,2023-05-09 00:00:00+05:30,46.650001525878906,46.900001525878906,45.70000076293945,45.79999923706055,12432885,0.0,0.0,2023-05-09,44.90499973297119,0.9591526235619783,45.86415235653317,43.945847109409215,46.823304980095145,42.98669448584724,51.093272646784094,96.94910628350591,231956263,14809521.77414026,11937867.591830669,42.050556875554875,82.015712150554,46.13333384195963,46.56666692097981,45.36666615804036,47.333334604899086,44.93333307902018,47.766667683919266,44.16666539510091,-0.07652201495929047,-38.33338419596354,1.1749116025143564,1.2196060683777628,-0.04469446586340631,62.93058750399366,44.04002446545603,46.12999954223633,44.90499973297119,41.75900001525879,,GMRINFRA.NS,2025-02-11 10:50:06.344530
437,2023-05-08 00:00:00+05:30,46.95000076293945,46.95000076293945,45.900001525878906,46.54999923706055,6608306,0.0,0.0,2023-05-08,44.812499809265134,0.9575015611684305,45.77000137043356,43.854998248096706,46.727502931602,42.89749668692827,100.00000722480492,110.26535305317344,244389148,8000432.591792379,11219954.046253271,41.96460152112468,84.25171984124636,46.46666717529297,47.03333282470703,45.983333587646484,47.516666412353516,45.41666793823242,48.08333206176758,44.93333435058594,-0.013685353852202375,-12.500044703472923,1.2393201506064244,1.2307796848436143,0.00854046576281009,70.49868943533177,44.11011063932519,46.12999954223633,44.812499809265134,41.62600006103516,,GMRINFRA.NS,2025-02-11 10:50:06.344530
438,2023-05-05 00:00:00+05:30,46.25,46.79999923706055,45.45000076293945,45.599998474121094,6882807,0.0,0.0,2023-05-05,44.66999988555908,0.895368223414878,45.565368108973956,43.7746316621442,46.460736332388834,42.879263438729325,62.67019489739767,100.84415472995181,237780842,8162704.355527198,12024834.409868494,41.908039377179165,84.7847771983121,45.949999491373696,46.44999821980794,45.099999745686844,47.29999796549479,44.6000010172526,47.79999669392903,43.75000127156575,0.010872794671168213,-37.68123954413825,1.2291413955029853,1.2286445684029117,0.0004968271000735935,65.63821632987845,43.77588132882103,45.95,44.66999988555908,41.48700004577637,,GMRINFRA.NS,2025-02-11 10:50:06.344530
439,2023-05-04 00:00:00+05:30,46.20000076293945,46.900001525878906,46.0,46.45000076293945,8160122,0.0,0.0,2023-05-04,44.5625,0.9068272286872161,45.46932722868721,43.65567277131279,46.37615445737443,42.74884554262557,129.9374423917813,119.08535670427621,244663649,9857936.686727442,12990366.923453815,41.859988977534236,89.90934141208623,46.45000076293945,46.900001525878906,46.0,47.35000228881836,45.54999923706055,47.80000305175781,45.099998474121094,0.15123660392618452,-13.04349749059318,1.291046831220605,1.2285203616278932,0.06252646959271169,76.04783239222154,43.5214328421083,45.85,44.5625,41.365000076293946,,GMRINFRA.NS,2025-02-11 10:50:06.344530
440,2023-05-03 00:00:00+05:30,45.650001525878906,46.900001525878906,45.5,46.25,13862360,0.0,0.0,2023-05-03,44.267499923706055,1.1792365767131807,45.446736500419235,43.088263346992875,46.625973077132414,41.909026770279695,145.34641421923234,118.91399790276951,236503527,16674489.916212581,13773474.482635409,41.78805427238798,85.04223642516038,46.21666717529297,46.93333435058594,45.53333282470703,47.616668701171875,44.81666564941406,48.333335876464844,44.133331298828125,0.19142107881075582,-16.250038146972656,1.2670308859115025,1.2128887442297152,0.054142141681787326,75.18809782722346,42.12044066214083,45.51999969482422,44.267499923706055,41.204000091552736,,GMRINFRA.NS,2025-02-11 10:50:06.344530
441,2023-05-02 00:00:00+05:30,45.650001525878906,46.150001525878906,45.400001525878906,45.79999923706055,10257295,0.0,0.0,2023-05-02,43.91499996185303,1.5506449575485344,45.46564491940156,42.36435500430449,47.0162898769501,40.81371004675596,147.33537883812136,113.32647972927434,222641167,12218051.855726166,13048220.624241116,41.66601246912307,79.94406295932751,45.78333409627279,46.16666666666667,45.41666666666667,46.53333409627279,45.03333409627279,46.91666666666667,44.66666666666667,0.21800226904811895,-10.769301194411058,1.236782805526282,1.1993532088092684,0.037429596717013514,73.17654162344868,40.611679852945095,45.22999954223633,43.91499996185303,41.04200012207031,,GMRINFRA.NS,2025-02-11 10:50:06.344530
442,2023-04-28 00:00:00+05:30,45.45000076293945,45.70000076293945,45.25,45.650001525878906,9432892,0.0,0.0,2023-04-28,43.5,2.049903704790011,45.54990370479001,41.45009629520999,47.59980740958002,39.40019259041998,161.50866481446255,112.44194222356981,212383872,11199259.444709856,13255762.816369852,41.580618194706524,74.28218946803132,45.53333409627279,45.81666819254558,45.366667429606125,45.98333485921224,45.083333333333336,46.26666895548503,44.91666666666667,0.19732368468743275,-15.384615384615385,1.2236352200873242,1.189995809630015,0.03363941045730923,72.4861140850083,39.377327389080506,44.98999938964844,43.5,40.89500015258789,,GMRINFRA.NS,2025-02-11 10:50:06.344530
443,2023-04-27 00:00:00+05:30,44.79999923706055,46.150001525878906,44.70000076293945,45.099998474121094,19626606,0.0,0.0,2023-04-27,43.13999996185303,2.2725823934231215,45.41258235527615,40.86741756842991,47.68516474869927,38.594835175006786,186.48857350787026,112.58031014267976,202950980,23021063.27928474,13769888.65928485,41.50181756378679,75.70279485683282,45.31666692097982,45.93333307902019,44.483332316080734,46.76666768391927,43.86666615804037,47.38333384195964,43.03333155314128,0.14001800546426454,-32.30778620793269,1.203034900890387,1.1815859570156875,0.021448943874699422,69.84325141550444,38.31409350708957,44.74999923706055,43.13999996185303,,,GMRINFRA.NS,2025-02-11 10:50:06.344530
444,2023-04-26 00:00:00+05:30,44.849998474121094,45.150001525878906,44.650001525878906,44.79999923706055,8563719,0.0,0.0,2023-04-26,42.82250003814697,2.4229425936348337,45.245442631781806,40.39955744451213,47.668385225416635,37.976614850877304,126.96425242095897,106.84759405346328,183324374,9978012.927276494,11457095.004284877,41.35075926653246,74.93440771595196,44.86666742960612,45.08333333333333,44.58333333333333,45.36666742960612,44.36666742960612,45.58333333333333,44.08333333333333,0.17205704096789082,-23.529473362973246,1.2125994154872615,1.1762237210470126,0.03637569444024891,68.30104878433816,37.169072403407014,44.60999984741211,42.82250003814697,,,GMRINFRA.NS,2025-02-11 10:50:06.344530
445,2023-04-25 00:00:00+05:30,44.599998474121094,45.400001525878906,44.20000076293945,44.79999923706055,13527189,0.0,0.0,2023-04-25,42.555000114440915,2.4875954308577684,45.04259554529868,40.06740468358315,47.530190976156454,37.579809252725376,116.63230673171762,111.74787107318743,191888093,15761197.525480738,11826865.523536973,41.2863969910131,78.52256473414252,44.800000508626304,45.400000254313156,44.1999994913737,46.00000127156576,43.59999974568685,46.60000101725261,42.99999872843425,0.1836424224905394,-12.500039736404586,1.2360175535000124,1.1671297974369503,0.06888775606306208,68.30104878433816,36.58584706645826,44.51999969482422,42.555000114440915,,,GMRINFRA.NS,2025-02-11 10:50:06.344530
446,2023-04-24 00:00:00+05:30,44.70000076293945,44.75,44.099998474121094,44.599998474121094,9107250,0.0,0.0,2023-04-24,42.30000019073486,2.5066751992857776,44.806675390020644,39.79332499144908,47.31335058930642,37.28664979216331,69.18222199445955,110.23823490478178,178360904,10563935.709851652,10843282.52305103,41.17968850016703,78.26703492967114,44.48333231608073,44.86666615804036,44.216664632161454,45.13333384195963,43.83333079020182,45.516667683919266,43.56666310628255,0.17023169066288366,-8.40336565462803,1.247272327872409,1.1499078584211848,0.09736446945122412,67.34098660941311,35.9577582420519,44.41999969482422,42.30000019073486,,,GMRINFRA.NS,2025-02-11 10:50:06.344530
447,2023-04-21 00:00:00+05:30,44.54999923706055,44.650001525878906,43.95000076293945,44.45000076293945,6214319,0.0,0.0,2023-04-21,42.062500190734866,2.502308217031082,44.56480840776595,39.56019197370378,47.06711662479703,37.0578837566727,57.47145617182729,114.32669125404692,169253654,7184043.662162778,10913119.226350872,41.10829420069084,78.45849112724298,44.3500010172526,44.75000127156575,44.0500005086263,45.050001780192055,43.65000025431315,45.450002034505204,43.349999745686844,0.11948258109365244,-8.552603180052744,1.2624808288678722,1.1255667410583787,0.13691408780949343,66.63727856564776,35.759732801070015,44.43000030517578,42.062500190734866,,,GMRINFRA.NS,2025-02-11 10:50:06.344530
448,2023-04-20 00:00:00+05:30,44.349998474121094,45.099998474121094,44.25,44.400001525878906,10637469,0.0,0.0,2023-04-20,41.90250015258789,2.443222410335326,44.345722562923214,39.45927774225257,46.788944973258545,37.01605533191724,113.39561863786575,130.9519117660595,163039335,12283579.465796154,11845388.117397895,41.06001024553148,77.64874086680163,44.583333333333336,44.91666666666667,44.06666819254558,45.43333180745443,43.73333485921224,45.766665140787765,43.216669718424484,0.06761419441810514,-8.860723430988003,1.2775963232304477,1.0913382191060053,0.18625810412444244,66.41327695063558,35.62374796948327,44.32000045776367,41.90250015258789,,,GMRINFRA.NS,2025-02-11 10:50:06.344530
449,2023-04-19 00:00:00+05:30,44.400001525878906,44.79999923706055,44.099998474121094,44.349998474121094,7428629,0.0,0.0,2023-04-19,41.81750011444092,2.3805281718797673,44.198028286320685,39.43697194256115,46.57855645820045,37.05644377068138,101.58707476237922,137.2132806261259,152401866,8568522.191873811,11735840.28029833,40.97530678421516,69.7870241773991,44.416665395100914,44.733332316080734,44.03333155314128,45.11666615804037,43.71666463216146,45.43333307902019,43.33333079020183,0.15870659030846043,-7.142896068335588,1.2825153837047054,1.0447736930748948,0.23774169062981065,66.20256520954722,34.97270049725889,44.18000030517578,41.81750011444092,,,GMRINFRA.NS,2025-02-11 10:50:06.344530
450,2023-04-18 00:00:00+05:30,44.75,44.849998474121094,43.75,44.29999923706055,9065127,0.0,0.0,2023-04-18,41.687500190734866,2.304736334794828,43.99223652552969,39.38276385594004,46.29697286032452,37.07802752114521,79.7040190747669,145.68942312748678,144973237,10444346.19546042,12527669.802404458,40.914462371533176,66.65530494775832,44.29999923706055,44.849998474121094,43.75,45.39999771118164,43.20000076293945,45.94999694824219,42.650001525878906,0.1939031187820125,-7.792236745043,1.2743057634440333,0.985338270417442,0.2889674930265913,66.00452309390165,34.470896298840785,43.98000030517578,41.687500190734866,,,GMRINFRA.NS,2025-02-11 10:50:06.344530
451,2023-04-17 00:00:00+05:30,43.54999923706055,44.900001525878906,43.45000076293945,44.650001525878906,11911474,0.0,0.0,2023-04-17,41.54000015258789,2.2216401338478207,43.761640286435714,39.31836001874007,45.983280420283535,37.09671988489225,74.34290879045545,161.180707435563,154038364,13832180.018786762,13048500.704140466,40.83829987475668,69.22670852871168,44.333334604899086,45.21666844685872,43.766667683919266,45.78333536783854,42.88333384195963,46.66666920979817,42.31666692097981,0.22748387156405983,-3.2467529250550777,1.2494114659504376,0.9130963971607942,0.33631506878964346,68.6180410635824,33.93049177746743,43.84000015258789,41.54000015258789,,,GMRINFRA.NS,2025-02-11 10:50:06.344530
452,2023-04-13 00:00:00+05:30,43.650001525878906,44.70000076293945,43.5,43.900001525878906,11309050,0.0,0.0,2023-04-13,41.28000011444092,2.141347353915215,43.42134746835613,39.1386527605257,45.56269482227135,36.99730540661049,64.7155891393187,166.53982308577977,142126890,12912023.469574738,12852580.875478892,40.72219365760209,64.72546790768574,44.03333409627279,44.56666819254558,43.366667429606125,45.23333485921224,42.833333333333336,45.76666895548503,42.16666666666667,0.20196918650171994,-10.666656494140625,1.164138822291676,0.8290176299633834,0.3351211923282926,65.9340515574043,33.3485176775269,43.7,41.28000011444092,,,GMRINFRA.NS,2025-02-11 10:50:06.344530
453,2023-04-12 00:00:00+05:30,43.349998474121094,43.95000076293945,42.900001525878906,43.70000076293945,7294155,0.0,0.0,2023-04-12,41.027499961853025,2.11370683804986,43.14120679990288,38.91379312380317,45.25491363795275,36.8000862857533,57.62177759158918,,130817840,8290105.9230208,12837720.22695493,40.62755473530299,59.19982891161283,43.51666768391927,44.13333384195964,43.08333460489909,44.56666692097982,42.466668446858726,45.18333307902019,42.033335367838546,0.20768843561491399,-12.16213499392999,1.1111891675726184,0.7452373318813101,0.3659518356913083,65.19699371319177,32.83592465186232,43.65999984741211,41.027499961853025,,,GMRINFRA.NS,2025-02-11 10:50:06.344530
454,2023-04-11 00:00:00+05:30,43.20000076293945,44.099998474121094,43.20000076293945,43.349998474121094,6046340,0.0,0.0,2023-04-11,40.814999961853026,2.0433524252010002,42.858352387054026,38.771647536652026,44.901704812255026,36.728295111451025,70.04096685718079,,123523685,6816874.501252401,13974623.802938461,40.567382168865535,57.52702977608635,43.54999923706055,43.89999771118164,43.0,44.44999694824219,42.650001525878906,44.79999542236328,42.10000228881836,0.21252969680715544,-16.891897116551924,1.0462584095085816,0.6537493729584829,0.3925090365500987,63.92877140612052,32.73094687801822,43.60999984741211,40.814999961853026,,,GMRINFRA.NS,2025-02-11 10:50:06.344530
455,2023-04-10 00:00:00+05:30,43.900001525878906,44.099998474121094,43.099998474121094,43.599998474121094,7235715,0.0,0.0,2023-04-10,40.6,1.9880564956404025,42.5880564956404,38.6119435043596,44.57611299128081,36.623887008719194,89.43592851895886,,129570025,8204867.534443639,15764061.128359977,40.521463057955835,64.77895744197477,43.599998474121094,44.099998474121094,43.099998474121094,44.599998474121094,42.599998474121094,45.099998474121094,42.099998474121094,0.2181730065323428,-13.51351769324154,0.9817448854388786,0.5556221138209583,0.42612277161792034,65.512161178669,32.23256337906184,43.05,40.6,,,GMRINFRA.NS,2025-02-11 10:50:06.344530
456,2023-04-06 00:00:00+05:30,43.599998474121094,44.599998474121094,43.150001525878906,43.95000076293945,17931991,0.0,0.0,2023-04-06,40.39500007629395,1.870329463633603,42.26532953992755,38.524670612660344,44.13565900356115,36.65434114902674,132.04029743428345,,136805740,20497035.175371304,17653859.52683906,40.45944251429416,70.6308843951851,43.90000025431315,44.64999898274739,43.200002034505204,45.349997202555336,42.45000330607096,46.09999593098958,41.750005086263016,0.23254545587021117,-8.783755570619604,0.859651890449058,0.44909142091647813,0.41056046953257985,67.6917292551486,31.695842687878034,42.17000045776367,40.39500007629395,,,GMRINFRA.NS,2025-02-11 10:50:06.344530
457,2023-04-05 00:00:00+05:30,43.04999923706055,44.04999923706055,42.849998474121094,43.70000076293945,15870617,0.0,0.0,2023-04-05,40.14250011444092,1.6980852981668972,41.840585412607815,38.444414816274026,43.53867071077472,36.746329518107125,178.7402745342867,,118873749,18037606.274296965,16943065.614706,40.27600990419643,72.7980003281478,43.53333282470703,44.21666717529297,43.016666412353516,44.733333587646484,42.33333206176758,45.41666793823242,41.81666564941406,0.23265131752224083,-5.1094679136552825,0.6558409079580088,0.34645130353333314,0.3093896044246756,66.96270792475653,31.060080457482513,40.880000305175784,40.14250011444092,,,GMRINFRA.NS,2025-02-11 10:50:06.344530
458,2023-04-03 00:00:00+05:30,40.70000076293945,43.70000076293945,40.599998474121094,43.45000076293945,33649897,0.0,0.0,2023-04-03,39.89250011444092,1.5037037332808971,41.39620384772182,38.38879638116002,42.899907581002715,36.88509264787913,163.88889330404817,,103003132,38025696.26297868,16669430.449808255,40.108991842631625,71.94306180252092,42.583333333333336,44.56666819254558,41.46666590372722,45.683335622151695,39.483331044514976,47.66667048136394,38.36666361490886,0.21435294988009898,-3.8461538461538463,0.40958531813299714,0.2691039024271642,0.14048141570583295,66.25567010218512,30.644657421104963,39.83000030517578,39.89250011444092,,,GMRINFRA.NS,2025-02-11 10:50:06.344530
459,2023-03-31 00:00:00+05:30,39.400001525878906,40.70000076293945,39.150001525878906,40.54999923706055,12953895,0.0,0.0,2023-03-31,39.65,1.2732055886466453,40.923205588646645,38.37679441135335,42.19641117729329,37.103588822706705,18.947402718611308,,69353235,13661389.387364097,11330363.996515648,39.723592267283834,63.81426848943202,40.13333384195963,41.11666615804036,39.56666692097981,41.68333307902018,38.583334604899086,42.66666539510091,38.016667683919266,0.11381057222259537,-44.62811741198294,0.11271891421865377,0.2339835485007059,-0.12126463428205214,56.14649194977037,30.371659321148258,38.89000015258789,39.65,,,GMRINFRA.NS,2025-02-11 10:50:06.344530
460,2023-03-29 00:00:00+05:30,37.70000076293945,39.650001525878906,37.5,39.20000076293945,12104832,0.0,0.0,2023-03-29,39.5375,1.2888055543488293,40.82630555434883,38.248694445651175,42.11511110869766,36.95988889130234,-62.21153971414577,,56399340,12340947.053832471,10747607.648803536,39.685188733793,60.91120547409003,38.78333409627279,40.06666819254558,37.91666666666667,40.933335622151695,36.63333257039388,42.216669718424484,35.766665140787765,0.07406652722057536,-66.94214459154675,0.016538306237329436,0.2642997070712189,-0.24776140083388948,49.62268422587295,32.08518371067824,38.67000045776367,39.5375,,,GMRINFRA.NS,2025-02-11 10:50:06.344530
461,2023-03-28 00:00:00+05:30,38.25,38.349998474121094,37.20000076293945,37.5,9335014,0.0,0.0,2023-03-28,39.472500038146975,1.3385453809109353,40.81104541905791,38.13395465723604,42.14959079996885,36.7954092763251,-133.69081721461617,,44294508,9104369.780335948,10349272.797546303,39.70721426619594,57.85817800063681,37.68333307902018,38.16666539510091,37.016667683919266,38.83333079020182,36.53333536783854,39.31666310628255,35.866669972737625,0.05847751676523787,-95.04133429930307,0.026101797163498475,0.32624005727969124,-0.30013826011619277,39.01412098725164,34.13001755816362,38.77000045776367,39.472500038146975,,,GMRINFRA.NS,2025-02-11 10:50:06.344530
462,2023-03-27 00:00:00+05:30,38.75,38.849998474121094,38.25,38.45000076293945,16254901,0.0,0.0,2023-03-27,39.47000007629394,1.3424642094600316,40.812464285753975,38.12753586683391,42.15492849521401,36.78507165737388,-114.22640012046027,,53629522,16254901.000000004,10660498.551848892,39.787288643674835,62.68687910819255,38.516666412353516,38.78333282470703,38.18333435058594,39.11666488647461,37.91666793823242,39.383331298828125,37.583335876464844,0.10324791464711881,-95.99998474121094,0.20537479936356817,0.4012746223087394,-0.19589982294517122,43.800296209843744,34.66868765034405,39.24000015258789,39.47000007629394,,,GMRINFRA.NS,2025-02-11 10:50:06.344530
463,2023-03-24 00:00:00+05:30,39.5,39.650001525878906,38.599998474121094,38.75,4841603,0.0,0.0,2023-03-24,39.40750007629394,1.419346888413415,40.82684696470736,37.98815318788053,42.24619385312077,36.56880629946711,-91.29304236006443,,69884423,4879378.739332367,9261897.939811114,39.87746300192856,71.00903109134269,39.0,39.400001525878906,38.349998474121094,40.05000305175781,37.94999694824219,40.45000457763672,37.29999542236328,0.12379573749686802,-94.73684210526316,0.33822614674895846,0.4502495780450322,-0.11202343129607373,45.43473137827796,36.267068065850545,39.8,39.40750007629394,,,GMRINFRA.NS,2025-02-11 10:50:06.344530
464,2023-03-23 00:00:00+05:30,39.75,39.95000076293945,39.29999923706055,39.45000076293945,3211083,0.0,0.0,2023-03-23,39.34500007629394,1.4762058655832035,40.821205941877146,37.86879421071074,42.29741180746035,36.392588345127535,-57.026229652609885,,74726026,3294596.210306489,10357527.7399308,39.90057176556834,74.34178484601956,39.56666692097982,39.83333460489909,39.18333307902019,40.216668446858726,38.916665395100914,40.483336130778,38.53333155314128,0.09942456874465785,-79.99998393811677,0.4736461113917372,0.4782554358690506,-0.004609324477313437,49.431275078513,38.38302090009975,40.59000015258789,39.34500007629394,,,GMRINFRA.NS,2025-02-11 10:50:06.344530
465,2023-03-22 00:00:00+05:30,39.650001525878906,40.349998474121094,39.650001525878906,39.70000076293945,5190595,0.0,0.0,2023-03-22,39.29750003814697,1.4878873455219777,40.78538738366895,37.809612692624995,42.27327472919092,36.32172534710302,-31.914869196369416,,77937109,5359339.957639996,12123260.622336876,39.906781087193885,76.8207785603116,39.90000025431315,40.14999898274739,39.450002034505204,40.599997202555336,39.20000330607096,40.84999593098958,38.750005086263016,0.08812761395929332,-69.60784900376534,0.5709087771768182,0.4794077669883789,0.09150101018843931,50.91657116335016,41.13624726922101,41.05,39.29750003814697,,,GMRINFRA.NS,2025-02-11 10:50:06.344530
466,2023-03-21 00:00:00+05:30,41.45000076293945,41.45000076293945,39.75,39.849998474121094,7213732,0.0,0.0,2023-03-21,39.257500076293944,1.4872504585229236,40.744750534816866,37.77024961777102,42.23200099333979,36.2829991592481,1.3231507112326333,,83127704,7476390.207768153,13814240.788511096,39.911492375466146,80.25814588613167,40.34999974568685,40.9499994913737,39.24999872843425,42.050000508626304,38.6499989827474,42.650000254313156,37.549997965494796,0.08240274562335893,-61.81820956143466,0.6621631178080776,0.4565325144412691,0.2056306033668085,51.783471053588045,43.61749975485851,41.37999954223633,39.257500076293944,,,GMRINFRA.NS,2025-02-11 10:50:06.344530
467,2023-03-20 00:00:00+05:30,42.75,43.25,40.849998474121094,41.25,12181923,0.0,0.0,2023-03-20,39.222500228881835,1.4807957747119842,40.70329600359382,37.74170445416985,42.184091778305806,36.26090867945786,88.67222775217645,,90341436,13069032.868117537,15398703.433696829,39.913503224846735,85.62537931455718,41.78333282470703,42.71666717529297,40.31666564941406,44.18333435058594,39.383331298828125,45.116668701171875,37.916664123535156,0.09247863568350985,-34.48276315659663,0.7541910502755442,0.4051248635995669,0.34906618667597733,60.747186467676194,46.151156763741774,41.3,39.222500228881835,,,GMRINFRA.NS,2025-02-11 10:50:06.344530
468,2023-03-17 00:00:00+05:30,42.150001525878906,42.849998474121094,41.849998474121094,42.70000076293945,21468791,0.0,0.0,2023-03-17,39.14000015258789,1.4059645640738638,40.54596471666175,37.734035588514026,41.95192928073561,36.32807102444016,162.01231646649592,,102523359,23841804.262406625,15981121.075091649,39.835387049619065,91.6498740540272,42.46666590372721,43.08333333333333,42.08333333333333,43.46666590372721,41.46666590372721,44.08333333333333,41.08333333333333,0.16766219928614984,-2.479301323920803,0.7227086158060345,0.3178583169305725,0.40485029887546203,72.87996735615748,47.14993166912786,40.81999969482422,39.14000015258789,,,GMRINFRA.NS,2025-02-11 10:50:06.344530
469,2023-03-16 00:00:00+05:30,41.45000076293945,42.25,40.400001525878906,41.75,17398465,0.0,0.0,2023-03-16,38.98000011444092,1.1355959727568352,40.11559608719775,37.84440414168409,41.25119205995459,36.70880816892725,187.1843918961863,,81054568,18891700.89302409,14015950.278262904,39.50642819320858,86.12479574464663,41.46666717529297,42.53333282470703,40.68333435058594,43.31666564941406,39.616668701171875,44.383331298828125,38.833335876464844,0.11058245235236458,-9.174310642303936,0.5286483235698753,0.21664574221170693,0.3120025813581684,69.12887691550611,46.104957830922025,40.16999969482422,38.98000011444092,,,GMRINFRA.NS,2025-02-11 10:50:06.344530
470,2023-03-15 00:00:00+05:30,40.0,42.04999923706055,39.70000076293945,41.349998474121094,34395621,0.0,0.0,2023-03-15,38.812500190734866,0.934833521947968,39.74733371268283,37.8776666687869,40.6821672346308,36.94283314683893,265.0175673754547,,63656103,36989826.98687775,12797012.624572605,39.276208801376264,75.50164466869242,41.03333282470703,42.36666488647461,40.016666412353516,43.383331298828125,38.68333435058594,44.7166633605957,37.66666793823242,0.041355463552893955,-13.333347865513392,0.3657432014726183,0.1386450968721648,0.2270981046004535,67.36399341872607,45.373382304980694,39.62999954223633,38.812500190734866,,,GMRINFRA.NS,2025-02-11 10:50:06.344530
471,2023-03-14 00:00:00+05:30,39.099998474121094,40.099998474121094,38.70000076293945,39.45000076293945,10989097,0.0,0.0,2023-03-14,38.65250034332276,0.7288191054426063,39.38131944876536,37.92368123788015,40.11013855420797,37.19486213243754,89.7436017820869,,29260482,11274899.257007807,6748809.033996318,38.74846434938201,51.2586136262539,39.416666666666664,40.133332570393875,38.733334859212235,40.816664377848305,38.016668955485024,41.533330281575516,37.333337148030594,-0.07457163666144856,-19.696904892639367,0.1910278060108226,0.08187057072205142,0.10915723528877116,56.359764221004866,44.729101227352196,39.25999984741211,38.65250034332276,,,GMRINFRA.NS,2025-02-11 10:50:06.344530
472,2023-03-13 00:00:00+05:30,39.650001525878906,39.75,38.599998474121094,38.849998474121094,5941315,0.0,0.0,2023-03-13,38.60250034332275,0.7051452870628359,39.307645630385586,37.89735505625992,40.01279091744843,37.19220976919708,54.21187798060699,,18271385,6003122.863569662,5617286.478243444,38.68637791248832,36.14058278574295,39.06666564941406,39.53333282470703,38.383331298828125,40.21666717529297,37.916664123535156,40.68333435058594,37.23332977294922,-0.0954348721771812,-30.508518410758736,0.15156578177065683,0.054581261899858624,0.0969845198707982,51.571518452452416,46.22238710723985,39.15,38.60250034332275,,,GMRINFRA.NS,2025-02-11 10:50:06.344530
473,2023-03-10 00:00:00+05:30,38.79999923706055,39.650001525878906,38.599998474121094,39.45000076293945,8699641,0.0,0.0,2023-03-10,,,,,,,81.17443902876094,,24212700,8925899.539073562,5520827.38191189,38.67815550773961,35.85992917651309,39.233333587646484,39.866668701171875,38.81666564941406,40.2833366394043,38.18333053588867,40.91667175292969,37.76666259765625,,-10.16946303300682,0.15783711581996585,0.030335131932159073,0.12750198388780676,57.42187044776979,48.48633924735946,39.12000045776367,,,,GMRINFRA.NS,2025-02-11 10:50:06.344530
474,2023-03-09 00:00:00+05:30,39.400001525878906,39.70000076293945,38.95000076293945,39.04999923706055,4063388,0.0,0.0,2023-03-09,,,,,,,97.89474219606652,,15513059,4126795.712649824,4669559.342621471,38.61684941678926,44.07529177571165,39.233333587646484,39.516666412353516,38.766666412353516,39.983333587646484,38.483333587646484,40.266666412353516,38.016666412353516,,-23.728833284841432,0.10438371785068767,-0.0015403640397926195,0.10592408189048029,54.205950855759,51.12434192740565,38.95,,,,GMRINFRA.NS,2025-02-11 10:50:06.344530
475,2023-03-08 00:00:00+05:30,38.5,39.70000076293945,38.5,39.5,4762739,0.0,0.0,2023-03-08,,,,,,,116.7155566941232,,19576447,4892800.696153169,4805250.250114382,38.60016093696163,50.855021527404546,39.233333587646484,39.96666717529297,38.766666412353516,40.43333435058594,38.03333282470703,41.16666793823242,37.56666564941406,,-16.923053448016827,0.07375968863792792,-0.028021384512412695,0.10178107315034061,58.849258240519454,52.97293710907468,38.8,,,,GMRINFRA.NS,2025-02-11 10:50:06.344530
476,2023-03-06 00:00:00+05:30,38.75,39.349998474121094,38.70000076293945,38.900001525878906,3709095,0.0,0.0,2023-03-06,,,,,,,93.00911731928879,,14813708,3752504.5070662186,4783362.638604686,38.55760295314941,53.626244369777346,38.983333587646484,39.266666412353516,38.616668701171875,39.633331298828125,38.333335876464844,39.916664123535156,37.966670989990234,,-35.3845449594351,-0.010884176759375919,-0.05346665279999785,0.04258247604062193,53.967213114754095,54.96373192010286,38.48000030517578,,,,GMRINFRA.NS,2025-02-11 10:50:06.344530
477,2023-03-03 00:00:00+05:30,38.79999923706055,38.95000076293945,38.5,38.70000076293945,3865994,0.0,0.0,2023-03-03,,,,,,,53.295158672088924,,11104613,3891130.5014518173,5041077.171489303,38.544509404789004,49.59891720711931,38.71666717529297,38.93333435058594,38.483333587646484,39.16666793823242,38.266666412353516,39.38333511352539,38.03333282470703,,-41.53841458834135,-0.05999830354006974,-0.06411227181015333,0.00411396827008359,52.21238938053097,57.7129084599311,38.19000015258789,,,,GMRINFRA.NS,2025-02-11 10:50:06.344530
478,2023-03-02 00:00:00+05:30,38.150001525878906,38.79999923706055,38.150001525878906,38.599998474121094,3854002,0.0,0.0,2023-03-02,,,,,,,19.071700162289925,,7238619,3869036.8886194737,5328563.8389986735,38.53805450433988,47.4221975112169,38.516666412353516,38.883331298828125,38.233333587646484,39.166664123535156,37.866668701171875,39.533329010009766,37.583335876464844,,-44.61540809044471,-0.1022731588479786,-0.06514076387767422,-0.03713239497030439,,61.47720608938696,37.89000015258789,,,,GMRINFRA.NS,2025-02-11 10:50:06.344530
479,2023-03-01 00:00:00+05:30,37.849998474121094,38.400001525878906,37.75,38.29999923706055,2331797,0.0,0.0,2023-03-01,,,,,,,-23.325799807767428,,3384617,2322700.170322509,5693445.576593473,38.535380337610256,,38.15000025431315,38.5500005086263,37.89999898274739,38.800001780192055,37.49999872843424,39.200002034505204,37.249997456868485,,,-0.14499948062603352,-0.055857665135098114,-0.0891418154909354,,65.86201055721509,37.67000045776367,,,,GMRINFRA.NS,2025-02-11 10:50:06.344530
480,2023-02-28 00:00:00+05:30,37.5,38.0,37.45000076293945,37.900001525878906,5779017,0.0,0.0,2023-02-28,,,,,,,-61.648022744485814,,1052820,5696352.373786949,6536131.928161213,38.54169331538587,,37.78333409627279,38.116667429606125,37.56666819254558,38.333333333333336,37.23333485921224,38.66666666666667,37.01666895548503,,,-0.1679597786370337,-0.03357221126236426,-0.13438756737466945,,70.30094878784826,37.710000610351564,,,,GMRINFRA.NS,2025-02-11 10:50:06.344530
481,2023-02-27 00:00:00+05:30,37.20000076293945,37.54999923706055,36.79999923706055,37.45000076293945,4564380,0.0,0.0,2023-02-27,,,,,,,-125.29675476716969,,-4726197,4445670.509507624,6746076.816754778,38.587383627380675,,37.266666412353516,37.733333587646484,36.983333587646484,38.016666412353516,36.516666412353516,38.483333587646484,36.233333587646484,,,-0.15541735864629658,2.4680581303105492e-05,-0.1554420392275997,,73.9168923187348,37.91000061035156,,,,GMRINFRA.NS,2025-02-11 10:50:06.344530
482,2023-02-24 00:00:00+05:30,37.650001525878906,37.849998474121094,37.099998474121094,37.20000076293945,4336804,0.0,0.0,2023-02-24,,,,,,,-156.78868471251081,,-9290577,4195815.5762695875,7321178.3935665665,38.65515860683548,,37.38333257039388,37.66666666666667,36.91666666666667,38.13333257039388,36.63333257039388,38.41666666666667,36.16666666666667,,,-0.09268619490433849,0.038885190388203025,-0.13157138529254153,,76.18682456532024,38.25000076293945,,,,GMRINFRA.NS,2025-02-11 10:50:06.344530
483,2023-02-23 00:00:00+05:30,38.400001525878906,38.400001525878906,37.400001525878906,37.5,8954009,0.0,0.0,2023-02-23,,,,,,,,,-4953773,8732778.43530348,8102519.09789081,38.74249052623038,,37.76666768391927,38.13333384195964,37.13333384195964,38.76666768391927,36.76666768391927,39.13333384195964,36.13333384195964,,,0.013654252536568379,0.07177803671133841,-0.05812378417477003,,79.13846585622706,38.73000030517578,,,,GMRINFRA.NS,2025-02-11 10:50:06.344530
484,2023-02-22 00:00:00+05:30,38.849998474121094,39.04999923706055,38.20000076293945,38.5,10373931,0.0,0.0,2023-02-22,,,,,,,,,4000236,10387420.951236065,7944954.263537643,38.91822444749449,,38.583333333333336,38.96666590372722,38.116667429606125,39.43333180745443,37.73333485921224,39.81666437784831,37.26666895548503,,,0.12004998761728558,0.08630898275503092,0.03374100486225466,,82.90905505626868,39.130000305175784,,,,GMRINFRA.NS,2025-02-11 10:50:06.344530
485,2023-02-21 00:00:00+05:30,39.20000076293945,39.45000076293945,38.75,38.900001525878906,9035581,0.0,0.0,2023-02-21,,,,,,,,,14374167,9141329.199295754,7334337.591613036,39.00018818895359,,39.03333409627279,39.31666819254558,38.616667429606125,39.73333485921224,38.333333333333336,40.01666895548503,37.91666666666667,,,0.15596498196126873,0.07787373153946725,0.07809125042180148,,89.22910284556333,39.11000061035156,,,,GMRINFRA.NS,2025-02-11 10:50:06.344530
486,2023-02-20 00:00:00+05:30,39.75,39.75,39.04999923706055,39.150001525878906,6419565,0.0,0.0,2023-02-20,,,,,,,,,23409748,6536436.269403737,6882589.689692357,39.020809752816724,,39.31666692097982,39.58333460489909,38.88333384195964,40.01666768391927,38.61666615804037,40.283335367838546,38.18333307902019,,,0.160189862595999,0.05835091893401687,0.10183894366198212,,92.99131985606685,38.960000610351564,,,,GMRINFRA.NS,2025-02-11 10:50:06.344530
487,2023-02-17 00:00:00+05:30,39.45000076293945,39.75,39.099998474121094,39.599998474121094,9720405,0.0,0.0,2023-02-17,,,,,,,,,29829313,10011131.743301732,6969128.044764511,38.9986808742491,,39.48333231608073,39.86666615804036,39.216664632161454,40.13333384195963,38.83333079020182,40.516667683919266,38.56666310628255,,,0.13855065882385986,0.03289118301852134,0.10565947580533852,,94.36233034609478,38.82000045776367,,,,GMRINFRA.NS,2025-02-11 10:50:06.344530
488,2023-02-16 00:00:00+05:30,38.75,40.04999923706055,38.400001525878906,39.5,10513744,0.0,0.0,2023-02-16,,,,,,,,,20108908,10800855.130288724,6208627.1201302055,38.78810909506217,,39.31666692097982,40.233332316080734,38.58333460489909,40.96666463216146,37.66666920979818,41.883330027262375,36.93333689371745,,,0.0644287869883513,0.006476314067186707,0.0579524729211646,,95.3002265930982,,,,,GMRINFRA.NS,2025-02-11 10:50:06.344530
489,2023-02-15 00:00:00+05:30,38.25,39.099998474121094,38.099998474121094,38.400001525878906,10137218,0.0,0.0,2023-02-15,,,,,,,,,9595164,10124035.86330665,5060570.117590576,38.35407236616,,38.53333282470703,38.96666717529297,37.96666717529297,39.53333282470703,37.53333282470703,39.96666717529297,36.96666717529297,,,-0.021597529304102636,-0.008011804163104444,-0.013585725140998192,,96.31026870525574,,,,,GMRINFRA.NS,2025-02-11 10:50:06.344530
490,2023-02-14 00:00:00+05:30,38.70000076293945,38.70000076293945,38.04999923706055,38.150001525878906,3824544,0.0,0.0,2023-02-14,,,,,,,,,-542054,3794703.6811615573,3794703.6811615573,38.28856066259598,,38.300000508626304,38.55000178019206,37.900000254313156,38.95000203450521,37.6499989827474,39.20000330607097,37.24999872843425,,,-0.023076864389274476,-0.004615372877854895,-0.01846149151141958,,100.0,,,,,GMRINFRA.NS,2025-02-11 10:50:06.344530
491,2023-02-13 00:00:00+05:30,38.79999923706055,39.0,38.20000076293945,38.45000076293945,3282490,0.0,0.0,2023-02-13,,,,,,,,,3282490,,,38.45000076293945,,38.550000508626304,38.900000254313156,38.10000101725261,39.34999974568685,37.75000127156576,39.6999994913737,37.30000178019206,,,0.0,0.0,0.0,,,,,,,GMRINFRA.NS,2025-02-11 10:50:06.344530
