Trading Day,Date,Open,High,Low,Close,Volume,Dividends,Stock Splits,date_only,RollingMean,RollingStd,UpperBand1,LowerBand1,UpperBand2,LowerBand2,CCI_10,CCI_40,OBV,VPT,VPT_signal,VWAP,MFI_14,PP,R1,S1,R2,S2,R3,S3,CMF,%R,macd,macd_signal,macde_histogram,rsi,ADX,sma_5,sma_20,sma_50,sma_100,symbol,created_on
1,2025-07-29 00:00:00+05:30,11.050000190734863,11.989999771118164,10.510000228881836,10.520000457763672,145724,0.0,0.0,2025-07-29,10.296118354797363,0.6480607237087785,10.944179078506142,9.648057631088584,11.59223980221492,8.999996907379806,84.40547707018032,126.18100965722425,3185113,178348.1723577944,255240.498947417,11.267410266690185,57.36557966524143,11.006666819254557,11.503333409627277,10.02333386739095,12.486666361490885,9.526667277018229,12.983332951863606,8.543334325154621,,-51.69307592966655,0.15474163802723062,0.20265518394609178,-0.047913545918861156,52.9641064900882,18.5327270096937,10.270190238952637,10.296118354797363,9.888732585906983,9.333699307441712,JONJUA.BO,2025-07-29 12:17:26.206875
2,2025-07-28 00:00:00+05:30,9.649999618530273,10.880000114440918,9.550000190734863,10.850000381469727,248588,0.0,1.05,2025-07-28,10.262499284744262,0.653254803096488,10.91575408784075,9.609244481647774,11.569008890937237,8.955989678551287,-38.12422920128936,60.33573582520999,3330837,313784.67883869144,274463.58059482265,11.272681244449398,54.9988765802228,10.426666895548502,11.30333360036214,9.973333676656086,11.756666819254557,9.096666971842447,12.633333524068195,8.643333752950031,,-42.52641478194642,0.15199680305199337,0.21463357042580705,-0.06263676737381368,55.92927447193033,17.851689515684914,10.261428070068359,10.262499284744262,9.845951614379883,9.32278501033783,JONJUA.BO,2025-07-29 12:17:26.206875
3,2025-07-25 00:00:00+05:30,9.819046020507812,9.86666488647461,8.780950546264648,9.076189994812012,544334,0.0,0.0,2025-07-25,10.203332567214966,0.6508270299797312,10.854159597194698,9.552505537235234,11.504986627174429,8.901678507255504,-217.34424315973948,-100.24643105005542,3082249,574765.7240046541,264633.3060338555,11.277828200834252,51.38908058842913,9.241268475850424,9.701586405436199,8.615872065226238,10.326982816060385,8.155554135640463,10.78730074564616,7.530157725016277,,-91.79890724858438,0.11367960816488853,0.23029276226926043,-0.1166131541043719,38.88981067391666,18.026480931067145,10.148570823669434,10.203332567214966,9.799808731079102,9.303332619667053,JONJUA.BO,2025-07-29 12:17:26.206875
4,2025-07-24 00:00:00+05:30,10.828570365905762,10.857142448425293,10.390475273132324,10.390475273132324,77148,0.0,0.0,2025-07-24,10.22714204788208,0.6151547595218986,10.842296807403978,9.611987288360181,11.457451566925876,8.996832528838283,-71.39378113392178,79.55756640798977,3626583,93257.0999122284,187100.2015411558,11.338140559558266,62.25040680786786,10.54603099822998,10.701586723327637,10.234919548034668,11.01269817352295,10.079363822937012,11.168253898620605,9.7682523727417,,-58.21725442263927,0.23759301630352425,0.2594460507953534,-0.021853034491829126,52.962961012952604,19.25290074728322,10.483808898925782,10.22714204788208,9.78857063293457,9.302094521522521,JONJUA.BO,2025-07-29 12:17:26.206875
5,2025-07-23 00:00:00+05:30,10.80952262878418,10.90476131439209,10.476189613342285,10.51428508758545,171443,0.0,0.0,2025-07-23,10.212380170822144,0.6145710926669443,10.826951263489088,9.5978090781552,11.441522356156032,8.983237985488255,-32.86239572506229,97.98026352397808,3703731,209711.05583711198,210560.97694838763,11.341834279841516,63.47194827246454,10.631745338439941,10.787301063537598,10.358729362487793,11.060317039489746,10.203173637390137,11.215872764587402,9.930157661437988,,-54.59607774662753,0.26320264755093525,0.26490930941831065,-0.001706661867375392,54.644980570173516,18.150807451240453,10.577142333984375,10.212380170822144,9.747427787780762,9.287713570594788,JONJUA.BO,2025-07-29 12:17:26.206875
6,2025-07-22 00:00:00+05:30,10.333333015441895,12.276189804077148,10.333333015441895,10.476189613342285,278595,0.0,0.0,2025-07-22,10.179999160766602,0.6148879578605444,10.794887118627146,9.565111202906058,11.40977507648769,8.950223245045514,39.37300924661493,152.24224483614879,3532288,339545.8985229515,210773.45722620655,11.349064908530305,69.71581271340884,11.028570810953775,11.723808606465656,9.780951817830402,12.97142759958903,9.085714022318522,13.66666539510091,7.8380950291951486,,-55.71029024585699,0.2798094263222968,0.2653359748851545,0.014473451437142293,54.194715318579924,16.804730106454855,10.592380332946778,10.179999160766602,9.7066658782959,9.275332617759705,JONJUA.BO,2025-07-29 12:17:26.206875
7,2025-07-21 00:00:00+05:30,10.619047164916992,10.733331680297852,10.285714149475098,10.285714149475098,77148,0.0,0.0,2025-07-21,10.123808670043946,0.6373355066508781,10.761144176694824,9.486473163393068,11.398479683345702,8.84913765674219,-17.02545631779044,73.61667494972596,3253693,92316.84277104816,178580.3469020203,11.3616367365791,63.778545459298954,10.434919993082682,10.584125836690266,10.136508305867512,10.882537523905436,9.987302462259928,11.03174336751302,9.688890775044758,,-61.281296956068296,0.30058342575317987,0.26171761202586885,0.038865813727311016,52.097160807683956,15.355108350531903,10.790475654602051,10.123808670043946,9.65999921798706,9.263427863121033,JONJUA.BO,2025-07-29 12:17:26.206875
8,2025-07-18 00:00:00+05:30,10.952380180358887,10.952380180358887,10.2380952835083,10.75238037109375,175729,0.0,0.0,2025-07-18,10.084760999679565,0.6506776610910933,10.735438660770658,9.434083338588472,11.386116321861751,8.78340567749738,14.234910182064263,112.58121761833243,3330841,219821.3535878173,200146.22293476333,11.365945118634277,68.21659375977426,10.647618611653646,11.057141939798992,10.342857042948406,11.361903508504232,9.93333371480306,11.771426836649578,9.62857214609782,,-47.632291465895406,0.3413850930455009,0.25200115859404104,0.08938393445145987,58.22120683990369,15.361206568882732,11.013332557678222,10.084760999679565,9.625713500976563,9.256475472450257,JONJUA.BO,2025-07-29 12:17:26.206875
9,2025-07-17 00:00:00+05:30,10.476189613342285,11.0,10.476189613342285,10.857142448425293,72862,0.0,0.0,2025-07-17,10.015237188339233,0.6498737592248305,10.665110947564063,9.365363429114403,11.314984706788895,8.715489669889571,32.340574024183894,142.85896960387802,3506570,92031.91199843858,195227.44027149983,11.371593081225507,72.91279120954057,10.777777353922525,11.079365094502766,10.555554707845051,11.30158774058024,10.25396696726481,11.60317548116048,10.031744321187336,,-44.5682210394984,0.3424915377823865,0.2296551749811761,0.1128363628012104,59.6055003648147,15.367773880952855,11.02476100921631,10.015237188339233,9.578475399017334,9.247332615852356,JONJUA.BO,2025-07-29 12:17:26.206875
10,2025-07-16 00:00:00+05:30,12.161903381347656,12.161903381347656,10.476189613342285,10.590475082397461,205732,0.0,0.0,2025-07-16,9.952856206893921,0.624177526233154,10.577033733127076,9.328678680660767,11.20121125936023,8.704501154427613,65.98070673327382,200.96217490339623,3433708,253477.32282043333,221026.32233976512,11.373564112501123,71.48033683018078,11.076189359029135,11.676189104715984,9.990475336710613,12.761903127034506,9.390475591023764,13.361902872721355,8.304761568705242,,-52.3676806411366,0.32840137929495405,0.20144608428087352,0.12695529501408054,57.04490629379191,14.98484367155247,10.779046440124512,9.952856206893921,9.540380153656006,9.236761193275452,JONJUA.BO,2025-07-29 12:17:26.206875
11,2025-07-15 00:00:00+05:30,11.619047164916992,12.380951881408691,11.428570747375488,11.466666221618652,145726,0.0,0.0,2025-07-15,9.904284811019897,0.609574533977352,10.513859344997249,9.294710277042546,11.123433878974602,8.685135743065192,150.35167435187526,328.3413086203501,3639440,194399.89945236838,212913.57221959805,11.382128287722386,78.1661237658328,11.758729616800943,12.088888486226399,11.136507352193195,12.711110750834147,10.80634848276774,13.041269620259602,10.184126218159992,,-26.740932623699038,0.3316486233509828,0.16970726052735335,0.16194136282362942,70.58667732842169,14.572457292198209,10.5657133102417,9.904284811019897,9.493332557678222,9.22609453678131,JONJUA.BO,2025-07-29 12:17:26.206875
12,2025-07-14 00:00:00+05:30,10.952380180358887,12.285714149475098,10.952380180358887,11.399998664855957,540048,0.0,0.0,2025-07-14,9.824760961532593,0.4863025901008939,10.311063551633488,9.338458371431699,10.797366141734381,8.852155781330806,225.53350433973003,321.635279845996,3493714,716240.6791475716,217541.99041140545,11.381468295797253,77.63103915729803,11.54603099822998,12.139681816101074,10.806347846984863,12.879364967346191,10.21269702911377,13.473015785217285,9.473013877868652,,-26.64758444757062,0.24448954902440434,0.12922191982144599,0.11526762920295835,70.0617296914306,12.472961059558195,10.179046440124512,9.824760961532593,9.44780876159668,9.206665968894958,JONJUA.BO,2025-07-29 12:17:26.206875
13,2025-07-11 00:00:00+05:30,10.0,11.552379608154297,9.838094711303711,10.80952262878418,235734,0.0,0.0,2025-07-11,9.73238000869751,0.3175106251351311,10.049890633832641,9.414869383562378,10.36740125896777,9.097358758427248,295.90484202431395,198.91136530441457,2953666,296449.3901547073,92867.31822736392,11.380916196935987,66.06940579359889,10.733332316080729,11.628569920857746,9.91428502400716,12.447617212931315,9.019047419230143,13.342854817708332,8.200000127156574,,-28.676455429273222,0.13576087916587376,0.10040501252070637,0.03535586664516739,65.20091570084824,10.28747170103399,9.853332138061523,9.73238000869751,9.396951637268067,9.185904068946838,JONJUA.BO,2025-07-29 12:17:26.206875
14,2025-07-10 00:00:00+05:30,9.90476131439209,9.90476131439209,9.628569602966309,9.628569602966309,30001,0.0,0.0,2025-07-10,9.663332414627074,0.19896566521042514,9.8622980798375,9.46436674941665,10.061263745047924,9.265401084206225,16.139852817944053,31.9817003032152,2717932,33606.19367202317,41971.80024552808,11.388445299315178,52.630265994498465,9.720633506774902,9.812697410583496,9.536505699157715,9.996825218200684,9.444441795349121,10.088889122009277,9.260313987731934,,-55.97485900701895,0.05265119359398085,0.09156604585941452,-0.038914852265433675,50.1782705830537,8.558236955532678,9.672379875183106,9.663332414627074,9.348570690155029,9.171046929359436,JONJUA.BO,2025-07-29 12:17:26.206875
15,2025-07-09 00:00:00+05:30,9.523809432983398,9.523809432983398,9.523809432983398,9.523809432983398,4285,0.0,0.0,2025-07-09,9.66523723602295,0.19879763259096755,9.864034868613917,9.466439603431983,10.062832501204886,9.267641970841014,-123.50377370359611,3.1914046930459166,2687931,4747.700820609274,44063.2018889043,11.391401488732585,53.825897572380434,9.523809432983398,9.523809432983398,9.523809432983398,9.523809432983398,9.523809432983398,9.523809432983398,9.523809432983398,,-62.89297758912237,0.061753845766665094,0.10129475892577293,-0.039540913159107835,48.42624412066086,8.772161787242105,9.68952293395996,9.66523723602295,9.335046901702881,9.167999320030212,JONJUA.BO,2025-07-29 12:17:26.206875
16,2025-07-08 00:00:00+05:30,9.933333396911621,9.933333396911621,9.533331871032715,9.533331871032715,38573,0.0,0.0,2025-07-08,9.669522905349732,0.1964988829824817,9.866021788332214,9.47302402236725,10.062520671314696,9.276525139384768,-55.65060045273219,28.004133600023575,2692216,42780.903254799756,53892.077155978055,11.391849667817509,53.5606616689697,9.66666571299235,9.799999554951984,9.399998029073078,10.066667238871256,9.266664187113443,10.20000108083089,8.999996503194172,,-62.26413787239938,0.08278962406535939,0.11117998721554988,-0.028390363150190487,48.584893520878786,9.207725221896897,9.75618953704834,9.669522905349732,9.324189758300781,9.167046933174133,JONJUA.BO,2025-07-29 12:17:26.206875
17,2025-07-07 00:00:00+05:30,8.961902618408203,9.771427154541016,8.961902618408203,9.771427154541016,21429,0.0,0.0,2025-07-07,9.692856311798096,0.20690737368055862,9.899763685478653,9.485948938117538,10.106671059159213,9.279041564436978,-118.53658773629739,8.018091261726099,2730789,24360.249065895783,56669.87063127262,11.395873205548288,49.80364006993749,9.501585642496744,10.041268666585285,9.231744130452473,10.311110178629557,8.692061106363932,10.850793202718098,8.42221959431966,,-46.54087773050896,0.10752959065405854,0.11827757800309749,-0.010747987349038951,52.411471414918445,9.693146001946827,9.819046974182129,9.692856311798096,9.31047550201416,9.163808836936951,JONJUA.BO,2025-07-29 12:17:26.206875
18,2025-07-04 00:00:00+05:30,9.723808288574219,9.90476131439209,9.285714149475098,9.90476131439209,38573,0.0,0.0,2025-07-04,9.700475358963013,0.21267802659575483,9.913153385558768,9.487797332367258,10.125831412154522,9.275119305771504,-14.831394936728602,36.43760454008427,2752218,44447.69586176061,64747.27602261683,11.397829290796064,54.697636783857654,9.69841225941976,10.111110369364422,9.49206320444743,10.317459424336752,9.079365094502768,10.730157534281414,8.873016039530437,,-40.0,0.11412623070386019,0.12096457484035722,-0.006838344136497032,54.573381330684896,9.931886922406973,9.798094749450684,9.700475358963013,9.297904090881348,9.16561836719513,JONJUA.BO,2025-07-29 12:17:26.206875
19,2025-07-03 00:00:00+05:30,10.085714340209961,10.123808860778809,9.685712814331055,9.714284896850586,42860,0.0,0.0,2025-07-03,9.672380113601685,0.22121418815703395,9.89359430175872,9.45116592544465,10.114808489915752,9.229951737287617,52.70953564124412,56.240005314700475,2713645,48437.84616774025,69822.17106283088,11.401072581996718,58.86802775659336,9.84126885732015,9.996824900309246,9.558728853861492,10.279364903767904,9.403172810872396,10.434920946757,9.120632807413738,,-53.33335558574466,0.10771134910495661,0.12267416087448146,-0.014962811769524853,51.87957571282506,10.689742727265923,9.727618408203124,9.672380113601685,9.27047550201416,9.173142170906067,JONJUA.BO,2025-07-29 12:17:26.206875
20,2025-07-02 00:00:00+05:30,9.761903762817383,9.90476131439209,9.590475082397461,9.857142448425293,21429,0.0,0.0,2025-07-02,9.681427764892579,0.22665194927846213,9.908079714171041,9.454775815614116,10.134731663449504,9.228123866335654,39.231754210577414,51.44705644306689,2756505,24573.938005572018,75168.25228660353,11.405153755309534,55.134274296015995,9.784126281738281,9.977777481079102,9.663491249084473,10.09841251373291,9.469840049743652,10.29206371307373,9.349205017089844,,-25.49018452873918,0.11662540773840036,0.12641486381686268,-0.009789456078462322,54.07354443659101,10.81918133682642,9.803808975219727,9.681427764892579,9.247427883148193,9.18257073879242,JONJUA.BO,2025-07-29 12:17:26.206875
21,2025-07-01 00:00:00+05:30,10.0,10.133333206176758,9.647619247436523,9.84761905670166,81434,0.0,0.0,2025-07-01,9.68714199066162,0.23267572351615104,9.919817714177771,9.45446626714547,10.152493437693924,9.221790543629318,86.49725371359573,64.32084417411697,2735076,93295.09870244462,87816.8308568614,11.407028638274385,56.78788568022393,9.876190503438314,10.104761759440105,9.619047800699871,10.361904462178549,9.39047654469808,10.59047571818034,9.133333841959637,,-25.88232429793983,0.11220174806494754,0.12886222783647824,-0.016660479771530706,53.94436181249793,11.291154061255531,9.80571346282959,9.68714199066162,9.221713600158692,9.19257073879242,JONJUA.BO,2025-07-29 12:17:26.206875
22,2025-06-30 00:00:00+05:30,9.552379608154297,9.761903762817383,9.523809432983398,9.666666030883789,72862,0.0,0.0,2025-06-30,9.693332386016845,0.23873796374173037,9.932070349758575,9.454594422275115,10.170808313500306,9.215856458533384,-2.2222073872936114,40.7248666923518,2653642,81940.69127292559,86447.26389546558,11.414239175060109,49.556605713767155,9.650793075561523,9.777776718139648,9.539682388305664,9.888887405395508,9.412698745727539,10.015871047973633,9.30158805847168,,-33.333333333333336,0.10577600648512941,0.1330273477793609,-0.027251341294231485,51.672272667450066,11.705667597423945,9.70666561126709,9.693332386016845,9.186475505828858,9.206094536781311,JONJUA.BO,2025-07-29 12:17:26.206875
23,2025-06-27 00:00:00+05:30,9.523809432983398,10.285714149475098,9.333333015441895,9.552379608154297,115723,0.0,0.0,2025-06-27,9.697141933441163,0.23889788934303333,9.936039822784196,9.45824404409813,10.17493771212723,9.219346154755096,31.411522846748582,51.037792013960114,2580780,128603.58560512631,87573.90705110057,11.42149920740175,55.101144775590804,9.723808924357096,10.114284833272297,9.161903699239094,10.676190058390299,8.771427790323893,11.0666659673055,8.20952256520589,,-38.0392461774619,0.11376757463416531,0.13984018310291876,-0.02607260846875345,50.28037962856099,12.512990118040257,9.674284553527832,9.697141933441163,9.15599931716919,9.206475481986999,JONJUA.BO,2025-07-29 12:17:26.206875
24,2025-06-26 00:00:00+05:30,10.095237731933594,10.276189804077148,9.047618865966797,10.095237731933594,81434,0.0,0.0,2025-06-26,9.714761018753052,0.24064746680329216,9.955408485556344,9.47411355194976,10.196055952359636,9.233466085146468,75.50081260671894,62.9630366759918,2696503,95641.00674512122,77316.48741259413,11.433913841197745,68.02164920106915,9.80634880065918,10.565078735351562,9.336507797241211,11.034919738769531,8.577777862548828,11.793649673461914,8.10793685913086,,-15.686258340234852,0.1335309334478172,0.14635833522010713,-0.012827401772289942,57.87924477628512,13.38241437101167,9.636189460754395,9.714761018753052,9.12514217376709,9.203713583946229,JONJUA.BO,2025-07-29 12:17:26.206875
25,2025-06-25 00:00:00+05:30,10.476189613342285,10.476189613342285,9.800000190734863,9.86666488647461,132868,0.0,0.0,2025-06-25,9.689999151229859,0.2243654602405694,9.914364611470429,9.46563369098929,10.138730071710999,9.24126823074872,169.5866813995924,93.97398400695084,2615069,152515.01316394264,72735.35757946235,11.44020011137315,72.61078271534817,10.04761823018392,10.295236269632976,9.619046847025555,10.723807652791342,9.371428807576498,10.971425692240398,8.942857424418133,,-25.098084028491982,0.1033475255953995,0.1495651856631796,-0.04621766006778011,55.201540171695484,14.30568365160725,9.539046478271484,9.689999151229859,9.08895170211792,9.192761206626892,JONJUA.BO,2025-07-29 12:17:26.206875
26,2025-06-24 00:00:00+05:30,9.380951881408691,9.714284896850586,9.285714149475098,9.35237979888916,102865,0.0,0.0,2025-06-24,9.720475387573241,0.2832857936044629,10.003761181177705,9.437189593968778,10.287046974782168,9.153903800364315,-23.91631707100752,28.59293573922192,2482201,111921.0011498713,52790.44368334226,11.452349346295485,63.589490706538555,9.450792948404947,9.615871747334797,9.187300999959309,9.879363695780436,9.022222201029459,10.044442494710285,8.75873025258382,,-44.75809121728022,0.08564870750992348,0.1611196006801246,-0.07547089317020111,48.45447080192959,14.450253970893419,9.489522933959961,9.720475387573241,9.048570785522461,9.184570746421814,JONJUA.BO,2025-07-29 12:17:26.206875
27,2025-06-23 00:00:00+05:30,9.285714149475098,9.51428508758545,9.2380952835083,9.5047607421875,34287,0.0,0.0,2025-06-23,9.788094425201416,0.3453939179616632,10.13348834316308,9.442700507239753,10.478882261124742,9.09730658927809,-48.583465383963706,26.2922736758131,2585066,37913.37943485206,38007.80431671,11.464977401613114,54.6988918724124,9.419047037760416,9.599998792012531,9.323808987935383,9.695236841837565,9.142857233683268,9.87618859608968,9.047619183858234,,-38.30647701155923,0.11234043832163287,0.17998732397267486,-0.06764688565104199,50.53303715527707,15.496465078244023,9.594284820556641,9.788094425201416,9.022856483459472,9.181332659721374,JONJUA.BO,2025-07-29 12:17:26.206875
28,2025-06-20 00:00:00+05:30,9.761903762817383,10.409523010253906,9.285714149475098,9.36190414428711,51432,0.0,0.0,2025-06-20,9.76523733139038,0.37865547150252077,10.143892802892902,9.38658185988786,10.522548274395422,9.00792638838534,42.12456469670851,59.21108125563805,2550779,56016.94546864188,38031.41053717448,11.468914359660886,53.39439046895437,9.685713768005371,10.085713386535645,8.961904525756836,10.80952262878418,8.561904907226562,11.209522247314453,7.838095664978027,,-44.35484261716296,0.12980460019782392,0.19689904538543537,-0.06709444518761146,48.622958627350016,16.32549935015276,9.60380859375,9.76523733139038,9.007808876037597,9.175427889823913,JONJUA.BO,2025-07-29 12:17:26.206875
29,2025-06-19 00:00:00+05:30,9.247617721557617,9.609522819519043,9.247617721557617,9.609522819519043,8571,0.0,0.0,2025-06-19,9.729999208450318,0.4451246513981453,10.175123859848464,9.284874557052172,10.620248511246608,8.839749905654028,-13.290962215964267,39.08665832133047,2602211,9581.97731355887,33535.02680430763,11.475281400944993,39.21873438654293,9.488887786865234,9.730157852172852,9.368252754211426,9.85079288482666,9.126982688903809,10.092062950134277,9.00634765625,,-35.68628975539762,0.1642664936022591,0.2136726566823382,-0.04940616308007911,51.94910482165095,17.28101156763205,9.617141914367675,9.729999208450318,8.995618400573731,9.173904070854187,JONJUA.BO,2025-07-29 12:17:26.206875
30,2025-06-18 00:00:00+05:30,9.285714149475098,9.619047164916992,9.285714149475098,9.619047164916992,25715,0.0,0.0,2025-06-18,9.66380877494812,0.5500432735086002,10.213852048456719,9.11376550143952,10.76389532196532,8.563722227930919,-18.266082471067225,43.85695841050526,2610782,28776.661195420296,39523.28917699482,11.476221434404716,45.88570049544004,9.507936159769693,9.73015817006429,9.396825154622395,9.841269175211588,9.174603144327799,10.063491185506184,9.0634921391805,,-35.294110717243505,0.1815125861790019,0.22602419745235797,-0.044511611273356066,52.08143478751976,17.078973401904108,9.628570556640625,9.66380877494812,8.976761264801025,9.17542788028717,JONJUA.BO,2025-07-29 12:17:26.206875
31,2025-06-17 00:00:00+05:30,9.571428298950195,9.933333396911621,9.523809432983398,9.876189231872559,64290,0.0,0.0,2025-06-17,9.601904010772705,0.6205039828925942,10.2224079936653,8.98140002788011,10.842911976557893,8.360896044987516,43.832629874474755,78.5435413774486,2636497,73867.71231488624,42209.946172388445,11.479033027974053,43.332749057766414,9.777777353922525,10.031745274861652,9.62222131093343,10.187301317850748,9.368253389994303,10.441269238789875,9.212697347005207,,-24.705904990337874,0.19990461635277512,0.23715210027069697,-0.03724748391792185,55.494283569950525,16.903642588007266,9.626665687561035,9.601904010772705,8.95771364212036,9.176856446266175,JONJUA.BO,2025-07-29 12:17:26.206875
32,2025-06-16 00:00:00+05:30,9.380951881408691,9.800000190734863,9.380951881408691,9.552379608154297,34287,0.0,0.0,2025-06-16,9.527142143249511,0.6735289485397254,10.200671091789237,8.853613194709785,10.874200040328962,8.180084246170061,-8.434336620097127,59.80453282295318,2572207,38103.32552425158,34295.504636763995,11.485122713552302,50.98646456901739,9.577777226765951,9.77460257212321,9.355554262797039,9.996825536092123,9.15872891743978,10.193650881449383,8.936505953470867,,-64.4144377802506,0.19509853299095425,0.2464639712501774,-0.051365438259223156,51.89141305905688,16.971923872221538,9.651427841186523,9.527142143249511,8.941142234802246,9.176094555854798,JONJUA.BO,2025-07-29 12:17:26.206875
33,2025-06-13 00:00:00+05:30,9.047618865966797,9.428570747375488,8.047618865966797,9.428570747375488,25715,0.0,0.0,2025-06-13,9.47666597366333,0.7084604742559565,10.185126447919286,8.768205499407374,10.893586922175244,8.059745025151416,-176.12879879336342,-7.94360134256292,2537920,28206.825614064506,33343.5494148921,11.489046855772207,63.225580092489324,8.968253453572592,9.888888041178387,8.507936159769695,10.349205334981283,7.5873015721639,11.269839922587078,7.126984278361004,,-67.34235036799912,0.21787959325010497,0.2593053308149832,-0.04142573756487822,50.49594395622159,16.848884668946866,9.725713539123536,9.47666597366333,8.928189868927001,9.179142184257508,JONJUA.BO,2025-07-29 12:17:26.206875
34,2025-06-12 00:00:00+05:30,9.666666030883789,9.666666030883789,9.666666030883789,9.666666030883789,4285,0.0,0.0,2025-06-12,9.430951690673828,0.7405004187705565,10.171452109444385,8.690451271903271,10.911952528214941,7.949950853132715,-27.217615241908476,74.28588756900315,2563635,4818.9160619319555,34627.730365099,11.492189223855075,68.92100755607763,9.666666030883789,9.666666030883789,9.666666030883789,9.666666030883789,9.666666030883789,9.666666030883789,9.666666030883789,,-77.40113074256924,0.25593834466996235,0.2696617652062028,-0.013723420536240427,53.371013727495736,16.16529783012187,9.708570671081542,9.430951690673828,8.916380348205566,9.188475518226623,JONJUA.BO,2025-07-29 12:17:26.206875
35,2025-06-11 00:00:00+05:30,9.333333015441895,9.714284896850586,9.095237731933594,9.609522819519043,38573,0.0,0.0,2025-06-11,9.364285039901734,0.7772689432717872,10.141553983173521,8.587016096629947,10.918822926445308,7.80974715335816,-101.8962485866149,56.655166955089044,2559350,43122.8107473931,42079.933940890754,11.49265325967408,69.34550370228197,9.473015149434408,9.850792566935223,9.23174540201823,10.0920623143514,8.853967984517416,10.469839731852215,8.612698237101238,,-73.6842091393935,0.27733844781396044,0.2730926203402629,0.004245827473697561,52.746442856731335,17.278458065226378,9.754285049438476,9.364285039901734,8.909713687896728,9.195618376731872,JONJUA.BO,2025-07-29 12:17:26.206875
36,2025-06-10 00:00:00+05:30,9.714284896850586,10.0,9.714284896850586,10.0,8571,0.0,0.0,2025-06-10,9.307618379592896,0.7994452979421695,10.107063677535065,8.508173081650726,10.906508975477234,7.708727783708556,1.8642778423424913,109.83621489790062,2597923,9971.335198971356,41819.21473926516,11.496972148675034,71.07278707177731,9.90476163228353,10.095238367716473,9.809523264567058,10.190476735432943,9.619046529134115,10.380953470865887,9.523808161417644,,-51.28754569368174,0.30616270753706054,0.2720311634718385,0.034131544065222064,57.385812306437984,18.47724601072354,9.826665878295898,9.307618379592896,8.904189891815186,9.196665997505187,JONJUA.BO,2025-07-29 12:17:26.206875
37,2025-06-09 00:00:00+05:30,9.666666030883789,9.971426963806152,9.2380952835083,9.923808097839355,47146,0.0,0.0,2025-06-09,9.214761209487914,0.8223192977839828,10.037080507271897,8.392441911703932,10.85939980505588,7.570122613919949,-53.41795365889638,94.70136072568748,2589352,54430.839187851576,49781.18462433861,11.497735412738498,69.75335071554657,9.71111011505127,10.184124946594238,9.450793266296387,10.444441795349121,8.977778434753418,10.91745662689209,8.717461585998535,,-53.004316262003,0.29997157974825406,0.26349827745553295,0.03647330229272111,56.65970919259277,19.12540795991515,9.82095127105713,9.214761209487914,8.89695177078247,9.197618374824524,JONJUA.BO,2025-07-29 12:17:26.206875
38,2025-06-06 00:00:00+05:30,8.914283752441406,9.380951881408691,8.90476131439209,9.342856407165527,42860,0.0,0.0,2025-06-06,9.147142219543458,0.8165284250870893,9.963670644630547,8.330613794456369,10.780199069717636,7.514085369369279,-146.20838932015042,39.91690064250577,2542206,46585.811124840315,48618.77098346036,11.502162100271105,66.17927580274704,9.20952320098877,9.51428508758545,9.038094520568848,9.685713768005371,8.733332633972168,9.99047565460205,8.561903953552246,,-66.09443129893238,0.2950037840837343,0.25437995188235263,0.04062383220138166,51.044018634414755,19.859042212652906,9.784761047363281,9.147142219543458,8.8916184425354,9.20257076740265,JONJUA.BO,2025-07-29 12:17:26.206875
39,2025-06-05 00:00:00+05:30,9.857142448425293,9.933333396911621,9.857142448425293,9.895237922668457,8571,0.0,0.0,2025-06-05,9.099523162841797,0.8321356178646393,9.931658780706435,8.267387544977158,10.763794398571076,7.4352519271125175,9.197407748288494,126.91584717677361,2585066,9866.873420050022,49127.01094811536,11.507697225843128,66.0845833739609,9.895237922668457,9.933333396911621,9.857142448425293,9.971428871154785,9.819046974182129,10.00952434539795,9.780951499938965,,-53.64806493442447,0.34138868516925314,0.24422399383200716,0.09716469133724598,57.617847432820014,21.3620073169445,9.897142028808593,9.099523162841797,8.903618450164794,9.209142203330993,JONJUA.BO,2025-07-29 12:17:26.206875
40,2025-06-04 00:00:00+05:30,9.971426963806152,9.971426963806152,9.971426963806152,9.971426963806152,4285,0.0,0.0,2025-06-04,9.052380275726318,0.8111260556858326,9.86350633141215,8.241254220040485,10.674632387097983,7.430128164354652,35.214555039051724,148.38511504468386,2593637,4970.842005169978,58942.04533013169,11.508524223201748,68.92177336788994,9.971426963806152,9.971426963806152,9.971426963806152,9.971426963806152,9.971426963806152,9.971426963806152,9.971426963806152,,-51.931358831221615,0.34120164889331406,0.21993282099769565,0.12126882789561841,58.63783307396948,21.524176402895637,9.838094520568848,9.052380275726318,8.89523748397827,9.211427912712097,JONJUA.BO,2025-07-29 12:17:26.206875
41,2025-06-03 00:00:00+05:30,10.0,10.0,9.14285659790039,9.971426963806152,42860,0.0,0.0,2025-06-03,8.965713691711425,0.800288611887562,9.766002303598986,8.165425079823864,10.56629091548655,7.365136467936301,18.417856641735394,126.24922905289965,2597922,49720.02061647263,72434.84616137212,11.508918451151311,67.48658446599853,9.704761187235514,10.266665776570637,9.409522374471027,10.561904589335123,8.847617785135904,11.123809178670246,8.552378972371418,,-51.931358831221615,0.3282889976568715,0.18961561402379104,0.13867338363308043,58.63783307396948,21.493604733751337,9.939047050476074,8.965713691711425,8.886285133361817,9.215142207145691,JONJUA.BO,2025-07-29 12:17:26.206875
42,2025-06-02 00:00:00+05:30,10.476189613342285,10.476189613342285,9.523809432983398,9.742856979370117,64290,0.0,0.0,2025-06-02,8.926666164398194,0.766994829238422,9.693660993636616,8.159671335159771,10.460655822875038,7.39267650592135,44.88053399074608,164.7612760597983,2555062,72870.47054086668,78113.55254759699,11.512872806323175,72.05970877060268,9.9142853418986,10.304761250813801,9.352381070454914,10.866665522257486,8.961905161539713,11.257141431172688,8.400000890096027,,-57.08154160594858,0.3067828154275336,0.15494726811552093,0.15183554731201268,56.73938738980791,21.46068139774978,10.085713768005371,8.926666164398194,8.87085657119751,9.21114222049713,JONJUA.BO,2025-07-29 12:17:26.206875
43,2025-05-30 00:00:00+05:30,10.190476417541504,10.190476417541504,9.90476131439209,9.90476131439209,42860,0.0,0.0,2025-05-30,8.882380437850951,0.7425695743626308,9.624950012213581,8.139810863488322,10.367519586576213,7.39724128912569,61.953404252101535,195.15627787478647,2619352,49387.60906942837,79424.32304927957,11.519727847699741,77.78320772977429,9.99999968210856,10.095238049825031,9.809522946675617,10.285714785257975,9.714284578959147,10.380953152974445,9.523807843526203,,-53.43348204361732,0.29711084095825413,0.11698838128751776,0.18012245967073637,58.47302334709982,20.780767075195303,9.946666145324707,8.882380437850951,8.829523210525513,9.212189841270447,JONJUA.BO,2025-07-29 12:17:26.206875
44,2025-05-29 00:00:00+05:30,9.771427154541016,10.190476417541504,9.542856216430664,9.600000381469727,51432,0.0,0.0,2025-05-29,8.806666135787964,0.7092930804768721,9.515959216264836,8.097373055311092,10.225252296741708,7.38807997483422,57.51845735298931,180.0560969394313,2576492,57441.59410090614,86933.50154424238,11.523908345117277,76.7451415219914,9.777777671813965,10.012699127197266,9.365078926086426,10.425397872924805,9.130157470703125,10.660319328308105,8.717458724975586,,-60.30041389829274,0.2642809794240861,0.07195776636983366,0.19232321305425248,56.139776471088815,19.365417065941557,9.697142219543457,8.806666135787964,8.81580891609192,9.211142230033875,JONJUA.BO,2025-07-29 12:17:26.206875
45,2025-05-28 00:00:00+05:30,10.857142448425293,12.276189804077148,9.923808097839355,10.476189613342285,124296,0.0,0.0,2025-05-28,8.774285125732423,0.6855546954034445,9.459839821135867,8.088730430328978,10.145394516539312,7.403175734925534,179.39946988816405,403.4551528513627,2627924,151489.42731495108,94306.47840507643,11.529903233846472,82.38377960763968,10.892062505086264,11.860316912333172,9.507935206095379,13.244444211324057,8.53968079884847,14.212698618570965,7.155553499857586,,-40.55794989749509,0.24825888525641915,0.023876963106270535,0.22438192215014863,66.28391758594368,17.841193979052907,9.434284973144532,8.774285125732423,8.789713640213012,9.215046982765198,JONJUA.BO,2025-07-29 12:17:26.206875
46,2025-05-27 00:00:00+05:30,9.285714149475098,10.857142448425293,9.285714149475098,10.704760551452637,205732,0.0,0.0,2025-05-27,8.69952325820923,0.5602708579608211,9.25979411617005,8.139252400248408,9.820064974130872,7.578981542287587,242.35516724919734,346.524246574618,2752220,256212.68403019945,80010.74117760776,11.537898372032451,78.27251104907862,10.282539049784342,11.279363950093586,9.70793565114339,11.853967348734537,8.711110750834147,12.850792249043781,8.136507352193195,,-5.0473504995181955,0.13769288753527142,-0.03221851743126662,0.16991140496653806,69.32402445189575,15.531263857288405,9.015237426757812,8.69952325820923,8.759237451553345,9.209808888435363,JONJUA.BO,2025-07-29 12:17:26.206875
47,2025-05-26 00:00:00+05:30,9.0,10.0,8.952380180358887,9.047618865966797,85721,0.0,0.0,2025-05-26,8.60666618347168,0.3071663605539859,8.913832544025665,8.299499822917694,9.220998904579652,7.992333462363708,225.52823680854166,154.0086249818753,2546488,90228.4188718721,35960.25546445985,11.54849465826247,58.40020466532022,9.333333015441895,9.714285850524902,8.666666030883789,10.380952835083008,8.285713195800781,10.761905670166016,7.619046211242676,,-42.1940978187297,-0.028462124475176154,-0.07469636867290112,0.04623424419772497,55.710208001900284,14.14820536563863,8.550475692749023,8.60666618347168,8.73161841392517,9.202761282920838,JONJUA.BO,2025-07-29 12:17:26.206875
48,2025-05-23 00:00:00+05:30,8.65714168548584,8.65714168548584,8.65714168548584,8.65714168548584,17143,0.0,0.0,2025-05-23,8.61142807006836,0.3150003900674312,8.926428460135792,8.296427680000928,9.241428850203222,7.981427289933498,80.19510971159195,-0.03660224834393684,2460767,17265.65947726999,22393.214612606782,11.561818268845892,47.468891840017875,8.65714168548584,8.65714168548584,8.65714168548584,8.65714168548584,8.65714168548584,8.65714168548584,8.65714168548584,,-38.85357915287673,-0.07755629772895745,-0.08625492972233237,0.008698631993374922,50.962528274526136,13.593321615184326,8.449523162841796,8.61142807006836,8.746285047531128,9.210380320549012,JONJUA.BO,2025-07-29 12:17:26.206875
49,2025-05-21 00:00:00+05:30,8.380951881408691,8.380951881408691,7.838095188140869,8.285714149475098,21429,0.0,0.0,2025-05-21,8.605237579345703,0.31527118713156477,8.920508766477267,8.289966392214138,9.235779953608832,7.974695205082574,-131.3943641584123,-108.51672422566618,2443624,20656.354202694896,23675.103396440976,11.564916331167193,49.83136171971926,8.168253739674887,8.498412291208904,7.955555597941082,8.711110432942709,7.625397046407064,9.041268984476726,7.41269890467326,,-73.61111433049723,-0.1007805351394051,-0.08842958772067609,-0.01235094741872901,45.84879161357612,14.091956879381403,8.420951843261719,8.605237579345703,8.754094591140747,9.223808903694152,JONJUA.BO,2025-07-29 12:17:26.206875
50,2025-05-20 00:00:00+05:30,8.380951881408691,8.380951881408691,8.380951881408691,8.380951881408691,12857,0.0,0.0,2025-05-20,8.619047069549561,0.3064646496112771,8.925511719160838,8.312582419938284,9.231976368772115,8.006117770327007,-60.57965588102086,-68.44908764503913,2465053,12535.879586241514,24429.790694877498,11.569294122369579,47.727153719285816,8.380951881408691,8.380951881408691,8.380951881408691,8.380951881408691,8.380951881408691,8.380951881408691,8.380951881408691,,-68.98150315868138,-0.09240763426021559,-0.08534185086599383,-0.0070657833942217585,47.080957463093114,14.016881486434999,8.430475616455078,8.619047069549561,8.765523157119752,9.243808903694152,JONJUA.BO,2025-07-29 12:17:26.206875
51,2025-05-19 00:00:00+05:30,8.476189613342285,8.476189613342285,8.342856407165527,8.380951881408691,21429,0.0,0.0,2025-05-19,8.628570890426635,0.3015970833641498,8.930167973790786,8.326973807062485,9.231765057154934,8.025376723698336,-39.84379329196769,-67.43852214519038,2477910,20893.782659529392,27403.268472036492,11.571849985098437,50.30435107145239,8.399999300638834,8.45714219411214,8.323808987935383,8.533332506815592,8.266666094462076,8.590475400288899,8.190475781758625,,-68.98150315868138,-0.08966714182107438,-0.08357540501743839,-0.0060917368036359915,47.080957463093114,14.960751435607827,8.449523162841796,8.628570890426635,8.77866602897644,9.264761281013488,JONJUA.BO,2025-07-29 12:17:26.206875
52,2025-05-16 00:00:00+05:30,8.666666030883789,8.75238037109375,8.495237350463867,8.542856216430664,47146,0.0,0.0,2025-05-16,8.6138090133667,0.32095868018869816,8.934767693555397,8.292850333178002,9.255726373744096,7.971891652989303,10.48212035170141,-31.206925713875783,2499339,46856.49181615232,29030.63992516327,11.576119007483568,50.79626695018209,8.596824645996094,8.69841194152832,8.441268920898438,8.853967666625977,8.339681625366211,8.955554962158203,8.184125900268555,,-61.111154894762386,-0.08479988798882232,-0.08205247081652937,-0.002747417172292946,48.89373757120128,15.977226765486257,8.401904106140137,8.6138090133667,8.799618406295776,9.287142233848572,JONJUA.BO,2025-07-29 12:17:26.206875
53,2025-05-15 00:00:00+05:30,9.2380952835083,9.2380952835083,8.485713005065918,8.51428508758545,55718,0.0,0.0,2025-05-15,8.593809032440186,0.33764173685636273,8.931450769296548,8.256167295583824,9.269092506152912,7.918525558727461,36.8483177592396,1.3235692775814496,2452193,55190.65236235681,24574.176952416004,11.585073659122788,54.25659933027244,8.746031125386557,9.006349245707195,8.253966967264812,9.49841340382894,7.993648846944174,9.758731524149578,7.50158468882243,,-62.50002897447511,-0.09322860527410803,-0.08136561652345614,-0.011862988750651893,48.54882283878275,17.042356225201566,8.407618522644043,8.593809032440186,8.806856508255004,9.309713673591613,JONJUA.BO,2025-07-29 12:17:26.206875
54,2025-05-14 00:00:00+05:30,8.761903762817383,8.761903762817383,8.333333015441895,8.333333015441895,17143,0.0,0.0,2025-05-14,8.56857089996338,0.36189300591266216,8.930463905876042,8.206677894050717,9.292356911788705,7.844784888138055,-33.86126912920003,-50.561999419587444,2396475,16619.860848128963,16920.0580999308,11.595824863124472,51.70246473721742,8.476189931233725,8.619046847025555,8.190476099650066,8.904760678609213,8.047619183858236,9.047617594401043,7.761905352274578,,-71.29630874458931,-0.09979353963530002,-0.07839986933579315,-0.021393670299506867,46.53859848100317,18.189418720279594,8.382856559753417,8.56857089996338,8.815618410110474,9.332761282920837,JONJUA.BO,2025-07-29 12:17:26.206875
55,2025-05-13 00:00:00+05:30,8.666666030883789,8.80952262878418,8.476189613342285,8.476189613342285,25715,0.0,0.0,2025-05-13,8.566189956665038,0.36367438501497534,8.929864341680014,8.202515571650062,9.293538726694988,7.838841186635087,-13.80871100459117,-28.042420476948056,2413618,25357.65056032934,16995.107412881258,11.59934302651168,54.11876245460774,8.587300618489584,8.698411623636883,8.365078608194988,8.920633633931478,8.25396760304769,9.031744639078777,8.031745592753094,,-64.35189198686552,-0.08886558425578706,-0.07305145176091644,-0.01581413249487061,47.88993755137029,18.856781991822928,8.506665992736817,8.566189956665038,8.827999353408813,9.358951754570008,JONJUA.BO,2025-07-29 12:17:26.206875
56,2025-05-09 00:00:00+05:30,8.285714149475098,8.285714149475098,8.14285659790039,8.14285659790039,8571,0.0,0.0,2025-05-09,8.534761428833008,0.39745315097946454,8.932214579812472,8.137308277853544,9.329667730791936,7.739855126874079,-112.78080803788984,-105.21129794269483,2387903,8119.515261482036,14904.471626019234,11.604403168071315,48.46359490281128,8.190475781758627,8.238094965616863,8.095237414042156,8.333333333333334,8.04761823018392,8.38095251719157,7.952379862467449,,-80.5555774473812,-0.08759725202136437,-0.06909791863719879,-0.01849933338416558,44.353290306649846,19.81408362181855,8.45904712677002,8.534761428833008,8.843999357223511,9.381904129981995,JONJUA.BO,2025-07-29 12:17:26.206875
57,2025-05-08 00:00:00+05:30,8.485713005065918,8.571428298950195,8.485713005065918,8.571428298950195,12857,0.0,0.0,2025-05-08,8.530951833724975,0.40174920377696716,8.932701037501943,8.129202629948008,9.33445024127891,7.727453426171041,-55.69621605208873,-43.18103305069059,2396474,12820.786297090879,16600.71071715353,11.606273501721084,50.97405377980092,8.542856534322103,8.600000063578289,8.514284769694012,8.62857182820638,8.457141240437826,8.685715357462566,8.428569475809734,,-59.72223445588949,-0.051817919806175894,-0.06447308529115739,0.012655165484981495,48.32135841303558,19.763418461063992,8.668571090698242,8.530951833724975,8.866856508255005,9.408666024208069,JONJUA.BO,2025-07-29 12:17:26.206875
58,2025-05-07 00:00:00+05:30,8.390475273132324,8.390475273132324,8.390475273132324,8.390475273132324,4285,0.0,0.0,2025-05-07,8.539999437332153,0.40473520273179553,8.944734640063949,8.135264234600356,9.349469842795743,7.730529031868562,-114.8885199727323,-74.01602464332451,2383617,4182.724005542545,17545.691822169196,11.60873526190508,47.45836933930518,8.390475273132324,8.390475273132324,8.390475273132324,8.390475273132324,8.390475273132324,8.390475273132324,8.390475273132324,,-68.51856058516387,-0.047432231394571645,-0.06763687666240276,0.02020464526783111,46.459462638358545,20.243062434690376,8.725713920593261,8.539999437332153,8.88723744392395,9.441999354362487,JONJUA.BO,2025-07-29 12:17:26.206875
59,2025-05-06 00:00:00+05:30,8.571428298950195,8.952380180358887,8.571428298950195,8.952380180358887,17143,0.0,0.0,2025-05-06,8.558094692230224,0.4057871183285163,8.96388181055874,8.152307573901707,9.369668928887256,7.746520455573191,0.6649558832375455,2.9872168934663863,2387902,17854.478223947775,20886.433776325855,11.609605541764958,49.19947893374007,8.825396219889322,9.07936414082845,8.698412259419758,9.206348101298014,8.444444338480631,9.46031602223714,8.317460378011067,,-41.20374340946589,-0.02327741972803743,-0.07268803797936053,0.049410618251323105,51.8568175419147,20.369156336343064,8.725713920593261,8.558094692230224,8.916189832687378,9.47152316570282,JONJUA.BO,2025-07-29 12:17:26.206875
60,2025-05-05 00:00:00+05:30,7.742856979370117,8.666666030883789,7.742856979370117,8.2380952835083,30001,0.0,0.0,2025-05-05,8.54380898475647,0.39608914356117825,8.93989812831765,8.147719841195292,9.335987271878826,7.751630697634114,-152.49983498461316,-110.3574301887226,2370759,28753.079325600993,21644.422664420374,11.612483419227425,42.01492593266829,8.215872764587402,8.688888549804688,7.765079498291016,9.139681816101074,7.2920637130737305,9.61269760131836,6.841270446777344,,-75.92591991640516,-0.04733837262837959,-0.0850406925421913,0.03770231991381172,44.22898845109192,20.776151173831185,8.725713920593261,8.54380898475647,8.933142232894898,9.495999350547791,JONJUA.BO,2025-07-29 12:17:26.206875
61,2025-04-29 00:00:00+05:30,8.857142448425293,9.190476417541504,8.857142448425293,9.190476417541504,12857,0.0,0.0,2025-04-29,8.565237522125244,0.3902290100677384,8.955466532192982,8.175008512057506,9.34569554226072,7.784779501989767,77.92483945483322,49.19070411372068,2400760,13746.732750734713,19867.25849912522,11.618891260982387,48.875809361087654,9.079365094502768,9.301587740580242,8.968253771464031,9.412699063618978,8.746031125386557,9.634921709696453,8.63491980234782,,-33.86242825588351,-0.007080195627191088,-0.09446627252064423,0.08738607689345314,55.06975138056396,20.614168645927517,8.874285316467285,8.565237522125244,8.9588565158844,9.532380290031433,JONJUA.BO,2025-07-29 12:17:26.206875
62,2025-04-28 00:00:00+05:30,8.438094139099121,9.800000190734863,8.428570747375488,8.857142448425293,30001,0.0,0.0,2025-04-28,8.55809464454651,0.37933755251500706,8.937432197061517,8.178757092031502,9.316769749576522,7.799419539516495,75.41523509771105,38.870164487873396,2387903,30913.71374734399,21397.389936222844,11.620869128096528,38.974654228258196,9.028571128845215,9.628571510314941,8.257142066955566,10.40000057220459,7.65714168548584,11.000000953674316,6.885712623596191,,-47.368429878497956,-0.049225365611862415,-0.1163127917440075,0.06708742613214508,51.21260499723244,22.029008336469182,8.805713844299316,8.55809464454651,8.965523176193237,9.550570750236512,JONJUA.BO,2025-07-29 12:17:26.206875
63,2025-04-25 00:00:00+05:30,8.571428298950195,9.047618865966797,8.380951881408691,8.390475273132324,34287,0.0,0.0,2025-04-25,8.560475587844849,0.3814568616964469,8.941932449541296,8.179018726148401,9.323389311237742,7.797561864451955,-9.302299983306348,-41.16190165160341,2357902,33468.62496570296,19018.308983442555,11.626131621633292,21.47739944081586,8.606348673502604,8.831745465596516,8.16507848103841,9.273015658060709,7.939681688944498,9.498412450154621,7.498411496480305,,-62.43387196499804,-0.06960977013970293,-0.13308464827704375,0.06347487813734082,44.964157041593545,23.55268184936021,8.862856674194337,8.560475587844849,8.974856500625611,9.575904078483582,JONJUA.BO,2025-07-29 12:17:26.206875
64,2025-04-23 00:00:00+05:30,8.952380180358887,8.952380180358887,8.952380180358887,8.952380180358887,4285,0.0,0.0,2025-04-23,8.582856559753418,0.38408000276854326,8.966936562521962,8.198776556984875,9.351016565290506,7.814696554216332,76.24830149169526,23.631077509606012,2392189,4462.838429074036,15405.72998787745,11.633188274495758,27.31106265595443,8.952380180358887,8.952380180358887,8.952380180358887,8.952380180358887,8.952380180358887,8.952380180358887,8.952380180358887,,-31.21693598249902,-0.048693645489073845,-0.14895336781137894,0.1002597223223051,52.38746338384391,23.776554555179015,8.891427993774414,8.582856559753418,8.993523168563843,9.609808831214904,JONJUA.BO,2025-07-29 12:17:26.206875
65,2025-04-22 00:00:00+05:30,8.676189422607422,9.14285659790039,8.676189422607422,8.980952262878418,17143,0.0,0.0,2025-04-22,8.601904201507569,0.411815139495513,9.013719341003082,8.190089062012056,9.425534480498595,7.778273922516543,90.58747646080347,19.469301231110073,2396474,17911.461910395432,18141.452877578304,11.633919147321539,33.221599826989134,8.933332761128744,9.190476099650066,8.723808924357098,9.399999936421713,8.466665585835775,9.657143274943035,8.257141749064129,,-29.629598232947643,-0.07651600486036791,-0.17401829839195523,0.09750229353158732,52.82126208305513,25.223099491563584,8.813332748413085,8.601904201507569,9.000951738357545,9.642285017967223,JONJUA.BO,2025-07-29 12:17:26.206875
66,2025-04-21 00:00:00+05:30,9.323808670043945,9.323808670043945,8.676189422607422,8.84761905670166,25715,0.0,0.0,2025-04-21,8.619523239135741,0.4357295479708037,9.055252787106545,8.183793691164938,9.49098233507735,7.748064143194134,111.57609125731432,20.589603024865614,2379331,26468.83122784283,18198.95061937402,11.636815943024175,37.79516803935446,8.94920571645101,9.222222010294598,8.574602762858074,9.596824963887533,8.301586469014486,9.869841257731121,7.926983515421551,,-37.036997791184554,-0.11379163968447514,-0.19839387177485204,0.0846022320903769,51.195108188026374,26.780917115362353,8.731427955627442,8.619523239135741,9.009904108047486,9.671523108482361,JONJUA.BO,2025-07-29 12:17:26.206875
67,2025-04-17 00:00:00+05:30,8.828570365905762,9.371427536010742,8.80952262878418,9.14285659790039,38573,0.0,0.0,2025-04-17,8.659046983718872,0.4899817719763037,9.149028755695175,8.169065211742568,9.639010527671479,7.679083439766265,190.24815800296182,47.86559760249711,2405046,41028.64233393288,16131.480467256813,11.641391846187844,41.430637045364,9.107935587565104,9.406348546346027,8.844443639119465,9.669840494791666,8.546030680338541,9.96825345357259,8.282538731892902,,-20.63491390706021,-0.14666033154513514,-0.21954442979744626,0.07288409825231112,55.27792887555515,28.458566864068718,8.579047012329102,8.659046983718872,9.01714217185974,9.704570717811585,JONJUA.BO,2025-07-29 12:17:26.206875
68,2025-04-16 00:00:00+05:30,8.533331871032715,8.533331871032715,8.533331871032715,8.533331871032715,4285,0.0,0.0,2025-04-16,8.684761238098144,0.5286754767125156,9.21343671481066,8.156085761385627,9.742112191523175,7.627410284673113,56.944242140216666,-58.40339083093911,2366473,4253.939246865224,9907.190000587794,11.647555668303236,37.78937782789011,8.533331871032715,8.533331871032715,8.533331871032715,8.533331871032715,8.533331871032715,8.533331871032715,8.533331871032715,,-54.49739514484457,-0.21559651561289783,-0.23776545436052404,0.02216893874762621,47.350121019458896,30.545269227107347,8.379047012329101,8.684761238098144,9.033332643508912,9.725046916007996,JONJUA.BO,2025-07-29 12:17:26.206875
69,2025-04-15 00:00:00+05:30,8.561903953552246,8.561903953552246,8.561903953552246,8.561903953552246,4285,0.0,0.0,2025-04-15,8.755237483978272,0.5969657034260051,9.352203187404276,8.158271780552267,9.949168890830283,7.561306077126262,56.52369971596522,-57.171342422362734,2370758,4268.182675461632,11320.502689018438,11.648409359650158,43.21494705088519,8.561903953552246,8.561903953552246,8.561903953552246,8.561903953552246,8.561903953552246,8.561903953552246,8.561903953552246,,-52.910057395293194,-0.24056015672612752,-0.24330768904743055,0.0027475323213030367,47.73656729861691,30.547969432353973,8.274285125732423,8.755237483978272,9.075808839797974,9.761332631111145,JONJUA.BO,2025-07-29 12:17:26.206875
70,2025-04-11 00:00:00+05:30,8.571428298950195,8.571428298950195,8.571428298950195,8.571428298950195,4285,0.0,0.0,2025-04-11,8.800951766967774,0.6160823242893594,9.417034091257133,8.184869442678416,10.033116415546493,7.568787118389055,52.843498888922845,-59.04825064343459,2375043,4272.930643465381,13083.58269240764,11.649255684650967,41.610518157203224,8.571428298950195,8.571428298950195,8.571428298950195,8.571428298950195,8.571428298950195,8.571428298950195,8.571428298950195,,-52.38092715147578,-0.27169024844913814,-0.24399457212775627,-0.027695676321381868,47.85746325445142,30.600051935302446,8.219047164916992,8.800951766967774,9.117713594436646,9.803427863121033,JONJUA.BO,2025-07-29 12:17:26.206875
71,2025-04-07 00:00:00+05:30,8.085714340209961,8.085714340209961,8.085714340209961,8.085714340209961,4285,0.0,0.0,2025-04-07,8.848570823669434,0.6339550817334404,9.482525905402873,8.214615741935994,10.116480987136315,7.580660660202553,-80.4713020779108,-142.8343977650398,2370758,4030.7980623045237,15286.245704643203,11.650099861598658,35.85462165184853,8.085714340209961,8.085714340209961,8.085714340209961,8.085714340209961,8.085714340209961,8.085714340209961,8.085714340209961,,-79.36503311103894,-0.308367684013259,-0.23707065304741076,-0.07129703096584822,41.06644985105722,30.67154589290154,8.074285316467286,8.848570823669434,9.163427877426148,9.844951663017273,JONJUA.BO,2025-07-29 12:17:26.206875
72,2025-04-04 00:00:00+05:30,8.14285659790039,8.14285659790039,8.14285659790039,8.14285659790039,4285,0.0,0.0,2025-04-04,8.904285049438476,0.6119662880145782,9.516251337453054,8.292318761423898,10.128217625467633,7.68035247340932,-81.76383086066943,-141.19201945491545,2375043,4059.28396866766,18100.107615227873,11.651077758416971,35.185812685704605,8.14285659790039,8.14285659790039,8.14285659790039,8.14285659790039,8.14285659790039,8.14285659790039,8.14285659790039,,-76.1904635757379,-0.302818212639675,-0.2192463953059487,-0.08357181733372632,41.683725934694586,29.188743186585143,8.070475387573243,8.904285049438476,9.225713567733765,9.8785706949234,JONJUA.BO,2025-07-29 12:17:26.206875
73,2025-04-03 00:00:00+05:30,8.285714149475098,8.285714149475098,8.0,8.009522438049316,17143,0.0,0.0,2025-04-03,8.88095166683197,0.6502270791126755,9.531178745944645,8.230724587719296,10.181405825057322,7.580497508606619,-113.57681843537758,-158.00743690722996,2370758,15974.058415003516,21610.313526867925,11.652040510555443,35.36143233068384,8.09841219584147,8.196824391682942,7.911110242207844,8.384126345316568,7.812698046366373,8.48253854115804,7.625396092732746,,-84.65349037803753,-0.29675269947725447,-0.19835344097251711,-0.09839925850473735,39.86517374388089,27.658793670726606,8.192380142211913,8.88095166683197,9.25695164680481,9.913332600593566,JONJUA.BO,2025-07-29 12:17:26.206875
74,2025-04-02 00:00:00+05:30,8.285714149475098,8.285714149475098,8.285714149475098,8.285714149475098,4285,0.0,0.0,2025-04-02,8.941427874565125,0.6204786640341426,9.561906538599267,8.320949210530983,10.18238520263341,7.70047054649684,-104.90020033551473,-135.98431707508678,2387901,4130.499685405181,23019.37730483403,11.656044033455055,35.064448360636504,8.285714149475098,8.285714149475098,8.285714149475098,8.285714149475098,8.285714149475098,8.285714149475098,8.285714149475098,,-72.7272354866783,-0.2713593570418933,-0.1737536263463328,-0.0976057306955605,42.51689283429509,26.011155730571257,8.340951728820801,8.941427874565125,9.282284994125366,9.942761178016662,JONJUA.BO,2025-07-29 12:17:26.206875
75,2025-03-28 00:00:00+05:30,8.009522438049316,8.571428298950195,7.809523105621338,7.84761905670166,34287,0.0,0.0,2025-03-28,8.941903996467591,0.6199524529410497,9.56185644940864,8.321951543526541,10.18180890234969,7.701999090585492,-212.5663075884026,-185.0233108608429,2383616,31303.234981634083,27741.596709691243,11.656970215470771,37.38799960764574,8.07619015375773,8.342857201894123,7.580952008565266,8.838095347086588,7.314284960428873,9.10476239522298,6.819046815236408,,-94.01705817332648,-0.26193737721519383,-0.14935219367244265,-0.11258518354275118,36.337788365691594,24.554051587619604,8.417142105102538,8.941903996467591,9.296570711135864,9.969427838325501,JONJUA.BO,2025-07-29 12:17:26.206875
76,2025-03-27 00:00:00+05:30,9.51428508758545,9.51428508758545,7.714284896850586,8.066664695739746,72862,0.0,0.0,2025-03-27,8.997142052650451,0.5640131203334874,9.56115517298394,8.433128932316963,10.125168293317426,7.869115811983477,-144.4444878444627,-130.95079469771488,2417903,68378.08188718269,26851.18714170553,11.665365001251528,41.337754221545374,8.431744893391928,9.14920488993327,7.349204699198406,10.231745084126791,6.631744702657064,10.949205080668133,5.549204508463543,,-84.18808923382005,-0.2027599109182443,-0.12120589778675485,-0.08155401313148945,38.24660177612042,22.98486251059475,8.580951499938966,8.997142052650451,9.320570707321167,10.002475447654724,JONJUA.BO,2025-07-29 12:17:26.206875
77,2025-03-26 00:00:00+05:30,8.666666030883789,8.75238037109375,8.666666030883789,8.75238037109375,8571,0.0,0.0,2025-03-26,9.059999251365662,0.5234504760592926,9.583449727424954,8.53654877530637,10.106900203484248,8.013098299247076,-65.66530516350163,-80.84695740283937,2490765,8727.291846907314,16469.463455336234,11.682297244425282,58.04573561555552,8.723808924357096,8.780951817830402,8.695237477620442,8.809523264567057,8.638094584147135,8.866666158040363,8.60952313741048,,-67.93481810107625,-0.1454953782021402,-0.10081739450388248,-0.04467798369825772,45.15453417978429,21.294966581491057,8.777142333984376,9.059999251365662,9.339808835983277,10.030665936470031,JONJUA.BO,2025-07-29 12:17:26.206875
78,2025-03-25 00:00:00+05:30,8.628569602966309,8.761903762817383,8.571428298950195,8.75238037109375,25715,0.0,0.0,2025-03-25,9.111427760124206,0.5418414596589507,9.653269219783157,8.569586300465255,10.195110679442108,8.027744840806305,-83.42182030410731,-90.72736317759258,2499336,26183.91201064305,18405.00635744346,11.683919782737902,72.78620846312239,8.695237477620443,8.819046656290691,8.628571192423504,8.88571294148763,8.504762013753256,9.009522120157879,8.438095728556316,,-57.07762191702402,-0.13750755240044477,-0.08964789857931804,-0.047859653821126724,45.1545341797843,20.642870152873517,8.807618522644043,9.111427760124206,9.34304690361023,10.0502849817276,JONJUA.BO,2025-07-29 12:17:26.206875
79,2025-03-24 00:00:00+05:30,8.723808288574219,8.723808288574219,8.666666030883789,8.666666030883789,8571,0.0,0.0,2025-03-24,9.126189684867859,0.535529715115533,9.661719399983392,8.590659969752325,10.197249115098925,8.055130254636792,-98.1482215501689,-95.96826251667741,2473621,8641.823205148095,16460.27994414356,11.68879857811235,56.08153109323785,8.685713450113932,8.704760869344074,8.647618611653645,8.742855707804361,8.628571192423502,8.761903127034504,8.590476353963215,,-54.91804254211962,-0.12519726705735756,-0.07768298512403635,-0.04751428193332122,44.01734486741214,19.940612460516167,8.824761390686035,9.126189684867859,9.352189741134644,10.076284976005555,JONJUA.BO,2025-07-29 12:17:26.206875
80,2025-03-21 00:00:00+05:30,8.666666030883789,8.666666030883789,8.666666030883789,8.666666030883789,4285,0.0,0.0,2025-03-21,9.135713505744935,0.5285760316392917,9.664289537384226,8.607137474105643,10.192865569023517,8.078561442466352,-123.27495275558458,-103.10663381032384,2482192,4320.407471013837,18414.894128892425,11.690475899608067,58.70550381482808,8.666666030883789,8.666666030883789,8.666666030883789,8.666666030883789,8.666666030883789,8.666666030883789,8.666666030883789,,-54.91804254211962,-0.09909787933140457,-0.06580441464070605,-0.03329346469069852,44.017344867412135,19.315925800788424,8.958094787597656,9.135713505744935,9.374094495773315,10.106665921211242,JONJUA.BO,2025-07-29 12:17:26.206875
81,2025-03-20 00:00:00+05:30,9.190476417541504,9.190476417541504,9.047618865966797,9.047618865966797,25715,0.0,0.0,2025-03-20,9.154284977912903,0.5176406779589503,9.671925655871853,8.636644299953954,10.189566333830804,8.119003621995002,-41.49059234868167,-34.85623906211639,2486477,27067.15730439672,21938.51579336207,11.691315160793287,53.803945553564745,9.095238049825033,9.14285723368327,8.999999682108562,9.23809560139974,8.952380498250326,9.285714785257976,8.857142130533855,,-38.524581081474835,-0.06418127111663985,-0.057481048468031426,-0.006700222648608423,47.6113102865767,18.507656929909476,9.091428184509278,9.154284977912903,9.395999250411988,10.136761155128479,JONJUA.BO,2025-07-29 12:17:26.206875
82,2025-03-19 00:00:00+05:30,8.90476131439209,8.90476131439209,8.90476131439209,8.90476131439209,17143,0.0,0.0,2025-03-19,9.173332571983337,0.520510092180473,9.69384266416381,8.652822479802865,10.214352756344283,8.132312387622392,-72.66082793552356,-67.17454676238222,2460762,17759.50794919128,20656.355415603408,11.695725925586808,48.631591086236135,8.90476131439209,8.90476131439209,8.90476131439209,8.90476131439209,8.90476131439209,8.90476131439209,8.90476131439209,,-44.67213938903209,-0.05602307055262834,-0.05580599280587931,-0.00021707774674902675,46.10591372161215,18.13978259564167,9.20952320098877,9.173332571983337,9.41104687690735,10.158761143684387,JONJUA.BO,2025-07-29 12:17:26.206875
83,2025-03-18 00:00:00+05:30,9.047618865966797,9.047618865966797,8.714284896850586,8.838094711303711,12857,0.0,0.0,2025-03-18,9.173332571983337,0.520510092180473,9.69384266416381,8.652822479802865,10.214352756344283,8.132312387622392,-47.63495974471584,-76.01270142394362,2443619,13219.654836400143,21380.567282206437,11.698833634092207,45.54218091361809,8.866666158040365,9.019047419230144,8.685713450113933,9.200000127156576,8.533332188924154,9.352381388346355,8.352379480997723,,-47.54098898875565,-0.030659962924643125,-0.055751723369192055,0.02509176044454893,45.37717327191228,17.086071148027905,9.35999927520752,9.173332571983337,9.430094499588012,10.183046860694885,JONJUA.BO,2025-07-29 12:17:26.206875
84,2025-03-17 00:00:00+05:30,8.190476417541504,9.333333015441895,8.190476417541504,9.333333015441895,30001,0.0,0.0,2025-03-17,9.179046845436096,0.5172532131050473,9.696300058541143,8.66179363233105,10.213553271646191,8.144540419226,-27.804064699491654,-65.98050324178736,2456476,32575.741761870722,23420.79539365801,11.701224635442818,53.471589012235874,8.952380816141764,9.714285214742024,8.571428616841633,10.095237414042154,7.809524218241373,10.857141812642414,7.428572018941242,,-26.229505505622175,0.008842695826324132,-0.062024663480329284,0.07086735930665342,49.8477618854492,15.95130497367462,9.580951690673828,9.179046845436096,9.46057068824768,10.207046866416931,JONJUA.BO,2025-07-29 12:17:26.206875
85,2025-03-13 00:00:00+05:30,8.857142448425293,9.333333015441895,8.857142448425293,9.333333015441895,8571,0.0,0.0,2025-03-13,9.159999203681945,0.5182858459716638,9.678285049653608,8.641713357710282,10.196570895625273,8.123427511738617,16.506971518080814,-31.159371481935512,2486477,9306.57920205973,21132.05880160483,11.705851718852546,58.95693356614765,9.174602826436361,9.49206320444743,9.015872637430828,9.650793393452963,8.69841225941976,9.968253771464031,8.539682070414226,,-26.229505505622175,0.010510619943481458,-0.07974150330699264,0.0902521232504741,49.8477618854492,14.729249093601851,9.609523010253906,9.159999203681945,9.481523065567016,10.220475430488586,JONJUA.BO,2025-07-29 12:17:26.206875
86,2025-03-12 00:00:00+05:30,9.638093948364258,9.638093948364258,9.638093948364258,9.638093948364258,4285,0.0,0.0,2025-03-12,9.157142043113708,0.5174368266829861,9.674578869796694,8.639705216430723,10.19201569647968,8.122268389747736,84.46785696542187,39.73025328035457,2495048,4804.672633335552,24088.428701491106,11.707176955497538,63.86855918628129,9.638093948364258,9.638093948364258,9.638093948364258,9.638093948364258,9.638093948364258,9.638093948364258,9.638093948364258,,-13.114793792072938,0.01248681642766769,-0.10230453411961116,0.11479135054727885,52.52492344802044,14.19338039954206,9.647618293762207,9.157142043113708,9.48914210319519,10.23657066822052,JONJUA.BO,2025-07-29 12:17:26.206875
87,2025-03-11 00:00:00+05:30,9.80952262878418,9.80952262878418,8.333333015441895,9.65714168548584,17143,0.0,0.0,2025-03-11,9.13952305316925,0.5060728051317391,9.64559585830099,8.633450248037512,10.15166866343273,8.127377442905772,39.88681116999659,-14.615506295878463,2499333,19260.04285512516,28909.367718529993,11.707754921553652,62.10665437024148,9.266665776570639,10.199998537699383,8.723808924357098,10.742855389912924,7.7904761632283535,11.676188151041668,7.247619311014812,,-12.295116615114514,-0.015186581716413627,-0.13100237175643087,0.11581579004001724,52.700135795839884,14.779503067910424,9.55999927520752,9.13952305316925,9.498284978866577,10.253046870231628,JONJUA.BO,2025-07-29 12:17:26.206875
88,2025-03-10 00:00:00+05:30,9.476189613342285,9.942856788635254,9.047618865966797,9.942856788635254,12857,0.0,0.0,2025-03-10,9.136189723014832,0.5026922496931484,9.63888197270798,8.633497473321684,10.141574222401129,8.130805223628535,86.76900601398069,43.32579729905951,2516476,14872.112047566767,31321.698934381202,11.710049113675971,71.09451364654441,9.644444147745768,10.241269429524738,9.346031506856281,10.539682070414225,8.74920622507731,11.136507352193195,8.450793584187824,,-0.0,-0.05226273100048395,-0.15995631926643517,0.10769358826595121,55.178424490825414,15.410712095384048,9.163808727264405,9.136189723014832,9.513523092269898,10.265046877861023,JONJUA.BO,2025-07-29 12:17:26.206875
89,2025-03-07 00:00:00+05:30,9.476189613342285,9.476189613342285,9.476189613342285,9.476189613342285,4285,0.0,0.0,2025-03-07,9.130951619148254,0.4943204034096992,9.625272022557953,8.636631215738555,10.119592425967653,8.142310812328855,84.70707532240581,19.849560958736827,2503619,4723.961931420212,35434.095656084806,11.711533159189582,58.813015114805864,9.476189613342285,9.476189613342285,9.476189613342285,9.476189613342285,9.476189613342285,9.476189613342285,9.476189613342285,,-14.096880348666915,-0.1270781863637378,-0.18687971633292297,0.05980152996918517,51.76476890450146,15.8106776405096,9.019046688079834,9.130951619148254,9.514665956497192,10.27885639667511,JONJUA.BO,2025-07-29 12:17:26.206875
90,2025-03-06 00:00:00+05:30,9.523809432983398,9.523809432983398,9.523809432983398,9.523809432983398,4285,0.0,0.0,2025-03-06,9.147142148017883,0.5112366131213926,9.658378761139275,8.63590553489649,10.169615374260669,8.124668921775097,117.79550346314365,25.58467255117793,2507904,4747.700820609279,43111.629087250956,11.712158966212584,58.84100545392891,9.523809432983398,9.523809432983398,9.523809432983398,9.523809432983398,9.523809432983398,9.523809432983398,9.523809432983398,,-11.894200059993295,-0.17497956746111676,-0.20183009882521924,0.02685053136410248,52.157173508955744,16.967467816874997,8.78285608291626,9.147142148017883,9.527618341445923,10.290094504356384,JONJUA.BO,2025-07-29 12:17:26.206875
91,2025-03-05 00:00:00+05:30,7.857141971588135,9.209522247314453,7.857141971588135,9.19999885559082,111437,0.0,0.0,2025-03-05,9.147142148017883,0.5112366131213926,9.658378761139275,8.63590553489649,10.169615374260669,8.124668921775097,-11.890526664749604,-88.44090803915832,2503619,119272.13848540254,52702.61115391137,11.712771788352441,56.15706495218637,8.755554358164469,9.653966744740803,8.301586469014484,10.107934633890787,7.4031740824381504,11.006347020467121,6.949206193288166,,-26.87223192701992,-0.23834647599042924,-0.20854273166624482,-0.029803744324184422,49.900174768584314,18.242563939327095,8.668570232391357,9.147142148017883,9.543999280929565,10.307713551521301,JONJUA.BO,2025-07-29 12:17:26.206875
92,2025-03-04 00:00:00+05:30,8.047618865966797,8.942856788635254,7.619047164916992,7.676188945770264,72862,0.0,0.0,2025-03-04,9.163332676887512,0.5180802805523629,9.681412957439875,8.645252396335149,10.199493237992238,8.127172115782786,-152.51694989648288,-192.33777829664777,2392182,65068.1658545412,36060.229321038576,11.731205976916135,44.268160764079944,8.07936429977417,8.539681434631348,7.215871810913086,9.403173923492432,6.755554676055908,9.86349105834961,5.892062187194824,,-97.35687629029697,-0.28397357510686483,-0.20109179558519868,-0.08288177952166614,36.736519706226005,19.08262582185817,8.693332195281982,9.163332676887512,9.551427869796752,10.326284976005555,JONJUA.BO,2025-07-29 12:17:26.206875
93,2025-03-03 00:00:00+05:30,7.619047164916992,9.219046592712402,7.619047164916992,9.219046592712402,30001,0.0,0.0,2025-03-03,9.245713663101196,0.38238585461852626,9.628099517719722,8.86332780848267,10.010485372338248,8.480941953864143,-67.33064453081515,-112.96329337886941,2465044,32176.852641814225,28808.245187662917,11.750750421412839,51.365502444253316,8.685713450113932,9.752379735310871,8.152380307515461,10.285712877909342,7.0857140223185215,11.352379163106281,6.552380879720051,,-25.991168634093835,-0.18801527035532573,-0.18037135070478216,-0.0076439196505435625,48.7992596630979,19.45094098121686,9.11428451538086,9.245713663101196,9.594856472015381,10.363427839279176,JONJUA.BO,2025-07-29 12:17:26.206875
94,2025-02-28 00:00:00+05:30,8.095237731933594,8.571428298950195,8.095237731933594,8.295236587524414,38573,0.0,0.0,2025-02-28,9.250951766967773,0.3827187257158968,9.63367049268367,8.868233041251877,10.016389218399567,8.48551431553598,-188.54754778307407,-171.0696644021306,2435043,37224.94073712708,27966.09332412509,11.755784742738031,36.92975469478607,8.320634206136068,8.546030680338543,8.069840113321941,8.79682477315267,7.844443639119467,9.022221247355144,7.59364954630534,,-76.09755573352051,-0.21425894737446782,-0.17846037079214627,-0.03579857658232155,37.395889319702746,19.84758807591083,9.079998970031738,9.250951766967773,9.60647554397583,10.38199927330017,JONJUA.BO,2025-07-29 12:17:26.206875
95,2025-02-27 00:00:00+05:30,8.80952262878418,8.952380180358887,8.80952262878418,8.952380180358887,12857,0.0,0.0,2025-02-27,9.30238037109375,0.3096702350394899,9.612050606133241,8.99271013605426,9.92172084117273,8.683039901014771,-47.12532376939273,-91.92657921677456,2473616,13390.5982923232,25651.381470874592,11.764654921838554,40.77136715269558,8.90476099650065,8.999999364217121,8.857141812642414,9.047618548075357,8.761903444925943,9.142856915791828,8.714284261067707,,-44.07581937503426,-0.15363117051115083,-0.16951072664656586,0.01587955613541503,43.91064669728362,18.890242297991826,9.192380142211913,9.30238037109375,9.640380325317382,10.409427862167359,JONJUA.BO,2025-07-29 12:17:26.206875
96,2025-02-24 00:00:00+05:30,9.323808670043945,9.323808670043945,9.323808670043945,9.323808670043945,4285,0.0,0.0,2025-02-24,9.32618989944458,0.29948231119583174,9.625672210640412,9.02670758824875,9.925154521836244,8.727225277052916,85.46191310777817,-32.771345346235925,2486473,4647.998722093784,28716.577265512435,11.767059686989155,43.34487524182004,9.323808670043945,9.323808670043945,9.323808670043945,9.323808670043945,9.323808670043945,9.323808670043945,9.323808670043945,,-25.59242043538171,-0.13840018623785788,-0.17348061568041961,0.035080429442561734,48.289941315031434,18.8607579203913,9.20952320098877,9.32618989944458,9.660380325317384,10.438475484848022,JONJUA.BO,2025-07-29 12:17:26.206875
97,2025-02-21 00:00:00+05:30,9.047618865966797,9.780950546264648,9.047618865966797,9.780950546264648,42860,0.0,0.0,2025-02-21,9.320475578308105,0.30061831379095527,9.621093892099061,9.01985726451715,9.921712205890016,8.719238950726195,161.76452204977667,-3.8153821877916205,2490758,48770.257714784566,34733.7219013671,11.767756181952358,43.81202861088842,9.536506652832031,10.025394439697266,9.292062759399414,10.269838333129883,8.80317497253418,10.758726119995117,8.558731079101562,,-2.84366554753494,-0.15338301692909972,-0.18225072304106005,0.028867706111960323,54.57320383199819,19.745114612181396,9.230475616455077,9.320475578308105,9.673904151916505,10.470665960311889,JONJUA.BO,2025-07-29 12:17:26.206875
98,2025-02-19 00:00:00+05:30,8.80952262878418,9.047618865966797,8.80952262878418,9.047618865966797,8571,0.0,0.0,2025-02-19,9.329047060012817,0.3164650862217886,9.645512146234605,9.012581973791029,9.961977232456395,8.69611688756924,-32.31288045211201,-85.71062958384896,2447898,9021.684046509212,31224.587948012726,11.773437468730032,37.62080021313352,8.968253453572592,9.126984278361004,8.888888041178387,9.206349690755209,8.730157216389975,9.365080515543621,8.65079180399577,,-39.33645589198057,-0.2152631437763013,-0.1894676495690501,-0.02579549420725119,43.79692101101303,20.6974987418015,9.055237770080566,9.329047060012817,9.674475593566894,10.49952311515808,JONJUA.BO,2025-07-29 12:17:26.206875
99,2025-02-18 00:00:00+05:30,9.01904582977295,9.01904582977295,8.857142448425293,8.857142448425293,34287,0.0,0.0,2025-02-18,9.409523200988769,0.4266120008199602,9.836135201808728,8.98291120016881,10.26274720262869,8.556299199348848,-61.2008784499443,-97.79741732224363,2439327,35330.105771647075,36775.3139233886,11.77499707877626,36.15096827662046,8.911110242207846,8.965078035990398,8.803174654642742,9.073013623555502,8.74920686086019,9.126981417338055,8.641271273295086,,-48.815135400385216,-0.2190048354865457,-0.18301877601723732,-0.035986059469308385,40.37866466536548,19.89320249386702,9.036190032958984,9.409523200988769,9.69352321624756,10.53618977546692,JONJUA.BO,2025-07-29 12:17:26.206875
100,2025-02-17 00:00:00+05:30,7.8285698890686035,9.038095474243164,7.8285698890686035,9.038095474243164,8571,0.0,0.0,2025-02-17,9.499523162841797,0.4892198789917739,9.98874304183357,9.010303283850023,10.477962920825345,8.521083404858249,-135.8502833587428,-140.73626116943313,2473614,9012.187953398467,37136.61596132399,11.781690927449791,30.492200660087917,8.634920279184977,9.44127066930135,8.23174508412679,9.844445864359537,7.425394694010416,10.65079625447591,7.022219498952229,,-39.810368511434575,-0.20171803851699188,-0.1740222611499102,-0.027695777367081675,42.661168344866134,19.098751442676303,9.055237579345704,9.499523162841797,9.722094650268554,10.574189767837524,JONJUA.BO,2025-07-29 12:17:26.206875
101,2025-02-14 00:00:00+05:30,9.14285659790039,9.428570747375488,8.628569602966309,9.428570747375488,77148,0.0,0.0,2025-02-14,9.590475511550903,0.5625203494837208,10.152995861034624,9.027955162067181,10.715516210518345,8.46543481258346,-40.167416025290464,-73.97037563271317,2482185,84623.76754710678,44167.722963305365,11.783265212782917,29.282289078791763,9.161903699239096,9.695237795511883,8.895236651102703,9.961904843648275,8.361902554829916,10.495238939921062,8.095235506693523,,-33.85824412451834,-0.1943504973862602,-0.16709831680813977,-0.027252180578120427,48.13551898125065,18.243188772163226,9.1028564453125,9.590475511550903,9.750856533050538,10.607142143249511,JONJUA.BO,2025-07-29 12:17:26.206875
102,2025-02-13 00:00:00+05:30,8.933333396911621,8.952380180358887,8.90476131439209,8.90476131439209,85721,0.0,0.0,2025-02-13,9.67904691696167,0.6656855624605672,10.344732479422238,9.013361354501104,11.010418041882804,8.347675792040537,-107.5846034137449,-112.7773371714915,2405037,88803.75552194052,34053.71181735501,11.795489962799472,14.329246702056167,8.920634269714355,8.936507225036621,8.888888359069824,8.968253135681152,8.873015403747559,8.984126091003418,8.841269493103027,,-83.05083163611677,-0.22042900575636537,-0.16028527166360967,-0.060143734092755696,38.33919581300308,18.631617799272497,9.074285125732422,9.67904691696167,9.774666061401367,10.64428500175476,JONJUA.BO,2025-07-29 12:17:26.206875
103,2025-02-12 00:00:00+05:30,8.952380180358887,8.952380180358887,8.952380180358887,8.952380180358887,4285,0.0,0.0,2025-02-12,9.719046878814698,0.6402610960417755,10.359307974856474,9.078785782772922,10.999569070898248,8.438524686731148,-128.76713481264449,-115.41294320926835,2490758,4462.838429074038,20366.200891208628,11.812262077289013,16.078588200901663,8.952380180358887,8.952380180358887,8.952380180358887,8.952380180358887,8.952380180358887,8.952380180358887,8.952380180358887,,-80.76922780663315,-0.19889027298554218,-0.14524933814042074,-0.053640934845121446,38.996860755723354,17.692452313923866,9.211427879333495,9.719046878814698,9.812570838928222,10.66476119041443,JONJUA.BO,2025-07-29 12:17:26.206875
104,2025-02-11 00:00:00+05:30,9.428570747375488,9.428570747375488,8.714284896850586,8.952380180358887,21429,0.0,0.0,2025-02-11,9.73523736000061,0.6237346382241253,10.358971998224735,9.111502721776485,10.98270663644886,8.48776808355236,-138.87981732283572,-110.86131050504666,2495043,22318.358155572358,24342.041506742273,11.813091771700732,16.048630964255082,9.031745274861654,9.349205652872723,8.63491980234782,9.746031125386557,8.317459424336752,10.063491503397625,7.920633951822918,,-80.76922780663315,-0.17299041596529996,-0.13183910442914035,-0.04115131153615961,38.996860755723354,16.75918924588577,9.388570785522461,9.73523736000061,9.8499041557312,10.692380237579346,JONJUA.BO,2025-07-29 12:17:26.206875
105,2025-02-10 00:00:00+05:30,9.190476417541504,9.276189804077148,9.190476417541504,9.276189804077148,8571,0.0,0.0,2025-02-10,9.737618350982666,0.6206723141271029,10.35829066510977,9.116946036855563,10.978962979236872,8.49627372272846,-79.99991260883368,-83.03320058537967,2516472,9249.599790573375,24847.962344534746,11.817248252439276,19.273495401782213,9.247618675231934,9.304760932922363,9.219047546386719,9.333332061767578,9.161905288696289,9.390474319458008,9.133334159851074,,-85.79883830546416,-0.13720968362930286,-0.12155127654510042,-0.015658407084202436,43.07433142409279,15.754136711075517,9.558094787597657,9.737618350982666,9.889904155731202,10.716284999847412,JONJUA.BO,2025-07-29 12:17:26.206875
106,2025-02-07 00:00:00+05:30,9.285714149475098,9.285714149475098,9.285714149475098,9.285714149475098,4285,0.0,0.0,2025-02-07,9.726189804077148,0.6316235996344896,10.357813403711637,9.094566204442659,10.989437003346127,8.462942604808168,-83.19602424128222,-81.3116525688578,2525043,4629.008276323305,28747.55298302509,11.81872582358329,18.775968221485158,9.285714149475098,9.285714149475098,9.285714149475098,9.285714149475098,9.285714149475098,9.285714149475098,9.285714149475098,,-85.29411071724351,-0.12121091072244816,-0.1176366747740498,-0.0035742359483983688,43.20541997635886,15.454639927121091,9.607618713378907,9.726189804077148,9.919808902740478,10.729332609176636,JONJUA.BO,2025-07-29 12:17:26.206875
107,2025-02-06 00:00:00+05:30,9.2380952835083,9.590475082397461,9.2380952835083,9.590475082397461,94293,0.0,0.0,2025-02-06,9.713332653045654,0.6435659679829867,10.356898621028641,9.069766685062667,11.000464589011628,8.42620071707968,-8.686777940433865,-54.05152355649138,2529328,105206.21478765369,34777.18915970053,11.819462397844829,16.620299879310707,9.473015149434408,9.707935015360516,9.355555216471355,9.825394948323568,9.120635350545248,10.060314814249676,9.003175417582195,,-74.7787928224751,-0.09982910805176637,-0.1167431157869502,0.016914007735183825,47.2075808195159,15.303186826547204,9.655237770080566,9.713332653045654,9.950475540161133,10.747713556289673,JONJUA.BO,2025-07-29 12:17:26.206875
108,2025-02-05 00:00:00+05:30,9.838094711303711,9.838094711303711,9.838094711303711,9.838094711303711,4285,0.0,0.0,2025-02-05,9.679523086547851,0.6676703163328284,10.347193402880679,9.011852770215024,11.014863719213508,8.344182453882194,102.3964636848215,6.070539480415928,2623621,4904.374731851049,17169.932752712237,11.833817408699675,79.72772728439695,9.838094711303711,9.838094711303711,9.838094711303711,9.838094711303711,9.838094711303711,9.838094711303711,9.838094711303711,,-66.6666800717278,-0.10095569335890353,-0.12097161772074615,0.020015924361842616,50.852633656553294,15.140083487467637,9.601904487609863,9.679523086547851,9.996761264801025,10.761332607269287,JONJUA.BO,2025-07-29 12:17:26.206875
109,2025-02-04 00:00:00+05:30,9.800000190734863,9.800000190734863,9.800000190734863,9.800000190734863,8571,0.0,0.0,2025-02-04,9.64809446334839,0.6745716003706479,10.322666063719037,8.973522862977742,10.997237664089685,8.298951262607094,38.49858903722949,-1.2265585192868358,2619336,9771.908685180064,20236.322257927535,11.83440165318001,81.3032699862218,9.800000190734863,9.800000190734863,9.800000190734863,9.800000190734863,9.800000190734863,9.800000190734863,9.800000190734863,,-68.2730755727748,-0.125255213858674,-0.1259755988112068,0.0007203849525327932,50.28228749817864,16.08851304909563,9.49904727935791,9.64809446334839,10.026856498718262,10.772570686340332,JONJUA.BO,2025-07-29 12:17:26.206875
110,2025-02-03 00:00:00+05:30,9.523809432983398,9.523809432983398,9.523809432983398,9.523809432983398,4285,0.0,0.0,2025-02-03,9.646189641952514,0.6741737506891611,10.320363392641674,8.972015891263354,10.994537143330836,8.297842140574192,-28.154770259304613,-48.84376772090776,2610765,4747.7008206092805,22852.425651114405,11.835593625394296,83.27806464301374,9.523809432983398,9.523809432983398,9.523809432983398,9.523809432983398,9.523809432983398,9.523809432983398,9.523809432983398,,-78.34645808981078,-0.15071642423252918,-0.12615569504934,-0.02456072918318919,46.22604807611982,17.026519109690533,9.403808975219727,9.646189641952514,10.058856468200684,10.788856391906739,JONJUA.BO,2025-07-29 12:17:26.206875
111,2025-02-01 00:00:00+05:30,9.523809432983398,9.523809432983398,9.523809432983398,9.523809432983398,4285,0.0,0.0,2025-02-01,9.658094358444213,0.6740011351299506,10.332095493574164,8.984093223314263,11.006096628704114,8.310092088184312,-38.101792866167465,-51.6573864450251,2615050,4747.7008206092805,27378.606858740684,11.836270991287922,79.87925059323166,9.523809432983398,9.523809432983398,9.523809432983398,9.523809432983398,9.523809432983398,9.523809432983398,9.523809432983398,,-62.57859714178471,-0.15383030191394909,-0.12001551275354269,-0.033814789160406394,46.22604807611982,17.426087658821878,9.384761238098145,9.658094358444213,10.105904064178468,10.809808769226073,JONJUA.BO,2025-07-29 12:17:26.206875
112,2025-01-31 00:00:00+05:30,9.323808670043945,9.323808670043945,9.323808670043945,9.323808670043945,4285,0.0,0.0,2025-01-31,9.671903896331788,0.6739343959275924,10.34583829225938,8.997969500404196,11.019772688186972,8.324035104476604,-68.83271983420065,-85.94961880653916,2610765,4647.998722093784,33036.33336827353,11.836948754241993,75.43427500741163,9.323808670043945,9.323808670043945,9.323808670043945,9.323808670043945,9.323808670043945,9.323808670043945,9.323808670043945,,-69.18239449215415,-0.15548624679525247,-0.11156181546344109,-0.043924431331811384,43.381085352177905,17.856392250194094,9.321903800964355,9.671903896331788,10.135618324279784,10.81561827659607,JONJUA.BO,2025-07-29 12:17:26.206875
113,2025-01-30 00:00:00+05:30,9.323808670043945,9.323808670043945,9.323808670043945,9.323808670043945,4285,0.0,0.0,2025-01-30,9.698570585250854,0.6699758290585315,10.368546414309385,9.028594756192323,11.038522243367916,8.358618927133792,-74.57130932205528,-90.53151761670006,2615050,4647.998722093784,40133.41702981846,11.83768555032599,77.48338843070732,9.323808670043945,9.323808670043945,9.323808670043945,9.323808670043945,9.323808670043945,9.323808670043945,9.323808670043945,,-69.18239449215415,-0.135553460985685,-0.10058070763048824,-0.034972753355196756,43.381085352177905,17.8888674274016,9.447618103027343,9.698570585250854,10.176951656341553,10.824761142730713,JONJUA.BO,2025-07-29 12:17:26.206875
114,2025-01-29 00:00:00+05:30,9.285714149475098,9.323808670043945,9.047618865966797,9.323808670043945,21429,0.0,0.0,2025-01-29,9.750475358963012,0.6795574188862147,10.430032777849227,9.070917940076797,11.109590196735441,8.391360521190583,-83.24856593210781,-108.94898337235657,2619335,23244.332465752086,49004.77160674963,11.838422778560725,73.71016432929724,9.231745402018229,9.41587193806966,9.139682133992512,9.507935206095377,8.95555559794108,9.692061742146809,8.863492329915363,,-69.18239449215415,-0.10797961459334715,-0.09183751929168905,-0.016142095301658096,43.381085352177905,17.923840695163527,9.714284706115723,9.750475358963012,10.226094493865967,10.830570669174195,JONJUA.BO,2025-07-29 12:17:26.206875
115,2025-01-28 00:00:00+05:30,9.523809432983398,9.619047164916992,9.333333015441895,9.428570747375488,17143,0.0,0.0,2025-01-28,9.80333251953125,0.6857092378720343,10.489041757403283,9.117623281659215,11.174750995275318,8.431914043787181,-51.586526040057876,-78.77200718419438,2640764,18804.184775497117,55444.88139199901,11.84211610574177,74.366770434856,9.460316975911459,9.587300936381023,9.301586786905926,9.746031125386557,9.174602826436361,9.873015085856121,9.015872637430828,,-65.72327004416051,-0.07104068073356373,-0.08780199546627453,0.016761314732710794,44.31976638518484,17.961504214291757,9.980951309204102,9.80333251953125,10.283618297576904,10.833713521957398,JONJUA.BO,2025-07-29 12:17:26.206875
116,2025-01-27 00:00:00+05:30,9.90476131439209,9.952380180358887,9.095237731933594,9.209522247314453,51432,0.0,0.0,2025-01-27,9.817618227005005,0.6804467372957853,10.49806496430079,9.13717148970922,11.178511701596575,8.456724752413434,-47.52447755662448,-87.47627734445379,2623621,55105.168517973805,64605.05554612448,11.844955315036366,73.17734828771309,9.419046719868978,9.742855707804363,8.88571325937907,10.276189168294271,8.561904271443685,10.599998156229656,8.028570810953777,,-72.95600197500511,-0.03298875513916322,-0.09199232414945221,0.059003569010289,41.74468362207542,18.388086006664444,10.266665649414062,9.817618227005005,10.333142108917237,10.838475427627564,JONJUA.BO,2025-07-29 12:17:26.206875
117,2025-01-24 00:00:00+05:30,9.952380180358887,9.952380180358887,9.952380180358887,9.952380180358887,4285,0.0,0.0,2025-01-24,9.861904001235962,0.6674860438773379,10.5293900451133,9.194417957358624,11.196876088990637,8.526931913481286,5.0968305588475715,-15.956636968299728,2675053,4961.347019992161,66980.02730316215,11.854289491092366,77.5967837180256,9.952380180358887,9.952380180358887,9.952380180358887,9.952380180358887,9.952380180358887,9.952380180358887,9.952380180358887,,-48.42767929343185,0.037802028470876436,-0.10674321640202447,0.1445452448729009,48.7927463777131,18.847481783065803,10.664760971069336,9.861904001235962,10.391999263763427,10.847046852111816,JONJUA.BO,2025-07-29 12:17:26.206875
118,2025-01-23 00:00:00+05:30,10.65714168548584,10.65714168548584,10.65714168548584,10.65714168548584,4285,0.0,0.0,2025-01-23,9.88523736000061,0.6788747897268057,10.564112149727416,9.206362570273805,11.242986939454223,8.527487780546998,72.12938101758888,69.91788950187417,2679338,5312.676684846334,82484.69737395464,11.854850874259313,73.89080871216534,10.65714168548584,10.65714168548584,10.65714168548584,10.65714168548584,10.65714168548584,10.65714168548584,10.65714168548584,,-25.157257262048415,0.05470267425555342,-0.1428795276202497,0.1975822018758031,57.28886215426854,19.995539722592966,10.615237045288087,9.88523736000061,10.41676118850708,10.849999227523803,JONJUA.BO,2025-07-29 12:17:26.206875
119,2025-01-22 00:00:00+05:30,10.476189613342285,10.666666030883789,10.476189613342285,10.65714168548584,12857,0.0,0.0,2025-01-22,9.852380275726318,0.6550327849771037,10.507413060703422,9.197347490749214,11.162445845680526,8.54231470577211,88.86892724655543,57.734073536390106,2683623,15940.509716935663,101777.70254623171,11.855204504317086,71.2875144970244,10.59999910990397,10.723808606465656,10.533332188924152,10.790475527445475,10.409522692362467,10.91428502400716,10.342855771382649,,-25.157257262048415,0.0061034638195618385,-0.19227507808920047,0.1983785419087623,57.28886215426854,19.904231613230245,10.339046669006347,9.852380275726318,10.446856422424316,10.841332569122315,JONJUA.BO,2025-07-29 12:17:26.206875
120,2025-01-21 00:00:00+05:30,11.19999885559082,11.19999885559082,10.571428298950195,10.857142448425293,30001,0.0,0.0,2025-01-21,9.825713634490967,0.630960061858632,10.456673696349599,9.194753572632335,11.08763375820823,8.563793510773703,145.7712644460673,85.69116437596075,2696480,37894.23007692842,123237.00075355572,11.85626681393174,72.80226868254155,10.876189867655436,11.180951436360676,10.552380879720051,11.50476042429606,10.24761931101481,11.809521993001301,9.923810323079426,,-18.55345991167898,-0.05621072929651305,-0.24186971356639103,0.18565898426987798,59.85653272307074,19.80589980314732,10.00761833190918,9.825713634490967,10.48914213180542,10.834951610565186,JONJUA.BO,2025-07-29 12:17:26.206875
121,2025-01-20 00:00:00+05:30,10.571428298950195,11.419047355651855,10.476189613342285,11.19999885559082,385748,0.0,0.0,2025-01-20,9.799999332427978,0.5962368010701153,10.396236133498093,9.203762531357864,10.992472934568209,8.607525730287747,226.33747450554543,96.97902444988779,2726481,502624.3009432516,144572.69342271253,11.858338322147015,76.62803182744068,11.031745274861654,11.587300936381023,10.644443194071453,11.974603017171225,10.088887532552084,12.530158678690594,9.701585451761883,,-7.232731930844592,-0.1548371466922429,-0.2882844596338605,0.1334473129416176,64.41388768689788,19.516049222496925,9.645713615417481,9.799999332427978,10.526475448608398,10.826284942626954,JONJUA.BO,2025-07-29 12:17:26.206875
122,2025-01-17 00:00:00+05:30,9.523809432983398,10.0,9.14285659790039,9.704760551452637,55718,0.0,0.0,2025-01-17,9.718570804595947,0.4981070528377389,10.216677857433686,9.220463751758208,10.714784910271424,8.72235669892047,63.1439863266534,-63.76655129674142,2340733,62907.46202944328,55059.79154257776,11.876369317222375,53.3486012610582,9.615872383117676,10.088888168334961,9.231744766235352,10.473015785217285,8.758728981018066,10.94603157043457,8.374601364135742,,-33.97132762798934,-0.31252899168956105,-0.32164628786926486,0.009117296179703804,48.282783226578495,19.203902443334965,9.21142807006836,9.718570804595947,10.531427822113038,10.818094472885132,JONJUA.BO,2025-07-29 12:17:26.206875
123,2025-01-16 00:00:00+05:30,9.219046592712402,9.523809432983398,9.0,9.276189804077148,90007,0.0,0.0,2025-01-16,9.725713729858398,0.4989222271583765,10.224635957016774,9.226791502700022,10.723558184175152,8.727869275541645,-18.538826690618823,-105.05226795403948,2285015,97133.2083012645,53097.87392086137,11.884994428822477,39.49262908212603,9.266666412353516,9.533332824707031,9.009523391723633,9.790475845336914,8.742856979370117,10.05714225769043,8.485713958740234,,-61.08786014842722,-0.36242873310903967,-0.3239256119141908,-0.03850312119484889,41.18608828729081,20.49780219550359,9.053332710266114,9.725713729858398,10.569713554382325,10.825999240875245,JONJUA.BO,2025-07-29 12:17:26.206875
124,2025-01-15 00:00:00+05:30,8.390475273132324,9.047618865966797,8.390475273132324,9.0,34287,0.0,0.0,2025-01-15,9.751904249191284,0.48770527330939534,10.239609522500679,9.26419897588189,10.727314795810075,8.776493702572493,-100.77511594816082,-154.904256415711,2195008,35899.94784394098,42089.04032576059,11.901840586764488,35.29045157716793,8.812698046366373,9.234920819600422,8.57777722676595,9.469841639200846,8.1555544535319,9.892064412434895,7.920633633931477,,-73.22172033288656,-0.3786164536983758,-0.31429983161547853,-0.06431662208289729,35.86472584476637,20.959092822438105,9.039999198913574,9.751904249191284,10.60323736190796,10.836094484329223,JONJUA.BO,2025-07-29 12:17:26.206875
125,2025-01-14 00:00:00+05:30,9.057141304016113,9.057141304016113,8.80952262878418,9.047618865966797,47146,0.0,0.0,2025-01-14,9.801428031921386,0.4566339345270729,10.258061966448459,9.344794097394313,10.714695900975531,8.88816016286724,-102.65405493685854,-141.75377953366382,2229295,49625.051459190676,43636.313446215485,11.908996345492122,36.240118878234725,8.97142759958903,9.133332570393879,8.885713895161945,9.219046274820963,8.723808924357096,9.380951245625813,8.638095219930012,,-79.81215845710052,-0.3664045174801842,-0.29822067609475417,-0.06818384138543004,36.41098980578608,20.368340722069,9.19237995147705,9.801428031921386,10.642284965515136,10.847523050308228,JONJUA.BO,2025-07-29 12:17:26.206875
126,2025-01-13 00:00:00+05:30,9.371427536010742,9.523809432983398,9.0,9.028571128845215,77148,0.0,0.0,2025-01-13,9.846666097640991,0.42148890812099443,10.268155005761985,9.425177189519998,10.68964391388298,9.003688281399002,-100.83648165417294,-124.7267675653241,2182149,81033.67148224356,42139.12894297168,11.9187316098588,46.0902118011665,9.184126853942871,9.368253707885742,8.844444274902344,9.70793628692627,8.660317420959473,9.89206314086914,8.320634841918945,,-80.75113111110275,-0.34990769173574066,-0.28117471574839664,-0.06873297598734401,36.04920000143353,20.34814467902317,9.335236930847168,9.846666097640991,10.684380187988282,10.85704686164856,JONJUA.BO,2025-07-29 12:17:26.206875
127,2025-01-10 00:00:00+05:30,9.209522247314453,9.209522247314453,8.638093948364258,8.914283752441406,47146,0.0,0.0,2025-01-10,9.89523754119873,0.37574160345484564,10.270979144653575,9.519495937743885,10.646720748108422,9.143754334289039,-185.48392795185282,-153.86622210164742,2105001,48893.725132558604,32415.493308153702,11.934912373720062,51.53317875982067,8.920633316040039,9.20317268371582,8.631744384765625,9.492061614990234,8.349205017089844,9.774600982666016,8.06031608581543,,-86.3850140472152,-0.3216092105473827,-0.2639914717515606,-0.05761773879582205,34.135364721167264,20.629950873690948,9.489522743225098,9.89523754119873,10.721523036956787,10.875427799224854,JONJUA.BO,2025-07-29 12:17:26.206875
128,2025-01-09 00:00:00+05:30,8.961902618408203,9.714284896850586,8.952380180358887,9.209522247314453,12857,0.0,0.0,2025-01-09,9.93999948501587,0.29801601661449545,10.238015501630365,9.641983468401374,10.53603151824486,9.34396745178688,-153.49189482609341,-126.08680345580304,2152147,13775.220711533466,28295.935352052475,11.94528247492801,51.221348056812296,9.292062441507975,9.631744702657063,8.869839986165363,10.053967157999674,8.530157725016275,10.393649419148762,8.107935269673664,,-85.00004728634777,-0.26925013755362137,-0.2495870370526051,-0.019663100501016273,36.93457529670016,20.193299330545997,9.678094482421875,9.93999948501587,10.75752305984497,10.890094480514527,JONJUA.BO,2025-07-29 12:17:26.206875
129,2025-01-08 00:00:00+05:30,9.714284896850586,9.761903762817383,9.714284896850586,9.761903762817383,8571,0.0,0.0,2025-01-08,9.979523372650146,0.24346378636371513,10.222987159013861,9.73605958628643,10.466450945377575,9.492595799922716,-79.18605759155638,-86.36758863014566,2165004,9733.9214599152,31926.11401218222,11.947846163534832,53.42472591057114,9.746030807495117,9.777776718139648,9.730157852172852,9.793649673461914,9.69841194152832,9.825395584106445,9.682538986206055,,-67.37590264244848,-0.22721162863162725,-0.24467126192735103,0.01745963329572378,42.92725221424438,20.1931011085541,9.908570861816406,9.979523372650146,10.800380210876465,10.903808765411377,JONJUA.BO,2025-07-29 12:17:26.206875
130,2025-01-07 00:00:00+05:30,9.761903762817383,9.761903762817383,9.761903762817383,9.761903762817383,4285,0.0,0.0,2025-01-07,10.005713891983032,0.24697041388019592,10.252684305863227,9.758743478102836,10.499654719743424,9.51177306422264,-90.24168958784618,-86.85037061919041,2173575,4866.392889480415,37474.16215024897,11.949212599236326,53.02026181160607,9.761903762817383,9.761903762817383,9.761903762817383,9.761903762817383,9.761903762817383,9.761903762817383,9.761903762817383,,-67.37590264244848,-0.22434820769569974,-0.24903617025128197,0.024687962555582227,42.92725221424438,21.601684488188724,10.032380485534668,10.005713891983032,10.83923734664917,10.912380199432373,JONJUA.BO,2025-07-29 12:17:26.206875
131,2025-01-06 00:00:00+05:30,9.90476131439209,10.0,9.323808670043945,9.800000190734863,47146,0.0,0.0,2025-01-06,10.041428184509277,0.26109961123987646,10.302527795749153,9.7803285732694,10.56362740698903,9.519228962029525,-135.07620281723752,-94.22147319592901,2177860,53751.76839009443,45626.10446544111,11.949896378095591,51.8765852011061,9.70793628692627,10.092063903808594,9.415872573852539,10.384127616882324,9.031744956970215,10.768255233764648,8.739681243896484,-0.10775758612812064,-64.53893506655834,-0.21728294592628217,-0.2552081608901775,0.03792521496389534,43.36850775196487,23.220500836251354,10.022856712341309,10.041428184509277,10.87752305984497,10.928094491958618,JONJUA.BO,2025-07-29 12:17:26.206875
132,2025-01-03 00:00:00+05:30,9.90476131439209,10.180952072143555,9.857142448425293,9.857142448425293,30001,0.0,0.0,2025-01-03,10.082380533218384,0.2844293868391437,10.366809920057527,9.79795114637924,10.651239306896672,9.513521759540096,-42.42231417376512,-76.65874786951773,2225006,34403.971912136214,43594.68848427777,11.95731654070016,60.92830233207566,9.965078989664713,10.073015530904133,9.749205907185871,10.288888613382975,9.641269365946451,10.396825154622395,9.42539628346761,,-70.83334724109041,-0.208697024956912,-0.2646894646311513,0.05599243967423928,43.9984504351117,24.963841518780338,10.081904220581055,10.082380533218384,10.906475410461425,10.934856386184693,JONJUA.BO,2025-07-29 12:17:26.206875
133,2025-01-02 00:00:00+05:30,10.380951881408691,10.380951881408691,10.36190414428711,10.36190414428711,12857,0.0,0.0,2025-01-02,10.129523420333863,0.32092778231388663,10.450451202647749,9.808595638019977,10.771378984961636,9.48766785570609,87.21931755995452,-45.589606641458914,2255007,15498.905670262242,45892.36762731316,11.961939254305223,66.08048625876775,10.368253389994303,10.374602635701496,10.355554898579914,10.387301127115885,10.34920565287272,10.393650372823078,10.336507161458332,,-26.66667779287233,-0.20017001477690144,-0.27868757454971105,0.07851755977280961,49.57005128224553,25.780358665860362,10.194285202026368,10.129523420333863,10.935999221801758,10.942761154174805,JONJUA.BO,2025-07-29 12:17:26.206875
134,2025-01-01 00:00:00+05:30,9.857142448425293,10.380951881408691,9.857142448425293,10.380951881408691,38573,0.0,0.0,2025-01-01,10.152380514144898,0.3530237705052521,10.505404284650151,9.799356743639645,10.858428055155402,9.446332973134394,55.66811373282056,-61.77420263991967,2267864,46584.60485160563,53490.73311657588,11.963449977774951,62.472157645307036,10.206348737080893,10.555555025736492,10.031745592753094,10.730158170064291,9.682539304097494,11.07936445871989,9.507936159769695,,-25.0,-0.23593135793013964,-0.2983169644929134,0.062385606562773754,49.80430408636062,25.32514456926781,10.121904373168945,10.152380514144898,10.953523044586182,10.94380877494812,JONJUA.BO,2025-07-29 12:17:26.206875
135,2024-12-31 00:00:00+05:30,9.857142448425293,9.90476131439209,9.714284896850586,9.714284896850586,21429,0.0,0.0,2024-12-31,10.180951929092407,0.39332040971443877,10.574272338806846,9.787631519377967,10.967592748521284,9.39431110966353,-69.93229450830727,-103.28015427227142,2229291,24217.79294280231,55217.26518281844,11.96794544050133,56.712463024141876,9.777777036031088,9.84126917521159,9.650792757670086,9.968253453572592,9.587300618489584,10.031745592753094,9.460316340128582,,-83.33338896436165,-0.28001790989694264,-0.3139133661336068,0.03389545623666418,41.15374018307039,24.834914003706597,10.070475769042968,10.180951929092407,10.959427795410157,10.945713539123535,JONJUA.BO,2025-07-29 12:17:26.206875
136,2024-12-30 00:00:00+05:30,10.447617530822754,10.666666030883789,9.90476131439209,10.095237731933594,90007,0.0,0.0,2024-12-30,10.23380904197693,0.3983071635717041,10.632116205548634,9.835501878405225,11.030423369120337,9.437194714833522,73.15729482654932,-68.81314204185334,2250720,105709.65559972658,62967.13324282247,11.971507688237633,55.315809447204614,10.222221692403158,10.539682070414226,9.777777353922527,10.984126408894857,9.460316975911459,11.301586786905926,9.015872637430828,,-50.0,-0.26656276340709795,-0.3223872301927728,0.055824466785674876,45.26176995664254,25.046684725711184,10.196190071105956,10.23380904197693,10.98399923324585,10.953332586288452,JONJUA.BO,2025-07-29 12:17:26.206875
137,2024-12-27 00:00:00+05:30,10.095237731933594,10.561903953552246,10.0,10.419047355651855,47146,0.0,0.0,2024-12-27,10.269999456405639,0.4174754153266221,10.687474871732261,9.852524041079016,11.104950287058884,9.435048625752394,136.9949468609063,-62.44924981950327,2340727,57147.16422514976,52281.50265359643,11.9840477093541,62.06616963390973,10.326983769734701,10.653967539469402,10.092063585917156,10.888887723286947,9.765079816182455,11.215871493021648,9.53015963236491,,-18.965405615382956,-0.28281535107740474,-0.33634334688919154,0.0535279958117868,49.093835537682004,24.75656274317905,10.091428184509278,10.269999456405639,11.00780876159668,10.960475435256958,JONJUA.BO,2025-07-29 12:17:26.206875
138,2024-12-26 00:00:00+05:30,10.095237731933594,10.095237731933594,9.857142448425293,10.0,17143,0.0,0.0,2024-12-26,10.344285154342652,0.554943927150273,10.899229081492924,9.789341227192379,11.454173008643197,9.234397300042106,23.209014765124724,-98.52270336898323,2293581,19943.833778551638,51065.08726070809,11.989545763455542,57.170162757577856,9.984126726786295,10.111111005147297,9.873015721638996,10.222222010294596,9.746031443277994,10.349206288655598,9.634920438130695,,-56.89647581846041,-0.3312288489748667,-0.3497253458421382,0.018496496867271506,43.23672420639173,24.602902648401294,9.977142524719238,10.344285154342652,11.016570663452148,10.963427810668945,JONJUA.BO,2025-07-29 12:17:26.206875
139,2024-12-24 00:00:00+05:30,10.571428298950195,10.571428298950195,10.095237731933594,10.123808860778809,51432,0.0,0.0,2024-12-24,10.411427974700928,0.5911514899035519,11.00257946460448,9.820276484797375,11.593730954508032,9.229124994893823,164.54457608011,-76.50065725607409,2310724,60575.80169043532,58845.4006312472,11.992090516310167,56.499898006797714,10.2634916305542,10.431745529174805,9.955554962158203,10.7396821975708,9.787301063537598,10.907936096191406,9.479364395141602,,-52.98512983650218,-0.3469243627873446,-0.35434947005895606,0.007425107271611442,44.59809582222465,25.20534203626923,9.93714256286621,10.411427974700928,11.043046836853028,10.96866590499878,JONJUA.BO,2025-07-29 12:17:26.206875
140,2024-12-23 00:00:00+05:30,9.619047164916992,10.619047164916992,9.619047164916992,10.342856407165527,124296,0.0,0.0,2024-12-23,10.475237464904785,0.6263030975589722,11.101540562463757,9.848934367345812,11.72784366002273,9.22263126978684,106.81003355762176,-86.88498393947675,2362156,149561.38173814537,58412.80036645016,11.999287497808321,47.40834163468377,10.193650245666504,10.768253326416016,9.768253326416016,11.193650245666504,9.193650245666504,11.768253326416016,8.768253326416016,,-44.516176130468544,-0.37395624383930404,-0.35620574687685885,-0.017750496962445184,47.12403648244596,25.234086597202698,9.910475921630859,10.475237464904785,11.052570667266846,10.975999240875245,JONJUA.BO,2025-07-29 12:17:26.206875
141,2024-12-20 00:00:00+05:30,9.80952262878418,9.80952262878418,9.523809432983398,9.571428298950195,47146,0.0,0.0,2024-12-20,10.551904106140137,0.6988878933360767,11.250791999476213,9.85301621280406,11.949679892812291,9.154128319467983,-122.1748915895128,-146.08226609339013,2237860,52498.0803137094,35625.65502352636,12.014853145718178,26.26574765453742,9.634920120239258,9.746030807495117,9.460317611694336,9.920633316040039,9.349206924438477,10.031744003295898,9.174604415893555,,-97.04143133764846,-0.42447210378725764,-0.35176812263624757,-0.07270398115101007,35.1952243144908,25.265042278207968,9.832380676269532,10.551904106140137,11.071427822113037,10.977332572937012,JONJUA.BO,2025-07-29 12:17:26.206875
142,2024-12-19 00:00:00+05:30,9.800000190734863,9.84761905670166,9.761903762817383,9.84761905670166,12857,0.0,0.0,2024-12-19,10.623808813095092,0.6659033220944488,11.289712135189541,9.957905491000643,11.95561545728399,9.292002168906194,-70.34545520136567,-138.34454117052294,2285006,14729.659405375292,31407.54870098059,12.023593544769774,25.54190324154405,9.819047292073568,9.876190821329754,9.790475527445476,9.904762585957846,9.733331998189291,9.961906115214031,9.704760233561199,,-87.30156291309326,-0.4067423364905185,-0.333592127348495,-0.07315020914202347,38.0973505754398,26.765351161136632,9.918095016479493,10.623808813095092,11.101142082214356,10.98933256149292,JONJUA.BO,2025-07-29 12:17:26.206875
143,2024-12-18 00:00:00+05:30,9.90476131439209,9.90476131439209,9.704760551452637,9.800000190734863,12857,0.0,0.0,2024-12-18,10.700951623916627,0.6605979791442156,11.361549603060842,10.040353644772411,12.022147582205058,9.379755665628196,-80.90148716671177,-151.0809846544487,2272149,14658.433084279553,35577.02102488191,12.025718279552429,18.776229418563133,9.803174018859863,9.90158748626709,9.701586723327637,10.003174781799316,9.60317325592041,10.101588249206543,9.501585960388184,,-89.94705518647774,-0.4050807039499045,-0.31530457506298915,-0.08977612888691533,37.23923039441288,27.775403993296855,9.910475730895996,10.700951623916627,11.131999206542968,10.998856372833252,JONJUA.BO,2025-07-29 12:17:26.206875
144,2024-12-17 00:00:00+05:30,9.761903762817383,9.99047565460205,9.761903762817383,9.99047565460205,8571,0.0,0.0,2024-12-17,10.799999141693116,0.6668811968174937,11.46688033851061,10.133117944875622,12.133761535328103,9.466236748058128,-72.62926014660246,-150.2929560334928,2285006,9961.838154919991,40806.6680100325,12.02789371078108,37.11318783711535,9.914285024007162,10.066666285196941,9.838094393412273,10.14285691579183,9.685713132222494,10.29523817698161,9.609522501627605,,-85.76642629200771,-0.39212598754966344,-0.2928605428412603,-0.09926544470840315,39.15445158016841,28.86315319716171,9.950475692749023,10.799999141693116,11.157523002624512,11.007523031234742,JONJUA.BO,2025-07-29 12:17:26.206875
145,2024-12-16 00:00:00+05:30,10.276189804077148,10.276189804077148,9.619047164916992,9.952380180358887,60004,0.0,0.0,2024-12-16,10.910475301742554,0.7074956338597691,11.617970935602324,10.202979667882785,12.325466569462092,9.495484034023017,-83.7947688222983,-150.1363945860434,2276435,69475.06804845031,48517.87547381063,12.029222115086382,30.930463809001623,9.94920571645101,10.279364267985027,9.622221628824871,10.606348355611166,9.292063077290853,10.936506907145183,8.965078989664715,,-87.22628937639514,-0.38835766924309745,-0.2680441816641595,-0.12031348757893795,38.536495993761406,29.89780052637058,10.009523391723633,10.910475301742554,11.178475399017334,11.01780873298645,JONJUA.BO,2025-07-29 12:17:26.206875
146,2024-12-13 00:00:00+05:30,9.80952262878418,10.0,9.80952262878418,10.0,30001,0.0,0.0,2024-12-13,11.008094358444215,0.7030205572867232,11.711114915730938,10.30507380115749,12.41413547301766,9.602053243870769,-108.69561678441436,-161.52355379635068,2336439,34902.58164792205,43278.57733015071,12.038745452599981,20.49157521803305,9.93650754292806,10.063492457071941,9.873015085856121,10.12698491414388,9.74603017171224,10.253969828287762,9.6825377146403,,-90.34745183430196,-0.3738970457775146,-0.237965809769425,-0.1359312360080896,38.99619762524699,31.01203611167244,10.114285278320313,11.008094358444215,11.216570644378661,11.02847538948059,JONJUA.BO,2025-07-29 12:17:26.206875
147,2024-12-12 00:00:00+05:30,9.819046020507812,10.095237731933594,9.80952262878418,9.80952262878418,25715,0.0,0.0,2024-12-12,11.115713357925415,0.7053188366225724,11.821032194547987,10.410394521302843,12.52635103117056,9.70507568468027,-150.8536851746692,-178.63767208476176,2306438,29346.49392373234,45372.57625070787,12.043430360983024,34.8142529529607,9.90476099650065,9.999999364217121,9.714284261067707,10.190476099650065,9.619045893351236,10.285714467366535,9.428569157918293,,-98.18182546442067,-0.3544077897024849,-0.2039830007674026,-0.15042478893508227,36.3155731417015,32.66588190100977,10.238094711303711,11.115713357925415,11.267427768707275,11.037808723449707,JONJUA.BO,2025-07-29 12:17:26.206875
148,2024-12-11 00:00:00+05:30,10.285714149475098,10.285714149475098,9.761903762817383,10.0,30001,0.0,0.0,2024-12-11,11.184761047363281,0.6347864203789222,11.819547467742204,10.549974626984358,12.454333888121125,9.915188206605437,-156.7286079907704,-176.75496459209398,2332153,34902.58164792205,49379.096832451745,12.04783905925816,32.03382932408877,10.015872637430826,10.26984151204427,9.746031125386555,10.539683024088541,9.492062250773111,10.793651898701984,9.22222073872884,,-90.9090544960785,-0.3053266860517976,-0.16637680353363204,-0.13894988251816554,37.860399175325945,34.446946597219195,10.436190223693847,11.184761047363281,11.324570636749268,11.048761110305787,JONJUA.BO,2025-07-29 12:17:26.206875
149,2024-12-10 00:00:00+05:30,10.628569602966309,10.628569602966309,10.285714149475098,10.285714149475098,34287,0.0,0.0,2024-12-10,11.292856216430664,0.6058304122812782,11.898686628711943,10.687025804149386,12.504517040993221,10.081195391868107,-111.97282435712562,-136.9246256979261,2362154,41028.51127820463,52998.225628584165,12.052565032674035,30.755660429210337,10.399999300638834,10.51428445180257,10.17142899831136,10.742854754130045,10.057143847147623,10.857139905293781,9.828573544820149,,-100.0,-0.2566209734513105,-0.13163933290409066,-0.12498164054721986,40.28945670989171,36.36501627006012,10.59999942779541,11.292856216430664,11.37885633468628,11.062284908294679,JONJUA.BO,2025-07-29 12:17:26.206875
150,2024-12-09 00:00:00+05:30,10.476189613342285,10.619047164916992,10.476189613342285,10.476189613342285,25715,0.0,0.0,2024-12-09,11.41714186668396,0.6422197401967169,12.059361606880676,10.774922126487242,12.701581347077394,10.132702386290525,-103.61948449233014,-121.6403597772165,2396441,31340.917031955723,55990.65421617904,12.057237390151725,31.036972305159992,10.523808797200521,10.571427981058758,10.42857042948405,10.666666348775228,10.380951245625814,10.714285532633465,10.285712877909344,,-100.0,-0.21851322016943087,-0.10039392276728569,-0.11811929740214518,41.92591947680385,37.43256944276447,10.733332633972168,11.41714186668396,11.426284885406494,11.072856330871582,JONJUA.BO,2025-07-29 12:17:26.206875
151,2024-12-06 00:00:00+05:30,10.619047164916992,10.619047164916992,10.619047164916992,10.619047164916992,8571,0.0,0.0,2024-12-06,11.529522800445557,0.665142414858516,12.194665215304074,10.86438038558704,12.859807630162589,10.199237970728525,-94.5223179904049,-114.16492114849619,2422156,10588.607877507387,62153.08851223487,12.06037934833756,33.507444291417016,10.619047164916992,10.619047164916992,10.619047164916992,10.619047164916992,10.619047164916992,10.619047164916992,10.619047164916992,,-97.26025706094566,-0.18517188899743786,-0.07086409841674939,-0.11430779058068848,43.124390218434975,38.18960099579589,10.792380142211915,11.529522800445557,11.463427753448487,11.078284893035889,JONJUA.BO,2025-07-29 12:17:26.206875
152,2024-12-05 00:00:00+05:30,10.552379608154297,10.800000190734863,10.542856216430664,10.800000190734863,21429,0.0,0.0,2024-12-05,11.570951318740844,0.6303420273140988,12.201293346054943,10.940609291426746,12.831635373369043,10.310267264112646,-93.53602042495704,-104.88761000161401,2430727,26924.49018931272,75044.20867091673,12.061334675698896,32.40389223375509,10.714285532633463,10.885714848836262,10.628570874532063,10.971429506937662,10.457141558329264,11.142858823140461,10.371426900227863,-0.19603597954953964,-90.75338472723283,-0.15374855130356835,-0.04228715077157726,-0.11146140053199108,44.64811944407878,38.71150830821745,10.832379913330078,11.570951318740844,11.513903942108154,11.08571346282959,JONJUA.BO,2025-07-29 12:17:26.206875
153,2024-12-04 00:00:00+05:30,10.761903762817383,11.0,10.580950736999512,10.819046020507812,34287,0.0,0.0,2024-12-04,11.611903667449951,0.6036597171429211,12.215563384592873,11.00824395030703,12.819223101735794,10.404584233164108,-98.14814410092093,-96.89656480778171,2452156,43155.9097619364,87074.13829131774,12.063428349864944,37.755795389634706,10.799998919169107,11.019047101338703,10.599997838338215,11.219048182169596,10.38094965616862,11.438096364339192,10.180948575337727,-0.18786981447755133,-91.3194452895332,-0.1290087646578204,-0.014421800638579486,-0.11458696401924093,44.8114798952733,39.27356233697912,11.053332138061524,11.611903667449951,11.516951541900635,11.083522968292236,JONJUA.BO,2025-07-29 12:17:26.206875
154,2024-12-03 00:00:00+05:30,10.780950546264648,11.133333206176758,10.771427154541016,10.952380180358887,30001,0.0,0.0,2024-12-03,11.618570375442506,0.5951185246708304,12.213688900113336,11.023451850771675,12.808807424784167,10.428333326100844,-90.82025893259684,-72.7853624654708,2486443,38226.634348405925,98053.69542366307,12.06674206526198,38.65827009314854,10.952380180358887,11.133333206176758,10.771427154541016,11.314286231994629,10.590474128723145,11.4952392578125,10.409521102905273,-0.2052569366766287,-91.20877468273828,-0.09725538825328428,0.014224940366230746,-0.11148032861951503,45.82343219354041,39.80890371491819,11.158094215393067,11.618570375442506,11.53485631942749,11.080856304168702,JONJUA.BO,2025-07-29 12:17:26.206875
155,2024-12-02 00:00:00+05:30,11.419047355651855,11.419047355651855,10.733331680297852,10.771427154541016,51432,0.0,0.0,2024-12-02,11.618570375442506,0.5951185246708304,12.213688900113336,11.023451850771675,12.808807424784167,10.428333326100844,-99.32088453603367,-71.7853161893721,2456442,64450.82519922761,113010.46069247735,12.069344662576409,38.87424612568165,10.974602063496908,11.215872446695965,10.53015677134196,11.660317738850912,10.288886388142904,11.901588122049969,9.844441095987957,-0.21027834732145287,-98.16850542383848,-0.06825927226230633,0.042095022521109506,-0.11035429478341582,44.203402633341966,40.04755940797915,11.24761791229248,11.618570375442506,11.542665843963624,11.07618963241577,JONJUA.BO,2025-07-29 12:17:26.206875
156,2024-11-29 00:00:00+05:30,10.90476131439209,11.419047355651855,10.723808288574219,10.819046020507812,81434,0.0,0.0,2024-11-29,11.637618017196655,0.57223388187292,12.209851899069575,11.065384135323734,12.782085780942495,10.493150253450814,-120.09626289895878,-72.40953611785318,2507874,102498.27501833142,125150.36956578978,12.0745622272791,50.219368681950314,10.987300554911295,11.250792821248371,10.555553754170734,11.682539621988932,10.292061487833658,11.946031888326008,9.860314687093098,-0.12506180930943045,-97.28261963913023,-0.012280094363578797,0.06968359621696346,-0.08196369058054226,44.54699434073894,40.30457323127557,11.468570327758789,11.637618017196655,11.538856315612794,11.062761068344116,JONJUA.BO,2025-07-29 12:17:26.206875
157,2024-11-28 00:00:00+05:30,11.285714149475098,12.228570938110352,11.285714149475098,11.90476131439209,111437,0.0,0.0,2024-11-28,11.64095139503479,0.5673882287596352,12.208339623794425,11.073563166275155,12.775727852554061,10.50617493751552,20.217073444659746,46.280666018435575,2589308,154337.66486426923,130813.39320265436,12.08260467998975,61.1672092414784,11.80634880065918,12.326983451843262,11.384126663208008,12.749205589294434,10.863492012023926,13.269840240478516,10.441269874572754,-0.10527421376811993,-71.97641520859266,0.05488654197008813,0.09017451886209903,-0.035287976892010894,52.86517746364596,40.581357348671716,11.50666561126709,11.64095139503479,11.544951572418213,11.057618207931519,JONJUA.BO,2025-07-29 12:17:26.206875
158,2024-11-27 00:00:00+05:30,11.457141876220703,11.704760551452637,11.295236587524414,11.342856407165527,111437,0.0,0.0,2024-11-27,11.581427574157715,0.5997768032594555,12.18120437741717,10.98165077089826,12.780981180676626,10.381873967638803,-42.57338770035876,-8.707137958626033,2477871,147052.924837413,124932.32528725064,12.08417739927596,58.31355107270781,11.447617848714193,11.599999109903973,11.19047514597575,11.857141812642416,11.03809388478597,12.009523073832195,10.780951182047527,-0.1969507528811996,-89.38055214713053,0.03312206951519059,0.09899651308510174,-0.06587444356991115,48.25572637819774,39.98477777218357,11.403808403015137,11.581427574157715,11.525903949737549,11.03552297592163,JONJUA.BO,2025-07-29 12:17:26.206875
159,2024-11-26 00:00:00+05:30,11.380951881408691,11.942856788635254,11.0,11.399998664855957,115723,0.0,0.0,2024-11-26,11.581903743743897,0.5995811787239693,12.181484922467867,10.982322565019928,12.781066101191836,10.382741386295958,-55.7289418053186,-12.731723256058526,2589308,153478.06141860448,119402.17539971005,12.090791602184732,66.09983207849677,11.44761848449707,11.89523696899414,10.952380180358887,12.390475273132324,10.504761695861816,12.838093757629395,10.009523391723633,,-87.61065894094705,0.060094219591231735,0.11546512397757952,-0.055370904386347786,48.7298382654341,39.65824050971866,11.491427230834962,11.581903743743897,11.518284873962402,11.019522981643677,JONJUA.BO,2025-07-29 12:17:26.206875
160,2024-11-25 00:00:00+05:30,12.085714340209961,12.380951881408691,11.2380952835083,11.876189231872559,171443,0.0,0.0,2024-11-25,11.59714183807373,0.5985866931372823,12.195728531211012,10.998555144936448,12.794315224348296,10.399968451799165,-13.781294275726554,31.184839598027075,2705031,236874.70544982931,110883.20389498642,12.097251892288298,72.73213985096852,11.831745465596518,12.425395647684734,11.282539049784344,12.974602063496908,10.688888867696127,13.568252245585125,10.139682451883953,,-71.80234242075373,0.0880885799979918,0.12930785007416645,-0.04121927007617465,52.56643178362468,39.306584996294916,11.651427268981934,11.59714183807373,11.518856315612792,10.999142036437988,JONJUA.BO,2025-07-29 12:17:26.206875
161,2024-11-22 00:00:00+05:30,11.10476016998291,11.114283561706543,11.0,11.009522438049316,98579,0.0,0.0,2024-11-22,11.587141847610473,0.5953413718314501,12.182483219441924,10.991800475779023,12.777824591273374,10.396459103947572,-129.88360928327623,-63.8951610163846,2533588,126262.59473309136,79385.32850627569,12.100357730211021,67.2803173812473,11.041268666585287,11.082537333170574,10.968253771464031,11.15555222829183,10.926985104878744,11.196820894877117,10.853970209757488,,-94.41340297710919,0.07569761316110757,0.13961266759321012,-0.06391505443210255,45.320991497540724,38.571080049601555,11.65714168548584,11.587141847610473,11.51371347427368,10.980380144119263,JONJUA.BO,2025-07-29 12:17:26.206875
162,2024-11-21 00:00:00+05:30,11.780950546264648,11.780950546264648,11.095237731933594,11.390475273132324,64290,0.0,0.0,2024-11-21,11.599046611785889,0.5854819702800704,12.18452858206596,11.013564641505818,12.77001055234603,10.428082671225749,-94.04284941073628,-24.11291281129834,2632167,85193.62386154226,67666.01194957177,12.109241757862238,69.43018560999214,11.422221183776855,11.749204635620117,11.063491821289062,12.10793399810791,10.7365083694458,12.434917449951172,10.377779006958008,,-75.63452163682882,0.14404003511524444,0.15559143120123575,-0.011551396085991317,48.31417405526888,38.52188714333896,11.885713195800781,11.599046611785889,11.495618228912354,10.972761096954345,JONJUA.BO,2025-07-29 12:17:26.206875
163,2024-11-19 00:00:00+05:30,11.580950736999512,12.771427154541016,11.571428298950195,11.780950546264648,21429,0.0,0.0,2024-11-19,11.596189498901367,0.5866915294137589,12.182881028315126,11.009497969487608,12.769572557728885,10.422806440073849,-2.386560513338386,44.53401876145129,2696457,29370.00757424041,63284.10897157914,12.113079806024766,72.24173505846535,12.041268666585287,12.511109034220379,11.311110178629558,13.241267522176107,10.841269810994467,13.711107889811199,10.111111323038738,,-65.22845574595193,0.19183853802387674,0.15847928022273358,0.033359257801143155,51.55934454523576,38.325812893728596,11.845713424682618,11.596189498901367,11.472570629119874,10.961427755355835,JONJUA.BO,2025-07-29 12:17:26.206875
164,2024-11-18 00:00:00+05:30,12.190476417541504,13.323808670043945,11.428570747375488,12.19999885559082,21429,0.0,0.0,2024-11-18,11.56904673576355,0.5902404636511495,12.159287199414699,10.9788062721124,12.749527663065848,10.388565808461252,47.04827412962037,77.72206864492027,2717886,30414.698490355375,71762.63432091381,12.113671997133128,52.222854839109,12.317459424336752,13.206348101298016,11.311110178629558,14.212697347005209,10.422221501668295,15.101586023966473,9.415872255961101,,-43.117426469097765,0.21167256351471941,0.1501394657724478,0.061533097742271614,55.27184870916298,37.39686122749955,11.921903991699219,11.56904673576355,11.435046844482422,10.943523006439209,JONJUA.BO,2025-07-29 12:17:26.206875
165,2024-11-14 00:00:00+05:30,11.495237350463867,12.247617721557617,11.447617530822754,11.90476131439209,38573,0.0,0.0,2024-11-14,11.49285626411438,0.6027256571709443,12.095581921285325,10.890130606943435,12.69830757845627,10.28740494977249,5.805314152693554,31.22577471569973,2696457,53422.7119072611,82099.61827855342,12.113517800203658,50.74776788235739,11.866665522257486,12.285713513692219,11.485713322957356,12.66666571299235,11.066665331522623,13.085713704427082,10.685713132222492,,-49.392718869722096,0.19258905714867858,0.13475619133687988,0.057832865811798695,53.02858415627906,36.39645174079134,12.036189651489257,11.49285626411438,11.383808746337891,10.91971347808838,JONJUA.BO,2025-07-29 12:17:26.206875
166,2024-11-13 00:00:00+05:30,11.247617721557617,12.390475273132324,11.247617721557617,12.152379989624023,68576,0.0,0.0,2024-11-13,11.444761037826538,0.6064936661785933,12.051254704005132,10.838267371647945,12.657748370183725,10.231773705469351,22.038825757092877,41.3678714530596,2735030,96951.67374803626,89268.8448713765,12.114191164186034,51.86148112736548,11.930157661437988,12.61269760131836,11.469840049743652,13.073015213012695,10.787300109863281,13.755555152893066,10.326982498168945,,-44.12956844303002,0.19431479461402112,0.12029797488393022,0.0740168197300909,55.16966960183801,35.88362886161969,12.199999046325683,11.444761037826538,11.34380874633789,10.90342776298523,JONJUA.BO,2025-07-29 12:17:26.206875
167,2024-11-12 00:00:00+05:30,11.438094139099121,11.438094139099121,11.190476417541504,11.190476417541504,8571,0.0,0.0,2024-11-12,11.401427745819092,0.5838111006232437,11.985238846442336,10.817616645195848,12.56904994706558,10.233805544572604,-37.91732155891525,-30.50577383496802,2666454,11158.399139549056,87348.13765221155,12.11397090573224,49.203373869284135,11.273015658060709,11.355554898579914,11.107937177022297,11.520633379618326,11.025397936503092,11.603172620137531,10.86031945546468,,-64.5748890195204,0.1691934102534116,0.10179376995140749,0.06739964030200413,47.62998443514825,35.3313580686656,12.05904655456543,11.401427745819092,11.302094440460206,10.88476110458374,JONJUA.BO,2025-07-29 12:17:26.206875
168,2024-11-08 00:00:00+05:30,12.771427154541016,12.771427154541016,12.161903381347656,12.161903381347656,21429,0.0,0.0,2024-11-08,11.38476104736328,0.5948048361179262,11.979565883481207,10.789956211245354,12.574370719599132,10.195151375127429,76.5589630036807,94.40030778923168,2675025,30319.72615661438,106395.57228037715,12.114637103418957,48.59034081787185,12.36507797241211,12.568252563476562,11.958728790283203,12.974601745605469,11.75555419921875,13.177776336669922,11.349205017089844,,-43.92714815640646,0.22919981676570522,0.08494385987590646,0.14425595688979875,56.55400239453783,35.29406069221574,12.144760704040527,11.38476104736328,11.283237266540528,10.875237293243408,JONJUA.BO,2025-07-29 12:17:26.206875
169,2024-11-07 00:00:00+05:30,14.0,14.228570938110352,12.380951881408691,12.771427154541016,154298,0.0,0.0,2024-11-07,11.342856311798096,0.5659973924103334,11.908853704208429,10.776858919387763,12.474851096618764,10.210861526977428,200.43155066394291,191.92630327990307,2696454,229256.44209031176,125414.53381131783,12.114551700124196,48.909110807766425,13.126983324686686,13.87301476796468,12.02539571126302,14.974602381388346,11.279364267985025,15.72063382466634,10.17777665456136,,-30.971682241096225,0.20688263901999626,0.04887987065345675,0.1580027683665395,63.50166151535906,33.82179463242018,11.902856063842773,11.342856311798096,11.235808715820312,10.84809443473816,JONJUA.BO,2025-07-29 12:17:26.206875
170,2024-11-06 00:00:00+05:30,11.90476131439209,13.14285659790039,11.90476131439209,12.723808288574219,175729,0.0,0.0,2024-11-06,11.234284973144531,0.4791425172578157,11.713427490402347,10.755142455886714,12.192570007660162,10.2759999386289,226.71703151125075,146.42730644968145,2542156,260125.16896309945,99454.05674156934,12.105893014904805,39.244643721920276,12.5904754002889,13.27618948618571,12.03809420267741,13.828570683797201,11.3523801167806,14.514284769694012,10.79999891916911,,-21.86048612909416,0.11514644683379593,0.009379178561821876,0.10576726827197405,63.1571659208336,31.885237781320114,11.539046669006348,11.234284973144531,11.180761089324951,10.811999197006225,JONJUA.BO,2025-07-29 12:17:26.206875
171,2024-11-05 00:00:00+05:30,11.438094139099121,11.714284896850586,11.438094139099121,11.447617530822754,30001,0.0,0.0,2024-11-05,11.162380266189576,0.3278745748929027,11.490254841082479,10.834505691296673,11.818129415975381,10.50663111640377,51.35853644852766,13.172525349103719,2366427,39955.1405543725,59286.27868618681,12.096475197738306,20.07282126985777,11.533332188924154,11.628570238749187,11.352379480997723,11.809522946675619,11.25714143117269,11.904760996500652,11.076188723246258,,-53.02328646666828,0.0006414156552558836,-0.017062638506171637,0.01770405416142752,52.49943866948317,30.296202302606314,11.224761009216309,11.162380266189576,11.126094436645507,10.77923728942871,JONJUA.BO,2025-07-29 12:17:26.206875
172,2024-11-04 00:00:00+05:30,11.714284896850586,11.714284896850586,11.2380952835083,11.619047164916992,47146,0.0,0.0,2024-11-04,11.142856454849243,0.321560697241775,11.464417152091018,10.821295757607468,11.785977849332793,10.499735060365692,60.96348767365075,15.862796962028888,2396428,63729.012241516,64119.06321914038,12.098167954596954,16.030680512084942,11.523809115091959,11.809522946675617,11.333333333333332,11.999998728434244,11.047619501749674,12.285712560017902,10.857143719991047,,-48.837213634864774,-0.020283987751673394,-0.021488652046528518,0.001204664294855124,54.44165294783352,29.454217092507303,11.112380218505859,11.142856454849243,11.104761123657227,10.759903964996338,JONJUA.BO,2025-07-29 12:17:26.206875
173,2024-11-01 00:00:00+05:30,11.047618865966797,11.047618865966797,10.952380180358887,10.952380180358887,17143,0.0,0.0,2024-11-01,11.13142786026001,0.30750007184672673,11.438927932106736,10.823927788413283,11.746428003953463,10.516427716566556,-67.01890421941876,-52.72448022630143,2349282,21843.244979658106,64216.57596354647,12.100140302052091,10.358510385137365,10.984126408894857,11.015872637430828,10.920633951822918,11.079365094502768,10.888887723286947,11.111111323038738,10.825395266215008,,-65.11629260895242,-0.06365073353570772,-0.021789818120242298,-0.04186091541546542,47.30768868101981,28.54746378932375,10.931427764892579,11.13142786026001,11.082284927368164,10.743713493347167,JONJUA.BO,2025-07-29 12:17:26.206875
174,2024-10-31 00:00:00+05:30,11.190476417541504,11.190476417541504,10.819046020507812,10.952380180358887,12857,0.0,0.0,2024-10-31,11.137618350982667,0.30494143494004905,11.442559785922716,10.832676916042617,11.747501220862764,10.52773548110257,-79.74519329016157,-47.89590856868593,2366425,16382.115190075498,74809.90870951855,12.101860910602188,10.2110436272891,10.987300872802734,11.155555725097656,10.784125328063965,11.358731269836426,10.615870475769043,11.526986122131348,10.412694931030273,,-65.11629260895242,-0.05255230755976115,-0.011324589266375943,-0.0412277182933852,47.30768868101981,28.049927291218435,11.011427688598634,11.137618350982667,11.068951606750488,10.728665866851806,JONJUA.BO,2025-07-29 12:17:26.206875
175,2024-10-30 00:00:00+05:30,10.876189231872559,11.152379989624023,10.476189613342285,11.152379989624023,72862,0.0,0.0,2024-10-30,11.14190411567688,0.30279579393595524,11.444699909612835,10.839108321740925,11.74749570354879,10.53631252780497,-61.832840654473145,-48.875880011002124,2379282,94534.5295646453,89416.85708937931,12.103154731057414,10.261168210926229,10.926983197530111,11.377776781717937,10.701586405436199,11.60317357381185,10.250792821248373,12.053967157999676,10.02539602915446,,-60.23257590294558,-0.037546712066923504,-0.001017659693029642,-0.03652905237389386,49.29445537066846,27.514118754797323,11.161903762817383,11.14190411567688,11.052761135101319,10.716284914016724,JONJUA.BO,2025-07-29 12:17:26.206875
176,2024-10-29 00:00:00+05:30,11.0,11.409523010253906,10.80952262878418,10.885713577270508,34287,0.0,0.0,2024-10-29,11.177142238616943,0.3424864335547337,11.519628672171677,10.834655805062209,11.86211510572641,10.492169371507476,-39.541186089095554,-31.253554104935116,2306420,43421.83885201014,88137.4389705628,12.109258393607444,11.206556563118653,11.034919738769531,11.260316848754883,10.660316467285156,11.634920120239258,10.434919357299805,11.86031723022461,10.06031608581543,,-66.74419817762137,-0.03746306402164734,0.008114603400443824,-0.04557766742209116,46.47667383205683,26.96333207557652,11.266665649414062,11.177142238616943,11.029713535308838,10.701999197006225,JONJUA.BO,2025-07-29 12:17:26.206875
177,2024-10-28 00:00:00+05:30,11.333333015441895,13.619047164916992,9.523809432983398,10.714284896850586,321456,0.0,0.0,2024-10-28,11.25999937057495,0.4514059967670139,11.711405367341964,10.808593373807938,12.162811364108979,10.357187377040923,11.591213244266806,0.7421017421742457,2272133,400688.1948062506,99316.33900020095,12.112965842056113,14.087419208046754,11.285713831583658,13.047618230183918,8.952380498250324,15.380951563517252,7.1904760996500645,17.142855962117512,4.857142766316731,,-70.9302477220267,-0.010525745777021811,0.019509020255966614,-0.030034766032988425,44.6792931827145,25.908710600903657,11.339046478271484,11.25999937057495,11.02933256149292,10.688380155563355,JONJUA.BO,2025-07-29 12:17:26.206875
178,2024-10-24 00:00:00+05:30,11.35237979888916,11.35237979888916,11.35237979888916,11.35237979888916,8571,0.0,0.0,2024-10-24,11.357618427276611,0.5312298197377219,11.888848247014334,10.826388607538888,12.420078066752055,10.295158787801167,30.78070289463142,11.388880448473353,2593589,11319.838428075494,23973.37504868852,12.153861971839866,34.191829273688384,11.35237979888916,11.35237979888916,11.35237979888916,11.35237979888916,11.35237979888916,11.35237979888916,11.35237979888916,,-43.12501955777523,0.04100479301354554,0.02701771176421372,0.013987081249331818,50.621974125207046,24.772964397409805,11.462856101989747,11.357618427276611,11.022665901184082,10.681237306594848,JONJUA.BO,2025-07-29 12:17:26.206875
179,2024-10-23 00:00:00+05:30,11.619047164916992,11.704760551452637,11.619047164916992,11.704760551452637,17143,0.0,0.0,2024-10-23,11.425713682174683,0.6117134906335735,12.037427172808256,10.81400019154111,12.64914066344183,10.202286700907536,104.93040454536458,48.59174823271766,2602160,23343.779885591983,27136.75920384177,12.154487297265101,46.656528483396364,11.676189422607422,11.733331680297852,11.647618293762207,11.761902809143066,11.590476036071777,11.819045066833496,11.561904907226562,,-31.562525425107804,0.04351553349140325,0.023520941451880766,0.01999459203952248,54.288795126487805,25.163118558735356,11.439999198913574,11.425713682174683,11.00723731994629,10.668475408554077,JONJUA.BO,2025-07-29 12:17:26.206875
180,2024-10-22 00:00:00+05:30,12.36190414428711,12.36190414428711,11.65714168548584,11.676189422607422,17143,0.0,0.0,2024-10-22,11.473332738876342,0.6689689938020119,12.142301732678355,10.80436374507433,12.811270726480366,10.135394751272319,181.48937802400678,74.16714866056202,2585017,23286.79810113653,28085.004033404217,12.155190198843167,40.26141791328504,11.898411750793457,12.139681816101074,11.434919357299805,12.603174209594727,11.193649291992188,12.844444274902344,10.730156898498535,,-32.500015646220184,0.011366550843295187,0.018522293442000144,-0.007155742598704957,54.02372981526335,25.213408878818946,11.234284973144531,11.473332738876342,10.985523052215576,10.65809446334839,JONJUA.BO,2025-07-29 12:17:26.206875
181,2024-10-21 00:00:00+05:30,10.676189422607422,11.247617721557617,10.676189422607422,11.247617721557617,21429,0.0,0.0,2024-10-21,11.506189918518066,0.6950853236220004,12.201275242140067,10.811104594896065,12.896360565762066,10.116019271274066,6.182742273675665,-7.033628585412392,2567874,28040.404411938453,29284.555516471133,12.155940026287375,27.61092631485498,11.057141621907553,11.438093821207683,10.866665522257488,11.628569920857748,10.485713322957357,12.009522120157879,10.295237223307293,,-46.5625254251078,-0.02715228623419641,0.02031122909167638,-0.047463515325872785,50.17862240014188,25.2162592913087,11.087618446350097,11.506189918518066,10.978665924072265,10.647999229431152,JONJUA.BO,2025-07-29 12:17:26.206875
182,2024-10-18 00:00:00+05:30,10.895237922668457,11.333333015441895,10.857142448425293,11.333333015441895,17143,0.0,0.0,2024-10-18,11.600951862335204,0.7817642077418512,12.382716070077056,10.819187654593353,13.164480277818907,10.037423446851502,34.558203175668986,6.2288555387735896,2589303,22603.010981694457,29595.593292604302,12.157720890558736,27.092479858221623,11.174602826436361,11.49206320444743,11.015872637430828,11.650793393452963,10.69841225941976,11.968253771464031,10.539682070414226,,-48.5714195796413,-0.03384885274920002,0.03217710792314457,-0.06602596067234459,51.00770906317733,26.199418437030726,11.095237731933594,11.600951862335204,10.963237361907959,10.641237335205078,JONJUA.BO,2025-07-29 12:17:26.206875
183,2024-10-17 00:00:00+05:30,12.666666030883789,12.666666030883789,10.476189613342285,11.2380952835083,21429,0.0,0.0,2024-10-17,11.581904220581055,0.7931854293038872,12.375089649884943,10.788718791277168,13.16827507918883,9.995533361973282,104.05203835456506,35.181183068308734,2572160,28016.66489478019,31343.738870331763,12.15901594811436,42.72394567887665,11.460316975911459,12.444444338480633,10.253967920939129,13.650793393452963,9.269840558369955,14.634920756022137,8.063491503397625,,-58.53657643047645,-0.05035128347671858,0.04868359809123071,-0.09903488156794929,50.158041375836774,27.030270346147045,10.999999618530273,11.581904220581055,10.94952308654785,10.63076114654541,JONJUA.BO,2025-07-29 12:17:26.206875
184,2024-10-16 00:00:00+05:30,9.619047164916992,10.685712814331055,9.619047164916992,10.676189422607422,17143,0.0,0.0,2024-10-16,11.605713701248169,0.7894602290167885,12.395173930264956,10.81625347223138,13.184634159281746,10.026793243214591,-181.92733498464625,-70.8151694879124,2550731,21292.414723281367,32175.507364219655,12.160827907378152,36.34842773129255,10.326983133951822,11.034919102986652,9.96825345357259,11.393648783365885,9.26031748453776,12.101584752400715,8.901587804158527,,-72.9268471390471,-0.06133702371051086,0.07344231848321803,-0.1347793421937289,45.21759996956732,27.925033940580004,11.017142295837402,11.605713701248169,10.934094505310059,10.628380193710328,JONJUA.BO,2025-07-29 12:17:26.206875
185,2024-10-15 00:00:00+05:30,10.942856788635254,10.942856788635254,10.942856788635254,10.942856788635254,4285,0.0,0.0,2024-10-15,11.639047050476075,0.7617347908363827,12.400781841312458,10.877312259639691,13.16251663214884,10.115577468803309,-56.887557228534696,-11.574942051591004,2567874,5455.1081183213755,34896.280524454225,12.163168446873666,51.78694910225345,10.942856788635254,10.942856788635254,10.942856788635254,10.942856788635254,10.942856788635254,10.942856788635254,10.942856788635254,,-80.37823867068914,-0.019133537804286505,0.10713715403165024,-0.12627069183593675,47.317423484608135,29.10258259277263,11.001904487609863,11.639047050476075,10.931999282836914,10.631618299484252,JONJUA.BO,2025-07-29 12:17:26.206875
186,2024-10-10 00:00:00+05:30,10.90476131439209,11.285714149475098,10.90476131439209,11.285714149475098,8571,0.0,0.0,2024-10-10,11.620951747894287,0.7831413150773515,12.404093062971638,10.837810432816935,13.18723437804899,10.054669117739584,-17.852442802429856,10.212753082823218,2572159,11253.363874419023,42256.57362598744,12.163649509028106,47.70677594289923,11.158729871114096,11.412698427836101,11.031745592753094,11.539682706197103,10.777777036031088,11.79365126291911,10.650792757670086,0.15696295879453612,-71.86759634341036,0.008926920039641573,0.1387048269906344,-0.12977790695099284,50.0343243793237,30.573313630447526,11.070475959777832,11.620951747894287,10.922665939331054,10.627904014587402,JONJUA.BO,2025-07-29 12:17:26.206875
187,2024-10-09 00:00:00+05:30,11.2380952835083,11.419047355651855,10.857142448425293,10.857142448425293,25715,0.0,0.0,2024-10-09,11.612856483459472,0.7876130563768656,12.400469539836338,10.825243427082606,13.188082596213203,10.037630370705742,-51.367825489775775,0.9962344105609591,2563588,32480.58819466732,50007.37606387954,12.164342322342172,63.99181344029002,11.04444408416748,11.231745719909668,10.669840812683105,11.606348991394043,10.482539176940918,11.79365062713623,10.107935905456543,0.16280493861587458,-82.9492987611081,0.01095129765044689,0.1711493037283826,-0.16019800607793572,46.42148873016079,32.15717782486664,11.024761390686034,11.612856483459472,10.913142108917237,10.614189710617065,JONJUA.BO,2025-07-29 12:17:26.206875
188,2024-10-08 00:00:00+05:30,11.190476417541504,11.323808670043945,11.190476417541504,11.323808670043945,12857,0.0,0.0,2024-10-08,11.617618370056153,0.7830784036118178,12.40069677366797,10.834539966444336,13.183775177279788,10.051461562832518,-29.048636964980034,23.466548947997925,2589303,16937.682491675234,54389.07303118259,12.167444596468137,78.99033407618904,11.279364585876465,11.368252754211426,11.234920501708984,11.412696838378906,11.146032333374023,11.501585006713867,11.101588249206543,0.1762866711833187,-71.65898920540872,0.05558500473054728,0.21119880524786652,-0.15561380051731924,50.098051593233784,33.862877726548774,11.13142795562744,11.617618370056153,10.910284957885743,10.609903993606567,JONJUA.BO,2025-07-29 12:17:26.206875
189,2024-10-07 00:00:00+05:30,10.523809432983398,11.171427726745605,10.247617721557617,10.600000381469727,21429,0.0,0.0,2024-10-07,11.599523067474365,0.794325736759399,12.393848804233764,10.805197330714966,13.188174540993163,10.010871593955567,-93.60332226409008,-29.93566811946082,2576446,26425.889003449487,63751.92066605943,12.168446813961525,76.2156263874241,10.673015276590982,11.098412831624348,10.17460282643636,11.59682528177897,9.749205271402994,12.022222836812336,9.250792821248371,0.12363136791644158,-89.17047655634425,0.06592792598837427,0.2501022553771963,-0.18417432938882206,43.76226224664456,35.234392719113856,11.081904220581055,11.599523067474365,10.894284973144531,10.599618272781372,JONJUA.BO,2025-07-29 12:17:26.206875
190,2024-10-04 00:00:00+05:30,11.285714149475098,11.285714149475098,11.14285659790039,11.285714149475098,12857,0.0,0.0,2024-10-04,11.640951585769653,0.760331188185893,12.401282773955545,10.88062039758376,13.161613962141438,10.120289209397868,-60.59519495105787,21.296837998907453,2597875,16880.702290678495,73083.42858171191,12.171558527633486,77.78198389099265,11.238094965616861,11.333333333333332,11.190475781758625,11.380952517191568,11.095237414042154,11.47619088490804,11.047618230183918,0.0864502804585718,-72.5806306477793,0.14945524107974606,0.29614583772440184,-0.14669059664465578,49.33647085482486,36.865837959394995,11.169523239135742,11.640951585769653,10.899427814483643,10.594665870666503,JONJUA.BO,2025-07-29 12:17:26.206875
191,2024-10-03 00:00:00+05:30,11.0,11.523809432983398,11.0,11.057141304016113,12857,0.0,0.0,2024-10-03,11.657618236541747,0.7557741733649445,12.413392409906692,10.901844063176803,13.169166583271636,10.146069889811859,-79.94457370781892,17.03023570526289,2585018,16538.812525899557,87134.11015447025,12.172614232130988,78.78621785356628,11.193650245666504,11.387300491333008,10.86349105834961,11.717459678649902,10.669840812683105,11.911109924316406,10.339681625366211,0.12267109890405614,-78.11061773856946,0.18659862580862452,0.33281848688556576,-0.14621986107694124,47.25705230834475,37.30711649465373,11.28380889892578,11.657618236541747,10.883237323760987,10.588189668655396,JONJUA.BO,2025-07-29 12:17:26.206875
192,2024-10-01 00:00:00+05:30,10.971426963806152,11.628569602966309,10.952380180358887,11.390475273132324,42860,0.0,0.0,2024-10-01,11.609999179840088,0.8226446939930095,12.432643873833097,10.787354485847079,13.255288567826106,9.96470979185407,-92.14560153250949,30.000526695459484,2597875,56795.749241028185,104782.93456161291,12.173945182472133,79.0250027156714,11.323808352152506,11.695236523946125,11.019047101338703,11.999997774759928,10.647618929545084,12.371425946553547,10.342857678731281,0.12370008770424291,-70.0460878403088,0.25383712397930935,0.3693734521548011,-0.11553632817549175,49.99066384594934,37.78233953262467,11.58095188140869,11.609999179840088,10.877523040771484,10.583999195098876,JONJUA.BO,2025-07-29 12:17:26.206875
193,2024-09-30 00:00:00+05:30,10.2380952835083,11.247617721557617,10.152379989624023,11.076189994812012,60004,0.0,0.0,2024-09-30,11.552380180358886,0.8773666379891719,12.429746818348058,10.675013542369715,13.30711345633723,9.797646904380542,-142.4490142096751,-12.458696704623518,2555015,77320.10229329685,116779.73089175909,12.177073915686451,77.11082263453936,10.825395901997885,11.498411814371746,10.403174082438152,11.920633633931478,9.730158170064291,12.59364954630534,9.307936350504558,0.07101346638257156,-77.64976240824251,0.30324841446700646,0.398257534198674,-0.09500911973166754,47.333181907234476,38.294118188901066,11.836190032958985,11.552380180358886,10.865713539123535,10.576284914016723,JONJUA.BO,2025-07-29 12:17:26.206875
194,2024-09-27 00:00:00+05:30,11.666666030883789,11.857142448425293,10.961902618408203,11.038095474243164,85721,0.0,0.0,2024-09-27,11.49380874633789,0.9471550395147365,12.440963785852627,10.546653706823154,13.388118825367364,9.599498667308417,-114.46740373401812,29.37198050877929,2495011,110078.67558878483,126644.63804137464,12.183263345517057,79.74136075140618,11.28571351369222,11.609524408976238,10.714284578959148,12.18095334370931,10.39047368367513,12.504764238993328,9.819044748942058,0.03174050016486747,-79.67286018870914,0.3928675044795149,0.42200981413159083,-0.029142309652075926,46.99570511877425,39.13058696597538,12.163809013366699,11.49380874633789,10.85752305984497,10.571046810150147,JONJUA.BO,2025-07-29 12:17:26.206875
195,2024-09-26 00:00:00+05:30,12.952380180358887,12.952380180358887,11.857142448425293,11.857142448425293,25715,0.0,0.0,2024-09-26,11.423808670043945,1.0306603228313334,12.454468992875277,10.393148347212612,13.485129315706612,9.362488024381278,-2.563504312845314,113.68599447233497,2580732,35472.22143048052,130786.12865452208,12.192535647616204,79.95855543626801,12.222221692403158,12.587300936381023,11.49206320444743,13.317459424336752,11.126983960469564,13.682538668314617,10.396825472513836,0.07461922272126881,-59.57942509435106,0.5054062921351932,0.4292953915446098,0.0761109005905834,53.52442464873029,38.86591225677962,12.487618255615235,11.423808670043945,10.857142066955566,10.566189651489259,JONJUA.BO,2025-07-29 12:17:26.206875
196,2024-09-25 00:00:00+05:30,13.523809432983398,13.523809432983398,12.095237731933594,12.542856216430664,77148,0.0,0.0,2024-09-25,11.326189613342285,1.0787929517147055,12.40498256505699,10.24739666162758,13.483775516771695,9.168603709912874,56.369608334151295,169.12098697998448,2606447,112575.25422201099,154614.60546053248,12.193352282881772,82.87146444935507,12.720634460449219,13.346031188964844,11.917459487915039,14.149206161499023,11.292062759399414,14.774602890014648,10.488887786865234,,-42.75701377358133,0.5611686547501318,0.4102676663969639,0.1509009883531679,60.04182300559551,37.05546991682221,12.582856369018554,11.326189613342285,10.840380134582519,10.553427734375,JONJUA.BO,2025-07-29 12:17:26.206875
197,2024-09-24 00:00:00+05:30,12.380951881408691,12.666666030883789,12.380951881408691,12.666666030883789,34287,0.0,0.0,2024-09-24,11.202380037307739,1.073892075175038,12.276272112482777,10.1284879621327,13.350164187657814,9.054595886957664,55.10935339287454,174.02754473448286,2683595,50525.84998503855,165124.44327016285,12.190780417724731,85.30958119967087,12.571427981058756,12.76190408070882,12.476189931233723,12.857142130533854,12.285713831583658,13.047618230183918,12.190475781758625,,-39.719624528303214,0.556526404661911,0.3725424193086719,0.18398398535323907,61.246161608450564,34.66138628697791,12.7028564453125,11.202380037307739,10.80818967819214,10.524189643859863,JONJUA.BO,2025-07-29 12:17:26.206875
198,2024-09-23 00:00:00+05:30,14.180952072143555,14.180952072143555,11.90476131439209,12.714284896850586,111437,0.0,0.0,2024-09-23,11.081427621841431,1.0358441120728068,12.117271733914238,10.045583509768624,13.153115845987045,9.009739397695817,99.15949434356389,234.83836776132625,2717882,164832.6236517384,193774.09159144392,12.189218974626248,86.79824386459336,12.933332761128744,13.961904207865398,11.685713450113933,15.209523518880209,10.65714200337728,16.238094965616863,9.409522692362469,,-37.585423334781005,0.5299573087367264,0.3265464229703621,0.2034108857663643,61.72518999234174,32.41349571539838,12.35999927520752,11.081427621841431,10.772951583862305,10.494189643859864,JONJUA.BO,2025-07-29 12:17:26.206875
199,2024-09-20 00:00:00+05:30,12.285714149475098,12.65714168548584,12.276189804077148,12.65714168548584,47146,0.0,0.0,2024-09-20,10.935237169265747,0.9989306942406584,11.934167863506406,9.936306475025088,12.933098557747064,8.93737578078443,95.70442739750682,213.58740868349983,2606445,69422.83011402961,201009.4585763703,12.183559272586377,86.58184972604535,12.530157725016275,12.784125645955402,12.403173764546711,12.911109606424967,12.149205843607584,13.165077527364094,12.02222188313802,,-38.95217388130787,0.48322142171856264,0.27569370152877104,0.2075277201897916,61.38868342482382,29.99269048446659,12.15999927520752,10.935237169265747,10.745713481903076,10.46942774772644,JONJUA.BO,2025-07-29 12:17:26.206875
200,2024-09-19 00:00:00+05:30,13.457141876220703,14.285714149475098,12.209522247314453,12.333333015441895,248593,0.0,0.0,2024-09-19,10.803332376480103,0.9314917867370307,11.734824163217134,9.871840589743073,12.666315949954164,8.940348803006042,184.32227592998976,288.1295495186142,2559299,356690.1975163927,233906.11569195543,12.181389691970441,89.52374900340598,12.942856470743815,13.676190694173176,11.599998792012531,15.019048372904459,10.86666456858317,15.75238259633382,9.523806889851887,,-44.565216918072814,0.42169152776579644,0.2238117714813231,0.19787975628447332,59.6309920457853,28.11031552516731,11.897142219543458,10.803332376480103,10.71942777633667,10.449618225097657,JONJUA.BO,2025-07-29 12:17:26.206875
201,2024-09-18 00:00:00+05:30,12.761903762817383,13.14285659790039,11.428570747375488,13.14285659790039,484328,0.0,0.0,2024-09-18,10.68618950843811,0.8745298613910752,11.560719369829185,9.811659647047035,12.435249231220261,8.937129785655959,247.7181942257068,282.9932809063976,2807892,740544.5111056791,203210.09523584606,12.177628500207081,86.96051511702251,12.571427981058756,13.714285214742024,11.999999364217121,14.285713831583658,10.857142130533854,15.428571065266926,10.285713513692219,,-0.0,0.36841560031899334,0.17434183241020476,0.19407376790878858,66.77592728734746,26.083142492075776,11.54666576385498,10.68618950843811,10.69314203262329,10.424570598602294,JONJUA.BO,2025-07-29 12:17:26.206875
202,2024-09-17 00:00:00+05:30,11.36190414428711,11.885713577270508,10.952380180358887,10.952380180358887,47146,0.0,0.0,2024-09-17,10.548094272613525,0.6572589823689119,11.205353254982438,9.890835290244613,11.86261223735135,9.233576307875701,30.273959215625794,110.48978587932969,2323564,60072.42768540871,68876.49126838778,12.128719213492802,78.63365270036482,11.26349131266276,11.574602444966633,10.641269048055012,12.196824709574381,10.330157915751139,12.507935841878254,9.70793565114339,,-49.15256250935591,0.214898407053024,0.1258233904330076,0.08907501662001638,52.48165826069933,24.610768451806674,11.142856216430664,10.548094272613525,10.657522983551026,10.394094409942626,JONJUA.BO,2025-07-29 12:17:26.206875
203,2024-09-16 00:00:00+05:30,10.780950546264648,11.75238037109375,10.780950546264648,11.714284896850586,30001,0.0,0.0,2024-09-16,10.525237131118775,0.6503721933938721,11.175609324512648,9.874864937724903,11.82598151790652,9.22449274433103,67.00247046442789,144.64693068523945,2370710,40885.87850593479,71077.50716413255,12.134550261432173,83.73625561021119,11.415871938069662,12.050793329874676,11.079363505045574,12.387301762898764,10.44444211324056,13.022223154703777,10.107933680216473,,-22.033917866231455,0.2308225809316955,0.10355463627800351,0.12726794465369198,60.92895175006637,24.126705389727885,11.142856216430664,10.525237131118775,10.650094394683839,10.385237255096435,JONJUA.BO,2025-07-29 12:17:26.206875
204,2024-09-13 00:00:00+05:30,11.10476016998291,11.619047164916992,10.838094711303711,11.342856407165527,81434,0.0,0.0,2024-09-13,10.45380859375,0.58840514861383,11.042213742363831,9.86540344513617,11.630618890977662,9.27699829652234,57.892124147289714,128.09372580250823,2340709,107460.78843839922,78625.41432868197,12.13588010528285,83.376431354771,11.266666094462076,11.695237477620442,10.91428502400716,12.047618548075357,10.485713640848795,12.476189931233723,10.133332570393879,,-35.2542550082332,0.17267696660775478,0.07173765011458053,0.10093931649317425,57.86291031726592,23.745873907774058,10.992379760742187,10.45380859375,10.626856288909913,10.370951547622681,JONJUA.BO,2025-07-29 12:17:26.206875
205,2024-09-12 00:00:00+05:30,11.123808860778809,11.123808860778809,10.580950736999512,10.580950736999512,8571,0.0,0.0,2024-09-12,10.393808603286743,0.553100205609594,10.946908808896337,9.84070839767715,11.500009014505931,9.287608192067555,3.4462123159659455,36.639797494731944,2259275,10550.620652242527,71416.57080125266,12.142750466283212,80.07778293901731,10.761903444925943,10.942856152852375,10.399998029073078,11.30476156870524,10.219045321146647,11.485714276631672,9.857139905293781,,-62.372933595700474,0.13219672124369453,0.04650282099128696,0.08569390025240756,50.44588291249688,23.472996737425202,11.009522628784179,10.393808603286743,10.60971342086792,10.366094408035279,JONJUA.BO,2025-07-29 12:17:26.206875
206,2024-09-11 00:00:00+05:30,10.209522247314453,11.2380952835083,10.209522247314453,11.123808860778809,25715,0.0,0.0,2024-09-11,10.364761066436767,0.5579881512292839,10.92274921766605,9.806772915207484,11.480737368895335,9.248784763978199,23.4176179928315,52.23549484675941,2267846,33278.35629673917,86633.0583385052,12.144175879071083,81.82614674476629,10.857142130533854,11.504762013753254,10.476188977559406,11.885715166727701,9.828569094340006,12.533335049947102,9.447615941365559,,-43.05086322161006,0.15340292429782032,0.025079345928185066,0.12832357836963526,57.07415489560151,23.710514977990318,11.217141914367676,10.364761066436767,10.586665821075439,10.367903938293457,JONJUA.BO,2025-07-29 12:17:26.206875
207,2024-09-10 00:00:00+05:30,10.961902618408203,10.961902618408203,10.952380180358887,10.952380180358887,8571,0.0,0.0,2024-09-10,10.351903867721557,0.5423201860927696,10.894224053814327,9.809583681628787,11.436544239907096,9.267263495536017,40.7509716079609,68.19497550199588,2242131,10920.985400492895,99971.73384894671,12.146977552967611,82.79446410820475,10.955554326375326,10.958728472391766,10.949206034342449,10.965076764424643,10.94603188832601,10.968250910441082,10.939683596293133,,-49.15256250935591,0.12476570352828276,-0.007001548664223749,0.1317672521925065,55.35951068322213,23.96630385244506,11.013332176208497,10.351903867721557,10.570284843444824,10.361427745819093,JONJUA.BO,2025-07-29 12:17:26.206875
208,2024-09-06 00:00:00+05:30,11.333333015441895,12.333333015441895,10.714284896850586,10.961902618408203,81434,0.0,0.0,2024-09-06,10.323332452774048,0.5237545613743755,10.847087014148423,9.799577891399673,11.3708415755228,9.275823330025297,96.52988647071675,137.15514725797578,2250702,103851.68037699448,122234.42096106015,12.148071825082699,82.43313247716804,11.336506843566895,11.958728790283203,10.339680671691895,12.955554962158203,9.717458724975586,13.577776908874512,8.720632553100586,,-48.813628246309655,0.10309412116730243,-0.03994336171235038,0.14303748287965282,55.48056001466641,22.944366217023784,10.87047519683838,10.323332452774048,10.545142002105713,10.352189655303954,JONJUA.BO,2025-07-29 12:17:26.206875
209,2024-09-05 00:00:00+05:30,12.095237731933594,12.14285659790039,11.19999885559082,11.428570747375488,107151,0.0,0.0,2024-09-05,10.304284858703614,0.5059330659796926,10.810217924683307,9.79835179272392,11.316150990663,9.292418726744229,166.19808261196803,181.23117932638743,2332136,142465.58650880298,126830.10610707657,12.158485906841163,85.59877218153254,11.5904754002889,11.98095194498698,11.03809420267741,12.53333314259847,10.64761765797933,12.92380968729655,10.09523646036784,,-27.272737203552456,0.0728480805916849,-0.07570273243226358,0.14855081302394849,61.333604357191426,21.843817994262416,10.659046936035157,10.304284858703614,10.520761089324951,10.353808717727661,JONJUA.BO,2025-07-29 12:17:26.206875
210,2024-09-04 00:00:00+05:30,10.790475845336914,12.095237731933594,10.666666030883789,11.619047164916992,334315,0.0,0.0,2024-09-04,10.263808679580688,0.439239007363206,10.703047686943894,9.824569672217482,11.1422866943071,9.385330664854276,257.4622571624424,156.27589505609996,2439287,451906.09441993874,122921.23600664495,12.167016582769518,84.69178214935543,11.460316975911459,12.253967920939129,10.825396219889324,12.888888676961264,10.031745274861654,13.682539621988933,9.39682451883952,,-18.518524012939032,-0.012939515582841565,-0.1128404356882507,0.09990092010540913,63.862663984031656,19.75317622902707,10.30095157623291,10.263808679580688,10.479427757263183,10.350380153656006,JONJUA.BO,2025-07-29 12:17:26.206875
211,2024-09-03 00:00:00+05:30,10.466666221618652,10.466666221618652,10.10476016998291,10.10476016998291,8571,0.0,0.0,2024-09-03,10.249522972106934,0.3952891367022294,10.644812108809164,9.854233835404704,11.040101245511392,9.458944698702476,53.70657109935757,-65.69938118030012,2104972,10075.795076011449,40675.0214033215,12.187754221867568,70.87301753831117,10.225395520528158,10.346030871073406,9.984124819437664,10.5873015721639,9.863489468892416,10.707936922709148,9.622218767801922,,-62.804986762536515,-0.14133662278260495,-0.13781566571460296,-0.003520957068001984,48.056292289989294,17.532571880605516,9.95809440612793,10.249522972106934,10.447046813964844,10.341903953552245,JONJUA.BO,2025-07-29 12:17:26.206875
212,2024-09-02 00:00:00+05:30,10.14285659790039,11.085714340209961,10.14285659790039,10.2380952835083,107151,0.0,0.0,2024-09-02,10.268094444274903,0.3968520893827401,10.664946533657643,9.871242354892162,11.061798623040383,9.474390265509422,125.00015894571962,-22.052794166348804,2113543,127625.42942064509,48324.82798514901,12.189777186205214,62.87692198547601,10.48888874053955,10.834920883178711,9.89206314086914,11.431746482849121,9.54603099822998,11.777778625488281,8.94920539855957,,-54.26828821523822,-0.15444803897239012,-0.13693542644760248,-0.01751261252478764,49.797561225850984,16.457772213287637,9.950475311279297,10.268094444274903,10.449903964996338,10.352475385665894,JONJUA.BO,2025-07-29 12:17:26.206875
213,2024-08-30 00:00:00+05:30,10.10476016998291,10.428570747375488,9.90476131439209,9.90476131439209,38573,0.0,0.0,2024-08-30,10.288570642471313,0.40568938525208414,10.694260027723397,9.88288125721923,11.099949412975482,9.477191871967145,-2.9761509171344054,-93.91079357065144,2006392,44447.69586176066,28499.677626274988,12.213764362844469,55.871653299059,10.079364458719889,10.253967603047688,9.73015817006429,10.603173891703287,9.55555502573649,10.777777036031086,9.20634873708089,,-74.84280571643058,-0.18202599150238363,-0.13255727331640557,-0.04946871818597806,45.10943617094787,15.22656226207821,9.95237979888916,10.288570642471313,10.450284881591797,10.364380140304565,JONJUA.BO,2025-07-29 12:17:26.206875
214,2024-08-29 00:00:00+05:30,9.523809432983398,9.638093948364258,9.523809432983398,9.638093948364258,8571,0.0,0.0,2024-08-29,10.316665887832642,0.3970758410636034,10.713741728896245,9.919590046769038,11.110817569959849,9.522514205705434,-139.95814280761786,-183.4527937240457,1967819,9610.466543831746,24512.673067403568,12.224025785166864,50.30063752086964,9.59999910990397,9.676188786824543,9.561904271443684,9.71428362528483,9.485714594523111,9.790473302205402,9.447619756062824,,-92.45291099125606,-0.1817478126846055,-0.12019009376991105,-0.06155771891469444,40.9176691767419,14.587345724147703,9.929522705078124,10.316665887832642,10.451999168395997,10.3796182346344,JONJUA.BO,2025-07-29 12:17:26.206875
215,2024-08-28 00:00:00+05:30,9.90476131439209,9.90476131439209,9.90476131439209,9.90476131439209,4285,0.0,0.0,2024-08-28,10.363332605361938,0.36682159769368,10.730154203055617,9.996511007668259,11.096975800749298,9.629689409974578,-94.01710279516492,-141.68694733057086,1976390,4937.608606217935,28238.22469829652,12.22658188185896,53.026036959827124,9.90476131439209,9.90476131439209,9.90476131439209,9.90476131439209,9.90476131439209,9.90476131439209,9.90476131439209,,-74.84280571643058,-0.1523752096244877,-0.10480066404123745,-0.04757454558325025,44.04064350807807,14.917803285014875,10.005713081359863,10.363332605361938,10.455618209838867,10.397523002624512,JONJUA.BO,2025-07-29 12:17:26.206875
216,2024-08-27 00:00:00+05:30,10.761903762817383,10.761903762817383,10.0,10.066664695739746,38573,0.0,0.0,2024-08-27,10.391904020309449,0.35114295832645165,10.7430469786359,10.040761061982996,11.094189936962351,9.689618103656546,20.833195278438637,-67.86433112551865,1980675,45174.23858446865,34063.37872131616,12.227729831562822,47.19702970624813,10.276189486185709,10.552378972371418,9.790475209554035,11.038093249003092,9.514285723368326,11.314282735188801,9.028571446736652,,-64.37512125820645,-0.13872335676049552,-0.09290702764542488,-0.045816329115070636,45.97135029542184,14.560774602548616,10.022855949401855,10.391904020309449,10.463046779632569,10.418761100769043,JONJUA.BO,2025-07-29 12:17:26.206875
217,2024-08-26 00:00:00+05:30,9.523809432983398,10.428570747375488,9.523809432983398,10.247617721557617,12857,0.0,0.0,2024-08-26,10.42904691696167,0.3542047397024731,10.783251656664143,10.074842177259198,11.137456396366616,9.720637437556725,-62.35865997714318,-106.36587336026413,2019248,15327.960787872775,31285.663755528043,12.237391049437187,42.80741731017537,10.066665967305502,10.609522501627605,9.704761187235516,10.971427281697592,9.161904652913412,11.514283816019695,8.799999872843426,,-60.00006324367313,-0.13508800910886087,-0.0814529453666572,-0.05363506374220367,48.17771182167507,13.993308879928412,10.085713386535645,10.42904691696167,10.467427768707275,10.4298087310791,JONJUA.BO,2025-07-29 12:17:26.206875
218,2024-08-23 00:00:00+05:30,9.90476131439209,9.90476131439209,9.780950546264648,9.790475845336914,17143,0.0,0.0,2024-08-23,10.452380275726318,0.35698401810958175,10.8093642938359,10.095396257616736,11.166348311945482,9.738412239507154,-161.68345550073235,-147.12501172263143,2006391,19525.962287232433,35275.089497441855,12.240360468436204,42.267257958798325,9.825395901997885,9.869841257731121,9.74603048960368,9.949206670125326,9.701585133870443,9.993652025858562,9.622219721476238,,-99.38640771450389,-0.1462080058080133,-0.06804417943110627,-0.07816382637690703,41.5170163193117,13.797294749118922,10.135237312316894,10.452380275726318,10.467237319946289,10.439046831130982,JONJUA.BO,2025-07-29 12:17:26.206875
219,2024-08-22 00:00:00+05:30,10.028571128845215,10.714284896850586,10.0,10.01904582977295,42860,0.0,0.0,2024-08-22,10.489046955108643,0.32129752865909367,10.810344483767736,10.16774942644955,11.13164201242683,9.846451897790455,-52.61864516515492,-72.73253236033804,2023534,49957.460153080225,39212.37129999421,12.245245031512988,50.23193964298698,10.244443575541178,10.488887151082356,9.77460225423177,10.958728472391764,9.530158678690592,11.203172047932942,9.060317357381184,,-89.03235226093709,-0.1132081500479476,-0.04850322283687952,-0.06470492721106808,44.15174686928195,14.30643759281027,10.234284973144531,10.489046955108643,10.460380153656006,10.463237295150757,JONJUA.BO,2025-07-29 12:17:26.206875
220,2024-08-21 00:00:00+05:30,10.0,10.0,9.980952262878418,9.99047565460205,17143,0.0,0.0,2024-08-21,10.53095178604126,0.3112692922619419,10.842221078303202,10.219682493779318,11.153490370565144,9.908413201517376,-173.42885734920665,-111.24920288877631,1980674,19924.838582405024,36526.099086722694,12.256397724010265,42.054943830114254,9.99047597249349,9.999999682108562,9.98095194498698,10.009523709615072,9.971428235371908,10.019047419230144,9.961904207865398,,-85.97556321770303,-0.09175374000341385,-0.032326991034112504,-0.05942674896930135,43.71915393138239,14.479219766928049,10.25904712677002,10.53095178604126,10.4432373046875,10.477523012161255,JONJUA.BO,2025-07-29 12:17:26.206875
221,2024-08-20 00:00:00+05:30,10.476189613342285,10.476189613342285,10.380951881408691,10.380951881408691,12857,0.0,0.0,2024-08-20,10.55523748397827,0.2846947967114784,10.83993228068975,10.270542687266792,11.124627077401227,9.985847890555315,-42.47432319417408,-38.354397142699995,1997817,15527.396483993822,40676.41421280211,12.260947253006648,45.00648909174651,10.412697792053223,10.444443702697754,10.34920597076416,10.507935523986816,10.317460060119629,10.539681434631348,10.253968238830566,,-60.97557848229643,-0.060081656255274396,-0.01747030379178717,-0.042611352463487226,48.22871407266019,15.438505240927364,10.26095199584961,10.55523748397827,10.432380142211914,10.49476110458374,JONJUA.BO,2025-07-29 12:17:26.206875
222,2024-08-19 00:00:00+05:30,10.857142448425293,10.857142448425293,10.114283561706543,10.495237350463867,55718,0.0,0.0,2024-08-19,10.574761247634887,0.2855014400982946,10.860262687733181,10.289259807536594,11.145764127831477,10.003758367438298,-21.870697053482413,-24.061638438728924,2010674,68031.43072040821,46963.66864500418,12.263782464957846,44.051329580123365,10.488887786865234,10.863492012023926,10.120633125305176,11.231746673583984,9.746028900146484,11.606350898742676,9.377774238586426,,-53.658526160765476,-0.057077455365426744,-0.006817465675915361,-0.05025998968951138,49.56779057870505,16.096607540644367,10.358094596862793,10.574761247634887,10.415046806335448,10.505237293243407,JONJUA.BO,2025-07-29 12:17:26.206875
223,2024-08-16 00:00:00+05:30,10.14285659790039,11.038095474243164,10.14285659790039,10.285714149475098,68576,0.0,0.0,2024-08-16,10.589999389648437,0.2891434615233889,10.879142851171826,10.300855928125047,11.168286312695214,10.01171246660166,-20.82638286196196,-23.03346463028179,1954956,82059.41579648734,41696.728126153175,12.27541698451984,54.879044667890675,10.48888874053955,10.834920883178711,9.939682006835938,11.384127616882324,9.593649864196777,11.730159759521484,9.044443130493164,,-67.07311190717662,-0.06362174503665408,0.005747531746462486,-0.06936927678311657,46.95701469242491,16.805333094185755,10.335237503051758,10.589999389648437,10.405142059326172,10.511237297058106,JONJUA.BO,2025-07-29 12:17:26.206875
224,2024-08-14 00:00:00+05:30,10.14285659790039,10.14285659790039,10.14285659790039,10.14285659790039,4285,0.0,0.0,2024-08-14,10.609046983718873,0.28046079894817627,10.88950778266705,10.328586184770696,11.169968581615226,10.04812538582252,-123.09572998468207,-76.4400088295181,1886380,5056.30115050391,31606.056208569622,12.291658547949089,43.329259806682046,10.14285659790039,10.14285659790039,10.14285659790039,10.14285659790039,10.14285659790039,10.14285659790039,10.14285659790039,,-76.21947310287054,-0.05040159239658237,0.023089850942241627,-0.073491443338824,45.20087407891235,17.522367366045035,10.39428482055664,10.609046983718873,10.388380126953125,10.52266586303711,JONJUA.BO,2025-07-29 12:17:26.206875
225,2024-08-13 00:00:00+05:30,10.857142448425293,10.857142448425293,10.0,10.0,64290,0.0,0.0,2024-08-13,10.6528564453125,0.27211521695007507,10.924971662262575,10.380741228362425,11.19708687921265,10.10862601141235,-101.39448938577954,-51.733200799375105,1882095,74793.7393468521,38243.494973086046,12.292755117674139,55.82726119536723,10.285714149475098,10.571428298950195,9.714285850524902,11.14285659790039,9.428571701049805,11.428570747375488,8.85714340209961,,-92.96183239731307,-0.018642826097821086,0.041462711776947624,-0.06010553787476871,43.46274773262882,18.054787074795573,10.489522933959961,10.6528564453125,10.379808692932128,10.537903957366943,JONJUA.BO,2025-07-29 12:17:26.206875
226,2024-08-12 00:00:00+05:30,10.380951881408691,10.952380180358887,9.857142448425293,10.86666488647461,30001,0.0,0.0,2024-08-12,10.703808736801147,0.23651388537923895,10.940322622180386,10.467294851421908,11.176836507559624,10.23078096604267,-11.776106905533206,-7.04378548775857,1946385,37927.46584407878,29105.93387964453,12.310445129383204,68.34442050209903,10.55872917175293,11.260315895080566,10.165078163146973,11.653966903686523,9.463491439819336,12.35555362701416,9.069840431213379,,-66.27566714385347,0.03636969609454077,0.056489096245639796,-0.020119400151099025,53.19971062412149,18.628162145757692,10.75618953704834,10.703808736801147,10.374284858703612,10.555999183654786,JONJUA.BO,2025-07-29 12:17:26.206875
227,2024-08-09 00:00:00+05:30,10.590475082397461,10.590475082397461,10.380951881408691,10.380951881408691,8571,0.0,0.0,2024-08-09,10.707142162322999,0.23938240175882644,10.946524564081825,10.467759760564173,11.185906965840651,10.228377358805346,-53.644837091969414,-23.220281511853475,1916384,10351.195089391853,26900.550888535967,12.315662243632499,63.28623178694219,10.450792948404947,10.520634015401203,10.311110814412434,10.660316149393717,10.241269747416178,10.730157216389973,10.101587613423664,,-81.23164115552619,0.020897978929010463,0.06151894628341455,-0.04062096735440408,46.98862447392843,19.245642991409206,10.678094482421875,10.707142162322999,10.34742774963379,10.570665864944457,JONJUA.BO,2025-07-29 12:17:26.206875
228,2024-08-08 00:00:00+05:30,10.952380180358887,11.01904582977295,10.580950736999512,10.580950736999512,12857,0.0,0.0,2024-08-08,10.733332633972168,0.2302983379698791,10.963630971942047,10.503034296002289,11.193929309911926,10.27273595803241,34.97493518084256,21.855710990608564,1924955,15826.546462009353,31037.889838321993,12.317661596952846,61.03535470213751,10.726982434590658,10.873014132181805,10.434919039408367,11.165077527364096,10.28888734181722,11.311109224955242,9.99682394663493,,-75.07331791652902,0.048608228224646055,0.07167418812201556,-0.02306595989736951,49.477335974330515,20.60385223594679,10.731427955627442,10.733332633972168,10.339808712005615,10.582475385665894,JONJUA.BO,2025-07-29 12:17:26.206875
229,2024-08-06 00:00:00+05:30,11.047618865966797,11.047618865966797,9.86666488647461,10.619047164916992,51432,0.0,0.0,2024-08-06,10.77190408706665,0.2653650092898318,11.037269096356482,10.506539077776818,11.302634105646314,10.241174068486986,-44.15791384175274,-6.940061685316887,1937812,63539.05966117841,34840.72568240015,12.320357988864478,52.04638129871017,10.511110305786133,11.155555725097656,9.974601745605469,11.69206428527832,9.330156326293945,12.336509704589844,8.793647766113281,,-73.9002606174063,0.06365239907186293,0.07744067809635793,-0.013788279024495004,49.968839226778826,22.030404317700377,10.70857105255127,10.77190408706665,10.329713497161865,10.595618257522583,JONJUA.BO,2025-07-29 12:17:26.206875
230,2024-08-05 00:00:00+05:30,11.333333015441895,11.333333015441895,11.333333015441895,11.333333015441895,4285,0.0,0.0,2024-08-05,10.808094549179078,0.29149158127876046,11.099586130457839,10.516602967900317,11.3910777117366,10.225111386621556,116.51751765565893,114.52168612842543,1989244,5649.76387193378,27666.142187705587,12.330990569074057,55.422422558939815,11.333333015441895,11.333333015441895,11.333333015441895,11.333333015441895,11.333333015441895,11.333333015441895,11.333333015441895,,-51.906119003046655,0.07819714537571798,0.08088774785248168,-0.0026906024767636982,59.75218904965299,23.56669117497347,10.69904727935791,10.808094549179078,10.330665874481202,10.602761116027832,JONJUA.BO,2025-07-29 12:17:26.206875
231,2024-08-02 00:00:00+05:30,10.647619247436523,10.647619247436523,10.476189613342285,10.476189613342285,8571,0.0,0.0,2024-08-02,10.79238018989563,0.26931352026565897,11.061693710161288,10.523066669629971,11.331007230426948,10.25375314936431,-33.82796073898711,7.9584664364677895,1984959,10446.159824261818,33170.23676664854,12.331510301842432,51.301687048478755,10.533332824707031,10.590476036071777,10.419046401977539,10.70476245880127,10.361903190612793,10.761905670166016,10.2476167678833,-0.21393338030941503,-78.29910068641486,0.025287689146750836,0.0815603984716726,-0.05627270932492176,48.386121383938175,22.81798475205837,10.527618598937988,10.79238018989563,10.317332534790038,10.606570634841919,JONJUA.BO,2025-07-29 12:17:26.206875
232,2024-08-01 00:00:00+05:30,10.133333206176758,10.666666030883789,10.076189994812012,10.647619247436523,47146,0.0,0.0,2024-08-01,10.836665916442872,0.28683593459896467,11.123501851041837,10.549829981843907,11.4103377856408,10.262994047244943,-57.060676444201626,1.7035125181944446,1993530,58400.852301534804,38851.256002245216,12.33344561408205,44.29046662377988,10.463491757710775,10.850793520609539,10.260317484537762,11.053967793782553,9.873015721638998,11.441269556681316,9.669841448465984,-0.20177017672658093,-73.02047498439966,0.04158004328543008,0.09562857580290303,-0.05404853251747295,51.031398852475945,22.798033944537064,10.594285202026366,10.836665916442872,10.319237308502197,10.618665866851806,JONJUA.BO,2025-07-29 12:17:26.206875
233,2024-07-31 00:00:00+05:30,9.771427154541016,10.571428298950195,9.771427154541016,10.466666221618652,25715,0.0,0.0,2024-07-31,10.83333249092102,0.28952334598977003,11.122855836910789,10.54380914493125,11.41237918290056,10.25428579894148,-121.37963574835425,-21.940913138330128,1946384,31312.42653675765,33963.85692742282,12.343174370411848,47.73033794870211,10.269840558369955,10.768253962198894,9.968252817789715,11.069841702779135,9.469839413960775,11.568255106608074,9.168251673380535,-0.25591736875389515,-78.59234298718937,0.04492597146452937,0.10914070893227126,-0.0642147374677419,48.249753589421815,22.77654845951412,10.60761833190918,10.83333249092102,10.31199920654297,10.624094438552856,JONJUA.BO,2025-07-29 12:17:26.206875
234,2024-07-30 00:00:00+05:30,10.476189613342285,10.571428298950195,10.476189613342285,10.571428298950195,8571,0.0,0.0,2024-07-30,10.837618160247803,0.28439914683123696,11.122017307079041,10.553219013416566,11.406416453910277,10.26881986658533,-67.2773393744667,14.895459336863487,1972099,10541.12551007241,34626.71452508911,12.349099608114507,45.05909133754391,10.539682070414225,10.603174527486164,10.507935841878254,10.634920756022135,10.444443384806315,10.698413213094074,10.412697156270344,-0.339923402692632,-86.53199459198845,0.0663502082446108,0.12519439329920673,-0.05884418505459593,49.706348259361086,22.864043195860067,10.61904697418213,10.837618160247803,10.322665882110595,10.630094423294068,JONJUA.BO,2025-07-29 12:17:26.206875
235,2024-07-29 00:00:00+05:30,10.580950736999512,10.580950736999512,10.476189613342285,10.476189613342285,21429,0.0,0.0,2024-07-29,10.833332395553589,0.28922650566950375,11.122558901223092,10.544105889884085,11.411785406892596,10.254879384214581,-83.77713156610146,13.717784255336426,1963528,26117.22773003226,40648.11177884329,12.350972484290383,40.052622761677334,10.511109987894693,10.546030362447102,10.441269238789875,10.61587111155192,10.406348864237467,10.650791486104328,10.336508115132649,-0.3476856406710344,-89.89902123082837,0.08245694001760207,0.13990543956285573,-0.05744849954525366,48.255839765103254,21.578922154063648,10.676189804077149,10.833332395553589,10.331237316131592,10.637618227005005,JONJUA.BO,2025-07-29 12:17:26.206875
236,2024-07-26 00:00:00+05:30,10.942856788635254,10.942856788635254,10.476189613342285,10.80952262878418,30001,0.0,0.0,2024-07-26,10.780951452255248,0.4217954428732383,11.202746895128486,10.35915600938201,11.624542338001724,9.937360566508772,-30.38528319403218,43.36066553032643,1984957,37728.0246126201,44280.832791046036,12.355923843812043,50.46568300531264,10.74285634358724,11.009523073832195,10.542855898539226,11.209523518880209,10.276189168294271,11.476190249125164,10.076188723246258,,-78.11451228434542,0.11120865746080533,0.15426756444916914,-0.043058906988363815,52.9339525314338,20.19494564751366,10.676189804077149,10.780951452255248,10.33314208984375,10.6470468044281,JONJUA.BO,2025-07-29 12:17:26.206875
237,2024-07-25 00:00:00+05:30,10.523809432983398,10.714284896850586,10.523809432983398,10.714284896850586,12857,0.0,0.0,2024-07-25,10.755713319778442,0.43489377149163694,11.19060709127008,10.320819548286805,11.625500862761715,9.885925776795169,-62.905990586798445,35.54161241878268,1954956,16025.982158130404,45919.034835652514,12.361662870839679,43.305480826933355,10.650793075561523,10.777776718139648,10.587301254272461,10.841268539428711,10.460317611694336,10.968252182006836,10.396825790405273,,-81.48150520740263,0.11350633725047032,0.16503229119626006,-0.05152595394578974,51.61405126284243,18.704509409690594,10.668570709228515,10.755713319778442,10.315237312316894,10.650856342315674,JONJUA.BO,2025-07-29 12:17:26.206875
238,2024-07-24 00:00:00+05:30,11.419047355651855,13.01904582977295,10.5047607421875,10.523809432983398,81434,0.0,0.0,2024-07-24,10.704760980606078,0.495478917121689,11.200239897727768,10.20928206348439,11.695718814849457,9.7138031463627,124.30941050265297,119.32943212777083,1942099,99701.24089109048,53392.298005033044,12.364287116751079,49.59871968330493,11.349205334981283,12.193649927775066,9.679364840189617,13.863490422566732,8.834920247395834,14.707935015360516,7.165079752604168,,-88.21549105351706,0.12410774425871907,0.1779137796827075,-0.05380603542398843,49.09545109091212,17.2844471071949,10.685713768005371,10.704760980606078,10.309523029327393,10.655237293243408,JONJUA.BO,2025-07-29 12:17:26.206875
239,2024-07-23 00:00:00+05:30,12.380951881408691,12.380951881408691,10.476189613342285,10.857142448425293,25715,0.0,0.0,2024-07-23,10.665713357925416,0.5393226403357629,11.20503599826118,10.126390717589652,11.744358638596943,9.587068077253889,85.90983483541585,115.3599851487543,2023533,32480.588194667333,41815.06228351868,12.383046221222704,40.93316777755505,11.238094647725424,11.999999682108562,10.095237414042156,13.14285691579183,9.333332379659018,13.904761950174969,8.19047514597575,,-65.57373685307786,0.15455928460833768,0.19136528853870458,-0.0368060039303669,53.59467113288043,15.755149242968768,10.714285087585449,10.665713357925416,10.304951572418213,10.667332515716552,JONJUA.BO,2025-07-29 12:17:26.206875
240,2024-07-22 00:00:00+05:30,10.190476417541504,10.476189613342285,10.190476417541504,10.476189613342285,12857,0.0,0.0,2024-07-22,10.590951442718506,0.6103491574831088,11.201300600201614,9.980602285235397,11.811649757684723,9.370253127752289,-140.70724660743792,11.690992622880772,1997818,15669.849126185303,44148.680805731514,12.38797330008229,43.89049797830243,10.380951881408691,10.571427345275879,10.285714149475098,10.666665077209473,10.09523868560791,10.85714054107666,10.000000953674316,,-81.96719158596983,0.1583764251320101,0.20056678952129628,-0.04219036438928617,48.55343120579962,14.620377791645758,10.746665763854981,10.590951442718506,10.289903926849366,10.673046798706055,JONJUA.BO,2025-07-29 12:17:26.206875
241,2024-07-19 00:00:00+05:30,10.666666030883789,10.771427154541016,10.542856216430664,10.771427154541016,21429,0.0,0.0,2024-07-19,10.567141962051391,0.6241925853934502,11.191334547444841,9.94294937665794,11.815527132838291,9.31875679126449,-100.29744783279895,49.97933040244671,2010675,26853.25737273,51268.38872561807,12.391064705273102,47.37166130858959,10.695236841837565,10.847617467244465,10.619046529134113,10.923807779947916,10.466665903727213,11.076188405354817,10.390475591023762,,-68.97964054920205,0.19838196114954876,0.21111438061861781,-0.012732419469069056,52.75473338873726,15.621325276748395,10.855237007141113,10.567141962051391,10.293142013549804,10.685332508087159,JONJUA.BO,2025-07-29 12:17:26.206875
242,2024-07-18 00:00:00+05:30,10.666666030883789,11.14285659790039,10.190476417541504,10.800000190734863,51432,0.0,0.0,2024-07-18,10.540951490402222,0.6261560161153515,11.167107506517572,9.914795474286871,11.793263522632925,9.288639458171518,-111.36083070132743,52.878984021331156,2032104,64621.791936942114,57372.17156384008,12.395441632621957,48.59187852757573,10.711111068725586,11.231745719909668,10.279365539550781,11.663491249084473,9.7587308883667,12.184125900268555,9.326985359191895,,-53.54836042168153,0.2175189583395607,0.21429748548588506,0.003221472853675633,53.18204465205386,16.097950802193232,10.887618255615234,10.540951490402222,10.29047534942627,10.696094427108765,JONJUA.BO,2025-07-29 12:17:26.206875
243,2024-07-16 00:00:00+05:30,10.952380180358887,11.0,10.571428298950195,10.666666030883789,25715,0.0,0.0,2024-07-16,10.513808536529542,0.6261016848618606,11.139910221391402,9.887706851667682,11.766011906253263,9.26160516680582,-91.86709420256453,59.963713901920976,1980672,31910.75261331154,55559.76647056456,12.40585736771302,52.84828752104775,10.746031443277994,10.920634587605793,10.492062886555988,11.174603144327799,10.31745974222819,11.349206288655598,10.063491185506184,,-58.064517171028065,0.23591036089950812,0.21349211727246614,0.022418243627041978,51.60471159809627,16.611239829595366,10.908570480346679,10.513808536529542,10.286856288909911,10.708380136489868,JONJUA.BO,2025-07-29 12:17:26.206875
244,2024-07-15 00:00:00+05:30,10.771427154541016,11.01904582977295,10.761903762817383,11.01904582977295,25715,0.0,0.0,2024-07-15,10.479999017715453,0.6355980729504352,11.115597090665888,9.844400944765018,11.751195163616323,9.208802871814584,-51.57370556580645,82.18720194530613,2006387,32964.94373129752,61472.01993487781,12.411552835913092,51.75006852330675,10.933331807454428,11.104759852091473,10.847617785135906,11.190473874409994,10.676189740498861,11.361901919047039,10.59047571818034,,-46.129073104300154,0.26901392445175176,0.20788755636570566,0.0611263680860461,56.350981780366965,16.51373074119231,11.045713233947755,10.479999017715453,10.284570560455322,10.72828489303589,JONJUA.BO,2025-07-29 12:17:26.206875
245,2024-07-12 00:00:00+05:30,11.2380952835083,11.428570747375488,10.69523811340332,11.01904582977295,51432,0.0,0.0,2024-07-12,10.419999027252198,0.6386664032532509,11.058665430505448,9.781332623998948,11.6973318337587,9.142666220745696,-10.919278493907706,93.51466566936777,2032102,65932.45133144445,68598.78898577287,12.416127971923148,56.68519333359003,11.04761823018392,11.39999834696452,10.666665712992351,11.780950864156088,10.314285596211752,12.133330980936687,9.933333079020183,,-42.05886276947943,0.27261647752649765,0.1926059643441941,0.08001051318230354,56.350981780366965,16.071380699882635,11.11047534942627,10.419999027252198,10.27523723602295,10.751237287521363,JONJUA.BO,2025-07-29 12:17:26.206875
246,2024-07-11 00:00:00+05:30,10.533331871032715,11.80952262878418,10.533331871032715,10.933333396911621,72862,0.0,0.0,2024-07-11,10.382856225967407,0.6234130583691635,11.00626928433657,9.759443167598244,11.629682342705735,9.136030109229079,22.88474809873682,103.17712644114741,1980670,92677.75400516197,69265.37339935497,12.425369392980764,58.31286171300444,11.092062632242838,11.650793393452961,10.374602635701496,12.368253389994303,9.815871874491373,12.926984151204426,9.098411877950031,,-44.70586433542666,0.2730982844551253,0.17260333604861822,0.10049494840650708,55.44234454293498,15.595003732318368,11.11047534942627,10.382856225967407,10.266475334167481,10.762189664840697,JONJUA.BO,2025-07-29 12:17:26.206875
247,2024-07-10 00:00:00+05:30,11.35237979888916,11.419047355651855,10.714284896850586,10.90476131439209,51432,0.0,0.0,2024-07-10,10.35047526359558,0.6099902466161876,10.960465510211767,9.740485016979394,11.570455756827956,9.130494770363205,20.350064583707102,99.38806861142126,1907808,65248.63003106227,63412.27824790322,12.439483478402346,52.05758180628504,11.01269785563151,11.311110814412434,10.606348355611164,11.71746031443278,10.30793539683024,12.015873273213703,9.901585896809895,,-45.588237459684294,0.2780186664947095,0.14747959894699142,0.1305390675477181,55.15338316529211,15.081982382633772,11.196189498901367,10.35047526359558,10.240189609527588,10.763046789169312,JONJUA.BO,2025-07-29 12:17:26.206875
248,2024-07-09 00:00:00+05:30,11.342856407165527,11.790475845336914,11.219046592712402,11.35237979888916,47146,0.0,0.0,2024-07-09,10.317141962051391,0.5961652884698648,10.913307250521255,9.720976673581527,11.50947253899112,9.124811385111661,78.9400332700134,164.19235861599518,1959240,62266.37528060291,62953.19030211345,12.449800282951633,56.85545256649802,11.453967412312826,11.68888823191325,11.117458979288738,12.025396664937338,10.882538159688314,12.260317484537762,10.546029726664226,,-31.764725632320776,0.28291975971027306,0.11484483206006188,0.16807492765021118,60.629989672900585,14.918378851467404,11.131427383422851,10.317141962051391,10.215427703857422,10.75418963432312,JONJUA.BO,2025-07-29 12:17:26.206875
249,2024-07-08 00:00:00+05:30,12.25714111328125,12.333333015441895,11.342856407165527,11.342856407165527,85721,0.0,0.0,2024-07-08,10.221903848648072,0.5738052743763968,10.79570912302447,9.648098574271675,11.369514397400867,9.074293299895277,124.23982666443531,209.11016740339983,1912094,113117.93901476069,63124.89405749108,12.456604597363622,63.4705739843608,11.673015276590982,12.003174146016438,11.01269753774007,12.66349188486735,10.682538668314615,12.993650754292805,10.022220929463703,,-32.05883037260237,0.2408243425553298,0.07282610014750908,0.16799824240782074,60.54915484932253,13.97877039028304,10.97142734527588,10.221903848648072,10.193142013549805,10.742094402313233,JONJUA.BO,2025-07-29 12:17:26.206875
250,2024-07-05 00:00:00+05:30,10.666666030883789,12.0,10.666666030883789,11.01904582977295,60004,0.0,0.0,2024-07-05,10.112856197357178,0.5565417614410558,10.669397958798234,9.556314435916123,11.22593972023929,8.999772674475066,101.89395883318255,162.05814181357218,1826373,76921.19322001854,50626.63281817367,12.469303449513136,51.71016074075306,11.228570620218912,11.790475209554035,10.457141240437824,12.561904589335123,9.895236651102701,13.123809178670246,9.123807271321613,,-42.05886276947943,0.18421850852586985,0.030826539545553894,0.15339196898031596,57.98589033170475,12.77457345030764,10.799998664855957,10.112856197357178,10.179808673858643,10.729618215560913,JONJUA.BO,2025-07-29 12:17:26.206875
251,2024-07-04 00:00:00+05:30,12.380951881408691,12.380951881408691,10.628569602966309,11.36190414428711,64290,0.0,0.0,2024-07-04,10.034284782409667,0.5322706771315727,10.56655545954124,9.502014105278095,11.098826136672812,8.969743428146522,163.35291133690458,206.1886456040901,1886377,84979.9297051729,44052.99271771245,12.480971430167106,57.64168183962809,11.457141876220703,12.285714149475098,10.533331871032715,13.209524154663086,9.70475959777832,14.03809642791748,8.780949592590332,,-31.470591440332758,0.14084513381430241,-0.007521452699525102,0.1483665865138275,61.95758497196435,11.757607707104809,10.481903648376464,10.034284782409667,10.1559991645813,10.720951557159424,JONJUA.BO,2025-07-29 12:17:26.206875
252,2024-07-02 00:00:00+05:30,10.057141304016113,10.933333396911621,10.057141304016113,10.580950736999512,25715,0.0,0.0,2024-07-02,9.941903829574585,0.44248527210691213,10.384389101681498,9.499418557467672,10.82687437378841,9.05693328536076,69.77551429537868,63.9459433620243,1822087,31654.323891309843,33821.25847084733,12.490701811736242,47.46908226347193,10.523808479309082,10.99047565460205,10.114283561706543,11.40000057220459,9.647616386413574,11.866667747497559,9.238091468811035,,-41.24516756970739,0.049413704400912195,-0.04461309932798198,0.09402680372889417,55.45854999592506,10.662413829809452,10.270474815368653,9.941903829574585,10.130665836334229,10.709713468551636,JONJUA.BO,2025-07-29 12:17:26.206875
253,2024-07-01 00:00:00+05:30,11.14285659790039,11.590475082397461,10.552379608154297,10.552379608154297,60004,0.0,0.0,2024-07-01,9.912856292724609,0.4166400776504421,10.32949637037505,9.496216215074167,10.746136448025492,9.079576137423725,150.45881538668155,121.72892981156613,1796372,73663.51345745746,34362.9921157317,12.497366910687786,52.37557673313865,10.898411432902018,11.244443257649738,10.206347783406574,11.936506907145182,9.860315958658854,12.282538731892902,9.16825230916341,,-42.412470767741766,0.008517153757530593,-0.06811980026020552,0.07663695401773611,55.18512073132333,10.849751584280042,10.093332290649414,9.912856292724609,10.120380115509032,10.708761091232299,JONJUA.BO,2025-07-29 12:17:26.206875
254,2024-06-28 00:00:00+05:30,10.114283561706543,11.14285659790039,10.047618865966797,10.485713005065918,34287,0.0,0.0,2024-06-28,9.857618188858032,0.4003039768665987,10.257922165724631,9.457314211991433,10.658226142591229,9.057010235124835,125.65233725695549,69.21904484294272,1736368,41826.28333204448,24537.861780300263,12.51333641884847,40.65989289000451,10.558729489644369,11.069840113321941,9.974602381388348,11.653967221577963,9.463491757710775,12.165077845255535,8.879364649454754,,-32.85717964172363,-0.041158048448972195,-0.08727903876463954,0.04612099031566734,54.58101892764122,10.364109089479054,9.931427764892579,9.857618188858032,10.11504680633545,10.709903955459595,JONJUA.BO,2025-07-29 12:17:26.206875
255,2024-06-27 00:00:00+05:30,9.428570747375488,9.428570747375488,9.428570747375488,9.428570747375488,4285,0.0,0.0,2024-06-27,9.819046783447266,0.3728205771478542,10.19186736059512,9.446226206299412,10.564687937742974,9.073405629151559,-148.50962055980193,-118.25786997616352,1702081,4700.22351764599,20215.75639236421,12.522894125523779,35.437267361432745,9.428570747375488,9.428570747375488,9.428570747375488,9.428570747375488,9.428570747375488,9.428570747375488,9.428570747375488,,-83.95721896498084,-0.09756810326603649,-0.09880928634355636,0.0012411830775198723,43.958702776597725,10.315559300209742,9.706665992736816,9.819046783447266,10.122475395202637,10.711713485717773,JONJUA.BO,2025-07-29 12:17:26.206875
256,2024-06-26 00:00:00+05:30,10.304759979248047,10.304759979248047,10.304759979248047,10.304759979248047,4285,0.0,0.0,2024-06-26,9.833808660507202,0.3622407637865807,10.196049424293783,9.471567896720622,10.558290188080363,9.109327132934041,86.14893217610631,22.189802146345464,1706366,5137.011377004412,24094.63961104376,12.524718060515488,35.45504134572057,10.304759979248047,10.304759979248047,10.304759979248047,10.304759979248047,10.304759979248047,10.304759979248047,10.304759979248047,,-34.7594035330285,-0.06419926771736861,-0.09911958211293631,0.0349203143955677,53.62720284633897,9.489050100200641,9.820951843261719,9.833808660507202,10.149142055511474,10.725332536697387,JONJUA.BO,2025-07-29 12:17:26.206875
257,2024-06-25 00:00:00+05:30,9.761903762817383,10.209522247314453,9.571428298950195,9.69523811340332,42860,0.0,0.0,2024-06-25,9.794761133193969,0.3507104996463078,10.145471632840277,9.444050633547661,10.496182132486584,9.093340133901354,-67.07621333507306,-54.45689104052508,1702081,48342.874157303624,28834.046669553594,12.526027376587802,33.57098993367579,9.825396219889322,10.07936414082845,9.441270192464192,10.46349016825358,9.187302271525065,10.717458089192707,8.803176244099934,,-68.98391025685649,-0.10679569401421318,-0.10784966071182824,0.0010539666976150525,45.979411566798994,9.850893545629964,9.809523391723634,9.794761133193969,10.15257064819336,10.722284936904908,JONJUA.BO,2025-07-29 12:17:26.206875
258,2024-06-24 00:00:00+05:30,10.923808097839355,10.923808097839355,9.14285659790039,9.742856979370117,42860,0.0,0.0,2024-06-24,9.809999227523804,0.3527734778851546,10.162772705408958,9.45722574963865,10.515546183294113,9.104452271753495,-46.474313609609396,-35.99868872474764,1744941,48580.31369391118,23956.839797616085,12.542826175410754,39.461806146494574,9.936507225036621,10.730157852172852,8.949206352233887,11.717458724975586,8.155555725097656,12.511109352111816,7.168254852294922,,-66.3101223424507,-0.0996852425002519,-0.10811315238623198,0.008427909885980078,46.56390224446814,10.069276938060828,9.921903991699219,9.809999227523804,10.159237308502197,10.730094451904296,JONJUA.BO,2025-07-29 12:17:26.206875
259,2024-06-21 00:00:00+05:30,10.2380952835083,10.2380952835083,9.152379989624023,9.36190414428711,38573,0.0,0.0,2024-06-21,9.826665878295898,0.3572797301118945,10.183945608407793,9.469386148184004,10.541225338519688,9.11210641807211,-112.1668224089502,-96.07693562336515,1702081,42011.6199557071,17800.97132354231,12.559541270870547,24.520964847099847,9.584126472473145,10.015872955322266,8.930157661437988,10.669841766357422,8.498411178588867,11.101588249206543,7.844442367553711,,-83.33330804651763,-0.09376106421774111,-0.110220129857727,0.016459065639985893,41.297691042538254,10.304459052986372,9.971427726745606,9.826665878295898,10.186856346130371,10.74028491973877,JONJUA.BO,2025-07-29 12:17:26.206875
260,2024-06-20 00:00:00+05:30,10.247617721557617,10.247617721557617,10.0,10.0,8571,0.0,0.0,2024-06-20,9.891903972625732,0.3859236298421839,10.277827602467916,9.505980342783548,10.6637512323101,9.120056712941365,21.886986155265213,-16.106947774908594,1740654,9971.335198971376,11748.309165501114,12.576813787905875,29.16390904670031,10.082539240519205,10.16507848103841,9.917460759480793,10.330156962076822,9.834921518961588,10.412696202596027,9.669843037923176,,-32.824348123868695,-0.04723761638244639,-0.11433489626772346,0.06709727988527707,48.82249521857137,9.306651352929379,10.062856101989746,9.891903972625732,10.221332550048828,10.754380149841309,JONJUA.BO,2025-07-29 12:17:26.206875
261,2024-06-19 00:00:00+05:30,10.247617721557617,10.247617721557617,10.247617721557617,10.247617721557617,4285,0.0,0.0,2024-06-19,9.925237274169922,0.4227823397500626,10.348019613919984,9.502454934419859,10.770801953670047,9.079672594669796,60.07140130628575,12.619962126543642,1749225,5108.525470641276,12192.552657133549,12.579910345370253,29.24746019744508,10.247617721557617,10.247617721557617,10.247617721557617,10.247617721557617,10.247617721557617,10.247617721557617,10.247617721557617,,-12.977135414118683,-0.04980055734712607,-0.13110921623904273,0.08130865889191666,52.27759319973595,9.479230152659962,10.118094062805175,9.925237274169922,10.236761093139648,10.766380138397217,JONJUA.BO,2025-07-29 12:17:26.206875
262,2024-06-14 00:00:00+05:30,10.409523010253906,10.409523010253906,10.25714111328125,10.25714111328125,8571,0.0,0.0,2024-06-14,9.94142780303955,0.4415608828756966,10.382988685915247,9.499866920163853,10.824549568790944,9.058306037288157,82.73898338740923,23.5542388798027,1753510,10227.739222367778,13963.559453756614,12.58131238236085,34.60266876620264,10.307935078938803,10.358729044596355,10.206347147623699,10.460316975911459,10.155553181966146,10.511110941569012,10.053965250651043,,-12.213810478939386,-0.07671393832126228,-0.1514363809620219,0.07472244264075961,52.4153694483149,10.099799326688949,10.125713348388672,9.94142780303955,10.25504680633545,10.776284914016724,JONJUA.BO,2025-07-29 12:17:26.206875
263,2024-06-13 00:00:00+05:30,9.438094139099121,9.99047565460205,9.438094139099121,9.99047565460205,25715,0.0,0.0,2024-06-13,9.942856454849244,0.4426809249865277,10.385537379835771,9.500175529862716,10.828218304822299,9.057494604876188,-1.295082416202307,-59.841437150661136,1744939,29887.839009890078,14897.514511603822,12.584110382617226,28.16491082025297,9.80634848276774,10.17460282643636,9.62222131093343,10.35872999827067,9.25396696726481,10.72698434193929,9.0698397954305,,-27.49989151949478,-0.11094679893030346,-0.17011699162221178,0.05917019269190832,49.04876106862817,10.784609413077646,10.121904182434083,9.942856454849244,10.278475399017333,10.780856351852417,JONJUA.BO,2025-07-29 12:17:26.206875
264,2024-06-12 00:00:00+05:30,10.276189804077148,10.304759979248047,9.819046020507812,9.819046020507812,21429,0.0,0.0,2024-06-12,9.993332672119141,0.5019797407456783,10.49531241286482,9.491352931373463,10.997292153610498,8.989373190627784,35.105586490370754,-33.54245113996113,1719224,24478.963294313082,11149.933387032255,12.593512267556985,33.410040049400905,9.980950673421225,10.142855326334637,9.657141367594402,10.466664632161459,9.49523671468099,10.628569285074871,9.171427408854168,,-42.49999165534575,-0.126831714704835,-0.18490953979518884,0.058077825090353835,46.850255588284554,10.762319179521185,10.013332557678222,9.993332672119141,10.307237300872803,10.78857063293457,JONJUA.BO,2025-07-29 12:17:26.206875
265,2024-06-11 00:00:00+05:30,10.276189804077148,10.276189804077148,10.276189804077148,10.276189804077148,4285,0.0,0.0,2024-06-11,10.05238037109375,0.547768689141485,10.600149060235236,9.504611681952266,11.14791774937672,8.956842992810781,97.52768993104868,12.363861106943787,1740653,5122.768899237685,7817.675910212049,12.601918760295021,34.57528216493664,10.276189804077148,10.276189804077148,10.276189804077148,10.276189804077148,10.276189804077148,10.276189804077148,10.276189804077148,,-25.949356659471256,-0.12836430632044937,-0.19942899606777728,0.07106468974732791,52.54726809551109,11.352514354564638,9.881904029846192,10.05238037109375,10.339427795410156,10.797999210357666,JONJUA.BO,2025-07-29 12:17:26.206875
266,2024-06-10 00:00:00+05:30,10.285714149475098,10.285714149475098,10.285714149475098,10.285714149475098,4285,0.0,0.0,2024-06-10,10.067142295837403,0.5580002829629921,10.625142578800395,9.509142012874412,11.183142861763388,8.951141729911418,134.75792512146333,12.062639081206171,1744938,5127.516867241434,8491.40266295564,12.603328719757648,36.03627518097335,10.285714149475098,10.285714149475098,10.285714149475098,10.285714149475098,10.285714149475098,10.285714149475098,10.285714149475098,,-25.3164099684509,-0.17340331053862457,-0.21719516850460924,0.04379185796598467,52.67657156995145,11.63469225310414,9.716189575195312,10.067142295837403,10.374475421905517,10.806665878295899,JONJUA.BO,2025-07-29 12:17:26.206875
267,2024-06-07 00:00:00+05:30,10.2380952835083,10.2380952835083,10.2380952835083,10.2380952835083,4285,0.0,0.0,2024-06-07,10.048570775985718,0.5565219082103317,10.60509268419605,9.492048867775386,11.161614592406382,8.935526959565054,181.0472231677631,4.203610029855995,1740653,5103.778453467207,9332.37411188419,12.604734612235685,36.136315342494775,10.2380952835083,10.2380952835083,10.2380952835083,10.2380952835083,10.2380952835083,10.2380952835083,10.2380952835083,,-28.480953292374853,-0.2293775649474714,-0.2281431329961054,-0.0012344319513660218,52.129666656476324,11.920721626706776,9.561903762817384,10.048570775985718,10.392189693450927,10.814761114120483,JONJUA.BO,2025-07-29 12:17:26.206875
268,2024-06-06 00:00:00+05:30,9.35237979888916,9.447617530822754,9.35237979888916,9.447617530822754,17143,0.0,0.0,2024-06-06,10.058094549179078,0.5615431016981633,10.619637650877241,9.496551447480915,11.181180752575404,8.935008345782752,-58.0123304137954,-127.48733422708797,1736368,18842.17136380597,10389.523026488434,12.606171115113153,38.8583059317827,9.415871620178223,9.479363441467285,9.384125709533691,9.511109352111816,9.320633888244629,9.574601173400879,9.288887977600098,,-81.012676679397,-0.29287641803558984,-0.22783452500826387,-0.06504189302732596,42.355874931089424,12.300352082491964,9.514284706115722,10.058094549179078,10.410856342315673,10.819523010253906,JONJUA.BO,2025-07-29 12:17:26.206875
269,2024-06-05 00:00:00+05:30,9.161903381347656,9.161903381347656,9.161903381347656,9.161903381347656,4285,0.0,0.0,2024-06-05,10.10047550201416,0.5447797091908965,10.645255211205056,9.555695792823263,11.190034920395952,9.010916083632367,-133.44878655345943,-174.7975006605816,1719225,4567.287544763609,8276.36094215905,12.61385984440454,20.467398952049848,9.161903381347656,9.161903381347656,9.161903381347656,9.161903381347656,9.161903381347656,9.161903381347656,9.161903381347656,,-100.0,-0.29188658887580843,-0.21157405175143237,-0.08031253712437605,38.04399927984352,12.46331886241137,9.514284706115722,10.10047550201416,10.466094436645507,10.832189683914185,JONJUA.BO,2025-07-29 12:17:26.206875
270,2024-06-04 00:00:00+05:30,9.447617530822754,9.447617530822754,9.447617530822754,9.447617530822754,4285,0.0,0.0,2024-06-04,10.147618341445924,0.49807870260947557,10.6456970440554,9.649539638836448,11.143775746664875,9.151460936226972,-77.54821674693811,-139.3576547881695,1723510,4709.718502823809,9203.629291507908,12.615961492324352,20.342333622689495,9.447617530822754,9.447617530822754,9.447617530822754,9.447617530822754,9.447617530822754,9.447617530822754,9.447617530822754,,-93.14293038503067,-0.25805826880815097,-0.19149591747033834,-0.06656235133781263,40.88372890783256,12.07913167150619,9.624761009216309,10.147618341445924,10.51180871963501,10.851618251800538,JONJUA.BO,2025-07-29 12:17:26.206875
271,2024-05-30 00:00:00+05:30,9.523809432983398,9.523809432983398,9.51428508758545,9.51428508758545,8571,0.0,0.0,2024-05-30,10.207142162322999,0.4808582769077057,10.688000439230704,9.726283885415294,11.168858716138411,9.245425608507587,-77.25584803672926,-135.6461924074106,1727795,9487.012578688922,10327.106988678934,12.617891644128632,35.93899611398277,9.517459869384766,9.520634651184082,9.511110305786133,9.526984214782715,9.507935523986816,9.530158996582031,9.501585960388184,,-94.41177432099828,-0.23897630906667722,-0.17485532963588518,-0.06412097943079204,41.57936814788223,12.080165418679018,9.679999160766602,10.207142162322999,10.557142066955567,10.864284925460815,JONJUA.BO,2025-07-29 12:17:26.206875
272,2024-05-28 00:00:00+05:30,10.0,10.0,10.0,10.0,4285,0.0,0.0,2024-05-28,10.263332605361938,0.46087960324409905,10.724212208606037,9.80245300211784,11.185091811850137,9.34157339887374,-8.682730065893763,-62.8836713844067,1736366,4985.085909181232,10537.130591176438,12.621678127040589,39.819430862190146,10.0,10.0,10.0,10.0,10.0,10.0,10.0,,-79.4117551773891,-0.2174905092445023,-0.15882508477818716,-0.05866542446631515,46.749798227842426,12.178392800379056,9.68190402984619,10.263332605361938,10.595427780151367,10.879046831130982,JONJUA.BO,2025-07-29 12:17:26.206875
273,2024-05-24 00:00:00+05:30,9.676189422607422,9.714284896850586,9.447617530822754,9.447617530822754,12857,0.0,0.0,2024-05-24,10.294284963607788,0.4630458646292912,10.75733082823708,9.831239098978497,11.22037669286637,9.368193234349206,-89.13281079600068,-139.53933004029648,1732081,14131.353743478581,11925.141761675239,12.623278175064483,31.558652960518643,9.536506652832031,9.625395774841309,9.358728408813477,9.803174018859863,9.2698392868042,9.89206314086914,9.092061042785645,,-96.47062530979514,-0.23452242343353547,-0.14415872866160837,-0.0903636947719271,38.82046053894034,13.022300979468955,9.68190402984619,10.294284963607788,10.61733253479004,10.890475397109986,JONJUA.BO,2025-07-29 12:17:26.206875
274,2024-05-23 00:00:00+05:30,9.51428508758545,9.714284896850586,9.51428508758545,9.714284896850586,8571,0.0,0.0,2024-05-23,10.349523067474365,0.420686164040353,10.770209231514718,9.928836903434012,11.19089539555507,9.50815073939366,-92.92220560495468,-129.3085629523116,1744938,9686.439092480225,11373.588766224402,12.629104203137517,37.33771245685838,9.647618293762207,9.780951499938965,9.580951690673828,9.847618103027344,9.44761848449707,9.980951309204102,9.380951881408691,,-88.23530970972692,-0.19837376094698556,-0.12156780496862657,-0.07680595597835899,41.64742397477311,13.445097560275617,9.807618522644043,10.349523067474365,10.656951599121093,10.909142074584961,JONJUA.BO,2025-07-29 12:17:26.206875
275,2024-05-22 00:00:00+05:30,9.723808288574219,9.723808288574219,9.714284896850586,9.723808288574219,8571,0.0,0.0,2024-05-22,10.391427803039551,0.3950391872039343,10.786466990243486,9.996388615835617,11.181506177447421,9.601349428631682,-100.094759172025,-124.68640734330444,1753509,9695.935185590972,11795.376184660447,12.632673424195833,42.30797296461833,9.720633824666342,9.726982752482098,9.717459360758465,9.730157216389975,9.711110432942709,9.73650614420573,9.707935969034832,,-87.94120496944532,-0.17534955091850968,-0.10236631597403681,-0.07298323494447287,41.75198943046934,13.997956122119106,9.998094749450683,10.391427803039551,10.695999221801758,10.92628493309021,JONJUA.BO,2025-07-29 12:17:26.206875
276,2024-05-17 00:00:00+05:30,9.333333015441895,9.523809432983398,9.333333015441895,9.523809432983398,8571,0.0,0.0,2024-05-17,10.434284925460815,0.3640800733691612,10.798364998829976,10.070204852091655,11.162445072199137,9.706124778722494,-177.94813141964786,-169.75412114020457,1744938,9496.509622740297,12320.236434427814,12.63623972128262,37.43019483491791,9.460317293802897,9.587301572163899,9.396825154622395,9.6507937113444,9.269840876261393,9.777777989705402,9.20634873708089,,-94.11764012901025,-0.14415268346212962,-0.08412050723791858,-0.06003217622421103,38.90317579756903,14.879719194713688,10.186666297912598,10.434284925460815,10.737713508605957,10.941713514328002,JONJUA.BO,2025-07-29 12:17:26.206875
277,2024-05-13 00:00:00+05:30,10.0,10.0,10.0,10.0,4285,0.0,0.0,2024-05-13,10.439046812057494,0.35196629393053364,10.791013105988029,10.08708051812696,11.142979399918561,9.735114224196428,-113.17935150594994,-96.70421351293962,1753509,4985.085909181233,13026.168137349692,12.640060275272717,39.26344071364432,10.0,10.0,10.0,10.0,10.0,10.0,10.0,,-91.8366874272398,-0.08233025096415147,-0.06911246318186581,-0.013217787782285662,43.66216558465264,15.527309828514834,10.396190071105957,10.439046812057494,10.793903980255127,10.962665891647339,JONJUA.BO,2025-07-29 12:17:26.206875
278,2024-05-10 00:00:00+05:30,10.666666030883789,10.666666030883789,10.057141304016113,10.076189994812012,17143,0.0,0.0,2024-05-10,10.422380113601685,0.3805798595495966,10.802959973151282,10.041800254052088,11.183539832700879,9.661220394502491,-76.0206636435476,-59.557557499512356,1757794,20095.785837763608,15036.438694391805,12.641681437529055,39.198701329632144,10.266665776570639,10.476190249125164,9.866665522257488,10.876190503438314,9.657141049702963,11.08571497599284,9.257140795389812,,-89.11561729610281,-0.04882893109391517,-0.06580801623629438,0.01697908514237921,44.50472375238377,16.251313131783924,10.453332901000977,10.422380113601685,10.825142059326172,10.976951599121094,JONJUA.BO,2025-07-29 12:17:26.206875
279,2024-05-09 00:00:00+05:30,10.666666030883789,10.666666030883789,10.666666030883789,10.666666030883789,4285,0.0,0.0,2024-05-09,10.4304753780365,0.374501928498342,10.804977306534841,10.055973449538158,11.179479235033183,9.681471521039816,22.06460536664746,-4.259540815015112,1774937,5317.424652850087,13771.601908548855,12.647999551362062,47.19254972128735,10.666666030883789,10.666666030883789,10.666666030883789,10.666666030883789,10.666666030883789,10.666666030883789,10.666666030883789,,-68.02719605560463,-0.012700817550722832,-0.07005278752188919,0.05735196997116636,51.28167144930629,16.942716456425373,10.638094902038574,10.4304753780365,10.8615230178833,10.991427793502808,JONJUA.BO,2025-07-29 12:17:26.206875
280,2024-05-06 00:00:00+05:30,10.666666030883789,10.666666030883789,10.666666030883789,10.666666030883789,4285,0.0,0.0,2024-05-06,10.43095154762268,0.37482396057405853,10.805775508196739,10.056127587048621,11.180599468770797,9.681303626474563,32.44584764718871,-6.742773610833077,1779222,5317.424652850087,15885.146222473546,12.649219961726198,44.63123404605941,10.666666030883789,10.666666030883789,10.666666030883789,10.666666030883789,10.666666030883789,10.666666030883789,10.666666030883789,,-68.02719605560463,-0.02440639061914851,-0.08439078001468078,0.05998438939553227,51.28167144930629,16.697228003464517,10.704761695861816,10.43095154762268,10.874856357574464,11.002380170822143,JONJUA.BO,2025-07-29 12:17:26.206875
281,2024-05-02 00:00:00+05:30,10.476189613342285,10.571428298950195,10.476189613342285,10.571428298950195,8571,0.0,0.0,2024-05-02,10.389046764373779,0.39346962567668964,10.782516390050468,9.99557713869709,11.175986015727158,9.6021075130204,4.731256985720481,-26.24059656118206,1774937,10541.125510072414,18527.07661487941,12.650441876450309,47.511186768540476,10.539682070414225,10.603174527486164,10.507935841878254,10.634920756022135,10.444443384806315,10.698413213094074,10.412697156270344,,-71.42854223447164,-0.03902327749282897,-0.09938687736356384,0.06036359987073488,50.17282108089368,16.432855823352824,10.685714149475098,10.389046764373779,10.895808734893798,11.019427785873413,JONJUA.BO,2025-07-29 12:17:26.206875
282,2024-04-29 00:00:00+05:30,10.247617721557617,10.295236587524414,10.247617721557617,10.285714149475098,34287,0.0,0.0,2024-04-29,10.36523723602295,0.3962502818100375,10.761487517832986,9.968986954212912,11.157737799643025,9.572736672402874,-55.15085743163847,-61.57082044146495,1766366,41028.51127820467,20523.564391081156,12.653008071221835,47.521746210829235,10.276189486185709,10.304761250813801,10.257142384847004,10.323808352152506,10.228570620218912,10.352380116780598,10.209523518880207,,-81.63261483085572,-0.04776658667108258,-0.11447777733124756,0.06671119066016498,46.91948437888074,16.249097436442057,10.55428524017334,10.36523723602295,10.918094425201415,11.0332373046875,JONJUA.BO,2025-07-29 12:17:26.206875
283,2024-04-25 00:00:00+05:30,11.0,11.0,11.0,11.0,4285,0.0,0.0,2024-04-25,10.354284763336182,0.4015557861364859,10.755840549472667,9.952728977199696,11.157396335609153,9.55117319106321,86.60576212812319,27.301374033453097,1800653,5483.594500099355,15397.327669300279,12.664755213283279,57.73866335552793,11.0,11.0,11.0,11.0,11.0,11.0,11.0,,-53.22579394766322,-0.030098421024161937,-0.1311555749962888,0.10105715397212686,55.097993984466044,16.340309961480724,10.582856559753418,10.354284763336182,10.936189670562744,11.04476110458374,JONJUA.BO,2025-07-29 12:17:26.206875
284,2024-04-24 00:00:00+05:30,12.571428298950195,12.571428298950195,10.390475273132324,11.0,25715,0.0,0.0,2024-04-24,10.318570470809936,0.37176233824614746,10.690332809056084,9.946808132563788,11.06209514730223,9.575045794317642,189.18499699179262,65.21641319041049,1804938,32907.96559394514,17875.76096160051,12.665788262884439,48.13369392352657,11.320634524027506,12.250793774922688,10.069840749104817,13.501587549845377,9.139681498209635,14.431746800740559,7.888887723286945,,-51.56249413266743,-0.07736811208814487,-0.1564198634893205,0.07905175140117562,55.097993984466044,15.264473077172635,10.441903877258301,10.318570470809936,10.93752296447754,11.053618240356446,JONJUA.BO,2025-07-29 12:17:26.206875
285,2024-04-22 00:00:00+05:30,10.571428298950195,10.571428298950195,10.571428298950195,10.571428298950195,4285,0.0,0.0,2024-04-22,10.311427593231201,0.3591386365095509,10.670566229740752,9.95228895672165,11.029704866250302,9.5931503202121,26.442987267414875,-27.900434689003145,1779223,5269.947825301634,14117.70980351435,12.672014800421453,51.056977741867776,10.571428298950195,10.571428298950195,10.571428298950195,10.571428298950195,10.571428298950195,10.571428298950195,10.571428298950195,,-48.837213634864774,-0.13671539667630306,-0.1761828013396144,0.039467404663311334,50.60148379923462,14.105879509456233,10.262855911254883,10.311427593231201,10.943999137878418,11.063142042160035,JONJUA.BO,2025-07-29 12:17:26.206875
286,2024-04-16 00:00:00+05:30,10.371427536010742,10.371427536010742,9.771427154541016,9.914283752441406,30001,0.0,0.0,2024-04-16,10.320951366424561,0.36879212599474376,10.689743492419305,9.952159240429816,11.058535618414048,9.583367114435074,-141.27724503956506,-96.65913794926438,1774938,34603.409815025356,16329.650298067529,12.673323989187958,55.22336304724437,10.019046147664389,10.266665140787762,9.666664759318035,10.619046529134115,9.419045766194662,10.866665522257488,9.066664377848308,,-63.27277970746514,-0.16841864052780764,-0.1860496525054422,0.01763101197763456,42.377268397014056,15.182423101222149,10.276189041137695,10.320951366424561,10.96095151901245,11.073618230819703,JONJUA.BO,2025-07-29 12:17:26.206875
287,2024-04-15 00:00:00+05:30,10.419047355651855,10.428570747375488,10.419047355651855,10.428570747375488,8571,0.0,0.0,2024-04-15,10.349046659469604,0.35740869035883427,10.706455349828438,9.99163796911077,11.063864040187273,9.634229278751935,-4.9738166044261,-53.37753298293657,1804939,10398.677456826843,11761.21041882807,12.685416149052564,57.70976108709401,10.425396283467611,10.431745211283367,10.422221819559734,10.434919675191244,10.415872891743978,10.441268603007,10.412698427836101,,-43.636370918966115,-0.14173782102201038,-0.19045740549985082,0.048719584477840444,48.126448947222976,16.016187577968935,10.420951080322265,10.349046659469604,10.986475372314453,11.09676110267639,JONJUA.BO,2025-07-29 12:17:26.206875
288,2024-04-12 00:00:00+05:30,10.285714149475098,10.295236587524414,10.285714149475098,10.295236587524414,8571,0.0,0.0,2024-04-12,10.32904667854309,0.3638579080215702,10.69290458656466,9.96518877052152,11.05676249458623,9.60133086249995,-17.560073230078807,-71.64067724665446,1796368,10265.725496692014,12101.843659328375,12.688245504719779,56.671694395179095,10.292062441507975,10.298410733540852,10.288888295491535,10.301584879557291,10.282540003458658,10.307933171590168,10.279365857442219,,-48.72731059680563,-0.15608022098882124,-0.20263730161931093,0.04655708063048969,46.405443835744705,16.510654271669285,10.459046363830566,10.32904667854309,11.000951557159423,11.108951587677002,JONJUA.BO,2025-07-29 12:17:26.206875
289,2024-04-10 00:00:00+05:30,10.10476016998291,10.10476016998291,10.10476016998291,10.10476016998291,8571,0.0,0.0,2024-04-10,10.37047529220581,0.40468546400903244,10.775160756214843,9.965789828196778,11.179846220223876,9.561104364187745,-51.77012525510325,-96.41159170564706,1787797,10075.795076011456,12560.873199987465,12.691249331313447,45.83853206107714,10.10476016998291,10.10476016998291,10.10476016998291,10.10476016998291,10.10476016998291,10.10476016998291,10.10476016998291,,-56.000045152135385,-0.15894659276419354,-0.21427657177693335,0.05532997901273981,43.87852786045896,17.242347495449213,10.510474967956544,10.37047529220581,11.029713459014893,11.116951599121094,JONJUA.BO,2025-07-29 12:17:26.206875
290,2024-04-09 00:00:00+05:30,10.638093948364258,10.638093948364258,10.638093948364258,10.638093948364258,4285,0.0,0.0,2024-04-09,10.419523000717163,0.42947244175000726,10.84899544246717,9.990050558967155,11.278467884217177,9.56057811721715,49.72239304295682,-40.746745725041485,1796368,5303.18122425368,13182.142730981468,12.694500104693635,38.39017470470331,10.638093948364258,10.638093948364258,10.638093948364258,10.638093948364258,10.638093948364258,10.638093948364258,10.638093948364258,,-35.636395679814555,-0.1414490944041198,-0.2281090665301183,0.08665997212599852,49.982710369940406,18.3128580206542,10.59999885559082,10.419523000717163,11.056189670562745,11.132665891647338,JONJUA.BO,2025-07-29 12:17:26.206875
291,2024-04-05 00:00:00+05:30,10.638093948364258,10.638093948364258,10.638093948364258,10.638093948364258,4285,0.0,0.0,2024-04-05,10.426189661026001,0.4340542879799118,10.860243949005913,9.99213537304609,11.294298236985824,9.558081085066178,59.91852236964917,-43.570108448974956,1800653,5303.18122425368,15151.883107663416,12.695793041292816,42.586902639320364,10.638093948364258,10.638093948364258,10.638093948364258,10.638093948364258,10.638093948364258,10.638093948364258,10.638093948364258,,-35.636395679814555,-0.16942912248970288,-0.2497740595616179,0.08034493707191503,49.982710369940406,18.55618828311632,10.58857021331787,10.426189661026001,11.077523002624512,11.149142093658448,JONJUA.BO,2025-07-29 12:17:26.206875
292,2024-04-04 00:00:00+05:30,11.571428298950195,11.571428298950195,10.619047164916992,10.619047164916992,8571,0.0,0.0,2024-04-04,10.45238013267517,0.46239148419894055,10.914771616874111,9.98998864847623,11.377163101073052,9.527597164277289,132.55341423161406,-12.345141130453337,1796368,10588.6078775074,17614.05857851585,12.697087604746454,49.35192076911057,10.93650754292806,11.253967920939129,10.301586786905926,11.888888676961264,9.984126408894857,12.206349054972332,9.349205652872723,,-36.36363636363637,-0.20268492931912796,-0.26986029382959664,0.06717536451046868,49.755278846019856,18.818236258075526,10.384760856628418,10.45238013267517,11.10171350479126,11.171999235153198,JONJUA.BO,2025-07-29 12:17:26.206875
293,2024-04-03 00:00:00+05:30,10.552379608154297,10.552379608154297,10.552379608154297,10.552379608154297,8571,0.0,0.0,2024-04-03,10.492856311798096,0.5106608516937498,11.003517163491846,9.982195460104347,11.514178015185596,9.471534608410597,93.57765831402735,-56.61248368039937,1787797,10522.13142196967,19370.421253767963,12.699705926444407,52.093158819886405,10.552379608154297,10.552379608154297,10.552379608154297,10.552379608154297,10.552379608154297,10.552379608154297,10.552379608154297,,-30.000050067883706,-0.24031563621852214,-0.2866541349572138,0.04633849873869167,49.00162801817592,19.100441769570057,10.194284629821777,10.492856311798096,11.129903984069824,11.201808767318726,JONJUA.BO,2025-07-29 12:17:26.206875
294,2024-04-02 00:00:00+05:30,11.2380952835083,11.2380952835083,10.209522247314453,10.552379608154297,12857,0.0,0.0,2024-04-02,10.536665868759155,0.5519510151851978,11.088616883944352,9.984714853573957,11.64056789912955,9.432763838388759,116.92957442197898,-46.614689826124106,1796368,15783.810954645203,21582.493711717536,12.702414961412597,52.149924196121205,10.66666571299235,11.123809178670246,10.095236142476399,11.695238749186197,9.638092676798502,12.152382214864094,9.066663106282551,,-30.000050067883706,-0.278287454064321,-0.29823875964188673,0.019951305577565748,49.00162801817592,20.349954920863052,10.131427764892578,10.536665868759155,11.171999225616455,11.239427824020385,JONJUA.BO,2025-07-29 12:17:26.206875
295,2024-04-01 00:00:00+05:30,10.580950736999512,10.580950736999512,10.580950736999512,10.580950736999512,8571,0.0,0.0,2024-04-01,10.580475425720214,0.5869282384803272,11.167403664200542,9.993547187239887,11.75433190268087,9.40661894875956,86.90895006344941,-59.32545441940812,1809225,10550.620652242535,23032.164400985617,12.706491513292486,52.254394024147366,10.580950736999512,10.580950736999512,10.580950736999512,10.580950736999512,10.580950736999512,10.580950736999512,10.580950736999512,,-33.72096498313022,-0.3226864109416798,-0.30322658603627817,-0.019459824905401657,49.27475086168375,21.69558446840935,10.156189727783204,10.580475425720214,11.227237339019775,11.28457067489624,JONJUA.BO,2025-07-29 12:17:26.206875
296,2024-03-28 00:00:00+05:30,9.619047164916992,9.619047164916992,9.619047164916992,9.619047164916992,4285,0.0,0.0,2024-03-28,10.6528564453125,0.6703263574727357,11.323182802785235,9.982530087839764,11.993509160257972,9.312203730367028,-117.4182026961301,-178.19074302540557,1800654,4795.177648157737,26152.550338171382,12.709181548413477,51.59664719819243,9.619047164916992,9.619047164916992,9.619047164916992,9.619047164916992,9.619047164916992,9.619047164916992,9.619047164916992,,-72.8682038159504,-0.3774551652248501,-0.29836162980992775,-0.07909353541492237,39.20605737033148,22.086233582978522,10.005713653564452,10.6528564453125,11.257903995513916,11.337332592010497,JONJUA.BO,2025-07-29 12:17:26.206875
297,2024-03-27 00:00:00+05:30,9.666666030883789,10.19999885559082,9.523809432983398,9.666666030883789,34287,0.0,0.0,2024-03-27,10.730475473403931,0.6331654543968057,11.363640927800738,10.097310019007125,11.996806382197542,9.46414456461032,-108.06764821634931,-176.43356043685012,1804939,38559.20070372492,31491.893510674792,12.711137959333625,50.01041526333038,9.79682477315267,10.069840113321941,9.39365069071452,10.473014195760092,9.120635350545248,10.746029535929363,8.717461268107098,,-71.15384170994973,-0.347123822091012,-0.27858824595619713,-0.06853557613481487,39.58607651780565,20.513218916365897,10.100951766967773,10.730475473403931,11.285903968811034,11.40799924850464,JONJUA.BO,2025-07-29 12:17:26.206875
298,2024-03-26 00:00:00+05:30,9.819046020507812,10.790475845336914,9.676189422607422,10.2380952835083,38573,0.0,0.0,2024-03-26,10.805713558197022,0.5878866849216048,11.393600243118627,10.217826873275417,11.981486928040232,9.629940188353812,-14.54691902687504,-135.14543639569368,1839226,45943.53472242487,29725.066712412256,12.726639649605579,53.135631279882645,10.234920183817545,10.793650945027668,9.679364522298176,11.349206606547037,9.120633761088053,11.90793736775716,8.565078099568684,,-52.631551208920165,-0.30772079651349316,-0.2614543519224934,-0.04626644459099977,44.11225569552672,18.819203121552302,10.180951499938965,10.805713558197022,11.292951564788819,11.486951637268067,JONJUA.BO,2025-07-29 12:17:26.206875
299,2024-03-22 00:00:00+05:30,8.952380180358887,10.676189422607422,8.952380180358887,10.676189422607422,21429,0.0,0.0,2024-03-22,10.904284906387328,0.6497273293691437,11.554012235756472,10.254557577018184,12.203739565125616,9.60483024764904,-54.055731492084476,-166.03280739289102,1877799,26615.828915895512,25670.449709909102,12.740976748911114,43.73590430280457,10.10158634185791,11.250792503356934,9.526983261108398,11.825395584106445,8.377777099609375,12.974601745605469,7.803174018859863,,-36.49124163119458,-0.3088876705172101,-0.24988774077474343,-0.05899992974246668,48.050279511979454,17.133272060146243,10.190475273132325,10.904284906387328,11.29104679107666,11.5694278049469,JONJUA.BO,2025-07-29 12:17:26.206875
300,2024-03-21 00:00:00+05:30,10.342856407165527,10.476189613342285,9.647619247436523,9.828570365905762,21429,0.0,0.0,2024-03-21,10.942856311798096,0.6583150011003724,11.601171312898469,10.284541310697723,12.25948631399884,9.626226309597351,-84.93149830137658,-201.61392915704758,1856370,24502.707566507317,25434.1049084125,12.747606572319219,36.911059949859684,9.984126408894857,10.320633570353191,9.49206320444743,10.812696774800619,9.155556042989096,11.149203936258953,8.663492838541668,,-87.72730831272963,-0.348847141531472,-0.23513775833912676,-0.11370938319234525,38.1447633518517,15.076342322555428,10.226665878295899,10.942856311798096,11.279427757263184,11.657237329483031,JONJUA.BO,2025-07-29 12:17:26.206875
301,2024-03-20 00:00:00+05:30,10.095237731933594,10.095237731933594,10.095237731933594,10.095237731933594,4285,0.0,0.0,2024-03-20,11.037142038345337,0.6244941995775436,11.661636237922881,10.412647838767793,12.286130437500423,9.78815363919025,-87.62292407232822,-204.14542712259495,1877799,5032.562736729685,25666.95424388879,12.75700949437118,37.12248406813357,10.095237731933594,10.095237731933594,10.095237731933594,10.095237731933594,10.095237731933594,10.095237731933594,10.095237731933594,,-79.08745435349007,-0.31124417623772693,-0.20671041254104044,-0.10453376369668649,40.41791248911761,13.483117051271353,10.413332557678222,11.037142038345337,11.285903949737548,11.744284954071045,JONJUA.BO,2025-07-29 12:17:26.206875
302,2024-03-19 00:00:00+05:30,10.01904582977295,10.076189994812012,9.571428298950195,10.066664695739746,34287,0.0,0.0,2024-03-19,11.103808689117432,0.5887994460687547,11.692608135186187,10.515009243048677,12.281407581254943,9.926209796979922,-142.06822771856517,-260.71445412212694,1873514,40154.7486154999,30825.552120678567,12.758725121561017,37.31406573225977,9.90476099650065,10.238093694051106,9.73333199818929,10.409522692362467,9.399999300638834,10.742855389912922,9.228570302327473,,-80.22820304192035,-0.284647860110784,-0.1805769716168688,-0.10407088849391521,40.04930851868722,12.232800704961054,10.489522933959961,11.103808689117432,11.288761100769044,11.81990400314331,JONJUA.BO,2025-07-29 12:17:26.206875
303,2024-03-18 00:00:00+05:30,10.952380180358887,11.228570938110352,10.285714149475098,10.285714149475098,47146,0.0,0.0,2024-03-18,11.155237340927124,0.5359948271497709,11.691232168076896,10.619242513777353,12.227226995226665,10.083247686627583,-50.17304710187512,-151.41338837096004,1907801,56415.848360085074,28493.25299697323,12.772681129179013,41.79899178598805,10.59999974568685,10.914285341898601,9.971428553263348,11.542856534322103,9.657142957051596,11.857142130533855,9.028571764628094,,-87.44185136678398,-0.24346965847294477,-0.15455924949339,-0.08891040897955477,41.8106685984299,10.849006259751246,10.481904220581054,11.155237340927124,11.297142066955566,11.887427816390991,JONJUA.BO,2025-07-29 12:17:26.206875
304,2024-03-15 00:00:00+05:30,10.80952262878418,10.857142448425293,10.80952262878418,10.857142448425293,17143,0.0,0.0,2024-03-15,11.212380170822144,0.4979882238268635,11.710368394649008,10.71439194699528,12.20835661847587,10.216403723168417,-17.923729911452217,-109.69303413310284,1954947,21653.304430145137,21512.60415619527,12.790536492307458,43.73325674653952,10.841269175211588,10.873015721638996,10.825395901997883,10.888888994852701,10.793649355570475,10.92063554128011,10.77777608235677,,-59.53488545394591,-0.20863320017611642,-0.1323316472485013,-0.07630155292761512,46.75807060532693,10.161845615645666,10.649523162841797,11.212380170822144,11.30476110458374,11.944861221313477,JONJUA.BO,2025-07-29 12:17:26.206875
305,2024-03-14 00:00:00+05:30,10.476189613342285,10.761903762817383,10.476189613342285,10.761903762817383,30001,0.0,0.0,2024-03-14,11.252856349945068,0.5004875797420406,11.753343929687109,10.752368770203027,12.25383150942915,10.251881190460987,-58.425422692544316,-137.41640520529089,1937804,37561.82247688136,21477.429087707802,12.79559702540951,41.65537520821949,10.66666571299235,10.857141812642414,10.571427663167317,10.952379862467447,10.380951563517252,11.142855962117512,10.285713513692219,,-66.37555845419965,-0.2171478974021479,-0.11325625901659753,-0.10389163838555038,45.71157405964158,10.12182129327808,10.69523754119873,11.252856349945068,11.30095157623291,11.988993558883667,JONJUA.BO,2025-07-29 12:17:26.206875
306,2024-03-13 00:00:00+05:30,10.028571128845215,10.476189613342285,10.028571128845215,10.476189613342285,25715,0.0,0.0,2024-03-13,11.305237293243408,0.5012214643835798,11.806458757626988,10.804015828859828,12.307680222010568,10.302794364476249,-131.15592213202387,-203.13053616998528,1907803,31340.91703195576,17456.33074041441,12.80495548048649,30.362960646506068,10.326983451843262,10.625395774841309,10.177777290344238,10.774601936340332,9.879364967346191,11.073014259338379,9.730158805847168,,-79.47599647206931,-0.21537960288315183,-0.08728334942020993,-0.1280962534629419,42.67752748473752,9.912470418473735,10.697142219543457,11.305237293243408,11.301523017883301,12.026814365386963,JONJUA.BO,2025-07-29 12:17:26.206875
307,2024-03-12 00:00:00+05:30,10.390475273132324,10.390475273132324,10.028571128845215,10.028571128845215,8571,0.0,0.0,2024-03-12,11.39809446334839,0.5114709359686784,11.909565399317067,10.886623527379712,12.421036335285747,10.375152591411032,-225.57990944574584,-241.9826754243205,1882088,9999.824429244238,13985.184167529073,12.814177195739349,22.03105461919884,10.149205843607584,10.269840558369953,9.907936414082844,10.511109987894693,9.787301699320475,10.631744702657063,9.546032269795734,,-100.0,-0.18171380801456927,-0.05525928605447445,-0.12645452196009482,37.65721154129026,9.187696787057552,10.83428497314453,11.39809446334839,11.291999225616456,12.060631942749023,JONJUA.BO,2025-07-29 12:17:26.206875
308,2024-03-11 00:00:00+05:30,11.085714340209961,11.409523010253906,11.085714340209961,11.123808860778809,12857,0.0,0.0,2024-03-11,11.47476110458374,0.397633245210681,11.87239434979442,11.077127859373059,12.270027595005102,10.679494614162378,-47.9601413638666,-57.49335187775922,1890659,16638.531087193303,14981.52410210028,12.817858690082955,25.285791258277982,11.206348737080893,11.326983133951824,11.003174463907879,11.530157407124838,10.882540067036947,11.65079180399577,10.679365793863933,,-68.2634640776047,-0.09177451068667963,-0.023645655564450745,-0.06812885512222888,47.00061663338662,8.257678388229737,11.114284896850586,11.47476110458374,11.300951595306396,12.0923881816864,JONJUA.BO,2025-07-29 12:17:26.206875
309,2024-03-07 00:00:00+05:30,11.085714340209961,11.085714340209961,11.085714340209961,11.085714340209961,4285,0.0,0.0,2024-03-07,11.513332557678222,0.3992103978630354,11.912542955541257,11.114122159815187,12.311753353404292,10.714911761952152,-90.3109994336074,-69.55595933629132,1877802,5526.3238350589,14567.272355827023,12.821223810499742,18.100223314756164,11.085714340209961,11.085714340209961,11.085714340209961,11.085714340209961,11.085714340209961,11.085714340209961,11.085714340209961,,-70.65863021321145,-0.08309875496963315,-0.006613441783893524,-0.07648531318573962,46.55283703697225,8.644449600024162,11.175237274169922,11.513332557678222,11.293713493347168,12.106977338790893,JONJUA.BO,2025-07-29 12:17:26.206875
310,2024-03-06 00:00:00+05:30,11.428570747375488,11.428570747375488,10.619047164916992,10.771427154541016,12857,0.0,0.0,2024-03-06,11.52571349143982,0.38895857162398667,11.914672063063806,11.136754919815834,12.303630634687794,10.747796348191846,-148.73134678854956,-85.7518923891791,1873517,16111.453172858732,16827.50948601905,12.822373552020984,22.71459204622556,10.939681688944498,11.260316212972004,10.450792630513508,11.749205271402994,10.130158106486002,12.0698397954305,9.641269048055012,,-90.41921553437179,-0.06698035350360954,0.012507886512541384,-0.07948824001615092,43.09282567767869,8.507040879720194,11.243808555603028,11.52571349143982,11.287427749633789,12.115974884033204,JONJUA.BO,2025-07-29 12:17:26.206875
311,2024-03-01 00:00:00+05:30,11.666666030883789,11.666666030883789,11.161903381347656,11.161903381347656,12857,0.0,0.0,2024-03-01,11.572856378555297,0.34767263028604917,11.920529008841346,11.225183748269249,12.268201639127396,10.877511117983198,-66.59209438142175,-22.097902412532207,1886374,16695.511288190046,17006.52356430913,12.826458443128695,22.644416454863872,11.330157597859701,11.498411814371746,10.993649164835613,11.834920247395834,10.825394948323568,12.003174463907879,10.48888651529948,,-72.36843665551558,-0.014376535560719716,0.03237994651657911,-0.04675648207729883,46.61838758744226,8.359062257854383,11.495237350463867,11.572856378555297,11.295999183654786,12.122465591430664,JONJUA.BO,2025-07-29 12:17:26.206875
312,2024-02-29 00:00:00+05:30,11.323808670043945,11.428570747375488,11.295236587524414,11.428570747375488,12857,0.0,0.0,2024-02-29,11.599046850204468,0.334568401646715,11.933615251851183,11.264478448557753,12.268183653497898,10.929910046911038,-55.555571680479716,-10.038117800406777,1899231,17094.381253965723,17084.2766333389,12.829780370943057,22.56741136003049,11.38412602742513,11.473015467325848,11.339681307474773,11.517460187276205,11.250791867574057,11.606349627176922,11.206347147623699,,-53.94732854701576,0.014734126219458688,0.04406906703590381,-0.029334940816445124,49.20635650146682,8.972380005495657,11.497142219543457,11.599046850204468,11.297523021697998,12.119643955230712,JONJUA.BO,2025-07-29 12:17:26.206875
313,2024-02-28 00:00:00+05:30,11.428570747375488,11.428570747375488,11.428570747375488,11.428570747375488,12857,0.0,0.0,2024-02-28,11.587142133712769,0.3450261274274447,11.932168261140214,11.242116006285324,12.277194388567658,10.89708987885788,-30.064640713414036,-0.6219193078429304,1912088,17094.381253965723,17081.75047818219,12.83258233601774,33.24990422284637,11.428570747375488,11.428570747375488,11.428570747375488,11.428570747375488,11.428570747375488,11.428570747375488,11.428570747375488,,-57.57575573671699,0.025518655234984422,0.05140280224001509,-0.025884147005030667,49.20635650146682,9.26330526167221,11.44571361541748,11.587142133712769,11.2832373046875,12.10899019241333,JONJUA.BO,2025-07-29 12:17:26.206875
314,2024-02-27 00:00:00+05:30,11.219046592712402,12.076189994812012,11.219046592712402,11.428570747375488,17143,0.0,0.0,2024-02-27,11.569046831130981,0.3628121612674437,11.931858992398425,11.206234669863537,12.294671153665869,10.843422508596094,10.138106539660361,21.857934634052995,1924945,22792.951531207465,17078.59278423631,12.835395529589682,29.85956844577322,11.574602444966635,11.930158297220867,11.073014895121258,12.431745847066244,10.717459042867025,12.787301699320476,10.215871493021648,,-61.111095658056286,0.03893947412251286,0.05787383899127275,-0.018934364868759886,49.206356501466814,9.762744516771052,11.601903915405273,11.569046831130981,11.269903964996338,12.093413095474244,JONJUA.BO,2025-07-29 12:17:26.206875
315,2024-02-26 00:00:00+05:30,12.028571128845215,12.028571128845215,12.028571128845215,12.028571128845215,4285,0.0,0.0,2024-02-26,11.563808727264405,0.36569185286689615,11.9295005801313,11.19811687439751,12.295192432998197,10.832425021530613,137.91937158853574,83.15775575279429,1942088,5996.346044199047,15650.00309749352,12.839164111347799,39.6919004706134,12.028571128845215,12.028571128845215,12.028571128845215,12.028571128845215,12.028571128845215,12.028571128845215,12.028571128845215,,-26.111076187207207,0.05553219718120417,0.06260743020846271,-0.007075233027258543,54.59925105521443,10.300602176108267,11.605713272094727,11.563808727264405,11.256570625305176,12.082436485290527,JONJUA.BO,2025-07-29 12:17:26.206875
316,2024-02-22 00:00:00+05:30,11.171427726745605,11.171427726745605,11.171427726745605,11.171427726745605,4285,0.0,0.0,2024-02-22,11.533332538604736,0.34998164591686254,11.883314184521598,11.183350892687873,12.233295830438461,10.83336924677101,-99.84282032698087,-24.526456635132313,1937803,5569.052694603605,18063.417360817137,12.839707231183331,37.23860752892813,11.171427726745605,11.171427726745605,11.171427726745605,11.171427726745605,11.171427726745605,11.171427726745605,11.171427726745605,,-76.11110400270589,0.01684356720734037,0.06437623846527735,-0.047532671257936976,46.84567931370934,10.152680998613976,11.542856025695801,11.533332538604736,11.238856334686279,12.069737510681152,JONJUA.BO,2025-07-29 12:17:26.206875
317,2024-02-21 00:00:00+05:30,11.99047565460205,11.99047565460205,11.171427726745605,11.171427726745605,34287,0.0,0.0,2024-02-21,11.534284973144532,0.3489693834683652,11.883254356612897,11.185315589676167,12.232223740081261,10.836346206207802,-38.03473217939534,13.698432420300835,1942088,44561.51919250264,21187.008527370523,12.840825774290156,51.65186305725681,11.444443702697754,11.717459678649902,10.898411750793457,12.2634916305542,10.625395774841309,12.536507606506348,10.079363822937012,,-76.11110400270589,0.05147082953535076,0.07625940627976158,-0.024788576744410817,46.84567931370935,10.66720461672442,11.594284629821777,11.534284973144532,11.237332534790038,12.07109827041626,JONJUA.BO,2025-07-29 12:17:26.206875
318,2024-02-20 00:00:00+05:30,11.714284896850586,12.209522247314453,11.714284896850586,12.209522247314453,8571,0.0,0.0,2024-02-20,11.533332586288452,0.35003615420234907,11.883368740490802,11.183296432086102,12.23340489469315,10.833260277883754,87.47339012516142,88.28439773124252,1976375,12174.523894727072,15343.380861087493,12.8498302555341,70.90855012330039,12.044443130493164,12.374601364135742,11.879364013671875,12.539680480957031,11.549205780029297,12.86983871459961,11.384126663208008,,-15.555595115375906,0.095024357371436,0.08245655046586428,0.012567806905571716,56.99511648220248,11.221306974689515,11.579046630859375,11.533332586288452,11.22818967819214,12.073911809921265,JONJUA.BO,2025-07-29 12:17:26.206875
319,2024-02-19 00:00:00+05:30,11.447617530822754,11.447617530822754,11.447617530822754,11.447617530822754,8571,0.0,0.0,2024-02-19,11.509523057937622,0.3161786789015776,11.8257017368392,11.193344379036045,12.141880415740777,10.877165700134467,-44.36979276535514,20.074041918707042,1967804,11414.803162945474,16135.595102677597,12.850694776860978,57.1385191339407,11.447617530822754,11.447617530822754,11.447617530822754,11.447617530822754,11.447617530822754,11.447617530822754,11.447617530822754,,-60.000033378598424,0.04710972647871081,0.07931459873947135,-0.032204872260760534,49.582944932734875,11.547810970196963,11.422856330871582,11.509523057937622,11.198284931182862,12.071025619506836,JONJUA.BO,2025-07-29 12:17:26.206875
320,2024-02-16 00:00:00+05:30,11.714284896850586,11.714284896850586,11.714284896850586,11.714284896850586,4285,0.0,0.0,2024-02-16,11.50857071876526,0.3164035586122143,11.824974277377473,11.192167160153046,12.141377835989688,10.87576360154083,20.352362202952616,53.610510611259684,1976375,5839.671657542441,17315.793087610626,12.852591723545588,52.719849242622566,11.714284896850586,11.714284896850586,11.714284896850586,11.714284896850586,11.714284896850586,11.714284896850586,11.714284896850586,,-44.444438263222516,0.060086766179953344,0.08736581680466148,-0.02727905062470813,52.57210040131741,11.79869881599496,11.46666603088379,11.50857071876526,11.191427783966065,12.078099060058594,JONJUA.BO,2025-07-29 12:17:26.206875
321,2024-02-15 00:00:00+05:30,11.428570747375488,11.428570747375488,11.428570747375488,11.428570747375488,4285,0.0,0.0,2024-02-15,11.50809450149536,0.31608465037689565,11.824179151872256,11.192009851118465,12.140263802249152,10.87592520074157,-45.66397375192523,20.209356003448825,1972090,5697.240699482239,20184.82344512767,12.8533616440054,53.310594167193344,11.428570747375488,11.428570747375488,11.428570747375488,11.428570747375488,11.428570747375488,11.428570747375488,11.428570747375488,,-61.111095658056286,0.04952820874653341,0.09418557946083851,-0.0446573707143051,49.537998159091416,12.466282086626022,11.485713577270507,11.50809450149536,11.171427783966065,12.08145658493042,JONJUA.BO,2025-07-29 12:17:26.206875
322,2024-02-14 00:00:00+05:30,11.095237731933594,11.095237731933594,11.095237731933594,11.095237731933594,4285,0.0,0.0,2024-02-14,11.52904691696167,0.32431737539793193,11.853364292359602,11.204729541563738,12.177681667757534,10.880412166165806,-123.56866314063257,-19.32363222285937,1967805,5531.07132764781,23806.719131539023,12.854325986925842,56.091961777230004,11.095237731933594,11.095237731933594,11.095237731933594,11.095237731933594,11.095237731933594,11.095237731933594,11.095237731933594,,-80.11048134347969,0.06339814298467594,0.10534992213941478,-0.04195177915473884,45.87962162722277,12.714286971921675,11.666666030883789,11.52904691696167,11.162665882110595,12.082021551132202,JONJUA.BO,2025-07-29 12:17:26.206875
323,2024-02-13 00:00:00+05:30,11.428570747375488,11.428570747375488,11.428570747375488,11.428570747375488,12857,0.0,0.0,2024-02-13,11.57571358680725,0.3257567632669208,11.90147035007417,11.24995682354033,12.227227113341092,10.924200060273408,-54.79857854020928,21.840735130470954,1972090,17094.381253965727,28375.631082511823,12.855517399110644,58.27751980264772,11.428570747375488,11.428570747375488,11.428570747375488,11.428570747375488,11.428570747375488,11.428570747375488,11.428570747375488,,-60.773480051672294,0.11302353541665511,0.11583786692809948,-0.002814331511444376,49.19113151756819,12.403756040342223,11.75999927520752,11.57571358680725,11.163618259429931,12.078171644210816,JONJUA.BO,2025-07-29 12:17:26.206875
324,2024-02-12 00:00:00+05:30,10.761903762817383,11.666666030883789,10.761903762817383,11.666666030883789,12857,0.0,0.0,2024-02-12,11.637142133712768,0.4031845794739244,12.040326713186692,11.233957554238843,12.443511292660617,10.830772974764919,-62.092881151019625,15.938737658919433,1984947,17450.51428591083,31195.943539648346,12.858423123559296,54.1157176921748,11.365078608194986,11.96825345357259,11.063491185506184,12.269840876261393,10.46031634012858,12.873015721638996,10.158728917439777,,-46.96132046505066,0.14201834639716004,0.11654144980596057,0.025476896591199477,51.711755894668684,12.505938214379999,11.853332710266113,11.637142133712768,11.161332550048828,12.073571157455444,JONJUA.BO,2025-07-29 12:17:26.206875
325,2024-02-09 00:00:00+05:30,11.780950546264648,11.80952262878418,11.780950546264648,11.80952262878418,12857,0.0,0.0,2024-02-09,11.719523096084595,0.5508272871522901,12.270350383236885,11.168695808932306,12.821177670389176,10.617868521780014,32.953232242838425,68.58900932756231,1997804,17664.19324919804,34632.30085308272,12.860854877910374,62.25371143597625,11.79999860127767,11.819046656290691,11.79047457377116,11.828570683797201,11.771426518758139,11.847618738810223,11.761902491251629,,-38.674057907272015,0.1535399197100613,0.11017222565816069,0.04336769405190062,53.18803116458374,12.61598055565145,11.786666107177734,11.719523096084595,11.156570644378663,12.068042488098145,JONJUA.BO,2025-07-29 12:17:26.206875
326,2024-02-08 00:00:00+05:30,12.333333015441895,12.333333015441895,12.323808670043945,12.333333015441895,17143,0.0,0.0,2024-02-08,11.734761142730713,0.5576216059573961,12.292382748688109,11.177139536773318,12.850004354645506,10.61951793081592,152.50591771036883,136.12069759453084,2010661,24597.39435954965,38874.32775405389,12.863004484657038,60.44340786355114,12.330158233642578,12.336507797241211,12.326983451843262,12.339682579040527,12.320633888244629,12.34603214263916,12.317459106445312,,-8.287262557778645,0.15189545211729616,0.09933030214518553,0.052565149972110634,58.99699356603292,12.939703226816764,11.767618560791016,11.734761142730713,11.145713520050048,12.061165962219238,JONJUA.BO,2025-07-29 12:17:26.206875
327,2024-02-07 00:00:00+05:30,12.476189613342285,12.476189613342285,11.561903953552246,11.561903953552246,30001,0.0,0.0,2024-02-07,11.669046783447266,0.5608024248793299,12.229849208326597,11.108244358567935,12.790651633205925,10.547441933688606,101.55606480213316,88.54427918954906,1993518,40354.02967442905,42443.561102679945,12.86445245079384,57.366541580035054,11.866665840148926,12.171427726745605,11.257142066955566,12.780951499938965,10.952380180358887,13.085713386535645,10.342856407165527,,-53.03867953494934,0.09590120246606837,0.08618901465215785,0.00971218781391052,51.75143737391791,12.274705002536141,11.638094520568847,11.669046783447266,11.13142780303955,12.04348232269287,JONJUA.BO,2025-07-29 12:17:26.206875
328,2024-02-06 00:00:00+05:30,11.857142448425293,11.895237922668457,11.857142448425293,11.895237922668457,17143,0.0,0.0,2024-02-06,11.5919038772583,0.671506195326786,12.263410072585087,10.920397681931513,12.934916267911872,10.248891486604728,144.1365301009642,95.57798372276567,2023519,23723.66478860239,42965.94395974267,12.87071393557606,53.33964647681492,11.882539431254068,11.907936414082844,11.86984093983968,11.920634905497232,11.844443957010904,11.946031888326008,11.831745465596516,,-24.050547071469133,0.09873262071285716,0.0837609676986802,0.014971653014176953,55.66601288303004,11.55855306869547,11.563809013366699,11.5919038772583,11.128761138916015,12.023908452987671,JONJUA.BO,2025-07-29 12:17:26.206875
329,2024-02-05 00:00:00+05:30,11.333333015441895,11.333333015441895,11.333333015441895,11.333333015441895,4285,0.0,0.0,2024-02-05,11.504284811019897,0.7406140871715761,12.244898898191472,10.763670723848321,12.985512985363048,10.023056636676746,-18.006590725696043,28.97963423096999,2006376,5649.763871933784,47776.51375252773,12.873400799659633,46.384630009480865,11.333333015441895,11.333333015441895,11.333333015441895,11.333333015441895,11.333333015441895,11.333333015441895,11.333333015441895,,-64.32747099721786,0.06803339983232881,0.08001805444513596,-0.01198465461280715,49.6666128881095,11.54933529074054,11.398094367980956,11.504284811019897,11.121332569122314,12.001889066696167,JONJUA.BO,2025-07-29 12:17:26.206875
330,2024-02-02 00:00:00+05:30,11.714284896850586,12.25714111328125,11.714284896850586,11.714284896850586,47146,0.0,0.0,2024-02-02,11.442380046844482,0.8046320000420195,12.247012046886502,10.637748046802463,13.051644046928521,9.833116046760443,167.1890681540253,104.99039982493558,2010661,64251.379222052696,58308.201222676216,12.874461840371675,36.26433658976409,11.89523696899414,12.076189041137695,11.533332824707031,12.438093185424805,11.352380752563477,12.61904525756836,10.990476608276367,,-62.03009118003247,0.08303740487377986,0.08301421809833774,2.3186775442121665e-05,54.296305926925065,12.408918395901054,11.396189498901368,11.442380046844482,11.129903984069824,11.977336988449096,JONJUA.BO,2025-07-29 12:17:26.206875
331,2024-02-01 00:00:00+05:30,11.2380952835083,11.69523811340332,11.2380952835083,11.685712814331055,64290,0.0,0.0,2024-02-01,11.364284801483155,0.8512965655414849,12.21558136702464,10.51298823594167,13.066877932566126,9.661691670400185,64.9820945375396,63.40447008269976,1963515,87401.8158317247,56822.406722832086,12.883323500510503,52.34738493900857,11.539682070414225,11.841268857320149,11.384126027425129,11.996824900309244,11.082539240519205,12.298411687215168,10.92698319753011,,-63.70373447245857,0.06347094717639301,0.0830084214044772,-0.01953747422808419,53.98184271025779,12.65801703302483,11.337141990661621,11.364284801483155,11.143046836853028,11.951396713256836,JONJUA.BO,2025-07-29 12:17:26.206875
332,2024-01-31 00:00:00+05:30,11.523809432983398,11.523809432983398,10.942856788635254,11.190476417541504,55718,0.0,0.0,2024-01-31,11.291903924942016,0.8834626267592777,12.175366551701293,10.408441298182739,13.058829178460572,9.52497867142346,-54.8719211753787,21.054621146628197,1899225,72538.05661619357,49177.55444560893,12.895928775074935,53.68738484696775,11.219047546386719,11.495238304138184,10.914285659790039,11.800000190734863,10.638094902038574,12.076190948486328,10.333333015441895,,-82.96292972171887,0.040272188294139255,0.08789278996149825,-0.047620601667359,48.497693054984,13.384188786303017,11.238094711303711,11.291903924942016,11.148380184173584,11.925984287261963,JONJUA.BO,2025-07-29 12:17:26.206875
333,2024-01-30 00:00:00+05:30,11.761903762817383,11.761903762817383,10.961902618408203,11.066664695739746,34287,0.0,0.0,2024-01-30,11.256665754318238,0.9015903998047775,12.158256154123016,10.35507535451346,13.059846553927793,9.453484954708683,-51.694396283264616,27.843459725808643,1843507,44143.63170927114,43337.42890296276,12.91162908169046,60.02712843987834,11.263490358988443,11.565078099568684,10.765076955159504,12.063491503397623,10.463489214579264,12.365079243977863,9.965075810750324,,-79.26425302542411,0.05873384382879543,0.099797940378338,-0.04106409654954257,47.092540292153366,13.847101511269416,11.230475425720215,11.256665754318238,11.153332538604737,11.897211055755616,JONJUA.BO,2025-07-29 12:17:26.206875
334,2024-01-29 00:00:00+05:30,11.419047355651855,11.419047355651855,11.323808670043945,11.323808670043945,8571,0.0,0.0,2024-01-29,11.236665821075439,0.9104203498841413,12.14708617095958,10.326245471191298,13.057506520843722,9.415825121307156,-48.27228871755045,41.44344639907263,1877794,11291.349197802645,43135.87820138567,12.922140414479175,61.42932033203869,11.355554898579916,11.387301127115887,11.292062441507976,11.450793584187826,11.260316212972006,11.482539812723797,11.196823755900066,,-60.34481816002792,0.0936740292918472,0.11006396451572364,-0.01638993522387644,49.82764954403144,14.375291875884745,11.363808822631835,11.236665821075439,11.169713516235351,11.869675941467285,JONJUA.BO,2025-07-29 12:17:26.206875
335,2024-01-25 00:00:00+05:30,10.75238037109375,11.419047355651855,10.75238037109375,11.419047355651855,25715,0.0,0.0,2024-01-25,11.203808689117432,0.9189282406684474,12.12273692978588,10.284880448448984,13.041665170454326,9.365952207780538,-78.90150225325748,18.425743000516974,1886365,34161.60159049287,51097.01045228142,12.924420009479578,60.4353771179211,11.19682502746582,11.64126968383789,10.974602699279785,11.863492012023926,10.530158042907715,12.307936668395996,10.30793571472168,,-57.47123757762322,0.11166396579728044,0.11416144832169275,-0.0024974825244123144,50.883100594984946,15.4506970909544,11.384761238098145,11.203808689117432,11.18228494644165,11.839811515808105,JONJUA.BO,2025-07-29 12:17:26.206875
336,2024-01-24 00:00:00+05:30,11.171427726745605,11.190476417541504,11.152379989624023,11.190476417541504,12857,0.0,0.0,2024-01-24,11.172380113601685,0.9219234574763941,12.094303571078079,10.25045665612529,13.016227028554473,9.328533198648897,-94.0559463942499,15.179628143535723,1860650,16738.249648487043,55330.86266772856,12.930889233275018,57.724882341232664,11.177777608235678,11.203175226847332,11.165078798929851,11.215874036153158,11.139681180318197,11.241271654764812,11.126982371012371,,-64.1833650573586,0.12362509022849899,0.11478581895279583,0.008839271275703164,48.55582926727799,16.608825784106333,11.441903877258301,11.172380113601685,11.186284942626953,11.809963235855102,JONJUA.BO,2025-07-29 12:17:26.206875
337,2024-01-23 00:00:00+05:30,11.171427726745605,11.171427726745605,11.152379989624023,11.152379989624023,17143,0.0,0.0,2024-01-23,11.11285629272461,0.9584032860900425,12.071259578814653,10.154453006634567,13.029662864904695,9.196049720544524,-88.4750688653248,10.2685121150099,1847793,22242.12127483073,64979.015922538936,12.934636785398014,54.854847123139045,11.158729235331217,11.16507848103841,11.146030743916828,11.177776972452799,11.139681498209635,11.184126218159992,11.126983006795246,,-65.32953295386923,0.15957662086374924,0.11257600113387002,0.04700061972987922,48.15915353539487,17.224773244565096,11.573332405090332,11.11285629272461,11.20704683303833,11.786920433044434,JONJUA.BO,2025-07-29 12:17:26.206875
338,2024-01-19 00:00:00+05:30,11.885713577270508,12.0,11.485713005065918,11.733331680297852,55718,0.0,0.0,2024-01-19,11.079046773910523,0.9688061286624886,12.047852902573013,10.110240645248034,13.0166590312355,9.141434516585546,-0.1393181398293999,87.59871763820486,1864936,76056.91178508458,75663.23958446599,12.939768488827639,54.40437128676443,11.739681561787924,11.99365011850993,11.479363123575848,12.253968556722006,11.225394566853842,12.507937113444012,10.965076128641766,,-47.85103920332049,0.2069395678225181,0.10082584620140021,0.10611372162111789,53.73828481160816,17.913606799239354,11.74857063293457,11.079046773910523,11.21695161819458,11.768132696151733,JONJUA.BO,2025-07-29 12:17:26.206875
339,2024-01-18 00:00:00+05:30,11.123808860778809,11.428570747375488,11.123808860778809,11.428570747375488,25715,0.0,0.0,2024-01-18,11.030475378036499,0.9585742791568909,11.989049657193389,10.071901098879609,12.947623936350281,9.113326819722717,-21.219850679341672,33.57938838550541,1809218,34190.092085690965,75564.82153431134,12.95116542107661,52.70338869754088,11.326983451843262,11.530158042907715,11.225396156311035,11.631745338439941,11.022221565246582,11.834919929504395,10.920634269714355,,-57.02006676104492,0.20722810510757306,0.07429741579612073,0.13293068931145233,51.01256631157656,18.133731185163274,11.933332633972167,11.030475378036499,11.204189739227296,11.739580631256104,JONJUA.BO,2025-07-29 12:17:26.206875
340,2024-01-17 00:00:00+05:30,11.704760551452637,11.704760551452637,11.704760551452637,11.704760551452637,8571,0.0,0.0,2024-01-17,10.997618198394775,0.9554679894522002,11.953086187846976,10.042150208942575,12.908554177299177,9.086682219490374,17.107989566302653,81.830735039965,1834933,11671.209088223133,85908.50389646643,12.957832818059988,53.35659713560803,11.704760551452637,11.704760551452637,11.704760551452637,11.704760551452637,11.704760551452637,11.704760551452637,11.704760551452637,,-48.71062926043521,0.2344720347965854,0.041064743468257635,0.19340729132832776,53.75762369467452,19.094526786465774,12.310475540161132,10.997618198394775,11.209142112731934,11.714076175689698,JONJUA.BO,2025-07-29 12:17:26.206875
341,2024-01-16 00:00:00+05:30,12.01904582977295,12.219046592712402,11.428570747375488,11.84761905670166,60004,0.0,0.0,2024-01-16,10.972380113601684,0.9423830627702137,11.914763176371897,10.02999705083147,12.85714623914211,9.087613988061257,32.67566613598556,94.9059413447695,1843504,82705.25495005597,104467.82759852725,12.959664404532049,52.86070088119469,11.831745465596518,12.234920183817547,11.444444338480633,12.622221310933432,11.041269620259603,13.02539602915446,10.653968493143719,-0.0250714768427749,-44.41259289821781,0.23859940293936432,-0.007287079363824313,0.24588648230318863,55.13511172922332,19.180315188022664,12.392380142211914,10.972380113601684,11.220761184692384,11.683792057037353,JONJUA.BO,2025-07-29 12:17:26.206875
342,2024-01-15 00:00:00+05:30,12.14285659790039,12.380951881408691,12.028571128845215,12.028571128845215,42860,0.0,0.0,2024-01-15,10.941903924942016,0.9222288871453754,11.86413281208739,10.019675037796642,12.786361699232767,9.097446150651265,61.788757566262795,134.61420237342216,1903508,59977.45424839469,109908.47076064505,12.97116153642493,58.31940767471892,12.146031379699707,12.2634916305542,11.911110877990723,12.498412132263184,11.79365062713623,12.615872383117676,11.558730125427246,0.022038089010982705,-38.96847471613358,0.22619914416674192,-0.06875869993962147,0.2949578441063634,56.87503143961163,19.272702697391622,12.226665496826172,10.941903924942016,11.242284965515136,11.647317447662353,JONJUA.BO,2025-07-29 12:17:26.206875
343,2024-01-12 00:00:00+05:30,13.285714149475098,13.285714149475098,12.65714168548584,12.65714168548584,120009,0.0,0.0,2024-01-12,10.876189613342286,0.8868695293693527,11.763059142711638,9.989320083972933,12.649928672080991,9.10245055460358,131.05805370517885,236.11553088282503,1946368,176714.1309793957,122391.22488870763,12.978174168867298,60.80146931419211,12.866665840148926,13.076189994812012,12.447617530822754,13.495238304138184,12.238093376159668,13.70476245880127,11.819045066833496,0.033720349932078654,-20.0573213063221,0.1890747581154315,-0.14249816096621232,0.3315729190816438,63.37485034541963,18.3189812271521,11.824760437011719,10.876189613342286,11.273713550567628,11.613795223236083,JONJUA.BO,2025-07-29 12:17:26.206875
344,2024-01-11 00:00:00+05:30,12.84761905670166,13.323808670043945,12.80952262878418,13.314285278320312,218590,0.0,0.0,2024-01-11,10.781427717208862,0.7815601237448853,11.562987840953747,9.999867593463977,12.344547964698632,9.218307469719091,235.37114950281207,296.1658248530162,2066377,338586.7579492747,108810.4983660356,12.985004020003505,67.98343248380806,13.149205525716146,13.488888422648113,12.974602381388348,13.663491566975912,12.63491948445638,14.003174463907879,12.460316340128582,0.14029296999192123,-0.2865204549667084,0.07677484906065501,-0.2253913907366233,0.3021662397972783,71.30165016380276,16.002921398040044,11.321903419494628,10.781427717208862,11.306856422424316,11.577457857131957,JONJUA.BO,2025-07-29 12:17:26.206875
345,2024-01-10 00:00:00+05:30,11.885713577270508,12.114283561706543,11.01904582977295,12.114283561706543,85721,0.0,0.0,2024-01-10,10.653808641433717,0.5060252491836377,11.159833890617355,10.147783392250078,11.665859139800991,9.641758143066442,240.5903088887295,109.38784139606645,1847787,120811.08496400998,51366.43347022582,12.971729779686811,46.07515789056492,11.749204317728678,12.479362805684406,11.384125073750813,12.844442049662272,10.653966585795084,13.574600537618,10.288887341817219,-0.12174232751892063,-0.0,-0.13288500726682173,-0.30093295068594283,0.1680479434191211,63.61906400844029,13.17197108491222,10.678093910217285,10.653808641433717,11.341904010772705,11.530271396636962,JONJUA.BO,2025-07-29 12:17:26.206875
346,2024-01-09 00:00:00+05:30,10.476189613342285,11.01904582977295,10.476189613342285,11.01904582977295,51432,0.0,0.0,2024-01-09,10.605237293243409,0.39230539239178136,10.99754268563519,10.212931900851627,11.389848078026972,9.820626508459846,107.47904301380206,-30.92547427329378,1762066,65932.45133144449,34005.270596779774,12.985502731390692,28.190534445651863,10.838093757629395,11.199997901916504,10.65714168548584,11.380949974060059,10.29523754119873,11.742854118347168,10.114285469055176,,-15.079433199024072,-0.2811177602125099,-0.3429449365407231,0.06182717632821322,52.88268597942864,11.131600750752341,10.285713195800781,10.605237293243409,11.41676118850708,11.495084953308105,JONJUA.BO,2025-07-29 12:17:26.206875
347,2024-01-08 00:00:00+05:30,10.14285659790039,10.14285659790039,10.009522438049316,10.01904582977295,17143,0.0,0.0,2024-01-08,10.60904688835144,0.3968785815790538,11.005925469930494,10.212168306772385,11.402804051509547,9.815289725193333,-108.9822623698209,-145.30630338382298,1710634,19981.81846486829,26023.475413113592,13.004638970253268,27.85923442277891,10.057141621907553,10.104760805765789,9.971426645914715,10.190475781758627,9.923807462056478,10.238094965616863,9.83809248606364,,-99.17703189181705,-0.35877692091144375,-0.35840173062277636,-0.000375190288667393,37.25063833155853,10.347719952408967,10.129523086547852,10.60904688835144,11.530094528198243,,JONJUA.BO,2025-07-29 12:17:26.206875
348,2024-01-05 00:00:00+05:30,10.095237731933594,10.14285659790039,10.095237731933594,10.14285659790039,8571,0.0,0.0,2024-01-05,10.643808841705322,0.3721590974935744,11.015967939198896,10.271649744211748,11.38812703669247,9.899490646718174,-113.38673912764867,-145.6307157857976,1727777,10113.782301276324,27533.88965017492,13.01435451483419,38.240751632144914,10.126983642578125,10.158729553222656,10.11111068725586,10.174602508544922,10.079364776611328,10.206348419189453,10.063491821289062,,-93.82718287850517,-0.3542833172470292,-0.3583079330506095,0.004024615803580267,38.680602441119014,11.013127488519357,10.222856521606445,10.643808841705322,11.680951709747314,,JONJUA.BO,2025-07-29 12:17:26.206875
349,2024-01-04 00:00:00+05:30,10.047618865966797,10.476189613342285,10.0,10.095237731933594,21429,0.0,0.0,2024-01-04,10.672380256652833,0.3531238557005017,11.025504112353335,10.31925640095233,11.378627968053836,9.96613254525183,-124.09108415201376,-147.12646565494302,1719206,25167.51152517631,31888.91648739957,13.019033986935643,45.386082480570614,10.190475781758627,10.380951563517254,9.904761950174969,10.666665395100912,9.714286168416342,10.857141176859539,9.428572336832683,,-95.88478858567011,-0.35535569854912374,-0.3593140870015046,0.003958388452380834,37.756134082223944,11.784400906773056,10.327618408203126,10.672380256652833,11.847808818817139,,JONJUA.BO,2025-07-29 12:17:26.206875
350,2024-01-03 00:00:00+05:30,11.028571128845215,11.028571128845215,10.0,10.152379989624023,34287,0.0,0.0,2024-01-03,10.722856378555297,0.33811667324482086,11.060973051800119,10.384739705310476,11.39908972504494,10.046623032065655,-80.04953188349755,-122.13972553032153,1740635,40496.65690215254,33569.26772795538,13.030995302719544,51.90635284921245,10.39365037282308,10.78730074564616,9.758729616800945,11.422221501668295,9.365079243977865,11.815871874491375,8.73015848795573,,-93.41567822033507,-0.34665475752932906,-0.3603036841145998,0.013648926585270726,38.401247489217155,12.615003049507807,10.441904067993164,10.722856378555297,12.03504690170288,,JONJUA.BO,2025-07-29 12:17:26.206875
351,2024-01-02 00:00:00+05:30,11.038095474243164,11.038095474243164,10.009522438049316,10.2380952835083,25715,0.0,0.0,2024-01-02,10.750951623916626,0.3104307799383092,11.061382403854935,10.440520843978316,11.371813183793243,10.130090064040008,-82.5983414484198,-119.80084988023253,1774922,30628.62612156575,31837.42043440609,13.049962151979562,53.92090939232338,10.428571065266928,10.847619692484539,9.819046656290691,11.457144101460775,9.39999802907308,11.876192728678387,8.790473620096844,,-89.71193025601804,-0.33589021815487285,-0.36371591576091744,0.027825697606044586,39.33743128760593,13.509497664760616,10.569523239135743,10.750951623916626,12.202665958404541,,JONJUA.BO,2025-07-29 12:17:26.206875
352,2023-12-29 00:00:00+05:30,10.942856788635254,10.942856788635254,10.314285278320312,10.485713005065918,30001,0.0,0.0,2023-12-29,10.788570642471313,0.2899205370049414,11.078491179476256,10.498650105466371,11.368411716481196,10.20872956846143,-54.19168559304283,-99.57378845561898,1800637,36597.845429599176,32139.61901261617,13.06392631119592,59.24286574219656,10.580951690673828,10.847618103027344,10.219046592712402,11.20952320098877,9.952380180358887,11.476189613342285,9.590475082397461,,-79.01239706202323,-0.3254607577753479,-0.37067234016242856,0.04521158238708067,41.977045590093475,14.453887932030318,10.521904182434081,10.788570642471313,12.351046905517578,,JONJUA.BO,2025-07-29 12:17:26.206875
353,2023-12-28 00:00:00+05:30,10.304759979248047,10.666666030883789,10.304759979248047,10.666666030883789,17143,0.0,0.0,2023-12-28,10.821427822113037,0.2910261647096699,11.112453986822707,10.530401657403367,11.403480151532378,10.239375492693696,-75.60751847585774,-104.16224917905141,1830638,21273.421429126975,31025.062408370417,13.078951213313692,58.0047511070002,10.546030680338541,10.787301381429035,10.425395329793293,10.907936731974283,10.184124628702799,11.149207433064777,10.063489278157551,,-71.1934376833763,-0.33156325823413013,-0.3819752357591987,0.05041197752506854,43.94868824715275,14.863586466615454,10.519999504089355,10.821427822113037,12.477713565826416,,JONJUA.BO,2025-07-29 12:17:26.206875
354,2023-12-26 00:00:00+05:30,10.857142448425293,10.857142448425293,10.666666030883789,10.666666030883789,17143,0.0,0.0,2023-12-26,10.853808784484864,0.308409763993063,11.162218548477927,10.5453990204918,11.47062831247099,10.236989256498738,-29.414874384492744,-82.03946680240017,1847781,21273.421429126975,33462.97265318128,13.087010955726274,59.24718533455265,10.730158170064291,10.793650309244793,10.603173891703289,10.920634587605795,10.539681752522787,10.984126726786297,10.412697474161785,,-71.1934376833763,-0.35217375366366,-0.3945782301404658,0.042404476476805786,43.948688247152745,15.7958050590198,10.539047050476075,10.853808784484864,12.584961338043213,,JONJUA.BO,2025-07-29 12:17:26.206875
355,2023-12-22 00:00:00+05:30,10.800000190734863,10.800000190734863,10.790475845336914,10.790475845336914,17143,0.0,0.0,2023-12-22,10.891904020309449,0.3303522069349261,11.222256227244374,10.561551813374523,11.552608434179302,10.231199606439596,-7.722237619177434,-74.5425424099657,1864924,21520.34566508762,36510.36045919485,13.095124735873151,68.05959694631564,10.79365062713623,10.796825408935547,10.787301063537598,10.80317497253418,10.784126281738281,10.806349754333496,10.777776718139648,,-65.84362987822165,-0.37322546745353335,-0.40517934925966725,0.0319538818061339,45.16820722810332,16.061119471025567,10.55999927520752,10.891904020309449,12.677035541534424,,JONJUA.BO,2025-07-29 12:17:26.206875
356,2023-12-21 00:00:00+05:30,10.476189613342285,10.571428298950195,10.0,10.0,17143,0.0,0.0,2023-12-21,10.915713548660278,0.3396856391085654,11.255399187768845,10.576027909551712,11.59508482687741,10.236342270443147,-185.74974999537923,-124.56064765621834,1847781,19943.833778551667,40257.86415772166,13.102876652373638,62.25852403541683,10.190476099650065,10.380952199300129,9.809523900349934,10.76190439860026,9.61904780069987,10.952380498250324,9.238095601399738,,-100.0,-0.406716499904082,-0.41316781971120065,0.006451319807118661,33.96699982786457,16.08243086203393,10.6419038772583,10.915713548660278,12.752105712890625,,JONJUA.BO,2025-07-29 12:17:26.206875
357,2023-12-20 00:00:00+05:30,10.666666030883789,11.038095474243164,10.476189613342285,10.476189613342285,64290,0.0,0.0,2023-12-20,10.996665906906127,0.30065030581625424,11.297316212722382,10.696015601089872,11.597966518538636,10.395365295273619,-94.60041401484081,-84.08456991597443,1864924,78355.33952885229,45336.371752514155,13.113348711413469,56.64615362442677,10.663491566975912,10.850793520609539,10.28888765970866,11.225397427876791,10.101585706075033,11.412699381510418,9.726981798807781,,-100.0,-0.3655829051688855,-0.4147806496629803,0.04919774449409481,38.39187678477627,16.463969572917623,10.889522933959961,10.996665906906127,12.829264659881591,,JONJUA.BO,2025-07-29 12:17:26.206875
358,2023-12-19 00:00:00+05:30,10.714284896850586,10.761903762817383,10.714284896850586,10.761903762817383,8571,0.0,0.0,2023-12-19,11.044284963607788,0.28907440757632985,11.333359371184118,10.755210556031459,11.622433778760449,10.466136148455128,-68.85540059030724,-75.2486345293961,1929214,10731.05497981235,37081.62980842962,13.147154600804498,66.35208732668266,10.746030807495117,10.777776718139648,10.730157852172852,10.793649673461914,10.69841194152832,10.825395584106445,10.682538986206055,,-89.56040963217724,-0.35427776617543216,-0.4270800857865039,0.07280231961107175,41.418891697535805,15.849762364220997,10.93714199066162,11.044284963607788,12.883824768066406,,JONJUA.BO,2025-07-29 12:17:26.206875
359,2023-12-18 00:00:00+05:30,11.19999885559082,11.19999885559082,10.771427154541016,10.771427154541016,25715,0.0,0.0,2023-12-18,11.082380247116088,0.29990312566201494,11.382283372778103,10.782477121454074,11.682186498440117,10.482573995792059,-18.696371850330518,-63.93554166501474,1937785,32224.15947266566,43669.27351558393,13.15123799219745,64.41177607281199,10.914284388224283,11.057141621907551,10.628569920857746,11.342856089274088,10.485712687174479,11.485713322957356,10.199998219807942,,-89.01098356948677,-0.3625744322430968,-0.4452806656892718,0.082706233446175,41.52372247723399,15.58958859003393,10.93714199066162,11.082380247116088,12.92024118423462,,JONJUA.BO,2025-07-29 12:17:26.206875
360,2023-12-15 00:00:00+05:30,12.314285278320312,12.314285278320312,10.857142448425293,11.19999885559082,47146,0.0,0.0,2023-12-15,11.131904077529907,0.32645657387412297,11.45836065140403,10.805447503655783,11.784817225278152,10.478990929781661,192.7992107995306,-40.441026139803476,1963500,61430.58497327417,46530.5520263135,13.163524283137876,62.529471280148464,11.457142194112143,12.057141939798992,10.599999109903973,12.914285024007162,9.999999364217123,13.514284769694012,9.142856280008953,,-64.28571035574045,-0.3686410367382198,-0.4659572240508156,0.09731618731259578,46.19181124973979,15.186102318950038,10.935237312316895,11.131904077529907,12.944522018432616,,JONJUA.BO,2025-07-29 12:17:26.206875
361,2023-12-14 00:00:00+05:30,10.80952262878418,11.2380952835083,10.761903762817383,11.2380952835083,47146,0.0,0.0,2023-12-14,11.190475511550904,0.42846563735869,11.618941148909594,10.762009874192215,12.047406786268285,10.333544236833523,90.31391704695666,-55.65074658575596,2010646,61639.53908858595,42805.54378957333,13.182287337549369,59.00988752369996,11.079364776611328,11.396825790405273,10.920634269714355,11.555556297302246,10.60317325592041,11.873017311096191,10.444442749023438,,-35.51398108279343,-0.4130304776461511,-0.4902862708789645,0.0772557932328134,46.64476366097619,14.574206616817907,10.92380886077881,11.190475511550904,12.948931999206543,,JONJUA.BO,2025-07-29 12:17:26.206875
362,2023-12-13 00:00:00+05:30,10.676189422607422,11.047618865966797,10.666666030883789,10.714284896850586,42860,0.0,0.0,2023-12-13,11.226189756393433,0.46116523933933734,11.68735499573277,10.765024517054096,12.148520235072107,10.303859277714759,-57.05684033055923,-65.63468631419632,1963500,53424.09545753051,38097.04496482017,13.20104488952604,50.94254401911588,10.809523264567057,10.952380498250324,10.571427663167317,11.190476099650065,10.428570429484049,11.333333333333332,10.190474828084309,,-86.91583274920897,-0.4673562967452085,-0.5096002191871678,0.04224392244195929,39.4810608718174,15.606931602551414,10.895237350463868,11.226189756393433,12.941764888763428,,JONJUA.BO,2025-07-29 12:17:26.206875
363,2023-12-12 00:00:00+05:30,10.761903762817383,10.86666488647461,10.761903762817383,10.761903762817383,34287,0.0,0.0,2023-12-12,11.262380218505859,0.4470638758524056,11.709444094358265,10.815316342653453,12.15650797021067,10.368252466801048,-79.20790132318578,-67.43746733494719,2006360,42927.97597629519,34265.28234164258,13.223049016344685,47.21511982585901,10.796824137369791,10.8317445119222,10.726983388264973,10.901585261027018,10.692063013712565,10.936505635579426,10.622222264607746,,-86.33089741779506,-0.4782412649853569,-0.5201611997976575,0.04191993481230061,39.960097841767116,16.520606619050827,10.895237350463868,11.262380218505859,12.93474308013916,,JONJUA.BO,2025-07-29 12:17:26.206875
364,2023-12-11 00:00:00+05:30,10.628569602966309,10.761903762817383,10.628569602966309,10.761903762817383,17143,0.0,0.0,2023-12-11,11.318570709228515,0.45145241873480313,11.770023127963318,10.867118290493712,12.221475546698121,10.41566587175891,-140.26391040729362,-71.67532315963392,2040647,21463.36197863996,32099.60893297943,13.240594686665125,37.144766013361554,10.717459042867025,10.806348482767742,10.673014322916668,10.8507932027181,10.584124883015951,10.939682642618816,10.539680163065594,,-86.33089741779506,-0.4896209798352267,-0.5306411835007326,0.04102020366550596,39.960097841767116,17.14141687354458,10.885713577270508,11.318570709228515,12.916922225952149,,JONJUA.BO,2025-07-29 12:17:26.206875
365,2023-12-07 00:00:00+05:30,11.14285659790039,11.14285659790039,11.14285659790039,11.14285659790039,17143,0.0,0.0,2023-12-07,11.37809453010559,0.45267340920825766,11.830767939313848,10.925421120897333,12.283441348522105,10.472747711689076,39.76090768147144,-61.086628232715064,2057790,22223.127980676316,34758.670671564294,13.249461411085463,37.46997619715537,11.14285659790039,11.14285659790039,11.14285659790039,11.14285659790039,11.14285659790039,11.14285659790039,11.14285659790039,,-57.553907598500416,-0.4967719635470278,-0.5408962344171091,0.044124270870081306,43.41179069893421,17.600755030387884,10.954284858703613,11.37809453010559,12.908302345275878,,JONJUA.BO,2025-07-29 12:17:26.206875
366,2023-12-06 00:00:00+05:30,10.80952262878418,11.095237731933594,10.80952262878418,11.095237731933594,17143,0.0,0.0,2023-12-06,11.40190405845642,0.45217221377822414,11.854076272234645,10.949731844678196,12.30624848601287,10.497559630899971,-31.802962192198468,-67.69869627409996,2040647,22128.157705919824,37892.556344286284,13.257024169740673,33.64207849284733,10.999999364217123,11.190476099650066,10.904760996500652,11.285714467366537,10.714284261067709,11.47619120279948,10.619045893351238,,-61.151013315890026,-0.5359186239733873,-0.5519273021346294,0.016008678161242074,42.808202034313425,18.931838959728307,10.868570518493652,11.40190405845642,12.900618686676026,,JONJUA.BO,2025-07-29 12:17:26.206875
367,2023-12-05 00:00:00+05:30,10.714284896850586,10.714284896850586,10.714284896850586,10.714284896850586,8571,0.0,0.0,2023-12-05,11.458570718765259,0.48176463972137773,11.940335358486637,10.97680607904388,12.422099998208015,10.495041439322502,-137.6108953828412,-79.30840464096552,2023504,10683.57261237737,41833.65600387789,13.264812993722527,37.87772798454924,10.714284896850586,10.714284896850586,10.714284896850586,10.714284896850586,10.714284896850586,10.714284896850586,10.714284896850586,,-92.92925359426617,-0.5732284959926286,-0.5559294716749398,-0.017299024317688816,38.152720205546025,20.32487888642189,10.847618103027344,11.458570718765259,12.90486400604248,,JONJUA.BO,2025-07-29 12:17:26.206875
368,2023-12-04 00:00:00+05:30,11.10476016998291,11.600000381469727,10.666666030883789,10.714284896850586,68576,0.0,0.0,2023-12-04,11.505237436294555,0.450033244656313,11.955270680950868,11.055204191638243,12.405303925607182,10.605170946981929,-74.13231988776403,-74.26678707392128,2032075,85478.55273204882,49621.17685175302,13.26941573873029,40.11558488370418,10.993650436401367,11.320634841918945,10.387300491333008,11.926984786987305,10.06031608581543,12.253969192504883,9.45396614074707,,-92.92925359426617,-0.5747930757137425,-0.5516047155955175,-0.023188360118225004,38.152720205546025,21.119665177846638,10.933332443237305,11.505237436294555,12.91963394165039,,JONJUA.BO,2025-07-29 12:17:26.206875
369,2023-12-01 00:00:00+05:30,10.619047164916992,11.10476016998291,10.580950736999512,11.10476016998291,30001,0.0,0.0,2023-12-01,11.524285078048706,0.4219819208784591,11.946266998927165,11.102303157170248,12.368248919805625,10.680321236291787,-110.19567410469368,-78.28713113809857,2100651,38758.47985134219,40656.83288167907,13.306848938409397,25.620210790961252,10.930157025655111,11.27936331431071,10.755553881327312,11.45396645863851,10.406347592671713,11.80317274729411,10.231744448343914,,-72.22224469938037,-0.5680872258761749,-0.5458076255659612,-0.0222796003102137,41.11438812403697,21.975588876304062,11.05333251953125,11.524285078048706,12.94376630783081,,JONJUA.BO,2025-07-29 12:17:26.206875
370,2023-11-30 00:00:00+05:30,11.533331871032715,11.533331871032715,10.590475082397461,10.714284896850586,60004,0.0,0.0,2023-11-30,11.552856540679931,0.41129150254748914,11.96414804322742,11.141565038132443,12.37543954577491,10.730273535584953,-128.82060895086602,-79.36314857982842,2070650,74793.73364054272,41131.421139263286,13.321053723633545,24.527789752766694,10.946030616760254,11.301586151123047,10.358729362487793,11.888887405395508,10.003173828125,12.2444429397583,9.415872573852539,,-93.4010020693031,-0.5893502219096511,-0.5402377254884076,-0.04911249642124349,36.54007687795876,21.936790281429293,11.118094635009765,11.552856540679931,12.964770336151123,,JONJUA.BO,2025-07-29 12:17:26.206875
371,2023-11-29 00:00:00+05:30,11.428570747375488,11.428570747375488,10.971426963806152,10.99047565460205,17143,0.0,0.0,2023-11-29,11.631428003311157,0.3923251658497584,12.023753169160916,11.239102837461399,12.416078335010674,10.84677767161164,-90.51917002237668,-74.18588505412554,2130654,21919.221960260216,32715.843013943428,13.355124842982734,25.43176606643661,11.130157788594564,11.288888613382976,10.83174482981364,11.5873015721639,10.673014005025228,11.746032396952312,10.374601046244305,,-94.51219214349214,-0.5691878532363006,-0.5279596013830967,-0.04122825185320389,38.53574839121131,21.907121298227445,11.228570938110352,11.631428003311157,12.991485385894775,,JONJUA.BO,2025-07-29 12:17:26.206875
372,2023-11-28 00:00:00+05:30,11.085714340209961,11.14285659790039,11.076189994812012,11.14285659790039,21429,0.0,0.0,2023-11-28,11.728094625473023,0.4586593368339986,12.186753962307021,11.269435288639025,12.64541329914102,10.810775951805025,-102.18976629460158,-74.12319872726306,2147797,27779.23406042774,35414.998277364226,13.363987868028623,14.025267724841541,11.120634396870932,11.165078798929851,11.098412195841473,11.18730099995931,11.053967793782553,11.23174540201823,11.031745592753094,,-87.6847271200796,-0.5619504580734276,-0.5176525384197956,-0.044297919653631945,39.611951862027404,22.362804247061597,11.35428524017334,11.728094625473023,13.001377220153808,,JONJUA.BO,2025-07-29 12:17:26.206875
373,2023-11-24 00:00:00+05:30,10.90476131439209,11.314285278320312,10.90476131439209,11.314285278320312,38573,0.0,0.0,2023-11-24,11.85095181465149,0.6007297838022507,12.45168159845374,11.250222030849239,13.052411382255992,10.649492247046988,-114.43296609971233,-71.20391613958074,2169226,50772.94595814733,37323.93933159835,13.3744433513056,19.865912713001265,11.177777290344238,11.450793266296387,11.041269302368164,11.587301254272461,10.768253326416016,11.86031723022461,10.631745338439941,,-78.81772670029848,-0.5591772123477163,-0.5065780585063876,-0.05259915384132874,40.811410209918684,22.31590969871336,11.411428070068359,11.85095181465149,12.9927250289917,,JONJUA.BO,2025-07-29 12:17:26.206875
374,2023-11-23 00:00:00+05:30,11.428570747375488,11.428570747375488,11.428570747375488,11.428570747375488,8571,0.0,0.0,2023-11-23,12.00095181465149,0.8008761640198491,12.801827978671339,11.200075650631641,13.602704142691188,10.399199486611792,-73.37393208219613,-61.491179562581294,2207799,11395.810976723986,33961.6876749611,13.39204881705124,32.58589172239104,11.428570747375488,11.428570747375488,11.428570747375488,11.428570747375488,11.428570747375488,11.428570747375488,11.428570747375488,,-61.410784416378725,-0.5640373630531546,-0.4934282700460554,-0.07060909300709917,41.56767475500677,22.265407877415257,11.453332901000977,12.00095181465149,12.985809764862061,,JONJUA.BO,2025-07-29 12:17:26.206875
375,2023-11-22 00:00:00+05:30,11.428570747375488,11.428570747375488,11.25714111328125,11.266666412353516,21429,0.0,0.0,2023-11-22,12.182856512069701,1.0411491367979202,13.224005648867621,11.141707375271782,14.265154785665542,10.10055823847386,-128.9268295710735,-63.57247836782939,2199228,28087.89295632698,39603.156849520376,13.395784298288609,28.558535768022864,11.317459424336752,11.377777735392254,11.206348101298016,11.48888905843099,11.146029790242514,11.549207369486492,11.034918467203777,,-68.46470649827235,-0.5729691951806561,-0.47577599679428056,-0.09719319838637558,40.067658383243376,22.83487412841184,11.519999504089355,12.182856512069701,12.979514331817628,,JONJUA.BO,2025-07-29 12:17:26.206875
376,2023-11-21 00:00:00+05:30,11.90476131439209,11.90476131439209,11.619047164916992,11.619047164916992,12857,0.0,0.0,2023-11-21,12.41238031387329,1.301885036306992,13.714265350180282,11.110495277566299,15.016150386487276,9.808610241259306,-22.328454217915837,-50.64546118102947,2220657,17379.287964815096,42481.97282281872,13.405959927864215,23.746307837546453,11.714285214742025,11.809523264567058,11.52380911509196,11.999999364217123,11.428571065266928,12.095237414042156,11.238094965616863,,-53.11202078170731,-0.5597781715738446,-0.45147769719768666,-0.10830047437615792,42.271893464015356,23.44814547563893,11.7409517288208,12.41238031387329,12.976618404388427,,JONJUA.BO,2025-07-29 12:17:26.206875
377,2023-11-20 00:00:00+05:30,10.971426963806152,11.84761905670166,10.971426963806152,11.428570747375488,42860,0.0,0.0,2023-11-20,12.665713596343995,1.5985458267064108,14.264259423050406,11.067167769637583,15.862805249756816,9.468621942931174,-122.22217664882099,-59.40492125744772,2207800,56985.702772417455,48757.64403731963,13.411098586722403,22.0827719020253,11.4158722559611,11.860317548116047,10.98412545522054,12.292064348856607,10.539680163065592,12.736509641011555,10.107933362325031,,-61.410784416378725,-0.5691123416543444,-0.42440257860364716,-0.14470976305069727,40.6253785275509,24.546863039527878,11.807618331909179,12.665713596343995,12.955536842346191,,JONJUA.BO,2025-07-29 12:17:26.206875
378,2023-11-17 00:00:00+05:30,11.19999885559082,11.571428298950195,11.19999885559082,11.523809432983398,12857,0.0,0.0,2023-11-17,12.972380304336548,1.9072286862261887,14.879608990562737,11.06515161811036,16.786837676788927,9.15792293188417,-106.9684198474561,-59.1250111507944,2250660,17236.83532262362,46700.62935354517,13.43028799978187,23.12391325873304,11.431745529174805,11.663492202758789,11.292062759399414,11.80317497253418,11.06031608581543,12.034921646118164,10.920633316040039,,-58.799956260671976,-0.5536809525047719,-0.3882251378409728,-0.1654558146637991,41.19967194095905,25.646889681659832,11.809523010253907,12.972380304336548,12.919055767059326,,JONJUA.BO,2025-07-29 12:17:26.206875
379,2023-11-16 00:00:00+05:30,11.771427154541016,11.771427154541016,11.761903762817383,11.761903762817383,8571,0.0,0.0,2023-11-16,13.320475435256958,2.2359263822508226,15.55640181750778,11.084549053006135,17.792328199758604,8.848622670755312,-3.8941822164703956,-49.52506969936202,2263517,11728.188499709488,54066.57786127555,13.435839682433215,23.211842509262254,11.76507822672526,11.768252690633137,11.758729298909504,11.774601618448893,11.755554835001627,11.77777608235677,11.749205907185871,,-60.12463002800058,-0.5349145603957997,-0.346861184175023,-0.18805337622077667,42.53983860546748,26.436831756734968,11.881903839111327,13.320475435256958,12.88244556427002,,JONJUA.BO,2025-07-29 12:17:26.206875
380,2023-11-15 00:00:00+05:30,12.466666221618652,12.466666221618652,11.609522819519043,12.371427536010742,38573,0.0,0.0,2023-11-15,13.705237340927123,2.587995198670408,16.293232539597533,11.117242142256716,18.88122773826794,8.529246943586308,90.42465754177073,-37.89796550210163,2272088,55516.88032072143,64651.17520166706,13.439095554148883,23.32705473649702,12.149205525716146,12.68888823191325,11.83174482981364,13.006348927815756,11.292062123616537,13.54603163401286,10.974601427714031,,-51.51516071035723,-0.5262318096430292,-0.2998478401198288,-0.2263839695232004,46.07724950682824,27.915059869173444,11.919999122619629,13.705237340927123,12.824769992828369,,JONJUA.BO,2025-07-29 12:17:26.206875
381,2023-11-13 00:00:00+05:30,11.952380180358887,11.952380180358887,11.952380180358887,11.952380180358887,8571,0.0,0.0,2023-11-13,14.013332605361938,2.780473903037151,16.79380650839909,11.232858702324787,19.57428041143624,8.452384799287636,36.65541886655169,-43.64385200435248,2233515,11918.118920390045,66934.74892190346,13.448523887589506,18.371329230965003,11.952380180358887,11.952380180358887,11.952380180358887,11.952380180358887,11.952380180358887,11.952380180358887,11.952380180358887,,-68.8420946559723,-0.5671709047567361,-0.24325184773902864,-0.3239190570177075,43.04948495500181,29.50699783641488,11.76952304840088,14.013332605361938,12.759746589660644,,JONJUA.BO,2025-07-29 12:17:26.206875
382,2023-11-10 00:00:00+05:30,11.304759979248047,12.219046592712402,11.304759979248047,11.438094139099121,25715,0.0,0.0,2023-11-10,14.298570728302002,2.8496747581052078,17.14824548640721,11.448895970196794,19.997920244512418,8.599221212091585,-41.97954301106699,-52.052530506470454,2224944,34218.58258088905,80688.90642228181,13.451465416386641,16.940191525210977,11.653966903686523,12.003173828125,11.088887214660645,12.568253517150879,10.739680290222168,12.917460441589355,10.174600601196289,,-83.1541267521745,-0.5697220384024071,-0.16227208348460173,-0.40744995491780533,39.20012094824632,30.542258003572645,11.824761199951173,14.298570728302002,12.703588390350342,,JONJUA.BO,2025-07-29 12:17:26.206875
383,2023-11-09 00:00:00+05:30,11.580950736999512,12.0,11.36190414428711,11.885713577270508,42860,0.0,0.0,2023-11-09,14.567618322372436,2.8192478983661577,17.386866220738593,11.748370424006279,20.20611411910475,8.929122525640121,-42.0903159637395,-48.209487616608946,2250659,59265.130883314145,92306.48738263,13.46341211880279,16.811957878737587,11.749205907185873,12.136507670084637,11.498411814371746,12.387301762898764,11.111110051472982,12.774603525797527,10.860315958658855,,-78.13952939583795,-0.5137067275913214,-0.060409594755150384,-0.453297132836171,41.498274363664905,31.657153568204084,11.866666221618653,14.567618322372436,12.641089572906495,,JONJUA.BO,2025-07-29 12:17:26.206875
384,2023-11-08 00:00:00+05:30,12.19999885559082,12.19999885559082,11.571428298950195,11.952380180358887,42860,0.0,0.0,2023-11-08,14.774785375595092,2.763482117216166,17.538267492811258,12.011303258378927,20.301749610027425,9.24782114116276,-38.279661451286756,-42.42770770833648,2293519,59597.5471856163,100566.82650745896,13.479171179481574,17.249811619987128,11.907935778299967,12.244443257649738,11.615872701009113,12.536506334940592,11.279365221659342,12.873013814290363,10.987302144368488,,-83.4080722019456,-0.47829045269717163,0.05291468845389238,-0.531205141151064,41.85269243248417,32.57944264875327,11.70857105255127,14.774785375595092,12.569638366699218,,JONJUA.BO,2025-07-29 12:17:26.206875
385,2023-11-07 00:00:00+05:30,12.838094711303711,12.838094711303711,11.619047164916992,11.619047164916992,171443,0.0,0.0,2023-11-07,14.940685176849366,2.6835661577235888,17.624251334572953,12.257119019125778,20.307817492296543,9.573552861402188,-40.23889755358002,-37.90624904078313,2250659,231745.9179086719,110809.14633791962,13.494575612427878,14.837059486669347,12.025396347045898,12.431745529174805,11.212697982788086,13.244443893432617,10.80634880065918,13.650793075561523,9.993650436401367,,-89.11367669683861,-0.43226571389143764,0.18571597374165838,-0.617981687633096,39.59432406525606,33.748705162585175,11.653332901000976,14.940685176849366,12.49733808517456,,JONJUA.BO,2025-07-29 12:17:26.206875
386,2023-11-06 00:00:00+05:30,12.228570938110352,12.228570938110352,12.228570938110352,12.228570938110352,30001,0.0,0.0,2023-11-06,15.086932039260864,2.570330192315166,17.65726223157603,12.516601846945697,20.227592423891195,9.946271654630532,-40.78520394500065,-30.805883177415662,2422102,42680.869560480394,80574.95344523154,13.573452233183408,30.80880662968623,12.228570938110352,12.228570938110352,12.228570938110352,12.228570938110352,12.228570938110352,12.228570938110352,12.228570938110352,,-82.94797453656808,-0.33396236929525003,0.34021139564993236,-0.6741737649451824,42.42240385187482,35.04634883018208,11.786666297912598,15.086932039260864,12.433641529083252,,JONJUA.BO,2025-07-29 12:17:26.206875
387,2023-11-03 00:00:00+05:30,10.542856216430664,11.647619247436523,10.542856216430664,11.647619247436523,81434,0.0,0.0,2023-11-03,15.168400859832763,2.4998187351284127,17.668219594961176,12.66858212470435,20.168038330089587,10.168763389575938,-91.22115531621974,-56.945731888418834,2392101,110348.07308052515,90048.47441641931,13.583423090912948,40.21788466683208,11.279364903767904,12.015873591105144,10.911110560099285,12.384127934773764,10.174601872762045,13.120636622111004,9.806347529093426,,-88.82465277576799,-0.26307311987227777,0.5087548368862279,-0.7718279567585057,38.54701598064819,36.443811241440294,11.925713729858398,15.168400859832763,12.366794033050537,,JONJUA.BO,2025-07-29 12:17:26.206875
388,2023-11-02 00:00:00+05:30,11.10476016998291,11.10476016998291,11.095237731933594,11.095237731933594,60004,0.0,0.0,2023-11-02,15.246229648590088,2.4069399164126617,17.65316956500275,12.839289732177427,20.06010948141541,10.432349815764765,-111.87501367957749,-59.89874536419221,2310667,77453.06976526938,84973.57475039286,13.623179661793012,49.44737929460894,11.098411877950033,11.101586023966473,11.092063585917156,11.10793431599935,11.088889439900717,11.111108462015789,11.08254114786784,,-100.0,-0.11111250342541368,0.7017118260758544,-0.812824329501268,34.67543653724789,37.33790314280524,12.316189956665038,15.246229648590088,12.319313774108887,,JONJUA.BO,2025-07-29 12:17:26.206875
389,2023-11-01 00:00:00+05:30,11.676189422607422,12.0,11.676189422607422,11.676189422607422,141440,0.0,0.0,2023-11-01,15.32060399055481,2.2921689339474667,17.612772924502277,13.028435056607343,19.904941858449742,10.736266122659877,-106.80501488696478,-38.404341956791036,2370671,192130.00778304585,86853.70099667372,13.662022545648512,59.44725113389038,11.784126281738281,11.89206314086914,11.568252563476562,12.10793685913086,11.460315704345703,12.215873718261719,11.244441986083984,,-100.0,0.13952786693753616,0.9049179084511713,-0.7653900415136351,36.955264828685756,38.669824850385325,12.959999465942383,15.32060399055481,12.274971523284911,,JONJUA.BO,2025-07-29 12:17:26.206875
390,2023-10-31 00:00:00+05:30,12.285714149475098,12.285714149475098,12.285714149475098,12.285714149475098,8571,0.0,0.0,2023-10-31,15.336067962646485,2.2671953006098224,17.60326326325631,13.068872662036663,19.87045856386613,10.80167736142684,-109.69043366737826,-21.420306253248693,2512111,12250.497394316175,60534.62430008068,13.736650374465297,82.51674421158918,12.285714149475098,12.285714149475098,12.285714149475098,12.285714149475098,12.285714149475098,12.285714149475098,12.285714149475098,,-100.0,0.40109449480650206,1.09626541882958,-0.6951709240230779,39.49094756666812,40.5131040114084,13.638094520568847,15.336067962646485,12.219010238647462,,JONJUA.BO,2025-07-29 12:17:26.206875
391,2023-10-30 00:00:00+05:30,12.923808097839355,12.923808097839355,12.923808097839355,12.923808097839355,8571,0.0,0.0,2023-10-30,15.292807149887086,2.335683340867671,17.628490490754757,12.957123809019414,19.96417383162243,10.621440468151743,-114.49069710488662,-1.2323880067026618,2520682,12886.76225907369,72605.6560265218,13.739962110910716,89.85201472657673,12.923808097839355,12.923808097839355,12.923808097839355,12.923808097839355,12.923808097839355,12.923808097839355,12.923808097839355,,-100.0,0.6698729014047053,1.2700581498353494,-0.600185248430644,42.31992121033509,42.952436057955204,14.352380180358887,15.292807149887086,12.146822929382324,,JONJUA.BO,2025-07-29 12:17:26.206875
392,2023-10-27 00:00:00+05:30,13.600000381469727,13.600000381469727,13.600000381469727,13.600000381469727,8571,0.0,0.0,2023-10-27,15.190603733062744,2.4847642396503793,17.675367972713122,12.705839493412364,20.160132212363504,10.221075253761985,-125.98706133442697,19.150237195317253,2529253,13561.016250977327,87535.37946838384,13.741829229774448,90.61835455399199,13.600000381469727,13.600000381469727,13.600000381469727,13.600000381469727,13.600000381469727,13.600000381469727,13.600000381469727,,-100.0,0.9409985346134242,1.4201044619430103,-0.4791059273295861,45.53842167672548,46.0856407992835,15.104761123657227,15.190603733062744,12.052349929809571,,JONJUA.BO,2025-07-29 12:17:26.206875
393,2023-10-26 00:00:00+05:30,14.314285278320312,14.314285278320312,14.314285278320312,14.314285278320312,4285,0.0,0.0,2023-10-26,15.028763437271119,2.6906957502959186,17.719459187567036,12.3380676869752,20.410154937862956,9.647371936679281,-130.51301023904205,40.46641441719753,2537824,7135.794184095497,106028.97027273545,13.74215443618508,91.54214693070317,14.314285278320312,14.314285278320312,14.314285278320312,14.314285278320312,14.314285278320312,14.314285278320312,14.314285278320312,,-93.05487721775337,1.2072692562486669,1.5398809437754069,-0.33261168752674,49.16348988364185,49.226610574729044,15.897142028808593,15.028763437271119,11.953876895904541,,JONJUA.BO,2025-07-29 12:17:26.206875
394,2023-10-23 00:00:00+05:30,15.066664695739746,15.066664695739746,15.066664695739746,15.066664695739746,4285,0.0,0.0,2023-10-23,14.806592226028442,2.92595738548388,17.732549611512322,11.880634840544563,20.658506996996202,8.954677455060683,-110.44078302405636,63.04321697223651,2542109,7510.861787309058,130752.26429489542,13.74149782640347,92.120834403752,15.066664695739746,15.066664695739746,15.066664695739746,15.066664695739746,15.066664695739746,15.066664695739746,15.066664695739746,,-74.21964889084377,1.4595382697698902,1.623033865657092,-0.16349559588720175,53.32745723370922,51.95297357063108,16.73142738342285,14.806592226028442,11.848059291839599,,JONJUA.BO,2025-07-29 12:17:26.206875
395,2023-10-20 00:00:00+05:30,15.857142448425293,15.857142448425293,15.857142448425293,15.857142448425293,8571,0.0,0.0,2023-10-20,14.569804477691651,3.0907845468092936,17.660589024500943,11.479019930882357,20.75137357131024,8.388235384073063,-69.1039239711637,87.9288134057821,2546394,15811.688265108633,161562.614921792,13.739975242392834,93.04502909576804,15.857142448425293,15.857142448425293,15.857142448425293,15.857142448425293,15.857142448425293,15.857142448425293,15.857142448425293,,-54.14394851147631,1.6863068630963607,1.6639077646288922,0.02239909846746846,58.14418430214248,54.13544695753984,17.609522819519043,14.569804477691651,11.718638782501221,,JONJUA.BO,2025-07-29 12:17:26.206875
396,2023-10-18 00:00:00+05:30,16.685712814331055,16.685712814331055,16.685712814331055,16.685712814331055,21429,0.0,0.0,2023-10-18,14.31488103866577,3.187754472683864,17.502635511349634,11.127126565981907,20.690389984033498,7.939372093298043,-17.74358717445241,116.32774642074143,2554965,41597.620651576864,198000.3465859628,13.735098320783782,93.48715888603718,16.685712814331055,16.685712814331055,16.685712814331055,16.685712814331055,16.685712814331055,16.685712814331055,16.685712814331055,,-44.33037189230829,1.8732391946196074,1.658307990012025,0.21493120460758242,63.76287848193755,55.61405835655438,18.14476089477539,14.31488103866577,11.57340871810913,,JONJUA.BO,2025-07-29 12:17:26.206875
397,2023-10-17 00:00:00+05:30,17.571428298950195,19.038095474243164,17.561904907226562,17.561904907226562,17143,0.0,0.0,2023-10-17,14.045970582962036,3.2040353788336993,17.250005961795736,10.841935204128337,20.454041340629434,7.637899825294638,49.739535587251,164.15861153258516,2576394,35025.17123044574,237101.02806955928,13.718006752673672,94.42236656814595,18.05396842956543,18.546031951904297,17.069841384887695,19.53015899658203,16.577777862548828,20.0222225189209,15.593650817871094,,-31.823304907550035,2.0025851861454793,1.6045751888601294,0.3980099972853499,70.46687910873118,56.18933582701392,18.33904685974121,14.045970582962036,,,JONJUA.BO,2025-07-29 12:17:26.206875
398,2023-10-16 00:00:00+05:30,20.428571701049805,20.428571701049805,18.4857120513916,18.4857120513916,90007,0.0,0.0,2023-10-16,13.740514421463013,3.1418045155424412,16.882318937005454,10.598709905920572,20.024123452547897,7.456905390378131,101.66266810249498,213.12420577455455,2593537,193568.32462567886,287619.99227933766,13.700111269792203,95.25604870789257,19.133331934611004,19.780951817830406,17.838092168172203,21.076191584269207,17.1904722849528,21.72381146748861,15.895232518514,,-20.346568689529153,2.051553405751081,1.5050726895387918,0.5464807162122891,78.4767930686179,55.59551914073496,18.190475082397462,13.740514421463013,,,JONJUA.BO,2025-07-29 12:17:26.206875
399,2023-10-13 00:00:00+05:30,19.333332061767578,19.457141876220703,19.333332061767578,19.457141876220703,55718,0.0,0.0,2023-10-13,13.412273979187011,2.9574795931465725,16.369753572333583,10.454794386040438,19.327233165480155,7.497314792893866,138.00847417608392,249.20142728557065,2683544,126123.60782014701,311132.9091927523,13.580204144598197,100.0,19.41587193806966,19.498411814371742,19.374601999918617,19.539681752522785,19.292062123616535,19.622221628824867,19.250792185465492,,-0.0,1.9921824165669797,1.3684525104857195,0.6237299060812602,88.3038042710439,53.48866047312056,17.699143600463866,13.412273979187011,,,JONJUA.BO,2025-07-29 12:17:26.206875
400,2023-10-12 00:00:00+05:30,18.095237731933594,18.53333282470703,18.095237731933594,18.53333282470703,85721,0.0,0.0,2023-10-12,13.047164964675904,2.6012278481883495,15.648392812864254,10.445937116487555,18.249620661052603,7.844709268299205,138.94176648421072,248.49544215500217,2627826,184825.79140128224,357385.23453590367,13.487613354914222,99.87442021948836,18.387301127115887,18.67936452229818,18.241269429524742,18.825396219889324,17.94920603434245,19.117459615071617,17.803174336751304,,-0.0,1.7903138580213351,1.2125200339654043,0.5777938240559308,86.85401550904447,51.38754254736656,16.861790466308594,13.047164964675904,,,JONJUA.BO,2025-07-29 12:17:26.206875
401,2023-10-11 00:00:00+05:30,17.019046783447266,17.657142639160156,17.019046783447266,17.657142639160156,145726,0.0,0.0,2023-10-11,12.723000192642212,2.2636243606996835,14.986624553341896,10.459375831942529,17.250248914041578,8.195751471242845,134.96404008071383,244.56279460236482,2542105,299350.019205872,400525.095319559,13.3622738723186,99.59207751521298,17.44444402058919,17.869841257731117,17.231745402018227,18.082539876302082,16.8063481648763,18.507937113444008,16.593649546305336,,-0.0,1.5957161577139214,1.0680715779514216,0.5276445797624998,85.22764286118111,49.31332369580705,16.063920783996583,12.723000192642212,,,JONJUA.BO,2025-07-29 12:17:26.206875
402,2023-10-10 00:00:00+05:30,15.571428298950195,16.819046020507812,15.571428298950195,16.819046020507812,98579,0.0,0.0,2023-10-10,12.41439642906189,1.9552614580810936,14.369657887142983,10.459134970980797,16.324919345224078,8.503873512899702,123.71537926586139,228.87879196024306,2396379,192889.05612702115,425818.8643479807,13.172907440819126,98.17321054210808,16.403173446655273,17.23491859436035,15.987300872802734,17.65079116821289,15.155555725097656,18.48253631591797,14.739683151245117,,-0.0,1.4086860724467094,0.9361604330107967,0.47252563943591275,83.40822842300197,47.29049936434309,15.30408172607422,12.41439642906189,,,JONJUA.BO,2025-07-29 12:17:26.206875
403,2023-10-09 00:00:00+05:30,15.738495826721191,16.029054641723633,14.58434009552002,16.029054641723633,467274,0.0,0.0,2023-10-09,12.108956480026245,1.690145055871754,13.799101535898,10.418811424154491,15.489246591769753,8.728666368282738,115.55401244180564,213.12719786365648,2297800,871367.4782374839,484051.3164032206,13.060812975970945,97.73525180623955,15.547483126322428,16.510626157124836,15.065911610921223,16.99219767252604,14.102768580118815,17.95534070332845,13.62119706471761,,-0.0,1.2304269776544992,0.8180290231518184,0.4123979545026808,81.40855999662945,45.349938902259964,14.581111526489257,12.108956480026245,,,JONJUA.BO,2025-07-29 12:17:26.206875
404,2023-10-06 00:00:00+05:30,15.270376205444336,15.270376205444336,14.543984413146973,15.270376205444336,758787,0.0,0.0,2023-10-06,11.855929851531982,1.4313811408154204,13.287310992347402,10.424548710716563,14.718692133162824,8.993167569901141,122.96845284786758,209.9279603231193,1830526,1348004.8011961598,387222.2759446547,12.554475034261916,94.75154130860281,15.028245608011881,15.51250680287679,14.786115010579426,15.754637400309244,14.301853815714518,16.238898595174152,14.059723218282063,,-0.0,1.0613606666620914,0.7149295345261482,0.34643113213594323,79.16544652246472,43.523980604755415,13.891845512390137,11.855929851531982,,,JONJUA.BO,2025-07-29 12:17:26.206875
405,2023-10-05 00:00:00+05:30,14.543984413146973,14.543984413146973,14.543984413146973,14.543984413146973,85736,0.0,0.0,2023-10-05,11.648100996017456,1.1911216502344275,12.839222646251883,10.45697934578303,14.030344296486312,9.2658576955486,135.53085311822085,205.92294930575713,1071739,145066.9362046541,147026.64463177836,11.51391086997745,84.37182141161924,14.543984413146973,14.543984413146973,14.543984413146973,14.543984413146973,14.543984413146973,14.543984413146973,14.543984413146973,,-0.0,0.9035416649998904,0.6283217514921623,0.2752199135077281,76.65301908555763,41.85540550341802,13.234864044189454,11.648100996017456,,,JONJUA.BO,2025-07-29 12:17:26.206875
406,2023-10-04 00:00:00+05:30,13.85794734954834,13.85794734954834,13.85794734954834,13.85794734954834,141466,0.0,0.0,2023-10-04,11.476995277404786,0.9803833793919667,12.457378656796752,10.49661189801282,13.437762036188719,9.516228518620853,145.53427388244233,188.1007679146995,986003,228072.43621602637,147516.57173855943,11.376800097721942,84.21047025804442,13.85794734954834,13.85794734954834,13.85794734954834,13.85794734954834,13.85794734954834,13.85794734954834,13.85794734954834,,-0.0,0.7593340793101468,0.5595167731152302,0.19981730619491667,73.88947439752283,40.39378163772031,12.61016674041748,11.476995277404786,,,JONJUA.BO,2025-07-29 12:17:26.206875
407,2023-10-03 00:00:00+05:30,13.204195022583008,13.204195022583008,13.204195022583008,13.204195022583008,120031,0.0,0.0,2023-10-03,11.312346363067627,0.8234252462666428,12.13577160933427,10.488921116800984,12.959196855600913,9.665495870534341,161.22686074260204,,844537,184385.67401031897,127377.60561919269,11.17660196480737,83.4605613612236,13.204195022583008,13.204195022583008,13.204195022583008,13.204195022583008,13.204195022583008,13.204195022583008,13.204195022583008,,-0.0,0.6307638648146572,0.5095624465665011,0.12120141824815611,70.87368594475305,39.19148514887452,12.014525222778321,11.312346363067627,,,JONJUA.BO,2025-07-29 12:17:26.206875
408,2023-09-29 00:00:00+05:30,12.582724571228027,12.582724571228027,11.985468864440918,12.582724571228027,282936,0.0,0.0,2023-09-29,11.132362461090088,0.7804269859970747,11.912789447087162,10.351935475093013,12.693216433084237,9.571508489095939,133.55795402253997,,724506,414175.80060225143,113125.5885214111,11.027587304021594,83.07825523781585,12.383639335632324,12.78180980682373,12.184554100036621,12.980895042419434,11.786383628845215,13.37906551361084,11.587298393249512,,-0.591745143019351,0.520982700202401,0.479262092004462,0.04172060819793899,67.55448469496378,38.3116090319383,11.44632511138916,11.132362461090088,,,JONJUA.BO,2025-07-29 12:17:26.206875
409,2023-09-28 00:00:00+05:30,11.985468864440918,11.985468864440918,11.985468864440918,11.985468864440918,42867,0.0,0.0,2023-09-28,10.98789119720459,0.7650996824268017,11.752990879631392,10.222791514777787,12.518090562058193,9.457691832350987,101.78882091209717,,441570,59772.29617656631,37863.03550120101,10.70172721376344,68.73839722816163,11.985468864440918,11.985468864440918,11.985468864440918,11.985468864440918,11.985468864440918,11.985468864440918,11.985468864440918,,-22.485231716448954,0.433741288442846,0.4688319399549772,-0.0350906515121312,63.85281734338698,37.82513499364927,10.903952407836915,10.98789119720459,,,JONJUA.BO,2025-07-29 12:17:26.206875
410,2023-09-27 00:00:00+05:30,11.42049789428711,11.42049789428711,11.42049789428711,11.42049789428711,8571,0.0,0.0,2023-09-27,10.832524013519286,0.8613131077330569,11.693837121252344,9.97121090578623,12.5551502289854,9.109897798053172,38.28526010927164,,398703,11387.761264308352,32385.720332359688,10.659636534845978,61.4951634082577,11.42049789428711,11.42049789428711,11.42049789428711,11.42049789428711,11.42049789428711,11.42049789428711,11.42049789428711,,-43.195262962494255,0.37429464468513096,0.47760460283301,-0.10330995814787902,59.886521246859765,37.818733414627225,10.573040580749511,10.832524013519286,,,JONJUA.BO,2025-07-29 12:17:26.206875
411,2023-09-26 00:00:00+05:30,10.879739761352539,10.879739761352539,10.879739761352539,10.879739761352539,17145,0.0,0.0,2023-09-26,10.717511987686157,0.9295424326463329,11.64705442033249,9.787969555039824,12.576596852978822,8.858427122393492,-23.960031825276296,,390132,21700.903591085105,37635.21009937252,10.65461566811502,56.39393477916698,10.879739761352539,10.879739761352539,10.879739761352539,10.879739761352539,10.879739761352539,10.879739761352539,10.879739761352539,,-63.01772893199213,0.3481548759546431,0.5034320923699797,-0.15527721641533654,55.51597405809099,38.38254071402231,10.440675735473633,10.717511987686157,,,JONJUA.BO,2025-07-29 12:17:26.206875
412,2023-09-25 00:00:00+05:30,10.355122566223145,10.363194465637207,10.355122566223145,10.363194465637207,12858,0.0,0.0,2023-09-25,10.630748510360718,0.9924588841097113,11.623207394470429,9.638289626251007,12.61566627858014,8.645830742141296,-83.47548855489838,,372987,15502.041313272199,41618.78672644437,10.651604243020005,61.90005510424958,10.360503832499186,10.365885098775227,10.357813199361164,10.368575731913248,10.352431933085123,10.37395699818929,10.349741299947102,,-81.95262962494257,0.3626694597484885,0.5422513964738137,-0.1795819367253252,50.714316659358886,39.625016663405404,10.526228523254394,10.630748510360718,,,JONJUA.BO,2025-07-29 12:17:26.206875
413,2023-09-22 00:00:00+05:30,9.870861053466797,9.870861053466797,9.870861053466797,9.870861053466797,4284,0.0,0.0,2023-09-22,10.528246450424195,1.1193054048246915,11.647551855248887,9.408941045599503,12.766857260073579,8.289635640774812,-156.76031195730104,,360129,4919.560678078029,48147.973079737414,10.654526879683733,67.54316394603342,9.870861053466797,9.870861053466797,9.870861053466797,9.870861053466797,9.870861053466797,9.870861053466797,9.870861053466797,,-100.0,0.42662941873305016,0.587146880655145,-0.16051746192209482,45.573847322053986,41.66779640565962,10.744145965576172,10.528246450424195,,,JONJUA.BO,2025-07-29 12:17:26.206875
414,2023-09-21 00:00:00+05:30,10.492330551147461,10.492330551147461,10.330909729003906,10.330909729003906,8571,0.0,0.0,2023-09-21,10.450361061096192,1.2173570762374561,11.667718137333647,9.233003984858737,12.885075213571104,8.01564690862128,-137.48994227316408,,364413,10301.296381821247,58955.07618015226,10.657181733344025,66.76495525058381,10.384716669718424,10.438523610432942,10.277102788289387,10.546137491861979,10.22329584757487,10.599944432576496,10.115681966145832,,-62.444441701959384,0.5505408474386595,0.6272762461356687,-0.07673539869700918,50.13182938540672,44.64605743752547,11.154154396057129,10.450361061096192,,,JONJUA.BO,2025-07-29 12:17:26.206875
415,2023-09-20 00:00:00+05:30,10.750601768493652,10.984662055969238,10.750601768493652,10.758673667907715,38580,0.0,0.0,2023-09-20,10.350683879852294,1.3060381035078068,11.6567219833601,9.044645776344488,12.962760086867908,7.738607672836681,-93.06828989165058,,372984,48288.39590151357,71118.52112973502,10.659408245775811,70.00314715188522,10.831312497456869,10.912023226420086,10.6779629389445,11.065372784932455,10.597252209981283,11.146083513895672,10.443902651468914,,-50.6666733186517,0.6555356730022055,0.6464600958099209,0.009075577192284578,54.8976370436565,46.963759221442544,11.518964767456055,10.350683879852294,,,JONJUA.BO,2025-07-29 12:17:26.206875
416,2023-09-18 00:00:00+05:30,11.42049789428711,11.42049789428711,11.307503700256348,11.307503700256348,8571,0.0,0.0,2023-09-18,10.234461164474487,1.3696945726467822,11.60415573712127,8.864766591827705,12.973850309768052,7.495072019180922,-9.89236224824027,,411564,11275.090965886518,76826.05243679039,10.656262501954215,72.47854426879292,11.345168431599935,11.382833162943523,11.269838968912762,11.458162625630697,11.232174237569174,11.495827356974285,11.156844774882,,-34.70715351426804,0.737900240945276,0.6441912015118497,0.09370903943342623,61.885083439694796,48.53327174048945,11.777237510681152,10.234461164474487,,,JONJUA.BO,2025-07-29 12:17:26.206875
417,2023-09-15 00:00:00+05:30,11.864404678344727,11.864404678344727,11.42049789428711,11.452781677246094,42867,0.0,0.0,2023-09-15,10.1133957862854,1.3768473334059033,11.490243119691304,8.736548452879497,12.867090453097207,7.359701119473593,41.31732988367787,,420135,57115.75126517486,93213.79280451636,10.651645023273723,72.61650202318742,11.579228083292643,11.737958272298176,11.294051488240559,12.02313486735026,11.135321299235025,12.181865056355793,10.850144704182942,,-29.038857078788958,0.7781200976116125,0.6207639416534931,0.15735615595811936,63.94630255835257,48.77406368515483,11.812750244140625,10.1133957862854,,,JONJUA.BO,2025-07-29 12:17:26.206875
418,2023-09-14 00:00:00+05:30,12.308311462402344,12.308311462402344,11.807907104492188,11.920903205871582,47154,0.0,0.0,2023-09-14,10.004437017440797,1.3512628510561928,11.35569986849699,8.653174166384604,12.706962719553182,7.301911315328411,110.70563931957693,,463002,65395.74949643195,102238.30318935173,10.622191207105038,76.76284206742137,12.012373924255371,12.216840744018555,11.716436386108398,12.512778282165527,11.511969566345215,12.717245101928711,11.216032028198242,,-17.177864745431137,0.8035163239791938,0.5814249026639632,0.22209142131523063,70.80818999926228,48.710581061225724,11.66424331665039,10.004437017440797,,,JONJUA.BO,2025-07-29 12:17:26.206875
419,2023-09-13 00:00:00+05:30,12.106534957885742,12.356738090515137,11.598060607910156,12.154961585998535,94311,0.0,0.0,2023-09-13,9.85229811668396,1.2942204590806368,11.146518575764595,8.558077657603324,12.440739034845233,7.263857198522686,125.3135331590727,,510156,133363.73847490695,111448.94161258166,10.56745534694741,80.56301311362769,12.03658676147461,12.475112915039062,11.716435432434082,12.79526424407959,11.277909278869629,13.233790397644043,10.957757949829102,,-10.33833597009923,0.7777538219794309,0.5259020473351554,0.25185177464427544,74.43786161245286,47.477894591435984,11.47376708984375,9.85229811668396,,,JONJUA.BO,2025-07-29 12:17:26.206875
420,2023-09-12 00:00:00+05:30,12.025823593139648,12.598867416381836,10.815171241760254,12.050037384033203,124319,0.0,0.0,2023-09-12,9.688456296920776,1.1906432656789303,10.879099562599707,8.497813031241845,12.069742828278637,7.307169765562916,111.3960711957309,,415845,174280.06895900573,105970.24239700034,10.421317447537108,77.45253569545075,11.821358680725098,12.827546119689941,11.04384994506836,13.60505485534668,10.037662506103516,14.611242294311523,9.260153770446777,,-12.781966076005935,0.7099346596796643,0.46293910367408647,0.24699555600557782,73.89766649214837,46.15038608550858,11.265534591674804,9.688456296920776,,,JONJUA.BO,2025-07-29 12:17:26.206875
421,2023-09-11 00:00:00+05:30,10.710247039794922,11.581918716430664,10.710247039794922,11.485067367553711,120031,0.0,0.0,2023-09-11,9.51977186203003,1.0714771935380616,10.591249055568092,8.448294668491968,11.662726249106154,7.376817474953906,82.43145426324469,,291526,160379.4766737737,88892.785756499,10.196385729068012,70.2659453319137,11.259077707926432,11.807908376057942,10.9362366994222,12.130749384562174,10.38740603129069,12.679580052693684,10.064565022786457,,-5.999944858516143,0.6226824390548877,0.40119021467269195,0.2214922243821958,70.67517109536328,44.72076154066368,11.079901123046875,9.51977186203003,,,JONJUA.BO,2025-07-29 12:17:26.206875
422,2023-09-08 00:00:00+05:30,11.702982902526855,11.702982902526855,10.266342163085938,10.710247039794922,47154,0.0,0.0,2023-09-08,9.355526399612426,1.0040095071081203,10.359535906720547,8.351516892504305,11.363545413828668,7.347507385396185,69.32644881202363,,171495,58754.32594019804,71021.11302718031,9.998115706817265,61.49908866263758,10.893190701802572,11.520039240519207,10.083398501078289,12.32983144124349,9.456549962361654,12.956679979960125,8.646757761637371,,-27.333344711734764,0.5571795606498604,0.345817158577143,0.2113624020727174,65.187828127556,43.91379922731259,10.895881462097169,9.355526399612426,,,JONJUA.BO,2025-07-29 12:17:26.206875
423,2023-09-07 00:00:00+05:30,10.73445987701416,11.113799095153809,10.73445987701416,10.968522071838379,47154,0.0,0.0,2023-09-07,9.253831481933593,0.961682843679084,10.215514325612677,8.29214863825451,11.17719716929176,7.330465794575425,90.04212485173068,,218649,60171.17238253621,74087.80979892588,9.95230437879374,65.79285349071536,10.938927014668783,11.143394152323406,10.764054934183758,11.318266232808432,10.559587796529135,11.522733370463055,10.38471571604411,,-13.075047786240367,0.5411819749613347,0.2929765580589636,0.24820541690237108,69.25085502688583,43.04476288985756,10.67473545074463,9.253831481933593,,,JONJUA.BO,2025-07-29 12:17:26.206875
424,2023-09-06 00:00:00+05:30,11.259078025817871,11.259078025817871,10.73445987701416,11.113799095153809,51441,0.0,0.0,2023-09-06,9.156575632095336,0.8734566071836423,10.03003223927898,8.283119024911693,10.90348884646262,7.409662417728052,126.18478992434169,,265803,66511.04403461998,77566.9691530233,9.88243662496188,72.67253997025838,11.035778999328613,11.337098121643066,10.812479972839355,11.560397148132324,10.511160850524902,11.861716270446777,10.287861824035645,,-8.71673667113654,0.48706431323521215,0.23092520383337078,0.25613910940184137,71.64301527622284,42.64621073956441,10.419690895080567,9.156575632095336,,,JONJUA.BO,2025-07-29 12:17:26.206875
425,2023-09-05 00:00:00+05:30,11.404356956481934,11.404356956481934,10.710247039794922,11.121870040893555,115745,0.0,0.0,2023-09-05,9.030667638778686,0.7491213083049509,9.779788947083636,8.281546330473736,10.528910255388588,7.532425022168784,178.60717712733,,317244,149762.08442613104,80330.95043262411,9.782591546039257,80.52231412558112,11.078824679056803,11.447402318318684,10.753292401631672,11.772934595743815,10.384714762369791,12.141512235005695,10.05918248494466,,-8.474608275852992,0.39608995898304755,0.16689042648291041,0.22919953250013714,71.79654509355944,42.2170007315564,9.972556114196777,9.030667638778686,,,JONJUA.BO,2025-07-29 12:17:26.206875
426,2023-09-04 00:00:00+05:30,10.080706596374512,10.564969062805176,9.927358627319336,10.564969062805176,158614,0.0,0.0,2023-09-04,8.904356098175048,0.5693718645018577,9.473727962676906,8.334984233673191,10.043099827178764,7.765612369171333,186.16901933025497,,201499,194953.7385549009,62973.166934247376,9.483717731275314,75.55468965005758,10.352432250976562,10.777505874633789,10.13989543914795,10.990042686462402,9.714821815490723,11.415116310119629,9.50228500366211,,-0.0,0.27281898867093446,0.1095905433578761,0.16322844531305836,68.25954227144558,41.754774569086244,9.572233581542969,8.904356098175048,,,JONJUA.BO,2025-07-29 12:17:26.206875
427,2023-09-01 00:00:00+05:30,9.200965881347656,9.604516983032227,8.966906547546387,9.604516983032227,17145,0.0,0.0,2023-09-01,,,,,,,95.8621533036116,,42885,19157.32376505032,29978.024029084,9.00738923515596,62.49152106657033,9.391980171203613,9.81705379486084,9.179443359375,10.029590606689453,8.754369735717773,10.45466423034668,8.54183292388916,,-9.523785409439892,0.16570747923957185,0.06878343202961151,0.09692404720996034,60.34263698379574,42.1188200284681,9.288133811950683,,,,JONJUA.BO,2025-07-29 12:17:26.206875
428,2023-08-31 00:00:00+05:30,9.765936851501465,9.765936851501465,9.322031021118164,9.693299293518066,94311,0.0,0.0,2023-08-31,,,,,,,143.23237691847982,,60030,106354.48107288648,32683.199095092416,8.977533196039069,63.714830224480295,9.593755722045898,9.865480422973633,9.421574592590332,10.0376615524292,9.149849891662598,10.309386253356934,8.977668762207031,,-4.285621847297362,0.12065154730524519,0.04455242022712142,0.07609912707812377,61.68196532785647,43.95727127633544,9.029861068725586,,,,JONJUA.BO,2025-07-29 12:17:26.206875
429,2023-08-30 00:00:00+05:30,8.878125190734863,8.878125190734863,8.878125190734863,8.878125190734863,4284,0.0,0.0,2023-08-30,,,,,,,17.92176200130867,,-34281,4424.7888149588925,14265.378600643899,8.705986465361448,42.389549541711794,8.878125190734863,8.878125190734863,8.878125190734863,8.878125190734863,8.878125190734863,8.878125190734863,8.878125190734863,,-48.45365282911763,0.05239453497321733,0.025527638457590478,0.026866896515626855,52.823081546784216,44.89846827829596,8.75383186340332,,,,JONJUA.BO,2025-07-29 12:17:26.206875
430,2023-08-29 00:00:00+05:30,8.652135848999023,9.120257377624512,8.652135848999023,9.120257377624512,8571,0.0,0.0,2023-08-29,,,,,,,42.08138397829207,,-29997,9094.114341318564,16725.52604706515,8.702967983441011,44.317917464665186,8.964216868082682,9.27629788716634,8.808176358540852,9.43233839670817,8.496095339457193,9.744419415791828,8.340054829915363,,-32.98963295381941,0.0444933166559629,0.01881091432868376,0.02568240232727914,56.36464702612562,47.80716095699865,8.645680046081543,,,,JONJUA.BO,2025-07-29 12:17:26.206875
431,2023-08-28 00:00:00+05:30,9.079899787902832,9.14447021484375,9.039546012878418,9.14447021484375,30005,0.0,0.0,2023-08-28,,,,,,,87.7713330613091,,-21426,31920.817229788237,18633.378973501796,8.687796108743056,47.11427340827125,9.109495480855307,9.179444948832195,9.074520746866863,9.214419682820639,9.004571278889975,9.284369150797527,8.969596544901531,,-31.44325532924401,0.009856870000710671,0.012390313746863972,-0.0025334437461533004,56.65859564164649,50.93959922637078,8.508472442626953,,,,JONJUA.BO,2025-07-29 12:17:26.206875
432,2023-08-25 00:00:00+05:30,8.305083274841309,8.313153266906738,8.305083274841309,8.313153266906738,8571,0.0,0.0,2023-08-25,,,,,,,-92.56587105887321,,-51431,8289.323778475102,15311.519409430186,8.621192760940072,38.497582761671055,8.310463269551596,8.315843264261883,8.307773272196453,8.318533261617025,8.302393277486166,8.323913256327312,8.299703280131023,,-84.53616284685995,-0.03702222173102321,0.013023674683402296,-0.0500458964144255,,53.0190199753833,8.456817626953125,,,,JONJUA.BO,2025-07-29 12:17:26.206875
433,2023-08-24 00:00:00+05:30,8.313153266906738,8.313153266906738,8.313153266906738,8.313153266906738,8571,0.0,0.0,2023-08-24,,,,,,,-115.24787224425835,,-42860,8289.323778475102,17067.068317168956,8.634583812478196,,8.313153266906738,8.313153266906738,8.313153266906738,8.313153266906738,8.313153266906738,8.313153266906738,8.313153266906738,,,-0.014608598519053828,0.025535148787008667,-0.040143747306062495,,56.269584298007246,8.648908233642578,,,,JONJUA.BO,2025-07-29 12:17:26.206875
434,2023-08-23 00:00:00+05:30,8.071023941040039,9.168682098388672,8.071023941040039,8.337366104125977,34293,0.0,0.0,2023-08-23,,,,,,,-80.56558564207533,,-34289,33262.59841736231,19261.50445184242,8.649192045140905,,8.525690714518229,8.980357487996418,7.882699330647785,9.623348871866861,7.428032557169596,10.078015645345051,6.7850411732991525,,,0.014308973601103503,0.03557108561352429,-0.021262112012420786,,59.79850021998164,8.761902618408204,,,,JONJUA.BO,2025-07-29 12:17:26.206875
435,2023-08-21 00:00:00+05:30,9.483452796936035,9.523807525634766,8.079094886779785,8.434219360351562,30005,0.0,0.0,2023-08-21,,,,,,,-37.7687002482977,,4,29441.527869017613,15761.230960462442,8.718495905172952,,8.679040590922037,9.27898629506429,7.834273656209309,10.123753229777018,7.234327952067057,10.72369893391927,6.389561017354328,,,0.048730828580303864,0.04088661361662948,0.007844214963674385,,63.59887121287714,8.87005443572998,,,,JONJUA.BO,2025-07-29 12:17:26.206875
436,2023-08-14 00:00:00+05:30,9.636801719665527,9.636801719665527,8.88619613647461,8.88619613647461,8571,0.0,0.0,2023-08-14,,,,,,,101.80375811244424,,30009,8860.72403205927,12341.156733323647,8.787121795024882,,9.136397997538248,9.386599858601887,8.635994275410969,9.887003580729166,8.38579241434733,10.137205441792805,7.885388692220051,,,0.08252430966660462,0.03892555987571088,0.043598749790893745,,67.71617806353727,8.91848030090332,,,,JONJUA.BO,2025-07-29 12:17:26.206875
437,2023-08-11 00:00:00+05:30,9.410813331604004,9.410813331604004,9.039546012878418,9.273606300354004,21432,0.0,0.0,2023-08-11,,,,,,,,,38580,23122.41416121567,13211.26490863974,8.779783811058431,,9.241321881612143,9.443097750345867,9.071830431620281,9.612589200337728,8.870054562886557,9.814365069071453,8.700563112894695,,,0.08002697326245212,0.02802587242798744,0.05200110083446467,,70.27133998623238,8.781272697448731,,,,JONJUA.BO,2025-07-29 12:17:26.206875
438,2023-08-10 00:00:00+05:30,8.878125190734863,8.878125190734863,8.878125190734863,8.878125190734863,4284,0.0,0.0,2023-08-10,,,,,,,,,17148,4424.7888149588925,10733.477595495755,8.667538572002512,,8.878125190734863,8.878125190734863,8.878125190734863,8.878125190734863,8.878125190734863,8.878125190734863,8.878125190734863,,,0.03746306470746141,0.01502559721937127,0.022437467488090144,,73.76843875546476,8.661821174621583,,,,JONJUA.BO,2025-07-29 12:17:26.206875
439,2023-08-09 00:00:00+05:30,8.555285453796387,8.878125190734863,8.474574089050293,8.878125190734863,21432,0.0,0.0,2023-08-09,,,,,,,,,21432,22136.338441222917,12310.64979062997,8.65751531716784,,8.743608156840006,9.012642224629719,8.609091122945149,9.147159258524576,8.340057055155436,9.41619332631429,8.205540021260578,,,0.02134963856988925,0.009416230347348734,0.011933408222540517,,78.5816561992772,8.690877151489257,,,,JONJUA.BO,2025-07-29 12:17:26.206875
440,2023-08-08 00:00:00+05:30,8.950764656066895,8.950764656066895,8.071023941040039,8.676348686218262,17145,0.0,0.0,2023-08-08,,,,,,,,,0,17305.984379432743,9854.22762798173,8.588566286773107,,8.566045761108398,9.061067581176758,8.181326866149902,9.445786476135254,7.686305046081543,9.940808296203613,7.301586151123047,,,0.0003960908851219358,0.006432878291713605,-0.006036787406591669,,83.76512113876754,8.634379959106445,,,,JONJUA.BO,2025-07-29 12:17:26.206875
441,2023-08-07 00:00:00+05:30,8.676348686218262,8.676348686218262,8.15980339050293,8.20015811920166,12858,0.0,0.0,2023-08-07,,,,,,,,,-17145,12266.409779410842,7991.288440118977,8.559302073226526,,8.345436731974283,8.531070073445637,8.014524777730305,8.861982027689615,7.828891436258951,9.047615369160969,7.497979482014973,,,-0.006564872613212813,0.007942075143361522,-0.014506947756574335,,89.34731415052636,8.618238067626953,,,,JONJUA.BO,2025-07-29 12:17:26.206875
442,2023-08-04 00:00:00+05:30,8.579497337341309,9.14447021484375,8.579497337341309,8.676348686218262,17145,0.0,0.0,2023-08-04,,,,,,,,,-4287,17305.984379432743,6922.50810529601,8.679026035811154,,8.800105412801107,9.020713488260906,8.455740610758465,9.365078290303549,8.235132535298666,9.585686365763348,7.890767733256023,,,0.03152000833545188,0.011568812082505105,0.019951196252946772,,93.25369453759575,,,,,JONJUA.BO,2025-07-29 12:17:26.206875
443,2023-08-03 00:00:00+05:30,9.023405075073242,9.023405075073242,9.023405075073242,9.023405075073242,4284,0.0,0.0,2023-08-03,,,,,,,,,12858,4497.1951838091345,4326.639036761827,8.681168440308968,,9.023405075073242,9.023405075073242,9.023405075073242,9.023405075073242,9.023405075073242,9.023405075073242,9.023405075073242,,,0.03290506509634206,0.006581013019268412,0.026324052077073647,,100.0,,,,,JONJUA.BO,2025-07-29 12:17:26.206875
444,2023-08-02 00:00:00+05:30,8.5956392288208,8.5956392288208,8.5956392288208,8.5956392288208,4284,0.0,0.0,2023-08-02,,,,,,,,,8574,4284.0,4284.0,8.5956392288208,,8.5956392288208,8.5956392288208,8.5956392288208,8.5956392288208,8.5956392288208,8.5956392288208,8.5956392288208,,,0.0,0.0,0.0,,,,,,,JONJUA.BO,2025-07-29 12:17:26.206875
445,2023-07-31 00:00:00+05:30,8.434219360351562,8.5956392288208,8.434219360351562,8.5956392288208,12858,0.0,0.0,2023-07-31,,,,,,,,,12858,,,8.5956392288208,,8.54183260599772,8.649445851643879,8.48802598317464,8.703252474466959,8.380412737528482,8.810865720113117,8.326606114705402,,,0.0,0.0,0.0,,,,,,,JONJUA.BO,2025-07-29 12:17:26.206875
