Trading Day,Date,Open,High,Low,Close,Volume,Dividends,Stock Splits,date_only,RollingMean,RollingStd,UpperBand1,LowerBand1,UpperBand2,LowerBand2,CCI_10,CCI_40,OBV,VPT,VPT_signal,VWAP,MFI_14,PP,R1,S1,R2,S2,R3,S3,CMF,%R,macd,macd_signal,macde_histogram,rsi,ADX,sma_5,sma_20,sma_50,sma_100,symbol,created_on
1,2025-08-22 00:00:00+05:30,39.20000076293945,39.369998931884766,38.41999816894531,38.75,7142342,0.0,0.0,2025-08-22,37.85900020599365,1.945780736644028,39.80478094263768,35.91321946934963,41.75056167928171,33.967438732705595,-5.660913668133183,-7.036347137541926,112082261,5192603.310724988,11725373.550485874,54.06223936008536,54.419945615149466,38.846665700276695,39.27333323160808,38.323332468668625,39.79666646321615,37.89666493733724,40.22333399454753,37.37333170572917,0.07296440595466976,-64.36057442777548,0.2320036366358238,-0.03793682543141836,0.26994046206724215,50.95425561912344,32.79695817440484,39.45800018310547,37.85900020599365,38.8134001159668,37.877499961853026,NSLNISP.NS,2025-08-22 11:22:24.293755
2,2025-08-21 00:00:00+05:30,40.060001373291016,40.439998626708984,38.900001525878906,39.04999923706055,7328887,0.0,0.0,2025-08-21,37.883500289916995,1.9606184601402679,39.84411875005726,35.92288182977673,41.80473721019753,33.96226336963646,22.86107520667375,19.093825950092764,119224603,5369475.344373124,13358566.110426093,54.0882155656186,55.855636091749815,39.46333312988281,40.02666473388672,38.48666763305664,41.00333023071289,37.923336029052734,41.5666618347168,36.94667053222656,0.0803267247228758,-61.215928638776994,0.2541049152084298,-0.1054219409482289,0.3595268561566587,52.29931275284383,32.493313606987066,39.72400054931641,37.883500289916995,38.835800094604494,37.82679996490479,NSLNISP.NS,2025-08-22 11:22:24.293755
3,2025-08-20 00:00:00+05:30,39.88999938964844,41.45000076293945,39.33000183105469,40.060001373291016,12268747,0.0,0.0,2025-08-20,37.895000267028806,1.9684794215238544,39.86347968855266,35.92652084550495,41.83195911007651,33.9580414239811,52.95603284928869,56.50098330640767,126553490,9221126.242096078,15355838.801939333,54.1144388670821,57.36204913903865,40.28000132242838,41.23000081380208,39.11000188191731,42.40000025431315,38.16000239054362,43.349999745686844,36.99000295003255,0.10871462270308045,-50.6289051659953,0.2490057952581637,-0.19530365498739358,0.44430945024555724,57.003412969337134,31.64443992787396,40.518000793457034,37.895000267028806,38.87320007324219,37.77679996490478,NSLNISP.NS,2025-08-22 11:22:24.293755
4,2025-08-19 00:00:00+05:30,39.9900016784668,40.9900016784668,39.27000045776367,39.72999954223633,10992673,0.0,0.0,2025-08-19,37.866500282287596,1.9393958385899812,39.80589612087758,35.927104443697615,41.74529195946756,33.987708605107635,57.28864168424165,45.72570374445544,114284743,8193975.600552737,16889516.941900145,54.155585690100665,54.87472024395366,39.9966672261556,40.72333399454753,39.003332773844406,41.716668446858726,38.276666005452476,42.443335215250656,37.28333155314128,0.12776530989896648,-54.088043524332086,0.13923465409826719,-0.3063810175487829,0.44561567164705007,55.79715930308874,30.255002214593343,39.67600021362305,37.866500282287596,38.87000007629395,37.72689994812012,NSLNISP.NS,2025-08-22 11:22:24.293755
5,2025-08-18 00:00:00+05:30,41.38999938964844,41.560001373291016,39.43000030517578,39.70000076293945,9600029,0.0,0.0,2025-08-18,37.871500396728514,1.9445751392738375,39.81607553600235,35.92692525745468,41.76065067527619,33.98235011818084,80.55053093527044,58.19601935439089,103292070,7150490.883295167,19063402.277236994,54.1935259351051,57.69697781366953,40.230000813802086,41.03000132242839,38.900000254313156,42.36000188191732,38.09999974568685,43.160002390543625,36.76999918619792,0.15804512820627512,-54.40249610732974,0.029084893791377908,-0.4177849354605454,0.4468698292519233,55.69222748166837,28.93150211501008,38.94600067138672,37.871500396728514,38.87160011291504,37.69229995727539,NSLNISP.NS,2025-08-22 11:22:24.293755
6,2025-08-14 00:00:00+05:30,44.25,44.88999938964844,39.65999984741211,40.08000183105469,59065023,0.0,0.0,2025-08-14,37.86050033569336,1.9342823075179965,39.794782643211356,35.92621802817536,41.72906495072935,33.99193572065737,161.80721800365433,119.00046603135588,112892099,44415126.902013876,22041630.12572245,54.226892276684815,60.40818599986709,41.54333368937174,43.426667531331375,38.19666798909505,46.77333323160807,36.313334147135414,48.656667073567704,32.96666844685872,0.20793227267105538,-50.419256781883306,-0.10942643309184774,-0.5295023927735262,0.42007595968167843,57.291887992632084,27.34014145427937,38.13800048828125,37.86050033569336,38.866200103759766,37.65939994812012,NSLNISP.NS,2025-08-22 11:22:24.293755
7,2025-08-13 00:00:00+05:30,40.040000915527344,43.02000045776367,39.349998474121094,43.02000045776367,96740093,0.0,0.0,2025-08-13,37.82500019073486,1.897570562816919,39.72257075355178,35.927429627917945,41.6201413163687,34.02985906510102,333.33333333333525,135.83770250214872,171957122,78081780.57628086,16448255.931649592,54.43015081813883,90.60937363956322,41.79666646321615,44.2433344523112,40.573332468668625,45.466668446858726,38.12666447957357,47.91333643595378,36.903330485026046,0.6913640817712663,-0.0,-0.32252927599018477,-0.6345213826939458,0.311992106703761,72.1881887097023,25.396990819495592,37.29800033569336,37.82500019073486,38.837000045776364,37.61539993286133,NSLNISP.NS,2025-08-22 11:22:24.293755
8,2025-08-12 00:00:00+05:30,36.04999923706055,36.93000030517578,35.599998474121094,35.849998474121094,1853492,0.0,0.0,2025-08-12,37.64100017547607,1.5051627604628408,39.14616293593891,36.135837415013235,40.651325696401756,34.63067465455039,-47.92691724924553,-116.8910204637061,75217029,1246673.289360823,1039874.7704917719,54.70512847850225,42.22904294862405,36.12666575113932,36.65333302815755,35.32333119710286,37.45666758219401,34.79666392008463,37.983334859212235,33.99332936604817,-0.28663728767987756,-88.66213112697925,-0.8800240036042339,-0.7125194093698859,-0.16750459423434805,32.3632379998792,23.950141207645864,35.93000030517578,37.64100017547607,38.755,37.54419994354248,NSLNISP.NS,2025-08-22 11:22:24.293755
9,2025-08-11 00:00:00+05:30,35.63999938964844,36.189998626708984,35.400001525878906,36.08000183105469,1144984,0.0,0.0,2025-08-11,37.80300025939941,1.4763364519859705,39.27933671138538,36.32666380741344,40.755673163371355,34.85032735542747,-93.70618824517082,-136.51921091430697,77070521,775066.1427365262,988175.140774509,54.713838522836355,34.57129097466924,35.890000661214195,36.379999796549484,35.590002695719406,36.67999776204427,35.10000356038412,37.16999689737956,34.80000559488933,-0.28666442924864277,-83.4466353244439,-0.874315936727065,-0.6706432608112989,-0.2036726759157661,33.805129473206605,24.242913982438594,36.050000762939455,37.80300025939941,38.805,37.518299942016604,NSLNISP.NS,2025-08-22 11:22:24.293755
10,2025-08-08 00:00:00+05:30,35.95000076293945,36.380001068115234,35.56999969482422,35.65999984741211,1782505,0.0,0.0,2025-08-08,37.957000160217284,1.4475064217390028,39.404506581956284,36.509493738478284,40.85201300369529,35.06198731673928,-110.80598399408001,-149.5884903072956,75925537,1192572.7755698336,1041452.3902840047,54.71915747116303,27.77190674410207,35.87000020345052,36.17000071207683,35.35999933878581,36.68000157674154,35.05999883015951,36.98000208536784,34.549997965494796,-0.3463357805530471,-93.56843583156449,-0.8764125160031284,-0.6197250918323572,-0.2566874241707712,28.395632388074844,23.17559683579494,36.22800064086914,37.957000160217284,38.854599990844726,37.49989994049072,NSLNISP.NS,2025-08-22 11:22:24.293755
11,2025-08-07 00:00:00+05:30,36.18000030517578,36.25,35.349998474121094,35.880001068115234,1559261,0.0,0.0,2025-08-07,38.16450023651123,1.397488337281576,39.5619885737928,36.76701189922966,40.95947691107438,35.36952356194808,-117.25395583970813,-166.05159028479895,77708042,1049648.9145645215,1003672.2939625476,54.7276307512359,29.387951955687598,35.826666514078774,36.303334554036454,35.40333302815755,36.72666803995768,34.92666498819987,37.20333607991536,34.50333150227864,-0.33274380327181896,-89.39994812011719,-0.8244539635659649,-0.5555532357896644,-0.2689007277763005,29.571038198909747,22.183096853056412,36.34600067138672,38.16450023651123,38.903199996948246,37.49359992980957,NSLNISP.NS,2025-08-22 11:22:24.293755
12,2025-08-06 00:00:00+05:30,36.689998626708984,36.83000183105469,36.0099983215332,36.18000030517578,1169919,0.0,0.0,2025-08-06,38.373000144958496,1.3489415967643488,39.721941741722844,37.02405854819415,41.07088333848719,35.6751169514298,-87.31220718756448,-151.95964413990984,79267303,794140.1572778949,992178.1388120541,54.73496341192652,28.426102301937462,36.34000015258789,36.67000198364258,35.849998474121094,37.160003662109375,35.519996643066406,37.49000549316406,35.02999496459961,-0.31799023998472936,-96.0829037404248,-0.7671063315972404,-0.48832805384558925,-0.27877827775165115,31.206717938868167,20.86334922550812,36.48400039672852,38.373000144958496,38.98399993896484,37.49239990234375,NSLNISP.NS,2025-08-22 11:22:24.293755
13,2025-08-05 00:00:00+05:30,36.81999969482422,37.20000076293945,36.33000183105469,36.45000076293945,1270061,0.0,0.0,2025-08-05,38.54250011444092,1.269524984313801,39.812025098754724,37.272975130127115,41.08155008306852,36.00345014581332,-76.96145413139931,-144.91846792608825,80437222,868550.1891487963,1041687.6341955938,54.740381283584576,34.35715468470849,36.66000111897787,36.990000406901046,36.12000147501628,37.53000005086263,35.7900021870931,37.85999933878581,35.250002543131515,-0.29553488274807077,-90.06927246729975,-0.7116065408084395,-0.41863348440767645,-0.2929730564007631,32.71920720143838,20.036520261876955,36.70800018310547,38.54250011444092,39.05619995117188,37.492899894714355,NSLNISP.NS,2025-08-22 11:22:24.293755
14,2025-08-04 00:00:00+05:30,36.34000015258789,37.150001525878906,36.02000045776367,36.970001220703125,1518129,0.0,0.0,2025-08-04,38.71500015258789,1.2028761872005718,39.917876339788464,37.51212396538732,41.12075252698904,36.309247778186744,-84.22648759614205,-154.77803536584767,81707283,1053006.224888645,1084971.995457293,54.74618088077736,33.608703199958924,36.71333440144857,37.40666834513347,36.276667277018234,37.843335469563804,35.583333333333336,38.5366694132487,35.146666208903,-0.259532372445811,-78.06001851846958,-0.6563590273690778,-0.3453902203074857,-0.31096880706159213,35.824317455641875,19.466170033909115,36.94199981689453,38.71500015258789,39.112799911499025,37.50099987030029,NSLNISP.NS,2025-08-22 11:22:24.293755
15,2025-08-01 00:00:00+05:30,36.63999938964844,37.099998474121094,36.119998931884766,36.25,1435478,0.0,0.0,2025-08-01,38.8625,1.1576561202061293,40.020156120206124,37.70484387979387,41.17781224041226,36.547187759587736,-112.93707894721344,-185.5861784245516,80189154,976286.6462447952,1092963.4380994549,54.75292091735858,27.057909262925335,36.48999913533529,36.85999933878581,35.879999796549484,37.46999867757162,35.50999959309896,37.83999888102214,34.900000254313156,-0.3213184955592344,-96.92668836445063,-0.6268928010428496,-0.2676480185420876,-0.359244782500762,26.905590114459756,18.764629664646264,37.07999954223633,38.8625,39.16359985351563,37.49729984283447,NSLNISP.NS,2025-08-22 11:22:24.293755
16,2025-07-31 00:00:00+05:30,36.9900016784668,37.20000076293945,36.43000030517578,36.56999969482422,1774199,0.0,0.0,2025-07-31,39.07450008392334,1.0358802743282476,40.11038035825159,38.03861980959509,41.14626063257983,37.00273953526685,-131.96710058064824,-188.95824128329542,81624632,1217306.9008872209,1122132.6360631196,54.75955693772743,26.48985115197786,36.733333587646484,37.03666687011719,36.266666412353516,37.503334045410156,35.96333312988281,37.80666732788086,35.496665954589844,-0.32403133818178675,-96.42858533053588,-0.5087595152825486,-0.17783682291689706,-0.3309226923656515,28.542629664773926,18.101514972244022,37.49399948120117,39.07450008392334,39.233399887084964,37.49059986114502,NSLNISP.NS,2025-08-22 11:22:24.293755
17,2025-07-30 00:00:00+05:30,37.599998474121094,38.20000076293945,37.25,37.29999923706055,965159,0.0,0.0,2025-07-30,39.295000076293945,0.9395943124009746,40.23459438869492,38.35540576389297,41.17418870109589,37.415811451492,-109.23750963149969,-139.7856800623736,83398831,675430.2153649994,1098339.0698570942,54.76762348882943,33.98556396750543,37.583333333333336,37.91666666666667,36.96666590372722,38.53333409627279,36.63333257039388,38.866667429606125,36.016665140787765,-0.2635588278673775,-93.10350875462176,-0.3813197554996748,-0.09510614982548418,-0.28621360567419063,32.76565517659196,17.67158064570521,38.02799987792969,39.295000076293945,39.27999992370606,37.46409984588623,NSLNISP.NS,2025-08-22 11:22:24.293755
18,2025-07-29 00:00:00+05:30,37.54999923706055,37.79999923706055,37.060001373291016,37.619998931884766,1485824,0.0,0.0,2025-07-29,39.45150012969971,0.8458027579801017,40.29730288767981,38.60569737171961,41.143105645659915,37.759894613739505,-163.76261382723848,-152.86254704459873,84363990,1048718.53833166,1204066.2834801178,54.77183852127826,34.96042442002087,37.493333180745445,37.926664988199875,37.18666712443034,38.233331044514976,36.753335316975914,38.666662851969406,36.44666926066081,-0.1808548954716205,-83.90811401561615,-0.28427456712667976,-0.023552748406936524,-0.2607218187197432,34.865401492323414,18.046875310218507,38.42399978637695,39.45150012969971,39.31379997253418,37.43529983520508,NSLNISP.NS,2025-08-22 11:22:24.293755
19,2025-07-28 00:00:00+05:30,38.25,38.470001220703125,37.470001220703125,37.65999984741211,1350604,0.0,0.0,2025-07-28,39.60050010681152,0.7647805240267629,40.365280630838285,38.83571958278476,41.13006115486505,38.070939058758,-229.7634722254728,-129.195376915605,85849814,954291.6915943892,1242903.2197672322,54.778212456618846,34.168249831698176,37.86666742960612,38.26333363850911,37.26333363850911,38.86666742960612,36.86666742960612,39.26333363850911,36.26333363850911,-0.2257271350654242,-93.81111903596253,-0.1872352494253633,0.04162770627299928,-0.22886295569836257,35.12668407232594,17.85095689194813,38.79800033569336,39.60050010681152,39.34019996643067,37.41309986114502,NSLNISP.NS,2025-08-22 11:22:24.293755
20,2025-07-25 00:00:00+05:30,39.2400016784668,39.279998779296875,38.220001220703125,38.31999969482422,1996333,0.0,0.0,2025-07-25,39.76700019836426,0.6775972837453978,40.44459748210966,39.08940291461886,41.122194765855056,38.41180563087346,-259.54045577337286,-70.41714663158425,87200418,1435262.3085513266,1315056.101810443,54.78399691571693,33.71278502735042,38.606666564941406,38.99333190917969,37.93333435058594,39.666664123535156,37.546669006347656,40.05332946777344,36.87333679199219,-0.2313401484783317,-95.68972037607658,-0.06409810330023191,0.09884344519758992,-0.16294154849782183,39.683067714530196,18.07038952017613,39.232000732421874,39.76700019836426,39.367199935913085,37.40069984436035,NSLNISP.NS,2025-08-22 11:22:24.293755
21,2025-07-24 00:00:00+05:30,39.45000076293945,39.7599983215332,39.119998931884766,39.2400016784668,1582676,0.0,0.0,2025-07-24,39.91250019073486,0.6628000876334493,40.57530027836831,39.24970010310141,41.23810036600176,38.58690001546796,-39.548105305409614,-7.453081881766078,89196751,1165182.172334569,1285004.550125222,54.79222429555401,33.4618787565485,39.37333297729492,39.62666702270508,38.98666763305664,40.01333236694336,38.733333587646484,40.266666412353516,38.3466682434082,-0.22736689198150414,-83.33326496960548,0.029525956437574052,0.13957883232204538,-0.11005287588447132,47.69007764814048,19.19575322056681,39.4640007019043,39.91250019073486,39.3707999420166,37.39249984741211,NSLNISP.NS,2025-08-22 11:22:24.293755
22,2025-07-23 00:00:00+05:30,39.52000045776367,39.650001525878906,39.11000061035156,39.279998779296875,1129374,0.0,0.0,2025-07-23,40.00050010681152,0.6852697144279045,40.685769821239425,39.31523039238362,41.37103953566733,38.629960677955715,-54.80914018278462,-11.108382905888734,90779427,832304.1271363464,1314960.1445728852,54.79838811415293,26.666812090229115,39.346666971842446,39.58333333333333,39.043332417805985,39.88666788736979,38.8066660563151,40.12333424886067,38.50333150227864,-0.10069733108623181,-83.72101275704831,0.05833950488803907,0.16709205129316318,-0.1087525464051241,48.081759056439644,19.610715092490622,39.49000015258789,40.00050010681152,39.34339988708496,37.37709983825684,NSLNISP.NS,2025-08-22 11:22:24.293755
23,2025-07-22 00:00:00+05:30,39.9900016784668,40.16999816894531,39.310001373291016,39.4900016784668,1936593,0.0,0.0,2025-07-22,40.010000228881836,0.6760099231424738,40.68601015202431,39.33399030573936,41.36202007516678,38.65798038259689,23.242563306872214,12.907362907518475,91908801,1434822.9252380868,1435624.14893202,54.80277819622622,38.74748580104992,39.65666707356771,40.003332773844406,39.14333597819011,40.51666386922201,38.796670277913414,40.8633295694987,38.28333918253581,-0.04683744637862751,-78.12495809050662,0.0904065379756176,0.1942801878944442,-0.10387364991882661,50.087182803260895,20.194746539522523,39.502000427246095,40.010000228881836,39.31719993591309,37.37349983215332,NSLNISP.NS,2025-08-22 11:22:24.293755
24,2025-07-21 00:00:00+05:30,39.5,40.349998474121094,39.5,39.83000183105469,2053603,0.0,0.0,2025-07-21,39.960500144958495,0.7484544053256483,40.70895455028414,39.21204573963285,41.45740895560979,38.463591334307196,77.64948492948899,32.686622296845684,93845394,1534615.6176562503,1435824.4548555033,54.81020994872308,36.88217593937988,39.893333435058594,40.28666687011719,39.436668395996094,40.74333190917969,39.0433349609375,41.13666534423828,38.586669921875,-0.06337802771356985,-64.84370925465922,0.10941015787441444,0.22024860037415084,-0.1108384424997364,53.438001682352414,20.511895872058627,39.422000122070315,39.960500144958495,39.251599884033205,37.35149982452393,NSLNISP.NS,2025-08-22 11:22:24.293755
25,2025-07-18 00:00:00+05:30,39.34000015258789,39.689998626708984,39.0,39.47999954223633,2108773,0.0,0.0,2025-07-18,39.86000003814697,0.8887070110378007,40.74870704918477,38.97129302710917,41.637414060222575,38.08258601607137,-54.50399177002936,-7.587021291787285,91791791,1561995.4646601921,1411126.6641553165,54.817923543885826,28.674350697815726,39.38999938964844,39.779998779296875,39.09000015258789,40.07999801635742,38.70000076293945,40.46999740600586,38.400001525878906,-0.03586147725022939,-78.51566632741708,0.09859795684036499,0.2479582109990849,-0.14936025415871992,50.25702450973611,20.559034578119736,39.2879997253418,39.86000003814697,39.17739982604981,37.3142998123169,NSLNISP.NS,2025-08-22 11:22:24.293755
26,2025-07-17 00:00:00+05:30,39.41999816894531,39.77000045776367,39.209999084472656,39.369998931884766,1339436,0.0,0.0,2025-07-17,39.75900001525879,1.0366389765452888,40.79563899180408,38.7223610387135,41.832277968349366,37.68572206216822,-54.64592062182454,-2.828330836075781,89683018,989373.2578641626,1373409.4640290975,54.826037798172244,27.307167307952923,39.449999491373696,39.689999898274735,39.12999852498372,40.01000086466471,38.88999811808268,40.25000127156575,38.569997151692704,-0.035483603975864746,-84.11557566801949,0.11773107703886865,0.2852982745387649,-0.16756719749989624,49.245102946718,21.343136829699425,39.354000091552734,39.75900001525879,39.066799850463866,37.27309982299805,NSLNISP.NS,2025-08-22 11:22:24.293755
27,2025-07-16 00:00:00+05:30,39.0099983215332,39.540000915527344,38.93000030517578,39.34000015258789,1662813,0.0,0.0,2025-07-16,39.644500160217284,1.1960745461316575,40.84057470634894,38.44842561408563,42.0366492524806,37.25235106795397,-97.73964600724503,-16.036839614437945,88343582,1227299.5236412818,1469418.515570331,54.83123319024429,42.56531510645069,39.27000045776367,39.61000061035156,39.0,39.880001068115234,38.65999984741211,40.220001220703125,38.38999938964844,-0.04338032584661215,-86.37873501526514,0.15127685805431668,0.3271900739137389,-0.1759132158594222,48.98226981538456,21.878143464369536,39.49000015258789,39.644500160217284,38.96139984130859,37.23819984436035,NSLNISP.NS,2025-08-22 11:22:24.293755
28,2025-07-15 00:00:00+05:30,39.45000076293945,39.79999923706055,38.970001220703125,39.09000015258789,1476271,0.0,0.0,2025-07-15,39.572000122070314,1.2578536369301834,40.8298537590005,38.31414648514013,42.08770739593068,37.05629284820995,-117.19259375742836,-13.830315737140136,86680769,1082691.0776977257,1529948.263552593,54.83770027902913,53.26049219316754,39.28666687011719,39.60333251953125,38.77333450317383,40.11666488647461,38.456668853759766,40.43333053588867,37.943336486816406,-0.05563017892601854,-95.95962839421655,0.1948879747691734,0.3711683778785944,-0.176280403109421,46.85256946935051,22.707796530706617,39.53600006103515,39.572000122070314,38.86919982910156,37.21619983673096,NSLNISP.NS,2025-08-22 11:22:24.293755
29,2025-07-14 00:00:00+05:30,39.75,39.75,39.04999923706055,39.15999984741211,1802513,0.0,0.0,2025-07-14,39.526000022888184,1.2927466677036998,40.81874669059189,38.23325335518448,42.11149335829558,36.940506687480784,-132.90460346442913,-10.989135826496872,88157040,1324322.8858412097,1641762.5600163098,54.84353907962783,58.5839540523655,39.31999969482422,39.59000015258789,38.88999938964844,40.02000045776367,38.619998931884766,40.290000915527344,38.189998626708984,-0.05800748374894625,-87.42133687132475,0.2723917836727594,0.41523847865594965,-0.14284669498319025,47.36666463670865,23.54781487452658,39.69800033569336,39.526000022888184,38.76999984741211,37.20549983978272,NSLNISP.NS,2025-08-22 11:22:24.293755
30,2025-07-11 00:00:00+05:30,40.0099983215332,40.540000915527344,39.599998474121094,39.810001373291016,1662535,0.0,0.0,2025-07-11,39.50799999237061,1.3005935078571382,40.808593500227744,38.20740648451347,42.10918700808488,36.90681297665633,-52.59147833646968,41.09029357812748,89959553,1241754.6262763215,1721122.4785600845,54.85064236974571,64.40446300371008,39.983333587646484,40.366668701171875,39.426666259765625,40.923336029052734,39.043331146240234,41.306671142578125,38.486663818359375,-0.02833284344295074,-54.755722046796244,0.36059908749582803,0.4509501524017472,-0.09035106490591915,52.31635736326093,24.351387787247464,39.85,39.50799999237061,38.6915998840332,37.19369983673096,NSLNISP.NS,2025-08-22 11:22:24.293755
31,2025-07-10 00:00:00+05:30,39.540000915527344,40.150001525878906,39.529998779296875,40.04999923706055,1240223,0.0,0.0,2025-07-10,39.46999988555908,1.3024067938437285,40.77240667940281,38.167593091715354,42.07481347324654,36.865186297871624,-73.26739155121636,38.0263768736017,91622088,931912.3999020198,1840964.441631025,54.85692809907075,64.6170502037696,39.90999984741211,40.290000915527344,39.66999816894531,40.53000259399414,39.28999710083008,40.910003662109375,39.04999542236328,-0.008206934835557903,-37.87575548620975,0.40405224154645936,0.4735379186282269,-0.06948567708176756,54.26038069373453,24.51105152841104,39.986000061035156,39.46999988555908,38.60219985961914,37.1843998336792,NSLNISP.NS,2025-08-22 11:22:24.293755
32,2025-07-09 00:00:00+05:30,39.900001525878906,39.970001220703125,39.25,39.56999969482422,1931198,0.0,0.0,2025-07-09,39.46099987030029,1.2988048283382831,40.759804698638575,38.16219504196201,42.05860952697686,36.863390213623724,-139.24429800567387,17.230848992091417,90381865,1433724.3032737325,2068227.452063276,54.86154572470638,64.93102799345432,39.596666971842446,39.94333394368489,39.223332722981766,40.31666819254557,38.87666575113932,40.663335164388016,38.50333150227864,-0.07188930611245933,-46.65354049850904,0.42992728944386727,0.49090933789866875,-0.060982048454801485,50.86993639642178,25.02034502892357,40.172000122070315,39.46099987030029,38.50819984436035,37.1823998260498,NSLNISP.NS,2025-08-22 11:22:24.293755
33,2025-07-08 00:00:00+05:30,39.75,40.31999969482422,39.400001525878906,39.900001525878906,1593069,0.0,0.0,2025-07-08,39.52849979400635,1.339219252908949,40.8677190469153,38.1892805410974,42.20693829982425,36.85006128818845,-86.19261044190107,40.54768477281781,92313063,1192560.158361755,2226853.2392606614,54.86897494257264,64.78313250835751,39.87333424886068,40.34666697184245,39.42666880289714,40.79333241780599,38.95333607991537,41.266665140787765,38.50667063395183,-0.17824585136066348,-39.1554214838516,0.5038138240260395,0.5061548500123692,-0.002341025986329681,53.39671155681608,25.72533577029009,40.344000244140624,39.52849979400635,38.426799850463865,37.188999824523925,NSLNISP.NS,2025-08-22 11:22:24.293755
34,2025-07-07 00:00:00+05:30,40.349998474121094,40.790000915527344,39.65999984741211,39.91999816894531,2094406,0.0,0.0,2025-07-07,39.52849979400635,1.339219252908949,40.8677190469153,38.1892805410974,42.20693829982425,36.85006128818845,-29.584567176164363,61.86333057117518,93906132,1568643.2435611228,2485426.509485388,54.87497652240914,64.07304982787697,40.12333297729492,40.586666107177734,39.4566650390625,41.253334045410156,38.99333190917969,41.71666717529297,38.326663970947266,-0.21149637379386366,-38.77160868960367,0.5582772550307666,0.5067401065089516,0.05153714852181501,53.54639266681198,26.310319520035538,40.48399963378906,39.52849979400635,38.337399826049804,37.19699981689453,NSLNISP.NS,2025-08-22 11:22:24.293755
35,2025-07-04 00:00:00+05:30,41.029998779296875,41.08000183105469,40.400001525878906,40.4900016784668,1648557,0.0,0.0,2025-07-04,39.522999954223636,1.3377519071519575,40.86075186137559,38.18524804707168,42.19850376852755,36.84749613991972,36.15316650668389,100.13741976828544,96000538,1252346.653893299,2714622.325966454,54.88286357300098,63.582463086053295,40.65666834513346,40.913335164388016,40.233334859212235,41.33666865030924,39.97666803995768,41.5933354695638,39.553334554036454,-0.20006216572242497,-27.831040365508102,0.61757883813587,0.4938558193784979,0.12372301875737213,57.836996236820674,26.64509596441955,40.69800033569336,39.522999954223636,38.24599983215332,37.20299983978271,NSLNISP.NS,2025-08-22 11:22:24.293755
36,2025-07-03 00:00:00+05:30,40.59000015258789,41.4900016784668,40.380001068115234,40.97999954223633,3842108,0.0,0.0,2025-07-03,39.46999988555908,1.3182803709288589,40.788280256487944,38.15171951463022,42.1065606274168,36.83343914370137,61.13679699727479,119.89068289029133,97649095,2954026.010036875,3080191.243984743,54.88884079534844,63.085272192752846,40.95000076293945,41.52000045776367,40.40999984741211,42.060001373291016,39.84000015258789,42.630001068115234,39.29999923706055,-0.1649087669042717,-18.42608931225609,0.6280088702927884,0.46292506468915484,0.16508380560363356,61.789180140715004,26.124416366248006,40.84599990844727,39.46999988555908,38.18439979553223,37.19819980621338,NSLNISP.NS,2025-08-22 11:22:24.293755
37,2025-07-02 00:00:00+05:30,40.599998474121094,40.630001068115234,39.83000183105469,40.43000030517578,3227611,0.0,0.0,2025-07-02,39.351999855041505,1.2811040079636375,40.63310386300514,38.07089584707787,41.91420787096878,36.78979183911423,41.09018749132002,84.83120792041619,93806987,2448261.080353914,3111732.55247171,54.90231581320668,56.10738490332344,40.2966677347819,40.76333363850911,39.96333440144856,41.096666971842446,39.49666849772135,41.56333287556966,39.163335164388016,-0.19059180760600644,-28.982698404562992,0.5835898207846668,0.42165411328824637,0.16193570749642044,58.85904457020576,25.563684491294033,40.85,39.351999855041505,38.10919982910156,37.185899810791014,NSLNISP.NS,2025-08-22 11:22:24.293755
38,2025-07-01 00:00:00+05:30,41.189998626708984,41.380001068115234,40.290000915527344,40.599998474121094,2770608,0.0,0.0,2025-07-01,39.27649974822998,1.2585258140697548,40.53502556229974,38.017973934160224,41.79355137636949,36.75944812009047,72.98444772037982,110.29636500870944,97034598,2110444.318621555,3277600.4205011586,54.91410385422611,54.46940275634489,40.756666819254555,41.223332722981766,40.133332570393875,41.846666971842446,39.666666666666664,42.31333287556966,39.043332417805985,-0.18443559045825297,-25.71977712206301,0.5720442986130436,0.38117018641414124,0.19087411219890238,60.18363409251239,25.4920249644668,40.65800018310547,39.27649974822998,38.04759979248047,37.18629981994629,NSLNISP.NS,2025-08-22 11:22:24.293755
39,2025-06-30 00:00:00+05:30,41.5,41.70000076293945,40.720001220703125,40.9900016784668,3403564,0.0,0.0,2025-06-30,39.16399974822998,1.234322486276093,40.398322234506075,37.92967726195389,41.63264472078217,36.6953547756778,111.5463195217685,129.94886213208025,99805206,2617487.731139845,3569389.445971059,54.924119189349376,72.34553678191557,41.13666788736979,41.553334554036454,40.573335011800125,42.11666742960612,40.15666834513346,42.53333409627278,39.5933354695638,-0.19146512394712242,-36.888857241030095,0.5318529498212285,0.33345165836441565,0.1984012914568129,63.214126869718,24.885365678698577,40.23800048828125,39.16399974822998,37.96839981079101,37.201699829101564,NSLNISP.NS,2025-08-22 11:22:24.293755
40,2025-06-27 00:00:00+05:30,41.27000045776367,41.939998626708984,40.880001068115234,41.22999954223633,8951285,0.0,0.0,2025-06-27,39.042499732971194,1.1626370641540913,40.205136797125284,37.879862668817104,41.367773861279375,36.717225604663014,170.6586997324104,142.2206673223928,103208770,6924230.426551507,3807364.8746788623,54.93610625905501,77.34785801578742,41.34999974568685,41.81999842325847,40.76000086466472,42.4099973042806,40.2900021870931,42.87999598185222,39.70000330607097,-0.15225399943751652,-33.333333333333336,0.4339280596549031,0.2838513355002124,0.1500767241546907,65.08692314890087,23.72340286045357,39.604000091552734,39.042499732971194,37.866599807739256,37.198499794006345,NSLNISP.NS,2025-08-22 11:22:24.293755
41,2025-06-26 00:00:00+05:30,39.459999084472656,41.29999923706055,39.459999084472656,41.0,6689288,0.0,0.0,2025-06-26,38.88549976348877,1.0590933099068178,39.94459307339559,37.826406453581946,41.0036863833024,36.76731314367513,177.42898273194768,110.27599768897214,94257485,5145606.227500673,3028148.4867107007,54.96718638935313,74.79513990103564,40.586666107177734,41.71333312988281,39.87333297729492,42.426666259765625,38.746665954589844,43.5533332824707,38.03333282470703,-0.1913386106513391,-36.74073395905671,0.2783437052123219,0.2463321544615397,0.032011550750782186,64.14155770198836,22.28438972619912,38.85,38.88549976348877,37.7571997833252,37.19989978790283,NSLNISP.NS,2025-08-22 11:22:24.293755
42,2025-06-25 00:00:00+05:30,38.79999923706055,39.619998931884766,38.7599983215332,39.470001220703125,3532468,0.0,0.0,2025-06-25,38.83149967193604,0.9693364427502469,39.800836114686284,37.86216322918579,40.77017255743653,36.89282678643554,71.77007218725542,54.87331276001364,87568197,2615882.143862183,2498784.051513207,54.9908951435016,73.50720560210132,39.28333282470703,39.80666732788086,38.9466667175293,40.143333435058594,38.42333221435547,40.66666793823242,38.086666107177734,-0.28552292652706646,-59.407382541232636,0.09758272595361461,0.2383292667738441,-0.1407465408202295,56.93924143772322,21.04117751089083,38.066000366210936,38.83149967193604,37.64699981689453,37.17139980316162,NSLNISP.NS,2025-08-22 11:22:24.293755
43,2025-06-24 00:00:00+05:30,38.04999923706055,39.88999938964844,38.04999923706055,38.5,4273539,0.0,0.0,2025-06-24,38.84749965667724,0.9829753453454743,39.830475002022716,37.86452431133177,40.81345034736819,36.8815489659863,8.774927585941272,36.66137275119527,84035729,3086890.3162309634,2469509.528425963,55.00482043676047,72.92561694718414,38.813332875569664,39.57666651407878,37.73666636149089,40.653333028157554,36.97333272298177,41.41666666666667,35.896666208903,-0.31256407248633944,-73.77777099609375,0.015357068258389006,0.27351590197890147,-0.25815883372051246,51.16480938354623,20.663223756602445,37.75,38.84749965667724,37.558399810791016,37.15919979095459,NSLNISP.NS,2025-08-22 11:22:24.293755
44,2025-06-23 00:00:00+05:30,37.0,38.08000183105469,36.95000076293945,37.81999969482422,2069585,0.0,0.0,2025-06-23,38.88649959564209,0.9839354288953656,39.87043502453746,37.90256416674673,40.85437045343282,36.918628737851364,-70.73853791513382,-10.940630034347507,79762190,1468512.2924727716,2315164.3314747126,55.02275453338963,72.1944978940598,37.61666742960612,38.28333409627278,37.15333302815755,38.74666849772135,36.48666636149088,39.413335164388016,36.02333196004231,-0.29055586004997247,-83.8518495912905,0.005381049941199478,0.3380556104090296,-0.3326745604678301,46.49411270090932,20.25619663659957,37.683999633789064,38.88649959564209,37.46399978637695,37.17259979248047,NSLNISP.NS,2025-08-22 11:22:24.293755
45,2025-06-20 00:00:00+05:30,37.0,37.66999816894531,36.86000061035156,37.459999084472656,1782829,0.0,0.0,2025-06-20,38.970999526977536,0.9597964008690861,39.930795927846624,38.01120312610845,40.890592328715705,37.05140672523937,-102.20652527388529,-20.555764662077245,77692605,1252997.6297135574,2526827.3412251975,55.031811669431924,72.53412171663308,37.32999928792318,37.799997965494796,36.990000406901046,38.13999684651693,36.52000172932943,38.609995524088546,36.180002848307296,-0.33525466505937884,-89.18519196686921,0.05949691942451096,0.4212242505259871,-0.36172733110147615,43.854293180844046,21.141101021100955,37.87999954223633,38.970999526977536,37.38499977111817,37.19939979553223,NSLNISP.NS,2025-08-22 11:22:24.293755
46,2025-06-19 00:00:00+05:30,37.95000076293945,38.099998474121094,36.72999954223633,37.08000183105469,2167552,0.0,0.0,2025-06-19,39.08499965667725,0.9047039315540454,39.98970358823129,38.1802957251232,40.89440751978534,37.275591793569156,-133.08015265282478,-21.180562431473206,75909776,1507933.0821645004,2845284.7691031075,55.03978487371956,68.71233929653627,37.3033332824707,37.87666702270508,36.50666809082031,38.67333221435547,35.93333435058594,39.246665954589844,35.13666915893555,-0.3102709862228505,-94.81478090639467,0.16333476820028636,0.5116560833013561,-0.3483213151010698,41.00122553787986,22.45469144821605,38.19799957275391,39.08499965667725,37.296599807739256,37.22989978790283,NSLNISP.NS,2025-08-22 11:22:24.293755
47,2025-06-18 00:00:00+05:30,38.0,38.31999969482422,37.52000045776367,37.88999938964844,2238737,0.0,0.0,2025-06-18,39.17599964141846,0.7745926927919502,39.950592334210405,38.40140694862651,40.725185027002354,37.62681425583456,-118.84887722852146,3.3133975276594136,78077328,1591477.387950924,3179622.690837759,55.049698142966676,64.07102148465964,37.90999984741211,38.29999923706055,37.5,38.709999084472656,37.11000061035156,39.099998474121094,36.70000076293945,-0.30076966207063743,-93.4782705768805,0.33122788336041964,0.5987364120766235,-0.2675085287162039,45.58630240551196,23.869327292801536,38.75599899291992,39.17599964141846,37.24839973449707,37.271999778747556,NSLNISP.NS,2025-08-22 11:22:24.293755
48,2025-06-17 00:00:00+05:30,38.9900016784668,39.18000030517578,37.81999969482422,38.16999816894531,2580443,0.0,0.0,2025-06-17,39.23099975585937,0.7152541431917449,39.946253899051115,38.51574561266763,40.661508042242865,37.80049146947588,-91.80398379322168,22.87839463594839,80316065,1847945.7034697637,3576659.0165594677,55.059486429816616,67.97715189598136,38.38999938964844,38.959999084472656,37.599998474121094,39.75,37.029998779296875,40.31999969482422,36.23999786376953,-0.285248122384017,-88.79601638406221,0.46139085634242605,0.6656135442556744,-0.20422268791324838,47.283562102176276,24.645738664846107,39.3619987487793,39.23099975585937,37.21119972229004,37.31459980010986,NSLNISP.NS,2025-08-22 11:22:24.293755
49,2025-06-16 00:00:00+05:30,39.08000183105469,39.279998779296875,38.0099983215332,38.79999923706055,2131819,0.0,0.0,2025-06-16,39.26949977874756,0.674712162886434,39.944211941633995,38.59478761586112,40.618924104520424,37.92007545297469,-67.81190682980589,36.386895811859965,82896508,1551868.231848643,4008837.344831893,55.070598381658954,73.0091601067993,38.69666544596354,39.383332570393875,38.113332112630204,39.96666590372721,37.42666498819987,40.65333302815755,36.84333165486653,-0.3017921879614776,-78.26088065929201,0.5934724971788938,0.7166692162339864,-0.12319671905509255,51.271892356105,25.18406794578101,39.70799942016602,39.26949977874756,37.14839973449707,37.34899982452393,NSLNISP.NS,2025-08-22 11:22:24.293755
50,2025-06-13 00:00:00+05:30,39.150001525878906,39.41999816894531,38.61000061035156,39.04999923706055,3150428,0.0,0.0,2025-06-13,39.27999973297119,0.6686277706919356,39.948627503663126,38.61137196227926,40.61725527435506,37.94274419158732,-33.61112797701265,51.07726302951204,85028327,2308146.5808140766,4623079.6230777055,55.07944688019164,72.9143708253321,39.026666005452476,39.44333140055339,38.63333384195964,39.836663564046226,38.216668446858726,40.25332895914714,37.82333628336589,-0.3091931695817879,-74.08027833258167,0.6915394549175886,0.7474683959977594,-0.05592894108017077,52.91659579197872,25.579012279737203,39.90999984741211,39.27999973297119,37.05539978027344,37.3768998336792,NSLNISP.NS,2025-08-22 11:22:24.293755
51,2025-06-12 00:00:00+05:30,41.45000076293945,41.45000076293945,39.599998474121094,39.869998931884766,4677098,0.0,0.0,2025-06-12,39.25249977111817,0.6895678744633669,39.94206764558153,38.5629318966548,40.6316355200449,37.87336402219143,73.3870504136556,102.19630682720319,88178755,3498609.6610421706,5201812.883643612,55.09233985104445,77.57593473531956,40.3066660563151,41.01333363850911,39.16333134969075,42.15666834513346,38.45666376749674,42.86333592732747,37.31332906087239,-0.29292676985034904,-60.36790780424605,0.7819957954327563,0.761450631267802,0.020545164164954333,58.64638522278474,25.416167515685025,39.986000061035156,39.25249977111817,36.94159980773926,37.39639984130859,NSLNISP.NS,2025-08-22 11:22:24.293755
52,2025-06-11 00:00:00+05:30,40.04999923706055,43.47999954223633,39.970001220703125,40.91999816894531,24095979,0.0,0.0,2025-06-11,39.152499771118165,0.7385824464287347,39.8910822175469,38.41391732468943,40.62966466397563,37.6753348782607,169.94802582285953,151.59973638715786,92855853,18499201.325942125,5627613.689293972,55.11053860697501,83.97161701080663,41.45666631062826,42.94333140055339,39.43333307902019,44.96666463216146,37.946667989095054,46.45332972208659,35.923334757486984,-0.2813104238841498,-42.80939079024841,0.8052013554591468,0.7563143402265633,0.04888701523258354,67.31270181760146,24.178590948634398,39.736000061035156,39.152499771118165,36.81779983520508,37.40609985351563,NSLNISP.NS,2025-08-22 11:22:24.293755
53,2025-06-10 00:00:00+05:30,40.0099983215332,40.70000076293945,39.81999969482422,39.900001525878906,3980191,0.0,0.0,2025-06-10,39.00499992370605,0.6570950707854847,39.66209499449154,38.347904852920564,40.31919006527702,37.690809782135084,97.78023374453603,109.69346197081828,68759874,2979542.762598503,2409716.7801319337,55.198483475003535,76.46398080817458,40.140000661214195,40.46000162760417,39.58000055948894,41.02000172932943,39.25999959309896,41.340002695719406,38.6999994913737,-0.11867756062300727,-28.358130774714127,0.7193024679724545,0.7440925864184174,-0.024790118445962905,62.285479630823225,22.421392083464095,39.33600006103516,39.00499992370605,36.680399856567384,37.3815998840332,NSLNISP.NS,2025-08-22 11:22:24.293755
54,2025-06-09 00:00:00+05:30,39.599998474121094,40.09000015258789,39.54999923706055,39.810001373291016,1898794,0.0,0.0,2025-06-09,38.82049980163574,0.8746097063835396,39.69510950801928,37.9458900952522,40.569719214402824,37.07128038886866,84.98041045424898,102.13320751769862,64779683,1418217.5014936365,2267260.2845152915,55.21416051458247,70.47323235090799,39.81666692097982,40.08333460489909,39.54333368937175,40.356667836507164,39.276666005452476,40.62333552042644,39.003332773844406,-0.06877208053449746,-31.044703717452645,0.6988815546290112,0.7502901160299079,-0.05140856140089667,61.80417212194083,22.05191546806663,39.02599945068359,38.82049980163574,36.583799819946286,37.38969985961914,NSLNISP.NS,2025-08-22 11:22:24.293755
55,2025-06-06 00:00:00+05:30,38.619998931884766,39.7599983215332,38.599998474121094,39.43000030517578,3678676,0.0,0.0,2025-06-06,38.63599967956543,1.030244894694678,39.666244574260105,37.605754784870754,40.69648946895479,36.57550989017607,15.892609578302677,85.84524258818203,62880889,2721392.080279553,2479520.9802707047,55.22169476436207,72.48390372482704,39.26333236694336,39.926666259765625,38.766666412353516,40.42333221435547,38.10333251953125,41.086666107177734,37.606666564941406,-0.025485823661421915,-42.388024350305514,0.6710111343210059,0.763142256380132,-0.0921311220591261,59.792400891895404,22.115393388389457,38.77599945068359,38.63599967956543,36.51299980163574,37.40869983673096,NSLNISP.NS,2025-08-22 11:22:24.293755
56,2025-06-05 00:00:00+05:30,39.08000183105469,39.599998474121094,38.5,38.619998931884766,2193799,0.0,0.0,2025-06-05,38.361999702453616,1.4508312575872153,39.812830960040834,36.9111684448664,41.263662217628045,35.46033718727919,-29.36229137081948,76.27289572213179,59202213,1589578.1660323031,2419053.2052684925,55.236672844914544,72.78605152991938,38.90666580200195,39.313331604003906,38.21333312988281,40.00666427612305,37.80666732788086,40.413330078125,37.11333465576172,-0.015513161983575205,-66.56718083495221,0.6625860629937534,0.7861750368949134,-0.12358897390115997,55.11288294247629,22.445460285269874,38.507999420166016,38.361999702453616,36.45259979248047,37.435899848937986,NSLNISP.NS,2025-08-22 11:22:24.293755
57,2025-06-04 00:00:00+05:30,38.38999938964844,39.0,37.849998474121094,38.91999816894531,2640414,0.0,0.0,2025-06-04,38.13599967956543,1.7331122914824306,39.86911197104786,36.402887388083,41.60222426253029,34.66977509660057,-68.19937695566827,68.48768654523104,61396012,1928047.0828562991,2626421.9650775394,55.246077059742646,74.49899846072678,38.58999888102213,39.32999928792317,38.179997762044266,39.74000040690104,37.43999735514323,40.48000081380208,37.02999623616536,-0.026039083984161333,-57.611975649694486,0.7215330983914043,0.8170722803702033,-0.09553918197879896,57.410820826472495,22.9262666539845,38.767999267578126,38.13599967956543,36.39379981994629,37.47779987335205,NSLNISP.NS,2025-08-22 11:22:24.293755
58,2025-06-03 00:00:00+05:30,38.56999969482422,39.06999969482422,38.20000076293945,38.349998474121094,2780128,0.0,0.0,2025-06-03,37.92649974822998,1.8803452225365906,39.80684497076657,36.04615452569339,41.68719019330316,34.1658093031568,-82.55403241802583,70.36955099278285,58755598,2000335.949043087,2801015.685632849,55.257205427146005,75.17929734748031,38.539999643961586,38.87999852498372,38.009999593098954,39.40999857584635,37.67000071207682,39.749997456868485,37.14000066121419,-0.015750939634335954,-74.62689966316778,0.7565254673583226,0.840957075864903,-0.08443160850658038,54.02910565423218,23.922215862391365,38.94199981689453,37.92649974822998,36.33339988708496,37.50989990234375,NSLNISP.NS,2025-08-22 11:22:24.293755
59,2025-06-02 00:00:00+05:30,38.09000015258789,38.70000076293945,37.5,38.560001373291016,2695115,0.0,0.0,2025-06-02,37.71549987792969,2.0586390127863705,39.77413889071606,35.656860865143315,41.83277790350243,33.59822185235694,-145.52270608023795,63.5266703829239,61535726,1949786.85907592,3001185.6197802895,55.26934842736762,77.41796172598829,38.253334045410156,39.00666809082031,37.80666732788086,39.45333480834961,37.0533332824707,40.206668853759766,36.606666564941406,-0.030162273288167122,-48.10919975476938,0.8460001298841391,0.862064977991548,-0.016064848107408936,55.537746156157745,24.64065231627594,39.12799987792969,37.71549987792969,36.2315998840332,37.56079990386963,NSLNISP.NS,2025-08-22 11:22:24.293755
60,2025-05-30 00:00:00+05:30,39.9900016784668,39.9900016784668,38.0,38.09000015258789,6648380,0.0,0.0,2025-05-30,37.549499893188475,2.1199017575989356,39.669401650787414,35.429598135589536,41.789303408386345,33.309696377990605,-108.98522381148399,84.31217960229291,58840611,4751159.452895108,3264035.3099563816,55.28099045449653,81.9971862920504,38.6933339436849,39.386667887369796,37.396666208903,40.683335622151695,36.7033322652181,41.37666956583659,35.4066645304362,-0.05697968805587247,-52.37191801942529,0.9270545239590291,0.8660811900184002,0.06097333394062887,52.798656658288174,25.695905874724293,39.317999267578124,37.549499893188475,36.145199890136716,37.61149990081787,NSLNISP.NS,2025-08-22 11:22:24.293755
61,2025-05-29 00:00:00+05:30,39.9900016784668,40.849998474121094,39.79999923706055,39.91999816894531,3442999,0.0,0.0,2025-05-29,37.41199989318848,2.171554249947714,39.58355414313619,35.24044564324077,41.75510839308391,33.06889139329305,143.3968477772623,147.45314668496854,65488991,2578696.3554046853,2892254.2742216997,55.310587995656896,92.44765465799543,40.189998626708984,40.57999801635742,39.529998779296875,41.23999786376953,39.13999938964844,41.62999725341797,38.47999954223633,0.006192614218977704,-15.95198321794361,1.063070428655081,0.8508378565332431,0.21223257212183788,67.92853992205457,26.347468217841755,39.6479995727539,37.41199989318848,36.0839998626709,37.66649990081787,NSLNISP.NS,2025-08-22 11:22:24.293755
62,2025-05-28 00:00:00+05:30,39.5,40.400001525878906,39.29999923706055,39.790000915527344,5745985,0.0,0.0,2025-05-28,37.18349990844727,2.1338729181979756,39.31737282664524,35.049626990249294,41.45124574484322,32.915754072051314,118.70191858342746,145.77207965621093,62045992,4289545.059723631,2970643.753925953,55.32432267292108,87.01848427017424,39.83000055948893,40.36000188191731,39.259999593098954,40.93000284830729,38.72999827067057,41.46000417073567,38.159997304280594,0.001981084029261846,-10.560596505398271,1.0408777985314188,0.7977797135027836,0.24309808502863517,67.31062758508185,24.934517667384732,39.444000244140625,37.18349990844727,36.000799865722655,37.69879993438721,NSLNISP.NS,2025-08-22 11:22:24.293755
63,2025-05-27 00:00:00+05:30,39.599998474121094,39.61000061035156,38.849998474121094,39.279998779296875,2194515,0.0,0.0,2025-05-27,36.9689998626709,2.072818803343941,39.04181866601484,34.896181059326956,41.11463746935878,32.823362255983014,49.88511716043159,134.48581538035137,56300007,1617271.0648222999,2640918.4274765337,55.347492904383856,81.54952698538455,39.246665954589844,39.643333435058594,38.883331298828125,40.00666809082031,38.486663818359375,40.40333557128906,38.123329162597656,-0.011851802615710177,-17.209908865020363,1.0094963910046815,0.7370051922456249,0.2724911987590566,64.84310713766334,23.657715202496206,39.284000396728516,36.9689998626709,35.929599838256834,37.73019992828369,NSLNISP.NS,2025-08-22 11:22:24.293755
64,2025-05-26 00:00:00+05:30,39.88999938964844,40.599998474121094,39.400001525878906,39.5099983215332,3925347,0.0,0.0,2025-05-26,36.77649993896485,2.0251271210419746,38.80162706000682,34.75137281792287,40.8267541810488,32.726245696880895,104.95818819800948,173.58494926711919,58494522,2909764.645429824,2896830.2681400916,55.356651054545345,79.39934050295216,39.836666107177734,40.27333068847656,39.073333740234375,41.03666305541992,38.63666915893555,41.47332763671875,37.87333679199219,0.000655351345974257,-14.211217898345009,1.0042507631029238,0.6688823925558607,0.33536837054706314,66.95971673802985,22.748521074832613,39.216000366210935,36.77649993896485,35.889199829101564,37.77449993133545,NSLNISP.NS,2025-08-22 11:22:24.293755
65,2025-05-23 00:00:00+05:30,39.09000015258789,39.97999954223633,38.540000915527344,39.7400016784668,3609647,0.0,0.0,2025-05-23,36.56849994659424,1.941503356143188,38.510003302737424,34.62699659045105,40.45150665888061,32.68549323430786,83.63854824552608,170.35957011530735,62419869,2691320.448254919,2893596.6738176583,55.37282364738902,73.64872863442436,39.42000071207682,40.3000005086263,38.86000188191731,40.859999338785805,37.980002085367836,41.73999913533528,37.42000325520833,-0.013541782677371843,-3.404225386407231,0.95966737908266,0.5850402999190948,0.3746270791635652,69.05273563637739,21.02151419438408,39.11600036621094,36.56849994659424,35.83099983215332,37.8257999420166,NSLNISP.NS,2025-08-22 11:22:24.293755
66,2025-05-22 00:00:00+05:30,38.709999084472656,39.310001373291016,38.599998474121094,38.900001525878906,2835439,0.0,0.0,2025-05-22,36.45199985504151,1.8063852211640827,38.25838507620559,34.64561463387742,40.06477029736967,32.839229412713344,64.05579640065424,161.29037766262977,58810222,2069391.8012262138,2944165.730208343,55.38750864716806,68.39498885411692,38.936667124430336,39.27333577473958,38.56333287556966,39.64667002360026,38.226664225260414,39.9833386739095,37.853329976399735,-0.014830543198453195,-13.976910633278349,0.8653948768271533,0.49138353012820346,0.37401134669894986,65.38317998350546,19.504035005428438,38.86800003051758,36.45199985504151,35.74779983520508,37.88729991912842,NSLNISP.NS,2025-08-22 11:22:24.293755
67,2025-05-21 00:00:00+05:30,38.91999816894531,39.150001525878906,38.54999923706055,38.9900016784668,2424860,0.0,0.0,2025-05-21,36.36799983978271,1.7237278702602423,38.09172771004295,34.64427196952247,39.815455580303194,32.92054409926223,71.1258900553755,175.46362412164203,61645661,1773832.9610389143,3162859.212453875,55.39968361197171,63.6785192081935,38.89666748046875,39.24333572387695,38.643333435058594,39.49666976928711,38.29666519165039,39.84333801269531,38.043331146240234,0.0007524847539577329,-12.680078206806103,0.8143127506817507,0.39788069345346594,0.41643205722828475,66.16370998917333,18.274248040217422,38.66199951171875,36.36799983978271,35.648199768066405,37.94729991912842,NSLNISP.NS,2025-08-22 11:22:24.293755
68,2025-05-20 00:00:00+05:30,39.31999969482422,39.869998931884766,38.75,38.939998626708984,5344629,0.0,0.0,2025-05-20,36.28599967956543,1.6288269074429487,37.91482658700838,34.65717277212248,39.54365349445133,33.02834586467953,95.4625842732649,211.15131380563173,59220801,3904687.596609928,3510115.7753076153,55.410053011064385,61.39041626633278,39.186665852864586,39.62333170572917,38.503332773844406,40.30666478474935,38.06666692097982,40.74333063761394,37.38333384195964,-0.012446864288564664,-13.400583417936446,0.7277104264122158,0.2937726791463947,0.4339377472658211,65.95404209497221,17.049459202206965,38.45799942016602,36.28599967956543,35.556799697875974,37.98879989624024,NSLNISP.NS,2025-08-22 11:22:24.293755
69,2025-05-19 00:00:00+05:30,38.79999923706055,39.63999938964844,38.58000183105469,39.0099983215332,4254659,0.0,0.0,2025-05-19,36.170999717712405,1.5083202639215152,37.679319981633924,34.662679453790886,39.187640245555436,33.154359189869375,117.7810598636143,222.38702321925305,64565430,3113963.280008659,3411472.819982037,55.43302426246199,59.498550996241335,39.076666514078774,39.57333119710286,38.51333363850911,40.136664072672524,38.016668955485024,40.63332875569661,37.45333607991536,0.04625615830841162,-9.38898888336803,0.6107318356430937,0.18528824232993937,0.4254435933131544,66.48964952226868,15.484229598611044,37.91199951171875,36.170999717712405,35.485999755859375,38.038499908447264,NSLNISP.NS,2025-08-22 11:22:24.293755
70,2025-05-16 00:00:00+05:30,38.029998779296875,39.0,37.779998779296875,38.5,5694902,0.0,0.0,2025-05-16,36.015499877929685,1.352492694728808,37.367992572658494,34.663007183200875,38.7204852673873,33.310514488472066,128.54069134140494,201.53227328638064,60310771,4113578.426611842,3485850.2049753815,55.45127886813406,53.80818973262689,38.426666259765625,39.073333740234375,37.85333251953125,39.64666748046875,37.2066650390625,40.2933349609375,36.633331298828125,0.047632152857964107,-8.237232704086313,0.4448163694008045,0.07892734400165076,0.36588902539915374,64.54154414367258,13.924461592417236,37.33399963378906,36.015499877929685,35.434199752807615,38.08919994354248,NSLNISP.NS,2025-08-22 11:22:24.293755
71,2025-05-15 00:00:00+05:30,38.099998474121094,38.4900016784668,37.65999984741211,37.869998931884766,4210260,0.0,0.0,2025-05-15,35.878499794006345,1.2198501423374872,37.09834993634383,34.65864965166886,38.31820007868132,33.43879950933137,154.51211088938643,190.13742839008702,54615869,2991417.335557737,3328918.149566266,55.476536339031405,44.061008701530895,38.006666819254555,38.353333791097,37.52333196004231,38.83666865030924,37.17666498819987,39.18333562215169,36.693330128987625,0.0460853858892483,-11.151125781378108,0.27588176065975745,-0.012544912348137677,0.28842667300789515,62.00810721776559,12.60259445750685,36.42399978637695,35.878499794006345,35.41419975280762,38.14979995727539,NSLNISP.NS,2025-08-22 11:22:24.293755
72,2025-05-14 00:00:00+05:30,36.29999923706055,38.290000915527344,36.09000015258789,37.970001220703125,8628574,0.0,0.0,2025-05-14,35.75949993133545,1.1279766619634215,36.88747659329887,34.631523269372025,38.015453255262294,33.5035466074086,179.44035783528332,166.10914087872723,58826129,6146847.467215751,3413293.3530683983,55.495952469190975,36.18501086438455,37.45000076293945,38.810001373291016,36.61000061035156,39.650001525878906,35.25,41.01000213623047,34.40999984741211,0.07452196931719197,-5.97014288032385,0.11745980222750063,-0.08465158060011145,0.2021113828276121,62.66805759019273,11.479122826939033,35.66999969482422,35.75949993133545,35.41079978942871,38.225499954223636,NSLNISP.NS,2025-08-22 11:22:24.293755
73,2025-05-13 00:00:00+05:30,36.29999923706055,36.650001525878906,35.58000183105469,36.209999084472656,3861114,0.0,0.0,2025-05-13,35.61299991607666,1.009857036332769,36.62285695240943,34.60314287974389,37.632713988742196,33.593285843411124,105.08804470105866,70.13634451487793,50197555,2623094.491675549,2729904.8245315594,55.5356517895721,23.032767718879526,36.14666748046875,36.71333312988281,35.643333435058594,37.21666717529297,35.07666778564453,37.78333282470703,34.573333740234375,0.0242732791534072,-36.55706110306032,-0.09699671545541833,-0.13517942630701446,0.038182710851596136,54.80741672362004,10.387121594672617,35.02199935913086,35.61299991607666,35.429799728393554,38.30619995117188,NSLNISP.NS,2025-08-22 11:22:24.293755
74,2025-05-12 00:00:00+05:30,35.20000076293945,36.45000076293945,35.02000045776367,36.119998931884766,6002472,0.0,0.0,2025-05-12,35.49149990081787,1.078123455702896,36.569623356520765,34.41337644511498,37.647746812223666,33.335252989412076,94.88583132301261,44.65590667945591,46336441,4067716.4227408906,2756607.4077455616,55.55526052887361,26.035191517229052,35.86333338419596,36.70666631062825,35.27666600545247,37.29333368937174,34.43333307902018,38.13666661580403,33.84666570027669,0.024946506564468438,-38.29787705012381,-0.1967628539895614,-0.1447251040199135,-0.052037749969647884,54.35100823219639,10.30266154864461,34.60599975585937,35.49149990081787,35.45139976501465,38.41509994506836,NSLNISP.NS,2025-08-22 11:22:24.293755
75,2025-05-09 00:00:00+05:30,33.84000015258789,34.18000030517578,32.93000030517578,33.95000076293945,3812384,0.0,0.0,2025-05-09,35.378999900817874,1.1254422028976125,36.50444210371548,34.253557697920265,37.6298843066131,33.12811549502265,-151.46098884025898,-118.79474966672281,40333969,2428338.4908310203,2428830.1539967293,55.58596552125531,23.389260819275762,33.686667124430336,34.44333394368489,33.19333394368489,34.936667124430336,32.436667124430336,35.69333394368489,31.94333394368489,-0.0155409021423478,-80.2707771950381,-0.31264883672174193,-0.13171566652750152,-0.1809331701942404,41.01361836775349,10.36216354471825,34.43000030517578,35.378999900817874,35.451199798583986,38.531799964904785,NSLNISP.NS,2025-08-22 11:22:24.293755
76,2025-05-08 00:00:00+05:30,34.77000045776367,35.209999084472656,34.0,34.099998474121094,3129951,0.0,0.0,2025-05-08,35.333499908447266,1.2020433397085513,36.53554324815582,34.13145656873871,37.73758658786437,32.92941322903016,-110.56246644011654,-68.71346737151062,44146353,2002463.899659146,2428953.0697881565,55.607697404595676,28.835820308515295,34.436665852864586,34.87333170572917,33.663332621256515,35.64666493733724,33.22666676839193,36.08333079020183,32.45333353678386,-0.030491900356775067,-93.89675061093386,-0.24256896711573006,-0.08648237397894143,-0.15608659313678863,41.79747482996773,9.77943824307313,34.70800018310547,35.333499908447266,35.479399795532224,38.66979995727539,NSLNISP.NS,2025-08-22 11:22:24.293755
77,2025-05-07 00:00:00+05:30,34.0,34.869998931884766,33.84000015258789,34.72999954223633,4271529,0.0,0.0,2025-05-07,35.361999893188475,1.1777704049210145,36.53977029810949,34.18422948826746,37.7175407030305,33.00645908334645,-119.40855461526749,-64.16733856315899,47276304,2783305.8600026835,2535575.362320409,55.62544805337349,34.35431056426219,34.47999954223633,35.119998931884766,34.09000015258789,35.5099983215332,33.45000076293945,36.14999771118164,33.060001373291016,-0.03129661592208105,-79.10798731657432,-0.163942712174169,-0.04746072569474425,-0.11648198647942476,45.16386261044698,10.119262537952933,34.95800018310547,35.361999893188475,35.514999847412106,38.8103999710083,NSLNISP.NS,2025-08-22 11:22:24.293755
78,2025-05-06 00:00:00+05:30,35.349998474121094,35.619998931884766,34.0099983215332,34.130001068115234,3618542,0.0,0.0,2025-05-06,35.4269998550415,1.1769277036971875,36.60392755873869,34.25007215134431,37.78085526243588,33.073144447647124,-119.10241523748195,-56.71295349989151,43004775,2317089.007369952,2473642.7378998403,55.64900978666227,43.245456803144776,34.586666107177734,35.163333892822266,33.5533332824707,36.1966667175293,32.97666549682617,36.77333450317383,31.94333267211914,-0.019466722435488356,-97.06594762579407,-0.12283885896223978,-0.018340229074888054,-0.10449862988735173,40.95856205574634,10.101396623248542,35.1120002746582,35.4269998550415,35.563199844360355,38.94659996032715,NSLNISP.NS,2025-08-22 11:22:24.293755
79,2025-05-05 00:00:00+05:30,35.310001373291016,35.54999923706055,34.97999954223633,35.2400016784668,3120366,0.0,0.0,2025-05-05,35.47199974060059,1.1413962313466925,36.61339597194728,34.3306035092539,37.754792203293974,33.1892072779072,-83.18840628833819,-7.40883359082124,46623317,2063071.381827941,2512781.1705323122,55.66958494118579,49.1598589655561,35.256666819254555,35.53333409627278,34.96333440144856,35.826666514078774,34.686667124430336,36.103333791097,34.393334706624344,0.04802590506544865,-73.3332942082102,-0.009261517490159576,0.0077844283969498804,-0.017045945887109455,47.17314618906768,10.23719354622996,35.37200012207031,35.47199974060059,35.64099983215332,39.08569995880127,NSLNISP.NS,2025-08-22 11:22:24.293755
80,2025-05-02 00:00:00+05:30,35.5,35.939998626708984,34.939998626708984,35.34000015258789,2940569,0.0,0.0,2025-05-02,35.417499732971194,1.1784774509147882,36.595977183885985,34.2390222820564,37.77445463480077,33.06054483114162,-82.54307338136879,1.1119387803926333,49743683,1949713.1406418062,2625208.6177084045,55.686443113795896,50.64442186021902,35.40666580200195,35.87333297729492,34.87333297729492,36.40666580200195,34.40666580200195,36.87333297729492,33.87333297729492,0.06285137980285388,-57.02475691157706,0.026973981064323027,0.012045914868727244,0.014928066195595783,47.7796063484455,10.712410911597852,35.39399948120117,35.417499732971194,35.69579978942871,39.21569995880127,NSLNISP.NS,2025-08-22 11:22:24.293755
81,2025-04-30 00:00:00+05:30,35.5,36.349998474121094,35.099998474121094,35.349998474121094,5004645,0.0,0.0,2025-04-30,35.31849975585938,1.265298997101103,36.58379875296048,34.05320075875827,37.84909775006158,32.787901761657174,-67.97440627945453,10.978720122399242,52684252,3319215.678159068,2794082.486975054,55.7022775708323,55.91939660386924,35.599998474121094,36.099998474121094,34.849998474121094,36.849998474121094,34.349998474121094,37.349998474121094,33.599998474121094,-0.020429810904135374,-56.818180026907804,0.06310936841283876,0.008313898319828298,0.054795470093010466,47.836712655653905,11.224183458917118,35.80799942016601,35.31849975585938,35.766599807739254,39.34479995727539,NSLNISP.NS,2025-08-22 11:22:24.293755
82,2025-04-29 00:00:00+05:30,35.5,36.2400016784668,35.33000183105469,35.5,2814219,0.0,0.0,2025-04-29,35.23499984741211,1.3171518930044825,36.5521517404166,33.91784795440763,37.869303633421076,32.60069606140315,-55.61523292872647,12.758336855387782,57688897,1874386.039963284,2662799.18917905,55.729270203395586,55.3757334735024,35.69000116984049,36.0500005086263,35.14000066121419,36.6000010172526,34.78000132242838,36.96000035603841,34.23000081380208,-0.04572875224328875,-43.55108214126654,0.10743272860331388,-0.005384969203424319,0.1128176978067382,48.64655442150694,11.61835486730045,36.18199996948242,35.23499984741211,35.85659980773926,39.44899997711182,NSLNISP.NS,2025-08-22 11:22:24.293755
83,2025-04-28 00:00:00+05:30,35.04999923706055,35.63999938964844,34.79999923706055,35.43000030517578,2621676,0.0,0.0,2025-04-28,35.162499809265135,1.3414793352410457,36.50397914450618,33.82102047402409,37.84545847974723,32.47954113878304,-80.79339836364717,-18.534772388541423,54874678,1742701.3660346644,2859902.476482991,55.74436825955058,48.73097363096746,35.289999643961586,35.780000050862625,34.939999898274735,36.12999979654948,34.449999491373696,36.620000203450516,34.099999745686844,-0.08846171531056451,-44.723606852144954,0.14777941480451062,-0.033589393655108865,0.1813688084596195,48.26704001269115,11.823468016906833,36.55199966430664,35.162499809265135,35.951199798583986,39.55379997253418,NSLNISP.NS,2025-08-22 11:22:24.293755
84,2025-04-25 00:00:00+05:30,37.59000015258789,37.59000015258789,35.099998474121094,35.349998474121094,5496704,0.0,0.0,2025-04-25,35.14449977874756,1.3401156482809689,36.48461542702853,33.80438413046659,37.824731075309494,32.464268482185624,4.230878036463587,23.6644228967246,52253002,3645562.4914453793,3139202.754095073,55.758502332417066,56.02280538983174,36.01333236694336,36.926666259765625,34.43666458129883,38.503334045410156,33.52333068847656,39.41666793823242,31.94666290283203,-0.1568665258578109,-46.06367160617994,0.20409022670683186,-0.07893159577001374,0.2830218224768456,47.85810646214401,12.532140579048923,36.79399948120117,35.14449977874756,36.05659980773926,39.659199981689454,NSLNISP.NS,2025-08-22 11:22:24.293755
85,2025-04-24 00:00:00+05:30,37.25,38.099998474121094,35.52000045776367,37.40999984741211,4900762,0.0,0.0,2025-04-24,35.19049987792969,1.3631328264188656,36.55363270434855,33.82736705151083,37.91676553076742,32.46423422509196,81.47669980434428,85.31217770264492,57749706,3439728.110628655,3012612.819757496,55.7883171743066,64.87065443498241,37.00999959309896,38.49999872843425,35.92000071207683,39.58999760945638,34.43000157674154,41.07999674479167,33.340002695719406,-0.15347999350595876,-11.557770963431926,0.2809718218719084,-0.14968705138922514,0.4306588732611335,59.011740452621204,13.031568883631667,36.90400009155273,35.19049987792969,36.15999984741211,39.765200004577636,NSLNISP.NS,2025-08-22 11:22:24.293755
86,2025-04-23 00:00:00+05:30,37.45000076293945,37.72999954223633,36.41999816894531,37.220001220703125,4002095,0.0,0.0,2025-04-23,35.140499877929685,1.2940245464154452,36.43452442434513,33.84647533151424,37.72854897076058,32.55245078509879,98.57598806516383,97.49444735903812,52848944,2794708.872749785,2905833.9970397064,55.81228642146513,73.15330873300269,37.12333297729492,37.82666778564453,36.516666412353516,38.43333435058594,35.813331604003906,39.13666915893555,35.2066650390625,-0.16159888908168507,-12.692935086655163,0.17226748919290458,-0.2573517697045085,0.4296192588974131,58.17694842641099,13.198977264811926,36.57399978637695,35.140499877929685,36.21199981689453,39.83979999542236,NSLNISP.NS,2025-08-22 11:22:24.293755
87,2025-04-22 00:00:00+05:30,37.20000076293945,37.959999084472656,36.75,37.349998474121094,5884436,0.0,0.0,2025-04-22,35.06349983215332,1.206640524309219,36.27014035646254,33.8568593078441,37.476780880771756,32.65021878353488,139.70537211628803,117.03983433352488,56851039,4123521.1776183904,2933615.278112187,55.83210935826623,81.46371096997554,37.35333251953125,37.9566650390625,36.746665954589844,38.563331604003906,36.143333435058594,39.166664123535156,35.53666687011719,-0.1863770683264407,-10.463135813083696,0.049194875148046435,-0.3647565844288618,0.4139514595769082,58.939608710381094,12.532150835596658,36.22799987792969,35.06349983215332,36.26259979248047,39.91019996643067,NSLNISP.NS,2025-08-22 11:22:24.293755
88,2025-04-21 00:00:00+05:30,36.0,37.060001373291016,35.61000061035156,36.63999938964844,3958366,0.0,0.0,2025-04-21,34.99099998474121,1.1009608298780411,36.09196081461925,33.89003915486317,37.19292164449729,32.78907832498513,110.13894066862484,57.01956077489156,50966603,2721098.1219519367,2636138.8032356366,55.86112856970969,69.28509687625653,36.436667124430336,37.26333363850911,35.81333287556966,37.88666788736979,34.98666636149088,38.71333440144856,34.363332112630204,-0.04493052888290116,-8.519309485673608,-0.12192350226339954,-0.4682444493230888,0.34632094705968924,56.01537989852602,11.485853779372883,35.76600036621094,34.99099998474121,36.32499984741211,39.983199996948244,NSLNISP.NS,2025-08-22 11:22:24.293755
89,2025-04-17 00:00:00+05:30,35.599998474121094,36.439998626708984,35.59000015258789,35.900001525878906,2778124,0.0,0.0,2025-04-17,34.82199993133545,1.093909637113137,35.91590956844858,33.72809029422231,37.00981920556172,32.63418065710918,101.50589178907254,23.290176276860425,47008237,1871194.3202005401,2614898.9735565614,55.88145134335245,60.83347366356492,35.97666676839193,36.36333338419597,35.513334910074875,36.82666524251302,35.126668294270836,37.21333185831706,34.66333643595378,-0.10313803543237175,-12.528942151101042,-0.26923540135327073,-0.554824686088011,0.2855892847347403,52.75931427840505,10.911811799529785,35.194000244140625,34.82199993133545,36.43499984741211,40.064700012207034,NSLNISP.NS,2025-08-22 11:22:24.293755
90,2025-04-16 00:00:00+05:30,35.5,35.97999954223633,35.38999938964844,35.7599983215332,3028220,0.0,0.0,2025-04-16,34.738999938964845,1.0705380384363679,35.80953797740121,33.66846190052848,36.88007601583758,32.59792386209211,97.32585849472963,3.3348416952519777,44230113,2031691.2507934466,2800825.1368955667,55.896289814294036,53.72842649040742,35.709999084472656,36.029998779296875,35.439998626708984,36.29999923706055,35.119998931884766,36.619998931884766,34.849998474121094,-0.12029881710637336,-18.791960627522332,-0.38088137040234216,-0.6262220072716962,0.24534063686935403,52.1368633890304,10.707334054518897,34.7879997253418,34.738999938964845,36.530399780273434,40.14590000152588,NSLNISP.NS,2025-08-22 11:22:24.293755
91,2025-04-15 00:00:00+05:30,35.70000076293945,35.9900016784668,34.90999984741211,35.4900016784668,5483662,0.0,0.0,2025-04-15,34.70249996185303,1.0460597699620657,35.74855973181509,33.656440191890965,36.79461950177716,32.610380421928895,96.864626250497,-15.091046464485405,41201893,3651316.6298288587,2993108.6084210966,55.912602637479196,56.35122977473908,35.46333440144857,36.01666895548503,34.93666712443034,36.54333623250326,34.38333257039388,37.09667078653972,33.856665293375656,-0.16042094092593095,-30.5785019747363,-0.5042629186750247,-0.6875571664890346,0.18329424781400994,50.98018775395346,10.805628933441694,34.24400024414062,34.70249996185303,36.64259979248047,40.22800003051758,NSLNISP.NS,2025-08-22 11:22:24.293755
92,2025-04-11 00:00:00+05:30,34.20000076293945,35.29999923706055,34.20000076293945,35.040000915527344,3220375,0.0,0.0,2025-04-11,34.71599979400635,1.058426804818855,35.77442659882521,33.65757298918749,36.83285340364406,32.59914618436864,62.44009972673575,-50.3566632518876,35718231,2117109.6541007105,2828556.6030691555,55.94260680127191,57.23547088762364,34.846666971842446,35.49333318074544,34.393334706624344,35.94666544596354,33.74666849772135,36.59333165486653,33.29333623250325,-0.14349005835186762,-39.999984269284674,-0.6279977630755553,-0.7333807284425371,0.10538296536698177,49.07560259200372,10.911484956897011,34.07999954223633,34.71599979400635,36.69579978942871,40.31170001983642,NSLNISP.NS,2025-08-22 11:22:24.293755
93,2025-04-09 00:00:00+05:30,33.869998931884766,33.97999954223633,33.2599983215332,33.779998779296875,1533035,0.0,0.0,2025-04-09,34.775499725341795,1.109800655317905,35.8853003806597,33.66569907002389,36.995101035977605,32.555898414705986,-58.31874362723642,-107.6839299447596,32497856,971593.2677276968,3006418.340311267,55.96065698156456,58.24331346806001,33.67333221435547,34.086666107177734,33.36666488647461,34.393333435058594,32.953330993652344,34.80666732788086,32.646663665771484,-0.1685923567614297,-65.97941793207163,-0.7325824847371152,-0.7597264697842824,0.027143985047167196,43.35321357680778,11.485673841569193,34.27799911499024,34.775499725341795,36.75999977111817,40.400499992370605,NSLNISP.NS,2025-08-22 11:22:24.293755
94,2025-04-08 00:00:00+05:30,33.95000076293945,34.380001068115234,33.310001373291016,33.869998931884766,2933407,0.0,0.0,2025-04-08,34.949499702453615,1.2134700936730591,36.162969796126674,33.736029608780555,37.376439889799734,32.522559515107496,-52.08939768028682,-101.2600190868729,34030891,1864061.789473726,3515124.6084571593,55.96977876446677,68.9603152516645,33.85333379109701,34.396666208903,33.32666651407878,34.923333485921226,32.78333409627279,35.46666590372722,32.25666681925456,-0.17171223550115836,-64.12374409901541,-0.7312917667093473,-0.766512466046074,0.03522069933672678,43.67875707971194,11.647020014501999,34.52799911499024,34.949499702453615,36.881199798583985,40.52420001983643,NSLNISP.NS,2025-08-22 11:22:24.293755
95,2025-04-07 00:00:00+05:30,33.0,33.63999938964844,32.130001068115234,33.040000915527344,5984254,0.0,0.0,2025-04-07,35.08599967956543,1.238927020983236,36.324926700548666,33.8470726585822,37.563853721531906,32.60814563759896,-138.735820079781,-142.2388489970728,31097484,3709563.986283695,3927890.313203017,55.98718301750692,63.9068248371778,32.936667124430336,33.74333318074544,32.233334859212235,34.44666544596354,31.426668802897133,35.25333150227864,30.72333653767903,-0.1764169043459992,-81.23711064513236,-0.7274227296148794,-0.7753176408802557,0.04789491126537626,39.808176274432476,11.853522971669204,34.58399963378906,35.08599967956543,37.013799819946286,40.65500003814697,NSLNISP.NS,2025-08-22 11:22:24.293755
96,2025-04-04 00:00:00+05:30,35.90999984741211,35.970001220703125,34.34000015258789,34.66999816894531,4569714,0.0,0.0,2025-04-04,35.212999725341795,1.1447640541501607,36.357763779491954,34.06823567119164,37.50252783364212,32.92347161704147,0.4154486549106521,-62.31812390089987,37081738,2972457.378619302,3982471.8949328475,56.02410906237061,64.91667583763106,34.993333180745445,35.646666208903,34.016665140787765,36.62333424886068,33.36333211263021,37.276667277018234,32.38666407267253,-0.1568213516102395,-60.31338302070396,-0.6297054043054828,-0.7872913686965997,0.15758596439111683,45.511828260298394,11.497442240068114,34.6479995727539,35.212999725341795,37.163199768066406,40.80370002746582,NSLNISP.NS,2025-08-22 11:22:24.293755
97,2025-04-03 00:00:00+05:30,34.5,36.34000015258789,34.5,36.029998779296875,6033876,0.0,0.0,2025-04-03,35.175499725341794,1.1753630433191076,36.3508627686609,34.000136682022685,37.52622581198001,32.824773638703576,41.64780758132148,-39.97315541785679,41651452,4078809.5314505342,4234975.524011234,56.050381351612174,69.90110708165896,35.62333297729492,36.746665954589844,34.90666580200195,37.46333312988281,33.78333282470703,38.586666107177734,33.06666564941406,-0.15223041790500008,-27.638251641613945,-0.6555866581580148,-0.8266878597943788,0.171101201636364,51.19476631991027,12.129148107557121,34.45,35.175499725341794,37.29559982299805,40.95780006408691,NSLNISP.NS,2025-08-22 11:22:24.293755
98,2025-04-02 00:00:00+05:30,34.400001525878906,35.5,33.68000030517578,35.029998779296875,4917649,0.0,0.0,2025-04-02,35.09499969482422,1.1688747683731358,36.263874463197354,33.92612492645108,37.43274923157049,32.757250158077944,-24.24245719376721,-75.69833375244701,35617576,3231993.263280032,4274017.022151408,56.082957688506504,65.48012907783563,34.73666636149088,35.793332417805985,33.973332722981766,36.5566660563151,32.916666666666664,37.613332112630204,32.15333302815755,-0.19484427314821756,-52.763882672166986,-0.8127288287590133,-0.8694631602034696,0.056734331444456276,46.64601824505178,12.680981399906525,34.05400009155274,35.09499969482422,37.41799987792969,41.0938000869751,NSLNISP.NS,2025-08-22 11:22:24.293755
99,2025-04-01 00:00:00+05:30,33.36000061035156,34.650001525878906,33.36000061035156,34.150001525878906,4534617,0.0,0.0,2025-04-01,35.11349983215332,1.1707184513647355,36.28421828351806,33.94278138078859,37.45493673488279,32.77206292942385,-61.353417694359194,-102.2846246770866,30699927,2905387.986602469,4534522.961869251,56.11091403950893,61.406609127812935,34.05333455403646,34.74666849772136,33.456667582194015,35.343335469563804,32.76333363850912,36.0366694132487,32.16666666666667,-0.23832645754492437,-79.12316064185705,-0.9031195043200029,-0.8836467430645836,-0.019472761255419302,42.24763299917236,13.4120025815623,34.0620002746582,35.11349983215332,37.54959991455078,41.22270008087158,NSLNISP.NS,2025-08-22 11:22:24.293755
100,2025-03-28 00:00:00+05:30,33.810001373291016,34.880001068115234,33.29999923706055,33.36000061035156,8200823,0.0,0.0,2025-03-28,35.22699966430664,1.1823708749978559,36.4093705393045,34.04462878930878,37.59174141430235,32.86225791431093,-84.26294603708438,-112.48518052972258,26165310,5132822.968131676,4941806.705685947,56.13783762633156,61.884348498048155,33.846666971842446,34.393334706624344,32.81333287556966,35.42666880289713,32.26666514078776,35.97333653767903,31.23333104451497,-0.26839656916892635,-95.63411245193954,-0.9184969351285872,-0.8787785527507287,-0.03971838237785852,37.9860014354146,13.505313379175535,34.486000061035156,35.22699966430664,37.69839988708496,41.35090007781982,NSLNISP.NS,2025-08-22 11:22:24.293755
101,2025-03-27 00:00:00+05:30,34.04999923706055,34.25,33.54999923706055,33.68000030517578,8574779,0.0,0.0,2025-03-27,35.433999633789064,1.2005674567535636,36.634567090542625,34.2334321770355,37.83513454729619,33.032864720281935,-109.29093848713825,-117.61570928210652,34366133,5418359.539787903,4894052.640074514,56.18845222733375,60.7992130627901,33.826666514078774,34.103333791097,33.40333302815755,34.52666727701823,33.12666575113932,34.803334554036454,32.703332265218094,-0.2243096218737573,-88.98130876698771,-0.8464649656932792,-0.868848957156264,0.022383991462984754,39.070408318169314,13.605801930451326,35.09599990844727,35.433999633789064,37.85119987487793,41.49960006713867,NSLNISP.NS,2025-08-22 11:22:24.293755
102,2025-03-26 00:00:00+05:30,35.29999923706055,35.349998474121094,34.0,34.04999923706055,6475052,0.0,0.0,2025-03-26,35.634999656677245,1.2276659376447938,36.86266559432204,34.40733371903245,38.09033153196683,33.17966778138766,-87.41003370788529,-102.41160822472399,42940912,4136501.2911037053,4762975.915146166,56.24087073892084,67.97243509765997,34.46666590372721,34.93333180745442,33.58333333333333,35.816664377848305,33.11666742960612,36.283330281575516,32.233334859212235,-0.196245989631164,-81.28901937645134,-0.7729321116535885,-0.87444495502201,0.10151284336842148,40.305795950953595,13.20321913446386,35.49599990844727,35.634999656677245,37.994399871826175,41.63770008087158,NSLNISP.NS,2025-08-22 11:22:24.293755
103,2025-03-25 00:00:00+05:30,36.599998474121094,36.599998474121094,35.0,35.06999969482422,6332914,0.0,0.0,2025-03-25,35.878499603271486,1.3713085155235747,37.24980811879506,34.50719108774791,38.62111663431863,33.13588257222434,2.29269453288655,-69.13573593526931,49415964,4166891.0924283997,4919594.571156781,56.27996366257275,69.28111577526897,35.5566660563151,36.113332112630204,34.51333363850911,37.156664530436196,33.95666758219401,37.7133305867513,32.913335164388016,-0.14749515541730646,-60.08317789028894,-0.7035159719451585,-0.8998231658641153,0.1963071939189568,43.85550875616286,13.024754981987673,35.86600036621094,35.878499603271486,38.08279991149902,41.75950008392334,NSLNISP.NS,2025-08-22 11:22:24.293755
104,2025-03-24 00:00:00+05:30,36.599998474121094,36.970001220703125,36.099998474121094,36.27000045776367,7053972,0.0,0.0,2025-03-24,35.98949966430664,1.3921111841513516,37.381610848457996,34.59738848015529,38.77372203260934,33.20527729600394,62.81017008537324,-40.881860326043025,55748878,4800142.05124334,5107770.440838876,56.316571408292376,70.02704250792131,36.4466667175293,36.7933349609375,35.92333221435547,37.31666946411133,35.576663970947266,37.66333770751953,35.05332946777344,-0.08318999394804658,-35.13512441788166,-0.7044375355535948,-0.9488999643438544,0.2444624287902596,48.52402559201541,13.430883145066332,35.50400009155273,35.98949966430664,38.19559989929199,41.86140007019043,NSLNISP.NS,2025-08-22 11:22:24.293755
105,2025-03-21 00:00:00+05:30,35.68000030517578,36.97999954223633,35.61000061035156,36.40999984741211,6847863,0.0,0.0,2025-03-21,35.981499671936035,1.3908735841957178,37.37237325613175,34.59062608774032,38.76324684032747,33.1997525035446,49.944832124818745,-47.24341674457703,62802850,4677874.190507202,5184677.53823776,56.35518489512351,64.58907377702445,36.333333333333336,37.05666605631511,35.68666712443034,37.7033322652181,34.96333440144857,38.426664988199875,34.31666819254558,-0.027807341745517366,-32.22453271917469,-0.8131260135606411,-1.0100155715414192,0.19688955798077812,49.09014915819789,14.323108511913118,35.09800033569336,35.981499671936035,38.30439987182617,41.95190006256104,NSLNISP.NS,2025-08-22 11:22:24.293755
106,2025-03-20 00:00:00+05:30,36.20000076293945,36.439998626708984,35.33000183105469,35.68000030517578,4940652,0.0,0.0,2025-03-20,35.928999710083005,1.3936619876451108,37.322661697728115,34.535337722437895,38.716323685373226,33.141675734792784,17.792811042824063,-67.36237193143002,55954987,3307363.365686405,5311378.3751703985,56.39255042779296,59.734646970149356,35.81666692097982,36.30333201090495,35.193335215250656,36.92666371663412,34.70667012532552,37.41332880655925,34.08333841959636,-0.05061130520969024,-47.40124608220082,-0.9537479288750319,-1.0592379610366138,0.10549003216158193,46.04211767611051,15.283966599286579,34.822000122070314,35.928999710083005,38.41919990539551,42.02490005493164,NSLNISP.NS,2025-08-22 11:22:24.293755
107,2025-03-19 00:00:00+05:30,34.0,36.400001525878906,33.9900016784668,35.900001525878906,23532281,0.0,0.0,2025-03-19,35.93899974822998,1.392498344104528,37.33149809233451,34.54650140412545,38.72399643643904,33.154003060020926,-0.5287432752823293,-83.38203268465239,60895639,15850073.844278762,5812382.127541397,56.42058431299661,55.56865144540908,35.43000157674154,36.87000147501628,34.46000162760417,37.84000142415365,33.02000172932943,39.28000132242839,32.05000178019206,-0.04184485867987116,-44.8897559662961,-1.0474419726728357,-1.0856104690770092,0.038168496404173524,46.82667757457748,16.25350565843167,34.837999725341795,35.93899974822998,38.561799926757814,42.119700050354005,NSLNISP.NS,2025-08-22 11:22:24.293755
108,2025-03-17 00:00:00+05:30,34.290000915527344,34.650001525878906,33.150001525878906,33.2599983215332,6619243,0.0,0.0,2025-03-17,36.00099964141846,1.4180412856913083,37.41904092710977,34.58295835572715,38.83708221280108,33.16491707003584,-118.4011891443647,-143.55851563995907,37363358,4130506.833417393,3302959.198357056,56.55373025897642,35.40035547270732,33.686667124430336,34.223332722981766,32.723332722981766,35.186667124430336,32.186667124430336,35.723332722981766,31.223332722981766,-0.20293440614616803,-97.91672687339248,-1.1731951948366515,-1.0951525931780524,-0.07804260165859911,34.364066409507785,17.272577560423017,34.90399932861328,36.00099964141846,38.686399917602536,42.21010002136231,NSLNISP.NS,2025-08-22 11:22:24.293755
109,2025-03-13 00:00:00+05:30,35.060001373291016,35.54999923706055,34.04999923706055,34.2400016784668,4052733,0.0,0.0,2025-03-13,36.23899974822998,1.3305395762329209,37.5695393244629,34.908460171997056,38.90007890069582,33.57792059576414,-78.22258271791223,-121.0708971130501,43982601,2603481.9269920615,3096072.289591972,56.59632097849367,55.17796173281662,34.61333338419596,35.176667531331375,33.676667531331375,36.11333338419596,33.11333338419596,36.676667531331375,32.176667531331375,-0.16255349440753394,-88.87416904011597,-1.0564214258936104,-1.0756419427634025,0.019220516869792093,37.38431084317906,17.198228768483,35.70399932861328,36.23899974822998,38.88999992370606,42.32750003814697,NSLNISP.NS,2025-08-22 11:22:24.293755
110,2025-03-12 00:00:00+05:30,36.25,37.130001068115234,34.7400016784668,35.029998779296875,6289709,0.0,0.0,2025-03-12,36.42599964141846,1.2972051640126823,37.72320480543114,35.128794477405776,39.02040996944382,33.831589313393096,-12.005594332470844,-93.90124807283165,48035334,4133742.997109347,3219219.8802419486,56.62137643562443,60.67790018131083,35.63333384195963,36.52666600545247,34.13666661580403,38.02333323160807,33.243334452311196,38.91666539510091,31.746667226155594,-0.13174815873352405,-78.41063022342001,-0.9874247125373614,-1.0804470719808503,0.09302235944348891,40.01699232829995,17.596097243821802,36.17599868774414,36.42599964141846,39.07779991149902,42.4651000213623,NSLNISP.NS,2025-08-22 11:22:24.293755
111,2025-03-11 00:00:00+05:30,35.560001373291016,36.02000045776367,34.0,35.7599983215332,3794791,0.0,0.0,2025-03-11,36.618499755859375,1.3631284108965172,37.98162816675589,35.25537134496286,39.34475657765241,33.89224293406634,-47.44391214059072,-111.13133140731328,54325043,2545998.531576211,2990589.101025099,56.6589966256156,59.35294348161205,35.25999959309896,36.51999918619792,34.49999872843425,37.28000005086263,33.23999913533529,38.53999964396159,32.47999827067058,-0.09724936102656032,-68.74176113727505,-0.9619297756321359,-1.1037026618417225,0.1417728862095866,42.590546020547315,18.41161307080793,36.2859992980957,36.618499755859375,39.24899993896484,42.60840003967285,NSLNISP.NS,2025-08-22 11:22:24.293755
112,2025-03-10 00:00:00+05:30,37.27000045776367,37.939998626708984,35.54999923706055,36.22999954223633,3556144,0.0,0.0,2025-03-10,36.82299976348877,1.5247677375889452,38.34776750107771,35.29823202589982,39.87253523866666,33.773464288310876,20.846227089821046,-73.62866419382516,58119834,2417243.8524641125,3101736.7433873205,56.680989408878425,59.725127799669764,36.57333246866862,37.59666570027669,35.20666631062825,38.963331858317055,34.18333307902018,39.986665089925125,32.81666692097981,-0.13793767070507237,-62.5165787770433,-0.9866077313959565,-1.139145883394119,0.15253815199816256,44.293566027721496,18.521017652666043,35.917999267578125,36.82299976348877,39.39680000305176,42.749100074768066,NSLNISP.NS,2025-08-22 11:22:24.293755
113,2025-03-07 00:00:00+05:30,36.869998931884766,37.959999084472656,36.650001525878906,37.2599983215332,5330304,0.0,0.0,2025-03-07,37.02299976348877,1.6956510106466027,38.71865077413537,35.32734875284217,40.414301784781976,33.63169774219556,42.116104103605174,-52.88005225069958,61675978,3726212.400302743,3272859.9661181225,56.701177210474036,58.32811737800565,37.289999643961586,37.929997762044266,36.620000203450516,38.599997202555336,35.980002085367836,39.239995320638016,35.310002644856766,-0.10011419358632244,-48.87420946075333,-1.0495423899598535,-1.1772804213936596,0.12773803143380613,48.21695144899581,19.518890144246235,35.555998992919925,37.02299976348877,39.53080001831054,42.889100074768066,NSLNISP.NS,2025-08-22 11:22:24.293755
114,2025-03-06 00:00:00+05:30,36.38999938964844,37.2599983215332,36.130001068115234,36.599998474121094,4865869,0.0,0.0,2025-03-06,37.194999885559085,1.8848691402550686,39.079869025814155,35.310130745304015,40.964738166069225,33.425261605048945,11.487450909466707,-77.79665549252042,56345674,3341290.816594292,3159521.8575719674,56.72998520283165,52.91252964882066,36.66333262125651,37.19666417439778,36.06666692097981,37.79332987467448,35.53333536783854,38.32666142781575,34.936669667561844,-0.10692163188119996,-57.61593017739102,-1.215654940325301,-1.209214929252111,-0.006440011073189922,45.33594521420397,20.721373349239865,35.183999633789064,37.194999885559085,39.65980003356933,43.02150009155273,NSLNISP.NS,2025-08-22 11:22:24.293755
115,2025-03-05 00:00:00+05:30,34.0,35.70000076293945,34.0,35.58000183105469,4690190,0.0,0.0,2025-03-05,37.390999984741214,2.0187956700363237,39.40979565477754,35.37220431470489,41.42859132481386,33.35340864466857,-66.07818123035409,-137.50455764358762,51479805,3130900.022076578,3114079.6178163863,56.75725175237725,51.19084377669345,35.09333419799805,36.186668395996094,34.48666763305664,36.7933349609375,33.393333435058594,37.88666915893555,32.78666687011719,-0.11472580700410784,-71.1258208547247,-1.344910342709781,-1.2076049264838133,-0.1373054162259677,40.59279051616059,22.15049414452428,35.1479995727539,37.390999984741214,39.820600051879886,43.16410011291504,NSLNISP.NS,2025-08-22 11:22:24.293755
116,2025-03-04 00:00:00+05:30,34.0,34.90999984741211,33.54999923706055,33.91999816894531,4680898,0.0,0.0,2025-03-04,37.61249980926514,2.052384719757288,39.66488452902242,35.56011508950785,41.717269248779715,33.50773036975056,-123.32170445366894,-181.66551631801278,46789615,2978912.8304268285,3109874.5167513383,56.78493733546124,44.99220152861783,34.12666575113932,34.703332265218094,33.34333165486653,35.48666636149088,32.76666514078776,36.06333287556966,31.98333104451497,-0.1782126132200669,-93.11262654817357,-1.3895647817832284,-1.1732785724273214,-0.21628620935590703,31.627362863643697,22.517390823540623,35.53199920654297,37.61249980926514,40.02680000305176,43.32200008392334,NSLNISP.NS,2025-08-22 11:22:24.293755
117,2025-03-03 00:00:00+05:30,35.61000061035156,36.20000076293945,33.400001525878906,34.41999816894531,5482138,0.0,0.0,2025-03-03,37.90399990081787,1.909371215790437,39.81337111660831,35.994628685027436,41.722742332398745,34.085257469237,-122.02852773299419,-176.7271526962228,51470513,3540247.328759849,3142614.9383324655,56.81480903374533,46.15488386578843,34.673333485921226,35.946665445963546,33.146666208903,37.47333272298177,31.87333424886068,38.74666468302409,30.346666971842453,-0.1840134132424827,-86.49010932266633,-1.262196774453109,-1.1192070200883444,-0.1429897543647647,33.02116619219021,22.231298675214717,36.2879997253418,37.90399990081787,40.24640007019043,43.49190010070801,NSLNISP.NS,2025-08-22 11:22:24.293755
118,2025-02-28 00:00:00+05:30,36.349998474121094,36.349998474121094,35.29999923706055,35.400001525878906,3740446,0.0,0.0,2025-02-28,38.20650005340576,1.8047340992911296,40.01123415269689,36.40176595411463,41.81596825198802,34.597031854823506,-89.27993385382374,-153.27674723142923,56952651,2484273.8462067214,3043206.8407256193,56.84912711970144,48.7142039090875,35.68333307902018,36.06666692097981,35.016667683919266,36.73333231608073,34.63333384195963,37.11666615804036,33.96666844685872,-0.1966377103435963,-92.49998728434245,-1.129245359394801,-1.0834595814971533,-0.04578577789764782,35.90063252016246,21.923199438556047,37.1879997253418,38.20650005340576,40.420800094604495,43.65490013122559,NSLNISP.NS,2025-08-22 11:22:24.293755
119,2025-02-27 00:00:00+05:30,37.5,37.779998779296875,36.400001525878906,36.41999816894531,2363232,0.0,0.0,2025-02-27,38.54349994659424,1.880773115066312,40.42427306166055,36.66272683152793,42.30504617672686,34.781953716461615,-19.332371866102225,-118.22298860662171,60693097,1614801.2447427504,3182940.089355344,56.87157694652112,49.1758928603815,36.86666615804037,37.33333079020183,35.95333353678386,38.246663411458336,35.4866689046224,38.713328043619796,34.57333628336589,-0.12858074012576662,-75.50004323323567,-1.038432963762176,-1.0720131370227413,0.03358017326056517,39.204685349012514,22.64378070090068,37.565999603271486,38.54349994659424,40.59100006103515,43.81010009765625,NSLNISP.NS,2025-08-22 11:22:24.293755
120,2025-02-25 00:00:00+05:30,37.209999084472656,38.13999938964844,37.13999938964844,37.5,2167424,0.0,0.0,2025-02-25,38.75599994659424,1.8682732329578975,40.624273179552134,36.88772671363634,42.49254641251003,35.01945348067844,25.460948111473343,-97.38525291466269,63056329,1524923.09875092,3574974.8005084926,56.885110146444674,54.876539191411226,37.59333292643229,38.04666646321614,37.04666646321614,38.59333292643229,36.59333292643229,39.04666646321614,36.04666646321614,-0.12029191013499177,-60.94946839584063,-1.006885960507823,-1.0804081803378824,0.07352221983005935,43.10511639747928,24.1647566958584,37.50400009155273,38.75599994659424,40.74420013427734,43.95720012664795,NSLNISP.NS,2025-08-22 11:22:24.293755
121,2025-02-24 00:00:00+05:30,38.15999984741211,38.43000030517578,37.29999923706055,37.70000076293945,3136220,0.0,0.0,2025-02-24,38.949499893188474,1.9307083896218444,40.880208282810315,37.01879150356663,42.810916672432164,35.08808311394478,26.643849411402414,-95.03924031169319,65223753,2218302.0278644683,4087487.7259478853,56.896881952553436,58.85853954365091,37.81000010172526,38.32000096638997,37.189999898274735,38.94000116984049,36.679999033610024,39.450002034505204,36.0599988301595,0.06347662825457007,-57.88666900338825,-1.0576042054525914,-1.0987887352953971,0.04118452984280574,43.855389121107315,25.68912071400102,37.07600021362305,38.949499893188474,40.88540016174316,44.09910011291504,NSLNISP.NS,2025-08-22 11:22:24.293755
122,2025-02-21 00:00:00+05:30,37.29999923706055,40.95000076293945,37.29999923706055,38.91999816894531,17414087,0.0,0.0,2025-02-21,38.971999931335446,1.9179606405855671,40.889960571921016,37.05403929074988,42.80792121250658,35.136078650164315,77.60900476029127,-49.682815008588705,68359973,12715876.995408986,4554784.15046874,56.91376496442558,63.381378498854744,39.0566660563151,40.81333287556966,37.16333134969075,42.70666758219401,35.406664530436196,44.46333440144856,33.513329823811844,0.07702322017965152,-39.2037037037037,-1.1262116668387563,-1.1090848677560985,-0.017126799082657795,48.65202079606213,27.209149972933623,36.7120002746582,38.971999931335446,41.04020011901856,44.24790012359619,NSLNISP.NS,2025-08-22 11:22:24.293755
123,2025-02-20 00:00:00+05:30,36.11000061035156,37.61000061035156,35.869998931884766,37.290000915527344,4064727,0.0,0.0,2025-02-20,38.938500022888185,1.9247559270847532,40.86325594997294,37.01374409580343,42.78801187705769,35.08898816871868,-38.3069778685968,-139.387215050133,50945886,2843783.7846342144,2514510.939233678,57.00206512875217,43.56063980479646,36.923333485921226,37.97666803995769,36.23666636149089,38.66333516438802,35.18333180745443,39.716669718424484,34.49666468302409,0.09584896664247236,-64.16538146979788,-1.317137454101342,-1.104803167985434,-0.2123342861159081,40.59059855012363,28.846104559476426,36.35600051879883,38.938500022888185,41.18260017395019,44.40060012817383,NSLNISP.NS,2025-08-22 11:22:24.293755
124,2025-02-19 00:00:00+05:30,35.349998474121094,36.290000915527344,35.099998474121094,36.11000061035156,3861752,0.0,0.0,2025-02-19,39.06599998474121,1.8940217662498826,40.960021750991096,37.171978218491326,42.854043517240974,35.27795645224145,-98.64914585456015,-193.96558501845493,46881159,2616282.7218216085,2432192.727883544,57.02466989095507,34.89760184551277,35.833333333333336,36.56666819254558,35.37666575113933,37.023335774739586,34.643330891927086,37.75667063395183,34.18666330973308,0.052749094531707306,-84.81675471095178,-1.3810936574705934,-1.051719596456457,-0.32937406101413647,33.58105018222379,28.808369855870918,36.502000427246095,39.06599998474121,41.37880012512207,44.56720012664795,NSLNISP.NS,2025-08-22 11:22:24.293755
125,2025-02-18 00:00:00+05:30,36.400001525878906,36.400001525878906,34.95000076293945,35.36000061035156,3315903,0.0,0.0,2025-02-18,39.28549995422363,1.7846401609856102,41.07014011520924,37.50085979323802,42.85478027619485,35.71621963225241,-130.10912660248374,-219.0931325679512,43019407,2199818.645069326,2386170.2293990273,57.04748093965384,34.52005418603498,35.570000966389976,36.1900011698405,34.740000406901046,37.02000172932943,34.12000020345052,37.64000193277995,33.28999964396159,0.02220527176574049,-94.63350942190355,-1.3258391657067818,-0.9693760812029227,-0.3564630845038591,28.609770331204643,27.180682524194086,36.876000213623044,39.28549995422363,41.612400131225584,44.734500122070315,NSLNISP.NS,2025-08-22 11:22:24.293755
126,2025-02-17 00:00:00+05:30,35.349998474121094,36.939998626708984,35.099998474121094,35.880001068115234,5299155,0.0,0.0,2025-02-17,39.542999839782716,1.5437070370991013,41.08670687688182,37.99929280268361,42.63041391398092,36.455585765584516,-156.3952979395239,-212.87122737022048,46335310,3567236.2060355255,2432758.1254814523,57.06781048644045,42.4746256418822,35.97333272298177,36.84666697184245,35.00666681925456,37.813332875569664,34.13333257039388,38.68666712443034,33.16666666666667,0.031431770237019645,-89.58608252069435,-1.1611445638923996,-0.8802603100769579,-0.2808842538154417,30.05819706347502,25.427788474695962,37.58000030517578,39.542999839782716,41.86020011901856,44.896700134277346,NSLNISP.NS,2025-08-22 11:22:24.293755
127,2025-02-14 00:00:00+05:30,38.04999923706055,38.70000076293945,36.5,37.13999938964844,2353787,0.0,0.0,2025-02-14,39.81349983215332,1.3268213847062258,41.14032121685955,38.48667844744709,42.46714260156577,37.15985706274087,-132.27796903989582,-161.69054361360728,51634465,1640143.5083432018,2149138.605342934,57.09959829141972,70.63286896437847,37.4466667175293,38.393333435058594,36.19333267211914,39.64666748046875,35.246665954589844,40.59333419799805,33.99333190917969,0.028057679753201538,-89.49097908681537,-0.983904632956893,-0.8100392466230975,-0.17386538633379556,33.92231287000685,23.60116429450383,38.373999786376956,39.81349983215332,42.10580009460449,45.05110012054443,NSLNISP.NS,2025-08-22 11:22:24.293755
128,2025-02-13 00:00:00+05:30,38.25,38.810001373291016,37.709999084472656,38.02000045776367,2382463,0.0,0.0,2025-02-13,40.06399993896484,1.2670993445416048,41.33109928350645,38.796900594423235,42.59819862804805,37.52980124988163,-131.28188451302762,-139.58301862720316,53988252,1699460.5187090156,2276387.379592867,57.11290823882013,69.17887047848153,38.18000030517578,38.650001525878906,37.54999923706055,39.28000259399414,37.07999801635742,39.750003814697266,36.44999694824219,0.05516311613303548,-80.4577367832164,-0.866166910122935,-0.7665729000396485,-0.0995940100832865,37.00767737737638,22.257901730979995,38.991999816894534,40.06399993896484,42.33000007629394,45.20830013275147,NSLNISP.NS,2025-08-22 11:22:24.293755
129,2025-02-12 00:00:00+05:30,38.880001068115234,38.880001068115234,37.119998931884766,37.97999954223633,3374972,0.0,0.0,2025-02-12,40.24349994659424,1.21553655841048,41.45903650500472,39.027963388183764,42.6745730634152,37.81242682977328,-201.25956438073035,-155.4038285814248,51605789,2404905.0065639284,2420619.0948138298,57.12580405527783,64.20091593562718,37.993333180745445,38.866667429606125,37.106665293375656,39.753335316975914,36.233331044514976,40.62666956583659,35.34666315714519,0.08345242750358332,-81.16197821593066,-0.7889699775950021,-0.7416743975188268,-0.04729558007617529,36.76492039554613,21.477164673289792,39.52799987792969,40.24349994659424,42.530400085449216,45.34820011138916,NSLNISP.NS,2025-08-22 11:22:24.293755
130,2025-02-11 00:00:00+05:30,39.810001373291016,39.95000076293945,38.5,38.880001068115234,2567609,0.0,0.0,2025-02-11,40.42399997711182,1.1265007971985534,41.55050077431037,39.29749917991327,42.677001571508924,38.170998382714714,-152.50178254061717,-113.72301204289295,54980761,1872957.637738379,2424547.616876305,57.14414028872749,65.78887860119377,39.11000061035156,39.720001220703125,38.27000045776367,40.560001373291016,37.65999984741211,41.17000198364258,36.81999969482422,0.08764018954851588,-65.31688178065761,-0.6742409362747992,-0.7298505024997829,0.0556095662249837,39.98429396342569,20.636370918854187,40.03600006103515,40.42399997711182,42.73560012817383,45.474200134277346,NSLNISP.NS,2025-08-22 11:22:24.293755
131,2025-02-10 00:00:00+05:30,40.29999923706055,40.29999923706055,39.599998474121094,39.849998474121094,1740517,0.0,0.0,2025-02-10,40.52999992370606,1.0719927458885348,41.601992669594594,39.45800717781752,42.67398541548313,38.386014431928984,-102.1622075899091,-82.81730084156897,57548370,1301305.8309005518,2562445.1116607864,57.15745742918042,65.92605846643383,39.916665395100914,40.233332316080734,39.53333155314128,40.61666615804037,39.21666463216146,40.93333307902019,38.83333079020183,0.11213436141376756,-48.23946357837389,-0.6057737391593747,-0.7437528940560288,0.13797915489665413,43.824933528552755,20.60863672193606,40.26199951171875,40.52999992370606,42.92300010681152,45.58980010986328,NSLNISP.NS,2025-08-22 11:22:24.293755
132,2025-02-07 00:00:00+05:30,40.099998474121094,40.38999938964844,39.5,40.22999954223633,2823452,0.0,0.0,2025-02-07,40.57950000762939,1.0617486445981907,41.64124865222758,39.5177513630312,42.70299729682577,38.45600271843301,-36.00407994551375,-80.34695474062596,59288887,2131097.0786758787,2877729.931850845,57.166016156145446,64.700301112554,40.039999643961586,40.57999928792317,39.689999898274735,40.929999033610024,39.15000025431315,41.46999867757161,38.8000005086263,0.1569971841046692,-41.549304287907546,-0.6044666367900504,-0.7782476827801923,0.17378104599014188,45.4116850219905,21.446538867351094,40.241999816894534,40.57950000762939,43.04140014648438,45.71020011901855,NSLNISP.NS,2025-08-22 11:22:24.293755
133,2025-02-06 00:00:00+05:30,41.150001525878906,41.47999954223633,40.18000030517578,40.70000076293945,4076060,0.0,0.0,2025-02-06,40.49150009155274,1.1605771784118886,41.65207726996463,39.330922913140846,42.81265444837651,38.17034573472896,43.22646357286748,-53.33914804571642,62112339,3112488.69576787,3064388.1451445865,57.1796129902664,65.84157927398752,40.78666687011719,41.393333435058594,40.09333419799805,42.086666107177734,39.48666763305664,42.69333267211914,38.7933349609375,0.0936675898613727,-33.274635353913894,-0.631058911877183,-0.8216929442777278,0.19063403240054477,47.38197612946002,22.3488950239519,40.29000015258789,40.49150009155274,43.15640014648437,45.83200012207031,NSLNISP.NS,2025-08-22 11:22:24.293755
134,2025-02-05 00:00:00+05:30,40.5,41.25,40.27000045776367,40.52000045776367,2449160,0.0,0.0,2025-02-05,40.49200000762939,1.1606738658749323,41.65267387350433,39.33132614175446,42.81334773937926,38.170652275879526,42.03326057655457,-60.311371700336224,58036279,1861913.0533145112,3052363.0074887653,57.198735166607534,64.6544441187707,40.68000030517578,41.09000015258789,40.11000061035156,41.65999984741211,39.70000076293945,42.06999969482422,39.130001068115234,0.09472929233965867,-36.443654640968504,-0.701831582597741,-0.8693514523778639,0.1675198697801229,46.557381555758965,23.892799989261285,40.577999877929685,40.49200000762939,43.26180015563965,45.95580013275146,NSLNISP.NS,2025-08-22 11:22:24.293755
135,2025-02-04 00:00:00+05:30,39.7599983215332,40.56999969482422,39.75,40.0099983215332,1817325,0.0,0.0,2025-02-04,40.551499938964845,1.1922567174321765,41.743756656397025,39.359243221532665,42.9360133738292,38.16698650410049,-4.242886748482018,-83.3811875299334,55587119,1364187.077682411,3349975.496032329,57.21037194927577,60.69229821920269,40.109999338785805,40.46999867757161,39.64999898274739,40.929999033610024,39.289999643961586,41.28999837239583,38.82999928792317,0.0938257767925046,-45.422565007676404,-0.7640809327438873,-0.9112314198228946,0.14715048707900724,44.259157008627334,25.346494191921025,40.60799942016602,40.551499938964845,43.37040016174316,46.08570011138916,NSLNISP.NS,2025-08-22 11:22:24.293755
136,2025-02-03 00:00:00+05:30,40.0,40.939998626708984,39.58000183105469,39.75,3059263,0.0,0.0,2025-02-03,40.65850009918213,1.236315582283349,41.894815681465474,39.42218451689878,43.13113126374883,38.18586893461543,-10.126767354670998,-87.04096063597103,53769794,2281532.9454159765,3846422.600619808,57.219281340761164,60.80535826791628,40.09000015258789,40.599998474121094,39.2400016784668,41.44999694824219,38.730003356933594,41.95999526977539,37.8800048828125,0.08845197796177318,-50.0,-0.781974497427349,-0.9480190415926463,0.16604454416529724,43.10083553364784,26.276746306605848,40.87999954223633,40.65850009918213,43.467600173950196,46.21190013885498,NSLNISP.NS,2025-08-22 11:22:24.293755
137,2025-02-01 00:00:00+05:30,42.29999923706055,42.59000015258789,40.0,40.470001220703125,3152120,0.0,0.0,2025-02-01,40.81150016784668,1.305382642893531,42.116882810740215,39.50611752495315,43.42226545363374,38.20073488205962,49.38931992953846,-59.93052388930607,56829057,2393364.0163938953,4237645.014420765,57.23452707218827,65.26712695870305,41.02000045776367,42.040000915527344,39.45000076293945,43.61000061035156,38.43000030517578,44.630001068115234,36.86000061035156,0.13249029023661454,-37.32392285178156,-0.7674296887661214,-0.9895301776339706,0.22210048886784917,45.533966727632425,27.27855627626643,40.55999984741211,40.81150016784668,43.55780014038086,46.337400131225586,NSLNISP.NS,2025-08-22 11:22:24.293755
138,2025-01-31 00:00:00+05:30,40.45000076293945,42.4900016784668,40.15999984741211,42.13999938964844,3101040,0.0,0.0,2025-01-31,40.894500160217284,1.3349649347144206,42.229465094931705,39.55953522550286,43.564430029646125,38.22457029078844,81.72769581137939,-45.17465395535806,59981177,2451741.5680638994,4698715.263927483,57.24961540047642,71.07175295359855,41.596666971842446,43.03333409627278,40.703332265218094,43.92666880289713,39.26666514078776,45.36333592732747,38.37333043416341,0.12474080471203648,-7.43366141971516,-0.8080894147347593,-1.0450552998509328,0.23696588511617356,51.83649424930942,28.64916688237502,40.11599960327148,40.894500160217284,43.64140014648437,46.463600120544434,NSLNISP.NS,2025-08-22 11:22:24.293755
139,2025-01-30 00:00:00+05:30,41.150001525878906,41.900001525878906,40.29999923706055,40.66999816894531,3338319,0.0,0.0,2025-01-30,40.95950012207031,1.4272588813416613,42.386759003411974,39.532241240728645,43.81401788475363,38.10498235938699,37.28877562215751,-67.03551834395087,56880137,2547268.8472939464,5260458.6878933795,57.26300577150824,64.94319871301238,40.95666631062826,41.61333338419597,40.01333109537761,42.55666859944662,39.3566640218099,43.21333567301433,38.41332880655925,0.07734566531236362,-33.451375113596924,-1.0123719227311199,-1.104296771129976,0.09192484839885617,45.69242892617967,30.23461334976512,39.655999755859376,40.95950012207031,43.69440017700195,46.56690013885498,NSLNISP.NS,2025-08-22 11:22:24.293755
140,2025-01-29 00:00:00+05:30,38.15999984741211,42.31999969482422,38.15999984741211,41.369998931884766,27364375,0.0,0.0,2025-01-29,41.10750026702881,1.5443270283066897,42.6518272953355,39.56317323872212,44.19615432364219,38.01884621041543,7.910053743333198,-80.05419256000755,60218456,21239478.062403955,5938756.148043238,57.27885102849295,59.1698079655955,40.61666615804037,43.073332468668625,38.913332621256515,44.776666005452476,36.45666631062826,47.233332316080734,34.753332773844406,0.09023825540365467,-21.06198442523668,-1.1138036207370448,-1.12727798322969,0.01347436249264522,48.42387942790396,31.4695906447078,39.62200012207031,41.10750026702881,43.76140022277832,46.694300155639645,NSLNISP.NS,2025-08-22 11:22:24.293755
141,2025-01-28 00:00:00+05:30,38.2400016784668,39.099998474121094,36.90999984741211,38.150001525878906,3729210,0.0,0.0,2025-01-28,41.21850032806397,1.6409473082172934,42.85944763628126,39.577553019846675,44.50039494449855,37.93660571162938,-168.16163782097746,-156.1720603972986,32854081,2669218.9348363117,2113575.669453058,57.40436255227516,27.393079148409782,38.0533332824707,39.1966667175293,37.00666809082031,40.24333190917969,35.86333465576172,41.38666534423828,34.81666946411133,-0.1330751482307521,-78.05307356489777,-1.2957305877047745,-1.1306465738528513,-0.16508401385192317,30.738513712224176,32.79956619310761,39.45,41.21850032806397,43.81340026855469,46.8281001663208,NSLNISP.NS,2025-08-22 11:22:24.293755
142,2025-01-27 00:00:00+05:30,39.630001068115234,39.630001068115234,37.56999969482422,38.25,3944568,0.0,0.0,2025-01-27,41.46850032806397,1.525683026966761,42.99418335503073,39.94281730109721,44.51986638199749,38.41713427413045,-206.8001416556253,-154.45659245712972,36583291,2830764.1305760182,1974664.8531072442,57.42508649416753,28.59544499046015,38.483333587646484,39.39666748046875,37.336666107177734,40.5433349609375,36.42333221435547,41.456668853759766,35.27666473388672,-0.13219260842795036,-86.99808098099726,-1.1918989965234132,-1.0893755703898704,-0.10252342613354282,31.045503211960195,31.024272946149953,40.077999877929685,41.46850032806397,43.92760025024414,46.9956001663208,NSLNISP.NS,2025-08-22 11:22:24.293755
143,2025-01-24 00:00:00+05:30,40.5,40.939998626708984,39.75,39.84000015258789,1585824,0.0,0.0,2025-01-24,41.702500343322754,1.3554681256855752,43.05796846900833,40.34703221763718,44.413436594693906,38.9915640919516,-63.42108649277527,-113.48188086206325,40527859,1185351.3941149896,1760640.0337400506,57.4469418515052,36.72064907413808,40.176666259765625,40.60333251953125,39.413333892822266,41.36666488647461,38.98666763305664,41.793331146240234,38.22333526611328,-0.1252973910226324,-65.61262438284473,-1.0507523545603732,-1.0637447138564848,0.012992359296111644,36.41499746285548,29.365948425508552,40.85800018310547,41.702500343322754,44.04100021362305,47.14490016937256,NSLNISP.NS,2025-08-22 11:22:24.293755
144,2025-01-23 00:00:00+05:30,40.11000061035156,40.93000030517578,40.04999923706055,40.5,2345865,0.0,0.0,2025-01-23,41.89600028991699,1.3518190980622868,43.24781938797928,40.544181191854705,44.59963848604156,39.19236209379242,-42.56328913345543,-109.78060676072533,42113683,1782505.325702509,1904462.1936463155,57.45501344151579,34.80536573805115,40.493333180745445,40.93666712443034,40.05666605631511,41.37333424886068,39.61333211263021,41.81666819254558,39.176664988199875,-0.12691556685943667,-57.06616349969462,-1.0107123150358817,-1.0669928036805125,0.056280488644630866,39.01599212446109,28.664120262953155,41.2120002746582,41.89600028991699,44.167200241088864,47.27910015106201,NSLNISP.NS,2025-08-22 11:22:24.293755
145,2025-01-22 00:00:00+05:30,41.400001525878906,41.56999969482422,39.849998474121094,40.5099983215332,2922660,0.0,0.0,2025-01-22,42.103000259399415,1.4408443633106311,43.54384462271005,40.662155896088784,44.98468898602068,39.22131153277815,-37.64089996237772,-111.46915413797531,44459548,2221331.2080516615,1934951.410632267,57.46651921847322,34.757685560002685,40.643332163492836,41.43666585286458,39.716664632161454,42.36333338419596,38.92333094278971,43.156667073567704,37.99666341145833,-0.1506812840338515,-60.361856552367996,-1.0091350931165408,-1.0810629258416702,0.07192783272512937,39.0552394314645,28.095096487671544,41.43000030517578,42.103000259399415,44.29620025634765,47.4105001449585,NSLNISP.NS,2025-08-22 11:22:24.293755
146,2025-01-21 00:00:00+05:30,42.34000015258789,42.560001373291016,41.099998474121094,41.290000915527344,1610555,0.0,0.0,2025-01-21,42.37200031280518,1.618984473288098,43.99098478609328,40.753015839517076,45.60996925938137,39.13403136622898,42.13931053792794,-86.52697444159216,47382208,1247651.3766677235,1863356.461277418,57.48086741035342,40.651259941905856,41.65000025431315,42.200002034505204,40.73999913533528,43.11000315348307,40.18999735514323,43.660004933675125,39.27999623616536,-0.1070109111157484,-47.53287038315109,-0.9928105286417619,-1.0990448840229525,0.10623435538119064,42.12433326734289,27.482301652752888,41.52800064086914,42.37200031280518,44.44420028686523,47.54800014495849,NSLNISP.NS,2025-08-22 11:22:24.293755
147,2025-01-20 00:00:00+05:30,41.5,42.400001525878906,41.11000061035156,42.150001525878906,1879278,0.0,0.0,2025-01-20,42.552500343322755,1.6916134619361116,44.24411380525887,40.86088688138664,45.93572726719498,39.16927341945053,49.98351518279061,-83.74676255004039,48992763,1486145.8105326456,2017282.7324298415,57.488420599110455,44.58844851610871,41.88666788736979,42.663335164388016,41.37333424886067,43.17666880289713,40.596666971842446,43.95333607991536,40.08333333333333,-0.018921470293411246,-33.388127762203894,-1.033685992796329,-1.1256034728682502,0.09191748007192135,45.80994699434426,27.63523559185809,41.43800048828125,42.552500343322755,44.62000030517578,47.67900012969971,NSLNISP.NS,2025-08-22 11:22:24.293755
148,2025-01-17 00:00:00+05:30,41.599998474121094,41.849998474121094,40.88999938964844,41.61000061035156,2410032,0.0,0.0,2025-01-17,42.60200023651123,1.6936990199023028,44.295699256413535,40.908301216608926,45.98939827631584,39.21460219670662,7.521691652498725,-103.46258768764679,47113485,1881452.803497213,2150066.9629041404,57.49677456669975,39.48678812917599,41.449999491373696,42.009999593098954,41.0500005086263,42.40999857584635,40.49000040690104,42.96999867757161,40.09000142415364,-0.07682760472364306,-42.26971909280503,-1.1550540942440506,-1.1485828428862306,-0.006471251357820007,42.89690284969643,27.606504960595828,40.70200042724609,42.60200023651123,44.769600296020506,47.8059001159668,NSLNISP.NS,2025-08-22 11:22:24.293755
149,2025-01-16 00:00:00+05:30,41.4900016784668,41.939998626708984,41.189998626708984,41.59000015258789,1928132,0.0,0.0,2025-01-16,42.71700019836426,1.7008668212605444,44.41786701962481,41.01613337710371,46.11873384088535,39.31526655584317,-0.021480419730315805,-106.1167423881439,44703453,1504521.7884065418,2217220.5027558724,57.50787866064425,39.40163223178735,41.57333246866862,41.95666631062825,41.20666631062825,42.32333246866862,40.82333246866862,42.70666631062825,40.45666631062825,-0.08682191447839456,-42.59867389116572,-1.2397593143525611,-1.1469650300467755,-0.09279428430578562,42.791137757238424,26.90273789454204,40.52200012207031,42.71700019836426,44.89580024719238,47.94590011596679,NSLNISP.NS,2025-08-22 11:22:24.293755
150,2025-01-15 00:00:00+05:30,40.5099983215332,41.4900016784668,40.119998931884766,41.0,2301059,0.0,0.0,2025-01-15,42.8415002822876,1.705157036435927,44.546657318723526,41.13634324585167,46.25181435515945,39.43118620941574,-50.70223353175966,-138.60843579826616,42775321,1770045.4099519239,2395395.181343205,57.51678479971176,33.66621049777795,40.87000020345052,41.62000147501628,40.24999872843425,42.240002950032554,39.49999745686849,42.99000422159831,38.87999598185222,-0.12580541775811088,-56.58680548813846,-1.3274536902518363,-1.1237664589703291,-0.20368723128150723,39.73342613067566,26.31923753056201,40.545999908447264,42.8415002822876,45.003400268554685,48.077500114440916,NSLNISP.NS,2025-08-22 11:22:24.293755
151,2025-01-14 00:00:00+05:30,39.0,41.099998474121094,39.0,40.84000015258789,4551434,0.0,0.0,2025-01-14,43.01950035095215,1.6885386406821,44.70803899163425,41.33096171027005,46.39657763231635,39.64242306958795,-95.63413330186782,-168.87999332810332,40474262,3487440.298596616,2551732.624191025,57.52782077891417,26.653128794242704,40.313332875569664,41.62666575113933,39.526667277018234,42.41333134969076,38.21333440144857,43.72666422526042,37.42666880289714,-0.17061305163105558,-63.70860170938789,-1.3615100551217694,-1.0728446511499523,-0.28866540397181706,38.91122529116575,25.1471461415556,40.77600021362305,43.01950035095215,45.14800025939942,48.21920009613037,NSLNISP.NS,2025-08-22 11:22:24.293755
152,2025-01-13 00:00:00+05:30,40.4900016784668,40.709999084472656,38.099998474121094,38.470001220703125,4378544,0.0,0.0,2025-01-13,43.2495002746582,1.689326922500731,44.938827197158936,41.56017335215747,46.62815411965966,39.870846429656744,-209.49600317440908,-230.26219245973448,35922828,3160273.8355722334,2317805.705589627,57.54990488537584,27.211418190103302,39.09333292643229,40.086667378743485,37.47666676839192,41.70333353678385,36.48333231608073,42.69666798909505,34.86666615804036,-0.2731184873648464,-95.66741560988248,-1.368726021306756,-1.0006783001569979,-0.36804772114975814,24.800071669627016,23.40399668869153,41.17000045776367,43.2495002746582,45.28100028991699,48.36060009002686,NSLNISP.NS,2025-08-22 11:22:24.293755
153,2025-01-10 00:00:00+05:30,41.88999938964844,41.88999938964844,39.90999984741211,40.709999084472656,3887431,0.0,0.0,2025-01-10,43.628000259399414,1.3822316323056518,45.01023189170507,42.24576862709376,46.392463524010715,40.86353699478811,-186.34344608806373,-175.89203193351005,40301372,2969180.3886727127,2107188.6730939755,57.57422642743489,40.96556302067745,40.836666107177734,41.76333236694336,39.78333282470703,42.81666564941406,38.856666564941406,43.74333190917969,37.8033332824707,-0.2327982915776233,-88.1129377195364,-1.1238173859139238,-0.9086663698695582,-0.2151510160443656,31.106204553709347,21.04055619184721,41.902000427246094,43.628000259399414,45.436200256347654,48.526800079345705,NSLNISP.NS,2025-08-22 11:22:24.293755
154,2025-01-09 00:00:00+05:30,42.20000076293945,42.470001220703125,41.529998779296875,41.709999084472656,2114730,0.0,0.0,2025-01-09,43.947500228881836,1.41047132021349,45.357971549095325,42.53702890866835,46.768442869308814,41.12655758845486,-137.16942656537597,-139.10091714068773,44188803,1654885.3213224055,1891690.7441992909,57.593334027433926,42.02687672470844,41.903333028157554,42.276667277018234,41.336664835611984,42.843335469563804,40.963330586751304,43.216669718424484,40.396662394205734,-0.2423073555132062,-96.47748955624103,-1.0138384319426308,-0.8548786158584667,-0.1589598160841641,34.77142376535048,19.292485235962776,42.44800033569336,43.947500228881836,45.52720024108887,48.675500106811526,NSLNISP.NS,2025-08-22 11:22:24.293755
155,2025-01-08 00:00:00+05:30,42.79999923706055,42.79999923706055,42.0,42.150001525878906,1770518,0.0,0.0,2025-01-08,44.25150032043457,1.55104780543428,45.80254812586885,42.70045251500029,47.35359593130313,41.149404709566014,-110.7462011357092,-127.39629664360152,46303533,1400137.6635988064,1950892.099918512,57.603129860659834,41.35964581634372,42.31666692097982,42.63333384195964,41.83333460489909,43.11666615804037,41.51666768391927,43.43333307902019,41.033335367838546,-0.22924700011719654,-92.96065647570795,-0.9561557040256972,-0.8151386618374257,-0.1410170421882715,36.53003997263003,18.409905892621765,42.832000732421875,44.25150032043457,45.5994002532959,48.7964001083374,NSLNISP.NS,2025-08-22 11:22:24.293755
156,2025-01-07 00:00:00+05:30,42.130001068115234,43.15999984741211,41.810001373291016,42.810001373291016,2532543,0.0,0.0,2025-01-07,44.531500244140624,1.6537746342836304,46.18527487842425,42.877725609856995,47.83904951270789,41.22395097557336,-100.00612578988265,-119.96736853361105,48074051,2034112.0236364529,2088580.7089984382,57.61111322272645,39.67422158069835,42.59333419799805,43.37666702270508,42.026668548583984,43.94333267211914,41.24333572387695,44.72666549682617,40.67667007446289,-0.23731118773734894,-79.29605774964361,-0.9111506988156108,-0.7798844012903576,-0.1312662975252532,39.29845124025255,17.81312598014307,43.12000045776367,44.531500244140624,45.630600204467775,48.90790008544922,NSLNISP.NS,2025-08-22 11:22:24.293755
157,2025-01-06 00:00:00+05:30,43.59000015258789,43.689998626708984,41.91999816894531,42.130001068115234,3411839,0.0,0.0,2025-01-06,44.79900016784668,1.7879092038636732,46.58690937171035,43.01109096398301,48.374818575574025,41.22318176011933,-119.56935100756436,-124.13870567558645,45541508,2696825.1927157906,2102197.8803389343,57.62205886588409,33.21643423134526,42.57999928792318,43.240000406901046,41.469999949137375,44.34999974568685,40.80999883015951,45.01000086466472,39.6999994913737,-0.28518382142361737,-95.55078718520674,-0.9047253256203263,-0.7470678269090443,-0.15765749871128198,34.55331827581375,17.170439920550628,43.18800048828125,44.79900016784668,45.6776001739502,49.02350006103516,NSLNISP.NS,2025-08-22 11:22:24.293755
158,2025-01-03 00:00:00+05:30,43.70000076293945,44.18000030517578,43.349998474121094,43.439998626708984,2225022,0.0,0.0,2025-01-03,45.11000003814697,1.8394418703595907,46.949441908506564,43.27055816778738,48.78888377886615,41.43111629742779,-29.426274912158345,-84.66513785283958,48953347,1813413.7712555772,1953541.0522447198,57.6375085870799,33.543979767071264,43.65666580200195,43.96333312988281,43.133331298828125,44.48666763305664,42.826663970947266,44.7933349609375,42.30332946777344,-0.2268466909413956,-77.88238525390625,-0.8158212143435932,-0.7076534522312237,-0.10816776211236956,40.17072671686094,16.55546352059384,43.34800033569336,45.11000003814697,45.73380012512207,49.14750003814697,NSLNISP.NS,2025-08-22 11:22:24.293755
159,2025-01-02 00:00:00+05:30,43.75,44.060001373291016,43.5,43.630001068115234,1695343,0.0,0.0,2025-01-02,45.34000015258789,1.9060206668757933,47.24602081946368,43.4339794857121,49.15204148633948,41.527958818836304,-24.10666162638479,-85.42752024641206,51178369,1387763.939204533,1988572.8724920054,57.64674816308197,31.741149321776973,43.730000813802086,43.96000162760417,43.400000254313156,44.2900021870931,43.16999944051107,44.52000300089519,42.83999888102214,-0.1929518522365043,-74.8888651529948,-0.8186509948531651,-0.6806115117031313,-0.13803948315003378,41.06995104723613,17.022283966182197,43.402000427246094,45.34000015258789,45.76500015258789,49.26120006561279,NSLNISP.NS,2025-08-22 11:22:24.293755
160,2025-01-01 00:00:00+05:30,43.13999938964844,43.689998626708984,43.13999938964844,43.59000015258789,1244746,0.0,0.0,2025-01-01,45.570500183105466,1.9661435345208553,47.53664371762632,43.60435664858461,49.50278725214718,41.63821311406375,-56.48130903201309,-99.95349602419178,49483026,1017982.7224501384,2138775.1058138735,57.65370202031704,27.345736212709653,43.47333272298177,43.80666605631511,43.25666681925456,44.02333196004232,42.923333485921226,44.356665293375656,42.706667582194015,-0.19600834697031486,-79.43395642463489,-0.8285825301159733,-0.6461016409156228,-0.18248088920035044,40.81093806957015,17.65912607022749,43.604000091552734,45.570500183105466,45.852400131225586,49.37750003814697,NSLNISP.NS,2025-08-22 11:22:24.293755
161,2024-12-31 00:00:00+05:30,42.599998474121094,43.349998474121094,42.599998474121094,43.150001525878906,1725108,0.0,0.0,2024-12-31,45.803500175476074,1.9949969863766708,47.798497161852744,43.808503189099405,49.793494148229414,41.813506202722735,-111.30921239623954,-123.05425715783451,48238280,1396593.1312912186,2418973.201654807,57.6588266155404,23.22957881711558,43.03333282470703,43.46666717529297,42.71666717529297,43.78333282470703,42.28333282470703,44.21666717529297,41.96666717529297,-0.02255466837112802,-89.09393245424603,-0.8248041399442201,-0.6004814186155352,-0.22432272132868492,38.0287734967547,17.95435877164969,44.06399993896484,45.803500175476074,45.96780014038086,49.50430004119873,NSLNISP.NS,2025-08-22 11:22:24.293755
162,2024-12-30 00:00:00+05:30,43.599998474121094,43.790000915527344,42.5,42.93000030517578,2394658,0.0,0.0,2024-12-30,45.93450012207031,1.8951058013084583,47.82960592337877,44.03939432076185,49.724711724687225,42.1442885194534,-131.816710839122,-129.16953891072234,46513172,1928755.5373792753,2674568.219245704,57.66615734322847,22.22522324623226,43.073333740234375,43.64666748046875,42.356666564941406,44.36333465576172,41.78333282470703,44.936668395996094,41.06666564941406,-0.027314279406090353,-92.99673700455527,-0.764136425049287,-0.5444007382833639,-0.21973568676592314,36.64616380303027,17.908975370095675,44.41399993896484,45.93450012207031,46.10140014648437,49.63270004272461,NSLNISP.NS,2025-08-22 11:22:24.293755
163,2024-12-27 00:00:00+05:30,44.689998626708984,44.779998779296875,43.5,43.709999084472656,2245738,0.0,0.0,2024-12-27,46.08700008392334,1.7583937084605417,47.84539379238389,44.3286063754628,49.603787500844426,42.57021266700226,-68.69439828914041,-97.0808881866259,48907830,1841673.6834718767,2861021.3897123113,57.67649997339709,28.974761802324636,43.996665954589844,44.49333190917969,43.21333312988281,45.27666473388672,42.71666717529297,45.77333068847656,41.93333435058594,-0.022889622738240564,-88.24505005210472,-0.6532187543183596,-0.48946681659188307,-0.16375193772647656,39.55123509356011,17.860100937652888,44.455999755859374,46.08700008392334,46.24740013122559,49.74260002136231,NSLNISP.NS,2025-08-22 11:22:24.293755
164,2024-12-26 00:00:00+05:30,44.209999084472656,45.650001525878906,44.20000076293945,44.63999938964844,3182010,0.0,0.0,2024-12-26,46.20000019073486,1.6678885919019282,47.86788878263679,44.532111598832934,49.53577737453872,42.864223006931006,-17.166105995527012,-62.486141227993,51153568,2665008.0017091003,3115858.31627242,57.685698873616246,34.654785187872534,44.83000055948893,45.46000035603841,44.009999593098954,46.28000132242838,43.37999979654948,46.91000111897786,42.5599988301595,-0.015048007721936504,-72.84769634003852,-0.5781313321115036,-0.4485288321602639,-0.12960249995123968,43.3565120887895,18.544418385553783,44.49599990844727,46.20000019073486,46.38320014953613,49.87560001373291,NSLNISP.NS,2025-08-22 11:22:24.293755
165,2024-12-24 00:00:00+05:30,45.099998474121094,46.63999938964844,44.43000030517578,45.88999938964844,4283553,0.0,0.0,2024-12-24,46.26550025939942,1.6286624602567479,47.894162719656165,44.63683779914267,49.522825179912914,43.00817533888592,16.004519615980268,-25.088397709687342,54335578,3688034.6598362853,3228570.894913249,57.69788494183463,34.93937178855906,45.653333028157554,46.87666575113933,44.66666666666667,47.86333211263021,43.4433339436849,49.086664835611984,42.456667582194015,0.02692874137561703,-52.152335238576434,-0.5648280514304744,-0.4161282071724539,-0.14869984425802052,49.273211032831,19.86105002771581,44.38400039672852,46.26550025939942,46.507600173950195,50.00760002136231,NSLNISP.NS,2025-08-22 11:22:24.293755
166,2024-12-23 00:00:00+05:30,43.97999954223633,45.400001525878906,43.0,44.900001525878906,5644950,0.0,0.0,2024-12-23,46.21450023651123,1.6567674579506564,47.871267694461885,44.55773277856057,49.52803515241254,42.90096532060991,-55.444882890522145,-76.52134045239801,50052025,4755314.582392634,3113704.95368249,57.712751739544956,35.049976840349586,44.43333435058594,45.866668701171875,43.46666717529297,46.833335876464844,42.03333282470703,48.26667022705078,41.06666564941406,0.021948346294067892,-68.54302586288566,-0.6623438806883897,-0.3789532461079488,-0.2833906345804409,43.61427475304192,21.302224113197024,44.11800079345703,46.21450023651123,46.61720016479492,50.13110004425049,NSLNISP.NS,2025-08-22 11:22:24.293755
167,2024-12-20 00:00:00+05:30,44.0,44.29999923706055,43.0099983215332,43.13999938964844,2683255,0.0,0.0,2024-12-20,46.18250007629395,1.689353355812147,47.87185343210609,44.4931467204818,49.561206787918245,42.80379336466965,-109.96357451095595,-120.37931306255508,44407075,2171775.248015088,2703302.546504954,57.73404610952207,58.581876393139915,43.48333231608073,43.95666631062825,42.66666539510091,44.77333323160807,42.19333140055338,45.246667226155594,41.37666447957356,-0.043995608183236404,-97.99690239608773,-0.6796583894323902,-0.3081055874628385,-0.3715528019695517,30.886477462646667,21.893874525333576,44.226000213623045,46.18250007629395,46.737400131225584,50.26040004730225,NSLNISP.NS,2025-08-22 11:22:24.293755
168,2024-12-19 00:00:00+05:30,43.790000915527344,44.279998779296875,43.310001373291016,43.90999984741211,2619302,0.0,0.0,2024-12-19,46.258000183105466,1.5761731889761232,47.83417337208159,44.681826994129345,49.410346561057715,43.10565380515322,-119.9091061599996,-108.11710135168337,47090330,2157852.759223964,2836184.3711274206,57.7455844471221,59.387925880616585,43.833333333333336,44.356665293375656,43.386667887369796,44.803330739339195,42.863335927327476,45.326662699381515,42.41667048136394,-0.025877740058368,-90.30696918845533,-0.5181948093405211,-0.21521738697045054,-0.3029774223700705,34.00477347373281,21.307928525392736,44.806000518798825,46.258000183105466,46.88900016784668,50.40800006866455,NSLNISP.NS,2025-08-22 11:22:24.293755
169,2024-12-18 00:00:00+05:30,44.7599983215332,45.060001373291016,43.900001525878906,44.08000183105469,3270236,0.0,0.0,2024-12-18,46.30200023651123,1.5184013873755438,47.820401623886774,44.78359884913569,49.33880301126232,43.265197461760145,-133.06824929858013,-89.94695754667978,49709632,2704540.542802659,3005767.2741032843,57.75627066337209,60.10700445589705,44.3466682434082,44.7933349609375,43.63333511352539,45.50666809082031,43.186668395996094,45.95333480834961,42.47333526611328,-0.00014073699997350976,-96.78570796032169,-0.37945444037629983,-0.13947303137793288,-0.23998140899836695,34.7234700747843,20.876153776736054,45.444000244140625,46.30200023651123,47.029200134277346,50.54910007476806,NSLNISP.NS,2025-08-22 11:22:24.293755
170,2024-12-17 00:00:00+05:30,45.5,45.689998626708984,44.40999984741211,44.560001373291016,2619233,0.0,0.0,2024-12-17,46.29900016784668,1.5230747771428865,47.822074944989566,44.77592539070379,49.345149722132454,43.2528506135609,-157.73807585883668,-68.67870210602513,52979868,2189737.856427891,3081073.9569284404,57.76947165615369,64.46644524339811,44.88666661580404,45.36333338419597,44.08333460489909,46.166665395100914,43.606667836507164,46.64333216349284,42.80333582560222,0.008724037266688857,-97.05301529701052,-0.2128180354645366,-0.07947767912834111,-0.13334035633619548,36.76048678267152,20.815523796021733,46.18600006103516,46.29900016784668,47.17020011901855,50.669700050354,NSLNISP.NS,2025-08-22 11:22:24.293755
171,2024-12-16 00:00:00+05:30,46.290000915527344,46.75,45.25,45.439998626708984,2802319,0.0,0.0,2024-12-16,46.269500160217284,1.563701631216864,47.83320179143415,44.70579852900042,49.396903422651015,43.14209689778355,-166.0246294225204,-30.119634802224894,55599101,2389068.918092223,3303907.982053577,57.77969175949074,68.6549073863831,45.813332875569664,46.37666575113933,44.87666575113933,47.313332875569664,44.313332875569664,47.87666575113933,43.37666575113933,0.031502312591891,-84.58337538772828,-0.043521107798291325,-0.04614259004429222,0.0026214822460008946,40.8390151073245,21.119456279043323,46.82399978637695,46.269500160217284,47.312800064086915,50.795700035095216,NSLNISP.NS,2025-08-22 11:22:24.293755
172,2024-12-13 00:00:00+05:30,46.84000015258789,47.0,45.38999938964844,46.040000915527344,4213740,0.0,0.0,2024-12-13,46.190500259399414,1.645582421900036,47.83608268129945,44.544917837499376,49.48166510319949,42.89933541559934,-132.18017814316755,-19.113866324459867,58401420,3639786.04567975,3532617.7480439153,57.789914735224094,72.47492786503096,46.143333435058594,46.89666748046875,45.28666687011719,47.753334045410156,44.53333282470703,48.50666809082031,43.676666259765625,0.03968453865017688,-65.7794712653848,0.08722327626806248,-0.046797960605792444,0.13402123687385492,43.92441996657078,22.108040941249886,47.36800003051758,46.190500259399414,47.45560012817383,50.90240005493164,NSLNISP.NS,2025-08-22 11:22:24.293755
173,2024-12-12 00:00:00+05:30,47.790000915527344,47.79999923706055,46.810001373291016,47.099998474121094,1990321,0.0,0.0,2024-12-12,46.08450012207031,1.7222796665441387,47.80677978861445,44.36222045552617,49.52905945515859,42.63994078898203,-29.40292808384139,22.032450366810046,62615160,1758801.4522489724,3505825.673634956,57.80457018545395,73.74068673395999,47.23666636149088,47.66333134969075,46.67333348592122,48.226664225260414,46.24666849772135,48.65332921346028,45.68333562215169,0.011052913760977242,-44.03671908083307,0.19420300808653934,-0.08030326982425617,0.2745062779107955,50.13852164671181,23.287428699029935,47.82999954223633,46.08450012207031,47.618600082397464,51.009800033569334,NSLNISP.NS,2025-08-22 11:22:24.293755
174,2024-12-11 00:00:00+05:30,47.650001525878906,48.459999084472656,47.400001525878906,47.790000915527344,3038097,0.0,0.0,2024-12-11,46.037000274658205,1.705820169562463,47.74282044422067,44.33118010509574,49.448640613783134,42.625359935533275,32.314615926099776,42.61747963771847,64605481,2724027.401308235,3942581.728981452,57.81088041425426,76.70379415148449,47.88333384195963,48.36666615804036,47.30666859944661,48.94333140055338,46.82333628336588,49.42666371663411,46.24667104085286,0.0002483184891972457,-31.37612559801496,0.22383331414282992,-0.14892983930195505,0.37276315344478494,54.82692243993862,24.302900757547143,48.01800003051758,46.037000274658205,47.755600128173825,51.10530006408691,NSLNISP.NS,2025-08-22 11:22:24.293755
175,2024-12-10 00:00:00+05:30,48.20000076293945,48.63999938964844,47.5099983215332,47.75,3358053,0.0,0.0,2024-12-10,45.99500026702881,1.6703593247015827,47.66535959173039,44.32464094232722,49.33571891643197,42.65428161762564,45.9733961078881,40.7031503229985,61567384,3008387.1115425383,4247220.310899756,57.81990549554684,82.22898137826674,47.96666590372721,48.42333348592122,47.293332417805985,49.096666971842446,46.83666483561198,49.553334554036454,46.16333134969075,-0.0014778683132138232,-30.973442962526853,0.190422885028795,-0.2421206276631513,0.4325435126919463,54.598388508112556,24.761192697731005,48.10800018310547,45.99500026702881,47.85660011291504,51.205700073242184,NSLNISP.NS,2025-08-22 11:22:24.293755
176,2024-12-09 00:00:00+05:30,48.650001525878906,49.040000915527344,47.900001525878906,48.15999984741211,3076186,0.0,0.0,2024-12-09,46.003000259399414,1.6795648642511651,47.682565123650576,44.32343539514825,49.362129987901746,42.64387053089708,78.13699938378487,50.14039114403744,64925437,2779533.1972087594,4556928.61073906,57.829939842963164,86.89625825171414,48.36666742960612,48.83333333333333,47.69333394368489,49.506666819254555,47.22666803995768,49.973332722981766,46.553334554036454,-0.009871265520210564,-23.716810454833322,0.14870170026761542,-0.3502565058361379,0.4989582061037533,57.36037918245486,25.134950234587777,48.20800018310547,46.003000259399414,47.933200149536134,51.31620006561279,NSLNISP.NS,2025-08-22 11:22:24.293755
177,2024-12-06 00:00:00+05:30,48.0,48.650001525878906,47.709999084472656,48.349998474121094,2615201,0.0,0.0,2024-12-06,46.09900035858154,1.8550471513804032,47.954047509961946,44.24395320720114,49.80909466134235,42.38890605582073,90.68990681053694,41.63129093466329,68001623,2372325.819314465,5001277.464121634,57.8387748963854,81.81430040836094,48.23666636149088,48.76333363850911,47.82333119710286,49.17666880289713,47.29666392008463,49.70333607991536,46.88332875569661,0.029899391368765255,-17.857170358848176,0.052654112074193904,-0.47499605736207623,0.5276501694362701,58.63681149820166,25.11979437792666,47.73000030517578,46.09900035858154,47.996400146484376,51.429100074768066,NSLNISP.NS,2025-08-22 11:22:24.293755
178,2024-12-05 00:00:00+05:30,48.4900016784668,48.4900016784668,47.54999923706055,48.040000915527344,2617211,0.0,0.0,2024-12-05,46.16300048828125,1.9561219947100417,48.11912248299129,44.20687849357121,50.07524447770133,42.250756498861165,109.59394882039773,31.012863304949942,65386422,2358927.2164324005,5658515.375323426,57.84615097545282,77.90306314233811,48.02666727701823,48.50333531697591,47.56333287556966,48.96666971842448,47.08666483561198,49.44333775838216,46.62333043416341,0.05331513579236151,-22.6707980715635,-0.08982568168379146,-0.6069085997211437,0.5170829180373523,57.193641571359045,25.3555894277705,47.25600051879883,46.16300048828125,48.08660018920899,51.54610008239746,NSLNISP.NS,2025-08-22 11:22:24.293755
179,2024-12-04 00:00:00+05:30,48.5099983215332,48.75,48.0099983215332,48.2400016784668,4118775,0.0,0.0,2024-12-04,46.157000350952146,1.9502367213750853,48.10723707232723,44.20676362957706,50.057473793702314,42.25652690820198,167.5621170966704,37.468496981494354,68003633,3727762.0217126436,6483412.4150461815,57.8537855622445,74.8826526383775,48.333333333333336,48.65666834513347,47.91666666666667,49.07333501180013,47.59333165486654,49.396670023600265,47.176664988199875,0.06917218701858464,-19.565195500314832,-0.2403519356232806,-0.7361793292304818,0.4958273936072012,58.41462184997414,25.71148795786057,46.842000579833986,46.157000350952146,48.1660001373291,51.668100090026854,NSLNISP.NS,2025-08-22 11:22:24.293755
180,2024-12-03 00:00:00+05:30,45.79999923706055,49.5,45.63999938964844,48.25,29829790,0.0,0.0,2024-12-03,46.09350032806397,1.8988427631510234,47.99234309121499,44.194657564912944,49.891185854366014,42.29581480176192,189.32045900000767,17.741840325286848,72122408,27003515.724241056,7172325.013379565,57.86557907342768,70.96384867415452,47.79666646321615,49.95333353678386,46.093332926432296,51.65666707356771,43.936665852864586,53.81333414713542,42.233332316080734,0.07233608076194169,-19.409942027251397,-0.4491265035228267,-0.860136177632282,0.4110096741094553,58.472577857704636,25.653086900823016,46.38400039672852,46.09350032806397,48.21280014038086,51.762100067138675,NSLNISP.NS,2025-08-22 11:22:24.293755
181,2024-12-02 00:00:00+05:30,45.75,45.939998626708984,45.4900016784668,45.77000045776367,1588814,0.0,0.0,2024-12-02,46.09250030517578,1.8976521643506945,47.99015246952648,44.19484814082509,49.887804633877174,42.29719597647439,68.38976398715643,-46.19106380923586,42292618,1364353.0684469072,2214527.3356641917,57.951774069232386,45.1619062007925,45.733333587646484,45.97666549682617,45.526668548583984,46.18333053588867,45.2833366394043,46.42666244506836,45.0766716003418,-0.056939286349670847,-43.305444005337385,-0.7106009516130456,-0.9628885961596457,0.25228764454660013,46.174693640227005,25.590193454782575,45.70800018310547,46.09250030517578,48.25660011291504,51.857500076293945,NSLNISP.NS,2025-08-22 11:22:24.293755
182,2024-11-29 00:00:00+05:30,46.25,46.400001525878906,45.720001220703125,45.97999954223633,1662775,0.0,0.0,2024-11-29,46.17850036621094,1.921097201946966,48.099597568157904,44.25740316426398,50.020694770104875,42.336305962317006,121.8016909187077,-40.65033089949193,43881432,1434416.413381143,2427070.9024685128,57.95759305640268,42.76603761389559,46.03333409627279,46.34666697184245,45.66666666666667,46.71333440144857,45.35333379109701,47.026667277018234,44.98666636149089,-0.02490551265258568,-58.22605062470462,-0.7903584196050844,-1.0259605072962956,0.23560208769121127,47.275509235000925,26.965281176799312,45.405999755859376,46.17850036621094,48.37900009155273,51.97600006103516,NSLNISP.NS,2025-08-22 11:22:24.293755
183,2024-11-28 00:00:00+05:30,45.349998474121094,47.13999938964844,45.349998474121094,45.970001220703125,2700916,0.0,0.0,2024-11-28,46.191000366210936,1.9205508984232602,48.111551264634194,44.27044946778768,50.03210216305746,42.34989856936441,197.6900331221913,-40.54347713945659,42218657,2329476.8028943045,2675234.524740355,57.963583845615325,49.83779360068043,46.153333028157554,46.956667582194015,45.16666666666667,47.9433339436849,44.36333211263021,48.74666849772136,43.37666575113933,0.0025058384584630386,-60.30012776376974,-0.9011787480110627,-1.0848610292190983,0.18368228120803565,47.21987052863192,28.64982161455724,45.14000015258789,46.191000366210936,48.50760009765625,52.09080005645752,NSLNISP.NS,2025-08-22 11:22:24.293755
184,2024-11-27 00:00:00+05:30,44.959999084472656,46.18000030517578,44.70000076293945,45.95000076293945,3554220,0.0,0.0,2024-11-27,46.15550022125244,1.931382355972707,48.08688257722515,44.22411786527973,50.018264933197855,42.29273550930702,105.69302216250914,-57.05942142497671,39517741,3064097.8245661515,2761673.9552018675,57.97333585192996,51.795028663772136,45.61000061035156,46.52000045776367,45.040000915527344,47.09000015258789,44.130001068115234,48.0,43.560001373291016,0.02063661747184594,-60.5729853787246,-1.0284234436523931,-1.1307815995211072,0.1023581558687141,47.116229347095434,30.463942085988855,44.90400009155273,46.15550022125244,48.64980010986328,52.21000003814697,NSLNISP.NS,2025-08-22 11:22:24.293755
185,2024-11-26 00:00:00+05:30,44.400001525878906,45.150001525878906,44.2400016784668,44.869998931884766,2322945,0.0,0.0,2024-11-26,46.12400016784668,1.9400285446800531,48.064028712526735,44.18397162316663,50.00405725720679,42.24394307848657,-11.985279789279119,-80.6775842228106,35963521,1955544.8623037417,2686067.987860796,57.986214437271684,51.94974068155709,44.753334045410156,45.266666412353516,44.356666564941406,45.663333892822266,43.84333419799805,46.176666259765625,43.4466667175293,0.05169709807251638,-75.306984332675,-1.173783297630834,-1.1563711384882858,-0.017412159142548234,41.340463067182384,31.486982365673068,44.51800003051758,46.12400016784668,48.801000061035154,52.32750003814697,NSLNISP.NS,2025-08-22 11:22:24.293755
186,2024-11-25 00:00:00+05:30,45.33000183105469,45.599998474121094,44.04999923706055,44.2599983215332,3140642,0.0,0.0,2024-11-25,46.06600017547608,1.996023764199478,48.062023939675555,44.0699764112766,50.05804770387503,42.07395264707712,-32.87706057646058,-87.53833892186425,33640576,2607970.1995921223,2868698.769250059,57.995403061985314,47.54794327896528,44.63666534423828,45.223331451416016,43.67333221435547,46.18666458129883,43.086666107177734,46.77333068847656,42.12333297729492,0.009824744235368202,-83.62895944085787,-1.2357395470504002,-1.1520180987026487,-0.08372144834775153,37.776240277708474,31.420809355328714,44.33800048828125,46.06600017547608,48.95620010375976,52.4492000579834,NSLNISP.NS,2025-08-22 11:22:24.293755
187,2024-11-22 00:00:00+05:30,45.0,45.150001525878906,44.38999938964844,44.650001525878906,1912078,0.0,0.0,2024-11-22,46.11100025177002,1.9630373919061135,48.074037643676135,44.14796285986391,50.03707503558225,42.1849254679578,-39.740986681093794,-89.95046295050439,36781218,1601768.983858392,2933880.911664543,58.00842496565601,51.859023169859896,44.730000813802086,45.070002237955734,44.310000101725265,45.490002950032554,43.96999867757162,45.8300043741862,43.549997965494796,0.04725186573810462,-78.30831401264106,-1.2362631767718852,-1.1310877366157106,-0.10517544015617464,39.189918816322894,31.34954611341941,44.25800094604492,46.11100025177002,49.117000122070316,52.58320007324219,NSLNISP.NS,2025-08-22 11:22:24.293755
188,2024-11-21 00:00:00+05:30,44.040000915527344,45.16999816894531,43.849998474121094,44.790000915527344,6500952,0.0,0.0,2024-11-21,46.12550010681152,1.9527217557381042,48.078221862549626,44.17277835107342,50.03094361828773,42.220056595335315,-53.994515579265794,-97.56493840061592,38693296,5462995.313315838,3266908.8936160803,58.016139791680075,53.110996281132046,44.60333251953125,45.356666564941406,44.03666687011719,45.92333221435547,43.28333282470703,46.676666259765625,42.71666717529297,0.07729982977395265,-76.39836275022573,-1.2566117277255273,-1.1047938765766667,-0.1518178511488606,39.684954568665134,30.750324471560393,44.1120002746582,46.12550010681152,49.28580009460449,52.70370006561279,NSLNISP.NS,2025-08-22 11:22:24.293755
189,2024-11-19 00:00:00+05:30,44.27000045776367,44.91999816894531,43.900001525878906,44.02000045776367,1956510,0.0,0.0,2024-11-19,46.136000061035155,1.945714728252878,48.081714789288036,44.190285332782274,50.02742951754091,42.2445706045294,-77.96902157423979,-111.0563639930646,32192344,1615864.3964057402,2717887.2886911407,58.04216109003527,49.86467257960017,44.28000005086263,44.65999857584636,43.64000193277995,45.29999669392904,43.260003407796226,45.679995218912765,42.620005289713546,-0.04716816279007972,-86.9031467357788,-1.2774122862190467,-1.0668394137894515,-0.21057287242959521,35.52558389291606,30.10500885725068,44.38400039672852,46.136000061035155,49.439400100708006,52.82050006866455,NSLNISP.NS,2025-08-22 11:22:24.293755
190,2024-11-18 00:00:00+05:30,44.0099983215332,44.88999938964844,43.060001373291016,43.970001220703125,3722547,0.0,0.0,2024-11-18,46.33500003814697,1.9212842731205715,48.25628431126754,44.4137157650264,50.17756858438811,42.49243149190583,-111.61416253488909,-126.28337372070678,30235834,3070926.8006952354,2993393.0117624905,58.050468643781045,50.788127819762025,43.973333994547524,44.88666661580403,43.05666859944661,45.803332010904946,42.1433359781901,46.716664632161454,41.22667058308919,-0.0519422517654605,-87.5852647520316,-1.2088551942647996,-1.0141961956820524,-0.19465899858274716,35.25637240305515,29.140296096819736,44.970000457763675,46.33500003814697,49.62720008850098,52.952000045776366,NSLNISP.NS,2025-08-22 11:22:24.293755
191,2024-11-14 00:00:00+05:30,44.400001525878906,44.68000030517578,43.58000183105469,43.86000061035156,2815767,0.0,0.0,2024-11-14,46.6045000076294,1.9499006221502178,48.554400629779614,44.65459938547918,50.50430125192983,42.70469876332896,-152.3556007753801,-134.12423456567538,26513287,2317064.6173806353,2974009.564529304,58.06635861980131,60.898042510203645,44.040000915527344,44.5,43.400001525878906,45.13999938964844,42.94000244140625,45.599998474121094,42.30000305175781,-0.050736545039276576,-90.5686492160558,-1.0978411866088535,-0.9655314460363655,-0.132309740572488,34.699364213050956,28.07047284912883,45.758000183105466,46.6045000076294,49.842800064086916,53.08860004425049,NSLNISP.NS,2025-08-22 11:22:24.293755
192,2024-11-13 00:00:00+05:30,44.0099983215332,45.09000015258789,43.599998474121094,43.91999816894531,5745748,0.0,0.0,2024-11-13,46.903000068664554,1.964549977013284,48.86755004567784,44.93845009165127,50.83210002269112,42.973900114637985,-207.15038056725072,-139.73411702780245,29329054,4734582.46250321,3138245.801316471,58.07849575888995,58.45223703675962,44.2033322652181,44.80666605631511,43.31666437784831,45.6933339436849,42.713330586751304,46.296667734781906,41.826662699381515,-0.053053416479482106,-86.96239805040221,-0.9282422653842914,-0.9324540108932435,0.004211745508952092,34.85122880540733,27.12637045506326,47.002000427246095,46.903000068664554,50.063600082397464,53.22870002746582,NSLNISP.NS,2025-08-22 11:22:24.293755
193,2024-11-12 00:00:00+05:30,47.099998474121094,47.650001525878906,46.0,46.150001525878906,2173034,0.0,0.0,2024-11-12,47.2185001373291,1.9669572404356936,49.1854573777648,45.251542896893405,51.15241461820049,43.284585656457715,-82.93973611210319,-82.91867991878975,35074802,1881529.5281666024,2739161.636019786,58.103222016571365,67.87739831415138,46.6000010172526,47.200002034505204,45.5500005086263,48.25000254313151,44.949999491373696,48.85000356038411,43.89999898274739,-0.026278095885619177,-56.989229118245895,-0.7029488263236772,-0.9335069472704816,0.2305581209468044,41.05187478131973,26.117438555258747,48.14400100708008,47.2185001373291,50.248800125122074,53.375700035095214,NSLNISP.NS,2025-08-22 11:22:24.293755
194,2024-11-11 00:00:00+05:30,47.84000015258789,47.84000015258789,46.599998474121094,46.95000076293945,2190552,0.0,0.0,2024-11-11,47.43600006103516,2.0798522551037157,49.515852316138876,45.35614780593144,51.59570457124259,43.276295550827726,-29.369431878355368,-73.17245351751619,37247836,1929576.3516586965,2953569.6629830813,58.11112212470504,61.93490469080775,47.12999979654948,47.66000111897786,46.41999944051106,48.370001475016274,45.88999811808268,48.90000279744466,45.179997762044266,-0.023386085272214353,-46.23654921601291,-0.6234757565225166,-0.9911464775071825,0.3676707209846659,43.63821883460926,26.104101029920564,48.49800033569336,47.43600006103516,50.39100006103516,53.50780002593994,NSLNISP.NS,2025-08-22 11:22:24.293755
195,2024-11-08 00:00:00+05:30,50.0,50.04999923706055,47.56999969482422,47.90999984741211,3678757,0.0,0.0,2024-11-08,47.63150005340576,2.2113713554426266,49.84287140884839,45.42012869796313,52.05424276429101,43.20875734252051,60.3284688859409,-38.93392639703505,39438388,3306740.146932624,3209567.9908141773,58.11856314390229,55.36020032734303,48.50999959309896,49.4499994913737,46.969999949137375,50.98999913533529,46.03000005086263,51.92999903361003,44.490000406901046,-0.03418183605605299,-33.333333333333336,-0.5910673457069535,-1.0830641577533489,0.49199681204639534,46.9330130981852,26.41464931813871,48.502000427246095,47.63150005340576,50.524800033569335,53.62180000305176,NSLNISP.NS,2025-08-22 11:22:24.293755
196,2024-11-07 00:00:00+05:30,49.900001525878906,50.38999938964844,49.2599983215332,50.08000183105469,4109253,0.0,0.0,2024-11-07,47.80450000762939,2.3643551942578798,50.168855201887276,45.44014481337151,52.53321039614515,43.075789619113635,131.67933033729446,-2.2064239960274965,43117145,3861001.889493016,3185274.9517845656,58.130005705886234,55.93715539898517,49.90999984741211,50.560001373291016,49.43000030517578,51.040000915527344,48.779998779296875,51.69000244140625,48.29999923706055,0.01758964393309255,-4.166634621152808,-0.6351645576683183,-1.2060633607649476,0.5708988030966293,55.77148803675019,27.313332071096927,48.566000366210936,47.80450000762939,50.65180000305176,53.737900009155275,NSLNISP.NS,2025-08-22 11:22:24.293755
197,2024-11-06 00:00:00+05:30,48.20000076293945,49.91999816894531,47.79999923706055,49.630001068115234,4292754,0.0,0.0,2024-11-06,47.84599990844727,2.413177748582177,50.25917765702945,45.43282215986509,52.672355405611626,43.01964441128291,128.43205379264833,-26.00055948673908,39007892,3997174.2711962108,3016343.217357453,58.14009731950354,48.97085739966465,49.11666615804037,50.43333307902019,48.31333414713542,51.23666508992513,46.9966672261556,52.55333201090495,46.193335215250656,-0.03532083395776811,-4.160648619183063,-0.8957109629220099,-1.3487880615391048,0.4530770986170949,54.10726736320714,29.369403318755968,48.04800033569336,47.84599990844727,50.73799995422363,53.83349998474121,NSLNISP.NS,2025-08-22 11:22:24.293755
198,2024-11-05 00:00:00+05:30,47.029998779296875,48.34000015258789,46.79999923706055,47.91999816894531,3548589,0.0,0.0,2024-11-05,47.90049991607666,2.4672905282740953,50.36779044435076,45.43320938780256,52.83508097262485,42.96591885952847,93.66992280332403,-67.73498263483472,34715138,3190401.14102106,2771135.4538977635,58.15125672968221,42.1424386529764,47.686665852864586,48.573332468668625,47.03333155314128,49.22666676839193,46.14666493733724,50.11333338419597,45.49333063761394,-0.11143055081664963,-35.03269420928782,-1.1713996799206257,-1.4620573361933784,0.29065765627275275,47.08110344197462,31.301553643868726,47.36800003051758,47.90049991607666,50.84219993591309,53.935199966430666,NSLNISP.NS,2025-08-22 11:22:24.293755
199,2024-11-04 00:00:00+05:30,48.16999816894531,48.5,46.75,46.970001220703125,1908448,0.0,0.0,2024-11-04,48.05049991607666,2.5580617455257393,50.6085616616024,45.49243817055092,53.16662340712814,42.93437642502518,102.75820471882226,-80.23530066127533,31166549,1681797.4891699464,2666319.0321169393,58.16235937731924,36.25545273228348,47.40666707356771,48.06333414713542,46.31333414713542,49.15666707356771,45.65666707356771,49.81333414713542,44.56333414713542,-0.11871591726871107,-48.129026351436494,-1.338206923282101,-1.5347217502615664,0.19651482697946543,42.54316193543162,31.946664443314667,46.83600006103516,48.05049991607666,50.99599998474121,54.05529998779297,NSLNISP.NS,2025-08-22 11:22:24.293755
200,2024-11-01 00:00:00+05:30,47.869998931884766,48.54999923706055,46.849998474121094,48.22999954223633,965592,0.0,0.0,2024-11-01,48.25849990844726,2.6335935821480887,50.89209349059535,45.624906326299175,53.52568707274344,42.99131274415109,114.27735796510412,-72.92089076084542,33074997,873743.0090919343,2912449.4178536874,58.16889515479491,35.93183452974658,47.87666575113932,48.90333302815755,47.203332265218094,49.576666514078774,46.17666498819987,50.603333791097,45.50333150227864,-0.07671784525605847,-35.13514526780676,-1.4379345744516385,-1.5838504570064327,0.14591588255479415,47.56674779445536,32.6413991504103,46.50599975585938,48.25849990844726,51.15159996032715,54.18159996032715,NSLNISP.NS,2025-08-22 11:22:24.293755
201,2024-10-31 00:00:00+05:30,46.380001068115234,47.720001220703125,45.810001373291016,47.4900016784668,3017216,0.0,0.0,2024-10-31,48.4314998626709,2.742993749268833,51.17449361193973,45.68850611340206,53.917487361208565,42.94551236413323,47.45695332990302,-103.64205998901731,32109405,2688322.6070417324,3422126.0200441256,58.17183250310401,33.21985494378366,47.00666809082031,48.20333480834961,46.2933349609375,48.91666793823242,45.0966682434082,50.11333465576172,44.38333511352539,-0.09966996763411656,-49.38682019587222,-1.667920044744669,-1.6203294276451312,-0.04759061709953771,43.95784324058928,33.448077156849486,45.60199966430664,48.4314998626709,51.29039993286133,54.29319995880127,NSLNISP.NS,2025-08-22 11:22:24.293755
202,2024-10-30 00:00:00+05:30,45.25,46.75,45.0099983215332,46.22999954223633,3256372,0.0,0.0,2024-10-30,48.68599987030029,2.8835698282655633,51.56956969856586,45.80243004203473,54.45313952683142,42.918860213769165,-13.84721036950754,-142.30759319440347,29092189,2824429.2349759806,3605576.8732947237,58.181706136710126,33.156030419172666,45.996665954589844,46.983333587646484,45.24333190917969,47.73666763305664,44.25666427612305,48.72333526611328,43.50333023071289,-0.17633538784218522,-63.43367081577133,-1.8642210459645767,-1.6084317733702467,-0.25578927259433004,37.11441270102648,33.54348852054073,45.135999298095705,48.68599987030029,51.44019989013672,54.410299949645996,NSLNISP.NS,2025-08-22 11:22:24.293755
203,2024-10-29 00:00:00+05:30,45.70000076293945,45.75,44.63999938964844,45.2599983215332,2756250,0.0,0.0,2024-10-29,49.08399982452393,3.0700463699827663,52.1540461945067,46.01395345454116,55.22409256448946,42.9439070845584,-47.78768535883686,-180.27342378560147,25835817,2340485.4063672535,3800863.782874409,58.1936411337436,33.66145172086756,45.21666590372721,45.793332417805985,44.68333180745442,46.326666514078774,44.10666529337565,46.90333302815755,43.57333119710286,-0.1562910398541408,-74.24751140901009,-1.9632089197769957,-1.544484455221664,-0.41872446455533163,31.099976858471308,32.64889317287454,44.87799911499023,49.08399982452393,51.61739990234375,54.54349994659424,NSLNISP.NS,2025-08-22 11:22:24.293755
204,2024-10-28 00:00:00+05:30,44.0099983215332,45.650001525878906,43.18000030517578,45.31999969482422,6225634,0.0,0.0,2024-10-28,49.51849994659424,3.114969629650417,52.63346957624466,46.40353031694382,55.748439205895075,43.288560687293405,-71.9305339887604,-215.51374379981897,28592067,5293540.994723053,4165958.377001198,58.204582336998754,33.86600768070221,44.71666717529297,46.253334045410156,43.78333282470703,47.186668395996094,42.246665954589844,48.72333526611328,41.313331604003906,-0.19002589185371035,-73.57859958467844,-1.964667381637632,-1.439803339082831,-0.524864042554801,31.271764133131214,30.528483437876343,44.8259994506836,49.51849994659424,51.82379997253418,54.663899955749514,NSLNISP.NS,2025-08-22 11:22:24.293755
205,2024-10-25 00:00:00+05:30,45.2599983215332,45.400001525878906,42.95000076293945,43.709999084472656,4886791,0.0,0.0,2024-10-25,49.894499969482425,3.034322251467872,52.928822220950295,46.860177718014555,55.963144472418165,43.825855466546685,-109.09139495131618,-263.9092939861162,22366433,4007535.3319609025,3884062.722570734,58.229248988001466,23.45229424392369,44.02000045776367,45.09000015258789,42.63999938964844,46.470001220703125,41.56999969482422,47.540000915527344,40.189998626708984,-0.21320809184287876,-91.52732952827448,-1.9426761933342647,-1.3085873284441307,-0.6340888648901339,20.302849396069178,28.125248571575675,45.36199951171875,49.894499969482425,51.993399963378906,54.761199951171875,NSLNISP.NS,2025-08-22 11:22:24.293755
206,2024-10-24 00:00:00+05:30,45.09000015258789,45.540000915527344,44.70000076293945,45.15999984741211,2856849,0.0,0.0,2024-10-24,50.28800010681152,2.679661576790537,52.96766168360206,47.60833853002099,55.6473232603926,44.92867695323045,-112.92798333244635,-253.54314112040552,27253224,2420549.7608032348,3853194.5702231918,58.251100289582645,22.48681240265094,45.13333384195963,45.56666692097981,44.72666676839192,45.973333994547524,44.29333368937174,46.406667073567704,43.88666661580403,-0.15835028331024198,-80.86348368671587,-1.7265256543607137,-1.150065112221597,-0.5764605421391167,23.430078096309387,25.250057706203766,46.491999816894534,50.28800010681152,52.185199966430666,54.94759994506836,NSLNISP.NS,2025-08-22 11:22:24.293755
207,2024-10-23 00:00:00+05:30,45.0,45.7599983215332,43.52000045776367,44.939998626708984,6860245,0.0,0.0,2024-10-23,50.59600009918213,2.398491782017174,52.9944918811993,48.19750831716495,55.39298366321648,45.79901653514778,-173.55729278532942,-298.5720210874248,24396375,5784228.992343411,4211355.772578181,58.26262831905525,16.96345321900067,44.73999913533529,45.959997812906906,43.719999949137375,46.97999699910482,42.50000127156576,48.19999567667644,41.48000208536784,-0.18945991690635478,-84.66524377608958,-1.566431090140732,-1.0059499766868178,-0.560481113453914,21.731603395507307,22.6218434465508,47.42600021362305,50.59600009918213,52.36939994812012,55.096999931335446,NSLNISP.NS,2025-08-22 11:22:24.293755
208,2024-10-22 00:00:00+05:30,48.0,48.20000076293945,44.599998474121094,45.0,8321488,0.0,0.0,2024-10-22,50.99200019836426,2.042979220681421,53.03497941904568,48.949020977682835,55.0779586397271,46.90604175700142,-220.8777634844028,-281.43088613110416,31256620,7025646.629646212,3818137.467636873,58.2908602483352,17.22519969043603,45.93333307902018,47.266667683919266,43.66666539510091,49.53333536783854,42.33333079020182,50.866669972737625,40.06666310628255,-0.2080794399804162,-95.54067478880954,-1.3160609431513421,-0.8658296983233393,-0.4502312448280028,21.854370799307347,19.791458859232215,48.48400039672852,50.99200019836426,52.56119995117187,55.24009994506836,NSLNISP.NS,2025-08-22 11:22:24.293755
209,2024-10-21 00:00:00+05:30,49.54999923706055,49.880001068115234,47.54999923706055,48.0,3122094,0.0,0.0,2024-10-21,51.34250011444092,1.486372621071841,52.82887273551276,49.85612749336907,54.3152453565846,48.369754872297236,-186.47817212462888,-190.02069493352647,39578108,2811641.9164186227,3016260.177134538,58.32511200375728,17.12122068799991,48.47666676839193,49.40333429972331,47.073332468668625,50.80666859944662,46.14666493733724,51.733336130778,44.74333063761394,-0.13287241734285177,-93.8524483374277,-0.9814801941003921,-0.7532718871163384,-0.2282083069840537,29.624485717215478,17.066774359524572,49.58400039672851,51.34250011444092,52.75739997863769,55.39709995269775,NSLNISP.NS,2025-08-22 11:22:24.293755
210,2024-10-18 00:00:00+05:30,49.81999969482422,49.81999969482422,48.869998931884766,49.36000061035156,3167123,0.0,0.0,2024-10-18,51.47150020599365,1.278425099168263,52.74992530516191,50.19307510682539,54.028350404330176,48.91465000765712,-192.1506595521292,-162.65099563978302,42700202,2933005.5431663073,3067414.742313517,58.33510485939713,42.37721410880166,49.34999974568685,49.83000055948894,48.879999796549484,50.300000508626304,48.3999989827474,50.78000132242839,47.92999903361003,-0.13595124295657027,-92.27126708716582,-0.8336990806321225,-0.696219810370325,-0.13747927026179751,34.83863181690619,15.360490491900164,50.15600051879883,51.47150020599365,52.90259994506836,55.52359996795654,NSLNISP.NS,2025-08-22 11:22:24.293755
211,2024-10-17 00:00:00+05:30,50.27000045776367,50.599998474121094,49.650001525878906,49.83000183105469,2480207,0.0,0.0,2024-10-17,51.52550010681152,1.2052579791412075,52.73075808595273,50.32024212767031,53.93601606509394,49.1149841485291,-159.4692960213648,-138.70034998737552,45867325,2318737.732091017,3101017.0421003187,58.34392508898901,53.456772329536655,50.02666727701823,50.40333302815755,49.45333607991536,50.976664225260414,49.07667032877604,51.353329976399735,48.50333913167317,-0.16302195765898353,-96.76258301772874,-0.7658021230349092,-0.6618499928048756,-0.10395213023003369,36.924166124940925,14.335357188398863,50.55800018310547,51.52550010681152,53.040799942016605,55.66649997711182,NSLNISP.NS,2025-08-22 11:22:24.293755
212,2024-10-16 00:00:00+05:30,50.400001525878906,50.70000076293945,50.099998474121094,50.22999954223633,2042186,0.0,0.0,2024-10-16,51.62849998474121,1.1389342884887175,52.76743427322993,50.48956569625249,53.906368561718644,49.35063140776378,-119.89975792622354,-130.02408728300279,48347532,1924559.1616038198,3296586.869602644,58.35048242560849,50.44977166310995,50.34333292643229,50.586667378743485,49.986665089925125,50.94333521525065,49.74333063761393,51.186669667561844,49.386662801106766,-0.1679136275733531,-91.2087981186413,-0.7135583790132642,-0.6358619602473671,-0.07769641876589717,38.757712214444894,13.809805778824504,50.773999786376955,51.62849998474121,53.16399993896484,55.817699928283695,NSLNISP.NS,2025-08-22 11:22:24.293755
213,2024-10-15 00:00:00+05:30,51.0099983215332,51.09000015258789,50.400001525878906,50.5,2212258,0.0,0.0,2024-10-15,51.7375,1.101758724125596,52.83925872412559,50.6357412758744,53.94101744825119,49.53398255174881,-74.83887632553018,-119.68835320641371,50389718,2096041.8498903015,3639593.7966023493,58.355635453248006,48.73428821602128,50.663333892822266,50.926666259765625,50.23666763305664,51.35333251953125,49.97333526611328,51.61666488647461,49.546669006347656,-0.17465696566782288,-86.2637339604529,-0.6752527786168727,-0.6164378555558927,-0.05881492306098002,40.00277231174778,13.606885835258751,50.87200012207031,51.7375,53.237799911499025,55.96389991760254,NSLNISP.NS,2025-08-22 11:22:24.293755
214,2024-10-14 00:00:00+05:30,51.43000030517578,51.91999816894531,50.77000045776367,50.86000061035156,2045317,0.0,0.0,2024-10-14,51.86650009155274,1.100278861340038,52.966778952892774,50.7662212302127,54.06705781423281,49.66594236887266,-46.59088450812493,-98.45986202658622,52601976,1951685.278750097,4025481.7832803605,58.36103927558841,55.26441467298417,51.18333307902018,51.59666570027669,50.44666798909505,52.33333079020182,50.03333536783854,52.74666341145833,49.29667027791341,-0.18312200758197245,-79.67031508286837,-0.6425698538191753,-0.6017341247906477,-0.04083572902852761,41.65969530030168,13.635735923110488,50.955999755859374,51.86650009155274,53.36799987792969,56.112899932861325,NSLNISP.NS,2025-08-22 11:22:24.293755
215,2024-10-11 00:00:00+05:30,50.900001525878906,51.650001525878906,50.75,51.369998931884766,2720858,0.0,0.0,2024-10-11,51.998999977111815,1.1318029099940687,53.13080288710589,50.86719706711774,54.26260579709995,49.73539415712368,-49.945223190205596,-100.3972321319857,54647293,2622335.357495183,4543930.909412926,58.36581283453729,58.117667999281046,51.256666819254555,51.76333363850911,50.863332112630204,52.15666834513346,50.35666529337565,52.663335164388016,49.9633305867513,-0.1678085112530975,-70.32968491713163,-0.6264445048504044,-0.5915251925335158,-0.03491931231688861,44.06042875307201,13.974580756999574,51.00999984741211,51.998999977111815,53.50759986877441,56.26729995727539,NSLNISP.NS,2025-08-22 11:22:24.293755
216,2024-10-10 00:00:00+05:30,50.95000076293945,51.70000076293945,50.689998626708984,50.90999984741211,3300438,0.0,0.0,2024-10-10,52.06200008392334,1.1300144038936457,53.192014487816984,50.93198568002969,54.32202889171063,49.801971276136044,-61.30622452089138,-115.07264039971449,51926435,3152444.6619421686,5024329.797392361,58.3717403432636,54.96598247518998,51.09999974568685,51.51000086466472,50.49999872843425,52.11000188191732,50.08999760945638,52.52000300089519,49.48999659220378,-0.17742258544038444,-78.75457798681764,-0.6465346957178966,-0.5827953644542936,-0.06373933126360298,41.22359526808742,14.068485058199883,51.07399978637695,52.06200008392334,53.64499992370605,56.405599937438964,NSLNISP.NS,2025-08-22 11:22:24.293755
217,2024-10-09 00:00:00+05:30,51.150001525878906,51.599998474121094,50.61000061035156,50.720001220703125,2596239,0.0,0.0,2024-10-09,52.13150005340576,1.0977165927972545,53.229216646203014,51.033783460608504,54.32693323900027,49.93606686781125,-77.42352247448288,-129.5297618887102,48625997,2470567.488445225,5492301.081254909,58.379417252130324,50.26543306813807,50.97666676839193,51.343332926432296,50.353335062662765,51.96666463216146,49.9866689046224,52.33333079020183,49.363337198893234,-0.17507222281301515,-82.23440689831524,-0.6171573075893093,-0.5668605316383928,-0.05029677595091653,40.0577009299904,14.16961276718483,51.40800018310547,52.13150005340576,53.783399963378905,56.519499931335446,NSLNISP.NS,2025-08-22 11:22:24.293755
218,2024-10-08 00:00:00+05:30,50.900001525878906,51.5,49.91999816894531,50.91999816894531,3996341,0.0,0.0,2024-10-08,52.25,1.0647510552261799,53.31475105522618,51.18524894477382,54.37950211045236,50.12049788954764,-107.52473318552516,-150.28652379947363,51222236,3817892.670080715,6247734.47945733,58.385621178272885,47.48870136825193,50.779998779296875,51.63999938964844,50.05999755859375,52.36000061035156,49.19999694824219,53.220001220703125,48.47999572753906,-0.15507069632983875,-78.57145851411228,-0.5514824942853096,-0.5542863376506636,0.0028038433653539974,40.84972247855022,14.188249548949322,52.10199966430664,52.25,53.926999969482424,56.63779991149902,NSLNISP.NS,2025-08-22 11:22:24.293755
219,2024-10-07 00:00:00+05:30,51.68000030517578,52.09000015258789,49.75,51.130001068115234,6263191,0.0,0.0,2024-10-07,52.32750015258789,1.0182433680758587,53.345743520663746,51.30925678451203,54.3639868887396,50.29101341643617,-108.10068813620559,-148.2630562933275,55218577,6008198.257105091,6855194.931801484,58.39494076577931,48.06246700269457,50.99000040690104,52.23000081380208,49.89000066121419,53.33000055948893,48.65000025431315,54.57000096638997,47.5500005086263,-0.1750978692795568,-74.72525092467998,-0.4787397055747107,-0.5549872984920021,0.07624759291729144,41.65269126010587,14.12280219918014,52.70800018310547,52.32750015258789,54.06900001525879,56.754099922180174,NSLNISP.NS,2025-08-22 11:22:24.293755
220,2024-10-04 00:00:00+05:30,52.41999816894531,52.779998779296875,51.18000030517578,51.689998626708984,3726023,0.0,0.0,2024-10-04,52.44150009155273,1.0046589729403206,53.44615906449305,51.43684111861241,54.45081803743337,50.432182145672094,-39.39730278756561,-104.1497640429652,61481768,3613473.292869559,7066944.100475582,58.409181955230906,49.686856003615006,51.88333257039388,52.586664835611984,50.98666636149089,53.483331044514976,50.28333409627279,54.18666330973308,49.386667887369796,-0.21979930390300847,-66.29005793170036,-0.39903536455932453,-0.5740491967213249,0.1750138321620004,43.783807429877875,14.052320437890248,53.05,52.44150009155273,54.16919998168945,56.853299903869626,NSLNISP.NS,2025-08-22 11:22:24.293755
221,2024-10-03 00:00:00+05:30,52.61000061035156,53.56999969482422,52.45000076293945,52.58000183105469,5059361,0.0,0.0,2024-10-03,52.59450016021729,1.1115113073670568,53.70601146758435,51.48298885285023,54.8175227749514,50.371477545483174,35.576141615203085,-50.91345462139726,65207791,4991017.156694384,7930311.802377088,58.41702685457401,54.70244220329785,52.86666742960612,53.28333409627278,52.163335164388016,53.98666636149088,51.74666849772135,54.40333302815755,51.04333623250325,-0.20890031936304587,-49.529161254727065,-0.3460949395668962,-0.6178026547618249,0.27170771519492876,47.35975195155211,14.870333928534848,53.02800064086914,52.59450016021729,54.27860000610352,56.94239990234375,NSLNISP.NS,2025-08-22 11:22:24.293755
222,2024-10-01 00:00:00+05:30,54.0,54.869998931884766,52.91999816894531,54.189998626708984,7366893,0.0,0.0,2024-10-01,52.710500144958495,1.225168017650752,53.93566816260925,51.48533212730774,55.16083618026,50.26016410965699,120.54081327558067,12.31658033785358,70267152,7489904.82678154,8665135.463797763,58.426295187505566,59.27819330897038,53.99333190917969,55.06666564941406,53.11666488647461,55.94333267211914,52.043331146240234,57.016666412353516,51.166664123535156,-0.09114039507722033,-19.20905700065518,-0.36072312103387105,-0.6857295835605571,0.3250064625266861,54.89024883192484,15.332569587489088,52.77600021362305,52.710500144958495,54.34919998168945,57.018599891662596,NSLNISP.NS,2025-08-22 11:22:24.293755
223,2024-09-30 00:00:00+05:30,53.45000076293945,55.209999084472656,53.2599983215332,53.95000076293945,18771071,0.0,0.0,2024-09-30,52.660000228881835,1.1809943751922383,53.84099460407407,51.4790058536896,55.02198897926631,50.29801147849736,166.47410595101678,20.101379655290234,62900259,18999987.04065724,8958943.123051818,58.43611244983245,63.2676482402206,54.13999938964844,55.02000045776367,53.06999969482422,56.09000015258789,52.189998626708984,56.970001220703125,51.119998931884766,-0.12618396759067874,-23.728792859688042,-0.5325464147411196,-0.7669811991922285,0.23443478445110888,53.8750507286256,15.447783195837562,52.51000061035156,52.660000228881835,54.40099998474121,57.10219989776611,NSLNISP.NS,2025-08-22 11:22:24.293755
224,2024-09-27 00:00:00+05:30,51.95000076293945,53.63999938964844,51.88999938964844,52.84000015258789,12100491,0.0,0.0,2024-09-27,52.62550010681152,1.151024663308341,53.77652477011986,51.47447544350318,54.927549433428204,50.32345078019484,66.72699264685085,-59.42543719887816,44129188,11996059.201475715,6448682.143650463,58.462759605375986,54.34809662508758,52.789999643961586,53.689999898274735,51.939999898274735,54.539999643961586,51.039999643961586,55.439999898274735,50.189999898274735,-0.10342660941688021,-34.66669718424479,-0.7208272600293029,-0.8255898953050057,0.10476263527570284,48.94004265401715,15.294617795866978,52.12200012207031,52.62550010681152,54.455,57.17469989776611,NSLNISP.NS,2025-08-22 11:22:24.293755
225,2024-09-26 00:00:00+05:30,51.650001525878906,51.79999923706055,50.90999984741211,51.58000183105469,6955559,0.0,0.0,2024-09-26,52.66550006866455,1.1725701936481936,53.83807026231274,51.49292987501636,55.01064045596094,50.32035968136816,-57.14050401474964,-134.25317138680938,32028697,6731102.27188429,5061837.87919415,58.48437237188315,41.11375749726473,51.43000030517578,51.95000076293945,51.060001373291016,52.31999969482422,50.540000915527344,52.84000015258789,50.17000198364258,-0.14190619446087915,-62.666659884982636,-0.8416439297192468,-0.8517805541239313,0.010136624404684436,42.4497873337996,16.127275409858033,51.67000045776367,52.66550006866455,54.554800033569336,57.28729988098144,NSLNISP.NS,2025-08-22 11:22:24.293755
226,2024-09-25 00:00:00+05:30,52.9900016784668,53.119998931884766,51.0099983215332,51.31999969482422,4805837,0.0,0.0,2024-09-25,52.799499893188475,1.1949123622722277,53.9944122554607,51.60458753091625,55.18932461773293,50.40967516864402,-36.325760164017765,-119.82475187627087,25073138,4627308.759919915,4644521.781021615,58.499661214856545,43.523061684879345,51.81666564941406,52.62333297729492,50.51333236694336,53.926666259765625,49.7066650390625,54.733333587646484,48.4033317565918,-0.1976227515312407,-73.45797058047587,-0.8594829534937176,-0.8543147102251023,-0.0051682432686153135,41.01312453618591,16.196472990483745,51.44199981689453,52.799499893188475,54.69919998168945,57.4364998626709,NSLNISP.NS,2025-08-22 11:22:24.293755
227,2024-09-24 00:00:00+05:30,52.349998474121094,53.75,52.09000015258789,52.86000061035156,9247643,0.0,0.0,2024-09-24,52.952999877929685,1.1920353761457745,54.14503525407546,51.76096450178391,55.337070630221234,50.568929125638135,49.278391242009604,-71.397315586568,29878975,9171302.469445819,4648825.036297039,58.51066283056672,50.82845968573318,52.90000025431315,53.71000035603841,52.0500005086263,54.56000010172526,51.24000040690104,55.370000203450516,50.39000066121419,-0.1821369202230526,-44.6728985290238,-0.8436935697051098,-0.8530226494079485,0.009329079702838694,47.54042600834031,16.339561530750586,51.555999755859375,52.952999877929685,54.861800003051755,57.578799896240234,NSLNISP.NS,2025-08-22 11:22:24.293755
228,2024-09-23 00:00:00+05:30,50.61000061035156,52.220001220703125,50.61000061035156,52.0099983215332,3358735,0.0,0.0,2024-09-23,53.0519998550415,1.2639561885541835,54.31595604359568,51.78804366648732,55.579912232149866,50.524087477933136,-62.09427647318262,-136.95195879383564,20631332,3277444.7319505974,3518205.678009844,58.52737359492729,55.87155872056332,51.61333338419596,52.61666615804036,51.0066655476888,53.223333994547524,50.0033327738444,54.22666676839192,49.396664937337235,-0.21617828135911352,-62.32147552530439,-0.9623618947215462,-0.8553549193336581,-0.10700697538788806,42.88132108887816,17.270454416105515,51.465999603271484,53.0519998550415,55.00559997558594,57.69519989013672,NSLNISP.NS,2025-08-22 11:22:24.293755
229,2024-09-20 00:00:00+05:30,50.68000030517578,51.380001068115234,50.45000076293945,50.58000183105469,3107050,0.0,0.0,2024-09-20,53.23199996948242,1.3604124670473983,54.59241243652982,51.87158750243503,55.95282490357722,50.51117503538762,-156.30733686488364,-180.95361222122312,17272597,2948491.4997879746,3578395.9145246553,58.53438138532884,51.53139103568903,50.80333455403646,51.15666834513347,50.22666803995769,51.73333485921224,49.87333424886068,52.08666865030925,49.296667734781906,-0.20827156588736173,-87.85713409890695,-1.0159997233859173,-0.828603175486686,-0.18739654789923121,33.679889524411436,16.801320639849102,51.68000030517578,53.23199996948242,55.17020004272461,57.835099906921386,NSLNISP.NS,2025-08-22 11:22:24.293755
230,2024-09-19 00:00:00+05:30,52.150001525878906,52.41999816894531,49.900001525878906,50.439998626708984,5472049,0.0,0.0,2024-09-19,53.44049987792969,1.2474290457500783,54.68792892367977,52.19307083217961,55.935357969429845,50.94564178642953,-203.65884716768593,-187.674262413779,14165547,5178426.7916718675,3735872.0182088255,58.542301279605624,52.270242145769004,50.91999944051107,51.939997355143234,49.42000071207683,53.439996083577476,48.400002797444664,54.45999399820964,46.90000406901042,-0.19882421223823823,-90.35719200057765,-0.9284454750623183,-0.7817540385118781,-0.14669143655044026,32.694207115715784,15.316500728564847,52.26599960327148,53.44049987792969,55.31139999389649,57.99279987335205,NSLNISP.NS,2025-08-22 11:22:24.293755
231,2024-09-18 00:00:00+05:30,52.40999984741211,52.650001525878906,51.79999923706055,51.88999938964844,2660479,0.0,0.0,2024-09-18,53.6769998550415,1.0866417861323363,54.763641641173834,52.59035806890917,55.850283427306174,51.50371628277683,-109.3321780755604,-139.93074089497526,19637596,2590098.6052957033,3375233.3248430644,58.55653392047717,53.59890325408134,52.11333338419596,52.426667531331375,51.576665242513016,52.96333567301432,51.2633310953776,53.276669820149735,50.72666295369466,-0.19921835754575035,-97.56756394513847,-0.7884939555675743,-0.745081179374268,-0.0434127761933063,38.14683058656469,13.717463901027957,52.704000091552736,53.6769998550415,55.45840003967285,58.15639991760254,NSLNISP.NS,2025-08-22 11:22:24.293755
232,2024-09-17 00:00:00+05:30,53.439998626708984,53.439998626708984,52.25,52.40999984741211,2745222,0.0,0.0,2024-09-17,53.831499862670896,1.0377620031986166,54.86926186586951,52.79373785947228,55.90702386906813,51.755975856273665,-69.302268207394,-118.81018745544564,22298075,2699382.488941423,3571517.0047299042,58.56223238817272,53.02166142907776,52.699999491373696,53.14999898274739,51.96000035603841,53.88999811808268,51.51000086466471,54.339997609456375,50.77000172932942,-0.19430648333764441,-86.07242399030068,-0.7401698283892912,-0.7342279853259412,-0.005941843063349994,40.38998433624509,13.234356360836632,52.78600006103515,53.831499862670896,55.573000030517576,58.31749992370605,NSLNISP.NS,2025-08-22 11:22:24.293755
233,2024-09-16 00:00:00+05:30,54.25,54.25,53.0,53.08000183105469,3025904,0.0,0.0,2024-09-16,53.96549987792969,1.0173776956088796,54.982877573538566,52.94812218232081,56.000255269147445,51.93074448671193,-0.3357253408039234,-86.48915421034195,25043297,3013414.4870478157,3789550.6336770244,58.56766353518301,52.1313051965647,53.4433339436849,53.886667887369796,52.636667887369796,54.6933339436849,52.1933339436849,55.136667887369796,51.386667887369796,-0.19596953344568782,-68.29261736918116,-0.7182977738515604,-0.7327425245601038,0.014444750708543452,43.44661755041755,13.0752631592557,52.922000122070315,53.96549987792969,55.67400001525879,58.445899925231934,NSLNISP.NS,2025-08-22 11:22:24.293755
234,2024-09-13 00:00:00+05:30,53.0,54.400001525878906,52.79999923706055,53.5099983215332,5283066,0.0,0.0,2024-09-13,54.09049987792969,1.0557137745209197,55.146213652450605,53.03478610340877,56.20192742697153,51.979072328887845,14.367156339649524,-83.67102623531319,28069201,5303880.991352521,3983584.670334326,58.57300852175878,51.729509576625695,53.56999969482422,54.34000015258789,52.73999786376953,55.17000198364258,51.96999740600586,55.94000244140625,51.13999557495117,-0.13884013937870876,-56.639591610143995,-0.7453966603877191,-0.7363537122372396,-0.009042948150479568,45.49861486534117,13.554819378019381,52.8,54.09049987792969,55.77019996643067,58.55209991455078,NSLNISP.NS,2025-08-22 11:22:24.293755
235,2024-09-12 00:00:00+05:30,52.61000061035156,53.099998474121094,52.18000030517578,52.630001068115234,2751833,0.0,0.0,2024-09-12,54.10499992370605,1.0492930813138008,55.15429300501985,53.055706842392254,56.20358608633366,52.00641376107845,-87.72673745220531,-133.50414429967194,22786135,2717241.5722770286,3653510.590079777,58.58163310564503,53.36768137587542,52.63666661580404,53.093332926432296,52.173334757486984,53.55666478474935,51.716668446858726,54.01333109537761,51.25333658854167,-0.12637590800169693,-83.41011070532343,-0.8111456973578441,-0.7340929751996196,-0.07705272215822456,40.12460115937487,14.071264536687961,52.78000030517578,54.10499992370605,55.85400001525879,58.642499923706055,NSLNISP.NS,2025-08-22 11:22:24.293755
236,2024-09-11 00:00:00+05:30,53.36000061035156,53.36000061035156,52.099998474121094,52.29999923706055,2010315,0.0,0.0,2024-09-11,54.13849983215332,1.0096706874169972,55.14817051957032,53.12882914473632,56.157841206987314,52.11915845731933,-110.38488631617463,-138.16693535179118,20034302,1972598.0200980164,3887577.8445304637,58.58691861657719,48.86620549968821,52.586666107177734,53.073333740234375,51.813331604003906,53.8466682434082,51.326663970947266,54.333335876464844,50.55332946777344,-0.17237919491248244,-91.01383926413261,-0.7963679061366449,-0.7148297946600635,-0.08153811147658141,37.99567906224294,13.184933165016739,53.204000091552736,54.13849983215332,55.94220001220703,58.753199920654296,NSLNISP.NS,2025-08-22 11:22:24.293755
237,2024-09-10 00:00:00+05:30,52.75,53.47999954223633,52.66999816894531,53.09000015258789,3172876,0.0,0.0,2024-09-10,54.241999816894534,0.9127323208726015,55.154732137767134,53.329267496021934,56.06746445863973,52.416535175149335,-85.4366418664857,-117.28511053471648,22044617,3160375.0419384115,4366322.800638575,58.59100004968013,53.62631232236724,53.07999928792318,53.490000406901046,52.67999903361003,53.890000661214195,52.269997914632164,54.30000178019206,51.869997660319015,-0.1598164591944359,-72.81105383205664,-0.7328814945278026,-0.6944452667909181,-0.03843622773688449,41.256542796039874,12.230422457063115,53.72400054931641,54.241999816894534,56.04940002441406,58.85269992828369,NSLNISP.NS,2025-08-22 11:22:24.293755
238,2024-09-09 00:00:00+05:30,53.5,53.5,51.90999984741211,52.470001220703125,3971648,0.0,0.0,2024-09-09,54.31399974822998,0.8730070800725765,55.18700682830256,53.440992668157406,56.06001390837513,52.56798558808483,-155.40866569383118,-137.13701334291352,18871741,3909800.720284136,4667809.740313616,58.59664227766403,49.00098095284484,52.62666702270508,53.34333419799805,51.753334045410156,54.21666717529297,51.03666687011719,54.93333435058594,50.163333892822266,-0.14420767889504538,-87.09674300455742,-0.7182985047619397,-0.6848362098566969,-0.03346229490524277,37.33744160362306,11.609276561745277,53.742000579833984,54.31399974822998,56.121600036621096,58.94479991912842,NSLNISP.NS,2025-08-22 11:22:24.293755
239,2024-09-06 00:00:00+05:30,54.95000076293945,55.25,53.349998474121094,53.40999984741211,3485541,0.0,0.0,2024-09-06,54.430999755859375,0.7627027041044379,55.193702459963816,53.668297051754934,55.95640516406825,52.9055943476505,-38.05685059161086,-83.71039353404593,22843389,3492734.4642193927,4857311.995320985,58.60451830155667,49.973557630813865,54.0033327738444,54.656667073567704,52.7566655476888,55.903334299723305,52.10333124796549,56.55666859944661,50.85666402180989,-0.15361233144967787,-85.02994080366759,-0.627684047228172,-0.6764706361303862,0.04878658890221421,41.20786591943498,10.940350212941452,53.9,54.430999755859375,56.201600036621095,59.059099922180174,NSLNISP.NS,2025-08-22 11:22:24.293755
240,2024-09-05 00:00:00+05:30,54.810001373291016,55.13999938964844,54.369998931884766,54.75,3146834,0.0,0.0,2024-09-05,54.52349967956543,0.7443211662929917,55.267820845858424,53.77917851327244,56.012142012151415,53.03485734697945,42.584045062861094,-56.347240516468524,26328930,3232442.1006783806,5198456.378096383,58.61038534861539,58.71040125987324,54.7533327738444,55.13666661580403,54.36666615804036,55.52333323160807,53.98333231608073,55.906667073567704,53.59666570027669,-0.1339709414732978,-44.91017758899723,-0.5947353406338962,-0.6886672833559396,0.09393194272204342,47.76153591158473,11.34290485092638,53.94599990844726,54.52349967956543,56.27680000305176,59.18349990844727,NSLNISP.NS,2025-08-22 11:22:24.293755
241,2024-09-04 00:00:00+05:30,53.0,55.5,52.90999984741211,54.900001525878906,14897588,0.0,0.0,2024-09-04,54.59949970245361,0.8401036426271675,55.43960334508078,53.75939605982644,56.27970698770795,52.91929241719928,-2.4033385430193444,-72.00006186314369,29475764,15344795.790601607,5689959.947450884,58.61432585156257,52.770283012478345,54.436667124430336,55.96333440144856,53.37333424886067,57.02666727701823,51.846666971842446,58.553334554036454,50.78333409627278,-0.12752070400038878,-40.4191141451024,-0.6755095822092088,-0.7121502690364505,0.03664068682724175,48.564366573788355,11.66084170190178,53.847999572753906,54.59949970245361,56.334400024414066,59.24349990844726,NSLNISP.NS,2025-08-22 11:22:24.293755
242,2024-09-03 00:00:00+05:30,53.119998931884766,53.7400016784668,53.060001373291016,53.18000030517578,1897560,0.0,0.0,2024-09-03,54.653999710083006,0.8942358649041238,55.54823557498713,53.75976384517888,56.44247143989126,52.865527980274756,-122.84108423816986,-121.08068086293723,14578176,1893287.857852784,3276250.9866632028,58.632362121200984,34.81545862862012,53.32666778564453,53.59333419799805,52.913333892822266,54.00666809082031,52.64666748046875,54.27333450317383,52.233333587646484,-0.1479070333804099,-96.23827637792544,-0.7834629723473512,-0.7213104407432609,-0.06215253160409029,37.35174547665696,12.003235233721444,53.74599914550781,54.653999710083006,56.39379997253418,59.30799987792969,NSLNISP.NS,2025-08-22 11:22:24.293755
243,2024-09-02 00:00:00+05:30,53.70000076293945,53.790000915527344,53.11000061035156,53.2599983215332,2145122,0.0,0.0,2024-09-02,54.690999603271486,0.8439319639059863,55.53493156717747,53.8470676393655,56.37886353108346,53.00313567545951,-164.41713443899934,-125.80524589682847,16475736,2143512.1154756835,3621991.768865807,58.63573654651457,40.6283609023682,53.38666661580404,53.663332621256515,52.983332316080734,54.06666692097982,52.70666631062826,54.343332926432296,52.30333201090495,-0.21024048428707195,-95.22300190005977,-0.7404113141618254,-0.7057723078422382,-0.03463900631958716,37.70675422958744,11.654056409250606,54.077999114990234,54.690999603271486,56.50259994506836,59.39469985961914,NSLNISP.NS,2025-08-22 11:22:24.293755
244,2024-08-30 00:00:00+05:30,54.47999954223633,54.58000183105469,53.22999954223633,53.63999938964844,3785576,0.0,0.0,2024-08-30,54.878499603271486,0.92221322518181,55.80071282845329,53.95628637808968,56.722926053635106,53.034073152907865,-179.671520613363,-114.98508378367336,18620858,3809724.1507702945,3991611.6822133376,58.63950023524757,38.482958492528304,53.81666692097982,54.40333429972331,53.05333201090495,55.16666920979818,52.46666463216146,55.75333658854167,51.70332972208659,-0.17043430832802434,-85.57381190911262,-0.6819523850025035,-0.6971125562623413,0.015160171259837707,39.356644849352186,11.321662590037501,54.54799957275391,54.878499603271486,56.62459999084473,59.48009986877442,NSLNISP.NS,2025-08-22 11:22:24.293755
245,2024-08-29 00:00:00+05:30,54.380001068115234,54.79999923706055,53.900001525878906,54.2599983215332,3143041,0.0,0.0,2024-08-29,55.08849964141846,1.088544896091407,56.177044537509865,53.99995474532705,57.26558943360127,52.911409849235646,-96.70647088888592,-100.24073322044894,22406434,3199651.0661472823,4037083.5650740983,58.64568494216317,39.039126741091394,54.31999969482422,54.73999786376953,53.84000015258789,55.21999740600586,53.42000198364258,55.63999557495117,52.94000244140625,-0.20467558250899373,-65.2459729919366,-0.6341989765749929,-0.7009025990773006,0.06670362250230766,42.150901409793896,11.063134235909763,54.76999969482422,55.08849964141846,56.71879997253418,59.563699874877926,NSLNISP.NS,2025-08-22 11:22:24.293755
246,2024-08-28 00:00:00+05:30,54.79999923706055,55.599998474121094,54.0099983215332,54.38999938964844,3577190,0.0,0.0,2024-08-28,55.287499809265135,1.276656800556457,56.564156609821595,54.010843008708676,57.84081341037805,52.734186208152224,-33.04815450939979,-90.83707085346319,25549475,3650344.5535018467,4246441.689805802,58.650194089655926,39.44382223963985,54.666665395100914,55.323332468668625,53.733332316080734,56.256665547688804,53.07666524251302,56.913332621256515,52.14333216349284,-0.19911546587154996,-60.98364182360085,-0.6245115685227418,-0.7175785047028775,0.09306693618013573,42.741737980197065,11.353544752690555,54.95199966430664,55.287499809265135,56.82400001525879,59.641599884033205,NSLNISP.NS,2025-08-22 11:22:24.293755
247,2024-08-27 00:00:00+05:30,55.41999816894531,55.56999969482422,54.689998626708984,54.84000015258789,3366119,0.0,0.0,2024-08-27,55.45949993133545,1.3771505255318668,56.83665045686732,54.08234940580358,58.213800982399185,52.705198880271716,21.059231843526163,-79.11472010857783,29126665,3463376.5312565784,4395465.97388179,58.65518508023938,47.17061731125863,55.03333282470703,55.37666702270508,54.496665954589844,55.913333892822266,54.1533317565918,56.25666809082031,53.61666488647461,-0.1967620364831389,-55.55555555555556,-0.6154495896410879,-0.7408452387479114,0.12539564910682355,44.75833393769755,11.761788080545404,55.06999969482422,55.45949993133545,56.92900001525879,59.70719989776612,NSLNISP.NS,2025-08-22 11:22:24.293755
248,2024-08-26 00:00:00+05:30,55.13999938964844,56.25,54.34000015258789,55.61000061035156,7044789,0.0,0.0,2024-08-26,55.6125,1.471454981094251,57.08395498109425,54.14104501890574,58.5554099621885,52.669590037811496,72.87771328075033,-66.13304606497674,32492784,7350107.433348686,4628488.334538093,58.65939563567982,57.57244313775034,55.40000025431315,56.46000035603841,54.5500005086263,57.31000010172526,53.49000040690104,58.370000203450516,52.64000066121419,-0.21725611533616154,-34.688326711884805,-0.63884077379209,-0.7721941510246173,0.13335337723252727,48.38557256082798,12.529878756994535,55.119999694824216,55.6125,57.028199996948246,59.70579990386963,NSLNISP.NS,2025-08-22 11:22:24.293755
249,2024-08-23 00:00:00+05:30,55.18000030517578,55.279998779296875,54.59000015258789,54.75,2543940,0.0,0.0,2024-08-23,55.73299999237061,1.5668282193539178,57.299828211724524,54.16617177301669,58.86665643107845,52.59934355366277,10.857296382234109,-95.85907341553998,25447995,2613146.660294047,3948083.5598354433,58.66645523860572,44.59817819379599,54.87333297729492,55.15666580200195,54.46666717529297,55.563331604003906,54.18333435058594,55.84666442871094,53.776668548583984,-0.20490875684980792,-57.994584988695465,-0.734942550495596,-0.8055324953327492,0.0705899448371532,43.64944423159304,13.357053331632061,55.113999938964845,55.73299999237061,57.114599990844724,59.69769989013672,NSLNISP.NS,2025-08-22 11:22:24.293755
250,2024-08-22 00:00:00+05:30,55.189998626708984,55.70000076293945,55.099998474121094,55.16999816894531,3644978,0.0,0.0,2024-08-22,55.80249996185303,1.5516852861788384,57.35418524803187,54.25081467567419,58.905870534210706,52.699129389495354,55.68680129683407,-79.36558299982974,27991935,3772859.8961408944,4281817.7847207915,58.669732128505075,43.31829418605923,55.32333246866862,55.54666646321614,54.94666417439778,55.92333475748698,54.72333017985026,56.1466687520345,54.34666188557942,-0.22876363339706682,-52.06819675295987,-0.7621494234299107,-0.8231799815420374,0.061030558112126765,45.54464773498781,13.659100561480182,54.92399978637695,55.80249996185303,57.21159996032715,59.71419990539551,NSLNISP.NS,2025-08-22 11:22:24.293755
251,2024-08-21 00:00:00+05:30,55.279998779296875,55.47999954223633,54.88999938964844,54.97999954223633,2388170,0.0,0.0,2024-08-21,55.90200004577637,1.5726537981316522,57.47465384390802,54.329346247644715,59.04730764203967,52.75669244951307,18.02266157402274,-94.90093009411555,24346957,2463444.4162521856,4409057.256865765,58.67393274194864,47.75890091929708,55.11666615804037,55.343332926432296,54.753332773844406,55.70666631062826,54.526666005452476,55.93333307902019,54.163332621256515,-0.18310593886336565,-72.1439914034983,-0.82679820278846,-0.838437621070069,0.011639418281609082,44.5329949628457,14.395360575605508,54.55,55.90200004577637,57.29599998474121,59.72649993896484,NSLNISP.NS,2025-08-22 11:22:24.293755
252,2024-08-20 00:00:00+05:30,55.88999938964844,55.900001525878906,55.0,55.09000015258789,2646877,0.0,0.0,2024-08-20,55.95850009918213,1.5580165121822551,57.51651661136439,54.400483586999876,59.074533123546644,52.84246707481762,35.65441434741025,-89.53564640019634,26735127,2735768.4131539785,4895460.46701916,58.676839967439385,52.51609383808639,55.33000055948893,55.66000111897786,54.759999593098954,56.230002085367836,54.429999033610024,56.560002644856766,53.85999806722005,-0.15445951578389971,-70.42254193779476,-0.8783289994460546,-0.8413474756404712,-0.036981523805583394,44.98224323410263,14.994483022525136,54.427999877929686,55.95850009918213,57.380400009155274,59.728699951171876,NSLNISP.NS,2025-08-22 11:22:24.293755
253,2024-08-19 00:00:00+05:30,55.900001525878906,55.9900016784668,55.0,55.58000183105469,7192102,0.0,0.0,2024-08-19,56.043000030517575,1.5542582720537146,57.59725830257129,54.48874175846386,59.151516574625006,52.934483486410144,62.348786404163285,-84.3373164091847,29382004,7499756.999080536,5435383.480485455,58.6799714440894,51.10702229722989,55.52333450317383,56.046669006347656,55.05666732788086,56.513336181640625,54.53333282470703,57.03667068481445,54.06666564941406,-0.12389501411336493,-62.75428332636857,-0.9418294128612956,-0.8321020946890753,-0.10972731817222037,46.940976703310895,15.721331597490066,54.315999603271486,56.043000030517575,57.46959999084473,59.72179996490478,NSLNISP.NS,2025-08-22 11:22:24.293755
254,2024-08-16 00:00:00+05:30,53.5,54.18000030517578,53.29999923706055,53.79999923706055,4173538,0.0,0.0,2024-08-16,56.09650001525879,1.555897021081903,57.652397036340695,54.540602994176886,59.2082940574226,52.98470597309498,-103.51812074459745,-182.5888387261474,22189902,4212689.388928145,4919290.100836685,58.687342813679436,50.68183988932517,53.75999959309896,54.219999949137375,53.33999888102214,54.640000661214195,52.879998524983726,55.10000101725261,52.459997812906906,-0.1793768709928128,-90.61035162079875,-1.0571167830243269,-0.80467026514602,-0.25244651787830685,37.80564202638735,16.50409160129845,54.16199951171875,56.09650001525879,57.503999938964846,59.70849994659424,NSLNISP.NS,2025-08-22 11:22:24.293755
255,2024-08-14 00:00:00+05:30,55.099998474121094,55.369998931884766,53.20000076293945,53.29999923706055,4502048,0.0,0.0,2024-08-14,56.29800014495849,1.5028842785534855,57.80088442351198,54.795115866405006,59.30376870206546,53.292231587851525,-101.36309860568856,-188.41320609782758,18016364,4502048.0,5095940.27881382,58.69409604832696,57.57176069654065,53.95666631062826,54.71333185831706,52.54333368937175,56.12666447957357,51.786668141682945,56.883330027262375,50.37333552042644,-0.22267147614087585,-98.43507850277595,-1.013399345672667,-0.7415586356764433,-0.2718407099962238,34.881242990616684,15.78644371244813,54.45399932861328,56.29800014495849,57.528999938964844,59.714499969482425,NSLNISP.NS,2025-08-22 11:22:24.293755
256,2024-08-13 00:00:00+05:30,54.81999969482422,55.369998931884766,53.650001525878906,54.369998931884766,3846899,0.0,0.0,2024-08-13,56.5730001449585,1.4267012366195506,57.99970138157805,55.14629890833895,59.4264026181976,53.7195976717194,-79.6580845059372,-174.37920454666096,22518412,3924125.6569406916,5244413.3485172745,58.702148187503475,56.9099917814734,54.46333312988281,55.27666473388672,53.55666732788086,56.18333053588867,52.74333572387695,56.99666213989258,51.836669921875,-0.2545439274721467,-86.42384817001927,-0.8928308183713369,-0.6735984581773874,-0.21923236019394954,38.47632057788861,15.013592139840092,55.04799957275391,56.5730001449585,57.70999992370606,59.72549999237061,NSLNISP.NS,2025-08-22 11:22:24.293755
257,2024-08-12 00:00:00+05:30,54.79999923706055,55.150001525878906,53.54999923706055,54.529998779296875,5133050,0.0,0.0,2024-08-12,56.82700023651123,1.4655275542624187,58.29252779077365,55.36147268224882,59.75805534503607,53.895945127986394,-96.94288986626876,-188.83964014315532,26365311,5251504.957610697,5574485.271411421,58.70768106331728,57.131128635318944,54.40999984741211,55.27000045776367,53.66999816894531,56.01000213623047,52.80999755859375,56.87000274658203,52.06999588012695,-0.2401457540382001,-83.77484447532132,-0.8303175856595715,-0.6187903681289,-0.2115272175306715,39.03494694432742,14.426481892096161,55.37200012207031,56.82700023651123,57.82459991455078,59.725299987792965,NSLNISP.NS,2025-08-22 11:22:24.293755
258,2024-08-09 00:00:00+05:30,55.79999923706055,56.09000015258789,54.52000045776367,54.810001373291016,2888541,0.0,0.0,2024-08-09,57.103000259399415,1.5285981855446276,58.631598444944046,55.574402073854785,60.16019663048867,54.04580388831016,-77.66035755922672,-156.7273248259492,31498361,2970374.079606435,5655230.349861602,58.71481268624248,55.91459235397851,55.140000661214195,55.76000086466472,54.1900011698405,56.710000356038414,53.570000966389976,57.33000055948894,52.62000147501628,-0.36404711097872255,-81.84929202747888,-0.7534586956349543,-0.565908563746232,-0.18755013188872227,39.97814723042293,13.60648193920666,55.25,57.103000259399415,57.918999938964845,59.69900001525879,NSLNISP.NS,2025-08-22 11:22:24.293755
259,2024-08-08 00:00:00+05:30,56.2400016784668,56.2400016784668,55.0,55.2599983215332,2507600,0.0,0.0,2024-08-08,57.3745002746582,1.5812108067118034,58.955711081370005,55.7932894679464,60.53692188808181,54.2120786612346,-77.40392492195237,-143.33683773114518,34386902,2599811.8907049852,6326444.417425394,58.718567370788435,54.74174121242603,55.5,56.0,54.7599983215332,56.7400016784668,54.2599983215332,57.2400016784668,53.519996643066406,-0.1930728617854192,-74.1438650328789,-0.6712159980326291,-0.5190210307740515,-0.15219496725857762,41.473668455208816,13.234510057604538,55.689999389648435,57.3745002746582,58.036799926757816,59.74040000915527,NSLNISP.NS,2025-08-22 11:22:24.293755
260,2024-08-07 00:00:00+05:30,56.130001068115234,56.88999938964844,55.56999969482422,56.27000045776367,4812076,0.0,0.0,2024-08-07,57.493500328063966,1.5012359067406513,58.99473623480462,55.99226442132331,60.495972141545266,54.491028514582666,-46.99920036015269,-105.70491524715395,36894502,5080216.183840356,7258102.549105496,58.721456801294835,52.40759513102879,56.243333180745445,56.91666666666667,55.59666697184245,57.563332875569664,54.923333485921226,58.23666636149089,54.276667277018234,-0.13626293270236992,-56.84930835751812,-0.60006836497422,-0.48097228895940697,-0.11909607601481303,44.98053037851569,13.100469639787299,56.205999755859374,57.493500328063966,58.144599990844725,59.787800025939944,NSLNISP.NS,2025-08-22 11:22:24.293755
261,2024-08-06 00:00:00+05:30,54.04999923706055,56.25,54.04999923706055,55.9900016784668,9261960,0.0,0.0,2024-08-06,57.56950035095215,1.4742690660338507,59.043769416985995,56.0952312849183,60.51803848301985,54.62096221888444,-108.22732636654862,-158.71439472508266,32082426,9729402.689846857,7802574.14042178,58.72539330810056,46.47205493854285,55.43000030517578,56.810001373291016,54.61000061035156,57.630001068115234,53.22999954223633,59.01000213623047,52.40999984741211,-0.13213931296873255,-61.643807877741565,-0.5993557972028398,-0.45119826995570367,-0.14815752724713616,43.75627429488235,13.27757886952818,56.6,57.56950035095215,58.29220001220703,59.83560001373291,NSLNISP.NS,2025-08-22 11:22:24.293755
262,2024-08-05 00:00:00+05:30,55.150001525878906,55.689998626708984,53.75,53.91999816894531,9514691,0.0,0.0,2024-08-05,57.65100021362305,1.4266413594284948,59.077641573051544,56.224358854194556,60.50428293248004,54.79771749476606,-186.2657398523981,-228.02649970642582,22820466,9625368.267198004,7320867.003065511,58.73387380175946,49.21026438668175,54.4533322652181,55.1566645304362,53.21666590372722,56.393330891927086,52.51333363850912,57.09666315714519,51.276667277018234,-0.19235306175034847,-97.80647523941532,-0.561786708728377,-0.4141588881439196,-0.1476278205844574,33.61607670441039,13.007960156844467,56.96800003051758,57.65100021362305,58.47139991760254,59.880699996948245,NSLNISP.NS,2025-08-22 11:22:24.293755
263,2024-08-02 00:00:00+05:30,57.0,57.310001373291016,56.220001220703125,57.0099983215332,4313911,0.0,0.0,2024-08-02,57.82800025939942,1.1276508103145448,58.95565106971396,56.700349449084875,60.08330188002851,55.572698638770326,-46.96901491186082,-92.93673739817315,32335157,4614185.035451922,6744741.687032387,58.7492544152255,50.74634180672155,56.846666971842446,57.473332722981766,56.383332570393875,57.936667124430336,55.756666819254555,58.56333287556966,55.293332417805985,-0.16021325416125212,-62.70952198539013,-0.30131098908125864,-0.3772519329978052,0.07594094391654654,44.81578786730021,12.305265735759502,57.764000701904294,57.82800025939942,58.689999923706054,59.9425,NSLNISP.NS,2025-08-22 11:22:24.293755
264,2024-08-01 00:00:00+05:30,58.599998474121094,59.59000015258789,57.45000076293945,57.84000015258789,8826789,0.0,0.0,2024-08-01,57.87200031280518,1.1111001489245367,58.98310046172971,56.76090016388064,60.09420061065425,55.64980001495611,83.48012340257743,1.8856237212203826,36649068,9578639.482453715,7277380.849927503,58.75177759620883,65.22744278209663,58.29333368937174,59.13666661580403,56.996667226155594,60.43333307902018,56.153334299723305,61.27666600545247,54.85666783650716,-0.18072138455735576,-56.8434064538464,-0.26757601472608883,-0.3962371689769418,0.12866115425085295,48.87744461607517,12.93506202214042,57.96600112915039,57.87200031280518,58.857799987792966,59.98690002441406,NSLNISP.NS,2025-08-22 11:22:24.293755
265,2024-07-31 00:00:00+05:30,57.9900016784668,58.790000915527344,57.77000045776367,58.2400016784668,4368693,0.0,0.0,2024-07-31,57.865000343322755,1.1117531702890524,58.97675351361181,56.7532471730337,60.08850668390086,55.64149400274465,83.86897731036755,3.023856147297434,45475857,4773596.459562311,6702066.191795949,58.7544921367768,73.9005464791032,58.26666768391927,58.763334910074875,57.7433344523112,59.286668141682945,57.2466672261556,59.783335367838546,56.72333399454753,-0.14220460111392083,-51.91120551950434,-0.30207344736422925,-0.42840245753965495,0.1263290101754257,50.94358041659166,13.362587126618726,57.6260009765625,57.865000343322755,59.02700004577637,60.02400001525879,NSLNISP.NS,2025-08-22 11:22:24.293755
266,2024-07-30 00:00:00+05:30,57.900001525878906,58.349998474121094,57.61000061035156,57.83000183105469,4487408,0.0,0.0,2024-07-30,57.80500030517578,1.122776283763593,58.92777658893937,56.68222402141219,60.050552872702966,55.5594477376486,33.53277692820709,-21.635609684474204,41107164,4868795.808091667,7184183.624854358,58.755251367917246,67.2362977092282,57.93000030517578,58.25,57.51000213623047,58.66999816894531,57.19000244140625,58.98999786376953,56.77000427246094,-0.15681874108886576,-56.9666903105756,-0.3810578341637978,-0.4599847100835114,0.07892687591971359,48.88712221761686,14.379151093319889,57.41000061035156,57.80500030517578,59.166199951171876,60.055600013732914,NSLNISP.NS,2025-08-22 11:22:24.293755
267,2024-07-29 00:00:00+05:30,58.45000076293945,59.5,57.70000076293945,57.900001525878906,6216892,0.0,0.0,2024-07-29,57.79650020599365,1.1232204664078291,58.91972067240148,56.67327973958582,60.04294113880931,55.55005927317799,48.09042720471339,-0.6507848805556397,45594572,6753434.548568217,7763030.57904503,58.75665598645768,67.52733032171339,58.36666742960612,59.03333409627278,57.233334859212235,60.166666666666664,56.56666819254557,60.83333333333333,55.43333562215169,-0.13382773550190277,-56.103562202608856,-0.436029407530782,-0.4797164290634397,0.04368702153265769,49.21419463500825,15.177644683548374,57.066000366210936,57.79650020599365,59.255599899291994,60.06829998016357,NSLNISP.NS,2025-08-22 11:22:24.293755
268,2024-07-26 00:00:00+05:30,57.0,58.38999938964844,56.70000076293945,58.02000045776367,6526182,0.0,0.0,2024-07-26,57.73650016784668,1.1491520562854969,58.88565222413217,56.587348111561184,60.034804280417674,55.43819605527568,-10.247200812179491,-36.44393445410703,51811464,7104110.469933491,8015429.586664232,58.758461485776735,67.71229847153268,57.70333353678385,58.70666631062825,57.016667683919266,59.393332163492836,56.01333491007487,60.396664937337235,55.32666905721028,-0.12023140508458169,-54.623920737087886,-0.5066970826571051,-0.4906381844466041,-0.016058898210500994,49.743965874462035,16.09626163670048,56.84199981689453,57.73650016784668,59.34859985351562,60.10679996490479,NSLNISP.NS,2025-08-22 11:22:24.293755
269,2024-07-25 00:00:00+05:30,56.599998474121094,57.7400016784668,56.0,56.13999938964844,5182234,0.0,0.0,2024-07-25,57.65900020599365,1.1808556399988994,58.839855845992545,56.478144565994754,60.02071148599145,55.29728892599585,-68.86463614117638,-92.25498689680478,45285282,5458360.558375497,8243259.365846917,58.76009893188519,63.802808524816214,56.62666702270508,57.253334045410156,55.51333236694336,58.366668701171875,54.88666534423828,58.99333572387695,53.77333068847656,-0.1629373169020353,-77.80518986936897,-0.6013139693657124,-0.4866234598939788,-0.11469050947173354,40.41262209386909,16.290216975801954,56.56800003051758,57.65900020599365,59.43919982910156,60.15309997558594,NSLNISP.NS,2025-08-22 11:22:24.293755
270,2024-07-24 00:00:00+05:30,56.900001525878906,57.5,56.279998779296875,57.15999984741211,4075016,0.0,0.0,2024-07-24,57.710500144958495,1.1325958875576898,58.843096032516186,56.5779042574008,59.97569192007387,55.44530836984312,-56.34143150856775,-79.12790108912004,50467516,4370129.779968974,8939484.067714771,58.764720404901745,67.29037636821207,56.97999954223633,57.68000030517578,56.459999084472656,58.20000076293945,55.7599983215332,58.900001525878906,55.23999786376953,-0.15507983724163446,-65.22811982005543,-0.5281898180742317,-0.4579508325260454,-0.0702389855481863,44.58307937581558,15.995915847115857,56.90600051879883,57.710500144958495,59.53739982604981,60.21869998931885,NSLNISP.NS,2025-08-22 11:22:24.293755
271,2024-07-23 00:00:00+05:30,57.400001525878906,57.58000183105469,54.34000015258789,56.11000061035156,6703071,0.0,0.0,2024-07-23,57.73400020599365,1.1254257653308488,58.8594259713245,56.60857444066281,59.98485173665535,55.483148675331954,-111.08327080247645,-126.37056120808768,46392500,7056460.099153502,10081822.63965122,58.76694923584253,67.41377121057016,56.01000086466471,57.68000157674153,54.439999898274735,59.25000254313151,52.769999186197914,60.92000325520833,51.19999821980794,-0.18851822078247302,-78.17508847651068,-0.5270204600933184,-0.4403910861389988,-0.08662937395431958,38.5182697575857,15.823879651789177,57.23400039672852,57.73400020599365,59.60619979858399,60.27809997558594,NSLNISP.NS,2025-08-22 11:22:24.293755
272,2024-07-22 00:00:00+05:30,56.400001525878906,57.400001525878906,55.84000015258789,56.779998779296875,4517421,0.0,0.0,2024-07-22,57.822000122070314,1.0585820002633153,58.88058212233363,56.763418121807,59.93916412259694,55.704836121543686,-98.10996095872916,-101.53782883965415,53095571,4812367.026962752,10838163.27477565,58.77303336916039,68.29919723626645,56.673333485921226,57.50666681925456,55.946665445963546,58.23333485921224,55.11333211263021,59.06666819254558,54.38666407267253,-0.20151631765726857,-80.53979043009622,-0.41412915326947086,-0.41873374265041885,0.004604589380947988,41.1891764202307,15.63860990297583,57.902000427246094,57.822000122070314,59.68799980163574,60.32899997711181,NSLNISP.NS,2025-08-22 11:22:24.293755
273,2024-07-19 00:00:00+05:30,58.0,58.13999938964844,56.45000076293945,56.650001525878906,6036944,0.0,0.0,2024-07-19,57.91400012969971,1.043099542315452,58.95709967201516,56.870900587384256,60.000199214330614,55.8278010450688,-84.6974784876492,-88.7250663082588,48578150,6416376.9551023,12344612.336728875,58.77611384554946,71.34711028975443,57.08000055948893,57.71000035603841,56.02000172932942,58.769999186197914,55.390001932779946,59.39999898274739,54.33000310262044,-0.2386172839823537,-82.38634208510025,-0.3293040550612858,-0.4198848899956558,0.09058083493437002,40.445142045760555,16.20795826544508,58.556000518798825,57.91400012969971,59.803399810791014,60.39369998931885,NSLNISP.NS,2025-08-22 11:22:24.293755
274,2024-07-18 00:00:00+05:30,58.7400016784668,58.90999984741211,57.72999954223633,57.83000183105469,5219901,0.0,0.0,2024-07-18,58.04950008392334,1.046274005977186,59.09577408990053,57.00322607794615,60.14204809587771,55.95695207196897,-27.86673170957079,-50.14682709004571,54615094,5663543.878215107,13826671.182135517,58.780514464911334,72.11932853028145,58.15666707356771,58.58333460489909,57.40333429972331,59.33666737874349,56.97666676839193,59.763334910074875,56.22333399454753,-0.1972747203591983,-65.62497629361027,-0.2029100095935661,-0.4425300987292483,0.23962008913568222,45.27268271321185,17.162702416125867,59.274000549316405,58.04950008392334,59.89439979553222,60.47469997406006,NSLNISP.NS,2025-08-22 11:22:24.293755
275,2024-07-16 00:00:00+05:30,59.63999938964844,61.5,58.40999984741211,58.79999923706055,13008105,0.0,0.0,2024-07-16,58.07549991607666,1.0469931028312107,59.12249301890787,57.02850681324545,60.169486121739084,55.981513710414234,63.63263035873816,-3.098530500981624,59834995,14350404.784692181,15867453.00811562,58.78221861779476,72.0771957417497,59.56999969482422,60.72999954223633,57.63999938964844,62.65999984741211,56.47999954223633,63.81999969482422,54.54999923706055,-0.20128137844543115,-51.846605841037686,-0.1542250873515556,-0.5024351210131689,0.3482100336616133,49.81094279892934,18.00447236545847,59.236000061035156,58.07549991607666,60.01979972839356,60.5328999710083,NSLNISP.NS,2025-08-22 11:22:24.293755
276,2024-07-15 00:00:00+05:30,60.0099983215332,60.150001525878906,58.619998931884766,59.45000076293945,6116625,0.0,0.0,2024-07-15,58.11149997711182,1.0849074433256256,59.196407420437446,57.02659253378619,60.28131486376307,55.94168509046057,72.15547845960842,-12.285232761556957,72843100,6822389.608286766,16246715.063971478,58.782138819421604,67.43712396770565,59.40666707356771,60.193335215250656,58.663332621256515,60.93666966756185,57.87666447957357,61.723337809244796,57.133330027262375,-0.18471807662741369,-42.61363082188292,-0.1850869376884674,-0.5894876294285721,0.40440069174010473,53.12458522964439,18.46863354738551,59.034000396728516,58.11149997711182,60.173799743652346,60.60189994812012,NSLNISP.NS,2025-08-22 11:22:24.293755
277,2024-07-12 00:00:00+05:30,60.630001068115234,62.45000076293945,59.79999923706055,60.04999923706055,26403329,0.0,0.0,2024-07-12,58.12099990844727,1.0979977034210373,59.2189976118683,57.02300220502623,60.31699531528934,55.925004501605194,202.59383622943548,29.45896942654147,78959725,29747090.225161105,18602796.427892655,58.780726447304346,71.7138704759692,60.766666412353516,61.733333587646484,59.08333206176758,63.41666793823242,58.11666488647461,64.38333511352539,56.43333053588867,-0.20605383035709574,-34.0909263319198,-0.2858104124459402,-0.6905878023635983,0.4047773899176581,56.336970142791735,19.719262707070115,58.668000030517575,58.12099990844727,60.29579978942871,60.597399940490725,NSLNISP.NS,2025-08-22 11:22:24.293755
278,2024-07-11 00:00:00+05:30,57.97999954223633,61.5,57.7400016784668,60.2400016784668,43685592,0.0,0.0,2024-07-11,58.108499908447264,1.0760858778421027,59.18458578628937,57.03241403060516,60.26067166413147,55.95632815276306,277.03630856111545,-2.351455695347819,105363054,49373736.83065642,15816722.978575543,58.76903288070198,61.92919582592671,59.82666778564453,61.913333892822266,58.15333557128906,63.586666107177734,56.06666946411133,65.67333221435547,54.39333724975586,-0.1355344354478875,-20.689627092994048,-0.4695272804209054,-0.7917821498430128,0.32225486942210735,57.356816456948685,20.28861944302318,58.15,58.108499908447264,60.3847998046875,60.59039993286133,NSLNISP.NS,2025-08-22 11:22:24.293755
279,2024-07-10 00:00:00+05:30,57.97999954223633,58.189998626708984,55.40999984741211,57.63999938964844,12440009,0.0,0.0,2024-07-10,58.09299983978271,1.0455674452923092,59.13856728507502,57.04743239449041,60.18413473036733,56.001864949198094,-79.9882428406372,-86.83345293506854,61677462,13452947.869249636,7427469.515555325,58.74626377554052,34.94525950880114,57.07999928792318,58.74999872843425,55.969999949137375,59.859998067220054,54.300000508626304,61.529997507731125,53.1900011698405,-0.3199888266864985,-54.94951114084091,-0.716338855157332,-0.8723458671985395,0.15600701204120748,44.617395694346335,21.440184230382084,57.67999954223633,58.09299983978271,60.49999977111816,60.568499908447265,NSLNISP.NS,2025-08-22 11:22:24.293755
280,2024-07-09 00:00:00+05:30,57.79999923706055,58.040000915527344,57.310001373291016,57.790000915527344,3841796,0.0,0.0,2024-07-09,58.190999794006345,1.0917096689901626,59.28270946299651,57.09929012501618,60.37441913198667,56.00758045602602,61.9864981083596,-71.57771599172052,74117471,4165429.597284049,5921099.927131746,58.751161591151245,49.13976763458834,57.71333440144857,58.116667429606125,57.386667887369796,58.4433339436849,56.98333485921224,58.84666697184245,56.65666834513347,-0.4137654858394087,-61.92768072006751,-0.7654180117141749,-0.9113476202088413,0.1459296084946664,45.34307418593934,20.96258969367368,57.69199981689453,58.190999794006345,60.67419975280762,60.65809989929199,NSLNISP.NS,2025-08-22 11:22:24.293755
281,2024-07-08 00:00:00+05:30,57.5,58.650001525878906,57.33000183105469,57.619998931884766,7145046,0.0,0.0,2024-07-08,58.2709997177124,1.1190590549280885,59.39005877264049,57.15194066278431,60.50911782756857,56.032881607856226,86.13385834428864,-70.0326945673479,70275675,7724156.637548427,6360017.50959367,58.75247756514628,47.07355993931044,57.86666742960612,58.40333302815755,57.08333333333333,59.186667124430336,56.5466677347819,59.723332722981766,55.76333363850911,-0.4513129033115402,-66.02411255466964,-0.8314298395255619,-0.9478300223325078,0.11640018280694586,44.391251315670395,21.716539650360957,57.54199981689453,58.2709997177124,60.854399795532224,60.77219985961914,NSLNISP.NS,2025-08-22 11:22:24.293755
282,2024-07-05 00:00:00+05:30,57.900001525878906,57.900001525878906,57.16999816894531,57.459999084472656,5749933,0.0,0.0,2024-07-05,58.349999809265135,1.126428702850229,59.47642851211536,57.22357110641491,60.602857214965596,56.097142403564675,1.2719379178529973,-84.21468047288775,63130629,6198708.2484994,6018982.727604981,58.75536864006052,38.120173894575245,57.50999959309896,57.85000101725261,57.119997660319015,58.240002950032554,56.77999623616537,58.5800043741862,56.38999430338542,-0.4470195884438327,-69.879529147034,-0.8866049412961701,-0.9769300680342442,0.09032512673807414,43.53184023806939,22.543741846351715,57.55,58.349999809265135,61.061999816894534,60.88949985504151,NSLNISP.NS,2025-08-22 11:22:24.293755
283,2024-07-04 00:00:00+05:30,58.0,58.619998931884766,57.54999923706055,57.88999938964844,5835525,0.0,0.0,2024-07-04,58.45449981689453,1.1364182683969282,59.59091808529146,57.3180815484976,60.727336353688386,56.18166328010068,47.59313602654139,-71.45479944891301,68880562,6338058.977933082,5974051.347381376,58.758035338495354,36.84185664366624,58.019999186197914,58.48999913533528,57.41999944051106,59.08999888102213,56.949999491373696,59.5599988301595,56.349999745686844,-0.3995776117605156,-61.37932365014597,-0.9280548223589236,-0.9995113497187627,0.0714565273598391,45.278104021805106,22.715126290315844,57.39800033569336,58.45449981689453,61.21779983520508,61.00839984893799,NSLNISP.NS,2025-08-22 11:22:24.293755
284,2024-07-03 00:00:00+05:30,57.380001068115234,58.0,56.869998931884766,57.70000076293945,4621260,0.0,0.0,2024-07-03,58.42499980926514,1.159271299740818,59.584271109005954,57.26572850952432,60.74354240874678,56.1064572097835,-28.021756062914044,-89.81200910900787,63045037,5002752.520497912,5883049.439743448,58.75985270866335,38.39685212636687,57.52333323160807,58.176667531331375,57.04666646321614,58.653334299723305,56.393332163492836,59.30666859944661,55.91666539510091,-0.2904604333397504,-70.43648000387525,-1.0094103088905442,-1.0173754815587224,0.0079651726681782,44.36236452261677,23.152802434576653,57.114000701904295,58.42499980926514,61.3339998626709,61.135999870300296,NSLNISP.NS,2025-08-22 11:22:24.293755
285,2024-07-02 00:00:00+05:30,58.04999923706055,58.25,56.79999923706055,57.040000915527344,4529891,0.0,0.0,2024-07-02,58.292499732971194,1.3774149858665077,59.6699147188377,56.915084747104686,61.04732970470421,55.53766976123818,-52.22221770894736,-97.09022555999339,58423777,4847748.414367306,6103123.669554831,58.76161286812629,41.0537319677456,57.36333338419596,57.926667531331375,56.47666676839192,58.813334147135414,55.91333262125651,59.37666829427083,55.02666600545247,-0.3301676265721806,-83.53171269279734,-1.0795639032757336,-1.0193667747257669,-0.06019712854996673,41.18780209177175,23.023398688275336,57.008000183105466,58.292499732971194,61.43099983215332,61.26799987792969,NSLNISP.NS,2025-08-22 11:22:24.293755
286,2024-07-01 00:00:00+05:30,57.54999923706055,57.97999954223633,56.84000015258789,57.65999984741211,5194699,0.0,0.0,2024-07-01,58.55799961090088,1.6146191968455883,60.17261880774647,56.94338041405529,61.787238004592055,55.3287612172097,-51.29189035929251,-95.81827125523489,62953668,5619631.291459476,6416967.483351712,58.76442009172266,39.92449660922872,57.493333180745445,58.146666208903,57.00666681925456,58.63333257039388,56.35333379109701,59.28666559855144,55.866667429606125,-0.32718529367920735,-71.2301488185794,-1.0880247489438304,-1.004317492588275,-0.08370725635555543,43.34514268312744,22.884040807643146,57.126000213623044,58.55799961090088,61.56419982910156,61.39059989929199,NSLNISP.NS,2025-08-22 11:22:24.293755
287,2024-06-28 00:00:00+05:30,56.79999923706055,57.650001525878906,56.369998931884766,56.70000076293945,4391388,0.0,0.0,2024-06-28,58.67999954223633,1.6352464021581568,60.31524594439449,57.04475314007817,61.95049234655264,55.40950673792002,-102.44234234399714,-115.5906631089788,57758969,4671514.1935168,6616301.53132477,58.766489096870885,41.310917300518355,56.90666707356771,57.443335215250656,56.163332621256515,58.18666966756185,55.62666447957357,58.723337809244796,54.883330027262375,-0.31721387107313187,-90.27774624093442,-1.1434324726902148,-0.983390678499386,-0.16004179419082876,38.73106055195468,22.4871465778147,57.168000030517575,58.67999954223633,61.65599983215332,61.51049991607666,NSLNISP.NS,2025-08-22 11:22:24.293755
288,2024-06-27 00:00:00+05:30,57.04999923706055,58.04999923706055,56.209999084472656,56.470001220703125,5424109,0.0,0.0,2024-06-27,58.80749950408936,1.570885865900539,60.37838536998989,57.23661363818882,61.949271235890436,55.66572777228828,-129.392202262565,-119.68225917136851,53367581,5746706.308360516,7102498.365776762,58.76976695327227,47.98286503536061,56.90999984741211,57.61000061035156,55.77000045776367,58.75,55.06999969482422,59.45000076293945,53.93000030517578,-0.33840505969972584,-94.84122839284714,-1.1025010504903179,-0.9433802299516787,-0.15912082053863918,37.60048045435005,21.76377435176835,57.55199966430664,58.80749950408936,61.76799980163574,61.60149993896484,NSLNISP.NS,2025-08-22 11:22:24.293755
289,2024-06-26 00:00:00+05:30,57.65999984741211,57.880001068115234,57.040000915527344,57.16999816894531,3977101,0.0,0.0,2024-06-26,59.01899948120117,1.523655294169856,60.54265477537103,57.495344187031314,62.06631006954088,55.97168889286146,-140.7660912226393,-111.5755103411785,58791690,4265869.796291008,7441446.380130823,58.774281549098085,55.24132449827615,57.36333338419596,57.68666585286458,56.84666570027669,58.20333353678385,56.52333323160807,58.52666600545247,56.0066655476888,-0.31471364683176467,-96.9121785822371,-1.0107403951733858,-0.903600024817019,-0.10714037035636681,39.66919154841286,20.984758108333825,58.12999954223633,59.01899948120117,61.91659980773926,61.70879989624024,NSLNISP.NS,2025-08-22 11:22:24.293755
290,2024-06-25 00:00:00+05:30,58.0,58.849998474121094,57.5,57.630001068115234,5511141,0.0,0.0,2024-06-25,59.19299964904785,1.4999091955390593,60.69290884458691,57.69309045350879,62.19281804012597,56.19318125796973,-134.79164700541196,-98.85805553712106,62768791,5958856.777913326,8235340.526090777,58.77659404054822,51.04947660642689,57.993333180745445,58.48666636149089,57.136667887369796,59.34333165486654,56.64333470662435,59.836664835611984,55.7866694132487,-0.3509366664814103,-38.716572434789065,-0.9468837950842826,-0.8768149322279273,-0.07006886285635527,41.04724338397399,20.511011600997445,58.36599960327148,59.19299964904785,62.09019981384277,61.72409992218017,NSLNISP.NS,2025-08-22 11:22:24.293755
291,2024-06-24 00:00:00+05:30,58.5,58.5,57.5099983215332,57.869998931884766,5235336,0.0,0.0,2024-06-24,59.49399967193604,1.7525125601005522,61.246512232036594,57.74148711183548,62.99902479213714,55.988974551734934,-191.17031610830858,-103.61250083896863,68279932,5684219.38207829,8804461.463135138,58.77888887612577,39.18746040992725,57.959999084472656,58.40999984741211,57.41999816894531,58.95000076293945,56.96999740600586,59.400001525878906,56.429996490478516,-0.36031464221118154,-42.596166155044735,-0.8960845881447668,-0.8592977165138385,-0.03678687163092831,41.74988886026251,20.209342316949126,58.74399948120117,59.49399967193604,62.152599792480466,61.693799896240236,NSLNISP.NS,2025-08-22 11:22:24.293755
292,2024-06-21 00:00:00+05:30,59.689998626708984,60.36000061035156,58.5,58.619998931884766,7325417,0.0,0.0,2024-06-21,59.847999572753906,2.0898113044090927,61.937810877163,57.75818826834481,64.0276221815721,55.66837696393572,-84.58461361047472,-76.99076081770863,73515268,8056584.293851711,9584521.983399348,58.780620219201246,45.748466372006305,59.15999984741211,59.81999969482422,57.959999084472656,61.02000045776367,57.29999923706055,61.68000030517578,56.099998474121094,-0.3746031164035617,-45.36585441497099,-0.8411053235988319,-0.8501009986061062,0.008995675007274273,43.93211475964076,19.62605975136189,59.097999572753906,59.847999572753906,62.222199783325195,61.628599891662596,NSLNISP.NS,2025-08-22 11:22:24.293755
293,2024-06-20 00:00:00+05:30,58.349998474121094,60.11000061035156,58.25,59.36000061035156,10476656,0.0,0.0,2024-06-20,60.15949954986572,2.3457719769964434,62.50527152686217,57.813727572869276,64.8510435038586,55.46795559587284,-78.15207114813,-78.77351448164562,80840685,11667810.796553023,9966506.405786257,58.781049480600636,52.40067296568462,59.24000040690104,60.23000081380208,58.370000203450516,61.1000010172526,57.37999979654948,62.09000142415364,56.509999593098954,-0.36446904398920493,-39.349578367246934,-0.8318348209059323,-0.8523499173579248,0.020515096451992454,46.141769394007206,19.42182865456693,59.33399963378906,60.15949954986572,62.28679977416992,61.53389991760254,NSLNISP.NS,2025-08-22 11:22:24.293755
294,2024-06-19 00:00:00+05:30,59.84000015258789,60.20000076293945,58.099998474121094,58.349998474121094,7188876,0.0,0.0,2024-06-19,60.46149959564209,2.611209228312963,63.072708823955054,57.85029036732912,65.68391805226801,55.239081139016164,-33.20976294987383,-92.2021461979318,70364029,7869998.304596203,9541180.308094565,58.77882814541001,45.468817636214624,58.88333257039388,59.66666666666667,57.56666437784831,60.98333485921224,56.78333028157552,61.76666895548503,55.46666208902995,-0.40728548503878326,-47.56098090479691,-0.880241163505616,-0.8574786914709228,-0.02276247203469317,42.4748170194475,19.030484149996465,59.44799957275391,60.46149959564209,62.335599746704105,61.42029991149902,NSLNISP.NS,2025-08-22 11:22:24.293755
295,2024-06-18 00:00:00+05:30,60.0,60.18000030517578,59.41999816894531,59.52000045776367,7618092,0.0,0.0,2024-06-18,60.85899982452393,2.865579908501818,63.72457973302575,57.993419916022106,66.59015964152756,55.12784000752029,38.00344412037081,-75.26616376482222,77552905,8507107.801457666,9958975.808969155,58.77996012924624,44.06347844629593,59.70666631062826,59.9933344523112,59.233332316080734,60.466668446858726,58.94666417439779,60.75333658854167,58.473330179850265,-0.3094757914836736,-38.04876611555125,-0.8294090559400047,-0.8517880734622494,0.022379017522244693,45.831389393136476,18.609036221997503,59.69799957275391,60.85899982452393,62.40859977722168,61.32229991912842,NSLNISP.NS,2025-08-22 11:22:24.293755
296,2024-06-14 00:00:00+05:30,60.0099983215332,60.560001373291016,59.29999923706055,59.63999938964844,8330795,0.0,0.0,2024-06-14,61.14299964904785,3.004011657640227,64.14701130668809,58.138987991407625,67.1510229643283,55.1349763337674,25.57546357292823,-75.71747557654079,85170997,9321737.632780625,10321942.810847025,58.77788419991632,41.87267739502679,59.833333333333336,60.366667429606125,59.106665293375656,61.093335469563804,58.57333119710287,61.62666956583659,57.84666315714519,-0.20261804708056846,-37.07316468023211,-0.8669892187952044,-0.8573828278428105,-0.009606390952393906,46.17894089402007,18.68049599483287,59.67199935913086,61.14299964904785,62.45919975280762,61.22659992218018,NSLNISP.NS,2025-08-22 11:22:24.293755
297,2024-06-13 00:00:00+05:30,60.20000076293945,61.25,59.599998474121094,59.79999923706055,7719982,0.0,0.0,2024-06-13,61.27599964141846,2.9928290880301147,64.26882872944857,58.283170553388345,67.26165781747869,55.29034146535823,44.31990266917389,-69.13547361404478,93501792,8661443.232988322,10571994.105363624,58.77523144581556,41.175751201435624,60.21666590372721,60.83333333333333,59.18333180745442,61.86666742960612,58.566664377848305,62.483334859212235,57.533330281575516,-0.19000321871046796,-44.561419570655154,-0.9137850915182355,-0.8549812301047119,-0.05880386141352356,46.6166150810719,18.757452673270958,59.58399963378906,61.27599964141846,62.48539978027344,61.130699920654294,NSLNISP.NS,2025-08-22 11:22:24.293755
298,2024-06-12 00:00:00+05:30,59.880001068115234,60.63999938964844,59.75,59.93000030517578,8269245,0.0,0.0,2024-06-12,61.413499641418454,2.9846084626318143,64.39810810405027,58.42889117878664,67.38271656668208,55.444282716154824,41.15121546953004,-75.30014866890296,101221774,9297858.582875723,11049631.82345745,58.772301044299496,41.34302410977549,60.106666564941406,60.46333312988281,59.573333740234375,60.996665954589844,59.21666717529297,61.35333251953125,58.68333435058594,-0.1828589620298411,-44.23612549716891,-0.9756103212418168,-0.840280264751331,-0.1353300564904858,46.95235503950244,18.954613324823057,59.533999633789065,61.413499641418454,62.38339981079102,61.02419994354248,NSLNISP.NS,2025-08-22 11:22:24.293755
299,2024-06-11 00:00:00+05:30,59.38999938964844,60.59000015258789,59.130001068115234,59.599998474121094,6883947,0.0,0.0,2024-06-11,61.5444995880127,2.9735457052160146,64.51804529322871,58.57095388279669,67.49159099844472,55.59740817758067,19.88375259094553,-88.73648614555358,92952529,7697621.699226068,11487575.133602882,58.76874408177572,36.0858849482798,59.77333323160807,60.41666539510091,58.95666631062825,61.23333231608073,58.313334147135414,61.87666447957356,57.496667226155594,-0.14672180220655962,-46.52780463665807,-1.0527865111380237,-0.8064477506287094,-0.24633876050931425,46.036239162249316,18.851622120956208,59.007999420166016,61.5444995880127,62.28079978942871,60.91139995574951,NSLNISP.NS,2025-08-22 11:22:24.293755
300,2024-06-10 00:00:00+05:30,60.900001525878906,60.900001525878906,59.119998931884766,59.38999938964844,7171537,0.0,0.0,2024-06-10,61.61699962615967,2.9411403809058325,64.5581400070655,58.67585924525383,67.49928038797134,55.734718864348004,11.265563570798797,-92.73123942543977,86068582,7990949.045955932,12435063.492197083,58.76661250304782,43.12738839136132,59.8033332824707,60.48666763305664,58.7066650390625,61.583335876464844,58.02333068847656,62.26667022705078,56.92666244506836,-0.10770984303759679,-51.67743313697077,-1.1031439298234247,-0.7448630605013808,-0.35828086932204384,45.47987154604261,18.715795745424476,58.097999572753906,61.61699962615967,62.216799850463865,60.8128999710083,NSLNISP.NS,2025-08-22 11:22:24.293755
301,2024-06-07 00:00:00+05:30,60.0,60.04999923706055,58.900001525878906,59.20000076293945,8305954,0.0,0.0,2024-06-07,61.6774995803833,2.9051441169461403,64.58264369732944,58.77235546343716,67.48778781427558,55.86721134649102,-22.34833021355432,-107.4739487710233,78897045,9225375.050194038,13546092.10375737,58.764942714233335,46.67259859353903,59.38333384195963,59.86666615804036,58.71666844685872,60.533331553141274,58.23333613077799,61.016663869222,57.56667073567708,-0.058556018656392955,-52.90323072864163,-1.1302206555812973,-0.6552928431708699,-0.47492781241042736,45.00350166371101,18.569521187159534,58.689999389648435,61.6774995803833,62.15699989318848,60.71799999237061,NSLNISP.NS,2025-08-22 11:22:24.293755
302,2024-06-06 00:00:00+05:30,58.5,60.099998474121094,58.400001525878906,59.54999923706055,9663759,0.0,0.0,2024-06-06,61.7274995803833,2.86863608549815,64.59613566588145,58.85886349488515,67.4647717513796,55.990227409387,-35.70075945892753,-113.2764204183811,87202999,10796939.011529967,14626271.367148202,58.76358884172748,50.07206667820636,59.34999974568685,60.299997965494796,58.60000101725261,61.04999669392904,57.650002797444664,61.999994913736984,56.90000406901042,-0.07339672268146313,-50.645176056892645,-1.1290505282684364,-0.536560890068263,-0.5924896382001734,45.686317107983,18.03078515127089,58.869998931884766,61.7274995803833,62.07699989318848,60.635,NSLNISP.NS,2025-08-22 11:22:24.293755
303,2024-06-05 00:00:00+05:30,56.900001525878906,57.95000076293945,51.900001525878906,57.29999923706055,13159580,0.0,0.0,2024-06-05,61.8774995803833,2.82691374181404,64.70441332219734,59.05058583856926,67.53132706401138,56.22367209675522,-138.2154850206807,-233.05430708021015,77539240,14147165.75522453,15583604.456052758,58.760731174462634,45.132556207113026,55.71666717529297,59.53333282470703,53.483333587646484,61.766666412353516,49.66666793823242,65.58333206176758,47.43333435058594,-0.07029148116065335,-65.1613050891507,-1.144915131231805,-0.3884384805182196,-0.7564766507135855,40.277191842078075,17.45060788185235,58.80999908447266,61.8774995803833,61.973999938964845,60.55,NSLNISP.NS,2025-08-22 11:22:24.293755
304,2024-06-04 00:00:00+05:30,62.29999923706055,62.29999923706055,51.95000076293945,55.04999923706055,26912512,0.0,0.0,2024-06-04,62.072499656677245,2.621594326368561,64.6940939830458,59.450905330308686,67.31568830941437,56.82931100394012,-154.5150659378786,-231.2837461774682,64379660,27796131.074561853,15942714.131259814,58.76799529835175,50.66891384592254,56.43333307902018,60.91666539510091,50.56666692097981,66.78333155314127,46.083334604899086,71.266663869222,40.21666844685872,-0.17025755915214136,-79.93528594796457,-0.926288522431399,-0.19931931783982326,-0.7269692045915758,34.19142066874943,15.875042314463101,59.48999938964844,62.072499656677245,61.912999954223636,60.48100002288818,NSLNISP.NS,2025-08-22 11:22:24.293755
305,2024-06-03 00:00:00+05:30,63.599998474121094,64.19999694824219,61.599998474121094,62.349998474121094,11067035,0.0,0.0,2024-06-03,62.52499961853027,2.068338952556498,64.59333857108678,60.45666066597378,66.66167752364326,58.38832171341728,-13.066928900442212,-25.40253863281333,91292172,12946146.815012578,12979359.895434305,58.80619617059954,61.331376500572375,62.71666463216146,63.83333079020183,61.233332316080734,65.31666310628256,60.11666615804037,66.43332926432292,58.63333384195964,-0.17160103657189493,-58.7209500900224,-0.41075462900615634,-0.01757701669192932,-0.393177612314227,49.33790106796635,14.188448900160886,60.60999984741211,62.52499961853027,61.9,60.43800003051758,NSLNISP.NS,2025-08-22 11:22:24.293755
306,2024-05-31 00:00:00+05:30,59.849998474121094,61.0,58.79999923706055,60.099998474121094,11261079,0.0,0.0,2024-05-31,62.73249969482422,2.2500452794214407,64.98254497424566,60.48245441540278,67.2325902536671,58.23240913598134,-100.54268450103446,-122.57103367449348,80225137,12697764.360311106,12987663.165539734,58.79115956769704,60.74118632482988,59.96666590372721,61.133332570393875,58.93333180745442,62.166666666666664,57.76666514078776,63.33333333333333,56.73333104451497,-0.10770589744510442,-83.42860630580357,-0.4634307868463736,0.08071738638662744,-0.544148173233001,41.982069254827934,15.233500142818002,60.87000045776367,62.73249969482422,61.74100006103516,60.32750003814697,NSLNISP.NS,2025-08-22 11:22:24.293755
307,2024-05-30 00:00:00+05:30,61.04999923706055,61.20000076293945,59.04999923706055,59.25,9186028,0.0,0.0,2024-05-30,63.00499992370605,2.244461093729026,65.24946101743508,60.76053882997702,67.49392211116411,58.516077736248,-128.73005246589926,-125.76826833650718,68964058,10211485.305642487,13060137.86684689,58.78548419647153,54.078598743013586,59.833333333333336,60.616667429606125,58.46666590372722,61.98333485921224,57.68333180745443,62.76666895548503,56.31666437784831,-0.0748178444069744,-89.07104007390923,-0.30225964367443225,0.2167544296948777,-0.5190140733693099,38.868448190102235,14.656805387426127,61.84000015258789,63.00499992370605,61.62600006103516,60.24050006866455,NSLNISP.NS,2025-08-22 11:22:24.293755
308,2024-05-29 00:00:00+05:30,60.650001525878906,62.0,59.70000076293945,60.70000076293945,11377322,0.0,0.0,2024-05-29,63.267499923706055,2.0834104407145393,65.3509103644206,61.18408948299152,67.43432080513513,59.10067904227698,-129.94589829517184,-82.2230067480257,78150086,12956913.01999151,13772301.007147988,58.78383529301808,53.55262754082093,60.800000508626304,61.900000254313156,59.60000101725261,63.09999974568685,58.50000127156576,64.1999994913737,57.30000178019206,-0.08731196941598056,-73.2240398429429,-0.007620078167001054,0.3465079480372052,-0.35412802620420625,42.47962351002718,14.138724583344104,62.95999984741211,63.267499923706055,61.479000091552734,60.15400005340576,NSLNISP.NS,2025-08-22 11:22:24.293755
309,2024-05-28 00:00:00+05:30,62.95000076293945,63.5,60.5,60.650001525878906,14772684,0.0,0.0,2024-05-28,63.53249988555908,2.07670522647693,65.60920511203601,61.45579465908215,67.68591033851294,59.37908943260523,-118.17300689406198,-49.50552578803675,66772764,16809818.385857407,13976148.003937108,58.77537367116004,60.08957109102745,61.550000508626304,62.60000101725261,59.60000101725261,64.55000050862631,58.550000508626304,65.60000101725261,56.60000101725261,-0.09775650594558687,-73.77047950111272,0.22692020068812724,0.4350399545882567,-0.2081197539001295,42.30799702515728,13.84475107285579,63.9,63.53249988555908,61.44400009155274,60.043500061035154,NSLNISP.NS,2025-08-22 11:22:24.293755
310,2024-05-27 00:00:00+05:30,65.9000015258789,66.1500015258789,63.349998474121094,63.650001525878906,10144720,0.0,0.0,2024-05-27,63.81749973297119,2.0512690628813237,65.86876879585252,61.76623067008987,67.92003785873383,59.714961607208544,22.11484717170676,41.65736029411395,81545448,12114661.401920581,13267730.408457033,58.76456300797005,59.84113848277634,64.38333384195964,65.41666920979819,62.616666158040374,67.18333689371745,61.58333079020183,68.216672261556,59.81666310628256,-0.05931516738140558,-40.9835997228404,0.528688812861823,0.487069893063289,0.04161891979853399,50.74346717293492,13.859531615551022,65.03000030517578,63.81749973297119,61.43100006103516,59.93600006103516,NSLNISP.NS,2025-08-22 11:22:24.293755
311,2024-05-24 00:00:00+05:30,65.05000305175781,66.30000305175781,64.69999694824219,64.94999694824219,7522979,0.0,0.0,2024-05-24,63.974999809265135,2.155989643502227,66.13098945276737,61.81901016576291,68.28697909626959,59.66302052226068,67.38606187338495,71.51981331204522,91690168,9167307.131065479,13555997.660091147,58.74513873418371,58.37328017630275,65.31666564941406,65.93333435058594,64.33332824707031,66.91667175292969,63.71665954589844,67.53334045410156,62.73332214355469,-0.054920385924774065,-26.77600184773065,0.6115790994650823,0.4766651631136555,0.1349139363514268,55.169595947162584,14.579584217351343,65.33999938964844,63.974999809265135,61.37900001525879,59.808500061035154,NSLNISP.NS,2025-08-22 11:22:24.293755
312,2024-05-23 00:00:00+05:30,65.8499984741211,66.19999694824219,64.5,64.8499984741211,7326102,0.0,0.0,2024-05-23,64.12749996185303,2.329472683705859,66.45697264555889,61.798027278147174,68.78644532926475,59.468554594441315,79.37950635478404,71.20040493470955,84167189,8913653.101722943,14653170.292347562,58.72679003569313,61.47767621687146,65.18333180745442,65.86666361490884,64.16666666666666,66.88332875569661,63.483334859212235,67.56666056315103,62.46666971842447,0.07716090469463344,-27.86888116407031,0.5804075823915724,0.44293667902579875,0.13747090336577367,54.888533504154054,14.53605225160885,64.80999984741212,64.12749996185303,61.29000007629394,59.66000007629395,NSLNISP.NS,2025-08-22 11:22:24.293755
313,2024-05-22 00:00:00+05:30,66.5,67.4000015258789,64.9000015258789,65.4000015258789,12740024,0.0,0.0,2024-05-22,64.14750003814697,2.3377048896736627,66.48520492782063,61.80979514847331,68.82290981749429,59.472090258799646,133.34731470455236,92.45252954264524,91493291,15632225.15884005,16088049.590003716,58.70910572949499,59.31229105383946,65.9000015258789,66.9000015258789,64.4000015258789,68.4000015258789,63.400001525878906,69.4000015258789,61.900001525878906,0.09772192659809506,-21.85791985218155,0.5415528749170875,0.4085689531843553,0.13298392173273216,56.70414522614166,14.535239316097808,64.35,64.14750003814697,61.195000076293944,59.49200008392334,NSLNISP.NS,2025-08-22 11:22:24.293755
314,2024-05-21 00:00:00+05:30,66.0,66.5999984741211,64.4000015258789,66.30000305175781,16356078,0.0,0.0,2024-05-21,64.0625,2.320610336774174,66.38311033677418,61.74188966322583,68.70372067354835,59.42127932645165,192.29337772368223,91.23284820330468,104233315,20345366.54478557,16202005.69779463,58.67533214119283,51.09077016490405,65.76666768391927,67.13333384195963,64.93333689371744,67.96666463216145,63.56667073567708,69.33333079020181,62.73333994547525,0.09679804065983498,-9.550543015633398,0.4294347613877534,0.3753229727511722,0.05411178863658117,59.705016088596786,14.297177421651588,63.779999542236325,64.0625,61.11600006103516,59.35650005340576,NSLNISP.NS,2025-08-22 11:22:24.293755
315,2024-05-17 00:00:00+05:30,62.29999923706055,65.5,62.25,65.19999694824219,18653273,0.0,0.0,2024-05-17,63.874999809265134,2.2814760525459765,66.15647586181112,61.59352375671916,68.43795191435709,59.31204770417318,126.90146045098727,59.58987250456242,87877237,22817886.680739094,15166165.486046892,58.62559892671178,41.63489256196434,64.31666564941406,66.38333129882812,63.133331298828125,67.56666564941406,61.06666564941406,69.63333129882812,59.883331298828125,0.038838484592982093,-26.455034998344946,0.19074649967821955,0.3617950255920269,-0.17104852591380737,57.13017960028527,14.374225039585006,62.72999877929688,63.874999809265134,61.02099998474121,59.21200000762939,NSLNISP.NS,2025-08-22 11:22:24.293755
316,2024-05-16 00:00:00+05:30,63.099998474121094,63.5,61.349998474121094,62.29999923706055,8266152,0.0,0.0,2024-05-16,63.8,2.2601820421395975,66.0601820421396,61.5398179578604,68.32036408427919,59.2796359157208,-2.302415324105984,20.18584809876354,69223964,9661937.53592682,13253235.187373841,58.57632694983615,29.72140070196963,62.38333257039388,63.41666666666667,61.266665140787765,64.5333340962728,60.233331044514976,65.56666819254558,59.11666361490886,-0.03393781319892738,-58.247417409811874,-0.009402969129084227,0.40455715707047873,-0.41396012619956296,49.18049869821591,14.937582617992625,61.80999908447266,63.8,60.945000076293944,59.08400005340576,NSLNISP.NS,2025-08-22 11:22:24.293755
317,2024-05-15 00:00:00+05:30,62.95000076293945,63.75,62.20000076293945,62.54999923706055,7705981,0.0,0.0,2024-05-15,63.79750003814697,2.2619554549524277,66.05945549309939,61.53554458319454,68.32141094805182,59.273589128242115,5.7138886754733065,32.096228802521416,77490116,9043322.93752928,14151059.600235594,58.56391875633321,26.375382029082616,62.833333333333336,63.46666590372722,61.91666666666667,64.38333257039389,61.28333409627279,65.01666514078777,60.366667429606125,-0.09242165575389344,-56.34517864791617,0.020093363864731373,0.5080471886203695,-0.4879538247556381,49.9215415936195,15.63916135339921,61.38999938964844,63.79750003814697,60.88100006103516,58.954000053405764,NSLNISP.NS,2025-08-22 11:22:24.293755
318,2024-05-14 00:00:00+05:30,61.349998474121094,63.20000076293945,61.20000076293945,62.54999923706055,9024920,0.0,0.0,2024-05-14,63.785000038146975,2.26988908289341,66.05488912104039,61.51511095525357,68.32477820393379,59.245221872360155,-21.457959107310415,24.829403468014004,85196097,10591158.48395769,15427993.765912171,58.5514976888753,43.51107133328206,62.31666692097982,63.43333307902019,61.43333307902019,64.31666692097983,60.31666692097982,65.43333307902019,59.43333307902019,-0.07176495429937753,-59.81307978067267,0.03293195135129423,0.6300356448092789,-0.5971036934579846,49.9215415936195,16.813391395253564,61.38999938964844,63.785000038146975,60.865000076293946,58.79900005340576,NSLNISP.NS,2025-08-22 11:22:24.293755
319,2024-05-13 00:00:00+05:30,60.900001525878906,61.5,58.650001525878906,61.04999923706055,9047529,0.0,0.0,2024-05-13,63.85250015258789,2.251226631470996,66.10372678405889,61.601273521116894,68.35495341552989,59.3500468896459,-90.0025568567289,-9.74270445433538,76171177,10363070.289937675,16637202.58640079,58.536851879029975,47.69884960893485,60.40000025431315,62.14999898274739,59.3000005086263,63.24999872843424,57.550001780192055,64.99999745686848,56.450002034505204,-0.14141542959725326,-73.83177536774406,0.04887026485527457,0.779311568173775,-0.7304413033185004,45.6877434259431,17.800205156956817,61.119999694824216,63.85250015258789,60.867000122070316,58.640000076293944,NSLNISP.NS,2025-08-22 11:22:24.293755
320,2024-05-10 00:00:00+05:30,60.54999923706055,61.20000076293945,58.25,60.599998474121094,10299507,0.0,0.0,2024-05-10,64.09250011444092,2.1918076426817903,66.28430775712272,61.900692471759136,68.4761153998045,59.70888482907734,-126.1958509528833,-16.835888826263595,67123648,11710133.535052946,18205735.660516568,58.52758958924462,49.65289827745278,60.016666412353516,61.78333282470703,58.83333206176758,62.96666717529297,57.06666564941406,64.73333358764648,55.883331298828125,-0.038208064134399755,-78.03739117414277,0.21626295010118923,0.9619218940034,-0.7456589439022108,44.37776480542725,17.942018006245426,61.72999954223633,64.09250011444092,60.90000015258789,58.50250007629395,NSLNISP.NS,2025-08-22 11:22:24.293755
321,2024-05-09 00:00:00+05:30,62.70000076293945,62.95000076293945,59.75,60.20000076293945,10564144,0.0,0.0,2024-05-09,64.10000019073486,2.179449573103993,66.27944976383885,61.920550617630866,68.45889933694285,59.74110104452687,-143.30459057299225,0.40758156340272345,56824141,11931735.196303815,19829636.191882472,58.51885810171941,46.51623353720574,60.96666717529297,62.18333435058594,58.983333587646484,64.16666793823242,57.766666412353516,65.38333511352539,55.78333282470703,-0.05757999468257435,-95.10868573684219,0.4716178578630874,1.1483366299789526,-0.6767187721158652,43.24794085075795,17.92322509238675,62.90999984741211,64.10000019073486,60.95000015258789,58.36450008392334,NSLNISP.NS,2025-08-22 11:22:24.293755
322,2024-05-08 00:00:00+05:30,61.29999923706055,63.099998474121094,61.0,62.54999923706055,8819878,0.0,0.0,2024-05-08,64.15750007629394,2.084231494872471,66.24173157116641,62.07326858142147,68.32596306603888,59.989037086549004,-147.21551750998287,24.194377968744025,67388285,10350532.271440828,21804111.440777134,58.51156157645304,55.19576878145248,62.21666590372721,63.43333180745442,61.33333333333333,64.3166643778483,60.11666742960612,65.53333028157552,59.233334859212235,-0.05383252399978864,-80.50314676657499,0.8307975089342676,1.317516323007919,-0.48671881407365136,48.63754926864187,18.51990910959119,63.98000030517578,64.15750007629394,60.97000015258789,58.22050006866455,NSLNISP.NS,2025-08-22 11:22:24.293755
323,2024-05-07 00:00:00+05:30,64.3499984741211,64.3499984741211,61.0,61.20000076293945,15260877,0.0,0.0,2024-05-07,64.12250003814697,2.1182465713369827,66.24074660948395,62.004253466809985,68.35899318082093,59.886006895473,-205.92135945428853,24.44714244122812,58568407,17522808.58183802,24667506.23311121,58.49687469003604,59.37808198901128,62.18333307902018,63.36666615804036,60.016667683919266,65.53333155314127,58.833334604899086,66.71666463216145,56.66666920979817,-0.06278792265674436,-97.48426616712507,1.0466292199159923,1.4391960265263317,-0.3925668066103394,44.97996930652959,19.7296937675755,64.37000045776367,64.12250003814697,60.98400016784668,58.04800006866455,NSLNISP.NS,2025-08-22 11:22:24.293755
324,2024-05-06 00:00:00+05:30,66.80000305175781,66.8499984741211,63.5,64.0999984741211,13803490,0.0,0.0,2024-05-06,64.15249996185302,2.0785547895700587,66.23105475142309,62.07394517228297,68.30960954099314,59.995390382712905,-65.69527383804791,73.61583305576465,73829284,16600444.66421537,26453680.645929508,58.4797571613411,56.030821514075946,64.81666564941406,66.13333129882812,62.78333282470703,68.16666412353516,61.46666717529297,69.48332977294922,59.43333435058594,-0.04109083008098454,-53.591170467736916,1.4400555902163958,1.5373377281789165,-0.09728213796252061,52.4269900274043,21.032538783866297,65.33000030517579,64.15249996185302,61.055000152587894,57.88100006103516,NSLNISP.NS,2025-08-22 11:22:24.293755
325,2024-05-03 00:00:00+05:30,65.8499984741211,67.1500015258789,64.80000305175781,66.5,19424556,0.0,0.0,2024-05-03,64.04750003814698,2.1336577224106037,66.18115776055758,61.913842315736375,68.31481548296819,59.78018459332577,38.024778543140336,101.51957266067014,87632774,24235140.572043974,28916989.64135804,58.447380368894805,62.144345219103954,66.1500015258789,67.5,65.1500015258789,68.5,63.80000305175781,69.8499984741211,62.80000305175781,-0.03698392016488978,-27.071803176696022,1.6363357050268021,1.5616582626695465,0.0746774423572556,60.06970104350754,21.632310587234297,65.78000030517578,64.04750003814698,61.046000213623046,57.68550006866455,NSLNISP.NS,2025-08-22 11:22:24.293755
326,2024-05-02 00:00:00+05:30,64.5,65.8499984741211,63.75,65.55000305175781,13313082,0.0,0.0,2024-05-02,63.825,2.0961435554946015,65.92114355549461,61.7288564445054,68.0172871109892,59.6327128890108,-13.329524837905161,85.82151419621572,68208218,16372843.86903921,30087451.908686556,58.38156713101711,66.10199594213321,65.0500005086263,66.3500010172526,64.2500025431315,67.14999898274739,62.950002034505204,68.44999949137369,62.15000406901041,-0.03589477846448437,-37.569012334334566,1.6264769789395146,1.5429889020802325,0.08348807685928206,57.80901716859291,21.524730123949528,65.84000091552734,63.825,61.03000015258789,57.45800006866455,NSLNISP.NS,2025-08-22 11:22:24.293755
327,2024-04-30 00:00:00+05:30,66.4000015258789,66.75,64.1500015258789,64.5,14909573,0.0,0.0,2024-04-30,63.59499988555908,2.148616719405372,65.74361660496446,61.44638316615371,67.89223332436983,59.29776644674834,2.7040598644852576,92.03086133807594,54895136,18042541.693534072,33516103.91859839,58.34118701883141,66.57805306246179,65.13333384195964,66.11666615804037,63.51666768391928,67.73333231608073,62.533335367838546,68.71666463216147,60.91666920979819,-0.021866683294909248,-49.17126186877266,1.682771536973739,1.522116882865412,0.16065465410832713,55.2062475366192,21.9259947958313,66.33000030517579,63.59499988555908,60.899000091552736,57.24600002288818,NSLNISP.NS,2025-08-22 11:22:24.293755
328,2024-04-29 00:00:00+05:30,67.0,67.69999694824219,65.05000305175781,66.0,15499634,0.0,0.0,2024-04-29,63.10499992370605,2.912897881231753,66.0178978049378,60.1921020424743,68.93079568616956,57.279204161242546,59.61345059890222,118.37222507628799,69804709,19192792.845083266,37384494.47486447,58.30208716111565,67.52089458267837,66.25,67.44999694824219,64.80000305175781,68.89999389648438,63.600006103515625,70.09999084472656,62.15000915527344,-0.01119770753295887,-32.59666784971518,1.832758483236539,1.48195321933833,0.3508052638982089,60.12664685912027,22.129148072662446,66.48000030517578,63.10499992370605,60.79600006103516,57.033500022888184,NSLNISP.NS,2025-08-22 11:22:24.293755
329,2024-04-26 00:00:00+05:30,67.25,67.94999694824219,65.25,66.3499984741211,24314036,0.0,0.0,2024-04-26,62.54499988555908,3.36807392539941,65.9130738109585,59.17692596015967,69.2811477363579,55.80885203476026,80.97841234452552,128.4959717109215,85304343,30267097.084271792,41932419.88230977,58.250944518104916,70.30323179582527,66.51666514078777,67.78333028157553,65.08333333333334,69.21666208902995,63.81666819254558,70.48332722981772,62.383336385091155,-0.016267847280569004,-28.7292794391507,1.8492908843876066,1.3942519033637775,0.4550389810238291,61.31061466597593,21.82956787730345,66.02000045776367,62.54499988555908,60.63700004577637,56.81050003051758,NSLNISP.NS,2025-08-22 11:22:24.293755
330,2024-04-25 00:00:00+05:30,68.0,68.0999984741211,66.05000305175781,66.80000305175781,29534591,0.0,0.0,2024-04-25,62.04750003814697,3.508391339197497,65.55589137734447,58.53910869894948,69.06428271654197,55.030717359751975,127.48074523925281,143.25300504159668,109618379,37015211.95446122,44848750.581819266,58.16564825669133,72.91839720493637,66.98333485921223,67.91666666666666,65.86667124430338,69.03333028157552,64.93333943684895,69.96666208902994,63.816675821940095,-0.006045280869840447,-23.75685065178667,1.8079682621313964,1.2804921581078201,0.5274761040235763,62.786661321329554,21.392606233446735,65.26000061035157,62.04750003814697,60.64200004577637,56.56450004577637,NSLNISP.NS,2025-08-22 11:22:24.293755
331,2024-04-24 00:00:00+05:30,65.6500015258789,68.94999694824219,64.8499984741211,68.0,65787800,0.0,0.0,2024-04-24,61.527499961853025,3.537523211416799,65.06502317326982,57.98997675043623,68.60254638468662,54.45245353901943,174.44042618255642,156.13977859288343,139152970,83931903.6404307,46807135.23865877,58.05375826602687,78.77047418329003,67.26666514078777,69.68333180745444,65.58333333333334,71.36666361490886,63.16666666666667,73.78333028157553,61.48333485921225,0.020303963964551648,-10.497209157638546,1.6833506924735175,1.148623132101926,0.5347275603715915,66.76690546140334,20.472648559009368,64.64000015258789,61.527499961853025,60.689999923706054,56.315500030517576,NSLNISP.NS,2025-08-22 11:22:24.293755
332,2024-04-23 00:00:00+05:30,64.44999694824219,66.44999694824219,63.599998474121094,65.25,29466415,0.0,0.0,2024-04-23,60.8875,3.461968783494686,64.34946878349469,57.42553121650532,67.81143756698937,53.96356243301063,102.05635018393608,115.08668698682519,73365170,36072863.15706208,37525943.13821579,57.75812365454756,76.07767129183773,65.0999984741211,66.5999984741211,63.75,67.94999694824219,62.25,69.44999694824219,60.900001525878906,-0.06279157514209983,-31.360961971760407,1.380115609259299,1.0149412420090282,0.36517436725027075,61.58471810484552,19.48192490961528,63.49000015258789,60.8875,60.71699989318848,56.05500003814697,NSLNISP.NS,2025-08-22 11:22:24.293755
333,2024-04-22 00:00:00+05:30,63.650001525878906,64.9000015258789,63.150001525878906,63.70000076293945,19655324,0.0,0.0,2024-04-22,60.34500007629394,3.5901138829411154,63.93511395923506,56.754886193352824,67.52522784217618,53.16477231041171,57.40630039308397,89.96032588889685,43898755,23490509.78832379,37889213.13350421,57.657038022617314,75.59121319734186,63.91666793823242,64.68333435058594,62.93333435058594,65.66666793823242,62.16666793823242,66.43333435058594,61.18333435058594,-0.05936499249113515,-32.941182454427086,1.2418053040947257,0.9236476501964604,0.3181576538982652,58.170944580807976,19.137033576115563,62.9,60.34500007629394,60.7989998626709,55.82750003814697,NSLNISP.NS,2025-08-22 11:22:24.293755
334,2024-04-19 00:00:00+05:30,63.0,63.70000076293945,61.900001525878906,62.54999923706055,30283457,0.0,0.0,2024-04-19,59.872500038146974,3.743888400544475,63.61638843869145,56.128611637602496,67.36027683923592,52.384723237058026,-5.24511543923692,61.358707573478426,24243431,35539028.88104468,41488888.96979932,57.60215625613302,73.07058288677044,62.71666717529297,63.53333282470703,61.733333587646484,64.51666641235352,60.91666793823242,65.33333206176758,59.93333435058594,-0.0747666853530838,-39.6296465838397,1.1985624094036993,0.8441082367218941,0.35445417268180524,55.44304991864886,19.281689977581244,62.94000015258789,59.872500038146974,60.937999877929684,55.617000045776365,NSLNISP.NS,2025-08-22 11:22:24.293755
335,2024-04-18 00:00:00+05:30,63.400001525878906,65.25,62.79999923706055,63.70000076293945,49052340,0.0,0.0,2024-04-18,59.46500015258789,3.878248530559002,63.343248683146896,55.586751622028885,67.2214972137059,51.708503091469886,72.15636468286536,86.41350211875961,54526888,58623529.83396185,42976353.99198797,57.53193975033715,77.60939278387123,63.916666666666664,65.03333409627278,62.58333333333333,66.36666742960611,61.46666590372721,67.48333485921223,60.133332570393875,-0.04902280866210952,-31.111116762514467,1.23829608981913,0.7554946935514426,0.48280139626768737,59.01694308099147,19.86856184212198,63.6,59.46500015258789,61.10499992370605,55.42000003814697,NSLNISP.NS,2025-08-22 11:22:24.293755
336,2024-04-16 00:00:00+05:30,62.29999923706055,65.1500015258789,61.54999923706055,62.25,45936225,0.0,0.0,2024-04-16,59.000000190734866,3.901213733262331,62.9012139239972,55.098786457472535,66.80242765725953,51.197572724210204,31.557518987773378,65.06918046523916,5474548,53649719.45931491,39064560.031494506,57.38682024412581,74.63977451366641,62.983333587646484,64.41666793823242,60.81666564941406,66.58333587646484,59.383331298828125,68.01667022705078,57.2166633605957,-0.018022210522906014,-41.85186315465857,1.1571474532596184,0.6347943444845208,0.5223531087750977,55.671422329418114,20.075411223727794,63.00999984741211,59.000000190734866,61.21699996948242,55.21450004577637,NSLNISP.NS,2025-08-22 11:22:24.293755
337,2024-04-15 00:00:00+05:30,60.25,64.4000015258789,59.900001525878906,62.29999923706055,39379152,0.0,0.0,2024-04-15,58.60500011444092,3.9544073962721167,62.55940751071304,54.6505927181688,66.51381490698515,50.696185321896685,2.878908182279,50.141660572768565,51410773,46028539.8625343,35418270.1745394,57.27725601066687,71.09656623278883,62.20000076293945,64.5,60.0,66.70000076293945,57.70000076293945,69.0,55.5,0.0787874343950703,-41.48149843569155,1.1785231762379027,0.5042060672907464,0.6743171089471564,55.81731909737038,20.330877533268463,62.82999954223633,58.60500011444092,61.365,55.02500003814697,NSLNISP.NS,2025-08-22 11:22:24.293755
338,2024-04-12 00:00:00+05:30,65.80000305175781,67.9000015258789,63.45000076293945,63.900001525878906,43477552,0.0,0.0,2024-04-12,58.08500022888184,4.12314014974899,62.20814037863083,53.96186007913285,66.33128052837982,49.838719929383856,137.15153078628046,117.99463529975797,90789925,52124121.55551643,32765702.752540678,57.17833915772848,83.39001608081946,65.0833346048991,66.71666844685873,62.26666768391928,69.53333536783855,60.63333384195964,71.16666920979819,57.81666692097983,0.01706498920449164,-29.62962962962963,1.18311000009448,0.33562679005395724,0.8474832100405228,60.53095666794201,20.84342670812604,62.73999938964844,58.08500022888184,61.435000076293946,54.82600006103516,NSLNISP.NS,2025-08-22 11:22:24.293755
339,2024-04-10 00:00:00+05:30,61.0,66.44999694824219,60.900001525878906,65.8499984741211,71713339,0.0,0.0,2024-04-10,57.837500190734865,3.898139027368382,61.735639218103245,53.939361163366485,65.63377824547163,50.0412221359981,113.39805465495049,108.00609352434307,134267477,88598936.79774387,27926098.05179674,57.02893868977894,74.61510311550809,64.39999898274739,67.89999643961588,62.350001017252595,69.94999440511067,58.85000356038411,73.44999186197916,56.80000559488931,0.11438650208789132,-4.411753981169979,1.0134806324954937,0.12375598754382647,0.8897246449516673,66.92711593147209,19.693030547673906,62.31999893188477,57.837500190734865,61.50099998474121,54.59100006103515,NSLNISP.NS,2025-08-22 11:22:24.293755
340,2024-04-09 00:00:00+05:30,61.599998474121094,62.150001525878906,60.25,60.75,10450932,0.0,0.0,2024-04-09,57.54500026702881,3.4601446747483755,61.00514494177719,54.084855592280434,64.46528961652557,50.62471091753206,36.719384883004004,27.845733688589473,62554138,11911709.7202235,12757888.365309957,56.6932382047173,65.55920266738775,61.050000508626304,61.85000101725261,59.9499994913737,62.95000203450521,59.1499989827474,63.750002543131515,58.049997965494796,-0.07957239313200022,-25.821592544542405,0.5889027179775468,-0.09867517369409033,0.6875778916716371,55.51004924808554,18.847904906665153,61.54999923706055,57.54500026702881,61.35800003051758,54.34200008392334,NSLNISP.NS,2025-08-22 11:22:24.293755
341,2024-04-08 00:00:00+05:30,62.150001525878906,63.29999923706055,60.900001525878906,61.349998474121094,8554024,0.0,0.0,2024-04-08,57.56000022888183,3.4753865120002163,61.035386740882046,54.08461371688162,64.51077325288226,50.6092272048814,64.80809720834938,39.255347959107155,73005070,9845954.350083707,12969433.02658157,56.670613593461134,65.91089542404934,61.84999974568685,62.799997965494796,60.400000254313156,64.2499974568685,59.45000203450521,65.19999567667644,58.000002543131515,-0.06359761665651423,-20.187804862323475,0.538664135963046,-0.2705696466119996,0.8092337825750455,57.685480558689335,19.437879459430064,61.80999908447266,57.56000022888183,61.235,54.15100009918213,NSLNISP.NS,2025-08-22 11:22:24.293755
342,2024-04-05 00:00:00+05:30,61.79999923706055,62.900001525878906,61.0,61.849998474121094,7972157,0.0,0.0,2024-04-05,57.51750030517578,3.4315203307988056,60.949020635974584,54.085979974376976,64.3805409667734,50.65445964357817,78.90049405573266,34.1597746794791,81559094,9250992.595560983,13750302.695706036,56.649155416987014,71.8078464076877,61.916666666666664,62.83333333333333,60.93333180745442,63.81666819254557,60.01666514078776,64.73333485921223,59.033330281575516,-0.017371956925755824,-15.137626558688584,0.40709119053917675,-0.47287809225576094,0.8799692827949377,59.4895297222121,19.72164289031333,61.72999954223633,57.51750030517578,61.035,53.954500122070314,NSLNISP.NS,2025-08-22 11:22:24.293755
343,2024-04-04 00:00:00+05:30,62.349998474121094,62.900001525878906,60.900001525878906,61.79999923706055,8355454,0.0,0.0,2024-04-04,57.43000030517578,3.3362201685023627,60.766220473678146,54.093780136673416,64.10244064218051,50.75755996817106,97.7283541298422,27.972044408262786,73586937,9687937.302375298,14875130.2207423,56.626832897177245,60.25098767431068,61.86666742960612,62.83333333333333,60.83333333333333,63.86666742960612,59.86666742960612,64.83333333333333,58.83333333333333,-0.0409421918947214,-13.127418245445561,0.183227477223177,-0.6928704129544953,0.8760978901776723,59.37154453586682,20.183146233646273,60.3,57.43000030517578,60.78100006103516,53.746000137329105,NSLNISP.NS,2025-08-22 11:22:24.293755
344,2024-04-03 00:00:00+05:30,62.0,63.5,61.5,62.0,13055622,0.0,0.0,2024-04-03,57.41250038146973,3.312927813969394,60.72542819543912,54.09957256750033,64.03835600940852,50.786644753530936,146.57045153791472,30.476586194096665,81942391,15186652.450028053,16171928.45033405,56.60345646734194,55.73594999756475,62.333333333333336,63.16666666666667,61.16666666666667,64.33333333333334,60.333333333333336,65.16666666666667,59.16666666666667,-0.08805707717335762,-11.583010900607258,-0.10123791992124609,-0.9118948854989132,0.8106569655776671,60.02083275445368,20.680149834158676,58.9,57.41250038146973,60.505000076293946,53.53500015258789,NSLNISP.NS,2025-08-22 11:22:24.293755
345,2024-04-02 00:00:00+05:30,60.849998474121094,63.0,59.45000076293945,62.04999923706055,19945419,0.0,0.0,2024-04-02,57.390000343322754,3.2815107424745067,60.67151108579726,54.108489600848245,63.953021828271766,50.82697885837374,207.7579982210228,10.385114771828848,94998013,23219760.81516178,16418247.450410549,56.5650820096339,49.977571279341056,61.5,63.54999923706055,60.0,65.04999923706055,57.95000076293945,67.0999984741211,56.45000076293945,-0.09179572620876575,-7.630527748780293,-0.4836029668589603,-1.11455912689333,0.6309561600343696,60.17359656071869,20.934453223403985,57.78000030517578,57.390000343322754,60.236000061035156,53.31500015258789,NSLNISP.NS,2025-08-22 11:22:24.293755
346,2024-04-01 00:00:00+05:30,55.150001525878906,61.900001525878906,55.150001525878906,60.95000076293945,23859817,0.0,0.0,2024-04-01,57.35750045776367,3.235830140374568,60.59333059813824,54.1216703173891,63.829160738512805,50.885840177014536,253.37315873177687,-28.891246548392264,75052594,27284350.56603942,14717869.10922274,56.50484186034139,42.494980443182335,59.333334604899086,63.516667683919266,56.766667683919266,66.08333460489908,52.583334604899086,70.26666768391927,50.016667683919266,-0.06971021182192277,-8.37004908690954,-0.9707429447418505,-1.2722981669019222,0.3015552221600717,57.9892747064697,21.37028848496517,56.650000762939456,57.35750045776367,59.994000091552735,53.08850017547607,NSLNISP.NS,2025-08-22 11:22:24.293755
347,2024-03-28 00:00:00+05:30,55.20000076293945,56.20000076293945,54.400001525878906,54.70000076293945,7070304,0.0,0.0,2024-03-28,57.265000343322754,3.1531141892676864,60.41811453259044,54.11188615405507,63.57122872185813,50.95877196478738,13.428189466486229,-98.60518372801823,51192777,7256015.754786379,11576248.74501857,56.445662412120264,39.8379421416974,55.1000010172526,55.8000005086263,54.00000127156575,56.90000025431315,53.300001780192055,57.599999745686844,52.200002034505204,-0.15802480143398182,-63.43611727755026,-1.471388325114198,-1.3476869724419402,-0.12370135267225768,40.88271533294784,22.19759746169465,55.50000076293945,57.265000343322754,59.776000061035155,52.88050018310547,NSLNISP.NS,2025-08-22 11:22:24.293755
348,2024-03-27 00:00:00+05:30,56.400001525878906,57.29999923706055,54.5,54.79999923706055,9085598,0.0,0.0,2024-03-27,57.61750030517578,3.244033611120932,60.861533916296715,54.37346669405485,64.10556752741765,51.129433082933915,58.20994307364443,-96.79902360963568,58263081,9341290.25506711,12656306.992576618,56.4525764440566,38.91886351092814,55.53333282470703,56.56666564941406,53.766666412353516,58.33333206176758,52.733333587646484,59.36666488647461,50.96666717529297,-0.14937888575619077,-62.55507363036431,-1.4745420571801091,-1.3167616342738757,-0.1577804229062334,41.13155114110886,22.25217393372811,55.44000091552734,57.61750030517578,59.66500007629394,52.73800018310547,NSLNISP.NS,2025-08-22 11:22:24.293755
349,2024-03-26 00:00:00+05:30,56.400001525878906,57.150001525878906,55.400001525878906,56.400001525878906,8984640,0.0,0.0,2024-03-26,58.0100004196167,3.3580849555284935,61.3680853751452,54.651915464088205,64.72617033067368,51.293830508559715,61.894172433479405,-89.79415303796328,67348679,9507199.192549517,13485061.176953992,56.46103048883281,38.305329956452,56.31666819254557,57.233334859212235,55.483334859212235,58.06666819254557,54.56666819254557,58.983334859212235,53.733334859212235,-0.1293458669910989,-48.45814000776383,-1.4660865781524706,-1.2773165285473171,-0.18877004960515342,45.220832537285624,22.346492221832502,55.33000106811524,58.0100004196167,59.54200012207031,52.59250019073486,NSLNISP.NS,2025-08-22 11:22:24.293755
350,2024-03-22 00:00:00+05:30,55.0,56.70000076293945,54.599998474121094,56.400001525878906,8282261,0.0,0.0,2024-03-22,58.32500038146973,3.491926508432452,61.81692688990218,54.83307387303728,65.30885339833463,51.34114736460482,11.440467328020947,-98.07113193003713,76333319,8763968.850358428,14479526.673055109,56.46134079366296,42.1757383769332,55.90000025431315,57.200002034505204,55.099999745686844,58.00000254313151,53.79999796549479,59.30000432332356,52.999997456868485,-0.15587329212282933,-58.36297077235813,-1.5906235527181138,-1.2301240161460287,-0.3604995365720851,45.220832537285624,22.762318791172767,54.93000106811523,58.32500038146973,59.409000091552734,52.439500160217285,NSLNISP.NS,2025-08-22 11:22:24.293755
351,2024-03-21 00:00:00+05:30,55.5,56.20000076293945,54.79999923706055,55.20000076293945,10411959,0.0,0.0,2024-03-21,58.660000228881835,3.6166861271280357,62.27668635600987,55.0433141017538,65.89337248313791,51.42662797462576,-19.849412487845342,-103.74569022972915,68051058,10783117.316520808,15908416.128729278,56.46162964854758,45.109886915970726,55.40000025431315,56.00000127156575,54.599999745686844,56.800001780192055,53.99999872843424,57.40000279744466,53.19999821980794,-0.12516951979881205,-66.90390193322352,-1.7259682617799044,-1.1399991320030074,-0.585969129776897,41.456921391377854,22.988769239756635,54.53000106811523,58.660000228881835,59.27900009155273,52.2855001449585,NSLNISP.NS,2025-08-22 11:22:24.293755
352,2024-03-20 00:00:00+05:30,54.599998474121094,55.0,52.849998474121094,54.400001525878906,15951344,0.0,0.0,2024-03-20,58.96000022888184,3.5630262027615247,62.523026431643366,55.39697402612031,66.0860526344049,51.83394782335879,-58.69207445894254,-121.54823029827409,57639099,16280546.911086112,17189740.831781395,56.469143021907406,47.85186722609913,54.083333333333336,55.31666819254558,53.16666666666667,56.23333485921224,51.93333180745443,57.466669718424484,51.016665140787765,-0.13773539215493733,-72.59784699017655,-1.7549175753380055,-0.9935068495587831,-0.7614107257792224,38.85615879078384,22.992532702777424,54.36000061035156,58.96000022888184,59.193000106811525,52.14500015258789,NSLNISP.NS,2025-08-22 11:22:24.293755
353,2024-03-19 00:00:00+05:30,54.5,56.95000076293945,53.849998474121094,54.25,19162357,0.0,0.0,2024-03-19,59.40250015258789,3.516145803552426,62.91864595614032,55.886354349035464,66.43479175969274,52.37020854548304,-49.38548207993677,-101.49218215875415,41687755,19503900.22758525,17417039.311955214,56.48819494860975,48.930710009764695,55.016666412353516,56.18333435058594,53.08333206176758,58.116668701171875,51.916664123535156,59.2833366394043,49.98332977294922,-0.1801968860034989,-73.6654735668616,-1.6866040053293503,-0.8031541681139776,-0.8834498372153727,38.37954495648782,22.4137121725132,53.86000061035156,59.40250015258789,59.12600006103516,52.04000015258789,NSLNISP.NS,2025-08-22 11:22:24.293755
354,2024-03-18 00:00:00+05:30,54.5,55.0,53.04999923706055,54.400001525878906,10798165,0.0,0.0,2024-03-18,59.92750015258789,3.490116433893996,63.417616586481884,56.437383718693894,66.90773302037589,52.9472672847999,-81.20204456294051,-107.5440974362146,60850112,11021016.902158728,16895324.083047707,56.513228866955956,43.11998284681098,54.15000025431315,55.25000127156575,53.3000005086263,56.1000010172526,52.199999491373696,57.200002034505204,51.349999745686844,-0.1493087528147695,-72.59784699017655,-1.5588144509464072,-0.5822917088101343,-0.976522742136273,38.65936833493367,22.05804702368448,54.800000762939455,59.92750015258789,59.049000091552735,51.996000137329105,NSLNISP.NS,2025-08-22 11:22:24.293755
355,2024-03-15 00:00:00+05:30,54.79999923706055,55.95000076293945,52.599998474121094,54.400001525878906,13458281,0.0,0.0,2024-03-15,60.39000015258789,3.328212671330442,63.71821282391833,57.06178748125745,67.04642549524877,53.733574809927006,-104.05643495334333,-100.09200644497508,71648277,13736032.221678559,18363900.878269948,56.52663254839213,43.321289145068484,54.31666692097982,56.033335367838546,52.68333307902019,57.66666920979818,50.96666463216146,59.383337656656906,49.33333079020183,-0.24107913589646296,-72.59784699017655,-1.386359574005624,-0.338161023276066,-1.0481985507295581,38.65936833493367,20.700469848837972,55.92000045776367,60.39000015258789,58.97600006103516,51.95950012207031,NSLNISP.NS,2025-08-22 11:22:24.293755
356,2024-03-14 00:00:00+05:30,52.0,56.400001525878906,50.54999923706055,54.349998474121094,30115015,0.0,0.0,2024-03-14,60.954999923706055,3.215050787198906,64.17005071090496,57.73994913650715,67.38510149810386,54.524898349308245,-167.19086333150753,-103.7339731110493,58189996,30708274.72282714,19520868.042417794,56.54357813149261,42.487629462649366,53.766666412353516,56.983333587646484,51.133331298828125,59.616668701171875,47.916664123535156,62.833335876464844,45.283329010009766,-0.1191183070352492,-72.95374061631935,-1.1445596243768037,-0.07611138559367642,-1.0684482387831273,38.530557371592586,19.238463660541733,57.25,60.954999923706055,58.914000015258786,51.933500099182126,NSLNISP.NS,2025-08-22 11:22:24.293755
357,2024-03-13 00:00:00+05:30,57.95000076293945,58.900001525878906,51.099998474121094,51.900001525878906,26487854,0.0,0.0,2024-03-13,61.1875,2.860891787392574,64.04839178739257,58.326608212607425,66.90928357478515,55.46571642521485,-291.16076529766985,-97.6720549805336,28074981,25792114.121858872,16724016.372315459,56.583400283732495,55.46377990929573,53.96666717529297,56.833335876464844,49.03333282470703,61.76667022705078,46.166664123535156,64.63333892822266,41.23332977294922,-0.1510810413831463,-94.07405146846065,-0.8127160606732104,0.1910006741021054,-1.0037167347753158,32.03690345314516,17.663995457761168,58.48000030517578,61.1875,58.85500007629395,51.911500129699704,NSLNISP.NS,2025-08-22 11:22:24.293755
358,2024-03-12 00:00:00+05:30,59.849998474121094,60.54999923706055,58.04999923706055,58.95000076293945,9944288,0.0,0.0,2024-03-12,61.55999984741211,1.917413221649914,63.477413069062024,59.64258662576219,65.39482629071193,57.72517340411228,-121.78497957528005,-24.105205766689267,54562835,10998420.142176693,14456991.934929606,56.659395572847366,59.550765338957014,59.18333307902018,60.31666692097981,57.81666692097981,61.68333307902018,56.68333307902018,62.81666692097981,55.31666692097981,-0.0777028126481617,-84.32836245789598,-0.13425428253378868,0.44192985779593436,-0.576184140329723,44.63656904316831,16.075273069600943,60.119999694824216,61.55999984741211,58.82900001525879,51.914500122070315,NSLNISP.NS,2025-08-22 11:22:24.293755
359,2024-03-11 00:00:00+05:30,61.349998474121094,61.349998474121094,59.5,60.0,7375667,0.0,0.0,2024-03-11,61.51499977111816,1.9910391985751292,63.50603896969329,59.52396057254303,65.49707816826842,57.5329213739679,-61.02603986765769,-5.738577495185363,64507123,8302814.75299333,15321634.883117834,56.64535591696084,59.7309788949024,60.28333282470703,61.06666564941406,59.21666717529297,62.133331298828125,58.43333435058594,62.916664123535156,57.366668701171875,-0.12061616893538327,-68.88891149450231,0.04209843707864991,0.585975892878365,-0.5438774557997151,47.204025089291704,16.12236361053637,60.619999694824216,61.51499977111816,58.64300003051758,51.84550010681152,NSLNISP.NS,2025-08-22 11:22:24.293755
360,2024-03-07 00:00:00+05:30,61.04999923706055,61.900001525878906,60.29999923706055,61.04999923706055,15100013,0.0,0.0,2024-03-07,61.84499969482422,2.2560386011199802,64.10103829594419,59.588961093704235,66.35707689706418,57.33292249258426,-20.185480450206065,7.17503532127609,71882790,17295605.91604322,17076339.91564896,56.63003590501868,66.1942712007028,61.083333333333336,61.866667429606125,60.266665140787765,62.683335622151695,59.483331044514976,63.466669718424484,58.666662851969406,-0.10437158665880106,-63.1579017815315,0.16383648752226776,0.7219452568282938,-0.558108769306026,49.86747741890088,16.67594652975786,60.92999954223633,61.84499969482422,58.441000061035155,51.76200012207031,NSLNISP.NS,2025-08-22 11:22:24.293755
361,2024-03-06 00:00:00+05:30,60.150001525878906,60.900001525878906,58.400001525878906,60.5,10707033,0.0,0.0,2024-03-06,62.2524995803833,2.7800731622373256,65.03257274262063,59.47242641814597,67.81264590485796,56.69235325590865,-99.87390267168882,-3.207845954768666,56782777,12153386.599855488,17021523.415550396,56.588321420551424,70.34275219068682,59.93333435058594,61.46666717529297,58.96666717529297,62.43333435058594,57.43333435058594,63.96666717529297,56.46666717529297,-0.10822142593271254,-73.19588358641433,0.21380669561424526,0.8614724491548004,-0.6476657535405551,48.45279242675004,17.56111243302028,61.0,62.2524995803833,58.238000106811526,51.676500129699704,NSLNISP.NS,2025-08-22 11:22:24.293755
362,2024-03-05 00:00:00+05:30,61.400001525878906,61.849998474121094,59.75,60.099998474121094,11220708,0.0,0.0,2024-03-05,62.69499950408935,3.164228026567758,65.85922753065711,59.5307714775216,69.02345555722486,56.366543450953834,-89.32466474820127,6.190943903667047,46075744,12652242.839239268,18238557.61947412,56.56196786056387,81.80257763294878,60.56666564941406,61.383331298828125,59.28333282470703,62.666664123535156,58.46666717529297,63.48332977294922,57.18333435058594,-0.16054564468004956,-78.99159933246013,0.3287108005998647,1.023388887539939,-0.6946780869400744,47.451377307036665,18.107527957352143,60.71999969482422,62.69499950408935,58.030000076293945,51.58750011444092,NSLNISP.NS,2025-08-22 11:22:24.293755
363,2024-03-04 00:00:00+05:30,64.0,64.5999984741211,61.0,61.45000076293945,20035547,0.0,0.0,2024-03-04,63.15749950408936,3.429832718214878,66.58733222230424,59.72766678587448,70.01716494051911,56.2978340676596,27.70633076769107,27.032787578972847,57296452,23099144.39135379,19635136.31453283,56.536810447038945,85.65347383534109,62.34999974568685,63.6999994913737,60.10000101725261,65.94999821980795,58.75000127156576,67.2999979654948,56.500002543131515,-0.1307317976349702,-67.3640060511629,0.5102364974013511,1.1970584092749577,-0.6868219118736065,50.52766783140538,19.15941534463676,61.05,63.15749950408936,57.78900009155274,51.5035001373291,NSLNISP.NS,2025-08-22 11:22:24.293755
364,2024-03-01 00:00:00+05:30,61.70000076293945,63.54999923706055,60.79999923706055,61.54999923706055,17691265,0.0,0.0,2024-03-01,63.61749954223633,3.7871064563122427,67.40460599854858,59.83039308592409,71.19171245486082,56.04328662961184,-20.80004882812499,25.278869175587715,77331999,20429594.04951554,18769134.295327593,56.47362773364217,79.26430217825998,61.96666590372721,63.133332570393875,60.383332570393875,64.7166659037272,59.21666590372721,65.88333257039388,57.633332570393875,-0.12143795054484532,-65.1639366047383,0.6019587702044547,1.3687638872433594,-0.7668051170389047,50.753991657917986,20.522833059343554,61.29000015258789,63.61749954223633,57.59700004577637,51.398000144958495,NSLNISP.NS,2025-08-22 11:22:24.293755
365,2024-02-29 00:00:00+05:30,59.0,61.849998474121094,57.900001525878906,61.400001525878906,20420420,0.0,0.0,2024-02-29,64.08499965667724,4.0839253653627114,68.16892502203996,60.00107429131453,72.25285038740266,55.91714892595182,-117.17983464398269,11.75793121892133,59640734,23523711.76559578,18354019.356780604,56.41532278017546,71.40884703975402,60.38333384195963,62.86666615804036,58.91666920979817,64.33333079020181,56.433336893717446,66.81666310628255,54.966672261555985,-0.11702089769115619,-64.79998779296875,0.7004221520206784,1.5604651665030853,-0.8600430144824069,50.44482216144035,21.83050668300346,61.52000045776367,64.08499965667724,57.403000030517575,51.28250015258789,NSLNISP.NS,2025-08-22 11:22:24.293755
366,2024-02-28 00:00:00+05:30,62.0,62.0,58.599998474121094,59.099998474121094,9566928,0.0,0.0,2024-02-28,64.4799997329712,4.1912002153011825,68.67119994827237,60.288799517670014,72.86240016357355,56.09759930236883,-176.36898020614865,8.938399032564075,39220314,10607981.956759362,17061596.25457681,56.348351110456235,64.82643971587866,59.8999989827474,61.1999994913737,57.799997965494796,63.300000508626304,56.49999745686849,64.60000101725261,54.39999643961589,-0.13975221737165788,-83.20001220703125,0.8306451631438705,1.775475920123687,-0.9448307569798164,45.5803805063495,22.587277101029102,61.85999984741211,64.4799997329712,57.223000030517575,51.17500015258789,NSLNISP.NS,2025-08-22 11:22:24.293755
367,2024-02-27 00:00:00+05:30,62.5,62.95000076293945,61.20000076293945,61.75,5495891,0.0,0.0,2024-02-27,65.00749988555908,4.142058999960414,69.1495588855195,60.86544088559867,73.29161788547991,56.72338188563826,-48.92472153468244,30.013221848441546,48787242,6367190.883823282,18674999.82903117,56.3309211310401,64.6848468823406,61.96666717529297,62.733333587646484,60.983333587646484,63.71666717529297,60.21666717529297,64.48333358764648,59.233333587646484,-0.0694679641319411,-64.9446573417281,1.2112999981922314,2.011683609368641,-0.8003836111764095,50.9290104617911,23.620864122810556,62.28000030517578,65.00749988555908,57.02700004577637,51.098500175476076,NSLNISP.NS,2025-08-22 11:22:24.293755
368,2024-02-26 00:00:00+05:30,62.599998474121094,63.849998474121094,61.79999923706055,62.650001525878906,8417510,0.0,0.0,2024-02-26,65.21000003814697,4.072843516913119,69.2828435550601,61.137156521233855,73.35568707197321,57.06431300432074,7.90625384169358,39.35812285060873,54283133,9894127.990482576,21751952.065333143,56.311129644742316,68.06269097061326,62.766666412353516,63.733333587646484,61.68333435058594,64.81666564941406,60.71666717529297,65.78333282470703,59.63333511352539,-0.1066103404260085,-62.950809666367824,1.4193155079677027,2.2117795121627433,-0.7924640041950406,52.886134650119146,25.265895287923183,62.58000030517578,65.21000003814697,56.73300003051758,50.98800018310547,NSLNISP.NS,2025-08-22 11:22:24.293755
369,2024-02-23 00:00:00+05:30,63.29999923706055,63.79999923706055,62.5,62.70000076293945,8824592,0.0,0.0,2024-02-23,65.43749980926513,4.0493300573523126,69.48682986661744,61.38816975191282,73.53615992396976,57.338839694560505,24.045815975487645,43.789741623397106,62700643,10380899.306803504,24716408.084045783,56.27547249938015,65.23533654675032,63.0,63.5,62.20000076293945,64.29999923706055,61.70000076293945,64.79999923706055,60.900001525878906,0.03803112452550434,-62.62294581679047,1.5754971011471994,2.409895513211503,-0.8343984120643038,52.99118550562254,26.820434070318917,63.0,65.43749980926513,56.41300003051758,50.875500183105466,NSLNISP.NS,2025-08-22 11:22:24.293755
370,2024-02-22 00:00:00+05:30,61.599998474121094,64.05000305175781,59.900001525878906,63.099998474121094,23276560,0.0,0.0,2024-02-22,65.23749980926513,4.283655575647647,69.52115538491277,60.95384423361748,73.80481096056043,56.67018865796984,-11.545579388267257,40.461286474278445,71525235,27556302.46729039,28300285.278356355,56.23736104370581,67.72090785384574,62.3500010172526,64.8000005086263,60.64999898274739,66.5000025431315,58.199999491373696,68.9500020345052,56.499997456868485,0.10522124769882903,-63.47305635428174,1.7466615326869857,2.618495116227579,-0.8718335835405933,53.78482418183739,28.245497787978763,63.19000015258789,65.23749980926513,56.105,50.767000160217286,NSLNISP.NS,2025-08-22 11:22:24.293755
371,2024-02-21 00:00:00+05:30,63.599998474121094,64.0,60.900001525878906,61.20000076293945,10061543,0.0,0.0,2024-02-21,64.81249980926513,4.886175015835981,69.69867482510111,59.92632479342915,74.5848498409371,55.04014977759317,-35.67112214889877,39.97222525150986,48248675,11552841.427588487,28486280.981122844,56.12827259708381,69.65748572833924,62.03333409627279,63.16666666666667,60.06666819254558,65.13333257039389,58.933335622151695,66.26666514078777,56.966669718424484,0.11105948153211412,-74.85029023684021,1.8999455904103968,2.836453512112727,-0.9365079217023302,50.515989113095664,29.780181791612442,63.70999984741211,64.81249980926513,55.77900001525879,50.65600017547607,NSLNISP.NS,2025-08-22 11:22:24.293755
372,2024-02-20 00:00:00+05:30,64.5999984741211,64.6500015258789,62.75,63.25,8742143,0.0,0.0,2024-02-20,64.31999969482422,5.698370427295215,70.01837012211944,58.621629267529,75.71674054941465,52.923258840233785,-15.4552810763889,55.861819362425635,58310218,10374119.186957309,32719640.869506434,56.09318255480004,73.24385600185337,63.550000508626304,64.35000101725261,62.4499994913737,65.45000203450522,61.6499989827474,66.25000254313152,60.549997965494796,0.08597743177330283,-62.57484346032851,2.2545295663179417,3.0705804925383093,-0.8160509262203677,54.36876210231423,31.104205114769208,63.26999969482422,64.31999969482422,55.47099998474121,50.55800018310547,NSLNISP.NS,2025-08-22 11:22:24.293755
373,2024-02-19 00:00:00+05:30,64.0999984741211,66.44999694824219,63.79999923706055,64.75,18654323,0.0,0.0,2024-02-19,63.614999771118164,6.633251692310055,70.24825146342822,56.98174807880811,76.88150315573827,50.348496386498056,4.398610401590623,71.92711515369696,67052361,22661677.890046667,38306021.29014371,56.049899309908675,77.51021907718582,64.99999872843425,66.19999821980795,63.55000050862631,67.64999643961589,62.35000101725261,68.84999593098959,60.90000279744467,0.096932773229326,-53.592805890807355,2.4724511020297015,3.274593224093401,-0.8021421220636995,57.34012653954418,31.900430994294105,62.48999938964844,63.614999771118164,55.11199996948242,50.44450019836426,NSLNISP.NS,2025-08-22 11:22:24.293755
374,2024-02-16 00:00:00+05:30,65.80000305175781,67.5999984741211,63.04999923706055,63.650001525878906,39432028,0.0,0.0,2024-02-16,62.777499771118165,7.4851164586433185,70.26261622976148,55.29238331247485,77.7477326884048,47.80726685383153,-11.144704245534001,74.18664515464297,48398038,47089093.4014001,42217107.140167974,55.936155746349904,78.33887385196444,64.76666641235352,66.48333358764648,61.93333435058594,69.31666564941406,60.21666717529297,71.03333282470703,57.38333511352539,0.10741517448618766,-60.179624304788426,2.5662680515087004,3.4751287546093255,-0.9088607031006251,55.69115307357597,32.38774962897404,61.14999923706055,62.777499771118165,54.706999969482425,50.32550018310547,NSLNISP.NS,2025-08-22 11:22:24.293755
375,2024-02-15 00:00:00+05:30,59.0,69.5,57.599998474121094,65.69999694824219,85393818,0.0,0.0,2024-02-15,62.02249965667725,8.126540042769681,70.14903969944693,53.895959613907564,78.2755797422166,45.76941957113789,-28.074601962503372,74.2911043894534,87830066,105260293.85189448,40999110.57485994,55.71691858635267,80.57125882981687,64.26666514078777,70.93333180745444,59.03333028157553,76.16666666666667,52.36666361490886,82.83333333333334,47.133328755696624,0.15586266402244628,-47.904200370779506,2.7558325100125387,3.702343930384482,-0.9465114203719431,59.68346657207457,32.912554312475514,61.73999862670898,62.02249965667725,54.32499992370605,50.22650016784668,NSLNISP.NS,2025-08-22 11:22:24.293755
376,2024-02-14 00:00:00+05:30,58.45000076293945,60.650001525878906,57.54999923706055,59.0,13748669,0.0,0.0,2024-02-14,61.23499984741211,8.505696334271715,69.74069618168383,52.729303513140394,78.24639251595553,44.22360717886868,-118.6350626341527,30.02094330908976,2436248,15218977.159684006,24933814.755601298,55.06217179068154,78.94877782749376,59.06666692097982,60.58333460489909,57.483332316080734,62.16666920979818,55.96666463216146,63.68333689371745,54.383330027262375,0.12106860748774399,-79.89129770004824,2.754883934076183,3.9389717854774675,-1.1840878514012845,48.47346663448523,33.47772858701556,62.439998626708984,61.23499984741211,53.88599998474121,50.11100021362304,NSLNISP.NS,2025-08-22 11:22:24.293755
377,2024-02-13 00:00:00+05:30,58.5,60.349998474121094,57.29999923706055,59.349998474121094,19426941,0.0,0.0,2024-02-13,60.787499809265135,8.857629542522632,69.64512935178777,51.929870266742505,78.5027588943104,43.07224072421987,-172.75779634574778,31.715910106654057,16184917,21632062.574311327,27362524.15458062,55.02014655024694,79.13788932884913,58.99999872843424,60.69999821980794,57.64999898274739,62.04999796549479,55.949999491373696,63.749997456868485,54.599999745686844,0.12381695481302515,-63.49557275657808,3.3717769880591746,4.234993748327788,-0.8632167602686138,49.136190280706295,35.913306921933355,64.5099983215332,60.787499809265135,53.592999954223636,50.07350021362305,NSLNISP.NS,2025-08-22 11:22:24.293755
378,2024-02-12 00:00:00+05:30,66.75,66.94999694824219,57.0,58.04999923706055,25714133,0.0,0.0,2024-02-12,60.277499961853025,9.230548197379845,69.50804815923287,51.04695176447318,78.73859635661272,41.81640356709333,-232.11651867989505,50.19434217033204,-3242024,28005730.251376152,28795139.549647942,54.953853312515804,83.30596486247178,60.666665395100914,64.33333079020183,54.38333384195964,70.61666234334311,50.716668446858726,74.28332773844402,44.43333689371745,0.11358415517052309,-69.09491961429954,4.076029957630617,4.450797938394941,-0.37476798076432427,46.619062832762204,38.4444906412118,66.5099983215332,60.277499961853025,53.27099998474121,50.02100021362305,NSLNISP.NS,2025-08-22 11:22:24.293755
379,2024-02-09 00:00:00+05:30,69.4000015258789,69.44999694824219,63.20000076293945,66.5999984741211,18415702,0.0,0.0,2024-02-09,59.80750007629395,9.582539886936942,69.39003996323089,50.224960189357006,78.97257985016783,40.642420302420064,-95.35767347393072,108.91497048585488,22472109,23010989.543261908,28992491.874215886,54.88980955545712,88.22977955629837,66.4166653951009,69.63333002726236,63.383333841959626,72.66666158040364,60.16666920979817,75.8833262125651,57.13333765665689,0.15433796100323163,-27.897836249491125,5.0439593669041045,4.544489933586021,0.49946943331808313,66.81129215449627,41.170380800434735,69.02999877929688,59.80750007629395,52.984000015258786,49.980000228881835,NSLNISP.NS,2025-08-22 11:22:24.293755
380,2024-02-08 00:00:00+05:30,70.0,70.55000305175781,68.30000305175781,69.19999694824219,8851157,0.0,0.0,2024-02-08,58.96500015258789,9.693990254089567,68.65899040667746,49.27100989849832,78.35298066076703,39.57701964440876,36.283895644319784,148.53658469978035,40887811,11491558.089226551,30487867.456954382,54.71372655324521,91.20113397899758,69.35000101725261,70.3999989827474,68.1499989827474,71.60000101725261,67.10000101725261,72.6499989827474,65.8999989827474,0.14824847098933208,-16.79104764415359,5.364733316537617,4.419622575256501,0.9451107412811162,76.12128609087124,42.6003931742366,69.88999938964844,58.96500015258789,52.48700004577637,49.88400024414062,NSLNISP.NS,2025-08-22 11:22:24.293755
381,2024-02-07 00:00:00+05:30,70.0,72.25,69.0,69.3499984741211,17782976,0.0,0.0,2024-02-07,58.000000381469725,9.58147896344353,67.58147934491325,48.418521418026195,77.16295830835679,38.837042454582665,58.622456192040765,175.58334684271918,49738968,23137886.981578574,35236944.79888634,54.60827038648091,92.25931596679887,70.1999994913737,71.3999989827474,68.1499989827474,73.4499994913737,66.9499994913737,74.6499989827474,64.8999989827474,0.14385858206528546,-16.231340362436157,5.438076882381665,4.1833448899362216,1.2547319924454436,76.6938092560423,41.760807054716885,69.91000061035156,58.000000381469725,51.9410001373291,49.766000289916995,NSLNISP.NS,2025-08-22 11:22:24.293755
382,2024-02-06 00:00:00+05:30,71.1500015258789,71.1500015258789,66.9000015258789,69.3499984741211,19913120,0.0,0.0,2024-02-06,57.07750053405762,9.315684146099782,66.3931846801574,47.761816387957836,75.70886882625719,38.44613224185805,52.333532433452405,187.59616946406962,67521944,25909472.07096337,38261709.25321327,54.38946046834875,90.69248082552659,69.13333384195964,71.36666615804037,67.11666615804037,73.38333384195964,64.88333384195964,75.61666615804037,62.866666158040374,0.16840522138185238,-16.231340362436157,5.434810890157827,3.869661891824861,1.5651489983329663,76.6938092560423,40.46419711887377,69.97000122070312,57.07750053405762,51.39300018310547,49.64200031280517,NSLNISP.NS,2025-08-22 11:22:24.293755
383,2024-02-05 00:00:00+05:30,71.5,73.69999694824219,69.4000015258789,70.6500015258789,29873151,0.0,0.0,2024-02-05,56.16250057220459,8.937883650008276,65.10038422221287,47.22461692219632,74.03826787222114,38.286733272188044,78.98047773064476,243.785428481554,87435064,39597339.47360567,41349768.54877575,54.13660072326582,96.00546504084892,71.25,73.0999984741211,68.80000305175781,75.54999542236328,66.95000457763672,77.39999389648438,64.50000762939453,0.16267086421880264,-11.380581878078269,5.348283810868864,3.4783746422416186,1.8699091686272453,81.2610299237379,39.230083732014165,69.26000213623047,56.16250057220459,50.85600021362305,49.52100032806396,NSLNISP.NS,2025-08-22 11:22:24.293755
384,2024-02-02 00:00:00+05:30,70.0,73.25,69.4000015258789,70.9000015258789,40108296,0.0,0.0,2024-02-02,55.15000057220459,8.337124030998528,63.487124603203114,46.812876541206066,71.82424863420164,38.475752510207535,92.21989632784856,290.30888456796635,117308215,53352313.10140686,41787875.817568265,53.70700045333491,95.65157961826897,71.18333435058594,72.96666717529297,69.11666870117188,75.03333282470703,67.33333587646484,76.81666564941406,65.26667022705078,0.19906456520603216,-8.918400797742278,5.028437722274738,3.0108973500848064,2.0175403721899317,82.13446187590247,36.450133325706645,68.57000122070312,55.15000057220459,50.296000213623046,49.39200031280517,NSLNISP.NS,2025-08-22 11:22:24.293755
385,2024-02-01 00:00:00+05:30,70.0,70.30000305175781,67.5,69.30000305175781,20680409,0.0,0.0,2024-02-01,54.142500495910646,7.510138592795119,61.65263908870577,46.63236190311552,69.16277768150088,39.12222331032041,98.10666461960082,315.39052911823234,77199919,26888413.27065347,38896766.496608615,53.08473821545739,93.15548689561021,69.03333536783855,70.56667073567709,67.76666768391928,71.83333841959636,66.23333231608073,73.3666737874349,64.96666463216147,0.23764517274704794,-6.666660308837891,4.518128143358403,2.5065122570373237,2.0116158863210796,80.91540193161454,33.4952899155783,66.13000106811523,54.142500495910646,49.735000152587894,49.25350028991699,NSLNISP.NS,2025-08-22 11:22:24.293755
386,2024-01-31 00:00:00+05:30,66.19999694824219,70.9000015258789,65.30000305175781,69.6500015258789,39003907,0.0,0.0,2024-01-31,53.24250030517578,6.624402156883837,59.86690246205962,46.61809814829194,66.49130461894346,39.9936959914081,122.98302776051604,370.20479015027155,97880328,50968521.969064415,41898854.8030974,52.77638258741603,91.34741531834658,68.61666870117188,71.93333435058594,66.33333587646484,74.21666717529297,63.01667022705078,77.53333282470703,60.73333740234375,0.21581286160426827,-5.208333333333333,3.953896363358375,2.0036082854570534,1.9502880779013214,82.05267586851951,30.589734375611183,63.19000015258789,53.24250030517578,49.212000122070314,49.13500026702881,NSLNISP.NS,2025-08-22 11:22:24.293755
387,2024-01-30 00:00:00+05:30,68.8499984741211,69.55000305175781,65.05000305175781,65.80000305175781,33225931,0.0,0.0,2024-01-30,52.33000030517578,5.386664602373225,57.716664907549,46.94333570280256,63.10332950992223,41.55667110042933,155.42740724560878,394.693737136464,58876421,41018131.19121657,39631438.011605635,52.1486893744241,88.47189088530293,66.80000305175781,68.55000305175781,64.05000305175781,71.30000305175781,62.30000305175781,73.05000305175781,59.55000305175781,0.17796642993010836,-16.556290275368912,3.1371316382803798,1.516036265981723,1.6210953722986567,79.04420319378052,27.460674563338905,59.529999542236325,52.33000030517578,48.685000076293946,49.00250026702881,NSLNISP.NS,2025-08-22 11:22:24.293755
388,2024-01-29 00:00:00+05:30,62.0,67.9000015258789,59.849998474121094,67.19999694824219,87622769,0.0,0.0,2024-01-29,51.570000076293944,4.360751266849551,55.9307513431435,47.20924880944439,60.291502609993046,42.84849754259484,217.66770918826344,403.14649860333844,92102352,110473731.58876725,39284764.7167029,51.70193602911798,87.06094371580667,64.98333231608073,70.11666615804037,62.06666310628256,73.03333536783855,56.93332926432292,78.16666920979819,54.01666005452475,0.25622004353440603,-3.3333551316034224,2.4230595045594043,1.110762422907059,1.3122970816523454,83.78666558020075,24.22312695366258,56.199999237060545,51.570000076293944,48.217000045776366,48.892500228881836,NSLNISP.NS,2025-08-22 11:22:24.293755
389,2024-01-25 00:00:00+05:30,55.650001525878906,59.349998474121094,55.29999923706055,58.70000076293945,54334434,0.0,0.0,2024-01-25,50.692500305175784,2.354126901126087,53.04662720630187,48.3383734040497,55.40075410742796,45.98424650292361,203.12727809945727,248.56940408018613,4479583,59839237.578003675,21487522.998686813,50.23804403720469,79.48152975128409,57.78333282470703,60.266666412353516,56.21666717529297,61.83333206176758,53.733333587646484,64.31666564941406,52.16666793823242,0.008051340332803579,-5.22086642979791,1.3342395783301768,0.7826881524939727,0.5515514258362041,75.49924027512144,20.907142039809973,52.35999984741211,50.692500305175784,47.6810001373291,48.75750026702881,NSLNISP.NS,2025-08-22 11:22:24.293755
390,2024-01-24 00:00:00+05:30,51.849998474121094,55.0,51.099998474121094,54.599998474121094,19919078,0.0,0.0,2024-01-24,50.25250034332275,1.4129541146308549,51.66545445795361,48.839546228691894,53.07840857258446,47.426592114061044,193.7669512851941,136.36334086946914,-49854851,20404908.892563008,11899594.353857594,49.71157416717147,66.07252214964831,53.56666564941406,56.03333282470703,52.133331298828125,57.46666717529297,49.666664123535156,59.93333435058594,48.23332977294922,-0.2354883208754843,-4.938291373225341,0.757125212569072,0.6448002960349216,0.11232491653415033,68.22444711086177,18.6919228464712,50.32999954223633,50.25250034332275,47.3260001373291,48.70850025177002,NSLNISP.NS,2025-08-22 11:22:24.293755
391,2024-01-23 00:00:00+05:30,53.95000076293945,55.0,51.04999923706055,51.349998474121094,26017020,0.0,0.0,2024-01-23,50.06750049591064,0.9938327240446836,51.06133321995533,49.073667771865956,52.05516594400001,48.07983504782128,210.0439042213539,108.39278404252691,-69773929,25065177.41884409,9773265.71918124,49.597474067853184,54.595993930747284,52.46666590372721,53.883332570393875,49.93333180745442,56.416666666666664,48.51666514078776,57.83333333333333,45.98333104451497,-0.3466607111358288,-45.0617557218115,0.4105604513256935,0.616719066901384,-0.20615861557569048,59.33756807274584,17.629775211914442,49.4,50.06750049591064,47.067000198364255,48.690500259399414,NSLNISP.NS,2025-08-22 11:22:24.293755
392,2024-01-19 00:00:00+05:30,48.45000076293945,49.5,48.25,49.150001525878906,5477157,0.0,0.0,2024-01-19,50.00500049591064,0.9471424124211817,50.95214290833182,49.057858083489464,51.89928532075301,48.11071567106828,-51.39495216505004,21.423580831785493,-95790949,5050699.413899737,5950287.794265525,49.54236594810823,45.426953307930276,48.96666717529297,49.68333435058594,48.43333435058594,50.21666717529297,47.71666717529297,50.93333435058594,47.18333435058594,-0.16627642676012674,-58.715573212830826,0.2807076819864349,0.6682587207953065,-0.38755103880887154,50.664558918577065,16.48592391316101,49.14000015258789,50.00500049591064,46.874000244140625,48.707500267028806,NSLNISP.NS,2025-08-22 11:22:24.293755
393,2024-01-18 00:00:00+05:30,48.650001525878906,49.099998474121094,46.900001525878906,48.0,6949551,0.0,0.0,2024-01-18,49.95000038146973,1.0279003297553797,50.97790071122511,48.922100051714345,52.00580104098049,47.89419972195897,-144.60780112450806,0.7455762879960078,-101268106,6258507.556751634,6175184.889356972,49.54498065678221,46.840955479673795,48.0,49.099998474121094,46.900001525878906,50.19999694824219,45.80000305175781,51.29999542236328,44.70000457763672,-0.2278417241329255,-79.81653045739996,0.3268700073261357,0.7651464804975242,-0.4382764731713885,44.966981051385616,17.16597354735111,49.14000015258789,49.95000038146973,46.711000213623045,48.75550025939941,NSLNISP.NS,2025-08-22 11:22:24.293755
394,2024-01-17 00:00:00+05:30,49.400001525878906,49.75,48.349998474121094,48.54999923706055,6359571,0.0,0.0,2024-01-17,50.14250030517578,1.0037133560755185,51.146213661251295,49.138786949100265,52.14992701732682,48.13507359302474,-116.20019314848297,23.95723136802853,-94318555,5792817.478754243,6154354.222508306,49.55815551788537,56.89779999693606,48.88333257039388,49.41666666666667,48.016665140787765,50.28333409627279,47.483331044514976,50.81666819254558,46.61666361490886,-0.22727990419398322,-89.41174675436581,0.49427692250932864,0.8747155987903713,-0.38043867628104266,47.39790024280999,17.55183960886216,49.27000045776367,50.14250030517578,46.565000228881836,48.80850025177002,NSLNISP.NS,2025-08-22 11:22:24.293755
395,2024-01-16 00:00:00+05:30,50.349998474121094,50.75,48.79999923706055,49.95000076293945,6481093,0.0,0.0,2024-01-16,50.30750026702881,0.9993777042396962,51.306877971268506,49.30812256278911,52.3062556755082,48.30874485854942,-42.02896417428147,47.36185169718714,-87958984,6073744.932994015,6244738.40844682,49.56608462488854,58.210785431609104,49.833333333333336,50.866667429606125,48.91666666666667,51.78333409627279,47.88333257039388,52.81666819254558,46.96666590372722,-0.20223027866762255,-56.47053438074448,0.6469528675029252,0.969825267860632,-0.3228724003577067,54.341580592952916,18.728679666220273,49.51000061035156,50.30750026702881,46.39400024414063,,NSLNISP.NS,2025-08-22 11:22:24.293755
396,2024-01-12 00:00:00+05:30,49.150001525878906,51.099998474121094,49.04999923706055,50.04999923706055,8200831,0.0,0.0,2024-01-12,50.43000030517578,1.098491562740797,51.52849186791658,49.331508742434984,52.626983430657376,48.23301717969419,-32.178301524943805,54.947807917754666,-81477891,7700780.322110532,6287486.777310022,49.56298257896881,58.76694423878134,50.06666564941406,51.08333206176758,49.03333282470703,52.11666488647461,48.016666412353516,53.133331298828125,46.983333587646484,-0.08901176945523653,-54.11762910730698,0.6947430882035803,1.0505433679500586,-0.3558002797464783,54.874781280378855,19.606003718333938,49.50000076293945,50.43000030517578,46.183000259399414,,NSLNISP.NS,2025-08-22 11:22:24.293755
397,2024-01-11 00:00:00+05:30,48.849998474121094,49.54999923706055,48.79999923706055,49.150001525878906,3202818,0.0,0.0,2024-01-11,50.39250030517578,1.1246371849345924,51.51713749011037,49.26786312024119,52.641774675044964,48.143225935306596,-129.27143647382715,38.68706792062023,-89678722,2953442.998881999,5934163.391109895,49.55795187957876,57.912566058752226,49.166666666666664,49.53333409627278,48.78333409627278,49.916666666666664,48.416666666666664,50.28333409627278,48.03333409627278,-0.06937261924719602,-75.29404584099265,0.735554307585609,1.1394934378866783,-0.4039391303010693,50.84396397645944,20.334080275790964,49.67000122070313,50.39250030517578,45.98500030517578,,NSLNISP.NS,2025-08-22 11:22:24.293755
398,2024-01-10 00:00:00+05:30,49.95000076293945,50.099998474121094,48.099998474121094,48.650001525878906,7892900,0.0,0.0,2024-01-10,50.28750019073486,1.3266375551144247,51.614137745849284,48.96086263562044,52.94077530096371,47.63422508050601,-211.5781639628221,36.83316359331198,-92881540,7204307.739963603,6679343.489166869,49.559604304908184,51.219802101548495,48.949999491373696,49.8000005086263,47.8000005086263,50.949999491373696,46.949999491373696,51.8000005086263,45.8000005086263,-0.08047099270296526,-63.24782757824696,0.8652964114170771,1.2404782204619458,-0.37518180904486864,48.46941186415433,21.44758140100586,50.050000762939455,50.28750019073486,45.81100028991699,,NSLNISP.NS,2025-08-22 11:22:24.293755
399,2024-01-09 00:00:00+05:30,50.150001525878906,50.79999923706055,49.5,49.75,5123645,0.0,0.0,2024-01-09,50.187500190734866,1.5181250816919807,51.70562527242684,48.66937510904289,53.22375035411883,47.151250027350905,-120.74979297474557,60.832765302660924,-84988640,4782389.163202125,6548102.426467684,49.56877553459744,49.59122834780082,50.016666412353516,50.53333282470703,49.233333587646484,51.31666564941406,48.71666717529297,51.83333206176758,47.93333435058594,-0.08625457264992512,-44.91526848349659,1.067537492664684,1.334273672723163,-0.2667361800584791,53.77621639792817,22.646736458929595,50.400000762939456,50.187500190734866,45.643000259399415,,NSLNISP.NS,2025-08-22 11:22:24.293755
400,2024-01-08 00:00:00+05:30,51.29999923706055,51.650001525878906,49.75,49.900001525878906,5077234,0.0,0.0,2024-01-08,50.06500015258789,1.6485320689255023,51.7135322215134,48.41646808366239,53.362064290438894,46.76793601473689,-63.20338256441593,71.84385796478998,-79864995,4753358.123335246,6989530.7422840735,49.56758158249,48.46764134406285,50.43333435058594,51.116668701171875,49.21666717529297,52.333335876464844,48.53333282470703,53.01667022705078,47.31666564941406,-0.06848985570648576,-45.16127245979648,1.2019593682854577,1.4009577177377828,-0.19899834945232509,54.53223508485599,23.673606128866812,50.60000076293945,50.06500015258789,45.47000022888184,,NSLNISP.NS,2025-08-22 11:22:24.293755
401,2024-01-05 00:00:00+05:30,51.29999923706055,52.150001525878906,50.5,50.900001525878906,8876183,0.0,0.0,2024-01-05,49.910000038146975,1.8033303603885764,51.713330398535554,48.1066696777584,53.516660758924125,46.303339317369826,66.6668092722122,89.82991362066144,-74787761,8476505.341670554,7548573.89702128,49.565397093211764,56.8576229331052,51.18333435058594,51.866668701171875,50.21666717529297,52.833335876464844,49.53333282470703,53.51667022705078,48.56666564941406,-0.0694591625641975,-30.70862073730006,1.3410757198529808,1.4507073051008639,-0.10963158524788308,59.730553582918056,24.548871689555963,50.880000305175784,49.910000038146975,45.292000198364256,,NSLNISP.NS,2025-08-22 11:22:24.293755
402,2024-01-04 00:00:00+05:30,50.400001525878906,52.04999923706055,50.400001525878906,51.04999923706055,7162426,0.0,0.0,2024-01-04,49.65499992370606,2.005249818498887,51.66024974220495,47.64975010520717,53.66549956070383,45.644500286708286,72.9166511446227,94.27707097955373,-65911578,6860072.177660829,7316591.03585896,49.54988634547984,61.1166471326636,51.166666666666664,51.93333180745442,50.28333409627278,52.816664377848305,49.516668955485024,53.58332951863606,48.63333638509114,-0.03305680903421591,-28.346451489654658,1.4003826287560486,1.4781152014128345,-0.0777325726567859,60.53429744387354,24.776880332635894,50.98000030517578,49.65499992370606,45.097000198364256,,NSLNISP.NS,2025-08-22 11:22:24.293755
403,2024-01-03 00:00:00+05:30,51.0,51.099998474121094,50.150001525878906,50.400001525878906,4620674,0.0,0.0,2024-01-03,49.367499923706056,2.1976829036346177,51.56518282734067,47.16981702007144,53.76286573097529,44.97213411643682,14.941332369712123,87.64883201194841,-73074004,4369267.917149639,7430720.750408492,49.535684980697255,65.13145726925583,50.550000508626304,50.9499994913737,50.000002543131515,51.49999745686849,49.60000356038412,51.89999643961589,49.05000559488933,-0.021730072057917698,-38.58263837742564,1.4403230234662416,1.497548344577031,-0.05722532111078937,58.27510187164159,25.08484878513079,50.89000015258789,49.367499923706056,44.95400024414062,,NSLNISP.NS,2025-08-22 11:22:24.293755
404,2024-01-02 00:00:00+05:30,51.5,51.75,50.0,50.75,8135898,0.0,0.0,2024-01-02,49.07249984741211,2.434968796970183,51.50746864438229,46.63753105044193,53.942437441352475,44.20256225347175,26.837439479047447,98.39756556468383,-68453330,7746657.212199441,8196083.958723205,49.53037387848759,68.41170047742986,50.833333333333336,51.66666666666667,49.91666666666667,52.583333333333336,49.083333333333336,53.41666666666667,48.16666666666667,-0.013891814306745794,-33.07085005893258,1.5336506818332936,1.5118546748547284,0.021796006978565208,59.992214928766394,26.028718529642255,50.74000015258789,49.07249984741211,44.94300018310547,,NSLNISP.NS,2025-08-22 11:22:24.293755
405,2024-01-01 00:00:00+05:30,51.5,52.349998474121094,51.0,51.29999923706055,8438622,0.0,0.0,2024-01-01,48.76249980926514,2.599285249304886,51.36178505857002,46.16321455996025,53.961070307874905,43.56392931065537,73.21374105354349,118.65776411405807,-60317432,8121975.766574445,8308440.645354145,49.517033651404,69.47283659885787,51.54999923706055,52.099998474121094,50.75,52.89999771118164,50.20000076293945,53.44999694824219,49.400001525878906,-0.03448299415992826,-24.031007293468054,1.5954316874150436,1.5064056731100868,0.08902601430495682,62.687513330405714,27.04519363911614,50.57000045776367,48.76249980926514,44.94300018310547,,NSLNISP.NS,2025-08-22 11:22:24.293755
406,2023-12-29 00:00:00+05:30,50.900001525878906,52.0,50.150001525878906,51.400001525878906,7633292,0.0,0.0,2023-12-29,48.38499984741211,2.754952658927148,51.139952506339256,45.630047188484966,53.89490516526641,42.87509452955781,42.71430585072432,119.50892621840086,-51878810,7361186.230086651,8355056.86504907,49.49657388294924,68.84028995737614,51.18333435058594,52.21666717529297,50.366668701171875,53.03333282470703,49.333335876464844,54.06666564941406,48.51667022705078,-0.03338035905274341,-22.48058347744419,1.5961902971627637,1.4841491695338476,0.11204112762891616,63.16664223999886,27.269253038184555,50.49000091552735,48.38499984741211,44.953000183105466,,NSLNISP.NS,2025-08-22 11:22:24.293755
407,2023-12-28 00:00:00+05:30,49.95000076293945,52.150001525878906,49.5,50.599998474121094,13059635,0.0,0.0,2023-12-28,48.03249969482422,2.7995431273454754,50.83204282216969,45.232956567478745,53.63158594951517,42.433413440133265,21.250749100442395,119.2288580712911,-59512102,12398077.308284437,8603524.523789674,49.476609034745024,69.97564423283673,50.75,52.0,49.349998474121094,53.400001525878906,48.099998474121094,54.650001525878906,46.69999694824219,-0.02125404117302969,-33.333333333333336,1.5631281357870108,1.4561388876266184,0.10698924816039246,60.94944760762335,27.70724144468899,50.23000030517578,48.03249969482422,44.96800018310547,,NSLNISP.NS,2025-08-22 11:22:24.293755
408,2023-12-27 00:00:00+05:30,50.20000076293945,50.95000076293945,49.45000076293945,49.650001525878906,3934934,0.0,0.0,2023-12-27,47.66499977111816,2.924402972684762,50.58940274380292,44.7405967984334,53.51380571648768,41.81619382574864,-4.983489734107722,112.62194797312482,-72571737,3665468.7035790505,7654886.327665982,49.456081186573876,68.82280554011864,50.01666768391927,50.58333460489909,49.08333460489909,51.51666768391927,48.51666768391927,52.08333460489909,47.58333460489909,-0.03461295459206825,-39.0243675508704,1.5759029700959175,1.42939157558652,0.14651139450939743,58.17314601368487,28.17892126707838,49.720000457763675,47.66499977111816,45.00000022888184,,NSLNISP.NS,2025-08-22 11:22:24.293755
409,2023-12-26 00:00:00+05:30,51.04999923706055,51.29999923706055,49.75,49.900001525878906,5489141,0.0,0.0,2023-12-26,47.36749973297119,3.0131412346656625,50.38064096763685,44.35435849830553,53.39378220230252,41.34121726363986,22.972980519701203,127.48736916941681,-68636803,5138989.647213927,8652240.733687714,49.45500759126318,72.51603023148243,50.31666692097982,50.88333384195964,49.33333460489909,51.86666615804037,48.76666768391927,52.43333307902019,47.783335367838546,0.012040993562251745,-33.52269550000065,1.661941616953193,1.3927637269591708,0.26917788999402226,59.20164762026995,29.354482315516886,50.15999984741211,47.36749973297119,45.04800018310547,,NSLNISP.NS,2025-08-22 11:22:24.293755
410,2023-12-22 00:00:00+05:30,50.5,51.5,49.75,50.900001525878906,6135960,0.0,0.0,2023-12-22,46.95999965667725,3.1980503400803,50.15804999675755,43.76194931659695,53.35610033683785,40.56389897651665,49.883371418005325,146.85554228201113,-63147662,5859669.377735549,9530553.50530616,49.451544169912694,73.17564656376271,50.71666717529297,51.68333435058594,49.93333435058594,52.46666717529297,48.96666717529297,53.43333435058594,48.18333435058594,0.02905570113307748,-22.15905815116346,1.7222950115363318,1.3254692544606652,0.3968257570756666,63.362579238727825,30.391489586999036,50.54999923706055,46.95999965667725,45.08300018310547,,NSLNISP.NS,2025-08-22 11:22:24.293755
411,2023-12-21 00:00:00+05:30,47.099998474121094,50.349998474121094,46.5,50.099998474121094,9734182,0.0,0.0,2023-12-21,46.509999656677245,3.247290043700703,49.757289700377946,43.26270961297654,53.004579744078654,40.015419569275835,-6.4472190561724405,119.02857409753487,-69283622,9149765.67218638,10448274.537198812,49.43883169620229,73.37977487643123,48.98333231608073,51.466664632161454,47.61666615804036,52.83333079020182,45.13333384195963,55.31666310628255,43.766667683919266,0.018632662777047358,-31.25000270930227,1.6749854180626826,1.2262628151917485,0.44872260287093413,61.34432756629378,31.508266648595196,50.849999237060544,46.509999656677245,45.11500015258789,,NSLNISP.NS,2025-08-22 11:22:24.293755
412,2023-12-20 00:00:00+05:30,52.099998474121094,52.400001525878906,47.150001525878906,48.04999923706055,11267700,0.0,0.0,2023-12-20,46.10249977111816,3.284231346404919,49.386731117523084,42.81826842471324,52.670962463928,39.53403707830832,13.469763112199459,134.0877153821076,-79017804,10157842.10418847,10772901.75345192,49.429496109644106,79.29909493563206,49.20000076293945,51.25,46.0,54.45000076293945,43.95000076293945,56.5,40.75,-0.03303351049512689,-51.891883643897806,1.6678244145753993,1.114082164474015,0.5537422501013842,55.51307260374978,33.3287708565651,50.689999389648435,46.10249977111816,45.14500015258789,,NSLNISP.NS,2025-08-22 11:22:24.293755
413,2023-12-19 00:00:00+05:30,52.0,52.70000076293945,51.0,51.849998474121094,7305028,0.0,0.0,2023-12-19,45.82499980926514,3.3449290847014854,49.16992889396662,42.48007072456365,52.514857978668104,39.13514163986217,104.62286455369447,213.86834368663162,-67750104,7106298.23780651,10926666.66576778,49.452417661057964,86.99094805452707,51.84999974568685,52.6999994913737,50.99999872843425,53.550000508626304,50.1499989827474,54.400000254313156,49.299997965494796,-0.003573801308828983,-9.950249511585863,1.8352799574790737,0.9756466019486689,0.8596333555304048,74.98253558703166,34.85171811549577,50.48999938964844,45.82499980926514,45.21800018310547,,NSLNISP.NS,2025-08-22 11:22:24.293755
414,2023-12-18 00:00:00+05:30,52.70000076293945,52.849998474121094,51.150001525878906,51.849998474121094,13743483,0.0,0.0,2023-12-18,45.36499996185303,3.0960966006244086,48.46109656247744,42.268903361228624,51.55719316310185,39.17280676060421,146.584257686935,222.8000096914837,-60445076,13369598.17597191,11881758.772758096,49.42630886176802,92.43783493288223,51.949999491373696,52.749997456868485,51.0500005086263,53.64999643961588,50.25000254313151,54.44999440511067,49.35000356038411,-0.012188696872803127,-9.950249511585863,1.6476241753122167,0.7607382630660676,0.8868859122461491,74.98253558703165,32.92253400043016,49.45,45.36499996185303,45.19900024414063,,NSLNISP.NS,2025-08-22 11:22:24.293755
415,2023-12-15 00:00:00+05:30,49.849998474121094,52.70000076293945,49.70000076293945,52.400001525878906,21253422,0.0,0.0,2023-12-15,44.91499996185303,2.737175799853189,47.65217576170622,42.17782416199984,50.38935156155941,39.440648362146646,202.9652959376639,216.09649067057933,-46701593,20894547.11391036,11509798.921954643,49.37561497616294,92.09268222658508,51.6000010172526,53.50000127156575,50.50000127156575,54.6000010172526,48.6000010172526,56.50000127156575,47.50000127156575,-0.003167394583125072,-2.666659884982639,1.382403906093863,0.5390167850045303,0.8433871210893328,78.41468210202063,30.66031298903775,48.54000015258789,44.91499996185303,45.162000274658205,,NSLNISP.NS,2025-08-22 11:22:24.293755
416,2023-12-14 00:00:00+05:30,47.5,50.79999923706055,47.5,49.29999923706055,22676672,0.0,0.0,2023-12-14,44.45249996185303,2.1171274219198906,46.56962738377292,42.33537253993314,48.68675480569281,40.21824511801325,148.194281341963,149.56492079176826,-67955015,20974857.941869013,9163611.873965714,49.274520481868635,90.4859980731251,49.199999491373696,50.89999898274739,47.599999745686844,52.49999872843424,45.90000025431315,54.19999821980794,44.3000005086263,-0.15468905311652587,-16.042783366774838,0.967729110768559,0.3281700047321971,0.6395591060363619,71.61458187733697,28.265026206251687,47.41999969482422,44.45249996185303,45.1270002746582,,NSLNISP.NS,2025-08-22 11:22:24.293755
417,2023-12-13 00:00:00+05:30,46.95000076293945,47.849998474121094,46.75,47.04999923706055,5244809,0.0,0.0,2023-12-13,44.152499961853025,1.794616959420703,45.947116921273725,42.357883002432324,47.74173388069443,40.563266043011616,86.92733488848958,90.39270684959622,-90631687,4629798.554986569,6210800.356989889,49.2735781782097,86.4500183549496,47.21666590372721,47.68333180745442,46.58333333333333,48.316664377848305,46.11666742960612,48.783330281575516,45.483334859212235,-0.13808749261109257,-18.248179247373983,0.7274604071558741,0.16828022822310656,0.5591801789327675,63.963214605489135,26.27135678743199,46.71999969482422,44.152499961853025,45.17000030517578,,NSLNISP.NS,2025-08-22 11:22:24.293755
418,2023-12-12 00:00:00+05:30,47.79999923706055,48.04999923706055,46.400001525878906,46.650001525878906,6432225,0.0,0.0,2023-12-12,43.920000076293945,1.698094526107543,45.61809460240149,42.2219055501864,47.31618912850903,40.52381102407886,99.47188235450413,77.18147412838566,-95876496,5629705.635270559,6606050.807490719,49.29276250059535,82.88587299357765,47.03333409627279,47.66666666666667,46.01666895548503,48.68333180745443,45.38333638509115,49.31666437784831,44.36667124430339,-0.08219896807761666,-23.91301823923467,0.6304124395433277,0.028485183489914648,0.601927256053413,62.28498722611443,25.546071360770192,46.369999694824216,43.920000076293945,45.24300033569336,,NSLNISP.NS,2025-08-22 11:22:24.293755
419,2023-12-11 00:00:00+05:30,47.5,47.79999923706055,46.79999923706055,47.29999923706055,6124295,0.0,0.0,2023-12-11,43.607500076293945,1.7437306083059771,45.35123068459992,41.86376946798797,47.0949612929059,40.12003885968199,143.65707306361418,76.53246716977753,-89444271,5434880.918837123,6850137.100545757,49.32102451333941,86.64002619642952,47.29999923706055,47.79999923706055,46.79999923706055,48.29999923706055,46.29999923706055,48.79999923706055,45.79999923706055,-0.08113027390014194,-14.492758430621967,0.5360036428747961,-0.12199663052343862,0.6580002733982346,66.99259465027683,24.764994747442103,45.939999389648435,43.607500076293945,45.33800033569336,,NSLNISP.NS,2025-08-22 11:22:24.293755
420,2023-12-08 00:00:00+05:30,46.099998474121094,48.29999923706055,46.099998474121094,46.79999923706055,13935999,0.0,0.0,2023-12-08,43.29000015258789,1.6089054921325265,44.89890564472042,41.681094660455365,46.50781113685294,40.07218916832284,167.6130004895327,64.7936838028487,-95568566,12236486.902502343,7203951.145972915,49.34181461183615,83.49059012861238,47.06666564941406,48.03333282470703,45.83333206176758,49.266666412353516,44.86666488647461,50.233333587646484,43.633331298828125,-0.10312726832506897,-21.73913764593295,0.34299558099530714,-0.2864966988729973,0.6294922798683045,65.10893218185376,23.407158011119332,45.38999938964844,43.29000015258789,45.42900032043457,,NSLNISP.NS,2025-08-22 11:22:24.293755
421,2023-12-07 00:00:00+05:30,45.5,46.45000076293945,44.650001525878906,45.79999923706055,8625699,0.0,0.0,2023-12-07,43.03250026702881,1.4184190396913463,44.45091930672015,41.614081227337465,45.8693383464115,40.195662187646114,114.43938853929077,28.74958905949729,-109504565,7411951.468555045,5945817.206840558,49.40273991601153,76.86756564374079,45.63333384195963,46.61666615804036,44.81666692097981,47.43333307902018,43.833334604899086,48.41666539510091,43.016667683919266,-0.07912778893664076,-12.871319288698599,0.13993229599814327,-0.4438697688400734,0.5838020648382167,60.972693524670504,21.944872295079424,44.779999542236325,43.03250026702881,45.53300033569336,,NSLNISP.NS,2025-08-22 11:22:24.293755
422,2023-12-06 00:00:00+05:30,44.5,46.400001525878906,44.04999923706055,45.29999923706055,9341086,0.0,0.0,2023-12-06,42.827500343322754,1.2876405161114062,44.11514085943416,41.539859827211345,45.402781375545565,40.25221931109994,111.54602323858937,16.885495861833398,-118130264,7939046.805447069,5579283.641411936,49.456994228175255,75.49992059860942,45.25,46.45000076293945,44.099998474121094,47.60000228881836,42.89999771118164,48.80000305175781,41.749996185302734,-0.09613544469862709,-22.000045776367188,-0.023685580945155493,-0.5898202850496276,0.5661347041044721,58.69952465777215,21.459472039029475,44.48999938964844,42.827500343322754,45.64500038146973,,NSLNISP.NS,2025-08-22 11:22:24.293755
423,2023-12-05 00:00:00+05:30,44.70000076293945,45.099998474121094,44.04999923706055,44.5,4735602,0.0,0.0,2023-12-05,42.61250038146973,1.209705290975655,43.822205672445385,41.402795090494074,45.03191096342104,40.19308979951842,90.23807217473792,0.0538160328067665,-127471350,3953739.0622225786,4989342.8504031515,49.5259109723532,74.94263209580807,44.54999923706055,45.04999923706055,44.0,45.599998474121094,43.5,46.099998474121094,42.95000076293945,-0.10326263462353638,-27.05885943244485,-0.1835647479264253,-0.7313539610757456,0.5477892131493203,54.78695407334966,20.971007480590693,44.07999954223633,42.61250038146973,45.777000427246094,,NSLNISP.NS,2025-08-22 11:22:24.293755
424,2023-12-04 00:00:00+05:30,45.20000076293945,45.650001525878906,44.29999923706055,44.54999923706055,8167590,0.0,0.0,2023-12-04,42.422500419616696,1.1959878365892407,43.618488256205936,41.22651258302746,44.814476092795175,40.03052474643822,139.27127936281707,2.343185385760956,-122735748,6826756.725647753,5248243.797448295,49.56851036571684,82.62840716712267,44.833333333333336,45.366667429606125,44.016665140787765,46.183335622151695,43.483331044514976,46.716669718424484,42.666662851969406,-0.09328102464553609,-23.404300218249347,-0.3066894421854798,-0.8683012643630756,0.5616118221775959,55.08983641347596,21.42446376637181,43.91999969482422,42.422500419616696,45.94400039672851,,NSLNISP.NS,2025-08-22 11:22:24.293755
425,2023-12-01 00:00:00+05:30,44.900001525878906,45.150001525878906,43.599998474121094,43.75,5424256,0.0,0.0,2023-12-01,42.19500045776367,1.202726805661429,43.3977272634251,40.99227365210224,44.600454069086524,39.789546846440814,131.1907407060518,-11.11036291192064,-130903338,4452367.793562608,4853615.56539843,49.64296263016479,75.50632144484416,44.166666666666664,44.733334859212235,43.18333180745442,45.71666971842448,42.61666361490885,46.28333791097005,41.63332875569661,-0.02641240349750287,-29.166679912134864,-0.46460371890665897,-1.0087042199074745,0.5441005010008155,51.07101909045317,21.624917306273087,43.35999984741211,42.19500045776367,46.1280004119873,,NSLNISP.NS,2025-08-22 11:22:24.293755
426,2023-11-30 00:00:00+05:30,43.400001525878906,44.849998474121094,42.79999923706055,44.349998474121094,9656834,0.0,0.0,2023-11-30,41.97750053405762,1.2963989543653789,43.273899488423,40.68110157969224,44.57029844278838,39.38470262532686,138.12368246287352,-16.021598361878034,-125479082,8035282.913607409,4953927.508357385,49.70160116211089,69.8291722037159,43.99999872843424,45.19999821980794,43.14999898274739,46.04999796549479,41.949999491373696,47.249997456868485,41.099999745686844,-0.019724789595461065,-11.11111111111111,-0.5809545919845291,-1.1447293451576783,0.5637747531731492,54.465319397489985,22.242202469109095,42.99000015258789,41.97750053405762,46.33600044250488,,NSLNISP.NS,2025-08-22 11:22:24.293755
427,2023-11-29 00:00:00+05:30,44.29999923706055,44.400001525878906,43.0,43.25,7126128,0.0,0.0,2023-11-29,41.767500686645505,1.2303478789123827,42.99784856555789,40.53715280773312,44.22819644447027,39.30680492882074,118.94391087324946,-24.949614348596818,-135135916,5782458.544308925,4183588.657044879,49.79811517915244,66.7006735273422,43.550000508626304,44.10000101725261,42.6999994913737,44.95000203450521,42.1499989827474,45.500002543131515,41.299997965494796,-0.12815256234203465,-28.39507800814555,-0.7802073838767001,-1.2856730334509654,0.5054656495742653,48.65604621682114,23.153834358221435,42.51000061035156,41.767500686645505,46.55400047302246,,NSLNISP.NS,2025-08-22 11:22:24.293755
428,2023-11-28 00:00:00+05:30,42.099998474121094,44.25,41.45000076293945,43.70000076293945,9681031,0.0,0.0,2023-11-28,41.62750072479248,1.2119441581766497,42.83944488296913,40.415556566615834,44.05138904114578,39.203612408439184,78.11025562329432,-32.983258586316445,-128009788,7937355.875079968,3783871.1852288675,49.88643542195933,65.92839114183647,43.13333384195963,44.81666692097981,42.016667683919266,45.93333307902018,40.333334604899086,47.61666615804036,39.21666844685872,-0.12886131522559868,-14.102539022381505,-0.9151568300770592,-1.4120394458445318,0.4968826157674726,51.13418718341208,24.511658619160492,42.36000061035156,41.62750072479248,46.771000442504885,,NSLNISP.NS,2025-08-22 11:22:24.293755
429,2023-11-24 00:00:00+05:30,42.0,42.5,41.5,41.75,2490591,0.0,0.0,2023-11-24,41.455000686645505,1.145115273069003,42.60011595971451,40.3098854135765,43.74523123278351,39.1647701405075,-48.0447392489588,-52.3159398370123,-137690819,1950885.0982815605,2745500.0127660916,50.00190937604897,62.51934179536533,41.916666666666664,42.33333333333333,41.33333333333333,42.916666666666664,40.916666666666664,43.33333333333333,40.33333333333333,-0.2453543583455128,-62.162128724355185,-1.118385259364338,-1.5362600997863998,0.4178748404220618,38.53821200000017,26.098793825821385,42.150000762939456,41.455000686645505,46.97600044250488,,NSLNISP.NS,2025-08-22 11:22:24.293755
430,2023-11-23 00:00:00+05:30,41.54999923706055,42.29999923706055,41.54999923706055,41.900001525878906,1839508,0.0,0.0,2023-11-23,41.42250061035156,1.1455260262736895,42.568026636625255,40.27697458407787,43.71355266289894,39.131448557804184,-35.48925191158789,-54.67287049441964,-135200228,1446067.337901093,2944153.7413872243,50.04172645321078,64.86947083607834,41.916666666666664,42.28333409627278,41.53333409627278,42.666666666666664,41.166666666666664,43.03333409627278,40.78333409627278,-0.19063658705703782,-55.84411852714975,-1.1695884723386456,-1.640728809891915,0.47114033755326945,39.26108318088733,26.714294171120528,42.37000045776367,41.42250061035156,47.28100044250488,,NSLNISP.NS,2025-08-22 11:22:24.293755
431,2023-11-22 00:00:00+05:30,42.650001525878906,42.900001525878906,41.400001525878906,41.95000076293945,3238695,0.0,0.0,2023-11-22,41.37750053405762,1.1434566055012905,42.52095713955891,40.234043928556325,43.6644137450602,39.09058732305503,-16.828393266400717,-54.93888677228498,-133360720,2549029.2620203216,3318675.3422587565,50.07084576624432,69.4159931966917,42.083334604899086,42.766667683919266,41.266667683919266,43.583334604899086,40.583334604899086,44.266667683919266,39.766667683919266,-0.21641980096824953,-42.85713173557129,-1.2321959411599082,-1.758513894280232,0.5263179531203239,39.49035700310875,27.151245833754324,42.62000045776367,41.37750053405762,47.591000442504885,,NSLNISP.NS,2025-08-22 11:22:24.293755
432,2023-11-21 00:00:00+05:30,42.650001525878906,43.25,42.400001525878906,42.5,2773817,0.0,0.0,2023-11-21,41.33750057220459,1.1363460951736999,42.47384666737829,40.20115447703089,43.61019276255199,39.06480838185719,46.0137176232845,-49.063387239099725,-130122025,2211767.8083948386,3511086.862318365,50.122306702844334,68.03656035264943,42.71666717529297,43.03333282470703,42.18333435058594,43.56666564941406,41.866668701171875,43.883331298828125,41.333335876464844,-0.26675703121933003,-31.632652266826522,-1.2986070050255236,-1.890093382560313,0.5914863775347894,41.99531862411005,27.621809162744565,42.89000015258789,41.33750057220459,47.89100044250488,,NSLNISP.NS,2025-08-22 11:22:24.293755
433,2023-11-20 00:00:00+05:30,43.04999923706055,43.29999923706055,42.5,42.650001525878906,2242029,0.0,0.0,2023-11-20,41.407500648498534,1.2492391898702901,42.65673983836882,40.158261458628246,43.905979028239116,38.90902226875795,66.6666884493827,-50.354670608306236,-127348208,1794043.933204721,3835916.625799246,50.163901030358815,64.41735797690896,42.81666692097982,43.13333384195964,42.33333460489909,43.61666615804037,42.01666768391927,43.93333307902019,41.533335367838546,-0.33101973140050395,-28.57139520671387,-1.4181240191544973,-2.0379649769440102,0.619840957789513,42.68094566230833,28.85794902865169,42.87000045776367,41.407500648498534,48.186000442504884,,NSLNISP.NS,2025-08-22 11:22:24.293755
434,2023-11-17 00:00:00+05:30,43.0,43.29999923706055,42.599998474121094,42.849998474121094,3169465,0.0,0.0,2023-11-17,41.767500495910646,2.257051357987414,44.02455185389806,39.51044913792323,46.281603211885475,37.25339777993582,91.7224955626933,-51.888097746950365,-125106179,2548059.5189079796,4346384.798947877,50.19718968820863,60.038745963155684,42.916665395100914,43.233332316080734,42.53333155314128,43.61666615804037,42.21666463216146,43.93333307902019,41.83333079020183,-0.328295733182465,-24.489822927898295,-1.5644281645023241,-2.1929252163913886,0.6284970518890645,43.56147469933151,30.26589137076776,42.42000045776367,41.767500495910646,48.48800041198731,,NSLNISP.NS,2025-08-22 11:22:24.293755
435,2023-11-16 00:00:00+05:30,43.650001525878906,44.04999923706055,43.04999923706055,43.150001525878906,4759215,0.0,0.0,2023-11-16,42.16250057220459,3.019099988598513,45.181600560803105,39.14340058360608,48.20070054940162,36.12430059500757,152.6103783949074,-48.42972752901423,-121936714,3852910.6463700426,4795966.118957851,50.243494431128326,65.86523957522503,43.416666666666664,43.78333409627278,42.78333409627278,44.416666666666664,42.416666666666664,44.78333409627278,41.78333409627278,-0.3395469252911556,-18.367308807672995,-1.7477350172441888,-2.3500494793636544,0.6023144621194656,44.85026188055048,31.85493757323289,42.040000915527344,42.16250057220459,48.77200042724609,,NSLNISP.NS,2025-08-22 11:22:24.293755
436,2023-11-15 00:00:00+05:30,42.5,43.5,41.75,43.29999923706055,8222700,0.0,0.0,2023-11-15,42.595000457763675,3.7088048113373024,46.30380526910098,38.88619564642637,50.01261008043828,35.17739083508907,150.92379380585717,-58.89661988587965,-117177499,6679979.527635979,5031729.987104803,50.311265318283176,59.127061482101375,42.84999974568685,43.9499994913737,42.1999994913737,44.59999974568685,41.09999974568685,45.6999994913737,40.4499994913737,-0.3356500665603777,-4.597720301036721,-1.9854882577876651,-2.5006280948935204,0.5151398371058553,45.474910534459625,33.887865759685944,41.74000091552735,42.595000457763675,49.05800041198731,,NSLNISP.NS,2025-08-22 11:22:24.293755
437,2023-11-13 00:00:00+05:30,41.599998474121094,42.900001525878906,40.95000076293945,42.400001525878906,8666186,0.0,0.0,2023-11-13,43.03750057220459,4.281135637277891,47.318636209482484,38.7563649349267,51.599771846760376,34.47522929764881,128.17686086423848,-72.52787554965127,-125400199,6893926.920885539,4619667.601972009,50.42894113692006,45.88932153692448,42.083334604899086,43.21666844685872,41.266667683919266,44.03333536783854,40.13333384195963,45.16666920979817,39.31666692097981,-0.38941560482824045,-14.47366703910166,-2.2745737985576113,-2.6294130541699845,0.3548392556123732,40.88808271294811,35.627819617623565,41.42000122070313,43.03750057220459,49.32000045776367,,NSLNISP.NS,2025-08-22 11:22:24.293755
438,2023-11-10 00:00:00+05:30,40.54999923706055,41.5,40.349998474121094,40.400001525878906,4598900,0.0,0.0,2023-11-10,43.527500534057616,4.7405159057986825,48.2680164398563,38.786984628258935,53.008532345654984,34.04646872246025,-6.077674517595527,-94.5914478335735,-134066385,3485845.5849315873,4051102.7722436264,50.573522908729466,34.01834088792987,40.75,41.150001525878906,40.0,41.900001525878906,39.599998474121094,42.30000305175781,38.849998474121094,-0.4423074773269646,-76.41509094455516,-2.521591514827641,-2.7181228680730776,0.1965313532454367,28.47164233112278,36.99263769807721,41.140000915527345,43.527500534057616,49.568000411987306,,NSLNISP.NS,2025-08-22 11:22:24.293755
439,2023-11-09 00:00:00+05:30,41.650001525878906,41.79999923706055,40.79999923706055,40.95000076293945,3541937,0.0,0.0,2023-11-09,44.110000419616696,5.04215358005557,49.152153999672265,39.06784683956113,54.194307579727834,34.02569325950556,53.56716229189837,-95.71395163852685,-129467485,2721244.370139365,4192417.069071636,50.67168023909586,21.529540296534307,41.18333307902018,41.56666692097981,40.56666692097981,42.18333307902018,40.18333307902018,42.56666692097981,39.56666692097981,-0.3981573489097224,-80.00000847710504,-2.602673416494156,-2.7672557063844363,0.16458228989028045,30.08535108962282,37.121270570823654,41.20000076293945,44.110000419616696,49.83400039672851,,NSLNISP.NS,2025-08-22 11:22:24.293755
440,2023-11-08 00:00:00+05:30,42.0,42.20000076293945,41.400001525878906,41.650001525878906,3485545,0.0,0.0,2023-11-08,44.64500045776367,5.252490435915874,49.897490893679546,39.3925100218478,55.14998132959542,34.140019585931924,150.82392616526099,-95.3876980326876,-125925548,2723695.2466516723,4560210.2438047035,50.744461374420254,21.418533289678123,41.75000127156576,42.10000101725261,41.30000178019206,42.550000508626304,40.95000203450521,42.900000254313156,40.500002543131515,-0.40019527373420793,-78.26086956521739,-2.7212149667247587,-2.8084012788570063,0.08718631213224759,32.24522669059171,37.48957164640421,41.01000061035156,44.64500045776367,50.091000366210935,,NSLNISP.NS,2025-08-22 11:22:24.293755
441,2023-11-07 00:00:00+05:30,41.20000076293945,42.400001525878906,40.79999923706055,41.70000076293945,5987336,0.0,0.0,2023-11-07,45.187500381469725,5.482168873867769,50.669669255337496,39.705331507601954,56.15183812920526,34.22316263373419,149.97267490182023,-104.77482081007592,-122440003,4684276.160258798,5019338.993092961,50.811960121944786,18.536558644658726,41.63333384195963,42.46666844685872,40.86666615804036,43.23333613077799,40.033331553141274,44.06667073567708,39.266663869222,-0.38112971578423227,-80.45977481884572,-2.900693011980337,-2.830197856890068,-0.07049515509026927,32.3995030152051,38.2018729413936,40.560000610351565,45.187500381469725,50.31400032043457,,NSLNISP.NS,2025-08-22 11:22:24.293755
442,2023-11-06 00:00:00+05:30,41.0,41.29999923706055,40.650001525878906,41.0,4344946,0.0,0.0,2023-11-06,45.68250026702881,5.5964571318094025,51.27895739883821,40.086043135219406,56.87541453064761,34.489586003410004,32.709066090832735,-123.41644897447799,-128427339,3342266.2016875558,5103104.701301501,50.92963019022006,14.367476510714766,40.983333587646484,41.31666564941406,40.66666793823242,41.633331298828125,40.333335876464844,41.9666633605957,40.01667022705078,-0.366616595772772,-86.39706851701945,-3.0914535703592705,-2.8125740681175,-0.27887950224177027,27.916015261713625,38.968966643689875,40.25000076293945,45.68250026702881,50.541000289916994,,NSLNISP.NS,2025-08-22 11:22:24.293755
443,2023-11-03 00:00:00+05:30,40.400001525878906,41.099998474121094,40.20000076293945,40.70000076293945,3937694,0.0,0.0,2023-11-03,46.21750030517578,5.636564457496022,51.854064762671804,40.58093584767976,57.490629220167826,34.94437139018374,-33.36776664294172,-140.67418104203034,-132772285,3006832.103156715,5543314.326204987,51.02356513857781,10.944422727388684,40.666666666666664,41.133332570393875,40.233334859212235,41.566664377848305,39.766668955485024,42.033330281575516,39.333337148030594,-0.35785505895473435,-88.68613443553049,-3.219905216625243,-2.7428541925570573,-0.47705102406818556,25.961855083514493,38.74917847749038,40.140000915527345,46.21750030517578,50.80000030517578,,NSLNISP.NS,2025-08-22 11:22:24.293755
444,2023-11-02 00:00:00+05:30,39.95000076293945,40.400001525878906,39.150001525878906,40.0,5135298,0.0,0.0,2023-11-02,46.72750034332275,5.572145644050703,52.29964598737345,41.15535469927205,57.87179163142416,35.583209055221346,-69.75654293617264,-168.82411762131963,-136709979,3853882.23152493,6177434.881967056,51.11283827615993,17.504897764707664,39.8500010172526,40.5500005086263,39.3000005086263,41.1000010172526,38.6000010172526,41.8000005086263,38.0500005086263,-0.332352239079271,-94.13794155778557,-3.3060304265033693,-2.6235914365400106,-0.6824389899633587,21.341683304066876,38.313621405233334,40.050000762939455,46.72750034332275,51.052000274658205,,NSLNISP.NS,2025-08-22 11:22:24.293755
445,2023-11-01 00:00:00+05:30,40.5,40.54999923706055,39.25,39.400001525878906,4798488,0.0,0.0,2023-11-01,47.22750034332275,5.382121121802485,52.60962146512524,41.84537922152027,57.99174258692772,36.463258099717784,-70.96029790667617,-191.39214066690005,-141845277,3547100.135612274,6758323.044577586,51.2395933680845,14.069178648237482,39.733333587646484,40.21666717529297,38.91666793823242,41.03333282470703,38.43333435058594,41.516666412353516,37.616668701171875,-0.3610490951071927,-98.95832284733213,-3.297265954519901,-2.452981689049171,-0.8442842654707299,17.230752883250275,37.145042889161076,40.27000045776367,47.22750034332275,,,NSLNISP.NS,2025-08-22 11:22:24.293755
446,2023-10-31 00:00:00+05:30,40.79999923706055,41.650001525878906,40.0,40.150001525878906,6704258,0.0,0.0,2023-10-31,47.79000034332275,5.101563120790632,52.89156346411338,42.68843722253212,57.99312658490402,37.586874101741486,-63.27033091516839,-200.1006601046924,-137046789,5050205.86834685,7561128.771818914,51.36714014971718,13.9648424304132,40.6000010172526,41.200002034505204,39.5500005086263,42.25000254313151,38.949999491373696,42.85000356038411,37.89999898274739,-0.36714547654167734,-96.77418825570994,-3.176995440597018,-2.2419106226814884,-0.9350848179155298,18.343517822912148,35.916700810316335,40.59000015258789,47.79000034332275,,,NSLNISP.NS,2025-08-22 11:22:24.293755
447,2023-10-30 00:00:00+05:30,41.0,41.75,40.150001525878906,40.45000076293945,7520812,0.0,0.0,2023-10-30,48.35500030517578,4.829375579317098,53.18437588449288,43.52562472585868,58.013751463809974,38.69624914654158,-69.95318660527735,-219.97578811905774,-130342531,5707633.311303993,8188859.49768693,51.53855467993087,17.325948801120404,40.78333409627279,41.41666666666667,39.81666819254558,42.38333257039388,39.183335622151695,43.016665140787765,38.216669718424484,-0.3325883250290786,-94.62365620801611,-3.048740078974589,-2.0081394182026058,-1.0406006607719833,18.794336059430805,34.818641315235446,40.79000015258789,48.35500030517578,,,NSLNISP.NS,2025-08-22 11:22:24.293755
448,2023-10-27 00:00:00+05:30,41.599998474121094,42.349998474121094,39.900001525878906,40.25,6531642,0.0,0.0,2023-10-27,48.86750030517578,4.477378142690078,53.34487844786586,44.3901221624857,57.82225659055594,39.912744019795625,-82.50780259995783,-245.48886472575938,-137863343,4932431.412066539,8809166.044282664,51.731958037873696,17.48333836785784,40.833333333333336,41.766665140787765,39.31666819254558,43.28333028157552,38.38333638509115,44.21666208902995,36.86667124430339,-0.32809061701065995,-96.0573533549782,-2.8678866987446483,-1.7479892530096095,-1.1198974457350388,17.53978784923528,33.68097996912149,41.48000030517578,48.86750030517578,,,NSLNISP.NS,2025-08-22 11:22:24.293755
449,2023-10-26 00:00:00+05:30,40.54999923706055,41.45000076293945,39.70000076293945,41.099998474121094,5530213,0.0,0.0,2023-10-26,49.42500038146973,4.018558983948177,53.443559365417904,45.406441397521554,57.46211834936608,41.38788241357338,-105.73079903201165,-276.6967482859989,-131331701,4264385.536867403,9778349.702336695,51.908558400315904,16.60350171578513,40.75,41.79999923706055,40.04999923706055,42.5,39.0,43.54999923706055,38.29999923706055,-0.31860623643212754,-89.96417466226258,-2.573189694391907,-1.4680148915758497,-1.105174802816057,18.678593046517875,32.45580621176799,43.4,49.42500038146973,,,NSLNISP.NS,2025-08-22 11:22:24.293755
450,2023-10-25 00:00:00+05:30,41.5,42.95000076293945,40.150001525878906,41.0,12617603,0.0,0.0,2023-10-25,49.962500381469724,3.5364593044898656,53.49895968595959,46.42604107697986,57.03541899044946,42.88958177248999,-135.95363403552253,-291.5073129480031,-136861914,9705848.60046857,11156840.743704015,52.05117028308524,21.26138874429533,41.36666742960612,42.58333333333333,39.78333409627278,44.166666666666664,38.56666819254557,45.383332570393875,36.983334859212235,-0.3649965241795258,-93.70371500651042,-2.2406124749917353,-1.1917211908718353,-1.0488912841199,18.09767115042216,30.394278614741673,45.33000030517578,49.962500381469724,,,NSLNISP.NS,2025-08-22 11:22:24.293755
451,2023-10-23 00:00:00+05:30,43.900001525878906,44.45000076293945,40.650001525878906,41.150001525878906,11543455,0.0,0.0,2023-10-23,50.51250038146973,2.859879786225951,53.37238016769568,47.652620595243775,56.23225995392163,44.79274080901783,-199.42136295671565,-309.0110777392345,-124244311,8912067.498373028,11519588.779512877,52.39417961846899,21.88685299345633,42.083334604899086,43.516667683919266,39.71666844685872,45.88333384195963,38.28333536783854,47.31666692097981,35.91666920979817,-0.34750588271723465,-96.15384615384616,-1.7710158447478932,-0.9294983698418602,-0.841517474906033,18.27955115891315,28.2709035183535,47.49000015258789,50.51250038146973,,,NSLNISP.NS,2025-08-22 11:22:24.293755
452,2023-10-20 00:00:00+05:30,48.0,48.150001525878906,42.5,43.900001525878906,49967612,0.0,0.0,2023-10-20,51.025000381469724,1.8249366809779908,52.849937062447715,49.20006370049173,54.67487374342571,47.37512701951374,-285.384958274935,-266.43448050191483,-112700856,41155314.71751479,12171469.09979784,52.72280040478091,22.542125714494247,44.8500010172526,47.200002034505204,41.5500005086263,50.50000254313151,39.199999491373696,52.85000356038411,35.89999898274739,-0.32437454868499443,-87.44393422162739,-1.157729160170021,-0.719119001115352,-0.43861015905466905,22.052457438617196,26.09045819201001,49.69000015258789,51.025000381469724,,,NSLNISP.NS,2025-08-22 11:22:24.293755
453,2023-10-19 00:00:00+05:30,50.25,50.650001525878906,49.5,49.849998474121094,3497215,0.0,0.0,2023-10-19,51.42500038146973,0.7282821247922814,52.15328250626201,50.69671825667745,52.88156463105429,49.96843613188517,-196.96965041170014,-120.8534791459639,-62733244,3270847.3716535065,4925507.695368601,54.00061500964419,39.18718928657175,50.0,50.5,49.349998474121094,51.150001525878906,48.849998474121094,51.650001525878906,48.19999694824219,-0.25797950540553277,-91.56630492932241,-0.6258283418821406,-0.6094664613516847,-0.016361880530455952,37.675714298486156,24.16743817978049,51.35,51.42500038146973,,,NSLNISP.NS,2025-08-22 11:22:24.293755
454,2023-10-18 00:00:00+05:30,52.0,52.20000076293945,50.5,50.75,4588372,0.0,0.0,2023-10-18,51.57500038146973,0.6950005970635624,52.27000097853329,50.879999784406166,52.96500157559685,50.184999187342605,-82.78142338132507,-86.0648042022331,-59236029,4368853.327076371,5339172.776297375,54.043119281549394,39.48838590771196,51.15000025431315,51.8000005086263,50.099999745686844,52.8500010172526,49.449999491373696,53.50000127156575,48.39999898274739,-0.28171573235615577,-74.3589843910474,-0.5213364127361757,-0.6053759912190706,0.0840395784828949,41.8390055535537,25.1452551260378,51.79000015258789,51.57500038146973,,,NSLNISP.NS,2025-08-22 11:22:24.293755
455,2023-10-17 00:00:00+05:30,52.5,52.75,51.70000076293945,51.79999923706055,3298583,0.0,0.0,2023-10-17,51.72500038146973,0.8200606036538461,52.54506098512357,50.90493977781588,53.36512158877742,50.08487917416203,43.59524405515214,,-54647657,3205752.33262994,5581752.638602626,54.087966784636336,40.6752798541688,52.083333333333336,52.46666590372722,51.41666666666667,53.13333257039388,51.03333409627279,53.516665140787765,50.366667429606125,-0.27759248967566724,-47.435937564189594,-0.4682925565640943,-0.6263858858397943,0.15809332927569997,47.52876544216529,27.01862033090587,51.970000457763675,51.72500038146973,,,NSLNISP.NS,2025-08-22 11:22:24.293755
456,2023-10-16 00:00:00+05:30,52.5,52.849998474121094,51.75,52.150001525878906,5997189,0.0,0.0,2023-10-16,51.84250049591064,0.9834517263675354,52.825952222278175,50.85904876954311,53.80940394864571,49.875597043175574,70.24125856747031,,-51349074,5867793.995830313,6175752.715095797,54.110588332695094,46.11069911287508,52.25,52.75,51.650001525878906,53.349998474121094,51.150001525878906,53.849998474121094,50.55000305175781,-0.314242364738334,-38.4615234134289,-0.4966940207730133,-0.6659092181587192,0.1692151973857059,49.61729051055331,27.97492792639588,52.11000061035156,51.84250049591064,,,NSLNISP.NS,2025-08-22 11:22:24.293755
457,2023-10-13 00:00:00+05:30,52.0,53.650001525878906,51.70000076293945,52.20000076293945,11786516,0.0,0.0,2023-10-13,51.9975004196167,1.24419420390892,53.24169462352562,50.75330621570778,54.485888827434536,49.50911201179886,117.00294622048277,,-45351885,11543267.41086702,6252742.3949121665,54.146476951932705,53.88004126424419,52.51666768391927,53.33333460489909,51.38333384195964,54.466668446858726,50.56666692097982,55.283335367838546,49.43333307902019,-0.2982248644482096,-37.1794921955237,-0.5600007568669412,-0.7082130175051456,0.14821226063820447,49.908209738882206,28.951616853038306,52.0,51.9975004196167,,,NSLNISP.NS,2025-08-22 11:22:24.293755
458,2023-10-12 00:00:00+05:30,52.0,52.29999923706055,51.20000076293945,52.04999923706055,5230063,0.0,0.0,2023-10-12,52.09250030517578,1.330044661671864,53.422544966847646,50.76245564350392,54.75258962851951,49.43241098183206,66.93798804307323,,-57138401,5107406.736518212,4930111.1409234535,54.21911588728097,41.75839954477581,51.84999974568685,52.49999872843425,51.400000254313156,52.949998219807945,50.75000127156576,53.59999720255534,50.30000178019206,-0.250595516316431,-40.25973639936032,-0.6374918702603409,-0.7452660826646967,0.10777421240435581,49.07645636541858,30.003435697114767,51.9,52.09250030517578,,,NSLNISP.NS,2025-08-22 11:22:24.293755
459,2023-10-11 00:00:00+05:30,53.04999923706055,53.400001525878906,51.349998474121094,51.650001525878906,4559354,0.0,0.0,2023-10-11,52.187500381469725,1.3932045332647374,53.58070491473446,50.79429584820499,54.9739094479992,49.40109131494025,111.50235321946629,,-62368464,4418210.964875226,4885787.242024764,54.25563973918259,41.94083440888862,52.13333384195963,52.91666920979817,50.86666615804036,54.183336893717446,50.08333079020182,54.966672261555985,48.81666310628255,-0.301085597559703,-50.649291456858236,-0.7122721322795726,-0.7722096357657856,0.05993750348621296,46.892898710115745,32.20117708498617,51.67000045776367,52.187500381469725,,,NSLNISP.NS,2025-08-22 11:22:24.293755
460,2023-10-10 00:00:00+05:30,52.099998474121094,52.79999923706055,51.70000076293945,52.5,3837016,0.0,0.0,2023-10-10,52.45500030517578,1.7519835665778294,54.20698387175361,50.70301673859795,55.95896743833144,48.95103317202012,128.03530715012914,,-57809110,3779424.819577341,5002681.311312149,54.29445712984373,41.14082647431863,52.333333333333336,52.96666590372722,51.866667429606125,53.43333180745443,51.23333485921224,54.06666437784831,50.76666895548503,-0.31159310213501673,-39.560429425992766,-0.7578278123654059,-0.7871940116373388,0.029366199271932958,51.2272198293834,34.434165868947545,51.34000015258789,52.45500030517578,,,NSLNISP.NS,2025-08-22 11:22:24.293755
461,2023-10-09 00:00:00+05:30,51.5,51.79999923706055,50.29999923706055,51.599998474121094,4884927,0.0,0.0,2023-10-09,52.70000038146973,2.07199361518724,54.77199399665697,50.62800676628249,56.843987611844206,48.55601315109525,-14.030146768182018,,-61646126,4729122.501955479,5308495.434245851,54.317240338578436,30.081473108191915,51.23333231608073,52.16666539510091,50.66666539510091,52.73333231608073,49.73333231608073,53.66666539510091,49.16666539510091,-0.33365573214223515,-61.45835899644836,-0.8883826189816801,-0.794535561455322,-0.09384705752635814,46.35184889389185,36.82024245902277,50.970000457763675,52.70000038146973,,,NSLNISP.NS,2025-08-22 11:22:24.293755
462,2023-10-06 00:00:00+05:30,51.25,51.900001525878906,51.099998474121094,51.70000076293945,3900689,0.0,0.0,2023-10-06,52.96750049591064,2.2593823807678675,55.22688287667851,50.708118115142774,57.48626525744638,48.44873573437491,25.396810568074752,,-56761199,3783595.256334777,5453338.667318444,54.361883178535805,17.920464105117958,51.56666692097982,52.033335367838546,51.233332316080734,52.36666997273763,50.76666386922201,52.83333841959636,50.43332926432292,-0.35357190833717916,-74.34209007305147,-0.9534354768889699,-0.7710737970737325,-0.18236167981523743,46.83487693376261,38.45372254742767,50.94000091552734,52.96750049591064,,,NSLNISP.NS,2025-08-22 11:22:24.293755
463,2023-10-05 00:00:00+05:30,50.349998474121094,51.099998474121094,49.900001525878906,50.900001525878906,5982154,0.0,0.0,2023-10-05,53.24500045776367,2.429906733761783,55.674907191525456,50.81509372400189,58.10481392528724,48.38518699024011,-97.22217428621988,,-60661888,5712788.969728979,5870774.52006436,54.39726913384248,22.723095380201173,50.63333384195963,51.36666615804036,50.16666920979817,51.83333079020182,49.433336893717446,52.56666310628255,48.966672261555985,-0.36657803438400643,-84.86839793725223,-1.0321255661858828,-0.7254833771199231,-0.30664218906595975,42.37390183932513,40.83488300296427,50.74000091552735,53.24500045776367,,,NSLNISP.NS,2025-08-22 11:22:24.293755
464,2023-10-04 00:00:00+05:30,50.650001525878906,50.79999923706055,49.75,50.0,6855130,0.0,0.0,2023-10-04,53.587500381469724,2.561191795887139,56.148692177356864,51.02630858558258,58.709883973244004,48.46511678969544,-167.21316897476711,,-66644042,6430703.656777439,5910270.907648206,54.47005260272491,17.98382597378614,50.18333307902018,50.61666615804036,49.56666692097981,51.23333231608073,49.13333384195963,51.66666539510091,48.516667683919266,-0.37691798696006523,-96.71052565535007,-1.038446656163302,-0.648822829853433,-0.3896238263098689,36.83746477253383,42.59184638010939,50.84000091552734,53.587500381469724,,,NSLNISP.NS,2025-08-22 11:22:24.293755
465,2023-10-03 00:00:00+05:30,51.75,52.599998474121094,50.5,50.650001525878906,6048065,0.0,0.0,2023-10-03,53.94000034332275,2.526366016809071,56.46636636013182,51.41363432651368,58.99273237694089,48.88726830970461,-80.05759281715908,,-59788912,5747364.087495415,5780162.720365897,54.57926134902149,17.580266354880393,51.25,52.0,49.900001525878906,53.349998474121094,49.150001525878906,54.099998474121094,47.80000305175781,-0.37309475957896276,-97.91664569466424,-0.9421690126589937,-0.5514168732759657,-0.390752139383028,39.374411779921246,44.16451801293558,51.210000610351564,53.94000034332275,,,NSLNISP.NS,2025-08-22 11:22:24.293755
466,2023-09-29 00:00:00+05:30,51.0,51.650001525878906,50.849998474121094,51.45000076293945,3182393,0.0,0.0,2023-09-29,54.28000030517578,2.5178519563999417,56.79785226157573,51.76214834877584,59.315704217975664,49.2442963923759,-80.66643960456804,,-53740847,3071934.7959038164,5788362.378583516,54.665821861113606,17.397034996616497,51.31666692097982,51.783335367838546,50.983332316080734,52.11666997273763,50.51666386922201,52.58333841959636,50.18332926432292,-0.3691723135536188,-88.66663614908855,-0.868644467650519,-0.45372883843020867,-0.4149156292203103,42.73821001113927,46.39098280247156,51.48000030517578,54.28000030517578,,,NSLNISP.NS,2025-08-22 11:22:24.293755
467,2023-09-28 00:00:00+05:30,51.75,51.900001525878906,50.599998474121094,50.70000076293945,2857337,0.0,0.0,2023-09-28,54.52750034332276,2.4678178449547303,56.99531818827749,52.059682498368026,59.46313603323222,49.591864653413296,-100.01886923485074,,-56923240,2717954.78712214,6467469.274253441,54.70353580219634,20.067376667395436,51.06666692097982,51.533335367838546,50.233332316080734,52.36666997273763,49.76666386922201,52.83333841959636,48.93332926432292,-0.32938838177212554,-98.69278079906174,-0.8401372937115212,-0.3499999311251311,-0.4901373625863901,38.13744210230072,47.75281886459686,51.470000457763675,54.52750034332276,,,NSLNISP.NS,2025-08-22 11:22:24.293755
468,2023-09-27 00:00:00+05:30,51.95000076293945,52.45000076293945,51.25,51.400001525878906,2413994,0.0,0.0,2023-09-27,54.73250026702881,2.2975544966508177,57.03005476367963,52.43494577037799,59.32760926033045,50.137391273727175,-85.4830365355114,,-54065903,2327941.783481072,7404847.896036265,54.74614060715592,19.225815820654773,51.70000076293945,52.150001525878906,50.95000076293945,52.900001525878906,50.5,53.35000228881836,49.75,-0.28654033462313416,-96.47887248270223,-0.7170464832333749,-0.22746559047853354,-0.4895808927548414,40.9918428174986,49.219411546885645,51.710000610351564,54.73250026702881,,,NSLNISP.NS,2025-08-22 11:22:24.293755
469,2023-09-26 00:00:00+05:30,52.29999923706055,53.599998474121094,51.70000076293945,51.849998474121094,4233505,0.0,0.0,2023-09-26,54.847500228881835,2.1763366634176626,57.0238368922995,52.67116356546417,59.20017355571716,50.49482690204651,-63.068520095108006,,-51651909,4118334.5390661145,8674074.424175063,54.776497400380386,18.48136446463532,52.38333257039388,53.06666437784831,51.16666666666667,54.28333028157552,50.48333485921224,54.96666208902995,49.26666895548503,-0.2868811634696039,-90.14088593407986,-0.6175280739980877,-0.1050703672898232,-0.5124577067082645,42.90892534186397,51.20508022762373,52.0,54.847500228881835,,,NSLNISP.NS,2025-08-22 11:22:24.293755
470,2023-09-25 00:00:00+05:30,51.75,52.5,51.400001525878906,52.0,4969536,0.0,0.0,2023-09-25,54.94500026702881,2.0763644922325963,57.02136475926141,52.86863577479621,59.097729251494,50.79227128256362,-98.46204041661358,,-47418404,4848327.8742773095,9813009.3954523,54.823811375378355,20.58296096552465,51.96666717529297,52.53333282470703,51.43333435058594,53.06666564941406,50.866668701171875,53.633331298828125,50.333335876464844,-0.28169392244730734,-88.11190564730099,-0.5250757483798196,0.023044059387242938,-0.5481198077670626,43.53918236885893,53.63802490127126,52.380000305175784,54.94500026702881,,,NSLNISP.NS,2025-08-22 11:22:24.293755
471,2023-09-22 00:00:00+05:30,52.0,52.650001525878906,51.150001525878906,51.400001525878906,3798179,0.0,0.0,2023-09-22,54.98500022888184,2.023682202717071,57.008682431598906,52.96131802616477,59.03236463431598,50.93763582344769,-122.79132769454762,,-52387940,3662784.4125711806,11054179.775746047,54.87843919807045,16.058336425297753,51.73333485921224,52.31666819254558,50.81666819254558,53.23333485921224,50.23333485921224,53.81666819254558,49.31666819254558,-0.3029532710989541,-97.07602313089856,-0.41352594012359134,0.1600740113290086,-0.5735999514525999,40.28113882815594,55.08082974034759,52.810000610351565,54.98500022888184,,,NSLNISP.NS,2025-08-22 11:22:24.293755
472,2023-09-21 00:00:00+05:30,52.0,53.099998474121094,51.79999923706055,51.900001525878906,4919682,0.0,0.0,2023-09-21,55.06750011444092,1.8996729913849848,56.9671731058259,53.167827123055936,58.86684609721089,51.26815413167095,-128.60033919028027,,-48589761,4790459.792901871,12902028.616539763,54.93064169212512,24.443282942944947,52.266666412353516,52.733333587646484,51.43333435058594,53.56666564941406,50.96666717529297,54.03333282470703,50.13333511352539,-0.30663721521235093,-98.74210969532808,-0.20535207922114296,0.30347399919215856,-0.5088260784133015,42.163851594767266,56.63461956704517,53.58000030517578,55.06750011444092,,,NSLNISP.NS,2025-08-22 11:22:24.293755
473,2023-09-20 00:00:00+05:30,53.5,54.29999923706055,52.650001525878906,52.849998474121094,5635821,0.0,0.0,2023-09-20,55.170000076293945,1.7706975232528293,56.94069759954677,53.39930255304112,58.7113951227996,51.62860502978829,-105.07582427204109,,-43670079,5588238.940223406,14929920.822449235,54.990721465244675,30.595863220434723,53.266666412353516,53.883331298828125,52.233333587646484,54.916664123535156,51.616668701171875,55.533329010009766,50.583335876464844,-0.26381243643328933,-95.17243483970906,0.015042516619438118,0.4306805187954839,-0.4156380021760458,45.95322345475358,58.657375792732246,54.01999969482422,55.170000076293945,,,NSLNISP.NS,2025-08-22 11:22:24.293755
474,2023-09-18 00:00:00+05:30,53.5,54.54999923706055,53.400001525878906,53.75,13692694,0.0,0.0,2023-09-18,55.19250011444092,1.7422972634236475,56.93479737786456,53.45020285101727,58.677094641288214,51.70790558759362,-96.99098685087935,,-38034258,13808298.556001795,17265341.29300569,55.04046664628099,34.7580993426878,53.90000025431315,54.39999898274739,53.25000127156575,55.04999796549479,52.75000254313151,55.54999669392903,52.10000356038411,-0.19567386253255986,-82.75862068965517,0.2034261631093699,0.5345900193394953,-0.33116385623012545,49.898216021852825,61.331669850300486,54.24000015258789,55.19250011444092,,,NSLNISP.NS,2025-08-22 11:22:24.293755
475,2023-09-15 00:00:00+05:30,57.0,57.349998474121094,52.849998474121094,54.150001525878906,51815483,0.0,0.0,2023-09-15,,,,,,,-79.48719002085835,,-24341564,52641810.95078174,18129601.977256663,55.117682701001264,40.93466211002918,54.78333282470703,56.71666717529297,52.21666717529297,59.28333282470703,50.28333282470703,61.21666717529297,47.71666717529297,,-77.24135826373923,0.35289558806508126,0.6173809833970267,-0.2644853953319455,51.73101137915582,64.69204949703486,54.89000015258789,,,,NSLNISP.NS,2025-08-22 11:22:24.293755
476,2023-09-14 00:00:00+05:30,54.45000076293945,56.25,54.349998474121094,55.25,10836060,0.0,0.0,2023-09-14,,,,,,,-77.24152956118212,,27473919,11232501.380294906,9501549.733875396,55.40092845955823,58.88714192403643,55.28333282470703,56.21666717529297,54.31666564941406,57.18333435058594,53.383331298828125,58.116668701171875,52.416664123535156,,-62.06896551724138,0.4995207532541528,0.6835023322300131,-0.18398157897586032,57.08529289082625,68.31091988582571,55.54000015258789,,,,NSLNISP.NS,2025-08-22 11:22:24.293755
477,2023-09-13 00:00:00+05:30,54.099998474121094,54.79999923706055,52.5,54.099998474121094,7634709,0.0,0.0,2023-09-13,,,,,,,-182.32735835959653,,16637859,7749301.147516063,9068811.822270518,55.410769635593894,52.43688657663343,53.79999923706055,55.099998474121094,52.79999923706055,56.099998474121094,51.5,57.39999771118164,50.5,,-76.87078501814966,0.5713437172456111,0.7294977269739781,-0.15815400972836702,52.291657079747836,73.25226784420528,55.880000305175784,,,,NSLNISP.NS,2025-08-22 11:22:24.293755
478,2023-09-12 00:00:00+05:30,57.349998474121094,57.70000076293945,53.25,53.95000076293945,9143639,0.0,0.0,2023-09-12,,,,,,,-126.82533738164102,,9003150,9255147.056044273,9398689.49095913,55.47388693739384,52.244532976034876,54.96666717529297,56.68333435058594,52.233333587646484,59.41666793823242,50.516666412353516,61.13333511352539,47.78333282470703,,-78.91157062796677,0.7678998787341698,0.7690362294060697,-0.0011363506718999883,51.63735597331716,77.18368205034189,56.51000061035156,,,,NSLNISP.NS,2025-08-22 11:22:24.293755
479,2023-09-11 00:00:00+05:30,57.900001525878906,58.099998474121094,56.900001525878906,57.0,6704550,0.0,0.0,2023-09-11,,,,,,,37.609462274603274,,18146789,7169969.145783347,9434575.099687845,55.56714739240139,58.86442810203924,57.333333333333336,57.766665140787765,56.56666819254558,58.53333028157552,56.13333638509115,58.96666208902995,55.36667124430339,,-37.1621544993314,1.022688983124013,0.7693203170740448,0.2533686660499681,69.68085106382979,81.96239854186135,57.27000045776367,,,,NSLNISP.NS,2025-08-22 11:22:24.293755
480,2023-09-08 00:00:00+05:30,57.04999923706055,58.25,57.04999923706055,57.400001525878906,6981174,0.0,0.0,2023-09-08,,,,,,,57.755773645465965,,24851339,7518187.692089085,10000726.588163968,55.4998285791466,62.02900362482131,57.56666692097982,58.08333460489909,56.88333384195964,58.76666768391927,56.36666615804037,59.283335367838546,55.68333307902019,,-27.976167229031656,1.0330222451986302,0.7059781505615528,0.3270440946370774,,84.86355895766715,57.28000030517578,,,,NSLNISP.NS,2025-08-22 11:22:24.293755
481,2023-09-07 00:00:00+05:30,56.150001525878906,58.20000076293945,55.95000076293945,56.95000076293945,8222398,0.0,0.0,2023-09-07,,,,,,,45.31162615633567,,17870165,8785470.526753731,10621361.312182687,55.40208905523259,,57.03333409627279,58.116667429606125,55.866667429606125,59.28333409627279,54.78333409627279,60.366667429606125,53.616667429606125,,,0.9912060100757927,0.6242171269022834,0.3669888831735093,,87.68414670017157,57.29000015258789,,,,NSLNISP.NS,2025-08-22 11:22:24.293755
482,2023-09-06 00:00:00+05:30,58.0,58.25,56.599998474121094,57.25,7584314,0.0,0.0,2023-09-06,,,,,,,68.50029954243358,,26092563,8146378.66257399,11080334.008539926,55.30226512722199,,57.36666615804037,58.13333384195964,56.483332316080734,59.01666768391927,55.71666463216146,59.783335367838546,54.83333079020183,,,0.9669685416083738,0.5324699061089061,0.43449863549946766,,90.75575499994292,57.18000030517578,,,,NSLNISP.NS,2025-08-22 11:22:24.293755
483,2023-09-05 00:00:00+05:30,57.79999923706055,58.29999923706055,56.900001525878906,57.75,7525016,0.0,0.0,2023-09-05,,,,,,,97.14362140392342,,33676877,8153277.302447597,11813822.845031409,55.179076584117134,,57.65000025431315,58.39999898274739,57.00000127156575,59.04999796549479,56.25000254313151,59.79999669392903,55.60000356038411,,,0.8917408193659853,0.42384524723403916,0.4678955721319461,,92.75637072246259,56.69000015258789,,,,NSLNISP.NS,2025-08-22 11:22:24.293755
484,2023-09-04 00:00:00+05:30,58.349998474121094,59.70000076293945,55.900001525878906,57.04999923706055,16813479,0.0,0.0,2023-09-04,,,,,,,127.33911712892677,,26151861,17996416.0947938,12728959.23067736,55.00694265227396,,57.550000508626304,59.1999994913737,55.400000254313156,61.34999974568685,53.75000127156576,62.99999872843425,51.60000101725261,,,0.7326728898379855,0.3068713542010526,0.4258015356369329,,94.25378051181718,55.880000305175784,,,,NSLNISP.NS,2025-08-22 11:22:24.293755
485,2023-09-01 00:00:00+05:30,57.0,59.75,56.70000076293945,57.45000076293945,16008487,0.0,0.0,2023-09-01,,,,,,,,,42965340,17254926.895459116,11412095.014648251,54.647537803515135,,57.96666717529297,59.233333587646484,56.18333435058594,61.016666412353516,54.91666793823242,62.28333282470703,53.13333511352539,,,0.586856102325136,0.20042097029181938,0.3864351320333166,,95.86637566958366,55.23000030517578,,,,NSLNISP.NS,2025-08-22 11:22:24.293755
486,2023-08-31 00:00:00+05:30,55.0,57.0,54.79999923706055,56.400001525878906,13261565,0.0,0.0,2023-08-31,,,,,,,,,26956853,14032876.115230342,9951387.044445533,54.083707854067505,,56.06666692097982,57.33333460489909,55.13333384195964,58.26666768391927,53.86666615804037,59.533335367838546,52.93333307902019,,,0.3518805786073571,0.10381218728349023,0.24806839132386688,,95.79870160240456,54.3,,,,NSLNISP.NS,2025-08-22 11:22:24.293755
487,2023-08-30 00:00:00+05:30,54.04999923706055,55.150001525878906,53.70000076293945,54.79999923706055,8941597,0.0,0.0,2023-08-30,,,,,,,,,13695288,9193236.694033505,8931014.77674933,53.620443998553895,,54.550000508626304,55.400000254313156,53.9499994913737,56.00000127156576,53.09999974568685,56.85000101725261,52.49999872843425,,,0.14911819539726423,0.04179508945252351,0.10732310594474072,,95.9162324327516,53.62999954223633,,,,NSLNISP.NS,2025-08-22 11:22:24.293755
488,2023-08-29 00:00:00+05:30,54.20000076293945,56.150001525878906,52.650001525878906,53.70000076293945,10519176,0.0,0.0,2023-08-29,,,,,,,,,4753691,10598119.46174893,8865459.297428284,53.43658595667758,,54.16666793823242,55.68333435058594,52.18333435058594,57.66666793823242,50.66666793823242,59.18333435058594,48.68333435058594,,,0.04483751813467762,0.014964312966338333,0.02987320516833929,,96.44188218337554,53.45999984741211,,,,NSLNISP.NS,2025-08-22 11:22:24.293755
489,2023-08-28 00:00:00+05:30,53.29999923706055,55.150001525878906,53.29999923706055,53.79999923706055,6948775,0.0,0.0,2023-08-28,,,,,,,,,15272867,7013960.507499674,8432294.256348122,53.377437089333824,,54.083333333333336,54.866667429606125,53.016665140787765,55.933335622151695,52.233331044514976,56.716669718424484,51.166662851969406,,,0.018980477755334846,0.007496011674253509,0.011484466081081337,,97.00796653020132,53.37999954223633,,,,NSLNISP.NS,2025-08-22 11:22:24.293755
490,2023-08-25 00:00:00+05:30,53.29999923706055,54.79999923706055,52.400001525878906,52.79999923706055,7592044,0.0,0.0,2023-08-25,,,,,,,,,8324092,7520824.074027459,8786877.693560233,53.303841349002795,,53.333333333333336,54.266665140787765,51.866667429606125,55.733331044514976,50.933335622151695,56.666662851969406,49.466669718424484,,,-0.02426028696582705,0.0046248951539831756,-0.028885182119810227,,98.23085879629566,,,,,NSLNISP.NS,2025-08-22 11:22:24.293755
491,2023-08-24 00:00:00+05:30,54.099998474121094,54.900001525878906,52.54999923706055,53.04999923706055,8194682,0.0,0.0,2023-08-24,,,,,,,,,15916136,8156245.404703101,9103391.098443426,53.42224816774631,,53.5,54.45000076293945,52.099998474121094,55.85000228881836,51.14999771118164,56.80000305175781,49.749996185302734,,,0.019230859519446142,0.01184619068393573,0.007384668835510411,,100.0,,,,,NSLNISP.NS,2025-08-22 11:22:24.293755
492,2023-08-23 00:00:00+05:30,53.29999923706055,54.5,52.349998474121094,53.95000076293945,9227645,0.0,0.0,2023-08-23,,,,,,,,,24110818,9340177.521878507,9340177.521878507,53.548766546832816,,53.59999974568685,54.85000101725261,52.6999994913737,55.75000127156576,51.449998219807945,57.000002543131515,50.549997965494796,,,0.05000011737529064,0.010000023475058128,0.040000093900232514,,100.0,,,,,NSLNISP.NS,2025-08-22 11:22:24.293755
493,2023-08-22 00:00:00+05:30,52.75,53.70000076293945,51.349998474121094,53.29999923706055,14883173,0.0,0.0,2023-08-22,,,,,,,,,14883173,,,53.29999923706055,,52.78333282470703,54.21666717529297,51.86666488647461,55.13333511352539,50.43333053588867,56.56666946411133,49.51666259765625,,,0.0,0.0,0.0,,,,,,,NSLNISP.NS,2025-08-22 11:22:24.293755
