Trading Day,Date,Open,High,Low,Close,Volume,Dividends,Stock Splits,date_only,RollingMean,RollingStd,UpperBand1,LowerBand1,UpperBand2,LowerBand2,CCI_10,CCI_40,OBV,VPT,VPT_signal,VWAP,MFI_14,PP,R1,S1,R2,S2,R3,S3,CMF,%R,macd,macd_signal,macde_histogram,rsi,ADX,sma_5,sma_20,sma_50,sma_100,symbol,created_on
1,2025-08-18 00:00:00+05:30,9.609999656677246,10.350000381469727,9.609999656677246,9.979999542236328,177843,0.0,0.0,2025-08-18,10.086500024795532,0.49447781213125136,10.580977836926783,9.592022212664281,11.075455649058034,9.09754440053303,24.970480041853158,-71.87549465761565,66527963,251755.03696049316,319224.3687571959,12.011828310409841,36.04839034748879,9.979999860127768,10.350000063578289,9.609999338785808,10.720000584920248,9.239999135335287,11.09000078837077,8.869998613993328,-0.4017709547572193,-40.555578808723155,-0.6165333933216637,-0.7669652237115576,0.15043183038989394,39.24853349706897,43.489334204416906,10.131999969482422,10.086500024795532,12.617400035858154,11.80109998703003,ORIENTALTL.NS,2025-08-18 11:26:29.643261
2,2025-08-14 00:00:00+05:30,10.300000190734863,10.300000190734863,9.819999694824219,9.880000114440918,136760,0.0,0.0,2025-08-14,10.189500045776366,0.6584790046594765,10.847979050435843,9.53102104111689,11.506458055095319,8.872542036457414,30.97049279412066,-74.18044694490212,66350120,191657.9828503665,336091.7017063715,12.013426599375475,34.619587525273346,10.0,10.180000305175781,9.699999809265137,10.480000495910645,9.519999504089355,10.660000801086426,9.219999313354492,-0.2024341864283519,-46.11110198645041,-0.6565121218288148,-0.804573181309031,0.1480610594802162,37.74403621790503,44.11273385625006,10.164000129699707,10.189500045776366,12.687600040435791,11.804599990844727,ORIENTALTL.NS,2025-08-18 11:26:29.643261
3,2025-08-13 00:00:00+05:30,10.59000015258789,10.59000015258789,9.869999885559082,10.130000114440918,136199,0.0,0.0,2025-08-13,10.271000051498413,0.7164746625483055,10.98747471404672,9.554525388950108,11.703949376595025,8.838050726401802,68.76733511168548,-70.28717972586237,66486880,195701.538760232,372200.13142037275,12.014717910769374,47.13097562225802,10.196666717529297,10.523333549499512,9.803333282470703,10.916666984558105,9.476666450500488,11.24333381652832,9.083333015441895,-0.3032231611811429,-32.222214569280986,-0.6879014272281356,-0.8415884461790849,0.15368701895094927,40.04628470686461,45.05422699657278,10.120000076293945,10.271000051498413,12.76260004043579,11.802199993133545,ORIENTALTL.NS,2025-08-18 11:26:29.643261
4,2025-08-12 00:00:00+05:30,10.520000457763672,10.710000038146973,10.210000038146973,10.3100004196167,211648,0.0,0.0,2025-08-12,10.37050004005432,0.825714916683978,11.196214956738299,9.544785123370342,12.021929873422277,8.719070206686364,109.06238299269022,-66.36002919812525,66623079,309516.44110290275,416324.77958540793,12.015854690516335,42.62072467430584,10.410000165303549,10.610000292460125,10.110000292460125,10.910000165303549,9.910000165303549,11.110000292460125,9.610000292460125,-0.3546828274659113,-22.222198674710732,-0.742287713273809,-0.8800102009168221,0.1377224876430131,41.74881898180962,46.131879585272216,9.934000015258789,10.37050004005432,12.831200046539307,11.792699995040893,ORIENTALTL.NS,2025-08-18 11:26:29.643261
5,2025-08-11 00:00:00+05:30,10.300000190734863,10.539999961853027,9.649999618530273,10.359999656677246,326200,0.0,0.0,2025-08-11,10.48400001525879,0.9617659741989384,11.445765989457728,9.522234041059852,12.407531963656666,8.560468066860913,78.29683639218291,-77.6571555508526,66834727,479352.0278835436,443026.8642060342,12.017455056901033,29.25932322952079,10.183333079020182,10.71666653951009,9.826666196187336,11.073333422342936,9.293332735697428,11.606666882832844,8.936665852864582,-0.36585604952137324,-29.9516897084244,-0.8183991593530262,-0.9144408228275753,0.09604166347454912,42.211710690657966,47.73365981173349,9.735999870300294,10.48400001525879,12.895000038146973,11.782699995040893,ORIENTALTL.NS,2025-08-18 11:26:29.643261
6,2025-08-08 00:00:00+05:30,9.850000381469727,10.140000343322754,9.850000381469727,10.140000343322754,266982,0.0,0.0,2025-08-08,10.622000026702882,1.126875539700564,11.748875566403445,9.495124487002318,12.87575110610401,8.368248947301753,49.31611957839548,-86.50763077517267,66508527,383999.64516579884,433945.5732866569,12.0198550917404,20.669788821640353,10.043333689371744,10.236666997273762,9.946667035420734,10.333333651224772,9.753333727518717,10.52666695912679,9.656667073567707,-0.3995133329949703,-50.40321572762452,-0.9083690544323364,-0.9384512386962126,0.03008218426387621,39.46965447818582,49.07142200506864,9.569999885559081,10.622000026702882,12.959200038909913,11.776999998092652,ORIENTALTL.NS,2025-08-18 11:26:29.643261
7,2025-08-07 00:00:00+05:30,9.199999809265137,9.65999984741211,9.15999984741211,9.65999984741211,135535,0.0,0.0,2025-08-07,10.79850001335144,1.309118965671251,12.107618979022691,9.489381047680189,13.416737944693942,8.180262082008937,-70.25412092798499,-109.06314352263183,66241545,185711.7792762117,446432.0553168713,12.022085647190725,13.524685928247905,9.493333180745443,9.826666514078777,9.326666514078777,9.993333180745443,8.993333180745443,10.326666514078777,8.826666514078777,-0.41163687291599915,-75.72815653837844,-0.9881280172045344,-0.9459717847621816,-0.04215623244235278,33.03183511683031,49.54737335286283,9.521999740600586,10.79850001335144,13.026000022888184,11.770599994659424,ORIENTALTL.NS,2025-08-18 11:26:29.643261
8,2025-08-06 00:00:00+05:30,9.479999542236328,9.5,8.90999984741211,9.199999809265137,175958,0.0,0.0,2025-08-06,11.005500030517577,1.4403562681389566,12.445856298656533,9.565143762378622,13.886212566795491,8.124787494239664,-157.79858196335286,-124.61057015109249,66106010,229618.9393818924,511612.1243270362,12.023509337597881,29.44239554853756,9.203333218892416,9.496666590372723,8.906666437784832,9.793333371480307,8.613333066304525,10.086666742960613,8.316666285196941,-0.44785351651008376,-90.85173643932315,-1.0279992461988794,-0.9354327266515934,-0.09256651954728601,26.031045532088996,48.74001985006694,9.593999862670898,11.005500030517577,13.10200002670288,11.7625,ORIENTALTL.NS,2025-08-18 11:26:29.643261
9,2025-08-05 00:00:00+05:30,9.5,9.579999923706055,9.180000305175781,9.319999694824219,209621,0.0,0.0,2025-08-05,11.26650004386902,1.5636404348162005,12.83014047868522,9.702859609052819,14.39378091350142,8.139219174236619,-192.05296376576126,-128.05854193495742,66281968,277115.9720812872,582110.4205633221,12.025720428856358,25.03350199197436,9.359999974568685,9.53999964396159,9.140000025431316,9.759999593098959,8.960000356038412,9.939999262491863,8.740000406901043,-0.35931513774228174,-95.28621474695514,-1.0181677212877922,-0.9122910967647718,-0.10587662452302038,26.707359424717268,47.39528924283085,9.795999908447266,11.26650004386902,13.184800033569337,11.75909999847412,ORIENTALTL.NS,2025-08-18 11:26:29.643261
10,2025-08-04 00:00:00+05:30,10.050000190734863,10.050000190734863,9.399999618530273,9.529999732971191,361944,0.0,0.0,2025-08-04,11.515000057220458,1.6314684988322365,13.146468556052694,9.883531558388222,14.777937054884932,8.252063059555985,-137.20453296744145,-127.67653009103864,66491589,489266.11773481226,658359.0326838308,12.028246999821823,22.43656737728486,9.65999984741211,9.920000076293945,9.269999504089355,10.3100004196167,9.00999927520752,10.570000648498535,8.619998931884766,-0.3967918620249167,-96.27506912771062,-1.001971777043238,-0.8858219406340168,-0.11614983640922116,27.88462620461793,46.11442216328706,9.961999893188477,11.515000057220458,13.258400039672852,11.756900005340576,ORIENTALTL.NS,2025-08-18 11:26:29.643261
11,2025-08-01 00:00:00+05:30,10.140000343322754,10.25,9.5600004196167,9.899999618530273,203396,0.0,0.0,2025-08-01,11.77650008201599,1.7136334797949346,13.490133561810925,10.062866602221057,15.203767041605861,8.34923312242612,-80.70756250014466,-128.7771646114548,66853533,285619.89616069733,700632.2614210853,12.032281514860024,21.56405666250585,9.90333334604899,10.246666272481281,9.55666669209798,10.593332926432291,9.21333376566569,10.936665852864582,8.86666711171468,-0.3388185681083303,-89.97052330004006,-0.9867364919257717,-0.8567844815317114,-0.12995201039406035,30.051899135013855,44.87666166499756,10.060000038146972,11.77650008201599,13.327400035858155,11.752800006866455,ORIENTALTL.NS,2025-08-18 11:26:29.643261
12,2025-07-31 00:00:00+05:30,10.0,10.210000038146973,9.899999618530273,10.020000457763672,290446,0.0,0.0,2025-07-31,11.985000085830688,1.7269336349526208,13.711933720783309,10.258066450878067,15.43886735573593,8.531132815925446,-66.20121437129409,-133.9512436452988,67056929,412804.1098183686,804385.3527361823,12.034218364351773,19.769376081724943,10.043333371480307,10.18666712443034,9.87666670481364,10.353333791097006,9.733332951863607,10.496667544047039,9.566666285196941,-0.3240939691111843,-91.5789307253521,-0.9887195399830784,-0.8242964789331961,-0.16442306104988225,30.772180008174217,43.64783960656105,10.154000091552735,11.985000085830688,13.373000049591065,11.746800012588501,ORIENTALTL.NS,2025-08-18 11:26:29.643261
13,2025-07-30 00:00:00+05:30,10.199999809265137,10.449999809265137,10.0600004196167,10.210000038146973,139706,0.0,0.0,2025-07-30,12.18300004005432,1.716765861888767,13.899765901943088,10.466234178165553,15.616531763831855,8.749468316276786,-53.14570866008765,-137.55057964784916,67347375,202325.98960833251,902280.6634656356,12.036834404404425,18.75664750715886,10.240000089009603,10.419999758402508,10.03000036875407,10.629999478658041,9.850000699361166,10.809999148050945,9.640000979105633,-0.3290483495047213,-88.40908721458861,-0.9880961077993895,-0.7831907136707255,-0.20490539412866404,31.896153165423243,42.55355743844678,10.142000007629395,12.18300004005432,13.415600032806397,11.74220001220703,ORIENTALTL.NS,2025-08-18 11:26:29.643261
14,2025-07-29 00:00:00+05:30,10.239999771118164,10.300000190734863,9.699999809265137,10.149999618530273,282466,0.0,0.0,2025-07-29,12.375500059127807,1.6996546357681037,14.075154694895911,10.675845423359704,15.774809330664015,8.9761907875916,-81.30155180054739,-159.06110057352316,67207669,406670.88151510124,1077269.3319299612,12.037976383532532,16.68854050247417,10.049999872843424,10.399999936421711,9.799999554951984,10.65000025431315,9.449999491373697,11.000000317891438,9.199999173482258,-0.30363458674808097,-90.21739626201163,-0.9910388524231841,-0.7319643651385594,-0.2590744872846247,31.15882827485946,41.48651298832244,10.16200008392334,12.375500059127807,13.451400032043457,11.735000009536742,ORIENTALTL.NS,2025-08-18 11:26:29.643261
15,2025-07-28 00:00:00+05:30,10.579999923706055,10.579999923706055,9.859999656677246,10.020000457763672,297983,0.0,0.0,2025-07-28,12.561500072479248,1.6459911293110199,14.207491201790267,10.915508943168229,15.853482331101288,9.269517813857208,-87.74247324109736,-170.25434613696137,66925203,423516.27172006824,1244918.9445336761,12.040365602803407,15.147753870922969,10.15333334604899,10.446667035420734,9.726666768391926,10.873333613077799,9.433333079020182,11.166667302449543,9.006666501363117,-0.2975186132370297,-96.41350032694533,-0.9738815848592246,-0.6671957433174032,-0.30668584154182144,29.6259516379142,39.96613649780378,10.30200023651123,12.561500072479248,13.48600004196167,11.72770001411438,ORIENTALTL.NS,2025-08-18 11:26:29.643261
16,2025-07-25 00:00:00+05:30,10.199999809265137,10.449999809265137,10.0,10.369999885559082,608171,0.0,0.0,2025-07-25,12.756500053405762,1.5577016009624594,14.314201654368222,11.198798452443302,15.87190325533068,9.641096851480844,-99.1628408649985,-180.93633131300982,67223186,894572.0609608919,1450269.612737078,12.043066417042475,12.760545846281005,10.273333231608072,10.546666463216145,10.096666653951008,10.723333040873209,9.823333422342936,10.996666272481281,9.646666844685871,,-90.78014963895644,-0.9243563539653366,-0.5905242829319477,-0.33383207103338886,31.37236148084186,38.42276765028207,10.584000205993652,12.756500053405762,13.527200031280518,11.730300006866456,ORIENTALTL.NS,2025-08-18 11:26:29.643261
17,2025-07-24 00:00:00+05:30,10.199999809265137,10.359999656677246,9.850000381469727,9.960000038146973,521477,0.0,0.0,2025-07-24,12.9010000705719,1.455349036658094,14.356349107229994,11.445651033913807,15.811698143888087,9.990301997255713,-134.69571301184544,-208.5775346383576,66615015,736724.936081369,1589194.0006811244,12.04764360558121,25.207596414784007,10.056666692097982,10.263333002726238,9.753333727518719,10.566665967305502,9.546667416890463,10.773332277933758,9.243334452311199,,-98.04965126629024,-0.8814132920891442,-0.5070662651736004,-0.3743470269155438,26.670339393830616,36.84149716161492,10.918000221252441,12.9010000705719,13.559200038909912,11.734100008010865,ORIENTALTL.NS,2025-08-18 11:26:29.643261
18,2025-07-23 00:00:00+05:30,10.539999961853027,10.979999542236328,10.300000190734863,10.3100004196167,1241360,0.0,0.0,2025-07-23,13.034500074386596,1.2837094751797755,14.318209549566372,11.75079059920682,15.601919024746147,10.467081124027045,-124.49103160669337,-200.4303204605575,67136492,1815378.9751261496,1802311.2668310632,12.052552360700757,25.024033638949618,10.53000005086263,10.759999910990398,10.080000559488933,11.209999402364096,9.850000699361166,11.439999262491863,9.400001207987469,,-99.80731734700646,-0.7726996401375352,-0.4134795084447144,-0.3592201316928208,28.202009247636767,34.94364312524263,11.228000259399414,13.034500074386596,13.587200031280517,11.737500009536744,ORIENTALTL.NS,2025-08-18 11:26:29.643261
19,2025-07-22 00:00:00+05:30,11.25,11.390000343322754,10.850000381469727,10.850000381469727,771540,0.0,0.0,2025-07-22,13.184000062942506,1.1123913862541406,14.296391449196646,12.071608676688365,15.408782835450786,10.959217290434225,-114.62240039587351,-183.67036161853,68377852,1187405.5415375233,1799044.3397572916,12.06236082546163,28.674988631233177,11.030000368754068,11.21000035603841,10.670000394185383,11.570000330607096,10.490000406901041,11.750000317891438,10.130000432332356,,-100.0,-0.6562753863421555,-0.3236744755215092,-0.33260091082064636,30.730410622599024,33.136426796414504,11.59000015258789,13.184000062942506,13.608800029754638,11.739900007247925,ORIENTALTL.NS,2025-08-18 11:26:29.643261
20,2025-07-21 00:00:00+05:30,11.890000343322754,12.0,11.430000305175781,11.430000305175781,1086329,0.0,0.0,2025-07-21,13.341500043869019,0.9796093161202374,14.321109359989256,12.361890727748781,15.300718676109494,11.382281411628544,-94.96788099525288,-155.289348504065,69149392,1761239.7823534044,1951954.0393122334,12.06661710148122,32.69725154311986,11.620000203450521,11.810000101725262,11.240000406901043,12.18999989827474,11.050000508626303,12.37999979654948,10.670000712076824,,-92.9061687017175,-0.5504553093723494,-0.24052424781634757,-0.30993106155600186,33.74802606395946,31.509143817478595,11.936000061035156,13.341500043869019,13.626600017547608,11.733600006103515,ORIENTALTL.NS,2025-08-18 11:26:29.643261
21,2025-07-18 00:00:00+05:30,11.470000267028809,12.079999923706055,11.119999885559082,12.039999961853027,1382615,0.0,0.0,2025-07-18,13.507000017166138,0.9172963489810808,14.42429636614722,12.589703668185058,15.3415927151283,11.672407319203977,-108.3187071484696,-152.7531874804558,70235721,2361231.7867926583,1999632.6035519405,12.069779605875782,31.49155847200248,11.74666659037272,12.37333329518636,11.413333257039387,12.706666628519693,10.786666552225748,13.333333333333332,10.453333218892414,,-78.94736612387247,-0.4637545168082351,-0.16304148242734712,-0.300713034380888,37.32770409846922,30.137352188733075,12.273999977111817,13.507000017166138,13.629600009918214,11.725600004196167,ORIENTALTL.NS,2025-08-18 11:26:29.643261
22,2025-07-17 00:00:00+05:30,12.130000114440918,12.149999618530273,11.510000228881836,11.510000228881836,1358637,0.0,0.0,2025-07-17,13.68100004196167,0.9537124327762198,14.63471247473789,12.727287609185451,15.58842490751411,11.773575176409231,-145.28667717129431,-155.59006339841144,68853106,2218143.5117574567,1909232.8077417607,12.069969087460285,26.063983866627296,11.723333358764648,11.936666488647461,11.296667098999023,12.363332748413086,11.083333969116211,12.576665878295898,10.656667709350586,,-100.0,-0.4058003695343899,-0.08786322383212511,-0.31793714570226483,31.462469402620513,28.660038127007127,12.6,13.68100004196167,13.60840000152588,11.709100008010864,ORIENTALTL.NS,2025-08-18 11:26:29.643261
23,2025-07-16 00:00:00+05:30,12.489999771118164,12.890000343322754,12.050000190734863,12.119999885559082,1054097,0.0,0.0,2025-07-16,13.922500038146973,0.9860174312800609,14.908517469427034,12.936482606866912,15.894534900707095,11.950465175586851,-150.77484565467785,-115.40713523135649,70211743,1812149.6700323522,1832005.1317378366,12.073492288943422,33.64495792494597,12.353333473205566,12.65666675567627,11.816666603088379,13.193333625793457,11.513333320617676,13.49666690826416,10.976666450500488,,-96.28571101597377,-0.2732560653148912,-0.0083789374065589,-0.2648771279083323,34.959006624308245,27.330066496433673,13.057999992370606,13.922500038146973,13.599799995422364,11.699100008010864,ORIENTALTL.NS,2025-08-18 11:26:29.643261
24,2025-07-15 00:00:00+05:30,12.84000015258789,12.949999809265137,12.5,12.579999923706055,616090,0.0,0.0,2025-07-15,14.176500082015991,1.1395996729276932,15.316099754943684,13.036900409088299,16.455699427871377,11.897300736160606,-189.60057645219104,-92.9427090014271,71265840,1099349.2118172853,1836968.9971642075,12.073264149788384,35.376017768742216,12.676666577657064,12.853333155314129,12.403333346048992,13.126666386922201,12.226666768391928,13.303332964579266,11.953333536783855,,-83.14285278320312,-0.15949467132306516,0.05784034457052418,-0.21733501589358933,37.90907329420625,26.28954448415534,13.518000030517578,14.176500082015991,13.586999988555908,11.679500007629395,ORIENTALTL.NS,2025-08-18 11:26:29.643261
25,2025-07-14 00:00:00+05:30,13.25,13.5,12.979999542236328,13.119999885559082,915458,0.0,0.0,2025-07-14,14.39750008583069,1.2380285659881634,15.635528651818852,13.159471519842526,16.873557217807015,11.921442953854363,-185.68684368194178,-56.53932291648044,71881930,1703660.7844378254,2021373.943500938,12.071807121365486,36.206439262509,13.199999809265137,13.420000076293945,12.899999618530273,13.720000267028809,12.679999351501465,13.940000534057617,12.379999160766602,,-67.7142824445452,-0.05673206199462477,0.11217409854392152,-0.1689061605385463,41.74945899827691,25.52677651978563,13.860000038146973,14.39750008583069,13.593599987030029,11.652700004577637,ORIENTALTL.NS,2025-08-18 11:26:29.643261
26,2025-07-11 00:00:00+05:30,13.800000190734863,14.100000381469727,13.300000190734863,13.670000076293945,690274,0.0,0.0,2025-07-11,14.583500099182128,1.3131613038556145,15.896661403037744,13.270338795326513,17.209822706893355,11.9571774914709,-113.52324416880192,-22.052947245853563,72797388,1338446.1528192065,2100802.233266716,12.067309515721876,38.30072476462905,13.690000216166178,14.080000241597492,13.280000050862629,14.490000406901041,12.890000025431315,14.880000432332356,12.479999860127766,,-51.999991280691965,0.022512980402392913,0.15440063867855808,-0.13188765827616517,46.17338255272561,25.11988311628052,14.188000106811524,14.583500099182128,13.585399990081788,11.621400003433228,ORIENTALTL.NS,2025-08-18 11:26:29.643261
27,2025-07-10 00:00:00+05:30,14.300000190734863,14.300000190734863,13.760000228881836,13.800000190734863,620772,0.0,0.0,2025-07-10,14.735500049591064,1.376282091897366,16.11178214148843,13.359217957693698,17.488064233385796,11.982935865796332,-14.933873632994548,-2.0735705604763104,73487662,1215128.1541327066,2291391.2533785934,12.062107395731292,39.98964729827768,13.953333536783854,14.146666844685871,13.606666882832844,14.493333498636881,13.413333574930826,14.686666806538899,13.066666920979817,,-48.28570229666574,0.06946285710495204,0.18737255324759935,-0.11790969614264732,47.27280373971419,24.97535260169206,14.268000030517578,14.735500049591064,13.54099998474121,11.59039999961853,ORIENTALTL.NS,2025-08-18 11:26:29.643261
28,2025-07-09 00:00:00+05:30,14.100000381469727,14.59000015258789,13.569999694824219,14.420000076293945,1165754,0.0,0.0,2025-07-09,14.887500047683716,1.434180056270203,16.32168010395392,13.453319991413514,17.75586016022412,12.01913993514331,43.58678209166169,16.029619931442404,74108434,2384421.604843643,2560457.0281900647,12.05701955094713,41.23161619923019,14.193333307902018,14.816666920979817,13.796666463216145,15.21333376566569,13.173332850138346,15.836667378743488,12.776666005452473,,-31.16147783288495,0.11571741741397368,0.21684997728326116,-0.10113255986928749,52.845194528440885,25.266208468890238,14.303999900817871,14.887500047683716,13.492999973297119,11.558299999237061,ORIENTALTL.NS,2025-08-18 11:26:29.643261
29,2025-07-08 00:00:00+05:30,15.0,15.489999771118164,14.020000457763672,14.289999961853027,2109581,0.0,0.0,2025-07-08,14.926500034332275,1.4314007887165363,16.357900823048812,13.495099245615739,17.789301611765346,12.063698456899202,100.94372179649933,42.551176753127855,72942680,4276015.828927752,2604465.88402667,12.043956637729774,41.024139681061634,14.600000063578287,15.179999669392902,13.71000035603841,16.069999376932778,13.130000750223795,16.649998982747395,12.240001042683918,,-58.63308612125867,0.11212338214979667,0.242133117250583,-0.13000973510078634,51.73753396627316,25.57943786433443,14.231999969482422,14.926500034332275,13.424399967193603,11.510699996948242,ORIENTALTL.NS,2025-08-18 11:26:29.643261
30,2025-07-07 00:00:00+05:30,14.770000457763672,14.770000457763672,14.75,14.760000228881836,2410425,0.0,0.0,2025-07-07,14.897500038146973,1.4507198946821631,16.348219932829135,13.44678014346481,17.798939827511298,11.996060248782646,138.1805382739083,54.61470024885662,75052261,5046506.75023515,2186578.397801399,12.021260401966439,70.5417805255552,14.760000228881836,14.770000457763672,14.75,14.780000686645508,14.739999771118164,14.790000915527344,14.729999542236328,,-50.62388313020016,0.11862613036029757,0.2746355510257796,-0.156009420665482,56.16678309597172,26.35256469338151,14.147999954223632,14.897500038146973,13.34459997177124,11.462699995040893,ORIENTALTL.NS,2025-08-18 11:26:29.643261
31,2025-07-04 00:00:00+05:30,13.979999542236328,14.199999809265137,13.800000190734863,14.069999694824219,481502,0.0,0.0,2025-07-04,14.841500043869019,1.4776734084979726,16.31917345236699,13.363826635371046,17.796846860864964,11.886153226873073,38.61842925780196,17.79020315205741,72641836,960955.0084779636,1471596.3096929619,11.989269428529154,73.06023131470181,14.023333231608072,14.246666272481281,13.846666653951008,14.423332850138346,13.623333613077799,14.646665891011555,13.446667035420734,,-62.923356552438825,0.07886634790181013,0.3136379061921501,-0.23477155829033997,50.37531457428372,27.9742830909603,13.979999923706055,14.841500043869019,13.231999969482422,11.408899993896485,ORIENTALTL.NS,2025-08-18 11:26:29.643261
32,2025-07-03 00:00:00+05:30,14.0,14.5,13.800000190734863,13.979999542236328,379228,0.0,0.0,2025-07-03,14.812500047683717,1.49914669666926,16.311646744352977,13.313353351014456,17.810793441022238,11.814206654345197,23.483874394022184,24.8263802283279,72160334,752001.0103504112,1599256.6349967115,11.984402987301458,80.63090022275094,14.09333324432373,14.386666297912598,13.686666488647461,14.793333053588867,13.393333435058594,15.086666107177734,12.986666679382324,,-64.52763717269085,0.0947214313219682,0.3723307957647351,-0.2776093644427669,49.56826917810897,28.938871614800792,13.818000030517577,14.812500047683717,13.134199981689454,11.361799993515014,ORIENTALTL.NS,2025-08-18 11:26:29.643261
33,2025-07-02 00:00:00+05:30,13.789999961853027,14.199999809265137,13.59000015258789,14.0600004196167,557670,0.0,0.0,2025-07-02,14.795000076293945,1.511369186935248,16.306369263229193,13.283630889358697,17.81773845016444,11.77226170242345,-14.973571435239618,20.30502656041677,72539562,1112175.9179967288,1811070.5411582864,11.980720243835597,80.61657324227443,13.950000127156576,14.310000101725262,13.700000445048016,14.559999783833822,13.34000047047933,14.919999758402508,13.09000078837077,,-63.10159673282435,0.12244922085988819,0.4417331368754268,-0.3192839160155386,50.24269772109601,29.977659255859784,13.548000144958497,14.795000076293945,13.036199989318847,11.315999994277954,ORIENTALTL.NS,2025-08-18 11:26:29.643261
34,2025-07-01 00:00:00+05:30,13.850000381469727,14.609999656677246,13.220000267028809,13.869999885559082,1455218,0.0,0.0,2025-07-01,14.770000076293945,1.528208432012469,16.298208508306413,13.241791644281475,17.826416940318882,11.713583212269008,-30.853798578213706,19.761866969272248,71981892,2862960.701758459,1985794.1969486754,11.975062167453686,84.44364620798555,13.899999936421713,14.579999605814617,13.19000021616618,15.28999932607015,12.510000546773275,15.969998995463055,11.800000826517742,,-66.48841515325425,0.14821502831627953,0.5215541158793114,-0.3733390875630319,48.7034837758025,30.689436914956886,13.396000099182128,14.770000076293945,12.938399982452392,11.267999992370605,ORIENTALTL.NS,2025-08-18 11:26:29.643261
35,2025-06-30 00:00:00+05:30,13.920000076293945,13.920000076293945,13.920000076293945,13.920000076293945,79197,0.0,0.0,2025-06-30,14.75150008201599,1.541855581954902,16.293355663970893,13.209644500061088,17.835211245925795,11.667788918106186,-39.834173439349755,21.888854732882127,73437110,156371.94556264853,1766502.5707462295,11.96151038743227,90.81471514360807,13.920000076293945,13.920000076293945,13.920000076293945,13.920000076293945,13.920000076293945,13.920000076293945,13.920000076293945,,-65.59714625316532,0.19766956124239243,0.6148888877700693,-0.4172193265276769,49.07444565767386,31.455966701676843,13.422000122070312,14.75150008201599,12.844199981689453,11.224599990844727,ORIENTALTL.NS,2025-08-18 11:26:29.643261
36,2025-06-27 00:00:00+05:30,11.989999771118164,13.260000228881836,11.989999771118164,13.260000228881836,1071550,0.0,0.0,2025-06-27,14.734000062942505,1.5537303154288729,16.28773037837138,13.180269747513632,17.84146069380025,11.626539432084758,-94.58796831512565,-30.107283881736187,73357913,2015425.9377087047,2169035.2270421246,11.960747830226895,88.74045391571515,12.836666742960611,13.683333714803059,12.413333257039387,14.106667200724283,11.56666628519694,14.95333417256673,11.143332799275715,,-77.36184813562642,0.2530670950490208,0.7191937194019886,-0.4661266243529678,43.830488256258775,32.900792786161276,13.586000061035156,14.734000062942505,12.750599975585937,11.181599988937378,ORIENTALTL.NS,2025-08-18 11:26:29.643261
37,2025-06-26 00:00:00+05:30,12.630000114440918,12.630000114440918,12.630000114440918,12.630000114440918,299092,0.0,0.0,2025-06-26,14.74500002861023,1.543490606228521,16.28849063483875,13.201509422381708,17.831981241067272,11.658018816153188,-131.57567785121208,-37.946762657608275,72286363,535820.1265289068,2207437.5493754796,11.953866976340839,89.40476040978054,12.630000114440918,12.630000114440918,12.630000114440918,12.630000114440918,12.630000114440918,12.630000114440918,12.630000114440918,,-100.0,0.3851583605003803,0.8357253754902304,-0.4505670149898501,38.18889419120845,33.61087763384124,14.038000106811523,14.74500002861023,12.670199966430664,11.147999982833863,ORIENTALTL.NS,2025-08-18 11:26:29.643261
38,2025-06-25 00:00:00+05:30,13.300000190734863,13.300000190734863,13.300000190734863,13.300000190734863,277379,0.0,0.0,2025-06-25,14.786500024795533,1.4939960037233393,16.280496028518872,13.292504021072194,17.77449203224221,11.798508017348855,-146.63181889740127,-4.083616230872233,72585455,523282.3621415125,2625341.9050871227,11.952866018358483,87.52925552297944,13.300000190734863,13.300000190734863,13.300000190734863,13.300000190734863,13.300000190734863,13.300000190734863,13.300000190734863,,-100.0,0.6104849410156152,0.9483671292376928,-0.3378821882220776,42.39376592357088,34.941282916616174,14.780000114440918,14.786500024795533,12.60119997024536,11.119899978637696,ORIENTALTL.NS,2025-08-18 11:26:29.643261
39,2025-06-24 00:00:00+05:30,14.0,14.0,14.0,14.0,177507,0.0,0.0,2025-06-24,14.788500022888183,1.4919266464166354,16.28042666930482,13.296573376471548,17.772353315721453,11.804646730054912,-134.21567659945322,30.941968915275176,72862834,352496.16067612736,3150856.7908235253,11.95101393755299,88.90470961977933,14.0,14.0,14.0,14.0,14.0,14.0,14.0,,-85.71427922670651,0.8237366170248741,1.032837676293212,-0.209101059268338,47.46387646690292,37.03922358586535,15.560000228881837,14.788500022888183,12.515199966430664,11.082099981307984,ORIENTALTL.NS,2025-08-18 11:26:29.643261
40,2025-06-23 00:00:00+05:30,14.739999771118164,14.739999771118164,14.739999771118164,14.739999771118164,165616,0.0,0.0,2025-06-23,14.738500022888184,1.535853222380729,16.274353245268912,13.202646800507456,17.810206467649643,11.666793578126725,-79.10128045377691,67.02007440023516,73040341,346266.62922672235,3850446.948360374,11.949209622987977,86.25297108046412,14.739999771118164,14.739999771118164,14.739999771118164,14.739999771118164,14.739999771118164,14.739999771118164,14.739999771118164,,-62.30937941775588,1.0153431510481141,1.0851129411102964,-0.06976979006218231,53.77727523087673,39.686884498617715,16.160000228881835,14.738500022888184,12.418199958801269,11.042199983596802,ORIENTALTL.NS,2025-08-18 11:26:29.643261
41,2025-06-20 00:00:00+05:30,15.520000457763672,15.520000457763672,15.520000457763672,15.520000457763672,249632,0.0,0.0,2025-06-20,14.650500011444091,1.5853855407601034,16.235885552204195,13.065114470683987,17.8212710929643,11.479728929923883,-19.812802578437555,104.3580847223519,73205957,549544.489284422,4726492.028143787,11.946914826367612,85.06206229726102,15.520000457763672,15.520000457763672,15.520000457763672,15.520000457763672,15.520000457763672,15.520000457763672,15.520000457763672,,-45.315900970794715,1.1723948247094427,1.102555388625842,0.06983943608360077,61.8264749058386,41.568803872457174,16.58000030517578,14.650500011444091,12.30379997253418,10.998299989700318,ORIENTALTL.NS,2025-08-18 11:26:29.643261
42,2025-06-19 00:00:00+05:30,17.440000534057617,17.549999237060547,16.34000015258789,16.34000015258789,1034773,0.0,0.0,2025-06-19,14.483500003814697,1.662988063155094,16.14648806696979,12.820511940659603,17.809476130124885,11.15752387750451,53.65352258046443,161.06998980125724,73455589,2398324.8965176865,5770728.912858628,11.94248081285143,86.30928378088495,16.74333318074544,17.146666208902992,15.936667124430336,17.953332265218098,15.533334096272785,18.35666529337565,14.72666803995768,0.03326292104206006,-27.450984466121085,1.2788867510197015,1.0850955296049416,0.1937912214147599,72.40591032002105,42.38459517568462,16.818000030517577,14.483500003814697,12.16899995803833,10.942799987792968,ORIENTALTL.NS,2025-08-18 11:26:29.643261
43,2025-06-18 00:00:00+05:30,17.100000381469727,17.600000381469727,17.0,17.200000762939453,4719493,0.0,0.0,2025-06-18,14.273999977111817,1.6806308760275843,15.9546308531394,12.593369101084233,17.635261729166984,10.912738225056648,88.96676251007635,192.46873449103813,74490362,11514224.25596079,6613829.916943863,11.919743143765464,87.61612736339508,17.266667048136394,17.53333409627279,16.933333714803062,17.86666742960612,16.666666666666668,18.133334477742515,16.333333333333336,0.06872630648203791,-8.714588349299932,1.3150940692899997,1.0366477242512517,0.278446345038748,86.88465871200637,41.712828417866376,16.91800003051758,14.273999977111817,12.023799953460694,10.880799989700318,ORIENTALTL.NS,2025-08-18 11:26:29.643261
44,2025-06-17 00:00:00+05:30,17.100000381469727,17.350000381469727,16.899999618530273,17.0,3207825,0.0,0.0,2025-06-17,14.013999938964844,1.6046556867637163,15.618655625728561,12.409344252201127,17.223311312492278,10.804688565437411,103.85225966523777,198.94779809824132,69770869,7735180.641791699,5388731.33218963,11.792214434232552,85.22338657032361,17.083333333333332,17.26666704813639,16.816666285196938,17.533334096272785,16.63333257039388,17.716667811075844,16.366665522257485,0.12398433218886638,-8.064524635120703,1.2568277110667445,0.9670361379915648,0.28979157307517966,86.29275076111746,39.47863439945386,16.517999839782714,14.013999938964844,11.864799938201905,10.81019998550415,ORIENTALTL.NS,2025-08-18 11:26:29.643261
45,2025-06-16 00:00:00+05:30,16.5,17.0,16.450000762939453,16.84000015258789,3565800,0.0,0.0,2025-06-16,13.75799994468689,1.508755439241219,15.266755383928109,12.249244505445672,16.775510823169327,10.740489066204452,122.90557908003669,201.4213695363843,66563044,8517456.868017312,4802119.004789112,11.705296413813661,83.21403254165284,16.763333638509113,17.076666514078774,16.526667277018227,17.31333287556966,16.213334401448567,17.62666575113932,15.97666803995768,0.19674137194418315,-9.647055233226103,1.182883316796664,0.8945882447227699,0.28829507207389404,85.81726233415324,37.18033181054766,15.859999847412109,13.75799994468689,11.710999946594239,10.74059998512268,ORIENTALTL.NS,2025-08-18 11:26:29.643261
46,2025-06-13 00:00:00+05:30,16.209999084472656,16.950000762939453,15.989999771118164,16.709999084472656,310526,0.0,0.0,2025-06-13,13.519999933242797,1.3656422281981333,14.88564216144093,12.154357705044664,16.251284389639064,10.78871547684653,161.96583285881295,209.1211507593089,62997244,736012.6291236453,3873284.5389820617,11.608233935702712,80.92636071476124,16.549999872843426,17.109999974568687,16.149998982747398,17.510000864664715,15.589998881022137,18.070000966389976,15.18999799092611,0.17257450068645502,-12.18963607962814,1.0860471709718151,0.8225144767042963,0.2635326942675188,85.43610357060585,34.861773117475906,15.219999885559082,13.519999933242797,11.559199943542481,10.67519998550415,ORIENTALTL.NS,2025-08-18 11:26:29.643261
47,2025-06-12 00:00:00+05:30,15.369999885559082,17.25,14.760000228881836,16.84000015258789,4672752,0.0,0.0,2025-06-12,13.282999992370605,1.1818277582730412,14.464827750643646,12.101172234097564,15.646655508916687,10.919344475824523,253.50701445361207,213.4374093869565,63307770,11161580.462993335,4657602.516446666,11.599821670593682,82.08794011070695,16.28333346048991,17.806666692097984,15.31666692097982,18.773333231608074,13.793333689371746,20.296666463216148,12.826667149861656,0.22120960975879123,-8.61344175835096,0.9584154353593526,0.7566313031374166,0.20178413222193603,87.62274726330685,32.3872041929673,14.576000022888184,13.282999992370605,11.405999965667725,10.610799999237061,ORIENTALTL.NS,2025-08-18 11:26:29.643261
48,2025-06-11 00:00:00+05:30,13.699999809265137,15.270000457763672,13.699999809265137,15.199999809265137,2715519,0.0,0.0,2025-06-11,13.008999967575074,0.9200051496938465,13.92900511726892,12.088994817881227,14.849010266962766,11.16898966818738,285.63275971346,148.67926272547152,58635018,5854735.7681352785,3031608.0298099983,11.466492517202436,71.65962775170965,14.723333358764648,15.74666690826416,14.176666259765625,16.293334007263184,13.153332710266113,17.316667556762695,12.60666561126709,0.11708076228025241,-2.023140107710071,0.7676835560053927,0.7061852700819325,0.06149828592346018,82.32289885805734,29.72228381272727,13.934000015258789,13.008999967575074,11.253799953460693,10.543099994659423,ORIENTALTL.NS,2025-08-18 11:26:29.643261
49,2025-06-10 00:00:00+05:30,13.899999618530273,13.899999618530273,13.550000190734863,13.710000038146973,612881,0.0,0.0,2025-06-10,12.818499994277953,0.8327713628955664,13.65127135717352,11.985728631382386,14.484042720069086,11.152957268486821,67.62169861785038,104.46550678291472,55919499,1191857.9157518747,2325826.095228678,11.41045928021274,66.81430759392282,13.71999994913737,13.889999707539875,13.540000279744465,14.06999937693278,13.370000521341959,14.239999135335285,13.190000851949055,0.011007034116747163,-29.368032902832624,0.6733725691899828,0.6908106986010675,-0.01743812941108469,72.32587157679758,27.957269245424754,13.6060001373291,12.818499994277953,11.13479995727539,10.488399991989136,ORIENTALTL.NS,2025-08-18 11:26:29.643261
50,2025-06-09 00:00:00+05:30,13.680000305175781,14.5,13.449999809265137,13.640000343322754,2679269,0.0,0.0,2025-06-09,12.719999980926513,0.8382626163318978,13.55826259725841,11.881737364594615,14.396525213590309,11.043474748262717,124.2720682515152,115.70592102169667,55306618,5183720.438459273,2609318.140097879,11.402643601302493,70.53673906962987,13.863333384195963,14.27666695912679,13.226666768391926,14.913333574930826,12.8133331934611,15.326667149861652,12.176666577657063,0.006839794595124963,-31.970252447203126,0.6891657139956777,0.6951702309538386,-0.006004516958160844,71.62585272269945,27.471851838936438,13.564000129699707,12.719999980926513,11.053599948883056,10.453299989700318,ORIENTALTL.NS,2025-08-18 11:26:29.643261
51,2025-06-06 00:00:00+05:30,13.84000015258789,13.979999542236328,13.399999618530273,13.489999771118164,900783,0.0,0.0,2025-06-06,12.616999959945678,0.8457951550577687,13.462795115003447,11.77120480488791,14.308590270061217,10.92540964983014,64.72479933651472,108.2475886403402,52627349,1723625.8347619318,1965717.5655075302,11.368899159980018,64.8486705100135,13.623332977294922,13.84666633605957,13.266666412353516,14.203332901000977,13.043333053588867,14.426666259765625,12.686666488647461,0.11855616713839258,-25.95746856730545,0.7058377297296605,0.6966713601933787,0.009166369536281804,70.12203450241313,26.949094631949023,13.55,12.616999959945678,10.984799938201904,10.420899982452392,ORIENTALTL.NS,2025-08-18 11:26:29.643261
52,2025-06-05 00:00:00+05:30,13.6899995803833,14.09000015258789,13.520000457763672,13.630000114440918,1501129,0.0,0.0,2025-06-05,12.491499948501588,0.8942699487023122,13.3857698972039,11.597229999799275,14.280039845906213,10.702960051096962,95.14361390574322,117.73292110756218,53528132,2902182.6791834333,2026240.4981939294,11.358088805603527,70.5463546977819,13.74666690826416,13.973333358764648,13.40333366394043,14.316666603088379,13.176667213439941,14.543333053588867,12.833333969116211,0.15597632872559267,-18.076930695030406,0.7312612345648386,0.6943797678093082,0.03688146675553039,73.49801742769739,27.123178365773242,13.547999954223632,12.491499948501588,10.921599941253662,10.389099988937378,ORIENTALTL.NS,2025-08-18 11:26:29.643261
53,2025-06-04 00:00:00+05:30,13.529999732971191,14.100000381469727,13.010000228881836,13.5600004196167,1140002,0.0,0.0,2025-06-04,12.363999938964843,0.9051222867484212,13.269122225713264,11.458877652216422,14.174244512461685,10.553755365468001,69.85110994410495,112.84682594380563,52027003,2192684.7064031903,1807254.9529465532,11.338627489095098,70.76490280033505,13.55666700998942,14.103333791097004,13.013333638509113,14.64666716257731,12.46666685740153,15.193333943684895,11.923333485921223,0.17281187311685847,-19.35483760703627,0.7389433965710523,0.6851594011204256,0.05378399545062673,72.8920807554648,27.001398964168192,13.513999938964844,12.363999938964843,10.8417999458313,10.351199989318848,ORIENTALTL.NS,2025-08-18 11:26:29.643261
54,2025-06-03 00:00:00+05:30,13.84000015258789,13.989999771118164,13.25,13.5,628055,0.0,0.0,2025-06-03,12.259999895095826,0.8796051774160898,13.139605072511916,11.380394717679735,14.019210249928005,10.500789540263646,79.10173760099867,118.65125004694974,50887001,1202658.4781008677,1710897.5145823937,11.324082132643397,79.06835477892383,13.579999923706055,13.90999984741211,13.170000076293945,14.319999694824219,12.84000015258789,14.649999618530273,12.430000305175781,0.02804930154353014,-19.471953946654036,0.7444766891363734,0.6717134022577689,0.07276328687860456,72.38963456805588,26.870251916285834,13.469999885559082,12.259999895095826,10.754199943542481,10.313499984741211,ORIENTALTL.NS,2025-08-18 11:26:29.643261
55,2025-06-02 00:00:00+05:30,13.5,14.09000015258789,13.229999542236328,13.569999694824219,1155029,0.0,0.0,2025-06-02,12.230499887466431,0.8450442144599588,13.07554410192639,11.385455673006472,13.920588316386349,10.540411458546513,93.52118752012919,126.3926430616722,51515056,2223225.922477512,1837957.2737027751,11.316204296111573,78.89973411587835,13.629999796549479,14.030000050862629,13.169999440511067,14.490000406901041,12.769999186197916,14.890000661214192,12.309998830159504,0.003172501807232824,-15.662665830190804,0.7461901627748855,0.6535225805381177,0.09266758223676774,73.87297581139042,26.146108236206253,13.369999885559082,12.230499887466431,10.670399951934815,10.27649998664856,ORIENTALTL.NS,2025-08-18 11:26:29.643261
56,2025-05-30 00:00:00+05:30,13.489999771118164,13.489999771118164,13.039999961853027,13.479999542236328,792702,0.0,0.0,2025-05-30,12.187499904632569,0.7936118451196327,12.981111749752202,11.393888059512935,13.774723594871833,10.600276214393304,79.63166528647312,118.28010696361868,50360027,1515691.1075226536,1741640.1115090908,11.301097391973673,77.84999112125104,13.336666425069174,13.63333288828532,13.183333079020183,13.78666623433431,12.886666615804037,14.083332697550457,12.733333269755047,0.0985707277937401,-3.900731285661336,0.7301841073706754,0.6303556849789257,0.09982842239174972,73.2177801008359,25.366261196120547,13.251999855041504,12.187499904632569,10.594799957275391,10.238699989318848,ORIENTALTL.NS,2025-08-18 11:26:29.643261
57,2025-05-29 00:00:00+05:30,13.350000381469727,13.489999771118164,13.350000381469727,13.460000038146973,689708,0.0,0.0,2025-05-29,12.085999917984008,0.7481162865293026,12.834116204513311,11.337883631454705,13.582232491042614,10.589767344925402,111.04785867138462,128.9984478244123,49567325,1316804.1780354367,1798127.3625057,11.291027652479519,84.48945321955973,13.433333396911621,13.516666412353516,13.376667022705078,13.573332786560059,13.293334007263184,13.656665802001953,13.23666763305664,0.03617234119764554,-4.609933635082233,0.7074917619584777,0.6053985793809882,0.10209318257748956,73.07846966709303,25.238890510456173,12.992000007629395,12.085999917984008,10.515199966430664,10.198999996185302,ORIENTALTL.NS,2025-08-18 11:26:29.643261
58,2025-05-28 00:00:00+05:30,13.0,13.399999618530273,13.0,13.34000015258789,758984,0.0,0.0,2025-05-28,11.982999897003173,0.6884162441674653,12.671416141170639,11.294583652835708,13.359832385338104,10.606167408668243,128.990410765481,127.3370566735457,48877617,1436148.425799747,1918458.1586232656,11.282270968719486,77.28174779269719,13.24666659037272,13.493333180745442,13.093333562215168,13.646666208902994,12.846666971842447,13.893332799275715,12.693333943684895,-0.0685282534651547,-8.250825809639664,0.66968875934168,0.5798752837366157,0.08981347560506436,72.2749891228626,24.369206658931358,12.729999923706055,11.982999897003173,10.422999973297118,10.159299993515015,ORIENTALTL.NS,2025-08-18 11:26:29.643261
59,2025-05-27 00:00:00+05:30,13.149999618530273,13.359999656677246,12.819999694824219,13.0,1554940,0.0,0.0,2025-05-27,11.865499877929688,0.6437102995890859,12.509210177518774,11.221789578340601,13.152920477107859,10.578079278751517,166.3329972508271,125.92029969458831,48118633,2867265.1706542713,2039035.591829145,11.273088171735203,71.26607724025598,13.059999783833822,13.299999872843426,12.759999910990398,13.59999974568685,12.519999821980795,13.839999834696453,12.219999949137371,-0.09354128853747357,-19.471953946654036,0.622960831700361,0.5574219148353496,0.06553891686501134,69.91247110316685,23.533309891037476,12.461999893188477,11.865499877929688,10.333399963378906,10.117899990081787,ORIENTALTL.NS,2025-08-18 11:26:29.643261
60,2025-05-26 00:00:00+05:30,12.760000228881836,13.59000015258789,12.489999771118164,12.979999542236328,1837101,0.0,0.0,2025-05-26,11.730499887466431,0.6755931055579868,12.406092993024417,11.054906781908445,13.081686098582404,10.379313676350458,241.6296490798827,132.82134541322182,46563693,3382350.2828240893,1831978.1971228633,11.257154099927842,53.36957998872086,13.019999821980795,13.549999872843426,12.449999491373699,14.120000203450521,11.919999440511068,14.650000254313152,11.349999109903973,-0.030397833885532608,-20.132035119138482,0.5871809873735341,0.5410371856190969,0.04614380175443722,69.77177487732997,22.67588740403672,12.23799991607666,11.730499887466431,10.2553999710083,10.08229998588562,ORIENTALTL.NS,2025-08-18 11:26:29.643261
61,2025-05-23 00:00:00+05:30,12.180000305175781,12.199999809265137,11.8100004196167,12.180000305175781,1225573,0.0,0.0,2025-05-23,11.53799991607666,0.8313691859566588,12.36936910203332,10.706630730120002,13.200738287989978,9.875261544163344,81.28912577081806,90.86094407576181,44726592,2117372.9234267226,1444385.1756975567,11.238165949406387,53.38286407517841,12.063333511352539,12.316666603088379,11.926667213439941,12.453332901000977,11.673334121704102,12.706665992736816,11.536667823791504,-0.02560112137386282,-42.75618624619626,0.5344450046837412,0.5295012351804875,0.004943769503253703,63.41787858448044,21.752509341112834,12.057999992370606,11.53799991607666,10.178199977874756,10.04899998664856,ORIENTALTL.NS,2025-08-18 11:26:29.643261
62,2025-05-22 00:00:00+05:30,12.1899995803833,12.199999809265137,11.970000267028809,12.149999618530273,322776,0.0,0.0,2025-05-22,11.38799991607666,0.9687299718598383,12.356729887936499,10.419269944216822,13.325459859796338,9.450539972356983,97.42095354154456,99.2707748450936,43501019,556273.499399998,1276138.238765265,11.231189699510251,65.87607091137258,12.106666564941406,12.243332862854004,12.013333320617676,12.336666107177734,11.876667022705078,12.473332405090332,11.783333778381348,-0.07205414044538762,-43.81628120924559,0.5376171183037748,0.528265292804674,0.009351825499100741,63.14814600829841,22.49847860492063,12.01599998474121,11.38799991607666,10.120599975585938,10.02229998588562,ORIENTALTL.NS,2025-08-18 11:26:29.643261
63,2025-05-21 00:00:00+05:30,12.1899995803833,12.199999809265137,11.890000343322754,12.0,542525,0.0,0.0,2025-05-21,11.23449993133545,1.078627122565481,12.31312705390093,10.155872808769969,13.391754176466412,9.077245686204487,100.37963765737344,101.68008723652844,43178243,923446.7835271654,1456104.423606582,11.229393794884066,61.2332553269524,12.03000005086263,12.169999758402508,11.860000292460125,12.339999516805014,11.720000584920248,12.47999922434489,11.550000826517742,-0.09828324248505596,-49.11662122953223,0.5364872841489969,0.5259273364298988,0.010559947719098184,61.84186387316204,22.970447167339685,11.857999992370605,11.23449993133545,10.068799991607666,9.992499990463257,ORIENTALTL.NS,2025-08-18 11:26:29.643261
64,2025-05-20 00:00:00+05:30,12.1899995803833,12.199999809265137,11.75,11.880000114440918,276765,0.0,0.0,2025-05-20,11.092999935150146,1.1557867504790602,12.248786685629206,9.937213184671087,13.404573436108267,8.781426434192026,77.8398216568796,103.65760832480994,42635718,466378.4599600872,1589268.833626436,11.226853771257288,69.84922517323406,11.943333307902018,12.136666615804035,11.686666806538899,12.393333117167154,11.493333498636881,12.586666425069172,11.236666997273762,-0.10213165860747817,-53.35689998550954,0.5416848485462573,0.5232873495001241,0.018397499046133192,60.809912624212856,23.478721003790973,11.736000061035156,11.092999935150146,10.01859998703003,9.965599994659424,ORIENTALTL.NS,2025-08-18 11:26:29.643261
65,2025-05-19 00:00:00+05:30,11.979999542236328,12.180000305175781,11.5,12.079999923706055,378666,0.0,0.0,2025-05-19,10.956999921798706,1.2167302434985245,12.173730165297231,9.740269678300182,13.390460408795755,8.523539434801657,36.36363731898265,109.89524248585218,42912483,648834.7698375426,1869991.427043023,11.225753656356684,74.88305111822072,11.920000076293945,12.34000015258789,11.65999984741211,12.600000381469727,11.239999771118164,13.020000457763672,10.979999542236328,-0.10102665281886096,-42.39483349279343,0.5519501303516545,0.5186879747385909,0.03326215561306367,63.4662225464245,24.02609282766159,11.707999992370606,10.956999921798706,9.96939998626709,9.943599996566773,ORIENTALTL.NS,2025-08-18 11:26:29.643261
66,2025-05-16 00:00:00+05:30,11.699999809265137,12.0,11.3100004196167,11.970000267028809,1861208,0.0,0.0,2025-05-16,10.814999914169311,1.24418431730769,12.059184231477001,9.570815596861621,13.303368548784691,8.326631279553931,2.902931226429195,108.28356222532095,42533817,3160093.5679796007,2175280.5913443933,11.223780517002421,77.28167225693448,11.760000228881836,12.210000038146973,11.520000457763672,12.449999809265137,11.070000648498535,12.899999618530273,10.830000877380371,-0.10953350181676874,-32.870367202085546,0.5370329700786396,0.5103724358353249,0.026660534243314715,62.63258861281012,24.64041970330872,11.607999992370605,10.814999914169311,9.933399982452393,9.916399993896484,ORIENTALTL.NS,2025-08-18 11:26:29.643261
67,2025-05-15 00:00:00+05:30,11.710000038146973,11.710000038146973,11.0600004196167,11.359999656677246,753374,0.0,0.0,2025-05-15,10.678499889373779,1.2604479611666795,11.938947850540458,9.418051928207099,13.199395811707138,8.15760396704042,-49.81066058863389,90.7590071272358,40672609,1213947.2552918463,1929077.3471855912,11.215211346503866,75.13942084386083,11.376666704813639,11.693332990010578,11.043333371480305,12.026666323343912,10.726667086283365,12.343332608540852,10.393333752950031,-0.17641736947668257,-45.515710073601845,0.5206309209158171,0.5037073022744962,0.01692361864132086,57.657383849202205,25.517435323179466,11.40999984741211,10.678499889373779,9.908999977111817,9.895299987792969,ORIENTALTL.NS,2025-08-18 11:26:29.643261
68,2025-05-14 00:00:00+05:30,11.890000343322754,11.890000343322754,10.770000457763672,11.390000343322754,781935,0.0,0.0,2025-05-14,10.569499921798705,1.2922703686017316,11.861770290400436,9.277229553196975,13.154040659002169,7.984959184595242,-59.69387102201725,95.60794698717369,41425983,1263296.408156231,2107859.870159027,11.214535193986512,74.74608061156476,11.350000381469727,11.930000305175781,10.8100004196167,12.470000267028809,10.230000495910645,13.050000190734863,9.690000534057617,-0.180164481834512,-44.843048943805705,0.551818798069009,0.49947639761416596,0.05234240045484306,58.01010241086234,26.812450741867416,11.353999900817872,10.569499921798705,9.887799987792969,9.885499992370605,ORIENTALTL.NS,2025-08-18 11:26:29.643261
69,2025-05-13 00:00:00+05:30,11.649999618530273,11.890000343322754,11.640000343322754,11.739999771118164,685097,0.0,0.0,2025-05-13,10.449999904632568,1.3225532600260645,11.772553164658632,9.127446644606504,13.095106424684698,7.8048933845804385,6.3862748859490015,132.5532666787034,42207918,1140856.511431581,2319000.735659726,11.213680575664027,74.82382137079733,11.756666819254557,11.87333329518636,11.62333329518636,12.006666819254557,11.506666819254557,12.12333329518636,11.37333329518636,-0.192406502219462,-36.99552820833892,0.5804332277384052,0.48639079750045516,0.09404243023795006,62.12746507629882,28.20708273122367,11.371999740600586,10.449999904632568,9.87099998474121,9.877299985885621,ORIENTALTL.NS,2025-08-18 11:26:29.643261
70,2025-05-12 00:00:00+05:30,11.25,11.699999809265137,11.25,11.579999923706055,744231,0.0,0.0,2025-05-12,10.320499897003174,1.3163804328400446,11.636880329843219,9.004119464163129,12.953260762683263,7.687739031323085,-3.939469775340324,126.53339052474635,41522821,1222438.9631287903,2613536.791716762,11.211424938596018,74.42911924604631,11.509999910990397,11.769999821980793,11.320000012715656,11.959999720255533,11.06000010172526,12.21999963124593,10.87000020345052,-0.19032010561710902,-40.58296870259025,0.5738042852937895,0.46288018994096763,0.11092409535282183,60.95096195233789,28.39455935738862,11.605999755859376,10.320499897003174,9.840599994659424,9.86979998588562,ORIENTALTL.NS,2025-08-18 11:26:29.643261
71,2025-05-09 00:00:00+05:30,11.039999961853027,11.329999923706055,10.5600004196167,10.979999542236328,1049851,0.0,0.0,2025-05-09,10.192499923706055,1.311920449414263,11.504420373120318,8.880579474291793,12.816340822534581,7.56865902487753,-28.83106450611293,93.5339060973646,40778590,1635086.9769572036,2961311.248863755,11.209700974633272,73.13535416685723,10.956666628519693,11.353332837422688,10.583333333333332,11.726666132609049,10.186667124430338,12.123332341512043,9.813333829243977,-0.21181301285236612,-54.03589193886477,0.5723807866015882,0.43514916610276216,0.13723162049882603,56.21460327575739,28.78451196788846,11.831999778747559,10.192499923706055,9.82159999847412,9.864499988555908,ORIENTALTL.NS,2025-08-18 11:26:29.643261
72,2025-05-08 00:00:00+05:30,11.739999771118164,11.739999771118164,11.050000190734863,11.079999923706055,798152,0.0,0.0,2025-05-08,10.082499933242797,1.3344537859095331,11.41695371915233,8.748046147333264,12.751407505061863,7.413592361423731,10.027890469368401,129.65634509021527,41828441,1254400.5474961612,3292867.3168403925,11.211226645931337,75.58614661433249,11.289999961853027,11.529999732971191,10.84000015258789,11.979999542236328,10.600000381469727,12.219999313354492,10.15000057220459,-0.2197541333988133,-51.79373093854168,0.6209767874115979,0.4008412609780556,0.22013552643354228,57.290021255883225,29.577956114080777,11.92599983215332,10.082499933242797,9.809800014495849,9.860999994277954,ORIENTALTL.NS,2025-08-18 11:26:29.643261
73,2025-05-07 00:00:00+05:30,12.9399995803833,13.390000343322754,11.390000343322754,11.479999542236328,2797150,0.0,0.0,2025-05-07,9.982499933242797,1.330701660304074,11.313201593546871,8.651798272938723,12.643903253850945,7.3210966126346495,63.90081856438541,216.1464179021344,42626593,4554791.468199843,3802484.00917645,11.211892648729618,78.24348077376627,12.086666742960611,12.783333142598469,10.783333142598469,14.086666742960611,10.086666742960611,14.783333142598469,8.783333142598469,-0.20104845752304992,-42.825129702913344,0.6639371328885826,0.34580737936967004,0.31812975351891254,61.67223046033996,29.662846298443146,11.989999771118164,9.982499933242797,9.798400020599365,9.862099990844726,ORIENTALTL.NS,2025-08-18 11:26:29.643261
74,2025-05-06 00:00:00+05:30,12.890000343322754,13.369999885559082,12.699999809265137,12.90999984741211,1844539,0.0,0.0,2025-05-06,9.870999956130982,1.2914695310163968,11.162469487147378,8.579530425114585,12.453939018163776,7.288060894098188,123.9950865261987,346.51380442466007,45423743,3377730.150963807,3614407.1444206014,11.207037686164503,89.30266924436305,12.993333180745443,13.28666655222575,12.616666475931805,13.663333257039389,12.323333104451498,13.956666628519695,11.94666639963786,-0.11734819853048037,-10.360362198666273,0.6694858380320667,0.26627494098994187,0.40321089704212487,82.66224128614914,29.185591719693853,11.891999816894531,9.870999956130982,9.77200002670288,9.865099992752075,ORIENTALTL.NS,2025-08-18 11:26:29.643261
75,2025-05-05 00:00:00+05:30,11.329999923706055,12.9399995803833,11.329999923706055,12.710000038146973,2652978,0.0,0.0,2025-05-05,9.690999984741211,1.0790146037762662,10.770014588517476,8.611985380964946,11.849029192293743,7.5329707771886785,125.43976512298256,351.16663545902384,43579204,4782886.463679426,3673576.3927847994,11.186456413663615,87.16797201369673,12.326666514078775,13.323333104451496,11.71333344777425,13.936666170756022,10.71666685740153,14.933332761128742,10.103333791097004,-0.08832335152279132,-5.707185049036138,0.5256127738343377,0.1654722167294106,0.3601405571049271,81.8604549084431,25.962189025821832,11.369999885559082,9.690999984741211,9.711800022125244,9.856499996185303,ORIENTALTL.NS,2025-08-18 11:26:29.643261
76,2025-05-02 00:00:00+05:30,11.399999618530273,11.800000190734863,11.369999885559082,11.449999809265137,1002438,0.0,0.0,2025-05-02,9.517999982833862,0.8144328811143895,10.332432863948252,8.703567101719472,11.146865745062641,7.889134220605083,118.45894288334205,290.0086566455642,40926226,1628072.992662393,3396248.8750611423,11.159504882413225,84.33107968610459,11.539999961853027,11.710000038146973,11.279999732971191,11.970000267028809,11.109999656677246,12.140000343322754,10.84999942779541,-0.1943465926857687,-28.851535602775648,0.3531447747688965,0.07543707745317879,0.2777076973157177,75.13312351343963,22.68163146148607,10.65399990081787,9.517999982833862,9.657400016784669,9.846499996185303,ORIENTALTL.NS,2025-08-18 11:26:29.643261
77,2025-04-30 00:00:00+05:30,11.0,12.479999542236328,10.970000267028809,11.399999618530273,5306051,0.0,0.0,2025-04-30,9.398000001907349,0.6806002771003472,10.078600279007695,8.717399724807002,10.759200556108043,8.036799447706654,177.00160646215704,324.10135326492576,39923788,8579996.842467772,3838292.845660829,11.157550076463519,89.80759836608127,11.616666475931803,12.263332684834797,10.753333409627277,13.126665751139322,10.106667200724283,13.773331960042317,9.243334134419758,-0.21785396276374588,-29.427797871928526,0.2510737261618239,0.006010153124249358,0.24506357303757453,74.78859251865671,19.79529437466392,10.2,9.398000001907349,9.63980001449585,9.843599996566773,ORIENTALTL.NS,2025-08-18 11:26:29.643261
78,2025-04-29 00:00:00+05:30,10.300000190734863,11.850000381469727,10.300000190734863,10.989999771118164,4798083,0.0,0.0,2025-04-29,9.289499998092651,0.4912869608180998,9.78078695891075,8.798213037274552,10.27207391972885,8.306926076456453,242.23667475513952,265.25667990920056,34617737,7479564.488679768,2652866.8464590935,11.148595364507418,83.06647252530678,11.046666781107584,11.793333371480305,10.243333180745442,12.596666971842447,9.49666659037272,13.343333562215168,8.693332990010578,-0.15259244021177296,-25.595251611028107,0.12151196716662938,-0.05525574013514427,0.17676770730177366,71.81520809073442,16.686931358086223,9.736000061035156,9.289499998092651,9.623600025177002,9.835900001525879,ORIENTALTL.NS,2025-08-18 11:26:29.643261
79,2025-04-28 00:00:00+05:30,9.479999542236328,10.84000015258789,9.069999694824219,10.300000190734863,3569199,0.0,0.0,2025-04-28,9.202500009536744,0.28510159695529325,9.487601606492037,8.91739841258145,9.77270320344733,8.632296815626157,332.0609724800996,106.95122870696937,29819654,5214574.38101697,1446192.4359039245,11.154075234149033,69.20368074955718,10.070000012715658,11.070000330607098,9.299999872843426,11.84000047047933,8.299999554951986,12.84000078837077,7.529999415079754,-0.18233542961790933,-22.97871805090104,-0.00582866304673324,-0.09944766696058768,0.09361900391385444,65.44694543278453,13.787180126198006,9.372000122070313,9.202500009536744,9.597000026702881,9.827300004959106,ORIENTALTL.NS,2025-08-18 11:26:29.643261
80,2025-04-25 00:00:00+05:30,9.300000190734863,9.329999923706055,8.930000305175781,9.130000114440918,234489,0.0,0.0,2025-04-25,9.169999980926514,0.16527484386363622,9.335274824790151,9.004725137062877,9.500549668653786,8.839450293199242,-85.33314344642277,-62.019229775592805,26250455,303671.56580345915,504096.94962566294,11.176606559511294,43.95900887428063,9.130000114440918,9.329999923706055,8.930000305175781,9.529999732971191,8.730000495910645,9.729999542236328,8.530000686645508,-0.48599587400120403,-51.14502760922662,-0.10082044058447615,-0.12285241793905129,0.02203197735457514,46.3661008970962,11.640979023310736,9.144000053405762,9.169999980926514,9.580800018310548,9.823699998855592,ORIENTALTL.NS,2025-08-18 11:26:29.643261
81,2025-04-24 00:00:00+05:30,9.180000305175781,9.5600004196167,9.130000114440918,9.180000305175781,403943,0.0,0.0,2025-04-24,9.223499965667724,0.2829407968556967,9.50644076252342,8.940559168812028,9.789381559379118,8.65761837195633,134.55659053134724,-37.40253358532899,26484944,525985.3564467921,554203.2955812139,11.180159845129173,50.14433037861207,9.290000279744467,9.450000445048016,9.020000139872234,9.720000584920248,8.859999974568685,9.880000750223797,8.589999834696453,-0.5047210398281775,-47.328220378776024,-0.10568383854574925,-0.12836041227769507,0.022676573731945815,47.404905563909004,12.15411548220648,9.16599998474121,9.223499965667724,9.585800018310547,9.829899997711182,ORIENTALTL.NS,2025-08-18 11:26:29.643261
82,2025-04-23 00:00:00+05:30,9.270000457763672,9.34000015258789,9.039999961853027,9.079999923706055,935021,0.0,0.0,2025-04-23,9.280999946594239,0.375386073300146,9.656386019894384,8.905613873294094,10.031772093194531,8.530227799993947,3.7174587638502965,-60.66332466980212,26081001,1204253.9544638817,561257.7803648193,11.186159950575965,42.64701298752968,9.15333334604899,9.266666730244953,8.96666653951009,9.453333536783854,8.853333155314127,9.566666920979817,8.666666348775227,-0.21686028830057685,-54.96183483967721,-0.11523345262087759,-0.13402955571068154,0.01879610308980395,45.121512038119874,12.028907537843072,9.177999877929688,9.280999946594239,9.589400005340575,9.833699998855591,ORIENTALTL.NS,2025-08-18 11:26:29.643261
83,2025-04-22 00:00:00+05:30,9.260000228881836,9.350000381469727,9.140000343322754,9.170000076293945,364285,0.0,0.0,2025-04-22,9.308999967575073,0.3804553800989159,9.689455347673988,8.928544587476157,10.069910727772903,8.548089207377242,53.95002182515258,-52.96501137835252,27016022,473828.8492790166,400508.73684005364,11.200886908644964,66.57950963505014,9.220000267028809,9.300000190734863,9.09000015258789,9.430000305175781,9.010000228881836,9.510000228881836,8.880000114440918,-0.11721633714937447,-56.96200392334389,-0.11586536863866748,-0.1387285814831325,0.02286321284446502,46.82025279392187,12.516061256050728,9.197999954223633,9.308999967575073,9.59579999923706,9.836700000762939,ORIENTALTL.NS,2025-08-18 11:26:29.643261
84,2025-04-21 00:00:00+05:30,9.239999771118164,9.359999656677246,9.0600004196167,9.15999984741211,234076,0.0,0.0,2025-04-21,9.309499979019165,0.3802696115273507,9.689769590546515,8.929230367491815,10.070039202073866,8.548960755964464,29.77834182173055,-58.97710013390653,26651737,304132.77535803104,382178.7087303129,11.20643459702923,59.805074920164834,9.193333307902018,9.326666196187336,9.02666695912679,9.493332544962565,8.89333407084147,9.626665433247883,8.726667722066242,-0.10010300464683473,-57.5949298325034,-0.12378252813391022,-0.14444438469424875,0.020661856560338532,46.612879528653394,12.70558450302516,9.163999938964844,9.309499979019165,9.597600002288818,9.83710000038147,ORIENTALTL.NS,2025-08-18 11:26:29.643261
85,2025-04-17 00:00:00+05:30,9.34000015258789,9.34000015258789,9.119999885559082,9.239999771118164,216527,0.0,0.0,2025-04-17,9.317000007629394,0.37864158334201864,9.695641590971412,8.938358424287376,10.07428317431343,8.559716840945358,49.39067408689265,-55.78992682098189,26885813,283788.56401596236,401690.19207338337,11.21003294207469,59.554465211552554,9.233333269755045,9.346666653951008,9.1266663869222,9.453333536783854,9.013333002726236,9.566666920979817,8.90666611989339,-0.10429502395756371,-52.53164327750113,-0.13105852755030512,-0.14960984883433337,0.018551321284028255,48.00342114572119,12.909686461305315,9.161999893188476,9.317000007629394,9.605,9.839499998092652,ORIENTALTL.NS,2025-08-18 11:26:29.643261
86,2025-04-16 00:00:00+05:30,9.350000381469727,9.350000381469727,9.1899995803833,9.239999771118164,241045,0.0,0.0,2025-04-16,9.344500017166137,0.39247490257418033,9.736974919740318,8.952025114591956,10.129449822314498,8.559550212017776,66.01716562357097,-54.47494273403468,27102340,315922.7921378288,431165.59908773855,11.213242465713583,57.664586268653366,9.259999910990397,9.330000241597492,9.169999440511067,9.420000712076822,9.09999910990397,9.490001042683918,9.00999863942464,-0.0824526919224,-61.734694622298754,-0.14626705675067697,-0.1542476791553404,0.007980622404663434,48.00342114572119,12.945047769770136,9.118000030517578,9.344500017166137,9.612600002288819,9.843100004196167,ORIENTALTL.NS,2025-08-18 11:26:29.643261
87,2025-04-15 00:00:00+05:30,9.199999809265137,9.449999809265137,9.020000457763672,9.180000305175781,428740,0.0,0.0,2025-04-15,9.357500028610229,0.3931368029705339,9.750636831580763,8.964363225639694,10.143773634551296,8.571226422669161,28.043022123248058,-62.604038985488245,26861295,558274.2162210947,459976.300825216,11.216827736684827,57.81014138293126,9.21666685740153,9.413333257039387,8.983333905537922,9.646666208902994,8.786667505900065,9.843332608540852,8.553334554036457,0.014881475958098474,-64.97459692742636,-0.1635224152458381,-0.15624283475650624,-0.0072795804893318605,46.98058783389331,12.774028686374225,9.026000022888184,9.357500028610229,9.62579999923706,9.848700008392335,ORIENTALTL.NS,2025-08-18 11:26:29.643261
88,2025-04-11 00:00:00+05:30,9.399999618530273,9.399999618530273,8.90999984741211,9.0,276813,0.0,0.0,2025-04-11,9.341000032424926,0.4076362616026356,9.74863629402756,8.933363770822291,10.156272555630197,8.525727509219655,-43.73656428921133,-80.0808559476452,26432555,353378.2883118364,435401.82197624625,11.22343158965564,69.61106248218982,9.103333155314127,9.296666463216145,8.80666669209798,9.593332926432291,8.613333384195963,9.786666234334309,8.316666920979817,0.026223381051883175,-75.59807695466716,-0.17722785235144123,-0.15442293963417325,-0.022804912717267978,43.90677757941321,12.589854288870935,9.005999946594239,9.341000032424926,9.638599987030029,9.856900005340576,ORIENTALTL.NS,2025-08-18 11:26:29.643261
89,2025-04-09 00:00:00+05:30,9.180000305175781,9.25,9.020000457763672,9.149999618530273,165238,0.0,0.0,2025-04-09,9.33400001525879,0.41493686572671934,9.748936880985509,8.91906314953207,10.163873746712229,8.50412628380535,-38.722341913680175,-79.31132111508852,26709368,214457.81504427333,455907.7053923487,11.228095707131436,78.32204752183513,9.140000025431315,9.259999593098957,9.030000050862629,9.369999567667643,8.910000483194986,9.489999135335285,8.800000508626301,0.03562129313003539,-68.42106223796773,-0.17436239173673762,-0.14872171145485624,-0.02564068028188138,45.96902868275052,12.49013478750868,9.055999946594238,9.33400001525879,9.648999996185303,9.865000009536743,ORIENTALTL.NS,2025-08-18 11:26:29.643261
90,2025-04-08 00:00:00+05:30,9.25,9.800000190734863,8.8100004196167,9.020000457763672,269839,0.0,0.0,2025-04-08,9.331500053405762,0.4162523358350765,9.747752389240839,8.915247717570685,10.164004725075914,8.49899538173561,-29.21633849237212,-72.90385240519805,26544130,345240.8280387284,516270.1779793675,11.230701134315389,77.4993208643032,9.210000356038412,9.610000292460125,8.62000052134196,10.200000127156576,8.220000584920248,10.600000063578289,7.630000750223797,0.015012817480031249,-74.64111732292231,-0.18282456911200207,-0.1423115413843859,-0.04051302772761617,43.84649668331618,12.673885414331622,9.088000106811524,9.331500053405762,9.666200008392334,9.873700017929076,ORIENTALTL.NS,2025-08-18 11:26:29.643261
91,2025-04-07 00:00:00+05:30,8.989999771118164,8.989999771118164,8.489999771118164,8.779999732971191,281933,0.0,0.0,2025-04-07,9.336500024795532,0.4129008077206544,9.749400832516187,8.923599217074877,10.16230164023684,8.510698409354223,-158.51637474266508,-137.1986335138061,26274291,351116.5386873203,559027.5154645272,11.235236665375288,74.66943288918736,8.75333309173584,9.016666412353516,8.516666412353516,9.25333309173584,8.25333309173584,9.516666412353516,8.016666412353516,-0.008081992892589592,-86.12440475212684,-0.17808570356828923,-0.13218328445248184,-0.04590241911580739,39.791880590003124,12.871770704756328,9.134000015258788,9.336500024795532,9.692800006866456,9.885800008773804,ORIENTALTL.NS,2025-08-18 11:26:29.643261
92,2025-04-04 00:00:00+05:30,9.239999771118164,9.260000228881836,9.029999732971191,9.079999923706055,182840,0.0,0.0,2025-04-04,9.362500047683715,0.39184946778021906,9.754349515463934,8.970650579903497,10.146198983244153,8.578801112123278,-82.3183735671698,-91.05921858400276,26556224,235487.53774960793,611005.2596588288,11.2405109643827,80.3894946153899,9.123333295186361,9.216666857401531,8.986666361490887,9.353333791097006,8.893332799275717,9.446667353312176,8.756665865580242,-0.03520442163623687,-94.93671344499774,-0.14568381639915273,-0.12070767967353001,-0.024976136725622725,43.431930576751064,12.859641631437421,9.188000106811524,9.362500047683715,9.716600017547607,9.902400007247925,ORIENTALTL.NS,2025-08-18 11:26:29.643261
93,2025-04-03 00:00:00+05:30,9.300000190734863,9.420000076293945,9.140000343322754,9.25,245349,0.0,0.0,2025-04-03,9.386500072479247,0.38831987327702017,9.774819945756267,8.998180199202228,10.163139819033288,8.609860325925206,-65.86199476159784,-72.01916740780801,26739064,321911.7998014472,704884.690136134,11.24352507083116,85.25394809359513,9.270000139872232,9.399999936421711,9.12000020345052,9.549999872843424,8.990000406901041,9.679999669392902,8.840000470479328,-0.027476058109448632,-76.43678727907913,-0.13153772484741388,-0.11446364549212433,-0.017074079355289554,45.62821905942334,13.583634821507545,9.218000030517578,9.386500072479247,9.737800025939942,9.918200006484986,ORIENTALTL.NS,2025-08-18 11:26:29.643261
94,2025-04-02 00:00:00+05:30,9.25,9.399999618530273,9.09000015258789,9.3100004196167,317506,0.0,0.0,2025-04-02,9.398500061035156,0.38758727906589746,9.786087340101053,9.010912781969258,10.17367461916695,8.623325502903361,-64.49241789612141,-72.7724704639885,26984413,419288.0728025495,800627.9127198057,11.247264029429262,83.63348032854921,9.266666730244955,9.44333330790202,9.133333841959637,9.576666196187338,8.956667264302572,9.753332773844402,8.823334376017254,-0.06662620617531398,-62.56156015501203,-0.12817587689198007,-0.11019512565330195,-0.017980751238678122,46.39715335418697,14.067549670179302,9.218000030517578,9.398500061035156,9.755600032806397,9.934500007629394,ORIENTALTL.NS,2025-08-18 11:26:29.643261
95,2025-04-01 00:00:00+05:30,9.34000015258789,9.470000267028809,9.0,9.25,250492,0.0,0.0,2025-04-01,9.404000043869019,0.3870454309578692,9.791045474826888,9.01695461291115,10.178090905784757,8.62990918195328,-78.80053855634209,-78.31761045187359,26666907,328659.7074203038,895962.8726991197,11.25197749890136,78.31844958509828,9.240000089009603,9.480000178019207,9.009999910990398,9.710000356038412,8.769999821980795,9.950000445048016,8.53999964396159,-0.1356246877162173,-58.849548186288864,-0.12783876626141044,-0.10569993784363241,-0.022138828417778034,45.54501787147042,14.633722804410775,9.285999870300293,9.404000043869019,9.770200023651123,9.9525,ORIENTALTL.NS,2025-08-18 11:26:29.643261
96,2025-03-28 00:00:00+05:30,9.220000267028809,10.069999694824219,9.0,9.050000190734863,1270112,0.0,0.0,2025-03-28,9.455500030517578,0.43145370039958,9.886953730917158,9.024046330117999,10.31840743131674,8.592592629718418,-62.74415110313863,-62.23130022873337,26416415,1630427.451244725,1037788.6640188238,11.255827736529577,74.77706345510013,9.373333295186361,9.746666590372723,8.676666895548504,10.44333299001058,8.303333600362143,10.816666285196941,7.606667200724285,-0.20197188835148222,-67.69909637257773,-0.1195610792606061,-0.1001652307391879,-0.019395848521418207,42.72685636197925,15.243447718198514,9.47599983215332,9.455500030517578,9.79120002746582,9.97340000152588,ORIENTALTL.NS,2025-08-18 11:26:29.643261
97,2025-03-27 00:00:00+05:30,9.329999923706055,9.699999809265137,9.15999984741211,9.229999542236328,288567,0.0,0.0,2025-03-27,9.540500020980835,0.5080247455396795,10.048524766520513,9.032475275441156,10.556549512060194,8.524450529901475,-64.46394436324427,-66.61413621344613,27686527,377797.61785040284,889628.9672123485,11.27754994181078,67.72607714476122,9.363333066304525,9.566666285196941,9.026666323343914,9.903333028157553,8.823333104451498,10.106666247049969,8.486666361490887,-0.11556272811371537,-59.73452410390492,-0.08745464909315359,-0.09531626860883334,0.00786161951567975,44.65832897181212,15.900074548431466,9.731999778747559,9.540500020980835,9.815600032806396,9.99869999885559,ORIENTALTL.NS,2025-08-18 11:26:29.643261
98,2025-03-26 00:00:00+05:30,9.800000190734863,9.800000190734863,9.100000381469727,9.25,248676,0.0,0.0,2025-03-26,9.594000053405761,0.5294922389321856,10.123492292337946,9.064507814473576,10.652984531270132,8.53501557554139,-39.23572249120993,-65.54461215695467,27975094,326277.01244930556,1017586.804552835,11.282141333754161,63.434236376924055,9.383333524068197,9.666666666666668,8.966666857401531,10.083333333333334,8.68333371480306,10.366666475931805,8.266667048136394,-0.11173081426590904,-58.849548186288864,-0.06275082767673545,-0.09728167348775327,0.03453084581101781,44.86759232760603,16.898591287042542,9.813999938964844,9.594000053405761,9.832400035858154,10.02460000038147,ORIENTALTL.NS,2025-08-18 11:26:29.643261
99,2025-03-25 00:00:00+05:30,10.449999809265137,10.449999809265137,9.449999809265137,9.649999618530273,347062,0.0,0.0,2025-03-25,9.659000062942505,0.563727201277054,10.222727264219559,9.095272861665451,10.786454465496613,8.531545660388398,57.6672223273391,4.3268674718586935,28223770,475056.46482220315,1190414.2525787172,11.28607584623973,63.76688609691336,9.84999974568685,10.249999682108562,9.249999682108562,10.84999974568685,8.84999974568685,11.249999682108562,8.249999682108562,-0.0635347891331218,-41.150451813711136,-0.032141422193401326,-0.10591438494050771,0.07377296274710639,49.144295867782574,17.973917005546777,9.8,9.659000062942505,9.84200002670288,10.052799997329712,ORIENTALTL.NS,2025-08-18 11:26:29.643261
100,2025-03-24 00:00:00+05:30,10.460000038146973,10.460000038146973,10.130000114440918,10.199999809265137,232515,0.0,0.0,2025-03-24,9.687500095367431,0.5774888459052409,10.264988941272673,9.11001124946219,10.842477787177913,8.53252240355695,146.37679118765922,66.14884373591869,28570832,336404.66545917606,1369253.6995178459,11.290508755729581,60.669324981893915,10.263333320617676,10.396666526794434,10.066666603088379,10.59333324432373,9.933333396911621,10.726666450500488,9.736666679382324,-0.06235629850152186,-16.81416265293601,-0.03185901817691139,-0.12435762562728431,0.09249860745037292,55.95395164034445,18.89482110079215,9.732000160217286,9.687500095367431,9.853000030517578,10.07949999809265,ORIENTALTL.NS,2025-08-18 11:26:29.643261
101,2025-03-21 00:00:00+05:30,9.75,10.579999923706055,9.149999618530273,10.329999923706055,2133694,0.0,0.0,2025-03-21,9.70900011062622,0.6049262369926693,10.31392634761889,9.104073873633551,10.91885258461156,8.499147636640881,154.1666105573644,29.92336808661142,28803347,3126391.2426808956,1627465.9580325133,11.292491869038196,53.22519361643766,10.019999821980795,10.890000025431316,9.459999720255535,11.450000127156576,8.589999516805014,12.320000330607098,8.029999415079754,-0.04520890957166836,-11.061945782354664,-0.08518142851337096,-0.14748227748987752,0.06230084897650656,57.709010346543735,18.26602188664159,9.650000190734863,9.70900011062622,9.857000026702881,10.103299999237061,ORIENTALTL.NS,2025-08-18 11:26:29.643261
102,2025-03-20 00:00:00+05:30,9.369999885559082,10.09000015258789,9.119999885559082,9.640000343322754,1656814,0.0,0.0,2025-03-20,9.712000131607056,0.6083073945236096,10.320307526130666,9.103692737083446,10.928614920654274,8.495385342559837,97.22223050064194,-31.942121515396654,26669653,2265487.5314488695,1252734.6368704175,11.308826342492107,38.2196852752608,9.616666793823242,10.113333702087402,9.143333435058594,10.58666706085205,8.646666526794434,11.083333969116211,8.173333168029785,-0.164903480551332,-54.00694421137943,-0.16496268591917662,-0.16305748973400416,-0.0019051961851724586,49.975752216619476,17.588853502171755,9.484000205993652,9.712000131607056,9.856600036621094,10.128400001525879,ORIENTALTL.NS,2025-08-18 11:26:29.643261
103,2025-03-19 00:00:00+05:30,9.399999618530273,9.399999618530273,9.069999694824219,9.180000305175781,251080,0.0,0.0,2025-03-19,9.75550012588501,0.6334739239473539,10.388974049832365,9.122026201937656,11.022447973779718,8.488552277990303,-20.59126138071658,-95.05258975506189,25012839,326938.2147893653,999546.4132258043,11.331111817303636,39.34098993787717,9.216666539510092,9.363333384195965,9.03333346048991,9.546666463216146,8.886666615804037,9.69333330790202,8.703333536783855,-0.175199285128938,-70.0348207441119,-0.19665293277342144,-0.16258119068771104,-0.0340717420857104,43.59028595876841,17.64993428794608,9.326000213623047,9.75550012588501,9.860600032806396,10.163099994659424,ORIENTALTL.NS,2025-08-18 11:26:29.643261
104,2025-03-17 00:00:00+05:30,9.779999732971191,9.970000267028809,9.109999656677246,9.3100004196167,217378,0.0,0.0,2025-03-17,9.804500102996826,0.6244532370525983,10.428953340049425,9.180046865944227,11.053406577102022,8.55559362889163,38.17506738986108,-61.6829609725669,25263919,287062.30020746886,1167698.462834914,11.335473879982105,39.324477566824726,9.463333447774252,9.816667238871258,8.956666628519695,10.323334058125814,8.60333283742269,10.67666784922282,8.096666018168133,-0.15934359064868492,-65.50519985126668,-0.18894342790152585,-0.15406325516628344,-0.03488017273524241,45.10106043145273,18.854276702528388,9.26200008392334,9.804500102996826,9.872800025939942,10.199399995803834,ORIENTALTL.NS,2025-08-18 11:26:29.643261
105,2025-03-13 00:00:00+05:30,9.739999771118164,10.210000038146973,9.260000228881836,9.789999961853027,1238510,0.0,0.0,2025-03-13,9.834000062942504,0.6137066129122396,10.447706675854743,9.220293450030265,11.061413288766984,8.606586837118025,104.68534136727972,-19.156175359675235,25481297,1719859.932584025,1387857.5034917751,11.33903611142262,46.88105455707315,9.75333340962728,10.246666590372723,9.296666781107586,10.703333218892416,8.803333600362143,11.19666639963786,8.346666971842449,-0.18459678808300478,-48.780476458365804,-0.1890131878150001,-0.14534321198247283,-0.04366997583252727,51.183107415644784,20.244026037686716,9.220000076293946,9.834000062942504,9.882600021362304,10.228299989700318,ORIENTALTL.NS,2025-08-18 11:26:29.643261
106,2025-03-12 00:00:00+05:30,9.0,9.729999542236328,8.84000015258789,9.5,1991034,0.0,0.0,2025-03-12,9.844000053405761,0.6145807399221446,10.458580793327906,9.229419313483616,11.073161533250051,8.614838573561471,-14.225311248520093,-82.32234781130369,24242787,2682953.544435074,1304856.8962187124,11.354714981290742,40.678883063357766,9.356666564941406,9.873332977294922,8.983333587646484,10.246665954589844,8.466667175292969,10.76333236694336,8.093334197998047,-0.24930560256370027,-58.88500514884464,-0.23351134765454162,-0.134425718024341,-0.09908562963020062,47.18760938012202,21.52020238157987,9.086000061035156,9.844000053405761,9.882600021362304,10.246599988937378,ORIENTALTL.NS,2025-08-18 11:26:29.643261
107,2025-03-11 00:00:00+05:30,8.859999656677246,9.079999923706055,8.550000190734863,8.850000381469727,174950,0.0,0.0,2025-03-11,9.897500038146973,0.6294515033796926,10.526951541526666,9.26804853476728,11.156403044906359,8.638597031387587,-105.13328495918128,-170.41588700002126,22251753,219618.08863110736,960332.734164622,11.385393498618866,34.20258022708758,8.826666831970215,9.103333473205566,8.573333740234375,9.356666564941406,8.296667098999023,9.633333206176758,8.043334007263184,-0.2775567165018062,-81.53307638399914,-0.25838382351427036,-0.10965431061679082,-0.14872951289747954,36.34409190450957,22.319593364881236,9.046000099182129,9.897500038146973,9.882800025939941,10.26229998588562,ORIENTALTL.NS,2025-08-18 11:26:29.643261
108,2025-03-10 00:00:00+05:30,9.279999732971191,9.479999542236328,8.319999694824219,8.859999656677246,686819,0.0,0.0,2025-03-10,9.98450002670288,0.5964321827870931,10.580932209489973,9.388067843915788,11.177364392277067,8.791635661128694,-111.0522978337368,-178.17860999107447,22426703,863151.197101617,1145511.3955480007,11.389083864594568,45.059562599640444,8.886666297912598,9.453332901000977,8.293333053588867,10.046666145324707,7.726666450500488,10.613332748413086,7.133333206176758,-0.18517747017812722,-81.18466956845073,-0.2222981093655747,-0.07247193239242093,-0.14982617697315376,36.45100868375851,21.137112681524172,9.188000106811524,9.98450002670288,9.89560001373291,10.279299983978271,ORIENTALTL.NS,2025-08-18 11:26:29.643261
109,2025-03-07 00:00:00+05:30,9.350000381469727,9.4399995803833,8.90999984741211,9.100000381469727,796944,0.0,0.0,2025-03-07,10.024500036239624,0.541328526260918,10.565828562500542,9.483171509978707,11.107157088761461,8.941842983717788,-93.35039280159839,-148.41717538115284,23113522,1028679.5046531892,1216101.4451595966,11.403618512656486,51.24259427725307,9.149999936421713,9.390000025431316,8.860000292460125,9.679999669392904,8.620000203450521,9.919999758402508,8.330000559488933,-0.21694051842135634,-91.66664226710162,-0.17371408412191514,-0.035015388149132486,-0.13869869597278264,39.008397196248524,19.863671945601176,9.314000129699707,10.024500036239624,9.902400016784668,10.301799983978272,ORIENTALTL.NS,2025-08-18 11:26:29.643261
110,2025-03-06 00:00:00+05:30,9.449999809265137,9.579999923706055,9.050000190734863,9.119999885559082,625625,0.0,0.0,2025-03-06,10.044000005722046,0.5125314285142081,10.556531434236254,9.531468577207837,11.069062862750462,9.01893714869363,-100.91908032194812,-141.56304167041367,23910466,809319.1168847582,1262956.9302861984,11.419083266290116,57.67618497969918,9.25,9.449999809265137,8.920000076293945,9.779999732971191,8.720000267028809,9.979999542236328,8.390000343322754,-0.21956846692714532,-96.72898529023794,-0.13251621281797732,-0.0003407141559368179,-0.1321754986620405,39.221330480060615,19.595311149779764,9.378000068664551,10.044000005722046,9.90920000076294,10.327799978256225,ORIENTALTL.NS,2025-08-18 11:26:29.643261
111,2025-03-05 00:00:00+05:30,9.550000190734863,9.779999732971191,9.0600004196167,9.300000190734863,1037920,0.0,0.0,2025-03-05,10.057000017166137,0.49069341198213595,10.547693429148273,9.566306605184002,11.038386841130409,9.075613193201866,-111.06202328397406,-126.89018218578964,24536091,1369171.0548679293,1376366.3836365582,11.431263857177102,55.99511989374567,9.380000114440918,9.699999809265137,8.980000495910645,10.09999942779541,8.660000801086426,10.419999122619629,8.260001182556152,-0.2057898114331699,-88.73240067231828,-0.07973228006918909,0.03270316050957331,-0.1124354405787624,41.096081894274405,19.621253591379645,9.610000038146973,10.057000017166137,9.919799995422363,10.359799976348876,ORIENTALTL.NS,2025-08-18 11:26:29.643261
112,2025-03-04 00:00:00+05:30,9.489999771118164,9.699999809265137,9.40999984741211,9.5600004196167,183578,0.0,0.0,2025-03-04,10.059999990463258,0.48598252270933906,10.545982513172596,9.574017467753919,11.031965035881935,9.08803494504458,-124.50521786885984,-100.68775724698982,25574011,248936.9800782182,1378165.2158287154,11.450162677713335,54.23851182893743,9.556666692097982,9.703333536783855,9.413333574930828,9.84666665395101,9.266666730244955,9.993333498636883,9.1233336130778,-0.19946473663791064,-85.29410802231784,-0.02867208895253448,0.06081202065426391,-0.0894841096067984,43.91131229563999,19.67127544781988,9.9,10.059999990463258,9.923999996185303,10.39619997024536,ORIENTALTL.NS,2025-08-18 11:26:29.643261
113,2025-03-03 00:00:00+05:30,9.430000305175781,10.050000190734863,9.390000343322754,9.489999771118164,939089,0.0,0.0,2025-03-03,10.051999950408936,0.4958629979767464,10.547862948385681,9.55613695243219,11.043725946362429,9.060273954455443,-172.83948989307856,-86.42483292251502,25390433,1264106.9721915375,1660472.2747663397,11.453131847540366,60.53813416532894,9.643333435058594,9.896666526794434,9.236666679382324,10.303333282470703,8.983333587646484,10.556666374206543,8.576666831970215,-0.19903355622954066,-88.72551242464687,0.011528770904707386,0.0831830480559635,-0.07165427715125611,42.93400548661406,20.539508717035933,10.047999954223632,10.051999950408936,9.916199989318848,10.432699966430665,ORIENTALTL.NS,2025-08-18 11:26:29.643261
114,2025-02-28 00:00:00+05:30,10.289999961853027,10.399999618530273,9.260000228881836,9.420000076293945,1458116,0.0,0.0,2025-02-28,10.04049997329712,0.5119876905588516,10.552487663855972,9.528512282738268,11.064475354414823,9.016524592179417,-236.35951849383684,-77.75175295472195,24451344,1948291.1290267261,1759563.6004100402,11.469034718471834,67.27705046524866,9.693333307902018,10.1266663869222,8.986666997273762,10.833332697550455,8.55333391825358,11.266665776570637,7.846667607625324,-0.1776958780634691,-92.15687007823402,0.06971737851489834,0.1010966173437775,-0.031379238828879163,41.995509151166566,21.474529160807066,10.260000038146973,10.04049997329712,9.91260000228882,10.472599964141846,ORIENTALTL.NS,2025-08-18 11:26:29.643261
115,2025-02-27 00:00:00+05:30,11.0,11.1899995803833,10.220000267028809,10.279999732971191,1478378,0.0,0.0,2025-02-27,10.04599995613098,0.5055211946913054,10.551521150822285,9.540478761439676,11.057042345513592,9.03495756674837,60.43602517521521,111.19607122581299,25909460,2155705.678590397,1712381.7182558686,11.495135759872625,75.35856509391138,10.5633331934611,10.90666611989339,9.936666806538899,11.533332506815592,9.593333880106607,11.876665433247883,8.966667493184406,-0.13528885808955077,-55.13514851025793,0.1500540145891982,0.10894142705099728,0.04111258753820092,51.694189589321105,22.481474254099055,10.420000076293945,10.04599995613098,9.917800006866456,10.515999965667724,ORIENTALTL.NS,2025-08-18 11:26:29.643261
116,2025-02-25 00:00:00+05:30,10.609999656677246,11.09000015258789,10.270000457763672,10.75,1699370,0.0,0.0,2025-02-25,10.012999963760375,0.5109548369164061,10.523954800676782,9.502045126843969,11.034909637593188,8.991090289927563,140.7734992069437,147.04863490709525,27387838,2591237.873157539,1601550.7281722366,11.511034854485459,82.87077752692782,10.703333536783854,11.136666615804035,10.316666920979817,11.523333231608072,9.883333841959635,11.956666310628254,9.496667226155598,-0.08028839162496809,-26.960794167626965,0.16593877163900217,0.09866328016644704,0.06727549147255513,58.55702398093793,22.02003889282092,10.490000152587891,10.012999963760375,9.899400005340576,10.553699970245361,ORIENTALTL.NS,2025-08-18 11:26:29.643261
117,2025-02-24 00:00:00+05:30,10.800000190734863,10.800000190734863,10.180000305175781,10.300000190734863,226948,0.0,0.0,2025-02-24,9.970499944686889,0.48089264882459204,10.45139259351148,9.489607295862298,10.932285242336073,9.008714647037705,15.43558772975785,93.4593578054596,25688468,331569.41560922767,1354128.941925911,11.522655652121028,81.09253503870546,10.426666895548502,10.673333485921223,10.05333360036214,11.046666781107584,9.80666700998942,11.293333371480305,9.433333714803059,-0.10768885885336255,-48.07692484037417,0.1374739453266116,0.08184440729830827,0.05562953802830334,53.01090994346585,21.745901906318952,10.418000221252441,9.970499944686889,9.88159999847412,10.589599971771241,ORIENTALTL.NS,2025-08-18 11:26:29.643261
118,2025-02-21 00:00:00+05:30,10.5,10.800000190734863,9.949999809265137,10.550000190734863,1521418,0.0,0.0,2025-02-21,9.946499919891357,0.4755305592834639,10.42203047917482,9.470969360607894,10.897561038458285,8.995438801324429,26.273379153954682,98.61522506938199,25915416,2276731.8802745184,1609768.8235050817,11.525154043276542,82.45789315701899,10.433333396911621,10.916666984558105,10.066666603088379,11.283333778381348,9.583333015441895,11.766667366027832,9.216666221618652,-0.07061537365536728,-34.8837116462233,0.1432655664099407,0.06793702279123243,0.07532854361870828,56.9420038508606,22.151336172591435,10.460000228881835,9.946499919891357,9.883199996948242,10.63299997329712,ORIENTALTL.NS,2025-08-18 11:26:29.643261
119,2025-02-20 00:00:00+05:30,10.779999732971191,10.779999732971191,10.0600004196167,10.220000267028809,333183,0.0,0.0,2025-02-20,9.894999933242797,0.46232257963844625,10.357322512881243,9.432677353604351,10.81964509251969,8.970354773965905,11.716100620845097,85.82519355940049,24393998,482997.19955249137,1443028.0593127224,11.538697890800108,80.72597193475328,10.353333473205566,10.646666526794434,9.926667213439941,11.073332786560059,9.633334159851074,11.366665840148926,9.20666790008545,-0.12509912485999541,-49.76957998778242,0.12388869391192969,0.04910488688655535,0.07478380702537435,52.63696656799939,22.587957690115648,10.382000160217284,9.894999933242797,9.88359998703003,10.676899967193604,ORIENTALTL.NS,2025-08-18 11:26:29.643261
120,2025-02-19 00:00:00+05:30,10.489999771118164,10.760000228881836,10.380000114440918,10.630000114440918,555237,0.0,0.0,2025-02-19,9.88449993133545,0.45690584285480645,10.341405774190257,9.427594088480642,10.798311617045062,8.970688245625837,87.90561738093146,139.20953168804613,24727181,837187.122533486,1683035.7742527802,11.542721088637812,81.05411452018865,10.59000015258789,10.800000190734863,10.420000076293945,10.970000267028809,10.210000038146973,11.180000305175781,10.039999961853027,-0.12439283236991207,-29.777781168619793,0.1297033163982242,0.03040893513021176,0.09929438126801243,59.50016411192751,22.684533547104675,10.318000030517577,9.88449993133545,9.898999977111817,10.724099960327148,ORIENTALTL.NS,2025-08-18 11:26:29.643261
121,2025-02-18 00:00:00+05:30,10.600000381469727,11.050000190734863,10.130000114440918,10.390000343322754,2072647,0.0,0.0,2025-02-18,9.87049994468689,0.4367039337320619,10.307203878418951,9.433796010954827,10.743907812151013,8.997092077222765,84.86406684970481,133.1533584636285,24171944,3054581.909073996,1894497.9371826034,11.54738524851392,79.61445601644898,10.523333549499512,10.916666984558105,9.99666690826416,11.443333625793457,9.603333473205566,11.83666706085205,9.076666831970215,-0.08515362845301175,-40.444437662760414,0.09480382057269132,0.005585339813208651,0.08921848075948267,56.41089073157326,21.6036942385399,10.189999961853028,9.87049994468689,9.907399978637695,10.77029995918274,ORIENTALTL.NS,2025-08-18 11:26:29.643261
122,2025-02-17 00:00:00+05:30,10.640000343322754,10.850000381469727,10.149999618530273,10.510000228881836,1043935,0.0,0.0,2025-02-17,9.849499940872192,0.4201939298994828,10.269693870771675,9.42930601097271,10.689887800671158,9.009112081073226,90.16295201012416,136.04453705903785,26244591,1556277.5591633194,1604476.9442097554,11.569892615788566,74.89129387222911,10.50333340962728,10.856667200724285,10.156666437784832,11.203334172566732,9.803332646687826,11.556667963663738,9.456665674845379,-0.02953972891008477,-35.1111094156901,0.07232180988235726,-0.016719280376662017,0.08904109025901927,58.48203759472191,20.439713444700914,10.22599983215332,9.849499940872192,9.912199974060059,10.822099952697753,ORIENTALTL.NS,2025-08-18 11:26:29.643261
123,2025-02-14 00:00:00+05:30,9.90999984741211,10.479999542236328,9.800000190734863,10.15999984741211,1146625,0.0,0.0,2025-02-14,9.830999946594238,0.39709343281826465,10.228093379412503,9.433906513775973,10.625186812230767,9.036813080957709,43.58067085205006,66.26775745010374,25200656,1652441.0652284853,1616526.7904713643,11.580376725681422,72.62746633218333,10.146666526794434,10.493332862854004,9.813333511352539,10.826665878295898,9.466667175292969,11.173332214355469,9.133334159851074,-0.030191289768145405,-50.66668192545573,0.030624067922513376,-0.038979552941416834,0.06960362086393021,53.89774625787017,19.543576958841022,10.24199981689453,9.830999946594238,9.925799961090087,10.875899953842163,ORIENTALTL.NS,2025-08-18 11:26:29.643261
124,2025-02-13 00:00:00+05:30,10.0,10.59000015258789,9.800000190734863,9.899999618530273,1008032,0.0,0.0,2025-02-13,9.829999971389771,0.3962456046438941,10.226245576033666,9.433754366745877,10.62249118067756,9.037508762101982,46.83933140383568,58.80443134310971,24054031,1415534.2050318602,1607548.2217820839,11.595978199721836,64.87502319791872,10.09666665395101,10.393333117167156,9.603333155314129,10.886666615804037,9.306666692097982,11.183333079020183,8.813333193461101,-0.03621276000567611,-62.22224765353732,0.011244056044089845,-0.05638045815739938,0.06762451420148922,50.09686191053534,19.332664665385334,10.141999816894531,9.829999971389771,9.95819995880127,10.936499948501586,ORIENTALTL.NS,2025-08-18 11:26:29.643261
125,2025-02-12 00:00:00+05:30,10.5600004196167,11.300000190734863,9.890000343322754,9.989999771118164,1406144,0.0,0.0,2025-02-12,9.836999988555908,0.39877582710490034,10.235775815660809,9.438224161451007,10.63455164276571,9.039448334346107,108.68083458882,125.83291707564673,25062063,1992535.8663990304,1655551.7259696396,11.61251492121766,70.67131872163844,10.393333435058594,10.896666526794434,9.486666679382324,11.803333282470703,8.983333587646484,12.306666374206543,8.076666831970215,0.019272016885032123,-58.2222408718533,0.011867486770771762,-0.07328658670777168,0.08515407347854344,51.46057049081238,19.10552834935613,10.05999984741211,9.836999988555908,10.001199970245361,11.003099946975707,ORIENTALTL.NS,2025-08-18 11:26:29.643261
126,2025-02-11 00:00:00+05:30,10.479999542236328,10.9399995803833,10.050000190734863,10.569999694824219,2104166,0.0,0.0,2025-02-11,9.852500009536744,0.4108768727161001,10.263376882252844,9.441623136820644,10.674253754968944,9.030746264104543,177.07446061702996,161.9677794524739,26468207,3154756.5072535477,1571305.690862292,11.634887747693591,83.63802168193494,10.519999821980795,10.989999453226726,10.100000063578289,11.409999211629232,9.630000432332357,11.879998842875164,9.210000673929851,0.13218905219080396,-19.576719843698278,0.003622205222475472,-0.09457510507740752,0.09819731029988299,61.47456408666324,18.567206274989843,9.93799991607666,9.852500009536744,10.035599975585937,11.07219994544983,ORIENTALTL.NS,2025-08-18 11:26:29.643261
127,2025-02-10 00:00:00+05:30,9.770000457763672,10.619999885559082,9.479999542236328,10.59000015258789,1721075,0.0,0.0,2025-02-10,9.837500047683715,0.38815197341793395,10.225652021101649,9.449348074265782,10.613803994519582,9.061196100847848,163.37361029748118,103.07164239837607,28572373,2585274.32900898,1175442.986764478,11.657323529218422,80.95220722814106,10.229999860127768,10.980000178019207,9.839999834696453,11.370000203450521,9.089999516805014,12.12000052134196,8.699999491373699,0.12632768560933577,-1.9108113886958593,-0.06411034023423134,-0.11912443265237826,0.05501409241814692,61.8600069385022,18.733207838174657,9.695999908447266,9.837500047683715,10.047399978637696,11.132199945449829,ORIENTALTL.NS,2025-08-18 11:26:29.643261
128,2025-02-07 00:00:00+05:30,9.779999732971191,10.399999618530273,9.449999809265137,9.65999984741211,1755639,0.0,0.0,2025-02-07,9.811500024795532,0.3507028123438951,10.162202837139427,9.460797212451636,10.512905649483322,9.11009440010774,100.51277743757295,12.119463480203303,26851298,2405598.8671318046,822985.1512033524,11.676039072309777,70.13168409874842,9.836666425069174,10.22333304087321,9.273333231608074,10.78666623433431,8.886666615804037,11.173332850138348,8.323333422342937,-0.04588573243728329,-56.73760831982858,-0.1518268966936489,-0.132877955756915,-0.01894894093673391,47.70129514602236,19.692805340427622,9.457999801635742,9.811500024795532,10.048199977874756,11.19539994239807,ORIENTALTL.NS,2025-08-18 11:26:29.643261
129,2025-02-06 00:00:00+05:30,9.670000076293945,10.0,9.260000228881836,9.489999771118164,700878,0.0,0.0,2025-02-06,9.815000009536742,0.34945836407208575,10.164458373608829,9.465541645464656,10.513916737680914,9.116083281392571,8.109955581057555,-45.858682357614775,25095659,943451.3304443567,427331.7222212393,11.712757107434339,55.43850110014223,9.583333333333334,9.906666437784832,9.166666666666668,10.323333104451498,8.84333356221517,10.646666208902996,8.426666895548504,0.005275035959162228,-68.7943526241603,-0.17023932306462441,-0.1281407205227315,-0.042098602541892904,44.18422197120053,21.08307061043767,9.377999877929687,9.815000009536742,10.057599983215333,11.264699945449829,ORIENTALTL.NS,2025-08-18 11:26:29.643261
130,2025-02-05 00:00:00+05:30,9.5,9.680000305175781,9.220000267028809,9.380000114440918,146733,0.0,0.0,2025-02-05,9.850500011444092,0.3507658166362323,10.201265828080324,9.49973419480786,10.552031644716557,9.148968378171627,-59.05344089053578,-79.25286696270543,24394781,195227.73327028766,298301.82016545994,11.729036903474624,45.10878675875865,9.426666895548502,9.633333524068195,9.173333485921223,9.886666933695475,8.96666685740153,10.093333562215168,8.71333344777425,0.03970722871759386,-76.5957475589993,-0.17449099290359982,-0.11761606988725828,-0.05687492301634153,41.83394435148167,21.287840865116742,9.385999870300292,9.850500011444092,10.066599979400635,11.332499952316285,ORIENTALTL.NS,2025-08-18 11:26:29.643261
131,2025-02-04 00:00:00+05:30,9.149999618530273,9.65999984741211,9.149999618530273,9.359999656677246,157288,0.0,0.0,2025-02-04,9.90149998664856,0.35290197088083186,10.254401957529392,9.548598015767727,10.607303928410223,9.195696044886896,-81.48155706608439,-89.05439663655467,24248048,208824.905839612,324070.341889253,11.732644338624333,41.51040877391151,9.389999707539877,9.62999979654948,9.119999567667644,9.899999936421713,8.879999478658041,10.140000025431316,8.609999338785808,0.04273011212896894,-78.76716042173307,-0.16645731623825988,-0.1033973391331729,-0.06305997710508698,41.417475145580504,20.23286174081657,9.433999824523926,9.90149998664856,10.073999977111816,11.398299951553344,ORIENTALTL.NS,2025-08-18 11:26:29.643261
132,2025-02-03 00:00:00+05:30,9.260000228881836,9.600000381469727,9.130000114440918,9.399999618530273,150037,0.0,0.0,2025-02-03,9.949000024795533,0.339874678442138,10.28887470323767,9.609125346353395,10.628749381679809,9.269250667911257,-104.6312182284652,-95.42070389870293,24405336,200049.31980270223,352881.70090166316,11.736556571757799,42.51240735771135,9.376666704813639,9.62333329518636,9.153333028157551,9.846666971842447,8.90666643778483,10.093333562215168,8.683332761128742,0.12102744354098326,-77.4193945337856,-0.15167995305760407,-0.08763234485690115,-0.06404760820070292,41.975631445069816,19.01164728474251,9.541999816894531,9.949000024795533,10.077999992370605,11.461199951171874,ORIENTALTL.NS,2025-08-18 11:26:29.643261
133,2025-02-01 00:00:00+05:30,9.529999732971191,9.619999885559082,9.050000190734863,9.260000228881836,306804,0.0,0.0,2025-02-01,9.971000051498413,0.31585978288508987,10.286859834383502,9.655140268613323,10.602719617268592,9.339280485728233,-144.6828569350876,-110.42890583676258,24255299,402979.43735597766,391089.7961764034,11.740237478416782,45.50776843301933,9.31000010172526,9.570000012715656,9.000000317891438,9.879999796549479,8.740000406901041,10.139999707539875,8.430000623067219,0.11574631218281105,-86.45161210932429,-0.13440165927308279,-0.07162044280672542,-0.06278121646635737,39.317867498572284,17.451960885844827,9.62599983215332,9.971000051498413,10.077600002288818,11.52069995880127,ORIENTALTL.NS,2025-08-18 11:26:29.643261
134,2025-01-31 00:00:00+05:30,9.680000305175781,9.680000305175781,9.3100004196167,9.529999732971191,119215,0.0,0.0,2025-01-31,9.997500038146972,0.27229781927760743,10.26979785742458,9.725202218869365,10.542095676702187,9.452904399591757,-132.1371705947139,-80.44758910783514,24562103,161151.61523814645,388117.3858815098,11.748253070130557,45.641713840924005,9.506666819254557,9.703333218892414,9.333333333333332,9.876666704813639,9.136666933695475,10.073333104451496,8.96333344777425,0.1263311709925344,-71.33337656656902,-0.09645599992793308,-0.05592513869013606,-0.04053086123779702,42.83118252242812,15.77229861010886,9.677999877929688,9.997500038146972,10.076599998474121,11.5785999584198,ORIENTALTL.NS,2025-08-18 11:26:29.643261
135,2025-01-30 00:00:00+05:30,9.800000190734863,10.069999694824219,9.529999732971191,9.619999885559082,163419,0.0,0.0,2025-01-30,10.011000061035157,0.25397685216862653,10.264976913203784,9.75702320886653,10.518953765372409,9.503046356697904,-90.5842875809025,-48.58459951575114,24681318,222991.59131431393,444858.8285423506,11.751042202401086,40.470200695733524,9.739999771118164,9.949999809265137,9.40999984741211,10.279999732971191,9.199999809265137,10.489999771118164,8.869999885559082,0.1238405837451714,-66.66668704432998,-0.07300346298835514,-0.04579242338068681,-0.02721103960766833,44.04950492962054,14.409952202168352,9.773999977111817,10.011000061035157,10.073999996185302,11.636699962615968,ORIENTALTL.NS,2025-08-18 11:26:29.643261
136,2025-01-29 00:00:00+05:30,9.819999694824219,10.140000343322754,9.800000190734863,9.899999618530273,96531,0.0,0.0,2025-01-29,10.019500064849854,0.24280114157273022,10.262301206422585,9.776698923277124,10.505102347995315,9.533897781704393,-28.838364732660505,-23.45449749011849,24844737,135554.16132219063,500325.6378493598,11.754721550434697,39.77022936999492,9.946666717529297,10.09333324432373,9.75333309173584,10.286666870117188,9.606666564941406,10.433333396911621,9.41333293914795,0.16309294103721303,-48.717980068199964,-0.05073464719196963,-0.03898966347876972,-0.01174498371319991,47.99329286045496,13.358410934680801,9.920000076293945,10.019500064849854,10.073600006103515,11.690599966049195,ORIENTALTL.NS,2025-08-18 11:26:29.643261
137,2025-01-28 00:00:00+05:30,9.529999732971191,9.989999771118164,9.100000381469727,9.819999694824219,722327,0.0,0.0,2025-01-28,10.000000095367431,0.26732596331818764,10.267326058685619,9.732674132049244,10.534652022003806,9.465348168731056,-163.6607070881081,-66.14729390145482,24748206,1006134.8549869955,591518.506981152,11.756615049123244,42.036771453709434,9.636666615804037,10.173332850138348,9.28333346048991,10.526666005452475,8.7466672261556,11.063332239786785,8.393334070841473,0.15909435527397495,-54.43042100497963,-0.049030839348427335,-0.036053417550469744,-0.012977421797957592,46.727917216466224,12.790314469686683,9.934000205993652,10.000000095367431,10.071600017547608,11.734699974060058,ORIENTALTL.NS,2025-08-18 11:26:29.643261
138,2025-01-27 00:00:00+05:30,10.029999732971191,10.140000343322754,9.5,9.520000457763672,150213,0.0,0.0,2025-01-27,9.983500099182129,0.28837616439865116,10.27187626358078,9.695123934783478,10.560252427979432,9.406747770384825,-192.148291486475,-58.023819972898984,24025879,202840.8212869847,487864.41997969104,11.771523312487245,54.17998827652708,9.720000267028809,9.940000534057617,9.300000190734863,10.360000610351562,9.079999923706055,10.580000877380371,8.65999984741211,0.12331038183252353,-98.3050463905861,-0.038227777133016616,-0.03280906210098034,-0.005418715032036274,41.79669784132113,11.662612416468395,9.998000335693359,9.983500099182129,10.075200023651123,11.77277997970581,ORIENTALTL.NS,2025-08-18 11:26:29.643261
139,2025-01-24 00:00:00+05:30,10.460000038146973,10.460000038146973,9.90999984741211,10.010000228881836,258715,0.0,0.0,2025-01-24,9.967500066757202,0.3223251217102705,10.289825188467471,9.645174945046932,10.612150310177743,9.32284982333666,16.846146068548375,-7.422429682227258,24176092,367338.6012979991,559120.3196528676,11.775133498044006,57.541978096497935,10.126666704813639,10.343333562215168,9.793333371480305,10.676666895548502,9.576666514078775,10.893333752950031,9.243333180745442,0.14664506139826566,-58.77191881724343,0.00572800430984266,-0.03145438334297127,0.03718238765281393,48.623018863305155,11.338152324852828,10.122000312805175,9.967500066757202,10.081000022888183,11.816884965896607,ORIENTALTL.NS,2025-08-18 11:26:29.643261
140,2025-01-23 00:00:00+05:30,10.050000190734863,10.460000038146973,9.539999961853027,10.350000381469727,995285,0.0,0.0,2025-01-23,9.939000034332276,0.34291180851832875,10.281911842850604,9.596088225813947,10.624823651368933,9.253176417295618,0.2514361202655983,-8.0599477821222,24434807,1461163.099429274,607065.7492415847,11.780021662170745,57.712939230138744,10.116666793823242,10.693333625793457,9.773333549499512,11.036666870117188,9.196666717529297,11.613333702087402,8.853333473205566,0.17805044835009237,-26.19046537784418,0.013660383330199366,-0.04074998025617476,0.054410363586374126,54.341409047804746,12.146657109045792,10.128000259399414,9.939000034332276,10.08120002746582,11.849807271957397,ORIENTALTL.NS,2025-08-18 11:26:29.643261
141,2025-01-22 00:00:00+05:30,10.199999809265137,10.199999809265137,9.670000076293945,9.970000267028809,386411,0.0,0.0,2025-01-22,9.903999996185302,0.33437148908816744,10.23837148527347,9.569628507097134,10.572742974361637,9.235257018008967,-111.48392820974958,-28.422941726630288,23439522,546456.4069439137,393541.41169466224,11.795420509977852,49.67361514251241,9.946666717529297,10.223333358764648,9.693333625793457,10.476666450500488,9.416666984558105,10.75333309173584,9.163333892822266,0.06202443441751677,-56.34919914078501,-0.009875606789968572,-0.05435257115276829,0.04447696436279972,47.993853049183784,13.01735456894591,10.11800022125244,9.903999996185302,10.078800010681153,11.873046884536743,ORIENTALTL.NS,2025-08-18 11:26:29.643261
142,2025-01-21 00:00:00+05:30,10.300000190734863,10.300000190734863,9.880000114440918,10.140000343322754,193344,0.0,0.0,2025-01-21,9.880999994277953,0.3452368630615289,10.226236857339483,9.535763131216424,10.571473720401011,9.190526268154896,-32.921691508501226,-6.534588757399597,23825933,278086.26572179486,355312.6628823494,11.803084061233536,57.25832611342583,10.106666882832846,10.333333651224773,9.913333574930828,10.526666959126791,9.6866668065389,10.753333727518719,9.493333498636883,0.0821497823437214,-39.70586172850587,-0.0024349221611537075,-0.06547181224346822,0.06303689008231451,50.93546191999715,13.113820588417912,10.178000259399415,9.880999994277953,10.088199996948243,11.906757011413575,ORIENTALTL.NS,2025-08-18 11:26:29.643261
143,2025-01-20 00:00:00+05:30,9.859999656677246,10.369999885559082,9.859999656677246,10.140000343322754,197713,0.0,0.0,2025-01-20,9.832499980926514,0.37388261719568866,10.206382598122202,9.458617363730825,10.58026521531789,9.084734746535137,-5.52107454900172,-1.7404359049302538,24019277,284370.189168804,374619.262172488,11.806584929613685,61.22218516611292,10.123333295186361,10.386666933695476,9.87666670481364,10.633333524068197,9.613333066304525,10.896667162577312,9.366666475931805,0.06586225421204864,-39.70586172850587,-0.009614130079558691,-0.08123103476404683,0.07161690468448814,50.935461919997145,13.81871702988699,10.164000129699707,9.832499980926514,10.09859998703003,11.94582546234131,ORIENTALTL.NS,2025-08-18 11:26:29.643261
144,2025-01-17 00:00:00+05:30,10.3100004196167,10.510000228881836,9.850000381469727,10.039999961853027,147431,0.0,0.0,2025-01-17,9.79099998474121,0.383884600423807,10.174884585165017,9.407115384317404,10.558769185588824,9.023230783893597,13.001449571002398,2.034690877609592,23821564,209958.46728078838,397181.53042340896,11.810180182429757,66.9646004704467,10.133333524068197,10.416666666666668,9.756666819254558,10.793333371480307,9.473333676656088,11.076666514078777,9.096666971842449,0.02426660542680809,-37.426919827223216,-0.01866002309509973,-0.09913526093516888,0.08047523784006914,49.36124700282413,14.577836274545996,10.081999969482421,9.79099998474121,10.113399982452393,11.992107372283936,ORIENTALTL.NS,2025-08-18 11:26:29.643261
145,2025-01-16 00:00:00+05:30,10.550000190734863,10.600000381469727,10.0600004196167,10.300000190734863,210381,0.0,0.0,2025-01-16,9.773000001907349,0.38001525558227156,10.15301525748962,9.392984746325077,10.533030513071893,9.012969490742805,90.60450881714586,25.342553389975592,23968995,307365.14631230466,443987.296209064,11.813032332180768,69.08924123751595,10.320000330607096,10.580000241597492,10.040000279744465,10.860000292460123,9.780000368754068,11.12000020345052,9.500000317891438,0.12068045851632886,-22.22222841893629,-0.020110257294568612,-0.11925407039518615,0.09914381310061754,53.505884183790585,15.395349307255696,10.113999938964843,9.773000001907349,10.134799976348877,12.064807367324828,ORIENTALTL.NS,2025-08-18 11:26:29.643261
146,2025-01-15 00:00:00+05:30,10.069999694824219,10.569999694824219,9.819999694824219,10.270000457763672,355607,0.0,0.0,2025-01-15,9.725999975204468,0.36938642802443916,10.095386403228908,9.356613547180029,10.464772831253347,8.98722711915559,75.43252899645789,15.84396811600417,23758614,518026.0927628851,478142.83368325385,11.816519078635547,66.61889023900113,10.21999994913737,10.62000020345052,9.87000020345052,10.96999994913737,9.46999994913737,11.37000020345052,9.12000020345052,0.09895390216036583,-23.976598728991977,-0.047268378814152356,-0.14404002367034052,0.09677164485618817,53.08381238648196,16.319684688882823,10.133999824523926,9.725999975204468,10.155599975585938,12.106107368469239,ORIENTALTL.NS,2025-08-18 11:26:29.643261
147,2025-01-14 00:00:00+05:30,9.550000190734863,10.210000038146973,9.550000190734863,10.069999694824219,274645,0.0,0.0,2025-01-14,9.705499935150147,0.34838686056935153,10.0538867957195,9.357113074580795,10.40227365628885,9.008726214011444,2.086771483910444,-14.441290311002193,23403007,392294.32501571643,468172.018913346,11.822566721622607,63.53174019344775,9.943333307902018,10.336666425069172,9.676666577657063,10.603333155314127,9.283333460489908,10.996666272481281,9.016666730244953,-0.2090947104582497,-35.67254951716753,-0.07836829737896878,-0.16823293488438756,0.08986463750541879,50.29027996988391,17.391125880083557,10.141999816894531,9.705499935150147,10.181799964904785,12.124307365417481,ORIENTALTL.NS,2025-08-18 11:26:29.643261
148,2025-01-13 00:00:00+05:30,9.729999542236328,10.65999984741211,9.6899995803833,9.729999542236328,656262,0.0,0.0,2025-01-13,9.720999956130981,0.37158126487972504,10.092581221010706,9.349418691251257,10.464162485890432,8.977837426371531,39.6867475020672,-4.961595310131403,23128362,905734.5796924757,487141.4423877533,11.827875818557898,70.77733393450224,10.026666323343912,10.363333066304524,9.393332799275715,10.99666659037272,9.056666056315104,11.333333333333332,8.423332532246906,-0.24741316920534054,-55.555598932554034,-0.0973011740795986,-0.19069909426074225,0.09339792018114365,45.13318683314208,17.94727455796255,10.095999908447265,9.720999956130981,10.216799964904785,12.13680736541748,ORIENTALTL.NS,2025-08-18 11:26:29.643261
149,2025-01-10 00:00:00+05:30,10.300000190734863,10.390000343322754,10.09000015258789,10.199999809265137,238374,0.0,0.0,2025-01-10,9.762999963760375,0.4173109179595409,10.180310881719915,9.345689045800835,10.597621799679457,8.928378127841293,103.62231988745955,18.243864743229086,23784624,344881.5161351554,382493.15806157264,11.843172123968413,86.33924795701645,10.226666768391928,10.363333384195965,10.063333193461101,10.526666959126791,9.926666577657064,10.663333574930828,9.763333002726238,-0.17618607084182783,-28.07020381302407,-0.08658186976599502,-0.21404857430602817,0.12746670454003314,52.06678515265406,18.88274531597843,10.107999992370605,9.762999963760375,10.263599967956543,12.150707368850709,ORIENTALTL.NS,2025-08-18 11:26:29.643261
150,2025-01-09 00:00:00+05:30,10.5,10.680000305175781,10.15999984741211,10.399999618530273,275894,0.0,0.0,2025-01-09,9.802499961853027,0.49162321409018667,10.294123175943213,9.31087674776284,10.7857463900334,8.819253533672653,176.57189600909533,40.167079664885726,24022998,406992.54143647273,391896.0685431769,11.847535504943648,88.76530421931622,10.413333257039389,10.666666666666668,10.146666208902996,10.93333371480306,9.893332799275717,11.18666712443034,9.626665751139324,-0.17731858972111875,-16.37430879527513,-0.11783397054511546,-0.24591525044103643,0.12808127989592097,55.43165258824846,19.70507342650887,10.02800006866455,9.802499961853027,10.305999965667725,12.155907373428345,ORIENTALTL.NS,2025-08-18 11:26:29.643261
151,2025-01-08 00:00:00+05:30,9.619999885559082,10.329999923706055,9.619999885559082,10.3100004196167,519510,0.0,0.0,2025-01-08,9.834999990463256,0.5510898413790454,10.386089831842302,9.28391014908421,10.937179673221348,8.732820307705165,152.1191531263764,3.613688699941889,23747104,759737.3295158427,388121.950319853,11.851998121423597,69.79641993795802,10.086666742960611,10.55333360036214,9.843333562215168,10.796666781107584,9.376666704813639,11.263333638509113,9.133333524068195,-0.04387617341494889,-1.3888548553626645,-0.1757577175983549,-0.27793557041501665,0.10217785281666175,54.19470671900149,20.38504300726365,9.906000137329102,9.834999990463256,10.34959997177124,12.159707374572754,ORIENTALTL.NS,2025-08-18 11:26:29.643261
152,2025-01-07 00:00:00+05:30,9.850000381469727,10.149999618530273,9.550000190734863,9.84000015258789,193962,0.0,0.0,2025-01-07,9.850999975204468,0.5699298226119189,10.420929797816386,9.28107015259255,10.990859620428306,8.71114032998063,112.3396275322231,-24.578869157803453,23227594,270721.4266610275,295218.1055208555,11.861001885146061,59.91811497742729,9.84666665395101,10.143333117167156,9.543333689371746,10.44666608174642,9.2466672261556,10.743332544962566,8.943334261576336,,-27.480901026037504,-0.23839111328717877,-0.3034800336191821,0.06508892033200331,47.071331943138304,21.90053966841911,9.74600009918213,9.850999975204468,10.400199966430664,12.164507369995118,ORIENTALTL.NS,2025-08-18 11:26:29.643261
153,2025-01-06 00:00:00+05:30,9.979999542236328,10.199999809265137,9.420000076293945,9.789999961853027,287686,0.0,0.0,2025-01-06,9.918499946594238,0.6437249361565657,10.562224882750805,9.274775010437672,11.205949818907369,8.631050074281108,120.62147246527655,-31.106020771692393,23033632,399495.86564934306,301342.27523581247,11.865417361881777,32.211703041609056,9.803333282470703,10.186666488647461,9.40666675567627,10.583333015441895,9.023333549499512,10.966666221618652,8.626667022705078,,-51.61291480354049,-0.2686809479346213,-0.31975226370218285,0.051071315767561576,46.2455371978705,23.02178406981706,9.676000022888184,9.918499946594238,10.46559995651245,12.175807371139527,ORIENTALTL.NS,2025-08-18 11:26:29.643261
154,2025-01-03 00:00:00+05:30,9.899999618530273,9.960000038146973,9.609999656677246,9.800000190734863,216568,0.0,0.0,2025-01-03,10.017999935150147,0.7651597125786768,10.783159647728825,9.25284022257147,11.5483193603075,8.487680509992794,154.76794642553867,-34.63915408421773,23321318,301044.8771471376,276803.87763242977,11.87216463146269,26.66613370451799,9.789999961853027,9.970000267028809,9.619999885559082,10.140000343322754,9.4399995803833,10.320000648498535,9.269999504089355,,-51.075267990223296,-0.2984659303588284,-0.33252009264407323,0.03405416228524483,46.37992396127709,24.22927804055331,9.557999992370606,10.017999935150147,10.525999965667724,12.183707370758057,ORIENTALTL.NS,2025-08-18 11:26:29.643261
155,2025-01-02 00:00:00+05:30,9.319999694824219,9.880000114440918,9.319999694824219,9.789999961853027,234972,0.0,0.0,2025-01-02,10.130499935150146,0.8871092758726735,11.017609211022819,9.243390659277473,11.904718486895494,8.356281383404799,140.17646799259694,-49.90055900523847,23104750,326294.440964654,270743.6277537528,11.87724840928339,21.783215296875767,9.663333257039389,10.006666819254558,9.44666639963786,10.223333676656088,9.10333283742269,10.566667238871258,8.88666598002116,,-58.715601547752634,-0.3330623935742594,-0.34103363321538444,0.00797123964112506,46.23484552016656,24.85227918173909,9.485999870300294,10.130499935150146,10.57399995803833,12.19140736579895,ORIENTALTL.NS,2025-08-18 11:26:29.643261
156,2025-01-01 00:00:00+05:30,9.75,9.75,9.449999809265137,9.510000228881836,107423,0.0,0.0,2025-01-01,10.226499938964844,0.9499821274870242,11.176482066451868,9.27651781147782,12.126464193938892,8.326535683990796,107.12425267016344,-61.54252738771196,22869778,144906.76977991537,256855.92445102753,11.882819187764117,27.971487886591945,9.570000012715658,9.69000021616618,9.390000025431316,9.870000203450521,9.269999821980795,9.990000406901043,9.089999834696453,,-77.12177576266672,-0.37132507933786485,-0.34302644312566566,-0.02829863621219919,42.166394710396936,25.29042464236069,9.457999801635742,10.226499938964844,10.610599956512452,12.20020736694336,ORIENTALTL.NS,2025-08-18 11:26:29.643261
157,2024-12-31 00:00:00+05:30,8.970000267028809,9.649999618530273,8.970000267028809,9.489999771118164,296290,0.0,0.0,2024-12-31,10.308999919891358,0.9561099946580474,11.265109914549406,9.35288992523331,12.221219909207452,8.396779930575264,-54.70399899788231,-83.24634564287767,22762355,398835.73845570616,284843.21311880555,11.885717984405078,40.72485963034656,9.369999885559082,9.769999504089355,9.09000015258789,10.049999237060547,8.690000534057617,10.44999885559082,8.410000801086426,,-77.85980002400022,-0.3871110430253477,-0.3359517840726158,-0.051159258952731934,41.87466482414545,25.762273599953183,9.457999801635742,10.308999919891358,10.641799945831298,12.21230736732483,ORIENTALTL.NS,2025-08-18 11:26:29.643261
158,2024-12-30 00:00:00+05:30,9.4399995803833,9.4399995803833,9.119999885559082,9.199999809265137,28230,0.0,0.0,2024-12-30,10.365999937057495,0.9385341302121027,11.304534067269598,9.427465806845392,12.243068197481701,8.488931676633289,-81.9893181524773,-96.9305636314608,22466065,36839.147175751175,256345.08178458037,11.893817787264005,36.69957279711934,9.25333309173584,9.386666297912598,9.066666603088379,9.573332786560059,8.933333396911621,9.706665992736816,8.74666690826416,,-88.5609054768002,-0.39948679928448705,-0.32316196933443275,-0.0763248299500543,37.63925677700785,26.005550233984646,9.3939998626709,10.365999937057495,10.662999954223633,12.225007371902466,ORIENTALTL.NS,2025-08-18 11:26:29.643261
159,2024-12-27 00:00:00+05:30,9.800000190734863,9.800000190734863,9.270000457763672,9.4399995803833,37131,0.0,0.0,2024-12-27,10.412499952316285,0.8999700155171456,11.312469967833431,9.512529936799138,12.212439983350576,8.612559921281994,-38.63721571636186,-78.03584332254455,22494295,49718.66878526663,311221.56543678767,11.89468582932127,35.91162495921603,9.50333340962728,9.736666361490887,9.206666628519695,10.03333314259847,8.973333676656088,10.266666094462078,8.676666895548504,,-79.70482548640028,-0.38071808492945536,-0.3040807618469192,-0.07663732308253618,39.87193240713568,25.704390637985696,9.41599998474121,10.412499952316285,10.701199951171875,12.238807373046875,ORIENTALTL.NS,2025-08-18 11:26:29.643261
160,2024-12-26 00:00:00+05:30,9.460000038146973,9.890000343322754,9.119999885559082,9.649999618530273,52247,0.0,0.0,2024-12-26,10.437499952316283,0.8782151209858526,11.315715073302137,9.55928483133043,12.193930194287988,8.681069710344579,-41.696806596390445,-77.07838742367134,22531426,71515.3924012587,376597.2895996679,11.89572665593053,35.5940761488945,9.553333282470703,9.986666679382324,9.216666221618652,10.323333740234375,8.783332824707031,10.756667137145996,8.44666576385498,,-74.58196209415414,-0.3745563283285236,-0.28492143107628515,-0.08963489725223844,41.89089172329845,25.602377736363565,9.464000129699707,10.437499952316283,10.746399955749512,12.25570737838745,ORIENTALTL.NS,2025-08-18 11:26:29.643261
161,2024-12-24 00:00:00+05:30,9.180000305175781,9.600000381469727,9.0,9.510000228881836,191162,0.0,0.0,2024-12-24,10.44249997138977,0.8737690162298655,11.316268987619635,9.568730955159905,12.190038003849502,8.694961938930039,-71.65931358789535,-95.60134427028254,22479179,257865.3353999439,452867.76389927015,11.897067330183816,39.36864612448814,9.370000203450521,9.740000406901043,9.140000025431316,9.970000584920248,8.769999821980795,10.34000078837077,8.53999964396159,,-81.76470720231754,-0.3816741387353133,-0.2625127067632255,-0.11916143197208778,40.010449704143404,25.492517688462808,9.406000137329102,10.44249997138977,10.79979995727539,12.274707384109497,ORIENTALTL.NS,2025-08-18 11:26:29.643261
162,2024-12-23 00:00:00+05:30,9.1899995803833,9.75,9.010000228881836,9.170000076293945,68662,0.0,0.0,2024-12-23,10.444999980926514,0.8710277737094465,11.316027754635961,9.573972207217068,12.187055528345407,8.702944433507621,-96.83641762386225,-104.00748521720219,22288017,89309.29478072345,501618.3710241017,11.90229274521532,37.97717618756928,9.31000010172526,9.609999974568684,8.87000020345052,10.049999872843424,8.570000330607096,10.349999745686848,8.130000432332356,,-91.76471281216709,-0.3712163327947611,-0.23272234877020354,-0.13849398402455754,35.288006858162646,24.652849571747595,9.476000022888183,10.444999980926514,10.86839994430542,12.296507377624511,ORIENTALTL.NS,2025-08-18 11:26:29.643261
163,2024-12-20 00:00:00+05:30,9.649999618530273,9.770000457763672,9.300000190734863,9.3100004196167,179629,0.0,0.0,2024-12-20,10.455499982833862,0.8559849121546493,11.311484894988512,9.599515070679212,12.16746980714316,8.743530158524564,-104.6752406970217,-95.99935645080787,22356679,237212.20143697804,604695.6400849462,11.904442752196747,38.744668355234445,9.460000356038412,9.62000052134196,9.150000254313152,9.93000062306722,8.990000089009603,10.09000078837077,8.679999987284344,,-87.64705519362676,-0.3187178187554789,-0.19809885276406414,-0.12061896599141475,36.38311086830388,23.760182000304873,9.718000030517578,10.455499982833862,10.94919994354248,12.317107372283935,ORIENTALTL.NS,2025-08-18 11:26:29.643261
164,2024-12-19 00:00:00+05:30,9.1899995803833,9.819999694824219,8.890000343322754,9.680000305175781,623389,0.0,0.0,2024-12-19,10.450499963760375,0.8632891229405336,11.31378908670091,9.587210840819841,12.177078209641442,8.723921717879309,-135.49395707380026,-99.15439932578144,22536308,855944.0492177118,696566.4997469382,11.909794697169156,40.26995616169413,9.463333447774252,10.03666655222575,9.106667200724285,10.393332799275717,8.533334096272787,10.966665903727215,8.17666784922282,,-76.76470439739276,-0.2604626668846137,-0.16794411126621042,-0.0925185556184033,39.38240815018885,23.13301388933276,9.969999885559082,10.450499963760375,11.032599925994873,12.337907371520997,ORIENTALTL.NS,2025-08-18 11:26:29.643261
165,2024-12-18 00:00:00+05:30,9.5,9.699999809265137,9.359999656677246,9.359999656677246,140015,0.0,0.0,2024-12-18,10.4364999294281,0.8785770588431695,11.31507698827127,9.55792287058493,12.193654047114439,8.679345811741761,-164.05934292793594,-102.91827823799967,21912919,185892.24347142354,656722.1123792448,11.925872822165132,45.71944551400719,9.473333040873209,9.586666425069172,9.246666272481281,9.8133331934611,9.133332888285318,9.926666577657063,8.90666611989339,,-100.0,-0.21837139803857397,-0.14481447236160958,-0.0735569256769644,35.08476990551961,22.457602077516633,10.231999778747559,10.4364999294281,11.114199924468995,12.35310736656189,ORIENTALTL.NS,2025-08-18 11:26:29.643261
166,2024-12-17 00:00:00+05:30,10.75,10.75,9.859999656677246,9.859999656677246,1754803,0.0,0.0,2024-12-17,10.448499965667725,0.8646281207697764,11.313128086437501,9.58387184489795,12.177756207207278,8.719243724128173,-119.4291214033591,-56.03655522825392,22052934,2454234.9658763222,774429.5796062001,11.93003504296279,47.18112708232395,10.15666643778483,10.453333218892414,9.56333287556966,11.046666781107584,9.266666094462076,11.343333562215168,8.673332532246906,,-100.0,-0.12965794605721825,-0.12642524094236846,-0.0032327051148497987,39.10755863148564,22.281538918742264,10.569999885559081,10.448499965667725,11.207999935150147,12.372807369232177,ORIENTALTL.NS,2025-08-18 11:26:29.643261
167,2024-12-16 00:00:00+05:30,10.270000457763672,10.6899995803833,10.270000457763672,10.380000114440918,79867,0.0,0.0,2024-12-16,10.445499992370605,0.8668786506742706,11.312378643044875,9.578621341696335,12.179257293719147,8.711742691022064,-112.21944161874241,-35.36649580343781,23807737,117591.41088103164,354478.2330386695,11.972992822616451,80.53733078890059,10.446666717529297,10.623332977294922,10.203333854675293,10.866665840148926,10.026667594909668,11.04333209991455,9.783334732055664,,-75.19684551564683,-0.06335575456507314,-0.125617064663656,0.06226131009858285,43.977046728992505,22.763713223313122,10.723999977111816,10.445499992370605,11.29759994506836,12.383807373046874,ORIENTALTL.NS,2025-08-18 11:26:29.643261
168,2024-12-13 00:00:00+05:30,10.720000267028809,11.069999694824219,10.4399995803833,10.569999694824219,112333,0.0,0.0,2024-12-13,10.42649998664856,0.8725357272053824,11.299035713853943,9.553964259443177,12.171571441059324,8.681428532237796,-77.81654964632762,-16.772506391693764,23887604,168419.82178654752,413699.93857807893,11.974498830459726,83.40493936990877,10.69333299001058,10.94666639963786,10.316666285196941,11.323333104451498,10.063332875569662,11.576666514078777,9.686666170756023,,-59.106541485162666,-0.028721088501622916,-0.1411823921883017,0.11246130368667878,45.91686201800404,23.909187118634087,10.885999870300292,10.42649998664856,11.382799949645996,12.387007369995118,ORIENTALTL.NS,2025-08-18 11:26:29.643261
169,2024-12-12 00:00:00+05:30,10.850000381469727,11.600000381469727,10.609999656677246,10.989999771118164,503304,0.0,0.0,2024-12-12,10.388500022888184,0.8824503240748054,11.270950346962989,9.50604969881338,12.153400671037796,8.623599374738573,-2.581631437070494,11.44463842351639,23999937,784583.0773270245,475019.96777596173,11.97636887854252,87.73935143833802,11.066666603088379,11.523333549499512,10.533332824707031,12.05666732788086,10.076665878295898,12.513334274291992,9.54333209991455,,-39.75536354391262,-0.0026551324656889363,-0.1692977181099714,0.16664258564428247,50.488106004524205,25.417495945974313,11.127999877929687,10.388500022888184,11.470199947357179,12.388407373428345,ORIENTALTL.NS,2025-08-18 11:26:29.643261
170,2024-12-11 00:00:00+05:30,10.09000015258789,11.15999984741211,10.09000015258789,11.050000190734863,928822,0.0,0.0,2024-12-11,10.34000005722046,0.8742695586878182,11.214269615908277,9.465730498532642,12.088539174596097,8.591460939844822,-24.692837605496823,-13.32309886219329,24503241,1455813.1914162312,397629.19038819603,11.982288478665932,83.62057969871931,10.766666730244955,11.44333330790202,10.3733336130778,11.836666425069174,9.696667035420736,12.513333002726238,9.303333918253582,,-37.9204880480092,-0.010606224562788924,-0.210958364521042,0.20035213995825307,51.16378771970511,27.3167126339657,11.339999961853028,10.34000005722046,11.549199943542481,12.38740737915039,ORIENTALTL.NS,2025-08-18 11:26:29.643261
171,2024-12-10 00:00:00+05:30,10.630000114440918,10.630000114440918,10.630000114440918,10.630000114440918,72386,0.0,0.0,2024-12-10,10.299000024795532,0.8583024198425832,11.157302444638116,9.440697604952948,12.015604864480698,8.582395185110366,-24.42175218401167,-26.130273897576462,23574419,109143.71169736328,133083.19013118718,11.992729476819049,62.37359004948409,10.630000114440918,10.630000114440918,10.630000114440918,10.630000114440918,10.630000114440918,10.630000114440918,10.630000114440918,,-50.764529026263375,-0.026534463731739066,-0.26104639951060526,0.2345119357788662,46.51079248598108,28.59810318783064,11.47199993133545,10.299000024795532,11.633199939727783,12.386907377243041,ORIENTALTL.NS,2025-08-18 11:26:29.643261
172,2024-12-09 00:00:00+05:30,11.1899995803833,11.1899995803833,11.1899995803833,11.1899995803833,118770,0.0,0.0,2024-12-09,10.289499998092651,0.8554928600836702,11.144992858176321,9.434007138008981,12.000485718259991,8.578514277925311,37.72651875794727,10.510477553709615,23646805,188515.7750646237,139068.05973964313,11.993919903648239,67.7559219479526,11.1899995803833,11.1899995803833,11.1899995803833,11.1899995803833,11.1899995803833,11.1899995803833,11.1899995803833,,-33.639160498162205,-0.005161755400436618,-0.3196743834553218,0.31451262805488517,52.73109453772866,30.747953516450682,11.577999877929688,10.289499998092651,11.73199993133545,12.3937073802948,ORIENTALTL.NS,2025-08-18 11:26:29.643261
173,2024-12-06 00:00:00+05:30,11.880000114440918,11.880000114440918,11.4399995803833,11.779999732971191,68083,0.0,0.0,2024-12-06,10.263000011444092,0.8340711283003844,11.097071139744477,9.428928883143707,11.93114226804486,8.594857754843323,89.43088088833724,40.9961421123597,23765575,113761.37590377576,126706.13090839796,11.995073838288983,80.42532699465248,11.699999809265137,11.960000038146973,11.519999504089355,12.140000343322754,11.25999927520752,12.40000057220459,11.079998970031738,,-15.59633963993102,-0.03287146629785909,-0.39830254046904306,0.365431074171184,60.66895689548678,31.98846889556865,11.465999984741211,10.263000011444092,11.825999946594239,12.393407382965087,ORIENTALTL.NS,2025-08-18 11:26:29.643261
174,2024-12-05 00:00:00+05:30,12.279999732971191,12.289999961853027,11.760000228881836,12.050000190734863,301077,0.0,0.0,2024-12-05,10.218000030517578,0.7697135249913746,10.987713555508952,9.448286505526204,11.757427080500326,8.67857298053483,140.15152371591012,57.93286738420929,23833658,514606.781457083,129942.3196595535,11.995250949374622,92.17623563597608,12.033333460489908,12.30666669209798,11.77666695912679,12.5633331934611,11.503333727518717,12.836666425069172,11.246667226155598,,-7.339443654900501,-0.12595631624264492,-0.48966030901183905,0.36370399276919413,64.81505670180695,32.786079835046415,11.136000061035157,10.218000030517578,11.914799938201904,12.390207386016845,ORIENTALTL.NS,2025-08-18 11:26:29.643261
175,2024-12-04 00:00:00+05:30,11.710000038146973,11.710000038146973,11.170000076293945,11.710000038146973,51636,0.0,0.0,2024-12-04,10.171000003814697,0.6748090566722008,10.845809060486898,9.496190947142496,11.5206181171591,8.821381890470295,152.70560631246371,21.692187104040656,23532581,85767.02774624061,33776.20421017111,11.995050843863037,75.50375982751507,11.53000005086263,11.890000025431316,11.350000063578289,12.070000012715658,10.990000089009603,12.429999987284344,10.810000101725262,,-0.0,-0.2698156568419705,-0.5805863072041375,0.310770650362167,61.75921775736429,32.91301305774067,10.713999938964843,10.171000003814697,12.004999923706055,12.384707384109497,ORIENTALTL.NS,2025-08-18 11:26:29.643261
176,2024-12-03 00:00:00+05:30,11.15999984741211,11.15999984741211,11.15999984741211,11.15999984741211,22270,0.0,0.0,2024-12-03,10.152500009536743,0.6342493799246391,10.786749389461383,9.518250629612103,11.42099876938602,8.884001249687465,180.29205218441098,-4.840178485533928,23480945,35252.93473445456,20778.498326153738,11.995229636878108,59.084756448339085,11.15999984741211,11.15999984741211,11.15999984741211,11.15999984741211,11.15999984741211,11.15999984741211,11.15999984741211,,-0.0,-0.4164262270234822,-0.6582789697946791,0.24185274277119695,56.02189614442174,33.8531230352262,10.32199993133545,10.152500009536743,12.108799915313721,12.384607381820679,ORIENTALTL.NS,2025-08-18 11:26:29.643261
177,2024-12-02 00:00:00+05:30,10.630000114440918,10.630000114440918,10.630000114440918,10.630000114440918,16460,0.0,0.0,2024-12-02,10.17350001335144,0.6750069520574217,10.84850696540886,9.498493061294019,11.523513917466284,8.823486109236596,188.1326931830144,-37.861668067925734,23458675,24818.410943256986,17159.88922407853,11.995455642569553,51.00759876027591,10.630000114440918,10.630000114440918,10.630000114440918,10.630000114440918,10.630000114440918,10.630000114440918,10.630000114440918,,-0.0,-0.5436560105619321,-0.7187421554874784,0.1750861449255463,49.20236679929892,35.80586000047977,10.002000045776366,10.17350001335144,12.216999912261963,12.392807378768921,ORIENTALTL.NS,2025-08-18 11:26:29.643261
178,2024-11-29 00:00:00+05:30,10.130000114440918,10.130000114440918,10.130000114440918,10.130000114440918,6916,0.0,0.0,2024-11-29,10.232999992370605,0.7639515426187165,10.996951534989321,9.469048449751888,11.760903077608038,8.705096907133171,124.95550474106807,-66.85802933890214,23442215,9937.457999440267,15245.258794283916,11.995728783912607,42.267693456822585,10.130000114440918,10.130000114440918,10.130000114440918,10.130000114440918,10.130000114440918,10.130000114440918,10.130000114440918,,-32.3170689157882,-0.6461145322910884,-0.762513691718865,0.11639915942777657,41.217335533310504,38.085068419506605,9.752000045776366,10.232999992370605,12.342599906921386,12.407207374572755,ORIENTALTL.NS,2025-08-18 11:26:29.643261
179,2024-11-28 00:00:00+05:30,9.9399995803833,9.9399995803833,9.9399995803833,9.9399995803833,4308,0.0,0.0,2024-11-28,10.329999971389771,0.8664688242117697,11.196468795601541,9.463531147178001,12.062937619813312,8.59706232296623,94.88740178698882,-79.22244161844607,23435299,6073.974047343654,16572.208992994827,11.995885610619503,36.09548315562828,9.9399995803833,9.9399995803833,9.9399995803833,9.9399995803833,9.9399995803833,9.9399995803833,9.9399995803833,,-50.53767244972828,-0.7182604497732505,-0.7916134815758091,0.07335303180255859,37.76538920716511,39.20839599811132,9.568000030517577,10.329999971389771,12.471799907684327,12.423207368850708,ORIENTALTL.NS,2025-08-18 11:26:29.643261
180,2024-11-27 00:00:00+05:30,9.75,9.75,9.75,9.75,8023,0.0,0.0,2024-11-27,10.448999977111816,0.9676171168155603,11.416617093927377,9.481382860296256,12.384234210742937,8.513765743480695,32.93879997490698,-91.4703023605339,23430991,11095.637997684427,19196.767729407617,11.995993260616828,31.493081124696275,9.75,9.75,9.75,9.75,9.75,9.75,9.75,,-65.07177884968581,-0.781034178653476,-0.8099517395264488,0.028917560872972814,34.17605419098943,39.838510822559606,9.460000038146973,10.448999977111816,12.598399925231934,12.439007377624511,ORIENTALTL.NS,2025-08-18 11:26:29.643261
181,2024-11-26 00:00:00+05:30,9.5600004196167,9.5600004196167,9.380000114440918,9.5600004196167,19403,0.0,0.0,2024-11-26,10.590499973297119,1.0623085495949565,11.652808522892075,9.528191423702163,12.715117072487033,8.465882874107205,-45.5284182192758,-106.7833493562379,23422968,26311.018882751025,21222.05016233841,11.996212302359977,27.45385604338213,9.50000031789144,9.62000052134196,9.44000021616618,9.68000062306722,9.320000012715658,9.800000826517742,9.259999910990398,,-74.28570909564857,-0.8308576428842969,-0.817181129744692,-0.013676513139604829,30.451402092858743,39.91173304801376,9.430000114440919,10.590499973297119,12.722599925994873,12.45200737953186,ORIENTALTL.NS,2025-08-18 11:26:29.643261
182,2024-11-25 00:00:00+05:30,9.380000114440918,9.380000114440918,9.020000457763672,9.380000114440918,14056,0.0,0.0,2024-11-25,10.75449995994568,1.14482569232607,11.899325652271749,9.60967426761961,13.04415134459782,8.464848575293539,-111.0176486058175,-121.00255750158958,23403565,18701.457878235728,19949.807982235256,11.996787037869817,19.33883731959274,9.260000228881836,9.5,9.140000343322754,9.619999885559082,8.90000057220459,9.859999656677246,8.780000686645508,,-84.48277137792803,-0.8633459430680634,-0.8137620014597908,-0.04958394160827262,26.808065923037347,39.35950079078821,9.478000068664551,10.75449995994568,12.844399909973145,12.468007373809815,ORIENTALTL.NS,2025-08-18 11:26:29.643261
183,2024-11-22 00:00:00+05:30,9.210000038146973,9.350000381469727,9.210000038146973,9.210000038146973,7782,0.0,0.0,2024-11-22,10.940999937057494,1.2110320873914737,12.152032024448967,9.729967849666021,13.363064111840442,8.518935762274547,-128.53538623855826,-125.07164460401418,23389509,10166.272107488994,20261.89550823514,11.997234327085344,12.933727486442166,9.256666819254557,9.30333360036214,9.163333257039387,9.39666716257731,9.116666475931803,9.443333943684895,9.023332913716633,,-100.0,-0.8741325103228732,-0.8013660160577226,-0.07276649426515058,23.283621280631664,38.14459799998911,9.602000045776368,10.940999937057494,12.963799915313722,12.482807369232178,ORIENTALTL.NS,2025-08-18 11:26:29.643261
184,2024-11-21 00:00:00+05:30,9.399999618530273,9.550000190734863,9.399999618530273,9.399999618530273,14607,0.0,0.0,2024-11-21,11.120999956130982,1.2077420784603872,12.328742034591368,9.913257877670596,13.536484113051756,8.705515799210207,-108.57088725587994,-121.08957874309921,23397291,19475.99868271207,22785.801358421675,11.997498120604439,13.088661831945785,9.449999809265137,9.5,9.34999942779541,9.600000381469727,9.299999237060547,9.65000057220459,9.19999885559082,,-100.0,-0.857955721334962,-0.783174392491435,-0.07478132884352706,24.508414232096086,37.03210249477779,9.722000122070312,11.120999956130982,13.080599918365479,12.49650736808777,ORIENTALTL.NS,2025-08-18 11:26:29.643261
185,2024-11-19 00:00:00+05:30,9.600000381469727,9.600000381469727,9.600000381469727,9.600000381469727,11865,0.0,0.0,2024-11-19,11.260999965667725,1.1590507936108432,12.420050759278569,10.101949172056882,13.579101552889412,8.942898378446039,-100.39858563444787,-118.92083067365559,23411898,16156.595949576236,23613.252027349077,11.997959643140542,13.80537072013341,9.600000381469727,9.600000381469727,9.600000381469727,9.600000381469727,9.600000381469727,9.600000381469727,9.600000381469727,,-100.0,-0.8429572801482692,-0.7644790602805531,-0.07847821986771608,25.836859243538726,36.036924069978646,9.846000289916992,11.260999965667725,13.199399929046631,12.510007371902466,ORIENTALTL.NS,2025-08-18 11:26:29.643261
186,2024-11-18 00:00:00+05:30,9.800000190734863,9.800000190734863,9.800000190734863,9.800000190734863,13498,0.0,0.0,2024-11-18,11.361999940872192,1.0928118614304505,12.454811802302642,10.269188079441742,13.547623663733093,9.17637621801129,-88.62959676411327,-114.69987375273138,23423763,18763.17716251737,25477.416046792285,11.998305780762077,14.626379238453666,9.800000190734863,9.800000190734863,9.800000190734863,9.800000190734863,9.800000190734863,9.800000190734863,9.800000190734863,,-100.0,-0.830679695279823,-0.744859505313624,-0.085820189966199,27.20620012869378,35.18659296002606,9.972000122070312,11.361999940872192,13.307599925994873,12.522407369613648,ORIENTALTL.NS,2025-08-18 11:26:29.643261
187,2024-11-14 00:00:00+05:30,10.0,10.0,9.819999694824219,10.0,22937,0.0,0.0,2024-11-14,11.42549991607666,1.032505728604531,12.45800564468119,10.39299418747213,13.490511373285722,9.360488458867598,-87.48135311362579,-112.90494047314667,23437261,32534.75089283536,27155.97576786101,11.998666831363517,15.53577556917925,9.93999989827474,10.060000101725262,9.87999979654948,10.120000203450521,9.759999593098959,10.240000406901043,9.699999491373699,,-93.14080814444898,-0.8220715610913363,-0.7234044578220743,-0.09866710326926198,28.614425633254555,34.50053239405496,10.1,11.42549991607666,13.39779993057251,12.527407369613648,ORIENTALTL.NS,2025-08-18 11:26:29.643261
188,2024-11-13 00:00:00+05:30,9.8100004196167,9.8100004196167,9.8100004196167,9.8100004196167,11448,0.0,0.0,2024-11-13,11.452999925613403,0.9993318362594206,12.452331761872824,10.453668089353982,13.451663598132244,9.454336253094562,-121.3405569982295,-121.30025292553086,23414324,15929.770463178671,25811.28198661742,11.999224798768761,0.0,9.8100004196167,9.8100004196167,9.8100004196167,9.8100004196167,9.8100004196167,9.8100004196167,9.8100004196167,,-100.0,-0.8182918620035338,-0.6987376820047587,-0.11955417999877505,25.198952126065436,33.78434716714408,10.231999969482422,11.452999925613403,13.470359935760499,12.53720736503601,ORIENTALTL.NS,2025-08-18 11:26:29.643261
189,2024-11-12 00:00:00+05:30,10.020000457763672,10.020000457763672,10.020000457763672,10.020000457763672,23224,0.0,0.0,2024-11-12,11.51799988746643,0.9264624333349627,12.444462320801394,10.591537454131467,13.370924754136356,9.665075020796506,-124.0300005077351,-117.53031185354364,23425772,33007.72827452192,28281.65986747711,11.999529877704743,62.29948882470321,10.020000457763672,10.020000457763672,10.020000457763672,10.020000457763672,10.020000457763672,10.020000457763672,10.020000457763672,,-100.0,-0.7823422603760424,-0.6688491370050649,-0.1134931233709775,26.500233375023242,32.47394530323179,10.445999908447266,11.51799988746643,13.552769908905029,12.551007356643677,ORIENTALTL.NS,2025-08-18 11:26:29.643261
190,2024-11-11 00:00:00+05:30,10.229999542236328,10.229999542236328,10.229999542236328,10.229999542236328,6979,0.0,0.0,2024-11-11,11.601999855041504,0.857054992902733,12.459054847944236,10.744944862138771,13.31610984084697,9.887889869236037,-123.9005212793005,-114.3620220658283,23448996,10126.97374095043,27100.142765715904,12.000089653484244,77.47771015963627,10.229999542236328,10.229999542236328,10.229999542236328,10.229999542236328,10.229999542236328,10.229999542236328,10.229999542236328,,-100.0,-0.7451440278011372,-0.6404758561623205,-0.1046681716388167,27.834967375314022,31.261928348001657,10.66399974822998,11.601999855041504,13.618414516448974,12.56240735054016,ORIENTALTL.NS,2025-08-18 11:26:29.643261
191,2024-11-08 00:00:00+05:30,10.4399995803833,10.65999984741211,10.4399995803833,10.4399995803833,12301,0.0,0.0,2024-11-08,11.7064998626709,0.8069127597803425,12.513412622451241,10.899587102890557,13.320325382231584,10.092674343110215,-115.44149273375963,-109.08234721094301,23455975,18215.947711188506,31343.43502190727,12.000240085613024,84.1659828198179,10.513333002726236,10.586666425069172,10.366666158040363,10.733333269755045,10.293332735697428,10.80666669209798,10.146665891011555,,-100.0,-0.7069106849025264,-0.6143088132526163,-0.09260187164991007,29.20066014904475,30.161382156305706,10.885999870300292,11.7064998626709,13.667293758392335,12.57450735092163,ORIENTALTL.NS,2025-08-18 11:26:29.643261
192,2024-11-07 00:00:00+05:30,10.65999984741211,10.880000114440918,10.65999984741211,10.65999984741211,16094,0.0,0.0,2024-11-07,11.8314998626709,0.7939261010483979,12.625425963719296,11.037573761622502,13.419352064767695,10.243647660574103,-113.09255566172884,-106.23601167567986,23468276,24335.040128044016,34625.30684958696,12.000473834231784,88.71586375515916,10.733333269755045,10.80666669209798,10.586666425069172,10.953333536783854,10.513333002726236,11.02666695912679,10.366666158040363,,-100.0,-0.6679314741164699,-0.5911583453401388,-0.07677312877633113,30.66422860807137,29.18604895686948,11.113999938964843,11.8314998626709,13.725314025878907,12.581807355880738,ORIENTALTL.NS,2025-08-18 11:26:29.643261
193,2024-11-06 00:00:00+05:30,10.880000114440918,11.109999656677246,10.880000114440918,10.880000114440918,16017,0.0,0.0,2024-11-06,11.958999872207642,0.8006175190370306,12.759617391244673,11.15838235317061,13.560234910281704,10.35776483413358,-112.26096034003878,-103.46426787788965,23484370,24718.43363380617,37197.87352997269,12.00073663377671,80.94355451617844,10.956666628519693,11.033333142598469,10.80333360036214,11.186666170756022,10.726667086283365,11.263332684834797,10.573334058125813,,-75.58823479913092,-0.6295727915429694,-0.571965063146056,-0.057607728396913416,32.16103527458546,28.36107311530488,11.345999908447265,11.958999872207642,13.793050937652588,12.586507358551025,ORIENTALTL.NS,2025-08-18 11:26:29.643261
194,2024-11-05 00:00:00+05:30,11.109999656677246,11.119999885559082,11.109999656677246,11.109999656677246,7493,0.0,0.0,2024-11-05,12.088999843597412,0.8268513355759575,12.91585117917337,11.262148508021454,13.742702514749327,10.435297172445496,-125.3997979478317,-103.33056534592015,23500387,11808.117046136624,40317.733504014315,12.000955345299731,62.60785605589602,11.113333066304525,11.116666475931805,11.106666247049969,11.123333295186361,11.10333283742269,11.12666670481364,11.096666018168133,,-68.82354162143726,-0.5925897652806,-0.5575631310468276,-0.03502663423377239,33.76084156631708,27.70364529656596,11.583999824523925,12.088999843597412,13.87081476211548,12.589807357788086,ORIENTALTL.NS,2025-08-18 11:26:29.643261
195,2024-11-04 00:00:00+05:30,11.34000015258789,11.34000015258789,11.34000015258789,11.34000015258789,5321,0.0,0.0,2024-11-04,12.221499872207641,0.8727649729369766,13.094264845144618,11.348734899270664,13.967029818081594,10.475969926333688,-122.90309884064061,-100.36347161568563,23507880,8558.88498999185,47445.137618483735,12.001036691721398,56.67850233537445,11.34000015258789,11.34000015258789,11.34000015258789,11.34000015258789,11.34000015258789,11.34000015258789,11.34000015258789,,-62.05882039449584,-0.5589131219485601,-0.5488064724883844,-0.010106649460175698,35.395790974689604,27.243117114527447,11.82599983215332,12.221499872207641,13.994814758300782,12.591907358169555,ORIENTALTL.NS,2025-08-18 11:26:29.643261
196,2024-11-01 00:00:00+05:30,11.579999923706055,11.579999923706055,11.579999923706055,11.579999923706055,3537,0.0,0.0,2024-11-01,12.35699987411499,0.9367306502308028,13.293730524345793,11.420269223884187,14.230461174576597,10.483538573653384,-91.9557032542293,-96.98381952365376,23513201,5809.710442841713,57166.7007756067,12.001079553826797,53.936449909677215,11.579999923706055,11.579999923706055,11.579999923706055,11.579999923706055,11.579999923706055,11.579999923706055,11.579999923706055,,-55.000002804924776,-0.5299799967957295,-0.5462798101233405,0.01629981332761099,37.13845476271237,27.00068025374626,12.073999786376953,12.35699987411499,14.05661476135254,12.591807355880738,ORIENTALTL.NS,2025-08-18 11:26:29.643261
197,2024-10-31 00:00:00+05:30,11.819999694824219,11.819999694824219,11.819999694824219,11.819999694824219,4329,0.0,0.0,2024-10-31,12.494999885559082,1.0161719453774443,13.511171830936526,11.478827940181638,14.52734377631397,10.462655994804194,-37.01865418289398,-93.1478934099902,23516738,7257.9825949707565,70005.94835879795,12.0010977036662,42.97325408492739,11.819999694824219,11.819999694824219,11.819999694824219,11.819999694824219,11.819999694824219,11.819999694824219,11.819999694824219,,-47.94118521535371,-0.5085431701299452,-0.5503547634552431,0.041811593325297935,38.91765129777146,27.010491925625878,12.32599983215332,12.494999885559082,14.066814765930175,12.588807353973388,ORIENTALTL.NS,2025-08-18 11:26:29.643261
198,2024-10-30 00:00:00+05:30,12.069999694824219,12.069999694824219,12.069999694824219,12.069999694824219,3944,0.0,0.0,2024-10-30,12.635999917984009,1.1089892162237107,13.744989134207719,11.527010701760299,14.85397835043143,10.418021485536588,6.121458333434007,-87.00030565517484,23521067,6752.351419642269,85692.93979975475,12.001107257939648,42.72374854871985,12.069999694824219,12.069999694824219,12.069999694824219,12.069999694824219,12.069999694824219,12.069999694824219,12.069999694824219,,-40.588243213905244,-0.4970286775372088,-0.5608076617865676,0.0637789842493588,40.80867362818792,27.29836101833022,12.583999824523925,12.635999917984009,14.056814765930175,12.578107357025146,ORIENTALTL.NS,2025-08-18 11:26:29.643261
199,2024-10-29 00:00:00+05:30,12.319999694824219,12.319999694824219,12.319999694824219,12.319999694824219,1721,0.0,0.0,2024-10-29,12.779499912261963,1.2127284977723156,13.99222841003428,11.566771414489647,15.204956907806594,10.354042916717333,35.8217874287858,-79.54368898673563,23525011,3007.4778583208013,105428.08689478286,12.001103946432215,42.634050023920395,12.319999694824219,12.319999694824219,12.319999694824219,12.319999694824219,12.319999694824219,12.319999694824219,12.319999694824219,,-33.23530121245678,-0.4993771123610955,-0.5767524078489072,0.07737529548781175,42.73694812398218,27.90391337627421,12.731999969482422,12.779499912261963,14.037814769744873,12.557407360076905,ORIENTALTL.NS,2025-08-18 11:26:29.643261
200,2024-10-28 00:00:00+05:30,12.579999923706055,12.579999923706055,12.579999923706055,12.579999923706055,3262,0.0,0.0,2024-10-28,12.910499906539917,1.2989245789251869,14.209424485465103,11.61157532761473,15.508349064390291,10.312650748689542,67.88918116790416,-69.3219717826262,23526732,5820.703353321728,131033.23915389836,12.001097257512404,42.44959399813633,12.579999923706055,12.579999923706055,12.579999923706055,12.579999923706055,12.579999923706055,12.579999923706055,12.579999923706055,,-26.239060894757987,-0.5194387128195395,-0.5960962317208601,0.07665751890132066,44.7803437362461,28.858268649892267,12.707999992370606,12.910499906539917,14.005814781188965,12.535707359313966,ORIENTALTL.NS,2025-08-18 11:26:29.643261
201,2024-10-25 00:00:00+05:30,12.84000015258789,12.84000015258789,12.84000015258789,12.84000015258789,5631,0.0,0.0,2024-10-25,13.043999910354614,1.396696885347705,14.44069679570232,11.64730302500691,15.837393681050024,10.250606139659205,95.01250905207695,-57.96571316892386,23529994,10255.608355052555,162336.37310404252,12.001074241336767,42.42857959672739,12.84000015258789,12.84000015258789,12.84000015258789,12.84000015258789,12.84000015258789,12.84000015258789,12.84000015258789,,-24.79784546723229,-0.5628594402990963,-0.6152606114461903,0.05240117114709397,46.86087707966118,30.207253687419612,12.51599998474121,13.043999910354614,13.969814777374268,12.506907358169556,ORIENTALTL.NS,2025-08-18 11:26:29.643261
202,2024-10-24 00:00:00+05:30,13.25,13.449999809265137,12.220000267028809,13.109999656677246,153344,0.0,0.0,2024-10-24,13.18049988746643,1.5049199268119982,14.68541981427843,11.675579960654431,16.190339741090426,10.170660033842434,100.78872405761376,-55.377705280746575,23535625,285154.57205171656,200356.56429129,12.001016659886373,42.60009472373272,12.926666577657064,13.63333288828532,12.403333346048992,14.156666119893393,11.696667035420736,14.863332430521648,11.173333803812664,,-23.50001335144043,-0.635529039078726,-0.6283609042329638,-0.007168134845762286,49.05878650675508,31.988074105133222,12.161999893188476,13.18049988746643,13.928814773559571,12.48250735282898,ORIENTALTL.NS,2025-08-18 11:26:29.643261
203,2024-10-23 00:00:00+05:30,12.199999809265137,12.8100004196167,12.199999809265137,12.8100004196167,106590,0.0,0.0,2024-10-23,13.319499921798705,1.6219043060722373,14.941404227870942,11.697595615726469,16.56330853394318,10.07569130965423,63.851438093618505,-72.9776374497244,23382281,193676.29897675524,179157.06235118335,11.998939941283432,33.00802070401059,12.606666882832846,13.013333956400555,12.403333346048992,13.216667493184408,11.996666272481283,13.623334566752117,11.79333273569743,,-35.66432975701756,-0.7455297789935891,-0.6265688705215231,-0.11896090847206597,46.46828817186875,33.9058807088248,11.65,13.319499921798705,13.886014785766601,12.449907360076905,ORIENTALTL.NS,2025-08-18 11:26:29.643261
204,2024-10-22 00:00:00+05:30,12.0,12.199999809265137,11.119999885559082,12.199999809265137,121096,0.0,0.0,2024-10-22,13.489999866485595,1.7404294741904316,15.230429340676027,11.749570392295164,16.97085881486646,10.009140918104732,-13.151529577343842,-113.80523576391145,23275691,209556.18963590113,175527.2531947904,11.997882828418694,24.573431823755726,11.839999834696451,12.55999978383382,11.479999860127766,12.919999758402506,10.759999910990397,13.639999707539875,10.399999936421711,,-53.159051262382185,-0.8455227744923555,-0.5968286434035066,-0.24869413108884886,40.7825387966711,35.03504077623835,11.30999984741211,13.489999866485595,13.841414775848389,12.422807359695435,ORIENTALTL.NS,2025-08-18 11:26:29.643261
205,2024-10-21 00:00:00+05:30,11.619999885559082,11.619999885559082,11.100000381469727,11.619999885559082,110380,0.0,0.0,2024-10-21,13.707999849319458,1.8405250663974542,15.548524915716913,11.867474782922004,17.389049982114365,10.02694971652455,-50.614354526673836,-139.79545046010364,23154595,181931.2840662944,167020.0190845127,11.997583100074607,9.362176576714745,11.446666717529297,11.793333053588867,11.273333549499512,11.966666221618652,10.926667213439941,12.313332557678223,10.753334045410156,,-67.8936627651176,-0.9006573408236935,-0.5346551106312945,-0.3660022301923991,34.65474545909815,35.22509013957498,11.20999984741211,13.707999849319458,13.80881477355957,12.406307363510132,ORIENTALTL.NS,2025-08-18 11:26:29.643261
206,2024-10-18 00:00:00+05:30,10.760000228881836,11.069999694824219,10.050000190734863,11.069999694824219,76856,0.0,0.0,2024-10-18,13.971999835968017,1.9028830854325345,15.874882921400552,12.069116750535482,17.777766006833087,10.166233665102947,-110.14641287435013,-185.68648637198643,23044215,120680.26574857843,163292.20283906726,11.998094176352794,0.0,10.729999860127768,11.409999529520672,10.390000025431316,11.749999364217123,9.710000356038412,12.429999033610027,9.37000052134196,,-79.14111183227187,-0.900478765218919,-0.4431545530831946,-0.4573242121357244,28.103695581531298,34.31221691210826,11.349999809265137,13.971999835968017,13.789814777374268,12.38560736656189,ORIENTALTL.NS,2025-08-18 11:26:29.643261
207,2024-10-17 00:00:00+05:30,10.649999618530273,11.109999656677246,10.550000190734863,10.550000190734863,219322,0.0,0.0,2024-10-17,14.246999835968017,1.8583214716384577,16.105321307606474,12.388678364329559,17.963642779244932,10.530356892691103,-141.99553649682852,-191.172116876522,22967359,328205.2594655562,173945.18711168948,11.998969688383283,0.0,10.736666679382324,10.923333168029785,10.363333702087402,11.296666145324707,10.176667213439941,11.483332633972168,9.80333423614502,,-100.0,-0.8324398312249954,-0.32882350004926353,-0.5036163311757319,21.16510405351532,32.12061443537006,11.723999786376954,14.246999835968017,13.78281478881836,12.372407369613647,ORIENTALTL.NS,2025-08-18 11:26:29.643261
208,2024-10-16 00:00:00+05:30,11.109999656677246,11.640000343322754,11.109999656677246,11.109999656677246,96549,0.0,0.0,2024-10-16,14.56499981880188,1.7322801835115367,16.297280002313418,12.832719635290344,18.029560185824952,11.100439451778806,-150.94338571113948,-165.64241382863315,23186681,152150.25926697513,135380.16902322276,12.002880836707119,0.0,11.286666552225748,11.46333344777425,10.933332761128742,11.816667238871256,10.75666586558024,11.993334134419758,10.403332074483234,,-100.0,-0.6815045807660205,-0.2029194172553305,-0.47858516351069,23.42589811692335,30.04397421951591,12.255999755859374,14.56499981880188,13.7870147895813,12.356407365798951,ORIENTALTL.NS,2025-08-18 11:26:29.643261
209,2024-10-15 00:00:00+05:30,11.850000381469727,12.140000343322754,11.699999809265137,11.699999809265137,50698,0.0,0.0,2024-10-15,14.838999843597412,1.5840849593334347,16.423084802930845,13.254914884263977,18.007169762264283,11.670829924930542,-149.680015011352,-135.91895902771188,23283230,84137.10273507041,131187.64646228464,12.00394307182447,0.0,11.84666665395101,11.993333498636883,11.553332964579266,12.286667188008627,11.406666119893393,12.4333340326945,11.113332430521648,,-100.0,-0.5330873577974788,-0.08327312637765798,-0.44981423141982085,26.15959890708632,28.16894508589581,12.72999973297119,14.838999843597412,13.776414794921875,12.333807373046875,ORIENTALTL.NS,2025-08-18 11:26:29.643261
210,2024-10-14 00:00:00+05:30,12.300000190734863,12.930000305175781,12.289999961853027,12.319999694824219,230947,0.0,0.0,2024-10-14,15.067499876022339,1.4295264997301544,16.497026375752494,13.637973376292184,17.92655287548265,12.20844687656203,-131.0810635204254,-97.36805231733608,23333928,403583.9563890842,142950.2823940882,12.004133063223867,0.0,12.513333320617676,12.736666679382324,12.09666633605957,13.15333366394043,11.873332977294922,13.376667022705078,11.456665992736816,,-99.23664789003769,-0.3930973319366018,0.02918043147729725,-0.42227776341389905,29.521178629221197,26.593737654016252,13.141999816894531,15.067499876022339,13.76501480102539,12.306307373046875,ORIENTALTL.NS,2025-08-18 11:26:29.643261
211,2024-10-11 00:00:00+05:30,12.9399995803833,12.9399995803833,12.9399995803833,12.9399995803833,10280,0.0,0.0,2024-10-11,15.249499893188476,1.2858070049158676,16.535306898104345,13.96369288827261,17.821113903020212,12.67788588335674,-122.2729891544993,-70.74377890294609,23564875,18868.53788474505,77791.86389533916,12.003231066244622,0.0,12.9399995803833,12.9399995803833,12.9399995803833,12.9399995803833,12.9399995803833,12.9399995803833,12.9399995803833,,-100.0,-0.2689722522237741,0.134749872330772,-0.4037221245545461,33.52104204712168,25.423832861333874,13.48799991607666,15.249499893188476,13.749614810943603,12.272107372283935,ORIENTALTL.NS,2025-08-18 11:26:29.643261
212,2024-10-10 00:00:00+05:30,13.210000038146973,13.210000038146973,13.210000038146973,13.210000038146973,5849,0.0,0.0,2024-10-10,15.384999895095826,1.1669144366941084,16.551914331789934,14.218085458401717,17.71882876848404,13.051171021707608,-124.79167222355846,-52.70228933510377,23575155,10959.615337977455,92522.6953979877,12.003111977802039,33.93942778608681,13.210000038146973,13.210000038146973,13.210000038146973,13.210000038146973,13.210000038146973,13.210000038146973,13.210000038146973,,-100.0,-0.16703979416583792,0.23568040346940852,-0.40272019763524647,35.464109701172745,24.870651691959033,13.768000030517578,15.384999895095826,13.724614810943603,12.233207378387451,ORIENTALTL.NS,2025-08-18 11:26:29.643261
213,2024-10-09 00:00:00+05:30,13.479999542236328,13.479999542236328,13.479999542236328,13.479999542236328,6127,0.0,0.0,2024-10-09,15.491999912261964,1.0491529732295815,16.541152885491545,14.442846939032382,17.590305858721127,13.3936939658028,-128.18870761180597,-36.095388688026105,23581004,11715.1709164242,112913.46541299025,12.00302467579215,33.37434876121945,13.479999542236328,13.479999542236328,13.479999542236328,13.479999542236328,13.479999542236328,13.479999542236328,13.479999542236328,,-100.0,-0.060595407429513415,0.33636045287822014,-0.39695586030773355,37.48156265979732,24.61100640289088,14.054000091552734,15.491999912261964,13.68501480102539,12.189607381820679,ORIENTALTL.NS,2025-08-18 11:26:29.643261
214,2024-10-08 00:00:00+05:30,13.760000228881836,13.760000228881836,13.760000228881836,13.760000228881836,3493,0.0,0.0,2024-10-08,15.57049994468689,0.9441702128693529,16.514670157556242,14.626329731817538,17.458840370425595,13.682159518948184,-126.73055777836973,-18.982235754780074,23587131,6817.543191367543,138213.03903713176,12.002912750167944,40.719087891185495,13.760000228881836,13.760000228881836,13.760000228881836,13.760000228881836,13.760000228881836,13.760000228881836,13.760000228881836,,-100.0,0.050012915450311723,0.4355994179551535,-0.3855865025048418,39.65380781092524,24.68499379928356,14.34600009918213,15.57049994468689,13.643214817047118,12.144807386398316,ORIENTALTL.NS,2025-08-18 11:26:29.643261
215,2024-10-07 00:00:00+05:30,14.050000190734863,14.050000190734863,14.050000190734863,14.050000190734863,1078,0.0,0.0,2024-10-07,15.649499940872193,0.845672929553345,16.495172870425538,14.803827011318848,17.340845799978883,13.958154081765503,-117.1597566725511,-2.8087899032799637,23590624,2148.354580971077,171061.9129985728,12.002836836622993,46.03737879857005,14.050000190734863,14.050000190734863,14.050000190734863,14.050000190734863,14.050000190734863,14.050000190734863,14.050000190734863,,-100.0,0.1632914897639317,0.5319960435813639,-0.36870455381743217,41.994468833379486,25.150819598413506,14.581999969482421,15.649499940872193,13.592014808654785,12.093207387924194,ORIENTALTL.NS,2025-08-18 11:26:29.643261
216,2024-10-04 00:00:00+05:30,14.34000015258789,14.34000015258789,14.34000015258789,14.34000015258789,5977,0.0,0.0,2024-10-04,15.69749994277954,0.7743442658517314,16.47184420863127,14.92315567692781,17.246188474483002,14.148811411076078,-110.75062982255514,11.77182603521787,23591702,12157.472140874353,213290.30260297324,12.002809540287144,53.85553416502069,14.34000015258789,14.34000015258789,14.34000015258789,14.34000015258789,14.34000015258789,14.34000015258789,14.34000015258789,,-100.0,0.2772876759410856,0.6241721820357219,-0.3468845060946363,44.429712635563625,26.074980702726585,14.82199993133545,15.69749994277954,13.53761480331421,12.034707384109497,ORIENTALTL.NS,2025-08-18 11:26:29.643261
217,2024-10-03 00:00:00+05:30,14.640000343322754,14.640000343322754,14.640000343322754,14.640000343322754,5299,0.0,0.0,2024-10-03,15.695999956130981,0.7771363101426153,16.473136266273595,14.918863645988365,17.25027257641621,14.14172733584575,-106.9231654226397,25.59154984452747,23597679,11003.880811410458,263573.51021849795,12.00263674074368,57.38254022978763,14.640000343322754,14.640000343322754,14.640000343322754,14.640000343322754,14.640000343322754,14.640000343322754,14.640000343322754,,-100.0,0.39047540781963086,0.7108933085593809,-0.3204179007397501,47.05063666222295,27.51704234650074,15.067999839782715,15.695999956130981,13.47001480102539,11.971807384490967,ORIENTALTL.NS,2025-08-18 11:26:29.643261
218,2024-10-01 00:00:00+05:30,14.9399995803833,14.9399995803833,14.640000343322754,14.9399995803833,266379,0.0,0.0,2024-10-01,15.645399951934815,0.8761505638823899,16.521550515817204,14.769249388052424,17.397701079699594,13.893098824170035,-114.95345503266796,35.177395574703056,23602978,564496.7433409534,326715.91757026984,12.002463855630904,62.520880805470775,14.839999834696451,15.039999326070149,14.740000089009602,15.139999071756998,14.540000597635904,15.339998563130695,14.440000851949055,,-86.78417169166316,0.49992823654903695,0.7909977837443184,-0.29106954719528144,49.77727384182677,29.559368263439932,15.317999839782715,15.645399951934815,13.391214790344238,11.906907377243042,ORIENTALTL.NS,2025-08-18 11:26:29.643261
219,2024-09-30 00:00:00+05:30,14.9399995803833,14.9399995803833,14.9399995803833,14.9399995803833,8745,0.0,0.0,2024-09-30,15.594924926757812,0.9452790500027944,16.54020397676061,14.649645876755018,17.4854830267634,13.704366826752224,-141.82558920787653,41.10716092043612,23869357,18531.956424930784,267270.71112759894,11.992751819253947,75.30550572121913,14.9399995803833,14.9399995803833,14.9399995803833,14.9399995803833,14.9399995803833,14.9399995803833,14.9399995803833,,-100.0,0.6029409751883144,0.8637651705431386,-0.26082419535482426,49.77727384182677,31.758796173989833,15.573999786376953,15.594924926757812,13.306614799499512,11.840507383346557,ORIENTALTL.NS,2025-08-18 11:26:29.643261
220,2024-09-27 00:00:00+05:30,15.25,15.25,15.25,15.25,284606,0.0,0.0,2024-09-27,15.513036489486694,1.0679764887805323,16.581012978267225,14.445060000706162,17.64898946704776,13.37708351192563,-159.52227086269113,53.88483565678327,23878102,615637.0755427737,329455.39980326593,11.992431892352311,69.25595356365203,15.25,15.25,15.25,15.25,15.25,15.25,15.25,,-84.69386811754912,0.7256930273069582,0.9289712193818447,-0.2032781920748865,52.48738994865227,33.7968947663873,15.89799976348877,15.513036489486694,13.2256148147583,11.775607385635375,ORIENTALTL.NS,2025-08-18 11:26:29.643261
221,2024-09-26 00:00:00+05:30,15.569999694824219,15.569999694824219,15.569999694824219,15.569999694824219,19290,0.0,0.0,2024-09-26,15.38423457145691,1.242456415818822,16.626690987275733,14.141778155638088,17.869147403094555,12.899321739819266,-132.04391109169748,67.22332982794724,24162708,42602.168225168934,257909.98086838896,11.980882773640223,84.53098985446805,15.569999694824219,15.569999694824219,15.569999694824219,15.569999694824219,15.569999694824219,15.569999694824219,15.569999694824219,,-51.53847874974737,0.8413271583555915,0.9797907674005661,-0.13846360904497468,55.37735505870492,35.47157963377464,16.227999687194824,15.38423457145691,13.140614814758301,11.709107389450073,ORIENTALTL.NS,2025-08-18 11:26:29.643261
222,2024-09-25 00:00:00+05:30,15.890000343322754,15.890000343322754,15.890000343322754,15.890000343322754,4318,0.0,0.0,2024-09-25,15.272785234451295,1.322320284449633,16.595105518900926,13.950464950001662,17.91742580335056,12.628144665552028,-65.42164782098105,81.08889830878292,24181998,9732.343209385905,311736.93402919394,11.98002012191645,87.82300486937451,15.890000343322754,15.890000343322754,15.890000343322754,15.890000343322754,15.890000343322754,15.890000343322754,15.890000343322754,,-30.722879453257317,0.945111384096446,1.0144066696618097,-0.06929528556536368,58.36120652764998,36.709618295761224,16.427999687194824,15.272785234451295,13.05541482925415,11.64090739250183,ORIENTALTL.NS,2025-08-18 11:26:29.643261
223,2024-09-24 00:00:00+05:30,16.219999313354492,16.219999313354492,16.219999313354492,16.219999313354492,8714,0.0,0.0,2024-09-24,15.180627489089966,1.341134646418202,16.52176213550817,13.839492842671763,17.86289678192637,12.498358196253562,7.224030204176749,95.975006013258,24186316,20048.378750730004,387238.08173414593,11.979809745900885,88.52219259709413,16.219999313354492,16.219999313354492,16.219999313354492,16.219999313354492,16.219999313354492,16.219999313354492,16.219999313354492,,-18.648664043976243,1.0321515579716785,1.0317304910531506,0.00042106691852783484,61.53629332986474,37.44705010674898,16.631999588012697,15.180627489089966,12.960814819335937,11.570007390975952,ORIENTALTL.NS,2025-08-18 11:26:29.643261
224,2024-09-23 00:00:00+05:30,16.559999465942383,16.799999237060547,16.559999465942383,16.559999465942383,67059,0.0,0.0,2024-09-23,15.108037090301513,1.321056656952858,16.42909374725437,13.786980433348656,17.75015040420723,12.465923776395798,70.49268053490738,115.34417324970785,24195030,157517.30129682148,479035.5074799999,11.979349288969704,90.30952528722183,16.639999389648438,16.719999313354492,16.479999542236328,16.8799991607666,16.399999618530273,16.959999084472656,16.239999771118164,,-9.459470257087412,1.0954507978092423,1.0316252243235187,0.0638255734857236,64.91505094177556,37.59336475182056,16.705999755859374,15.108037090301513,12.865614833831787,11.49430739402771,ORIENTALTL.NS,2025-08-18 11:26:29.643261
225,2024-09-20 00:00:00+05:30,16.899999618530273,16.899999618530273,16.229999542236328,16.899999618530273,321519,0.0,0.0,2024-09-20,15.145537090301513,1.3740248540265523,16.519561944328064,13.77151223627496,17.89358679835462,12.397487382248409,87.73921808850625,123.8799349714731,24262089,770733.4511126959,559415.0590257945,11.975518100909731,94.50859165616419,16.676666259765625,17.123332977294922,16.453332901000977,17.34666633605957,16.00666618347168,17.793333053588867,15.783332824707031,,-0.23393336669289475,1.1264104035159619,1.0156688309520878,0.11074157256387407,68.40254335095143,37.045350820838166,16.647999954223632,15.145537090301513,12.76441484451294,11.416207399368286,ORIENTALTL.NS,2025-08-18 11:26:29.643261
226,2024-09-19 00:00:00+05:30,16.56999969482422,16.56999969482422,16.56999969482422,16.56999969482422,20806,0.0,0.0,2024-09-19,15.022037124633789,1.3178880830145123,16.3399252076483,13.704149041619276,17.657813290662812,12.386260958604764,95.30004861291658,128.7558866573097,23940570,48901.475790538585,506585.461004069,11.955690896029306,95.40376948499558,16.56999969482422,16.56999969482422,16.56999969482422,16.56999969482422,16.56999969482422,16.56999969482422,16.56999969482422,,-7.184446180635673,1.115496392711126,0.9879834378111192,0.12751295490000691,66.79477048589231,36.4551819720879,16.460000038146973,15.022037124633789,12.660414848327637,11.334707403182984,ORIENTALTL.NS,2025-08-18 11:26:29.643261
227,2024-09-18 00:00:00+05:30,16.90999984741211,16.90999984741211,16.299999237060547,16.90999984741211,115749,0.0,0.0,2024-09-18,14.798037147521972,1.41787245880827,16.215909606330243,13.380164688713702,17.63378206513851,11.962292229905433,130.54134974523703,142.93214240505847,23961376,277633.40700478555,621006.4573074516,11.95448834709638,93.5225471369043,16.706666310628254,17.11333338419596,16.5033327738444,17.316666920979817,16.09666570027669,17.723333994547524,15.893332163492836,0.8364320643398165,-0.0,1.1171216835955118,0.9561051990861175,0.16101648450939432,70.21274495008976,35.12980903379069,16.276000022888184,14.798037147521972,12.56861484527588,11.25700740814209,ORIENTALTL.NS,2025-08-18 11:26:29.643261
228,2024-09-17 00:00:00+05:30,16.59000015258789,16.59000015258789,16.0,16.59000015258789,105214,0.0,0.0,2024-09-17,14.518537139892578,1.5264481798716758,16.044985319764255,12.992088960020903,17.57143349963593,11.465640780149226,127.13659267157433,141.84704934779504,23845627,247588.6849405095,706849.719883118,11.947293138893631,89.09982882717526,16.393333435058594,16.786666870117188,16.196666717529297,16.983333587646484,15.803333282470703,17.376667022705078,15.606666564941406,0.8279224370261493,-0.0,1.0687915988123837,0.9158510779587689,0.15294052085361487,68.81826254034101,33.70248433100909,15.964000129699707,14.518537139892578,12.471814842224122,11.176907405853271,ORIENTALTL.NS,2025-08-18 11:26:29.643261
229,2024-09-16 00:00:00+05:30,15.960000038146973,16.270000457763672,15.789999961853027,16.270000457763672,204969,0.0,0.0,2024-09-16,14.245037126541138,1.6227638570774456,15.867800983618585,12.622273269463692,17.49056484069603,10.999509412386248,114.59710479991526,141.91915235503959,23740413,473027.74944744474,821664.9786187703,11.941157553524196,68.69257800018043,16.110000292460125,16.430000623067222,15.950000127156578,16.59000078837077,15.62999979654948,16.910001118977867,15.469999631245933,0.8198988420935006,-0.0,1.0222357541664877,0.8776159477453651,0.1446198064211226,67.40116428875945,32.35400633643757,15.656000137329102,14.245037126541138,12.374614830017089,11.09900740623474,ORIENTALTL.NS,2025-08-18 11:26:29.643261
230,2024-09-13 00:00:00+05:30,15.960000038146973,15.960000038146973,15.329999923706055,15.960000038146973,112901,0.0,0.0,2024-09-13,13.967537117004394,1.7293012194337678,15.696838336438162,12.238235897570625,17.42613955587193,10.508934678136859,101.59371769055593,139.04549524510333,23535444,255588.64050456317,908824.2859116015,11.929984014477444,29.471013193369785,15.75,16.170000076293945,15.539999961853027,16.380000114440918,15.119999885559082,16.800000190734863,14.90999984741211,0.812909806915801,-0.0,0.9786568661303168,0.8414609961400844,0.13719586999023237,66.01167085406604,31.095778071255666,15.470000076293946,13.967537117004394,12.27961483001709,11.024307403564453,ORIENTALTL.NS,2025-08-18 11:26:29.643261
231,2024-09-12 00:00:00+05:30,15.649999618530273,15.649999618530273,15.039999961853027,15.649999618530273,209724,0.0,0.0,2024-09-12,13.708537101745605,1.8015788012852452,15.51011590303085,11.90695830046036,17.311694704316096,10.105379499175115,95.20032470839223,138.29539989309268,23422543,465557.50797143293,1072133.197263361,11.92424611137394,56.60233107841949,15.446666399637857,15.853332837422688,15.243333180745442,16.056666056315102,14.836666742960611,16.463332494099934,14.633333524068195,0.8096048137295501,-32.34324229559804,0.9385648937412547,0.8071620286425262,0.13140286509872856,64.61099353376122,29.933233602202172,15.280000114440918,13.708537101745605,12.181414833068848,10.953707399368286,ORIENTALTL.NS,2025-08-18 11:26:29.643261
232,2024-09-11 00:00:00+05:30,15.350000381469727,15.350000381469727,14.949999809265137,15.350000381469727,151411,0.0,0.0,2024-09-11,13.465537118911744,1.8529583724025078,15.318495491314252,11.612578746509236,17.17145386371676,9.759620374106728,103.34220119814266,140.71635732093637,23212819,329667.9212595109,1223777.119586343,11.91436601789105,67.0716893295421,15.21666685740153,15.483333905537922,15.083333333333332,15.61666742960612,14.81666628519694,15.883334477742512,14.683332761128742,0.8058960646364395,-38.188392238154016,0.9035446841487005,0.7743113123678439,0.1292333717808566,63.25005063500763,28.877598259053,15.012000274658202,13.465537118911744,12.091614837646484,10.887707405090332,ORIENTALTL.NS,2025-08-18 11:26:29.643261
233,2024-09-10 00:00:00+05:30,15.050000190734863,15.050000190734863,15.029999732971191,15.050000190734863,160156,0.0,0.0,2024-09-10,13.246537113189698,1.8771888586299568,15.123725971819654,11.36934825455974,17.00091483044961,9.492159395929784,112.15796399452536,146.22042310512654,23061408,341893.30004771147,1447304.4191680506,11.907775866011372,67.57532638808235,15.043333371480307,15.056667009989422,15.03666655222575,15.063333829243978,15.023332913716635,15.076667467753094,15.016666094462078,0.7830910597475149,-37.54151929202508,0.8745635121210338,0.7420029694226297,0.13256054269840412,61.88912052972298,27.933792307889934,14.66760025024414,13.246537113189698,12.001814823150635,10.826207399368286,ORIENTALTL.NS,2025-08-18 11:26:29.643261
234,2024-09-09 00:00:00+05:30,15.0,15.760000228881836,14.3100004196167,15.34000015258789,283520,0.0,0.0,2024-09-09,13.023037099838257,1.9168479966065042,14.939885096444762,11.106189103231753,16.856733093051265,9.18934110662525,139.96559629723598,166.93490466517025,23221564,616907.3369639704,1723657.1989481354,11.901387445129982,68.21060627192357,15.136666933695475,15.96333344777425,14.513333638509113,16.58666674296061,13.686667124430338,17.413333257039387,13.063333829243977,0.7783193417679463,-31.269834157530063,0.8537533407773612,0.7088628337480286,0.1448905070293326,64.01709847337219,27.11269090798617,14.44370002746582,13.023037099838257,11.912414817810058,10.769207401275635,ORIENTALTL.NS,2025-08-18 11:26:29.643261
235,2024-09-06 00:00:00+05:30,14.75,15.020000457763672,13.59000015258789,15.010000228881836,377509,0.0,0.0,2024-09-06,12.784537076950073,1.9101287929025363,14.69466586985261,10.874408284047536,16.604794662755147,8.964279491145,45.83418353797279,153.05996513173653,22938044,803746.1025677394,2000344.6644441765,11.888966747650812,68.01402062490698,14.540000279744467,15.490000406901043,14.060000101725262,15.970000584920248,13.109999974568685,16.920000712076824,12.62999979654948,0.7789904031822691,-34.84847631007769,0.7856137563627819,0.6726402069906954,0.11297354937208648,62.660495968421166,26.228427861935963,14.03614616394043,12.784537076950073,11.8206148147583,10.710807399749756,ORIENTALTL.NS,2025-08-18 11:26:29.643261
236,2024-09-05 00:00:00+05:30,13.989999771118164,14.3100004196167,13.210000038146973,14.3100004196167,108425,0.0,0.0,2024-09-05,12.567537069320679,1.8904197323449683,14.457956801665647,10.67711733697571,16.348376534010615,8.786697604630742,0.4808345465369834,133.42564175633763,22560535,220079.68135036543,2299494.3049132857,11.873883371315424,67.52983082511795,13.943333625793457,14.676667213439941,13.576666831970215,15.043334007263184,12.84333324432373,15.776667594909668,12.476666450500488,0.7741474743464332,-45.04503175764185,0.7189711937066416,0.6443968196476737,0.07457437405896794,59.665229673948296,25.753227612456083,13.568938446044921,12.567537069320679,11.737214813232422,10.657707395553588,ORIENTALTL.NS,2025-08-18 11:26:29.643261
237,2024-09-04 00:00:00+05:30,13.728833198547363,13.953767776489258,13.232422828674316,13.628000259399414,376974,0.0,0.0,2024-09-04,12.388037061691284,1.8866966004140409,14.274733662105325,10.501340461277243,16.161430262519367,8.614643860863202,-9.98441869990658,122.91719548478608,22452110,728709.4511768154,2819347.960804016,11.870497241150957,67.20898354173242,13.604730288187662,13.977037747701008,13.255692799886067,14.326075236002604,12.88338534037272,14.69838269551595,12.534347852071125,0.7702592422275394,-54.14705323017942,0.691694391010774,0.6257532261329317,0.0659411648778423,56.518982939639535,25.75574705097365,13.375140953063966,12.388037061691284,11.657014808654786,10.613607387542725,ORIENTALTL.NS,2025-08-18 11:26:29.643261
238,2024-09-03 00:00:00+05:30,13.147103309631348,13.961524963378906,12.635180473327637,13.930499076843262,838882,0.0,0.0,2024-09-03,12.244637060165406,1.8964590434589186,14.141096103624324,10.348178016706488,16.037555147083243,8.45171897324757,0.042171137817914414,126.98549489474243,22829084,1657594.9802013198,3342007.5882108156,11.861962557356396,66.64812186083884,13.509068171183268,14.382955869038899,13.056611378987629,14.835412661234537,12.182723681131998,15.709300359090168,11.73026688893636,0.7774487862710077,-49.698540709836706,0.7134582822623017,0.6092679349134711,0.10419034734883059,58.38467389843113,26.034476409163243,13.45890998840332,12.244637060165406,11.604054794311523,10.578327388763428,ORIENTALTL.NS,2025-08-18 11:26:29.643261
239,2024-09-02 00:00:00+05:30,13.302230834960938,13.302230834960938,12.177552223205566,13.302230834960938,1170356,0.0,0.0,2024-09-02,12.077112102508545,1.8876632030505327,13.964775305559078,10.189448899458013,15.85243850860961,8.30178569640748,-18.725978736786068,93.98668915368678,21990202,2208275.9219696987,3763110.7402131893,11.8393649360523,66.01558954221488,12.927337964375814,13.677123705546062,12.552445093790691,14.052016576131185,11.802659352620443,14.801802317301433,11.42776648203532,0.7691206207995372,-58.937780597662154,0.7007211340063435,0.5832203480762633,0.11750078593008018,55.52162410652519,26.334646487213572,13.626448440551759,12.077112102508545,11.549244804382324,10.537522401809692,ORIENTALTL.NS,2025-08-18 11:26:29.643261
240,2024-08-30 00:00:00+05:30,12.673961639404297,12.914409637451172,12.673961639404297,12.673961639404297,121533,0.0,0.0,2024-08-30,11.968500566482543,1.8759187347599773,13.844419301242521,10.092581831722566,15.720338036002499,8.216663096962588,-14.000469611776511,87.62906311513521,20819846,218482.91322686773,4151819.444774062,11.816724163044196,64.56316999997767,12.754110972086588,12.834260304768879,12.593812306722004,12.994558970133463,12.513662974039713,13.074708302815754,12.353364308675129,0.7508338326070232,-67.6793899825206,0.7356716402275598,0.5538451515937433,0.18182648863381656,52.486264942042475,27.158215822269273,14.428002166748048,11.968500566482543,11.506400184631348,10.501000089645386,ORIENTALTL.NS,2025-08-18 11:26:29.643261
241,2024-08-29 00:00:00+05:30,13.76761531829834,13.76761531829834,13.341012954711914,13.341012954711914,207482,0.0,0.0,2024-08-29,11.912302494049072,1.8705002660593553,13.782802760108428,10.041802227989717,15.653303026167784,8.17130196193036,24.821552209729916,156.30799836002333,20941379,392626.94680594286,5135153.5776608605,11.815344215225055,64.67391706594736,13.483213742574057,13.625414530436199,13.198812166849773,13.909816106160482,13.05661137898763,14.052016894022625,12.772209803263348,0.7499415243686361,-56.217943505193745,0.8311473357818535,0.508388529435289,0.3227588063465645,56.27904309576737,27.493499083788347,14.779209899902344,11.912302494049072,11.481720943450927,10.469260473251342,ORIENTALTL.NS,2025-08-18 11:26:29.643261
242,2024-08-28 00:00:00+05:30,14.737165451049805,14.76819133758545,14.023575782775879,14.046845436096191,1234598,0.0,0.0,2024-08-28,11.829751825332641,1.8403169979816048,13.670068823314246,9.989434827351037,15.51038582129585,8.149117829369432,63.86406043166232,248.28568447617675,21148861,2459887.4911386133,6320785.235374589,11.811139823818145,65.15488587490245,14.279537518819174,14.535499254862469,13.790883700052898,15.024153073628744,13.534921964009603,15.280114809672039,13.046268145243328,0.756353629118735,-46.22031553384288,0.875097568949375,0.4276988278486478,0.44739874110072714,60.58720005728619,27.06225162114787,14.52900733947754,11.829751825332641,11.438300685882568,10.42685034751892,ORIENTALTL.NS,2025-08-18 11:26:29.643261
243,2024-08-27 00:00:00+05:30,14.03908920288086,14.76819133758545,13.806397438049316,14.76819133758545,6628227,0.0,0.0,2024-08-27,11.688909530639648,1.768080048361162,13.45698957900081,9.920829482278487,15.225069627361972,8.152749433917325,89.69079807640175,310.978796684708,22383459,13884669.775412714,7286009.671433583,11.773867780526105,68.85939366371035,14.447593371073404,15.088789304097492,14.12699540456136,15.409387270609537,13.485799471537272,16.050583203633625,13.165201505025227,0.834517950359326,-36.00295071718745,0.848594326596471,0.31584914257346597,0.5327451840230051,65.29378758503991,25.711185229418607,13.983638191223145,11.688909530639648,11.379963779449463,10.37338189125061,ORIENTALTL.NS,2025-08-18 11:26:29.643261
244,2024-08-26 00:00:00+05:30,15.850000381469727,17.309999465942383,15.25,17.309999465942383,6513697,0.0,0.0,2024-08-26,11.519999980926514,1.612986697286361,13.132986678212875,9.907013283640152,14.745973375499236,8.294026586353791,237.82543216295386,644.2487062671554,29011686,15993204.048347402,5636344.6454388,11.4795199277594,98.75283045067711,16.623332977294922,17.996665954589844,15.936666488647461,18.683332443237305,14.563333511352539,20.056665420532227,13.876667022705078,0.7519906972238767,-0.0,0.7307630134889411,0.18266284656771467,0.5481001669212264,87.58072060828161,24.25619065371017,13.25399990081787,11.519999980926514,11.308799953460694,10.308699979782105,ORIENTALTL.NS,2025-08-18 11:26:29.643261
245,2024-08-23 00:00:00+05:30,12.789999961853027,14.5,12.5,14.430000305175781,6608520,0.0,0.0,2024-08-23,11.214499998092652,0.8628135405685976,12.07731353866125,10.351686457524055,12.940127079229848,9.488872916955456,267.7419347451012,429.5625014614793,22497989,13526374.898838188,3047129.794711649,10.856046227669543,96.60288533677632,13.81000010172526,15.12000020345052,13.12000020345052,15.81000010172526,11.81000010172526,17.12000020345052,11.12000020345052,0.5648550855777068,-1.443292563267929,0.3185014709829499,0.04563780483740803,0.27286366614554186,80.613690795299,20.60283783976776,11.936000061035156,11.214499998092652,11.18899995803833,10.220099983215333,ORIENTALTL.NS,2025-08-18 11:26:29.643261
246,2024-08-22 00:00:00+05:30,11.600000381469727,12.25,11.289999961853027,12.09000015258789,671186,0.0,0.0,2024-08-22,11.059499979019165,0.4191403985157686,11.478640377534933,10.640359580503397,11.897780776050702,10.221219181987628,174.7638240611359,135.43488997834314,15889469,1151012.5706208018,427318.5186800137,10.421122234755344,74.72337925881061,11.876666704813639,12.46333344777425,11.503333409627277,12.836666742960611,10.916666666666666,13.423333485921223,10.543333371480305,-0.04813008313840811,-6.153839382195197,0.06949226995634028,-0.022578111698977443,0.09207038165531772,66.38737822229442,17.782855541327926,11.205999946594238,11.059499979019165,11.126999950408935,10.163299980163574,ORIENTALTL.NS,2025-08-18 11:26:29.643261
247,2024-08-21 00:00:00+05:30,11.779999732971191,11.789999961853027,11.010000228881836,11.319999694824219,196547,0.0,0.0,2024-08-21,11.002999973297118,0.34197717816034584,11.344977151457464,10.661022795136773,11.68695432961781,10.319045616976426,140.87896534365433,44.961989994795545,15218283,315590.3432375235,246395.00569481667,10.400237508656188,55.279190848284124,11.373333295186361,11.736666361490887,10.956666628519695,12.153333028157553,10.59333356221517,12.516666094462078,10.176666895548504,-0.16922307241044884,-31.557388902829207,-0.019913317390379603,-0.045595707112806874,0.02568238972242727,56.67210594868774,16.771904999893934,10.945999908447266,11.002999973297118,11.110799942016602,10.132399978637695,ORIENTALTL.NS,2025-08-18 11:26:29.643261
248,2024-08-20 00:00:00+05:30,10.869999885559082,11.800000190734863,10.710000038146973,11.119999885559082,179772,0.0,0.0,2024-08-20,10.971999979019165,0.33982346038388067,11.311823439403046,10.632176518635283,11.651646899786925,10.292353058251404,148.6395966595754,15.28303043419426,15021736,283555.257495441,229096.17130913996,10.396854541825423,60.867432068395004,11.210000038146973,11.710000038146973,10.619999885559082,12.300000190734863,10.119999885559082,12.800000190734863,9.529999732971191,-0.16770301981207342,-39.75410060323796,-0.05824446645013026,-0.05201630454341369,-0.006228161906716573,53.42529270328854,16.387179762084195,10.876000022888183,10.971999979019165,11.099399948120118,10.105699977874757,ORIENTALTL.NS,2025-08-18 11:26:29.643261
249,2024-08-19 00:00:00+05:30,10.920000076293945,10.920000076293945,10.649999618530273,10.720000267028809,112685,0.0,0.0,2024-08-19,10.95149998664856,0.3427792525238617,11.294279239172422,10.608720734124699,11.637058491696283,10.265941481600837,-1.0405730882597155,-71.9295393648322,14841964,171345.13438420615,215481.3997625647,10.394413546672071,51.95605649742623,10.763333320617676,10.876667022705078,10.606666564941406,11.033333778381348,10.493332862854004,11.14666748046875,10.336666107177734,-0.1788120071651657,-56.14752400405546,-0.08674050991793969,-0.050459264066734545,-0.036281245851205145,45.895793884272784,15.972860275212167,10.768000030517578,10.95149998664856,11.076999950408936,10.080999975204469,ORIENTALTL.NS,2025-08-18 11:26:29.643261
250,2024-08-16 00:00:00+05:30,10.770000457763672,11.0,10.510000228881836,10.779999732971191,92298,0.0,0.0,2024-08-16,10.959999990463256,0.33882147044872685,11.298821460911983,10.62117852001453,11.637642931360709,10.282357049565803,-14.010045037837923,-75.6810221650154,14954649,141130.83523903642,226515.4661071543,10.39372319251945,57.86000338456823,10.763333320617676,11.016666412353516,10.526666641235352,11.25333309173584,10.273333549499512,11.50666618347168,10.036666870117188,-0.17169557195562976,-53.68853003643504,-0.08251592874620073,-0.04138895260393326,-0.04112697614226747,46.95306522606308,17.193525559145506,10.73799991607666,10.959999990463256,11.065599937438964,10.062299976348877,ORIENTALTL.NS,2025-08-18 11:26:29.643261
251,2024-08-14 00:00:00+05:30,11.300000190734863,11.300000190734863,10.609999656677246,10.789999961853027,44093,0.0,0.0,2024-08-14,10.971000003814698,0.3362314123287245,11.307231416143422,10.634768591485974,11.643462828472147,10.298537179157249,4.412741311535425,-52.453618566945295,15046947,67484.17807750372,247861.62382418374,10.393051168680076,64.18501395606077,10.899999936421713,11.19000021616618,10.499999682108562,11.59000047047933,10.209999402364096,11.880000750223797,9.809999148050945,-0.1946152788989096,-53.2786846801635,-0.08176598163813331,-0.031107208568366393,-0.05065877306976692,47.12105880432026,18.50808817261218,10.715999984741211,10.971000003814698,11.043999938964843,10.042499980926515,ORIENTALTL.NS,2025-08-18 11:26:29.643261
252,2024-08-13 00:00:00+05:30,10.84000015258789,12.09000015258789,10.65999984741211,10.970000267028809,416342,0.0,0.0,2024-08-13,10.997000026702882,0.3415614249308371,11.33856145163372,10.655438601772044,11.680122876564555,10.313877176841208,55.00065208647962,13.994325430101616,15091040,647839.9613630713,292955.9852608537,10.392720982196538,73.27616262418047,11.240000089009603,11.820000330607098,10.390000025431316,12.670000394185385,9.809999783833822,13.250000635782879,8.959999720255535,-0.2071720408220969,-45.90162460729342,-0.0805518145996782,-0.01844251530092466,-0.062109299298753536,50.118235340632715,19.72330258078921,10.702000045776368,10.997000026702882,11.03619993209839,10.022599983215333,ORIENTALTL.NS,2025-08-18 11:26:29.643261
253,2024-08-12 00:00:00+05:30,10.789999961853027,10.9399995803833,10.460000038146973,10.579999923706055,70559,0.0,0.0,2024-08-12,11.006500005722046,0.34340821921901965,11.349908224941066,10.663091786503026,11.693316444160086,10.319683567284006,-56.378924619541266,-103.79476622396966,14674698,105888.53821562292,204234.9912352993,10.388150985530013,73.06800120152106,10.65999984741211,10.859999656677246,10.380000114440918,11.139999389648438,10.180000305175781,11.339999198913574,9.90000057220459,-0.18489234032689264,-60.25639980633077,-0.09550413360412335,-0.002915190476236274,-0.09258894312788708,42.7981764284837,20.92727380909096,10.660000038146972,11.006500005722046,11.013799934387206,9.996899976730347,ORIENTALTL.NS,2025-08-18 11:26:29.643261
254,2024-08-09 00:00:00+05:30,10.989999771118164,10.989999771118164,10.25,10.569999694824219,91856,0.0,0.0,2024-08-09,11.050500011444091,0.3422598923944503,11.392759903838542,10.708240119049641,11.735019796232992,10.365980226655191,-77.7381217662175,-122.976265697158,14604139,137718.84619858023,228821.60449021836,10.387893249843726,71.58673087449291,10.603333155314127,10.956666310628254,10.21666653951009,11.343332926432291,9.863333384195963,11.696666081746418,9.476666768391926,-0.17718843509666116,-60.68375998708872,-0.07479147588705892,0.020232045305735497,-0.09502352119279442,42.597612219479224,19.93662150343789,10.660000038146972,11.050500011444091,11.004199943542481,9.979099979400635,ORIENTALTL.NS,2025-08-18 11:26:29.643261
255,2024-08-08 00:00:00+05:30,10.720000267028809,10.920000076293945,10.640000343322754,10.670000076293945,29639,0.0,0.0,2024-08-08,11.097000026702881,0.3366725335391689,11.43367256024205,10.760327493163713,11.770345093781218,10.423654959624544,-70.61821027314788,-102.11536030573659,14695995,44857.889887278514,251597.29406312786,10.387574202012955,71.0770214921189,10.743333498636881,10.846666653951008,10.566666920979817,11.023333231608072,10.46333376566569,11.1266663869222,10.286667188008625,-0.17244284320289377,-56.410239690129224,-0.046154922239923124,0.0439879256039341,-0.09014284784385723,44.0311833105323,18.869765174273045,10.772000122070313,11.097000026702881,11.003799953460693,9.965899982452392,ORIENTALTL.NS,2025-08-18 11:26:29.643261
256,2024-08-07 00:00:00+05:30,11.100000381469727,11.100000381469727,10.569999694824219,10.720000267028809,62340,0.0,0.0,2024-08-07,11.148500013351441,0.3465509994805839,11.495051012832025,10.801949013870857,11.84160201231261,10.455398014390273,-77.63501643899492,-94.79769456815639,14725634,94792.17000941928,303282.1451070902,10.387414453597433,69.51837463612199,10.796666781107584,11.02333386739095,10.493333180745442,11.326667467753092,10.266666094462076,11.553334554036457,9.963332494099934,-0.16357472567619583,-54.27347954164948,-0.01864066124189634,0.0665236375648984,-0.08516429880679474,44.730089794922655,18.385489270279557,10.948000144958495,11.148500013351441,10.981399955749511,9.956199979782104,ORIENTALTL.NS,2025-08-18 11:26:29.643261
257,2024-08-06 00:00:00+05:30,10.260000228881836,11.149999618530273,10.260000228881836,10.760000228881836,110204,0.0,0.0,2024-08-06,11.211499977111817,0.37768364893887674,11.589183626050694,10.83381632817294,11.966867274989571,10.456132679234063,-106.31403278075975,-117.34590748789041,14787974,168197.87704148903,355404.6388815079,10.38701830690509,66.7310317068766,10.723333358764648,11.186666488647461,10.296667098999023,11.613332748413086,9.833333969116211,12.076665878295898,9.406667709350586,-0.17583542915340647,-52.564079573927685,0.011944103542930407,0.08781471226659708,-0.07587060872366667,45.26381183970759,17.863961373671184,11.142000007629395,11.211499977111817,10.961999950408936,9.950999975204468,ORIENTALTL.NS,2025-08-18 11:26:29.643261
258,2024-08-05 00:00:00+05:30,11.149999618530273,11.149999618530273,9.649999618530273,10.579999923706055,107930,0.0,0.0,2024-08-05,11.276999950408936,0.40766463561312094,11.684664586022057,10.869335314795814,12.092329221635177,10.461670679182694,-166.440057340928,-174.5078051658023,14677770,161971.54054921668,402206.3293415126,10.386231286330794,65.68797870934384,10.459999720255533,11.269999821980793,9.769999821980793,11.959999720255533,8.959999720255533,12.769999821980793,8.269999821980793,-0.11149731744352569,-60.25639980633077,0.046981509129748744,0.10678236444751375,-0.05980085531776501,42.39151266513051,17.30231594655448,11.235999870300294,11.276999950408936,10.925799942016601,9.946399974822999,ORIENTALTL.NS,2025-08-18 11:26:29.643261
259,2024-08-02 00:00:00+05:30,11.600000381469727,11.600000381469727,10.5600004196167,11.130000114440918,243660,0.0,0.0,2024-08-02,11.334499931335449,0.3846319692971715,11.71913190063262,10.949867962038278,12.103763869929791,10.565235992741107,-38.2019580655213,-24.86438159819497,14785700,384671.73822898854,462265.02653958654,10.385830027113581,65.7895399562754,11.096666971842447,11.633333524068195,10.593333562215168,12.136666933695475,10.05666700998942,12.673333485921223,9.55333360036214,-0.16220992268951057,-57.71810662976565,0.10885546741155139,0.121732578276955,-0.012877110865403607,49.80722692253726,16.697467025044183,11.397999954223632,11.334499931335449,10.891199951171876,9.946099977493287,ORIENTALTL.NS,2025-08-18 11:26:29.643261
260,2024-08-01 00:00:00+05:30,11.960000038146973,11.960000038146973,11.300000190734863,11.550000190734863,235661,0.0,0.0,2024-08-01,11.353999948501587,0.38360331354618543,11.737603262047772,10.970396634955401,12.121206575593957,10.586793321409216,97.49237503868936,85.99503482149942,15029360,386082.9108240148,481663.348617236,10.38233467521757,67.1197647397332,11.603333473205566,11.90666675567627,11.24666690826416,12.263333320617676,10.943333625793457,12.566666603088379,10.58666706085205,-0.08450129984425866,-29.530177716276086,0.13225687298161404,0.12495185599330588,0.007305016988308155,56.860425220415785,17.731156456703832,11.411999893188476,11.353999948501587,10.84759994506836,9.944799976348877,ORIENTALTL.NS,2025-08-18 11:26:29.643261
261,2024-07-31 00:00:00+05:30,11.430000305175781,11.989999771118164,11.149999618530273,11.6899995803833,449253,0.0,0.0,2024-07-31,11.328999948501586,0.3864397753089202,11.715439723810507,10.942560173192666,12.101879499119427,10.556120397883745,120.4761207476729,88.05978804675435,15265021,744931.5233193673,505558.4580655412,10.377006015003655,68.56893689574262,11.609999656677246,12.069999694824219,11.229999542236328,12.449999809265137,10.769999504089355,12.90999984741211,10.389999389648438,-0.08269536062598885,-20.134244081777904,0.11885022755400776,0.12312560174622883,-0.004275374192221071,59.46696004262056,17.234231296910657,11.367999839782716,11.328999948501586,10.794599933624268,9.94129997253418,ORIENTALTL.NS,2025-08-18 11:26:29.643261
262,2024-07-30 00:00:00+05:30,11.649999618530273,11.649999618530273,11.15999984741211,11.229999542236328,196307,0.0,0.0,2024-07-30,11.302499961853027,0.3784715530558339,11.68097151490886,10.924028408797193,12.059443067964695,10.545556855741358,54.7033758291722,43.160364780515934,14815768,312698.9305666957,445715.19175208465,10.365483157512655,59.55554523467365,11.34666633605957,11.533332824707031,11.043333053588867,11.836666107177734,10.856666564941406,12.023332595825195,10.553333282470703,-0.13427674375291246,-54.37503948806775,0.0860970790858051,0.12419444529428408,-0.03809736620847898,52.876140985850746,16.699081124825703,11.22199993133545,11.302499961853027,10.741799945831298,9.938399972915649,ORIENTALTL.NS,2025-08-18 11:26:29.643261
263,2024-07-29 00:00:00+05:30,11.420000076293945,11.569999694824219,11.25,11.390000343322754,295649,0.0,0.0,2024-07-29,11.283999967575074,0.3910363306884719,11.675036298263546,10.892963636886602,12.066072628952018,10.50192730619813,68.54513958908011,55.81236840418626,15012075,477651.36459549924,478969.2570484319,10.362155150332297,67.77034371915599,11.40333334604899,11.55666669209798,11.236666997273762,11.723333040873209,11.083333651224772,11.8766663869222,10.916667302449543,-0.13842617698206852,-53.157867262562654,0.08816165671165699,0.13371878684640381,-0.045557130134746826,55.80701017660542,16.861331613353023,11.115999984741212,11.283999967575074,10.694199962615967,9.942099981307983,ORIENTALTL.NS,2025-08-18 11:26:29.643261
264,2024-07-26 00:00:00+05:30,11.739999771118164,11.819999694824219,11.010000228881836,11.199999809265137,270178,0.0,0.0,2024-07-26,11.243499946594238,0.420329054968763,11.663829001563,10.823170891625475,12.084158056531763,10.402841836656712,46.81425347022577,48.51313148171274,14716426,429218.93143271346,479298.73016166507,10.35616131819412,69.97990911476448,11.34333324432373,11.676666259765625,10.866666793823242,12.153332710266113,10.533333778381348,12.486665725708008,10.05666732788086,-0.13745109218747084,-63.15789737859974,0.07371150437243301,0.14510806938009052,-0.07139656500765751,52.930081713088825,16.752838907647373,10.979999923706055,11.243499946594238,10.646399955749512,9.939199981689454,ORIENTALTL.NS,2025-08-18 11:26:29.643261
265,2024-07-25 00:00:00+05:30,10.960000038146973,11.890000343322754,10.770000457763672,11.329999923706055,769626,0.0,0.0,2024-07-25,11.220999956130981,0.4345826018323221,11.655582557963303,10.78641735429866,12.090165159795626,10.351834752466337,35.97655796305192,48.95854328402336,14986604,1236859.8986340305,491818.6798439029,10.351640361617674,71.66188754349875,11.330000241597494,11.890000025431316,10.770000139872234,12.450000127156576,10.210000356038412,13.009999910990398,9.650000254313152,-0.13535716522356342,-56.31578471852046,0.07280626337754903,0.16295721063200488,-0.09015094725445585,55.21372241157103,16.636000609195133,10.918000030517579,11.220999956130981,10.594399967193603,9.942199983596801,ORIENTALTL.NS,2025-08-18 11:26:29.643261
266,2024-07-24 00:00:00+05:30,10.6899995803833,11.569999694824219,10.529999732971191,10.960000038146973,398180,0.0,0.0,2024-07-24,11.196499967575074,0.441865279961603,11.638365247536676,10.754634687613471,12.08023052749828,10.312769407651867,-53.19325696762025,5.706468383709823,14216978,619014.566967619,305558.37514637096,10.336477597335263,69.41484260789318,11.019999821980795,11.509999910990398,10.469999949137371,12.059999783833822,9.979999860127768,12.549999872843426,9.429999987284344,-0.14544159361861175,-75.78946681564067,0.057741113812225464,0.18549494744561884,-0.12775383363339338,49.449745318128485,16.51017474932349,10.852000045776368,11.196499967575074,10.531799964904785,9.945399980545044,ORIENTALTL.NS,2025-08-18 11:26:29.643261
267,2024-07-23 00:00:00+05:30,10.510000228881836,10.989999771118164,10.5,10.699999809265137,44404,0.0,0.0,2024-07-23,11.163499975204468,0.4831722603575367,11.646672235562004,10.680327714846932,12.129844495919542,10.197155454489394,-132.68259786773575,-30.48498378422453,13818798,67393.30193990895,227194.3271910589,10.331437626686606,61.185520316491655,10.729999860127768,10.959999720255535,10.469999949137371,11.219999631245932,10.240000089009603,11.449999491373699,9.980000178019207,-0.17058188616511222,-89.47369213579924,0.07401767447967877,0.21743340585396714,-0.14341573137428837,44.81547307536765,17.00762198715263,10.922000122070312,11.163499975204468,10.473599967956543,9.958299980163574,ORIENTALTL.NS,2025-08-18 11:26:29.643261
268,2024-07-22 00:00:00+05:30,11.329999923706055,11.329999923706055,10.600000381469727,10.710000038146973,114025,0.0,0.0,2024-07-22,11.177499961853027,0.4729845464790426,11.650484508332069,10.704515415373985,12.123469054811112,10.231530868894941,-139.13390281006247,-3.1658113541602564,13863202,173220.9533773669,267144.58350384637,10.331105104221026,68.15397017039477,10.880000114440918,11.15999984741211,10.430000305175781,11.609999656677246,10.15000057220459,11.889999389648438,9.700000762939453,-0.16465799713839122,-90.86020926489643,0.11934120765622858,0.2532873386975392,-0.13394613104131065,44.962688200479086,17.676719863169335,11.014000129699706,11.177499961853027,10.422599964141845,9.978799982070923,ORIENTALTL.NS,2025-08-18 11:26:29.643261
269,2024-07-19 00:00:00+05:30,11.050000190734863,11.4399995803833,10.539999961853027,10.890000343322754,105685,0.0,0.0,2024-07-19,11.201499938964844,0.46001449214715034,11.661514431111994,10.741485446817693,12.121528923259145,10.281470954670542,-150.73045394530592,11.17518931418776,13977227,163249.5964747062,290625.4910354662,10.330225242656839,74.55336757910331,10.956666628519693,11.37333329518636,10.473333676656086,11.856666247049967,10.05666700998942,12.273332913716633,9.573334058125813,-0.158932355127804,-81.18277171647566,0.17457599338395902,0.28677387145786687,-0.11219787807390785,47.57478395714124,18.63544192652721,11.164000129699707,11.201499938964844,10.374399967193604,10.00769998550415,ORIENTALTL.NS,2025-08-18 11:26:29.643261
270,2024-07-18 00:00:00+05:30,11.890000343322754,11.890000343322754,10.899999618530273,11.0,112184,0.0,0.0,2024-07-18,11.214999914169312,0.4543183789524636,11.669318293121774,10.760681535216849,12.12363667207424,10.306363156264384,-95.17103158326329,46.755045826318955,14082912,175038.8605126227,322469.4646756562,10.329017823261623,74.98790764737578,11.263333320617676,11.626667022705078,10.636666297912598,12.253334045410156,10.273332595825195,12.616667747497559,9.646665573120117,-0.1704496499576432,-63.63635181395373,0.22492086333799932,0.3148233409763438,-0.08990247763834447,49.19662247162434,19.667911840912616,11.286000061035157,11.214999914169312,10.325599956512452,10.027799978256226,ORIENTALTL.NS,2025-08-18 11:26:29.643261
271,2024-07-16 00:00:00+05:30,11.699999809265137,11.699999809265137,11.220000267028809,11.3100004196167,153860,0.0,0.0,2024-07-16,11.236999893188477,0.4540124334486086,11.691012326637086,10.782987459739868,12.145024760085693,10.32897502629126,-45.82445717315573,63.33415302223808,14195096,246830.7258841142,359327.11571641464,10.327478007959865,77.8702062306015,11.410000165303549,11.600000063578289,11.12000052134196,11.889999707539877,10.93000062306722,12.079999605814617,10.640000979105633,-0.1441368098599572,-49.54542242790763,0.27513636151036636,0.3372989603859299,-0.062162598875563524,54.01534920203703,20.728166631150078,11.426000022888184,11.236999893188477,10.277599964141846,10.025299978256225,ORIENTALTL.NS,2025-08-18 11:26:29.643261
272,2024-07-15 00:00:00+05:30,11.970000267028809,11.970000267028809,11.100000381469727,11.15999984741211,93844,0.0,0.0,2024-07-15,11.229999876022339,0.4539069229067722,11.68390679892911,10.776092953115567,12.137813721835883,10.322186030208794,-38.94468444456701,65.65515316937808,14041236,148553.04926897862,387451.21317448973,10.32437584952016,78.63785433034019,11.410000165303549,11.719999949137371,10.850000063578289,12.28000005086263,10.540000279744467,12.589999834696453,9.980000178019207,-0.13660139228786955,-56.36363084651174,0.3047283388822777,0.35283961010482073,-0.04811127122254305,51.89844600239639,20.998639338305452,11.55999984741211,11.229999876022339,10.226399955749512,10.02169997215271,ORIENTALTL.NS,2025-08-18 11:26:29.643261
273,2024-07-12 00:00:00+05:30,11.229999542236328,11.760000228881836,11.229999542236328,11.460000038146973,170503,0.0,0.0,2024-07-12,11.22849988937378,0.454199894997739,11.682699784371518,10.77429999437604,12.136899679369257,10.320100099378301,-7.709246536131456,74.71001475007512,14135080,277158.06150928704,447175.75415086746,10.322763532829905,76.57527627530433,11.483333269755045,11.736666997273762,11.206666310628254,12.013333956400553,10.953332583109537,12.26666768391927,10.676665623982746,-0.14310440932044682,-42.152456203674085,0.3527707247667333,0.36486742791045645,-0.012096703143723131,56.75022495516191,21.289917638318933,11.74199981689453,11.22849988937378,10.179199962615966,10.018099975585937,ORIENTALTL.NS,2025-08-18 11:26:29.643261
274,2024-07-11 00:00:00+05:30,11.899999618530273,11.899999618530273,11.130000114440918,11.5,169837,0.0,0.0,2024-07-11,11.21599988937378,0.45092176199171746,11.666921651365497,10.765078127382063,12.117843413357216,10.314156365390344,13.879412269688224,79.81343560219082,14305583,277039.0705190065,489680.17731126247,10.31876278757608,77.06612800399174,11.509999910990397,11.889999707539875,11.12000020345052,12.279999415079752,10.740000406901041,12.65999921162923,10.350000699361164,-0.15931345630598787,-40.358735573000146,0.37938905268632617,0.36789160369638724,0.01149744898993893,57.41476986195123,22.013938469880653,11.795999717712402,11.21599988937378,10.122999954223634,10.004499979019165,ORIENTALTL.NS,2025-08-18 11:26:29.643261
275,2024-07-10 00:00:00+05:30,11.979999542236328,12.100000381469727,11.34000015258789,11.699999809265137,164158,0.0,0.0,2024-07-10,11.20699987411499,0.44673188500494987,11.653731759119939,10.76026798911004,12.10046364412489,10.31353610410509,54.288166476173636,98.20636098109178,14475420,272432.41372014076,542840.4540093264,10.314608925766114,76.73501383164954,11.713333447774252,12.086666742960613,11.326666514078777,12.473333676656088,10.953333218892416,12.846666971842449,10.566666285196941,-0.14601106656605126,-31.390132419630472,0.40378086942078717,0.3650172414489025,0.03876362797188465,60.71575418189567,22.7936532115625,11.799999809265136,11.20699987411499,10.067999954223632,9.992999982833862,ORIENTALTL.NS,2025-08-18 11:26:29.643261
276,2024-07-09 00:00:00+05:30,12.1899995803833,12.399999618530273,11.800000190734863,11.979999542236328,305193,0.0,0.0,2024-07-09,11.188499879837035,0.4326815557413963,11.621181435578432,10.755818324095639,12.053862991319829,10.323136768354242,123.55413420977511,126.70094826873387,14639578,518611.6172165143,610442.4640816229,10.309883992799705,77.41267726532081,12.059999783833822,12.319999376932781,11.719999949137371,12.659999211629232,11.460000356038412,12.919998804728191,11.12000052134196,-0.0813559357987341,-18.83408800491292,0.40919494342711715,0.3553263344559313,0.05386860897118584,65.62033174409667,23.127088405842944,11.669999885559083,11.188499879837035,10.00899995803833,9.990499982833862,ORIENTALTL.NS,2025-08-18 11:26:29.643261
277,2024-07-08 00:00:00+05:30,11.729999542236328,12.229999542236328,11.550000190734863,12.069999694824219,493198,0.0,0.0,2024-07-08,11.15349988937378,0.39165329497252765,11.545153184346308,10.761846594401252,11.936806479318836,10.370193299428724,145.37753168300142,122.13917807857241,14944771,844382.9146715846,633400.1757979,10.299226750222092,79.34791063843365,11.949999809265137,12.34999942779541,11.670000076293945,12.629999160766602,11.270000457763672,13.029998779296875,10.99000072479248,-0.004299762920260953,-8.65386114318045,0.3823509441209847,0.3418591822131348,0.040491761907849866,67.24153560993648,22.24767120683436,11.505999946594239,11.15349988937378,9.945399971008301,9.984199991226197,ORIENTALTL.NS,2025-08-18 11:26:29.643261
278,2024-07-05 00:00:00+05:30,11.609999656677246,12.25,11.609999656677246,11.729999542236328,442410,0.0,0.0,2024-07-05,11.087499904632569,0.33640311606065615,11.423903020693226,10.751096788571912,11.760306136753881,10.414693672511257,197.5074200485094,119.38149179761436,14451573,736094.8875293375,580654.4910794786,10.280776185378617,75.0524104068505,11.863333066304525,12.116666475931805,11.47666613260905,12.50333340962728,11.223332722981771,12.756666819254558,10.836665789286297,-0.0029292677748772164,-25.000022924864215,0.3333256429496121,0.3317362417361724,0.0015894012134397006,64.1330772765069,21.54688448693108,11.263999938964844,11.087499904632569,9.881999969482422,9.977999992370606,ORIENTALTL.NS,2025-08-18 11:26:29.643261
279,2024-07-04 00:00:00+05:30,11.050000190734863,11.59000015258789,10.930000305175781,11.520000457763672,516133,0.0,0.0,2024-07-04,11.000999927520752,0.3818500264197868,11.38284995394054,10.619149901100965,11.764699980360326,10.237299874681177,120.42337076882775,86.74842144485501,14009163,843383.2958020363,541794.391967014,10.267103180260477,69.07138399308303,11.346666971842447,11.763333638509113,11.103333791097004,12.006666819254557,10.686667124430338,12.423333485921223,10.443333943684895,0.01643410484800538,-24.58098266816768,0.29899287628128945,0.3313388914328125,-0.03234601515152302,62.06877104639908,20.627538493781675,11.034000015258789,11.000999927520752,9.823399982452393,9.95619999885559,ORIENTALTL.NS,2025-08-18 11:26:29.643261
280,2024-07-03 00:00:00+05:30,11.180000305175781,11.289999961853027,10.899999618530273,11.050000190734863,187130,0.0,0.0,2024-07-03,10.932499885559082,0.4059669594666599,11.338466845025742,10.526532926092422,11.744433804492402,10.120565966625762,39.823995140352025,71.55498047751423,13493030,293303.04677292256,466397.1660082583,10.253159174565035,66.19635846043695,11.079999923706055,11.260000228881836,10.869999885559082,11.470000267028809,10.6899995803833,11.65000057220459,10.479999542236328,-0.05453959874437224,-50.83798138576873,0.27118806399822404,0.33942539522069326,-0.06823733122246922,56.91533883270237,20.658933846375447,10.879999923706055,10.932499885559082,9.768999977111816,9.937999992370605,ORIENTALTL.NS,2025-08-18 11:26:29.643261
281,2024-07-02 00:00:00+05:30,10.899999618530273,11.640000343322754,10.899999618530273,11.15999984741211,567579,0.0,0.0,2024-07-02,10.864999866485595,0.48911839790657735,11.354118264392172,10.375881468579019,11.84323666229875,9.88676307067244,64.44568001385417,84.859074195862,13680160,898465.4442589578,509670.69581709214,10.249930817805092,72.67589826923745,11.233333269755045,11.566666920979817,10.826666196187336,11.973333994547525,10.493332544962565,12.306667645772297,10.086665471394856,-0.04928363441993295,-44.69274903820079,0.2777684736007995,0.3564847280263105,-0.078716254425511,58.64696993032674,21.257573227840595,10.83799991607666,10.864999866485595,9.725999965667725,9.927999992370605,ORIENTALTL.NS,2025-08-18 11:26:29.643261
282,2024-07-01 00:00:00+05:30,10.800000190734863,11.319999694824219,10.649999618530273,10.859999656677246,580117,0.0,0.0,2024-07-01,10.826999855041503,0.4944864194133292,11.321486274454832,10.332513435628174,11.815972693868162,9.838027016214845,-14.746101337235922,69.09444338489972,13112581,893626.9858704726,412472.00870662567,10.238608459595225,58.739052199321755,10.94333299001058,11.236666361490887,10.566666285196941,11.613333066304525,10.273332913716635,11.906666437784832,9.896666208902996,-0.07864156053364137,-61.45253658726307,0.271151479197993,0.37616379163268815,-0.10501231243469517,55.194746671639244,21.90226179249537,10.66599998474121,10.826999855041503,9.68379997253418,9.915399990081788,ORIENTALTL.NS,2025-08-18 11:26:29.643261
283,2024-06-28 00:00:00+05:30,10.979999542236328,10.979999542236328,10.199999809265137,10.579999923706055,84854,0.0,0.0,2024-06-28,10.776499891281128,0.5403825944037305,11.316882485684859,10.236117296877397,11.85726508008859,9.695734702473667,-111.73236335646344,48.51195635091137,12532464,127341.1757784049,292183.26441566384,10.230605053679563,59.52658489508074,10.586666425069174,10.97333304087321,10.19333330790202,11.366666158040365,9.806666692097982,11.753332773844402,9.413333574930828,-0.06449181330302901,-77.09498010336978,0.28811683879710515,0.4024168697413619,-0.11430003094425678,51.70021632822905,23.216306431012146,10.689999961853028,10.776499891281128,9.650599975585937,9.906799993515016,ORIENTALTL.NS,2025-08-18 11:26:29.643261
284,2024-06-27 00:00:00+05:30,10.930000305175781,11.319999694824219,10.720000267028809,10.75,124021,0.0,0.0,2024-06-27,10.752499914169311,0.559876536664738,11.31237645083405,10.192623377504573,11.872252987498786,9.632746840839836,-48.5316515056269,73.79437874197482,12617318,189110.03034469901,333393.78657497856,10.229945573186198,65.76714227714257,10.929999987284342,11.139999707539875,10.540000279744465,11.529999415079752,10.330000559488932,11.739999135335285,9.940000851949055,-0.09003264854581165,-53.539819274515544,0.3330479647310547,0.4309918774774261,-0.09794391274637143,54.0780822756671,24.63784363233663,10.811999893188476,10.752499914169311,9.625999984741211,9.900499992370605,ORIENTALTL.NS,2025-08-18 11:26:29.643261
285,2024-06-26 00:00:00+05:30,10.489999771118164,11.180000305175781,10.300000190734863,10.84000015258789,148889,0.0,0.0,2024-06-26,10.742499923706054,0.5617066513891393,11.304206575095193,10.180793272316915,11.865913226484333,9.619086620927776,-109.42855844004947,67.31125950833689,12741339,228930.0339083297,369464.7256325484,10.228506917418619,62.04130446215481,10.773333549499512,11.24666690826416,10.366666793823242,11.65333366394043,9.893333435058594,12.126667022705078,9.486666679382324,0.01916207326931701,-49.55751204119198,0.3687848083791927,0.45547785566401894,-0.08669304728482624,55.32908247909252,25.67879471260322,10.8939998626709,10.742499923706054,9.600999984741211,9.891999988555908,ORIENTALTL.NS,2025-08-18 11:26:29.643261
286,2024-06-25 00:00:00+05:30,10.979999542236328,11.1899995803833,10.170000076293945,10.300000190734863,219483,0.0,0.0,2024-06-25,10.677999925613403,0.6208702383923677,11.29887016400577,10.057129687221035,11.919740402398137,9.436259448828668,-222.42533178216212,56.168066513729315,12592450,320663.1036455934,404598.398563603,10.226469350650152,63.87595000367335,10.553333282470703,10.936666488647461,9.916666984558105,11.573332786560059,9.533333778381348,11.956665992736816,8.89666748046875,0.006675502913647199,-67.47966754758777,0.400087497592331,0.47715111748522543,-0.07706361989289445,48.719833864806716,27.0964302852681,11.013999748229981,10.677999925613403,9.578199977874755,9.879599990844726,ORIENTALTL.NS,2025-08-18 11:26:29.643261
287,2024-06-24 00:00:00+05:30,11.220000267028809,11.25,10.699999809265137,10.979999542236328,150819,0.0,0.0,2024-06-24,10.65049991607666,0.6499915893134525,11.300491505390113,10.000508326763207,11.950483094703564,9.350516737449755,-157.34720281735156,87.30656696651778,12811933,234892.55406501365,425582.2222931053,10.226106384181605,62.93008455182945,10.976666450500488,11.25333309173584,10.703332901000977,11.526666641235352,10.426666259765625,11.803333282470703,10.153332710266113,0.026635078804182876,-31.511273443601812,0.4872843080917626,0.496417022458449,-0.00913271436668639,58.91185692081753,28.623114748137965,11.187999725341797,10.65049991607666,9.570199966430664,9.872599992752075,ORIENTALTL.NS,2025-08-18 11:26:29.643261
288,2024-06-21 00:00:00+05:30,11.550000190734863,11.550000190734863,11.010000228881836,11.1899995803833,191860,0.0,0.0,2024-06-21,10.548999929428101,0.7470777427740777,11.296077672202179,9.801922186654023,12.043155414976257,9.054844443879945,30.883936909322266,110.82242663558753,12962752,304526.70374588465,473254.63935012824,10.223540496937597,73.1362236202562,11.25,11.489999771118164,10.949999809265137,11.789999961853027,10.710000038146973,12.029999732971191,10.40999984741211,0.026686241166341423,-24.758859896028024,0.5245699201273784,0.49870020105012053,0.025869719077257824,62.671534715264336,28.90643700373895,11.217999839782715,10.548999929428101,9.552599983215332,9.857799997329712,ORIENTALTL.NS,2025-08-18 11:26:29.643261
289,2024-06-20 00:00:00+05:30,11.4399995803833,11.569999694824219,11.069999694824219,11.15999984741211,133847,0.0,0.0,2024-06-20,10.431999969482423,0.8209851918695343,11.252985161351956,9.611014777612889,12.07397035322149,8.790029585743355,45.99526450790973,119.33571516888945,12770892,211876.94456230535,515436.6232511891,10.219337838825725,74.20037037588172,11.266666412353516,11.463333129882812,10.963333129882812,11.766666412353516,10.766666412353516,11.963333129882812,10.463333129882812,0.03256731366527941,-25.723481641460737,0.5436769511717259,0.492232771280806,0.05144417989091987,62.35282331074409,28.265831544733476,11.22199993133545,10.431999969482423,9.52579999923706,9.842399997711182,ORIENTALTL.NS,2025-08-18 11:26:29.643261
290,2024-06-19 00:00:00+05:30,11.25,11.960000038146973,10.979999542236328,11.4399995803833,705261,0.0,0.0,2024-06-19,10.321499967575074,0.8653704002911123,11.186870367866186,9.456129567283961,12.052240768157299,8.590759166992848,83.94399833044525,142.07091682504426,12904739,1144423.450465146,591326.5429234101,10.216475520754456,77.0746063742306,11.459999720255533,11.939999898274738,10.959999402364094,12.440000216166178,10.479999224344889,12.920000394185383,9.97999890645345,0.04395325309972288,-16.720273799619818,0.5628567305109424,0.479371726308076,0.08348500420286642,67.33538779819254,27.385895850482143,11.25399990081787,10.321499967575074,9.495599994659424,9.826300001144409,ORIENTALTL.NS,2025-08-18 11:26:29.643261
291,2024-06-18 00:00:00+05:30,11.130000114440918,11.449999809265137,11.079999923706055,11.170000076293945,87352,0.0,0.0,2024-06-18,10.194499969482422,0.8788597436892052,11.073359713171627,9.315640225793217,11.952219456860831,8.436780482104012,59.210519161030895,137.3574111080493,12199478,138400.2581938549,453052.31603797607,10.196538618915067,78.6920514657531,11.233333269755045,11.386666615804035,11.016666730244953,11.603333155314127,10.863333384195963,11.756666501363117,10.646666844685871,0.04980767100656991,-19.163770476169272,0.5513087965615515,0.4585004752573594,0.09280832130419214,64.81807331764321,26.43827279513455,11.231999969482422,10.194499969482422,9.456800003051757,9.806900005340577,ORIENTALTL.NS,2025-08-18 11:26:29.643261
292,2024-06-14 00:00:00+05:30,11.210000038146973,11.470000267028809,11.100000381469727,11.130000114440918,148941,0.0,0.0,2024-06-14,10.088499975204467,0.8828498662941697,10.971349841498636,9.205650108910298,11.854199707792807,8.322800242616127,71.23291113217158,149.97692934581622,12112126,235136.6386093893,531715.3304990063,10.194569988054388,77.92384192506663,11.233333587646484,11.366666793823242,10.99666690826416,11.603333473205566,10.863333702087402,11.736666679382324,10.626667022705078,0.0620350872238214,-20.55749742557768,0.5547616383993663,0.4352983949313113,0.11946324346805504,64.44109191340355,26.122776408703444,11.25399990081787,10.088499975204467,9.415400009155274,9.793200006484986,ORIENTALTL.NS,2025-08-18 11:26:29.643261
293,2024-06-13 00:00:00+05:30,11.319999694824219,11.649999618530273,11.100000381469727,11.210000038146973,195127,0.0,0.0,2024-06-13,9.974499988555909,0.8884727465663276,10.862972735122236,9.086027241989582,11.751445481688563,8.197554495423255,101.10804362019975,173.08282863638505,12261067,310265.76145603013,605860.0034714106,10.19133331825156,81.30619161548248,11.320000012715658,11.53999964396159,10.990000406901043,11.869999249776205,10.770000775655111,12.089998881022137,10.440001169840496,0.07825755176852889,-17.770043526760865,0.5547162330802831,0.4054325840642975,0.14928364901598556,65.74948418745163,25.72711788985749,11.177999877929688,9.974499988555909,9.366800003051758,9.781900005340576,ORIENTALTL.NS,2025-08-18 11:26:29.643261
294,2024-06-12 00:00:00+05:30,10.800000190734863,11.720000267028809,10.800000190734863,11.319999694824219,336017,0.0,0.0,2024-06-12,9.86399998664856,0.8638127676380792,10.727812754286639,9.000187219010481,11.591625521924719,8.1363744513724,128.36307202784172,189.66400277116102,12456194,539533.6502904798,679758.5639752557,10.186694627547428,80.77971592766525,11.28000005086263,11.759999910990398,10.839999834696453,12.200000127156576,10.359999974568685,12.679999987284344,9.919999758402508,0.10419111491893211,-13.69864937511472,0.5383745287373713,0.36811167181030113,0.17026285692707022,67.49930011309489,25.301024100331077,10.935999870300293,9.86399998664856,9.308600006103516,9.771800003051759,ORIENTALTL.NS,2025-08-18 11:26:29.643261
295,2024-06-11 00:00:00+05:30,11.279999732971191,11.5,10.300000190734863,11.329999923706055,474393,0.0,0.0,2024-06-11,9.728000020980835,0.8361917902518974,10.564191811232732,8.891808230728937,11.400383601484629,8.05561644047704,131.45543392486348,186.82450351425607,12792211,762393.263601663,714814.7923964496,10.177737412165323,79.1220163494889,11.043333371480307,11.78666655222575,10.586666742960613,12.243333180745443,9.84333356221517,12.986666361490887,9.386666933695476,0.1049985677205163,-6.071430882628926,0.4984617057962293,0.32554595757853355,0.17291574821769573,67.65128440085797,24.842153865456478,10.701999855041503,9.728000020980835,9.251200008392335,9.759600009918213,ORIENTALTL.NS,2025-08-18 11:26:29.643261
296,2024-06-10 00:00:00+05:30,10.75,11.479999542236328,10.609999656677246,11.279999732971191,640385,0.0,0.0,2024-06-10,9.571500015258788,0.8131696726701911,10.38466968792898,8.758330342588597,11.19783936059917,7.9451606699184065,191.374223936977,212.77247956683232,12317818,1024615.9480239422,702920.1745951462,10.164734880294123,85.42026979903733,11.123332977294922,11.636666297912598,10.766666412353516,11.993332862854004,10.25333309173584,12.50666618347168,9.896666526794434,0.05816528696039572,-7.06713125996219,0.4388238765226724,0.2823170205241096,0.1565068559985628,67.30953652669464,24.620534698791495,10.37599983215332,9.571500015258788,9.199600009918212,9.746800012588501,ORIENTALTL.NS,2025-08-18 11:26:29.643261
297,2024-06-07 00:00:00+05:30,10.25,11.100000381469727,9.699999809265137,10.75,539557,0.0,0.0,2024-06-07,9.410000038146972,0.7758865554936762,10.185886593640648,8.634113482653296,10.961773149134324,7.8582269271596195,101.85188975978869,159.293352737278,11677433,822728.7366066613,622496.2312379472,10.147483501620536,83.54217408841896,10.516666730244955,11.333333651224773,9.933333079020183,11.916667302449545,9.116666158040365,12.733334223429363,8.533332506815594,0.0002677532859510038,-19.230766409247998,0.36074479757779976,0.24319030652446888,0.11755449105333088,63.51572567545189,23.67126872699677,10.199999809265137,9.410000038146972,9.15400001525879,9.73650001525879,ORIENTALTL.NS,2025-08-18 11:26:29.643261
298,2024-06-06 00:00:00+05:30,10.199999809265137,10.550000190734863,9.949999809265137,10.0,186422,0.0,0.0,2024-06-06,9.280000019073487,0.7571414403568404,10.037141459430327,8.522858578716647,10.794282899787168,7.765717138359806,40.152972794286164,122.27250493069172,11137876,264428.3616403259,572438.1048957687,10.139527254706293,80.84471888549156,10.166666666666666,10.383333524068195,9.783333142598469,10.766667048136393,9.56666628519694,10.983333905537922,9.183332761128742,-0.05713024226320668,-46.29629956678458,0.3075110293337566,0.21380168376113612,0.0937093455726205,56.95096804201284,23.084005768334737,10.019999885559082,9.280000019073487,9.112000007629394,9.73100001335144,ORIENTALTL.NS,2025-08-18 11:26:29.643261
299,2024-06-05 00:00:00+05:30,9.899999618530273,10.899999618530273,9.5,10.149999618530273,386481,0.0,0.0,2024-06-05,9.19500002861023,0.7674119108317204,9.96241193944195,8.427588117778509,10.72982385027367,7.6601762069467885,54.263536090935915,128.92239529969535,11324298,556422.9640340357,649440.5407096294,10.140166760046615,84.25546877401727,10.183333079020182,10.866666158040363,9.46666653951009,11.583332697550455,8.783333460489908,12.266665776570637,8.066666920979817,,-40.74075774727982,0.30856005287988886,0.19037434736798098,0.11818570551190788,58.91985117189159,23.176035974552672,10.039999961853027,9.19500002861023,9.085,9.73350001335144,ORIENTALTL.NS,2025-08-18 11:26:29.643261
300,2024-06-04 00:00:00+05:30,10.600000381469727,10.649999618530273,8.850000381469727,9.699999809265137,312469,0.0,0.0,2024-06-04,9.110000038146973,0.750017575911362,9.860017614058336,8.35998246223561,10.610035189969697,7.609964886324249,3.300320461579391,77.90261488881357,10937817,429921.86643974297,672694.9348785279,10.140072431681428,82.95464502955005,9.733333269755045,10.616666158040363,8.816666920979817,11.533332506815592,7.933334032694498,12.41666539510091,7.01666768391927,,-50.819675206689354,0.2904552788847585,0.16082792099000398,0.12962735789475455,54.541947243012324,23.275145427402755,10.120000076293945,9.110000038146973,9.059000015258789,9.73600001335144,ORIENTALTL.NS,2025-08-18 11:26:29.643261
301,2024-06-03 00:00:00+05:30,9.949999809265137,11.25,9.949999809265137,10.399999618530273,1338264,0.0,0.0,2024-06-03,9.055000066757202,0.7447889458086718,9.799789012565874,8.31021112094853,10.544577958374546,7.565422175139858,109.95508883131012,187.89130457804885,11250286,1974176.555028162,733388.201988224,10.143512342675246,89.35627830538716,10.53333314259847,11.116666475931805,9.816666285196941,11.833333333333334,9.233332951863607,12.416666666666668,8.516666094462078,,-26.984142362097163,0.30719300735066923,0.12842108151631534,0.1787719258343539,64.46537128552703,23.723081368924323,10.09000015258789,9.055000066757202,9.041000022888184,9.74100001335144,ORIENTALTL.NS,2025-08-18 11:26:29.643261
302,2024-05-31 00:00:00+05:30,10.399999618530273,10.399999618530273,9.75,9.850000381469727,127775,0.0,0.0,2024-05-31,8.972500085830688,0.6761881243828559,9.648688210213544,8.296311961447833,10.3248763345964,7.620123837064977,66.66665864417043,134.10726275364485,9912022,178522.5198144439,423191.11372823955,10.134628277600568,83.74214111342437,10.0,10.25,9.600000381469727,10.649999618530273,9.350000381469727,10.899999618530273,8.950000762939453,,-33.333313149747475,0.2550285571657511,0.08372810005772685,0.17130045710802427,59.02642549751315,21.476093034762023,9.960000228881835,8.972500085830688,9.009000034332276,9.739000015258789,ORIENTALTL.NS,2025-08-18 11:26:29.643261
303,2024-05-30 00:00:00+05:30,10.800000190734863,10.800000190734863,10.0,10.100000381469727,244519,0.0,0.0,2024-05-30,8.920000076293945,0.6444908899158512,9.564490966209796,8.275509186378095,10.208981856125648,7.631018296462242,123.01588553049481,191.59709038044886,10039797,350303.8193562343,484358.2622066884,10.13557269962677,87.81617033983721,10.300000190734863,10.600000381469727,9.800000190734863,11.100000381469727,9.5,11.40000057220459,9.0,,-25.3968042521164,0.23854477600063184,0.04090298578072079,0.19764179021991105,63.10310242487011,20.058245402428916,9.780000114440918,8.920000076293945,8.980000019073486,9.735500011444092,ORIENTALTL.NS,2025-08-18 11:26:29.643261
304,2024-05-29 00:00:00+05:30,9.850000381469727,10.899999618530273,9.449999809265137,10.550000190734863,1238200,0.0,0.0,2024-05-29,8.847500038146972,0.5834279846804435,9.430928022827416,8.264072053466528,10.014356007507859,7.680644068786085,175.83600057358305,214.3100460967163,10284316,1852909.2032274553,517871.87291930185,10.13580001770709,86.14454683355223,10.299999872843424,11.149999936421711,9.700000127156574,11.74999968210856,8.850000063578287,12.599999745686848,8.250000317891438,,-11.111094291456228,0.18920501411497703,-0.008507461774256979,0.19771247588923402,71.33822209423401,17.65136711795715,9.530000114440918,8.847500038146972,8.954000015258789,9.728500003814696,ORIENTALTL.NS,2025-08-18 11:26:29.643261
305,2024-05-28 00:00:00+05:30,9.800000190734863,10.100000381469727,9.300000190734863,9.550000190734863,169323,0.0,0.0,2024-05-28,8.75750002861023,0.42403919297519105,9.181539221585421,8.333460835635037,9.605578414560611,7.909421642659847,154.2904615690445,125.42623327051189,9046116,229366.61539682178,184112.54034226347,10.121948537715118,66.60894837550148,9.65000025431315,10.000000317891438,9.200000127156574,10.450000445048014,8.850000063578287,10.800000508626301,8.399999936421711,,-29.411762505941766,0.07885026178655252,-0.057935580746565477,0.13678584253311799,60.77538122372284,15.059344350064485,9.210000038146973,8.75750002861023,8.928000011444091,9.7175,ORIENTALTL.NS,2025-08-18 11:26:29.643261
306,2024-05-27 00:00:00+05:30,9.25,10.300000190734863,9.199999809265137,9.75,494412,0.0,0.0,2024-05-27,8.717500019073487,0.3808836840410359,9.098383703114523,8.336616335032451,9.47926738715556,7.955732650991415,220.12579400989912,155.03508898749163,9215439,683761.2580968656,172799.0215786239,10.124576133133615,79.08696343083862,9.75,10.300000190734863,9.199999809265137,10.850000381469727,8.649999618530273,11.40000057220459,8.09999942779541,,-21.56863331748863,0.03485288552081478,-0.09213204137984497,0.12698492690065977,65.24057933053523,13.358228591391155,9.079999923706055,8.717500019073487,8.931000003814697,9.718499994277954,ORIENTALTL.NS,2025-08-18 11:26:29.643261
307,2024-05-24 00:00:00+05:30,8.850000381469727,9.100000381469727,8.800000190734863,8.949999809265137,32535,0.0,0.0,2024-05-24,8.670000028610229,0.29486842029297966,8.964868448903209,8.375131608317249,9.259736869196189,8.080263188024269,54.559070356494054,8.256479080776932,8721027,41303.29587467568,45058.462449063474,10.129669208612084,49.206461985978045,8.950000127156576,9.100000063578289,8.799999872843426,9.25000031789144,8.649999936421713,9.400000254313152,8.499999682108562,,-22.58066699358208,-0.041702113573109045,-0.12387827310500991,0.08217615953190087,52.19507020530206,11.526257774358339,8.939999961853028,8.670000028610229,8.94,9.716499996185302,ORIENTALTL.NS,2025-08-18 11:26:29.643261
308,2024-05-23 00:00:00+05:30,8.949999809265137,9.25,8.699999809265137,8.850000381469727,47736,0.0,0.0,2024-05-23,8.667500019073486,0.29257255093740464,8.96007257001089,8.374927468136082,9.252645120948296,8.082354917198677,59.383216758536065,6.095536474530757,8688492,59923.915855356034,45997.25409266042,10.130725663340854,44.552734427683085,8.933333396911621,9.166666984558105,8.616666793823242,9.483333587646484,8.383333206176758,9.716667175292969,8.066666603088379,,-29.03224218648576,-0.06029596311987895,-0.14442231298798514,0.08412634986810619,50.01771156321381,12.350478425495018,8.920000076293945,8.667500019073486,8.967000007629395,9.726499996185304,ORIENTALTL.NS,2025-08-18 11:26:29.643261
309,2024-05-22 00:00:00+05:30,9.25,9.25,8.649999618530273,8.949999809265137,52111,0.0,0.0,2024-05-22,8.665000009536744,0.29114114554358994,8.956141155080333,8.373858863993155,9.247282300623924,8.082717718449564,74.47151318727028,10.576727363903938,8736228,66155.09609113951,42515.588651986516,10.132410713369623,53.13829397728752,8.949999809265137,9.25,8.649999618530273,9.550000190734863,8.34999942779541,9.850000381469727,8.049999237060547,,-22.58066699358208,-0.07333972134581934,-0.16545390045501168,0.09211417910919234,52.226549938029045,13.238100665180674,8.95,8.665000009536744,9.001000003814697,9.736499996185303,ORIENTALTL.NS,2025-08-18 11:26:29.643261
310,2024-05-21 00:00:00+05:30,9.050000190734863,9.149999618530273,8.899999618530273,8.899999618530273,31332,0.0,0.0,2024-05-21,8.65750002861023,0.28528612919779694,8.942786157808026,8.372213899412433,9.228072287005823,8.086927770214636,101.76982405875891,17.848212728425654,8684117,39553.869574963035,36605.711792198264,10.13411143346691,58.9275101009345,8.983332951863607,9.066666285196941,8.816666285196941,9.233332951863607,8.733332951863607,9.316666285196941,8.566666285196941,,-25.80648535371776,-0.09877690512485593,-0.18848244523230975,0.08970554010745382,51.22652897081438,14.194001538688301,8.880000114440918,8.65750002861023,9.042000007629394,9.735,ORIENTALTL.NS,2025-08-18 11:26:29.643261
311,2024-05-17 00:00:00+05:30,8.699999809265137,9.100000381469727,8.550000190734863,9.050000190734863,48054,0.0,0.0,2024-05-17,8.65750002861023,0.28528612919779694,8.942786157808026,8.372213899412433,9.228072287005823,8.086927770214636,103.797490155025,2.2381580196402404,8715449,61686.340056714704,35868.67234650707,10.135179635463015,52.66858559511917,8.90000025431315,9.250000317891438,8.700000127156574,9.450000445048014,8.350000063578287,9.800000508626301,8.149999936421711,,-16.12903027331072,-0.12492332761617497,-0.2109088302591732,0.08598550264299823,54.39863017686079,14.492475024737262,8.740000152587891,8.65750002861023,9.088000011444091,9.745500001907349,ORIENTALTL.NS,2025-08-18 11:26:29.643261
312,2024-05-16 00:00:00+05:30,9.199999809265137,9.300000190734863,8.800000190734863,8.850000381469727,25246,0.0,0.0,2024-05-16,8.65750002861023,0.28528612919779694,8.942786157808026,8.372213899412433,9.228072287005823,8.086927770214636,135.11114309804992,20.274856285993398,8667395,31691.787742674685,29414.255418955152,10.13662214527757,61.62625400792526,8.983333587646484,9.166666984558105,8.666666984558105,9.483333587646484,8.483333587646484,9.666666984558105,8.166666984558105,,-29.03224218648576,-0.17127867749844938,-0.23240520591992275,0.06112652842147337,50.61223884053818,14.96066877675314,8.54000015258789,8.65750002861023,9.135,9.753999996185303,ORIENTALTL.NS,2025-08-18 11:26:29.643261
313,2024-05-15 00:00:00+05:30,8.649999618530273,9.0,8.199999809265137,9.0,46955,0.0,0.0,2024-05-15,8.675,0.30757968423494675,8.982579684234947,8.367420315765054,9.290159368469894,8.059840631530108,81.26516887366844,-25.350993652507444,8692641,59942.551569768344,28844.872338025263,10.13752130024018,50.94858420652869,8.733333269755045,9.266666730244953,8.46666653951009,9.533333460489908,7.933333079020182,10.066666920979817,7.666666348775227,,-0.0,-0.2083354900337575,-0.24768683802529107,0.03935134799153356,53.71857667416696,14.550988415606994,8.4,8.675,9.19,9.764999990463258,ORIENTALTL.NS,2025-08-18 11:26:29.643261
314,2024-05-14 00:00:00+05:30,8.600000381469727,8.600000381469727,8.100000381469727,8.600000381469727,15659,0.0,0.0,2024-05-14,8.692500019073487,0.3357141235729053,9.028214142646393,8.35678589550058,9.363928266219297,8.021071771927677,-5.882253668852602,-83.7358345657842,8645686,19101.759195753675,21070.45253008949,10.139001762412997,41.81637176937049,8.43333371480306,8.766667048136394,8.266667048136394,8.93333371480306,7.9333337148030605,9.266667048136394,7.766667048136394,,-26.08689883253639,-0.26739553078597744,-0.25752467502317444,-0.009870855762803,45.42434542648635,14.96276255074526,8.260000038146973,8.692500019073487,9.232000007629395,9.757999992370605,ORIENTALTL.NS,2025-08-18 11:26:29.643261
315,2024-05-13 00:00:00+05:30,8.100000381469727,8.449999809265137,7.75,8.199999809265137,44949,0.0,0.0,2024-05-13,8.7375,0.3800537048706287,9.117553704870629,8.357446295129373,9.497607409741258,7.977392590258743,-94.53406959028588,-143.96564117340964,8630027,52281.10375245822,21562.625863673442,10.139670025548686,34.01941792667466,8.133333206176758,8.516666412353516,7.816666603088379,8.833333015441895,7.433333396911621,9.216666221618652,7.116666793823242,,-60.86956882296648,-0.29956493066976186,-0.25505696108247367,-0.0445079695872882,34.52921908908158,15.368033763519511,8.229999923706055,8.7375,9.29,9.75599998474121,ORIENTALTL.NS,2025-08-18 11:26:29.643261
316,2024-05-10 00:00:00+05:30,8.050000190734863,8.149999618530273,8.0,8.050000190734863,8685,0.0,0.0,2024-05-10,8.8125,0.41481606456022097,9.22731606456022,8.39768393543978,9.642132129120442,7.982867870879558,-142.5049363924714,-157.19761829246863,8585078,9916.914860288098,13883.006391477247,10.14209068699422,14.516564618876629,8.066666603088379,8.133333206176758,7.983333587646484,8.216666221618652,7.9166669845581055,8.283332824707031,7.833333969116211,,-94.44442089692048,-0.29681865249067485,-0.2439299686856516,-0.05288868380502326,29.637988369633234,15.1454008643726,8.310000038146972,8.8125,9.358999996185302,9.757999982833862,ORIENTALTL.NS,2025-08-18 11:26:29.643261
317,2024-05-09 00:00:00+05:30,8.149999618530273,8.300000190734863,8.149999618530273,8.149999618530273,9345,0.0,0.0,2024-05-09,8.90499997138977,0.44126013022272437,9.346260101612495,8.463739841167046,9.78752023183522,8.02247971094432,-161.90482902958598,-133.84788386204514,8593763,10803.084308459689,14874.529274274533,10.142595279906832,14.2869610679695,8.199999809265137,8.25,8.09999942779541,8.350000381469727,8.049999237060547,8.40000057220459,7.94999885559082,,-100.0,-0.27403264220173185,-0.23070779773439576,-0.04332484446733609,31.07515799881348,13.362141560314825,8.45,8.90499997138977,9.442999992370606,9.759999980926514,ORIENTALTL.NS,2025-08-18 11:26:29.643261
318,2024-05-08 00:00:00+05:30,8.300000190734863,8.300000190734863,8.300000190734863,8.300000190734863,20621,0.0,0.0,2024-05-08,9.002500009536742,0.47943908270413377,9.481939092240877,8.523060926832608,9.96137817494501,8.043621844128475,-208.888920988877,-116.59071438047056,8603108,24277.205574841788,15892.390515728242,10.143112531772124,13.705848980897642,8.300000190734863,8.300000190734863,8.300000190734863,8.300000190734863,8.300000190734863,8.300000190734863,8.300000190734863,,-100.0,-0.25055606294495547,-0.21987658661756174,-0.030679476327393734,33.326022581568296,11.847374366377625,8.580000114440917,9.002500009536742,9.535,9.760499982833862,ORIENTALTL.NS,2025-08-18 11:26:29.643261
319,2024-05-07 00:00:00+05:30,8.449999809265137,8.600000381469727,8.449999809265137,8.449999809265137,10325,0.0,0.0,2024-05-07,9.080000019073486,0.4851478722977384,9.565147891371224,8.594852146775748,10.050295763668963,8.109704274478009,-224.80625106512147,-85.94824127842864,8623729,12375.35399578033,13796.186750949853,10.144168896641357,14.69751407496878,8.5,8.550000190734863,8.399999618530273,8.65000057220459,8.34999942779541,8.700000762939453,8.249999046325684,,-100.0,-0.23147540702355052,-0.2122067175357133,-0.01926868948783722,35.72913353566996,10.6602590174068,8.65,9.080000019073486,9.641000003814698,9.759499979019164,ORIENTALTL.NS,2025-08-18 11:26:29.643261
320,2024-05-06 00:00:00+05:30,8.600000381469727,8.75,8.600000381469727,8.600000381469727,4174,0.0,0.0,2024-05-06,9.140000009536744,0.47727295532541,9.617272964862153,8.662727054211334,10.094545920187564,8.185454098885923,-178.5712079935768,-66.35867474156136,8634054,5091.688031360612,14151.394939742233,10.144655218603937,15.527360683921756,8.65000025431315,8.700000127156574,8.550000508626301,8.799999872843424,8.500000635782877,8.849999745686848,8.400000890096027,,-100.0,-0.2183118719942243,-0.20738954516375396,-0.010922326830470341,38.2931875783661,9.868850673742344,8.710000038146973,9.140000009536744,9.73,9.756499977111817,ORIENTALTL.NS,2025-08-18 11:26:29.643261
321,2024-05-03 00:00:00+05:30,8.75,8.800000190734863,8.75,8.75,7947,0.0,0.0,2024-05-03,9.184999990463258,0.4659738208689678,9.650973811332225,8.71902616959429,10.116947632201192,8.253052348725323,-47.61895679283616,-54.098312100209036,8638228,9863.297605492973,16416.321666837637,10.144834490150041,15.043298928050959,8.766666730244955,8.78333346048991,8.733333269755047,8.816666920979818,8.716666539510092,8.833333651224773,8.683333079020183,,-88.23525451873128,-0.21292358619661123,-0.20465896345613635,-0.008264622740474875,41.02714200945839,9.55141814408994,8.739999961853027,9.184999990463258,9.772999992370606,9.75249997138977,ORIENTALTL.NS,2025-08-18 11:26:29.643261
322,2024-05-02 00:00:00+05:30,8.800000190734863,8.800000190734863,8.699999809265137,8.800000190734863,11261,0.0,0.0,2024-05-02,9.202500009536744,0.4552255289208364,9.65772553845758,8.747274480615907,10.112951067378416,8.29204895169507,-60.31743148374804,-55.76199252774688,8646175,14056.283612318046,18054.5776821738,10.145142772980163,14.467885922734325,8.766666730244955,8.833333651224773,8.733333269755047,8.866667111714682,8.666666348775228,8.9333340326945,8.63333288828532,,-85.71423381365207,-0.2175715223231549,-0.20259280777101762,-0.014978714552137284,41.95427063370016,9.797952905457354,8.75,9.202500009536744,9.816999988555908,9.746999969482422,ORIENTALTL.NS,2025-08-18 11:26:29.643261
323,2024-04-30 00:00:00+05:30,8.649999618530273,8.850000381469727,8.649999618530273,8.649999618530273,21379,0.0,0.0,2024-04-30,9.197499990463257,0.4603988948250604,9.657898885288317,8.737101095638197,10.118297780113378,8.276702200813135,-95.52854511113742,-62.31573415560569,8634914,26230.969764737412,19054.151199637738,10.145564182907046,7.616253183659907,8.716666539510092,8.78333346048991,8.583332697550457,8.916667302449545,8.516665776570639,8.983334223429363,8.383331934611004,,-100.0,-0.22515001202234153,-0.1988481291329833,-0.026301882889358225,38.05473003293166,10.063451879237645,8.769999885559082,9.197499990463257,9.856999988555907,9.739499969482422,ORIENTALTL.NS,2025-08-18 11:26:29.643261
324,2024-04-29 00:00:00+05:30,8.75,8.75,8.75,8.75,6002,0.0,0.0,2024-04-29,9.180000019073486,0.4881220704765247,9.66812208955001,8.69187794859696,10.156244160026535,8.203755878120436,-77.13495257167202,-61.112669492526166,8656293,7449.290578604357,17259.94655836282,10.146454224734812,37.14833696166395,8.75,8.75,8.75,8.75,8.75,8.75,8.75,,-100.0,-0.21666862790459973,-0.19227265841064373,-0.024395969493956005,39.70602097657154,10.349373851001035,8.8,9.180000019073486,9.886000003814697,9.735499973297118,ORIENTALTL.NS,2025-08-18 11:26:29.643261
325,2024-04-26 00:00:00+05:30,8.75,8.800000190734863,8.75,8.75,9962,0.0,0.0,2024-04-26,9.165000009536744,0.5063023977943827,9.671302407331126,8.658697611742362,10.17760480512551,8.152395213947978,-76.32394357633036,-61.777960264841056,8662295,12364.184062655215,19712.610553302435,10.146687577593017,52.66696596290753,8.766666730244955,8.78333346048991,8.733333269755047,8.816666920979818,8.716666539510092,8.833333651224773,8.683333079020183,,-100.0,-0.21237555053641088,-0.18617366603715474,-0.026201884499256145,39.70602097657154,10.657289820592377,8.810000038146972,9.165000009536744,9.918000011444091,9.72499997138977,ORIENTALTL.NS,2025-08-18 11:26:29.643261
326,2024-04-25 00:00:00+05:30,8.800000190734863,8.899999618530273,8.800000190734863,8.800000190734863,22760,0.0,0.0,2024-04-25,9.165000009536744,0.5063023977943827,9.671302407331126,8.658697611742362,10.17760480512551,8.152395213947978,-68.08687808565806,-58.50441054756658,8672257,28409.645237222157,21549.717175964237,10.147075064210432,65.22152441206845,8.833333333333334,8.866666475931805,8.766667048136394,8.933332761128744,8.733333905537924,8.966665903727215,8.666667620340984,,-100.0,-0.20366129920082976,-0.17962319491234066,-0.0240381042884891,40.462981927626785,10.988891633998438,8.839999961853028,9.165000009536744,9.972000007629395,9.715499973297119,ORIENTALTL.NS,2025-08-18 11:26:29.643261
327,2024-04-24 00:00:00+05:30,8.899999618530273,8.899999618530273,8.800000190734863,8.899999618530273,11281,0.0,0.0,2024-04-24,9.175,0.5006574825309795,9.67565748253098,8.674342517469022,10.176314965061959,8.173685034938043,-71.72560023619933,-58.09560003768431,8695017,14241.261415650386,19834.735160649758,10.14792944260212,78.26229985519299,8.866666475931803,8.933332761128742,8.833333333333332,8.966665903727213,8.766667048136393,9.033332188924152,8.733333905537922,,-84.37500372528942,-0.19434290075717975,-0.17361366884021837,-0.020729231916961383,41.948148684452036,11.496524445072739,8.889999961853027,9.175,10.023000011444092,9.69999997138977,ORIENTALTL.NS,2025-08-18 11:26:29.643261
328,2024-04-23 00:00:00+05:30,8.800000190734863,8.800000190734863,8.800000190734863,8.800000190734863,14268,0.0,0.0,2024-04-23,9.1625,0.510900936540733,9.673400936540732,8.651599063459267,10.184301873081466,8.140698126918533,-95.23805712355998,-64.53320935447348,8683736,17809.702031840323,21233.1035968996,10.148321871132808,79.2571504713595,8.800000190734863,8.800000190734863,8.800000190734863,8.800000190734863,8.800000190734863,8.800000190734863,8.800000190734863,,-90.6249664723953,-0.18931636608179758,-0.168431360860978,-0.02088500522081957,39.89977714196684,12.043205933921984,8.95,9.1625,10.07400001525879,9.684999976158142,ORIENTALTL.NS,2025-08-18 11:26:29.643261
329,2024-04-22 00:00:00+05:30,8.800000190734863,8.899999618530273,8.800000190734863,8.800000190734863,8585,0.0,0.0,2024-04-22,9.15499997138977,0.5175601207341206,9.672560092123891,8.63743985065565,10.190120212858012,8.119879729921529,-111.11111907083522,-63.95858954469921,8698004,10716.028311140255,22088.953988164416,10.148858349476129,83.29948978172317,8.833333333333334,8.866666475931805,8.766667048136394,8.933332761128744,8.733333905537924,8.966665903727215,8.666667620340984,,-67.44186355978741,-0.1701640202208594,-0.16321010955577311,-0.006953910665086299,39.89977714196684,12.331795476236083,9.060000038146972,9.15499997138977,10.089000015258788,9.668999972343444,ORIENTALTL.NS,2025-08-18 11:26:29.643261
330,2024-04-19 00:00:00+05:30,8.899999618530273,8.899999618530273,8.899999618530273,8.899999618530273,10344,0.0,0.0,2024-04-19,9.157499980926513,0.5158730972849366,9.67337307821145,8.641626883641576,10.189246175496386,8.12575378635664,-135.0640551342956,-62.09519005056791,8706589,13058.382065728889,24932.185407420453,10.149181352170055,77.88273987563835,8.899999618530273,8.899999618530273,8.899999618530273,8.899999618530273,8.899999618530273,8.899999618530273,8.899999618530273,,-62.79072655801579,-0.14306497104706928,-0.16147163188950153,0.018406660842432254,41.151799616629056,12.642584214112807,9.2,9.157499980926513,10.107000007629395,9.654499969482423,ORIENTALTL.NS,2025-08-18 11:26:29.643261
331,2024-04-18 00:00:00+05:30,9.050000190734863,9.100000381469727,9.050000190734863,9.050000190734863,14957,0.0,0.0,2024-04-18,9.152500009536743,0.5189754921005741,9.671475501637318,8.633524517436168,10.19045099373789,8.114549025335595,-118.47130858776497,-55.035282542526744,8716933,19200.12045258005,27900.636242843342,10.149541880189664,63.56145439385067,9.066666920979818,9.083333651224773,9.03333346048991,9.116667111714682,9.016666730244955,9.133333841959637,8.983333269755047,,-55.81395451992913,-0.11605075369006812,-0.1660732971001096,0.050022543410041476,43.03261409567303,13.21221066119852,9.360000038146973,9.152500009536743,10.130000019073487,9.63799997329712,ORIENTALTL.NS,2025-08-18 11:26:29.643261
332,2024-04-16 00:00:00+05:30,9.199999809265137,9.199999809265137,9.199999809265137,9.199999809265137,7969,0.0,0.0,2024-04-16,9.140000009536744,0.524554978104025,9.664554987640768,8.615445031432719,10.189109965744793,8.090890053328694,-80.74541578673902,-49.8231319169119,8731890,10399.261914401739,30075.765190409165,10.150000932690602,69.98961742076358,9.199999809265137,9.199999809265137,9.199999809265137,9.199999809265137,9.199999809265137,9.199999809265137,9.199999809265137,,-48.8372268387953,-0.09447880821996435,-0.17857893295261995,0.0841001247326556,44.939848388121916,14.180227393269893,9.529999923706054,9.140000009536744,10.147000007629394,9.61749997138977,ORIENTALTL.NS,2025-08-18 11:26:29.643261
333,2024-04-15 00:00:00+05:30,9.350000381469727,9.350000381469727,9.350000381469727,9.350000381469727,1657,0.0,0.0,2024-04-15,9.1,0.5496410868866134,9.649641086886612,8.550358913113387,10.199282173773227,8.000717826226772,-20.15348779860259,-43.379627370378714,8739859,2197.581590487936,34994.89100941102,10.150212296546902,74.05035932585861,9.350000381469727,9.350000381469727,9.350000381469727,9.350000381469727,9.350000381469727,9.350000381469727,9.350000381469727,,-41.860454800708645,-0.08020137367455682,-0.19960396413578385,0.11940259046122703,46.86872651307015,14.957729899260023,9.710000038146973,9.1,10.163000011444092,9.59549997329712,ORIENTALTL.NS,2025-08-18 11:26:29.643261
334,2024-04-12 00:00:00+05:30,9.5,9.5,9.5,9.5,8136,0.0,0.0,2024-04-12,9.072499990463257,0.550233244696606,9.622733235159863,8.52226674576665,10.172966479856468,7.972033501070045,20.231220112975432,-36.43145461801254,8741516,10963.40395870877,43194.21836414179,10.150249317738414,76.48063185351764,9.5,9.5,9.5,9.5,9.5,9.5,9.5,,-34.883727119574814,-0.07547954225892362,-0.22945461175109058,0.15397506949216697,48.81424367570713,15.427235742996299,9.810000038146972,9.072499990463257,10.175,9.571999969482421,ORIENTALTL.NS,2025-08-18 11:26:29.643261
335,2024-04-10 00:00:00+05:30,9.699999809265137,9.699999809265137,9.699999809265137,9.699999809265137,5417,0.0,0.0,2024-04-10,9.059999990463258,0.5427998004037844,9.602799790867042,8.517200190059473,10.145599591270827,7.974400389655688,54.739070114446456,-26.531606916295317,8749652,7453.17695676719,51251.921965500034,10.150397062598541,73.7136375454765,9.699999809265137,9.699999809265137,9.699999809265137,9.699999809265137,9.699999809265137,9.699999809265137,9.699999809265137,,-25.58140875907876,-0.08306322746448203,-0.26794837912413233,0.1848851516596503,51.45888216423144,15.559716967298359,9.839999961853028,9.059999990463258,10.182999992370606,9.54749997138977,ORIENTALTL.NS,2025-08-18 11:26:29.643261
336,2024-04-09 00:00:00+05:30,9.899999618530273,9.899999618530273,9.899999618530273,9.899999618530273,3871,0.0,0.0,2024-04-09,9.059999990463258,0.5427998004037844,9.602799790867042,8.517200190059473,10.145599591270827,7.974400389655688,93.06926729164331,-16.813748548766487,8755069,5435.871983903614,62201.60821768324,10.150465208824656,75.57549499719275,9.899999618530273,9.899999618530273,9.899999618530273,9.899999618530273,9.899999618530273,9.899999618530273,9.899999618530273,,-16.279090398582706,-0.11121105977703749,-0.31416966703904486,0.20295860726200737,54.184798542102435,15.19163809283445,9.8,9.059999990463258,10.181000003814697,9.521499972343445,ORIENTALTL.NS,2025-08-18 11:26:29.643261
337,2024-04-08 00:00:00+05:30,10.25,10.25,9.899999618530273,10.100000381469727,50275,0.0,0.0,2024-04-08,9.075,0.5706644810653869,9.645664481065387,8.504335518934612,10.216328962130774,7.9336710378692255,148.20359302809211,-8.532849972043559,8758940,72025.17807669209,76393.04227612815,10.150492292365401,77.92568696325833,10.083333333333334,10.266667048136394,9.916666666666668,10.43333371480306,9.733332951863607,10.616667429606121,9.566666285196941,,-6.976727681133835,-0.16526074963851123,-0.3649093188545467,0.19964856921603547,56.98797693969932,14.264503192178015,9.640000152587891,9.075,10.175000019073487,9.491999974250794,ORIENTALTL.NS,2025-08-18 11:26:29.643261
338,2024-04-05 00:00:00+05:30,9.949999809265137,10.050000190734863,9.25,9.850000381469727,49117,0.0,0.0,2024-04-05,9.084999990463256,0.5909626730640429,9.675962663527299,8.494037317399213,10.266925336591342,7.90307464433517,149.63982344375108,-29.72442185470397,8708665,68624.46179398189,77485.00832598716,10.150563302188672,79.04520687390098,9.71666685740153,10.183333714803059,9.383333524068195,10.516667048136393,8.916666666666666,10.983333905537922,8.583333333333332,,-9.756087349115944,-0.251653825437943,-0.41482146115855556,0.16316763572061255,54.24019160308905,13.266050222240317,9.360000038146973,9.084999990463256,10.163000011444092,9.461999969482422,ORIENTALTL.NS,2025-08-18 11:26:29.643261
339,2024-04-04 00:00:00+05:30,9.75,9.75,9.300000190734863,9.649999618530273,60560,0.0,0.0,2024-04-04,9.119999980926513,0.6558241396197697,9.775824120546282,8.464175841306744,10.431648260166053,7.8083517016869735,175.46003942476273,-37.773180498587315,8659548,82894.17887764324,79700.14495898847,10.150976833974799,69.64313997337743,9.566666603088379,9.833333015441895,9.383333206176758,10.016666412353516,9.116666793823242,10.283332824707031,8.933333396911621,,-5.714307512555804,-0.3338289933108829,-0.45561337008870867,0.12178437677782578,51.96038639818688,12.481845879255495,9.05,9.119999980926513,10.158999996185303,9.4349999666214,ORIENTALTL.NS,2025-08-18 11:26:29.643261
340,2024-04-03 00:00:00+05:30,9.5,9.550000190734863,8.649999618530273,9.5,87330,0.0,0.0,2024-04-03,9.1875,0.7723639769329506,9.959863976932951,8.415136023067049,10.732227953865902,7.642772046134099,154.80212107786147,-56.68746079848319,8598988,117678.72022050599,78901.63647932478,10.151828134427985,61.28183487246189,9.233333269755045,9.816666920979817,8.916666348775227,10.133333841959635,8.333332697550455,10.716667493184406,8.016665776570637,,-3.2258183601356802,-0.41428304986915876,-0.4860594642831651,0.07177641441400634,50.233650537850906,12.097101317761375,8.810000038146972,9.1875,10.157000007629394,9.405999970436095,ORIENTALTL.NS,2025-08-18 11:26:29.643261
341,2024-04-02 00:00:00+05:30,9.100000381469727,9.100000381469727,8.800000190734863,9.100000381469727,27932,0.0,0.0,2024-04-02,9.272499990463256,0.8927301534036836,10.165230143866939,8.379769837059573,11.057960297270624,7.487039683655889,115.94206143564314,-72.12418927951104,8511658,36054.0714579354,69207.36554402947,10.153429317906001,53.98514095185722,9.00000031789144,9.200000445048016,8.900000254313152,9.300000508626303,8.700000127156576,9.500000635782879,8.600000063578289,,-24.137894747226945,-0.49623891667004116,-0.5040035678866667,0.007764651216625507,45.371483698393796,12.005203550757514,8.660000038146972,9.272499990463256,10.157000007629394,9.378499970436096,ORIENTALTL.NS,2025-08-18 11:26:29.643261
342,2024-04-01 00:00:00+05:30,8.5,8.699999809265137,8.100000381469727,8.699999809265137,20502,0.0,0.0,2024-04-01,9.387499952316285,1.0098038928145652,10.39730384513085,8.37769605950172,11.407107737945415,7.367892166687154,-88.88884347584438,-103.84245919499205,8483726,25300.33918636844,77495.68906555299,10.154257628405983,48.88281994765206,8.5,8.899999618530273,8.300000190734863,9.09999942779541,7.90000057220459,9.499999046325684,7.700000762939453,,-66.66668180435148,-0.5542545879966756,-0.505944730690823,-0.04830985730585258,39.92104086762524,12.698186128826784,8.639999961853027,9.387499952316285,10.171000003814697,9.3524999666214,ORIENTALTL.NS,2025-08-18 11:26:29.643261
343,2024-03-28 00:00:00+05:30,8.699999809265137,8.75,8.149999618530273,8.300000190734863,36815,0.0,0.0,2024-03-28,9.532499980926513,1.1092049232456416,10.641704904172155,8.423295057680871,11.750909827417797,7.314090134435229,-121.87954658110436,-116.12501919609488,8463224,43342.48209290529,90544.52653534913,10.155097425268796,42.7396241500948,8.399999936421713,8.650000254313152,8.049999872843426,9.00000031789144,7.799999554951986,9.250000635782879,7.449999491373699,,-86.95651452798309,-0.5807404352659802,-0.49386726636435985,-0.08687316890162033,33.78662172199371,13.094720072806814,8.629999923706055,9.532499980926513,10.197000007629395,9.329499969482422,ORIENTALTL.NS,2025-08-18 11:26:29.643261
344,2024-03-27 00:00:00+05:30,8.949999809265137,9.0,8.399999618530273,8.449999809265137,104543,0.0,0.0,2024-03-27,9.672499990463256,1.1220839961234241,10.79458398658668,8.550415994339833,11.916667982710106,7.428331998216408,-51.28207510820761,-109.15185511364702,8500039,125303.30583834017,102345.03764596008,10.157023081117558,41.42651820371476,8.616666475931803,8.833333333333332,8.233332951863606,9.21666685740153,8.016666094462076,9.433333714803059,7.633332570393879,,-84.48276315659663,-0.5664573464560316,-0.47214897413895474,-0.0943083723170769,35.03218220749996,13.612594027211198,8.699999809265137,9.672499990463256,10.235,9.310999965667724,ORIENTALTL.NS,2025-08-18 11:26:29.643261
345,2024-03-26 00:00:00+05:30,9.449999809265137,9.449999809265137,8.600000381469727,8.75,70054,0.0,0.0,2024-03-26,9.825,1.1539976723141525,10.978997672314152,8.671002327685846,12.132995344628304,7.517004655371695,63.623770061209214,-94.0973570409358,8604582,86946.45154840875,96605.47059786506,10.162069736480857,39.21287959289853,8.933333396911621,9.266666412353516,8.416666984558105,9.783332824707031,8.083333969116211,10.116665840148926,7.566667556762695,,-78.57142857142857,-0.554360667206792,-0.4485718810596855,-0.10578878614710652,37.60692078586491,14.624369132415463,8.779999923706054,9.825,10.268000011444093,9.292999968528747,ORIENTALTL.NS,2025-08-18 11:26:29.643261
346,2024-03-22 00:00:00+05:30,8.649999618530273,9.050000190734863,8.600000381469727,9.0,62561,0.0,0.0,2024-03-22,9.969999980926513,1.1933367779087922,11.163336758835305,8.776663203017721,12.356673536744097,7.583326425108929,3.27605422720852,-100.00875218806377,8674636,79865.10422226119,99020.22536022913,10.16487271362443,28.249193195450545,8.883333524068197,9.166666666666668,8.716666857401531,9.333333333333334,8.43333371480306,9.616666475931805,8.266667048136394,,-72.97297157973065,-0.5600193213887472,-0.4221246845229088,-0.13789463686583842,39.87468160804586,15.408481551821874,8.789999961853027,9.969999980926513,10.294000015258788,9.271499967575073,ORIENTALTL.NS,2025-08-18 11:26:29.643261
347,2024-03-21 00:00:00+05:30,8.649999618530273,8.949999809265137,8.5,8.649999618530273,57999,0.0,0.0,2024-03-21,10.132499980926514,1.2729240223877152,11.405424003314229,8.8595759585388,12.678348025701945,7.586651936151084,-44.02517805578027,-115.0759493912965,8612075,71161.88855348727,103809.0056447211,10.166941345357317,22.53191819264417,8.699999809265137,8.899999618530273,8.449999809265137,9.149999618530273,8.25,9.34999942779541,8.0,,-83.33334148439667,-0.5834001843733905,-0.3876510253064492,-0.1957491590669413,34.760406685026325,16.196487868497417,8.75,10.132499980926514,10.319000015258789,9.246499967575073,ORIENTALTL.NS,2025-08-18 11:26:29.643261
348,2024-03-20 00:00:00+05:30,8.649999618530273,8.899999618530273,8.5,8.649999618530273,34233,0.0,0.0,2024-03-20,10.3375,1.349451635950201,11.686951635950201,8.9880483640498,13.036403271900403,7.638596728099598,-54.29866775515002,-120.19286663783537,8670074,42002.18850069018,111970.78491752954,10.169442877113015,17.117024162950926,8.683333079020182,8.866666158040363,8.46666653951009,9.083332697550455,8.283333460489908,9.266665776570637,8.066666920979817,,-83.33334148439667,-0.570025642832114,-0.33871373553971384,-0.23131190729240014,34.760406685026325,16.85206155633152,8.7,10.3375,10.350000019073486,9.226499972343445,ORIENTALTL.NS,2025-08-18 11:26:29.643261
349,2024-03-19 00:00:00+05:30,8.800000190734863,9.0,8.600000381469727,8.850000381469727,34126,0.0,0.0,2024-03-19,10.585000038146973,1.4720286836017438,12.057028721748717,9.112971354545229,13.52905740535046,7.640942670943485,-51.01420736813208,-115.90576054464667,8704307,42839.02196413355,129462.93402173938,10.170923242706998,30.813875362366232,8.816666920979818,9.03333346048991,8.633333841959637,9.216666539510092,8.416667302449545,9.433333079020183,8.233334223429363,,-78.20511629203564,-0.5442654246037826,-0.2808857587166138,-0.26337966588716877,36.28094678343234,17.46526726159518,8.730000114440918,10.585000038146973,10.382000026702881,9.208499975204468,ORIENTALTL.NS,2025-08-18 11:26:29.643261
350,2024-03-18 00:00:00+05:30,8.399999618530273,9.199999809265137,8.399999618530273,8.800000190734863,61189,0.0,0.0,2024-03-18,10.7875,1.4991115793428158,12.286611579342816,9.288388420657183,13.78572315868563,7.7892768413143685,-63.30097791180489,-120.09644022531594,8670181,76377.75845432273,151118.91203614083,10.172207418226826,26.20373451499252,8.799999872843424,9.200000127156574,8.399999936421711,9.600000063578287,7.999999682108561,10.000000317891438,7.599999745686848,,-79.4871725901259,-0.5227351381523988,-0.21504084224482156,-0.30769429590757724,35.627259019663256,18.274582376159476,8.810000038146972,10.7875,10.413000011444092,9.18999997138977,ORIENTALTL.NS,2025-08-18 11:26:29.643261
351,2024-03-15 00:00:00+05:30,8.100000381469727,8.800000190734863,8.0,8.800000190734863,102158,0.0,0.0,2024-03-15,10.884999990463257,1.424605223514642,12.3096052139779,9.460394766948614,13.734210437492541,8.035789543433973,-98.16848770135668,-142.78801093746966,8731370,127516.36810826621,169804.20043159535,10.174603558855535,20.03752654438135,8.533333460489908,9.066666920979817,8.266666730244953,9.333333651224772,7.733333269755045,9.86666711171468,7.46666653951009,,-79.4871725901259,-0.4823253565907173,-0.13811726826792725,-0.34420808832279004,35.627259019663256,19.14615249953641,8.989999961853027,10.884999990463257,10.441000003814697,9.17249997138977,ORIENTALTL.NS,2025-08-18 11:26:29.643261
352,2024-03-14 00:00:00+05:30,8.399999618530273,8.399999618530273,8.399999618530273,8.399999618530273,90842,0.0,0.0,2024-03-14,10.99249997138977,1.337444080641794,12.329944052031564,9.655055890747978,13.66738813267336,8.317611810106182,-132.58147945860844,-160.1356646970608,8629212,108237.26875204367,180376.15851242765,10.178622734656612,13.109983208576992,8.399999618530273,8.399999618530273,8.399999618530273,8.399999618530273,8.399999618530273,8.399999618530273,8.399999618530273,,-100.0,-0.42328063085506784,-0.05206524618722972,-0.3712153846678381,30.72497641052027,19.43418838874266,9.269999885559082,10.99249997138977,10.468999996185303,9.15499997138977,ORIENTALTL.NS,2025-08-18 11:26:29.643261
353,2024-03-13 00:00:00+05:30,8.800000190734863,8.800000190734863,8.800000190734863,8.800000190734863,74363,0.0,0.0,2024-03-13,11.1125,1.192396407432002,12.304896407432002,9.920103592568,13.497292814864004,8.727707185135998,-141.0852606896678,-139.63071660611763,8720054,92821.90020982205,198410.8809525236,10.183259215549796,12.41817961434613,8.800000190734863,8.800000190734863,8.800000190734863,8.800000190734863,8.800000190734863,8.800000190734863,8.800000190734863,,-100.0,-0.30187815093314185,0.04073859997972982,-0.3426167509128717,33.06302912485661,19.040831083677848,9.65,11.1125,10.491000003814698,9.141499977111817,ORIENTALTL.NS,2025-08-18 11:26:29.643261
354,2024-03-12 00:00:00+05:30,9.25,9.25,9.25,9.25,36077,0.0,0.0,2024-03-12,11.177500009536743,1.0908078788232642,12.268307888360008,10.086692130713478,13.359115767183273,8.995884251890214,-150.20576111499042,-111.7240088835421,8794417,47335.06964135498,224808.12613819898,10.186217268896128,7.446147578355465,9.25,9.25,9.25,9.25,9.25,9.25,9.25,,-100.0,-0.18126627237244364,0.12639278770794773,-0.30765906008039134,35.918293127019965,19.078287026753667,10.0,11.177500009536743,10.502999992370606,9.123999977111817,ORIENTALTL.NS,2025-08-18 11:26:29.643261
355,2024-03-11 00:00:00+05:30,10.100000381469727,10.100000381469727,9.699999809265137,9.699999809265137,48434,0.0,0.0,2024-03-11,11.232500028610229,1.0134976968083431,12.245997725418572,10.219002331801885,13.259495422226916,9.205504634993542,-144.42976656715948,-68.19621215488455,8830494,66639.68482999112,269176.39026241,10.187189575987828,69.51193735566163,9.833333333333334,9.966666857401531,9.566666285196941,10.233333905537924,9.433332761128744,10.366667429606121,9.166665712992351,-0.14218621471281503,-100.0,-0.06841822312201629,0.20330755272804557,-0.27172577585006186,39.04967764527874,19.685591608364234,10.35,11.232500028610229,10.506999988555908,9.102499976158143,ORIENTALTL.NS,2025-08-18 11:26:29.643261
356,2024-03-07 00:00:00+05:30,10.300000190734863,10.300000190734863,9.800000190734863,10.199999809265137,80861,0.0,0.0,2024-03-07,11.32000002861023,0.9476285714620439,12.267628600072273,10.372371457148185,13.215257171534317,9.424742885686141,-169.15422256099768,-47.249525428426075,8878928,116990.37762593562,319810.56662051467,10.187869798232832,77.00494853382784,10.100000063578287,10.399999936421711,9.899999936421711,10.600000063578287,9.600000063578287,10.899999936421711,9.399999936421711,-0.06601337903686083,-91.39785696032591,0.03277995300767422,0.271238996690561,-0.23845904368288678,42.90930130336112,20.966395351433427,10.65,11.32000002861023,10.50599998474121,9.076499977111816,ORIENTALTL.NS,2025-08-18 11:26:29.643261
357,2024-03-06 00:00:00+05:30,10.899999618530273,10.899999618530273,10.050000190734863,10.300000190734863,53875,0.0,0.0,2024-03-06,11.377500057220459,0.9102449856352376,12.287745042855697,10.467255071585221,13.197990028490935,9.557010085949983,-178.50290800549624,-21.43834626710145,8959789,78710.99223587397,370515.6138691594,10.18784145716827,76.70184473568027,10.416666666666666,10.783333142598469,9.933333714803059,11.266666094462076,9.566667238871256,11.633332570393879,9.083334287007649,-0.11655884958644945,-94.3181813255814,0.11260519437057326,0.3308537576112827,-0.21824856324070946,43.71166292540138,22.48964950377313,10.889999961853027,11.377500057220459,10.492999992370606,9.044999980926514,ORIENTALTL.NS,2025-08-18 11:26:29.643261
358,2024-03-05 00:00:00+05:30,11.0,11.5,10.449999809265137,10.550000190734863,125885,0.0,0.0,2024-03-05,11.435000038146972,0.8742063480138595,12.309206386160831,10.560793690133114,13.183412734174691,9.686587342119253,-110.95137158730326,13.619479502262736,9013664,188381.09759997416,443466.7692774808,10.187666588168529,77.77065590475269,10.833333333333334,11.216666857401531,10.166666666666668,11.883333524068197,9.78333314259847,12.266667048136394,9.116666475931805,0.023131355326431208,-97.49999046325684,0.20325103105604647,0.38541589842146007,-0.1821648673654136,45.69522048364482,23.95263507940961,11.15,11.435000038146972,10.48599998474121,9.011999979019166,ORIENTALTL.NS,2025-08-18 11:26:29.643261
359,2024-03-04 00:00:00+05:30,11.399999618530273,11.699999809265137,10.850000381469727,11.0,158528,0.0,0.0,2024-03-04,11.385000038146973,0.952572631132497,12.33757266927947,10.432427407014476,13.290145300411968,9.479854775881979,-69.2431513328949,43.428714832380855,9139549,247348.64579035365,507238.1871968574,10.186341758356209,79.64180788010506,11.183333396911621,11.516666412353516,10.666666984558105,12.033332824707031,10.333333969116211,12.366665840148926,9.816667556762695,0.02726468879148664,-70.40816485410144,0.2916043972509925,0.43095711526281344,-0.13935271801182092,49.44548537954423,24.932081455546204,11.260000038146973,11.385000038146973,10.471999988555908,8.975499978065491,ORIENTALTL.NS,2025-08-18 11:26:29.643261
360,2024-03-01 00:00:00+05:30,11.899999618530273,11.899999618530273,11.050000190734863,11.199999809265137,50830,0.0,0.0,2024-03-01,11.32000002861023,1.0220464108123621,12.34204643942259,10.297953617797868,13.364092850234954,9.275907206985504,-61.6666797320056,62.2913105960648,9298077,80751.20211388347,572210.5725484833,10.182577929773124,79.87227856362253,11.383333206176758,11.716666221618652,10.866666793823242,12.233332633972168,10.533333778381348,12.566665649414062,10.016667366027832,0.028592930441217215,-66.32653577582968,0.35598706825096826,0.4657952947657686,-0.10980822651480032,51.17895146816924,25.34745071635224,11.360000038146973,11.32000002861023,10.427999992370605,8.936999979019165,ORIENTALTL.NS,2025-08-18 11:26:29.643261
361,2024-02-29 00:00:00+05:30,11.75,11.850000381469727,11.050000190734863,11.399999618530273,58381,0.0,0.0,2024-02-29,11.262500047683716,1.0607686644639447,12.32326871214766,10.201731383219771,13.384037376611605,9.140962718755826,-48.4934013486943,70.22033452991674,9348907,94403.31343594525,695075.4151571332,10.181066640369826,77.68778090384822,11.433333396911621,11.816666603088379,11.016666412353516,12.233333587646484,10.633333206176758,12.616666793823242,10.216666221618652,0.02316818029745442,-62.24490669755793,0.4133257026604156,0.4932473513944686,-0.07992164873405305,52.90109229057382,25.464241642409533,11.45,11.262500047683716,10.402999992370605,8.896499981880188,ORIENTALTL.NS,2025-08-18 11:26:29.643261
362,2024-02-28 00:00:00+05:30,11.350000381469727,11.649999618530273,11.100000381469727,11.600000381469727,161276,0.0,0.0,2024-02-28,11.187500047683717,1.1027328329898864,12.290232880673603,10.08476721469383,13.39296571366349,8.982034381703944,-42.42423018148051,76.17277918896158,9407288,265361.9306252686,845243.4405874301,10.17898349593459,71.21177364941167,11.450000127156576,11.799999872843426,11.250000635782879,11.999999364217123,10.90000089009603,12.349999109903973,10.700001398722332,0.018413740781729252,-58.16325815654351,0.4607770684894241,0.5132277635779818,-0.05245069508855771,54.6073462243533,25.63932280314228,11.620000076293945,11.187500047683717,10.372999992370605,8.85399998664856,ORIENTALTL.NS,2025-08-18 11:26:29.643261
363,2024-02-27 00:00:00+05:30,11.399999618530273,11.449999809265137,11.100000381469727,11.100000381469727,105553,0.0,0.0,2024-02-27,11.107500028610229,1.1289579287989946,12.236457957409224,9.978542099811234,13.365415886208218,8.84958417101224,-50.718614727926074,60.807707730203596,9246012,166189.8310024229,990213.8180779704,10.172242994812391,73.75546245967905,11.21666685740153,11.333333333333332,10.983333905537922,11.56666628519694,10.86666742960612,11.683332761128742,10.633334477742512,-0.01800162078423335,-68.36734058359423,0.49485068038268665,0.5263404373501213,-0.03148975696743461,50.93351410411511,26.018512915246067,11.85,11.107500028610229,10.339999980926514,8.809499983787537,ORIENTALTL.NS,2025-08-18 11:26:29.643261
364,2024-02-26 00:00:00+05:30,11.149999618530273,11.649999618530273,11.100000381469727,11.5,146799,0.0,0.0,2024-02-26,11.05,1.1582654804817634,12.208265480481764,9.891734519518238,13.366530960963527,8.733469039036475,-23.302181751567712,83.11959032980391,9351565,239459.3552236533,1196219.8148468572,10.169353788357949,77.41117569582072,11.416666666666666,11.733332951863606,11.183333714803059,11.966665903727213,10.86666742960612,12.283332188924152,10.633334477742512,-0.003440457937718374,-58.999996185302734,0.5802199156038697,0.5342128765919799,0.04600703901188974,54.19166769409201,26.615250120341514,12.35,11.05,10.283999977111817,8.770999979972839,ORIENTALTL.NS,2025-08-18 11:26:29.643261
365,2024-02-23 00:00:00+05:30,12.0,12.0,11.649999618530273,11.649999618530273,118210,0.0,0.0,2024-02-23,10.969999980926513,1.1805886212212042,12.150588602147717,9.789411359705309,13.331177223368922,8.608822738484104,7.714434324039154,121.41971897542749,9498364,195339.91739692676,1435409.929752658,10.163565577752404,77.51808824917018,11.766666412353516,11.883333206176758,11.533332824707031,12.116666793823242,11.416666030883789,12.233333587646484,11.183332443237305,-0.004792555190842288,-55.445546237245075,0.6413332934847666,0.5227111168390074,0.11862217664575925,55.42627891422771,27.25789018736738,12.629999923706055,10.969999980926513,10.221999969482422,8.72849997997284,ORIENTALTL.NS,2025-08-18 11:26:29.643261
366,2024-02-22 00:00:00+05:30,12.699999809265137,12.699999809265137,12.149999618530273,12.25,125156,0.0,0.0,2024-02-22,10.867500019073486,1.2071361260689821,12.074636145142467,9.660363893004504,13.28177227121145,8.453227766935521,52.01341334691237,190.0766910305243,9616574,217469.63950651928,1745427.4328415906,10.158340624682937,77.35478911795511,12.366666475931803,12.583333333333332,12.033333142598469,12.916666666666666,11.81666628519694,13.133333524068195,11.483332951863606,0.001715389093326119,-43.564351013321414,0.6950870755605862,0.4930555726775675,0.20203150288301874,60.55002162987963,27.231099331800966,12.45,10.867500019073486,10.156999969482422,8.685499982833862,ORIENTALTL.NS,2025-08-18 11:26:29.643261
367,2024-02-21 00:00:00+05:30,13.600000381469727,13.75,12.5,12.75,814132,0.0,0.0,2024-02-21,10.735000038146973,1.1927522164153104,11.927752254562284,9.542247821731662,13.120504470977593,8.349495605316353,110.20509376256705,282.25348218604495,9741730,1472366.3431444576,2127416.8811753583,10.15052714526515,78.66219565641727,13.0,13.5,12.25,14.25,11.75,14.75,11.0,0.005681676891881141,-33.66336128826477,0.6942856366256311,0.44254769695681273,0.2517379396688184,65.21504079040618,26.500658437633263,12.189999961853028,10.735000038146973,10.076999969482422,8.636499981880188,ORIENTALTL.NS,2025-08-18 11:26:29.643261
368,2024-02-20 00:00:00+05:30,14.100000381469727,14.449999809265137,13.300000190734863,13.600000381469727,3607587,0.0,0.0,2024-02-20,10.572500038146973,1.1231387970997873,11.695638835246761,9.449361241047185,12.818777632346547,8.3262224439474,226.0015310690233,432.4201114347366,10555862,6959316.772879573,2291179.5156830833,10.085788232142065,84.24577532227474,13.783333460489908,14.266666730244953,13.11666711171468,14.933333079020182,12.633333841959635,15.416666348775227,11.966667493184406,0.04525651460418317,-16.831671201812775,0.6334976483433703,0.3796132120396081,0.25388443630376223,74.2446399760633,25.201594110486244,11.8,10.572500038146973,9.985999965667725,8.581999983787536,ORIENTALTL.NS,2025-08-18 11:26:29.643261
369,2024-02-19 00:00:00+05:30,10.75,12.899999618530273,10.75,12.899999618530273,1853374,0.0,0.0,2024-02-19,10.375,0.8847389679708638,11.259738967970863,9.490261032029137,12.144477935941728,8.605522064058272,173.05150209639524,303.8255294606179,6948275,3391279.893072151,1124145.201383961,9.64986040730849,75.79903410785442,12.183333079020182,13.616666158040363,11.46666653951009,14.333332697550455,10.033333460489908,15.766665776570637,9.316666920979817,0.2597609285784177,-0.0,0.462359994741135,0.3161421029636675,0.14621789177746747,71.19472950213645,22.53043719884386,11.1,10.375,9.877999954223633,8.517499980926514,ORIENTALTL.NS,2025-08-18 11:26:29.643261
370,2024-02-16 00:00:00+05:30,11.0,11.149999618530273,10.699999809265137,10.75,110174,0.0,0.0,2024-02-16,10.20750002861023,0.6734191855892787,10.880919214199508,9.534080843020952,11.554338399788788,8.860661657431672,32.959302994927576,129.86664554850088,5094901,167995.8110577793,557361.5284619131,9.42863603541461,67.87205873467835,10.866666475931803,11.033333142598469,10.583333333333332,11.31666628519694,10.416666666666666,11.483332951863606,10.133333524068195,0.052294790368199146,-54.999987284342446,0.3051859528468377,0.27958763001930065,0.025598322827537046,56.50496224189233,20.460940329099127,10.59000015258789,10.20750002861023,9.782999954223634,8.46099998474121,ORIENTALTL.NS,2025-08-18 11:26:29.643261
371,2024-02-15 00:00:00+05:30,10.800000190734863,11.600000381469727,10.800000190734863,10.949999809265137,241516,0.0,0.0,2024-02-15,10.14500002861023,0.6784075650645874,10.823407593674817,9.466592463545643,11.501815158739404,8.788184898481056,73.80641029927544,181.9613099270802,5205075,375120.5790618314,654702.9578129465,9.423267815198693,69.63315635658988,11.116666793823242,11.433333396911621,10.633333206176758,11.916666984558105,10.316666603088379,12.233333587646484,9.833333015441895,0.06059478616323687,-48.333326975504555,0.31107390780944044,0.27318804931241636,0.03788585849702408,59.10872493815107,19.70401463097463,10.730000114440918,10.14500002861023,9.731999950408936,8.42649998664856,ORIENTALTL.NS,2025-08-18 11:26:29.643261
372,2024-02-14 00:00:00+05:30,9.550000190734863,11.350000381469727,9.550000190734863,10.800000190734863,354481,0.0,0.0,2024-02-14,10.087500047683715,0.6549156212243147,10.74241566890803,9.4325844264594,11.397331290132344,8.777668805235086,16.55776494964563,101.03749552853107,4963559,543034.7183030127,724598.5525007253,9.409548812488158,68.3043431107471,10.566666920979818,11.583333651224773,9.78333346048991,12.366667111714682,8.766666730244955,13.383333841959637,7.983333269755047,0.07269240135501719,-53.33331425984701,0.2942020824504592,0.2637165846881603,0.03048549776229892,57.75294942362121,18.68350516423273,10.810000228881837,10.087500047683715,9.676999950408936,8.38899998664856,ORIENTALTL.NS,2025-08-18 11:26:29.643261
373,2024-02-13 00:00:00+05:30,10.350000381469727,10.5,10.050000190734863,10.100000381469727,144951,0.0,0.0,2024-02-13,10.047500038146973,0.6331780632893804,10.680678101436353,9.414321974857593,11.313856164725735,8.781143911568211,-23.3805000808352,43.148022131367156,4609078,207660.30009735626,769989.5110501534,9.390965268191628,66.90438672483712,10.21666685740153,10.383333524068195,9.933333714803059,10.666666666666666,9.766667048136393,10.833333333333332,9.483333905537922,0.03020670170205896,-76.66664123535156,0.2829161157104938,0.2560952102475855,0.026820905462908273,50.664737868316415,17.841977420892263,10.94000015258789,10.047500038146973,9.621999950408936,8.352999982833863,ORIENTALTL.NS,2025-08-18 11:26:29.643261
374,2024-02-12 00:00:00+05:30,11.399999618530273,11.399999618530273,10.300000190734863,10.350000381469727,319703,0.0,0.0,2024-02-12,10.052500009536743,0.634008742951963,10.686508752488706,9.41849126658478,11.320517495440669,8.784482523632818,38.7454005837441,126.00859224690811,4754029,469351.21736672067,910571.8137883527,9.387069001058594,67.95140956958409,10.683333396911621,11.066666603088379,9.966667175292969,11.783332824707031,9.583333969116211,12.166666030883789,8.866667747497559,0.04063427449669067,-66.12901985334948,0.33311942563452135,0.2493899838818584,0.08372944175266295,53.64988948089764,17.948969594417026,10.830000114440917,10.052500009536743,9.584999942779541,8.323999977111816,ORIENTALTL.NS,2025-08-18 11:26:29.643261
375,2024-02-09 00:00:00+05:30,11.600000381469727,11.75,10.199999809265137,11.449999809265137,907212,0.0,0.0,2024-02-09,10.040000009536744,0.630288131717072,10.670288141253815,9.409711877819673,11.300576272970888,8.7794237461026,106.91823597587312,203.61915566206122,5073732,1473415.1696356623,1020876.9628937605,9.375254981873093,72.86628894469845,11.133333206176758,12.066666603088379,10.516666412353516,12.683333396911621,9.583333015441895,13.616666793823242,8.966666221618652,0.08829658065986787,-30.64516079413398,0.36772639931551687,0.22845762344369264,0.13926877587182424,70.65974641914094,17.581626095868934,10.7,10.040000009536744,9.531999931335449,8.29299997329712,ORIENTALTL.NS,2025-08-18 11:26:29.643261
376,2024-02-08 00:00:00+05:30,11.899999618530273,12.399999618530273,11.0,11.350000381469727,1106262,0.0,0.0,2024-02-08,9.97000002861023,0.5361657281338229,10.506165756744052,9.433834300476407,11.042331484877876,8.897668572342583,228.3464841282742,284.9003239794917,4166520,1781003.3733767443,907742.411208285,9.300417621447224,87.43596217619317,11.583333333333334,12.166666666666668,10.766667048136394,12.983332951863607,10.18333371480306,13.566666285196941,9.366667429606121,-0.022508857645081978,-31.818166054966333,0.2981289234982203,0.19364042947573656,0.10448849402248372,69.85288257815951,17.186025405124838,10.420000076293945,9.97000002861023,9.458999938964844,8.250499973297119,ORIENTALTL.NS,2025-08-18 11:26:29.643261
377,2024-02-07 00:00:00+05:30,9.75,11.449999809265137,9.449999809265137,11.449999809265137,1486629,0.0,0.0,2024-02-07,9.915000009536744,0.4338019825125425,10.348801992049287,9.4811980270242,10.782603974561829,9.04739604451166,225.93584421750654,169.3132195621233,5272782,2414454.08594716,689427.1706661701,9.206119366109878,80.06582905526614,10.78333314259847,12.116666475931805,10.116666475931805,12.78333314259847,8.78333314259847,14.116666475931805,8.116666475931805,0.08832558871916725,-0.0,0.21435438790140715,0.16751830597011563,0.04683608193129152,71.68338458604136,15.111786634822089,10.129999923706055,9.915000009536744,9.37699993133545,8.213999967575074,ORIENTALTL.NS,2025-08-18 11:26:29.643261
378,2024-02-06 00:00:00+05:30,9.850000381469727,9.850000381469727,9.399999618530273,9.550000190734863,154613,0.0,0.0,2024-02-06,9.852500009536744,0.2536444404531922,10.106144449989936,9.598855569083552,10.359788890443129,9.345211128630359,-84.61541141985148,-9.203380672075905,3786153,209440.30348120912,258170.44184592256,9.058242617681985,56.44157667363171,9.600000063578287,9.800000508626301,9.349999745686848,10.05000082651774,9.149999300638834,10.250001271565754,8.899998982747395,-0.27300155095978285,-67.85714772282947,0.0940013738634935,0.15580928548729273,-0.06180791162379923,47.33429821285102,13.902253920084314,9.839999961853028,9.852500009536744,9.295999937057495,8.175999970436097,ORIENTALTL.NS,2025-08-18 11:26:29.643261
379,2024-02-05 00:00:00+05:30,10.0,10.0,9.600000381469727,9.699999809265137,172414,0.0,0.0,2024-02-05,9.8875,0.25796518091013826,10.145465180910138,9.62953481908986,10.403430361820275,9.371569638179723,-27.777773362616717,20.130267021592534,3940766,237222.0882082439,270352.9764371009,9.054848854442753,55.2027602644712,9.766666730244955,9.933333079020183,9.53333346048991,10.166666348775228,9.366667111714682,10.333332697550457,9.133333841959637,-0.2873707533925733,-57.14288633697682,0.12560995659652008,0.17126126339324255,-0.04565130679672247,50.51884563781049,14.18041315328588,9.919999885559083,9.8875,9.2489999294281,8.156999969482422,ORIENTALTL.NS,2025-08-18 11:26:29.643261
380,2024-02-02 00:00:00+05:30,10.050000190734863,10.350000381469727,9.899999618530273,10.050000190734863,278759,0.0,0.0,2024-02-02,9.922499990463256,0.277903259151881,10.200403249615137,9.644596731311376,10.478306508767018,9.366693472159495,104.09361225919213,67.30810004146531,4113180,397379.84785459196,278635.69849431515,9.049845358581702,63.98705762937344,10.100000063578287,10.300000508626301,9.849999745686848,10.55000082651774,9.649999300638834,10.750001271565754,9.399998982747395,-0.2815766945466828,-32.142852277170526,0.14940264998890562,0.18267409009242316,-0.03327144010351754,59.13953011244597,14.991521254669909,9.95999984741211,9.922499990463256,9.201999931335449,8.135499973297119,ORIENTALTL.NS,2025-08-18 11:26:29.643261
381,2024-02-01 00:00:00+05:30,10.199999809265137,10.199999809265137,9.800000190734863,9.899999618530273,128654,0.0,0.0,2024-02-01,9.92999997138977,0.28349315981586887,10.21349313120564,9.646506811573902,10.496986291021509,9.363013651758033,83.33330300016623,52.75349893401793,3834421,180663.05198066004,248949.66115424593,9.037145001600749,54.934068498151014,9.966666539510092,10.13333288828532,9.733333269755047,10.366666158040365,9.566666920979818,10.533332506815594,9.333333651224773,-0.296200046096014,-42.85718178263576,0.14313109638457888,0.19099195011830253,-0.047860853733723646,56.16257785026076,15.570961726508095,9.869999885559082,9.92999997138977,9.145999927520752,8.107999973297119,ORIENTALTL.NS,2025-08-18 11:26:29.643261
382,2024-01-31 00:00:00+05:30,9.949999809265137,10.5,9.949999809265137,10.0,392932,0.0,0.0,2024-01-31,9.944999980926514,0.28969121011539467,10.23469119104191,9.65530877081112,10.524382401157304,9.365617560695725,168.71584245597433,76.25176469755542,3963075,557350.3395310447,266021.3134476424,9.032058333126267,50.32539117079662,10.149999936421713,10.350000063578289,9.799999872843426,10.700000127156576,9.59999974568685,10.900000254313152,9.249999682108562,-0.2592618961430253,-35.71429544565894,0.1477057379509379,0.20295716355173343,-0.055251425600795545,58.81524322599247,16.59699085986609,9.810000038146972,9.944999980926514,9.087999935150146,8.081999979019166,ORIENTALTL.NS,2025-08-18 11:26:29.643261
383,2024-01-30 00:00:00+05:30,9.949999809265137,10.0,9.800000190734863,9.949999809265137,154599,0.0,0.0,2024-01-30,9.919999980926514,0.30582063267894255,10.225820613605457,9.614179348247571,10.5316412462844,9.308358715568628,78.01416281104801,51.77993792906324,3570143,218192.90480788503,193189.05692679176,9.014311136494216,47.17774945882632,9.916666666666666,10.033333142598469,9.833333333333332,10.116666475931803,9.71666685740153,10.233332951863606,9.633333524068195,-0.2064072370304689,-34.61539025843122,0.14147617726689532,0.2167700199519323,-0.07529384268503697,57.89184949307767,17.266730367940745,9.710000038146973,9.919999980926514,9.027999935150147,8.054999980926514,ORIENTALTL.NS,2025-08-18 11:26:29.643261
384,2024-01-29 00:00:00+05:30,9.75,10.0,9.600000381469727,9.899999618530273,99783,0.0,0.0,2024-01-29,9.892499971389771,0.3269777318003136,10.219477703190085,9.565522239589457,10.5464554349904,9.238544507789143,24.22141560654856,44.81098977686216,3415544,140120.79932055125,186938.0949565184,9.007512128689894,36.802212708223976,9.833333333333334,10.066666285196941,9.666666666666668,10.233332951863607,9.43333371480306,10.466665903727215,9.266667048136394,-0.21779474855472727,-38.46156103372488,0.1362811346109556,0.23559348062319152,-0.09931234601223593,56.99654853903339,17.73730139292736,9.65,9.892499971389771,8.968999938964844,8.029499983787536,ORIENTALTL.NS,2025-08-18 11:26:29.643261
385,2024-01-25 00:00:00+05:30,9.75,9.800000190734863,9.5,9.600000381469727,109240,0.0,0.0,2024-01-25,9.869999980926513,0.3415906647103904,10.211590645636903,9.528409316216123,10.553181310347295,9.186818651505732,-46.488605949777345,27.187577752046607,3315761,148752.34231198535,198642.41886551018,9.003306724215216,29.930158152997464,9.633333524068197,9.766667048136394,9.466666857401531,9.93333371480306,9.333333333333334,10.066667238871258,9.166666666666668,-0.2419308234095353,-65.51723684340337,0.13248930128881575,0.2604215671262505,-0.12793226583743472,51.21784477653167,18.244070189066793,9.580000114440917,9.869999980926513,8.911999950408935,8.003999986648559,ORIENTALTL.NS,2025-08-18 11:26:29.643261
386,2024-01-24 00:00:00+05:30,9.5,9.850000381469727,9.449999809265137,9.600000381469727,119409,0.0,0.0,2024-01-24,9.872499942779541,0.33968831237278624,10.212188255152327,9.532811630406755,10.551876567525113,9.193123318033969,-56.55170176078953,29.812172569776966,3425001,162599.49142376293,211114.93800389135,9.000212667034852,37.98806794223686,9.633333524068197,9.816667238871258,9.416666666666668,10.033334096272787,9.233332951863607,10.216667811075848,9.016666094462078,-0.22677507194784377,-68.74998882412511,0.15517257134766105,0.29240463358560914,-0.1372320622379481,51.21784477653167,18.133480268915037,9.560000038146972,9.872499942779541,8.861999940872192,7.981999983787537,ORIENTALTL.NS,2025-08-18 11:26:29.643261
387,2024-01-23 00:00:00+05:30,10.0,10.0,9.300000190734863,9.5,59949,0.0,0.0,2024-01-23,9.869999933242799,0.3419756777971761,10.211975611039975,9.528024255445622,10.553951288837151,9.186048577648446,-77.92208950321508,29.753709462439325,3305592,80782.33823999895,223243.79964892345,8.996793672178859,45.99284238282579,9.600000063578287,9.899999936421711,9.200000127156574,10.299999872843424,8.90000025431315,10.599999745686848,8.500000317891438,-0.23187034470090973,-75.00001490116652,0.18186293117530816,0.3267126491450962,-0.14484971796978802,49.258082604450784,18.014383431828527,9.6,9.869999933242799,8.8089999294281,7.960999979972839,ORIENTALTL.NS,2025-08-18 11:26:29.643261
388,2024-01-19 00:00:00+05:30,9.600000381469727,9.949999809265137,9.600000381469727,9.649999618530273,134329,0.0,0.0,2024-01-19,9.892499923706055,0.33097741678715803,10.223477340493213,9.561522506918896,10.554454757280372,9.230545090131738,-61.5243762289507,42.95523883826297,3365541,183868.76080671945,258859.16500115456,8.995349441648706,54.85896264485074,9.733333269755045,9.866666158040363,9.516666730244953,10.083332697550455,9.383333841959635,10.216665585835774,9.166667302449543,-0.15156872363219878,-70.2703023148518,0.22312770320279718,0.3629250786375432,-0.13979737543474602,52.17775662269279,17.88612529958152,9.7,9.892499923706055,8.760999927520752,7.941499981880188,ORIENTALTL.NS,2025-08-18 11:26:29.643261
389,2024-01-18 00:00:00+05:30,9.399999618530273,9.75,9.100000381469727,9.550000190734863,85671,0.0,0.0,2024-01-18,9.902499961853028,0.32625262699971064,10.228752588852739,9.576247334853317,10.55500521585245,9.249994707853606,-157.34099629859386,25.22592039601918,3231212,116050.78641213002,277606.7660497633,8.99111213863869,53.95067814650014,9.46666685740153,9.833333333333332,9.183333714803059,10.116666475931803,8.816667238871256,10.483332951863606,8.533334096272785,0.003184207150610078,-75.67567846216103,0.25780570339481557,0.3978744224962297,-0.1400687191014141,50.35618579881078,18.375455327783268,9.810000038146972,9.902499961853028,8.710999937057496,7.9199999856948855,ORIENTALTL.NS,2025-08-18 11:26:29.643261
390,2024-01-17 00:00:00+05:30,9.75,9.850000381469727,9.300000190734863,9.5,113728,0.0,0.0,2024-01-17,9.864999961853027,0.4029822650229347,10.267982226875962,9.462017696830092,10.670964491898896,9.059035431807157,-224.43564294138838,33.801823296093964,3145541,153250.4923077716,317995.7609591716,8.98879546098738,53.0692840002939,9.550000190734863,9.800000190734863,9.25,10.100000381469727,9.0,10.350000381469727,8.699999809265137,-0.0699224122012621,-78.37839231080514,0.3081463335993746,0.4328916022715832,-0.12474526867220859,49.46243645153113,18.326903737154836,9.920000076293945,9.864999961853027,8.654999933242799,7.900499982833862,ORIENTALTL.NS,2025-08-18 11:26:29.643261
391,2024-01-16 00:00:00+05:30,10.0,10.199999809265137,9.600000381469727,9.800000190734863,219408,0.0,0.0,2024-01-16,9.887499952316285,0.3939926811387903,10.281492633455075,9.493507271177494,10.675485314593866,9.099514590038703,-181.2205508297185,58.1509060424334,3259269,304992.6785356058,359182.0781220215,8.985966900737091,53.15700955636372,9.866666793823242,10.133333206176758,9.533333778381348,10.466666221618652,9.266667366027832,10.733332633972168,8.933334350585938,-0.0783098933740927,-62.162160768919485,0.3728529723639564,0.4640779194396353,-0.09122494707567885,54.97681730187496,18.68851123922634,10.030000114440918,9.887499952316285,8.599999933242797,7.878999981880188,ORIENTALTL.NS,2025-08-18 11:26:29.643261
392,2024-01-15 00:00:00+05:30,10.350000381469727,10.350000381469727,9.949999809265137,10.0,193316,0.0,0.0,2024-01-15,9.892499923706055,0.39345798024348716,10.285957903949543,9.499041943462567,10.679415884193029,9.10558396321908,-97.1127790987382,76.57339155082458,3478677,274207.0847800215,372729.4280186255,8.977183577996119,58.16244866095493,10.100000063578287,10.250000317891438,9.849999745686848,10.500000635782877,9.699999491373697,10.650000890096027,9.449999173482258,-0.16660555633003746,-51.351356924322054,0.42050231726496534,0.48688415620855496,-0.06638183894358962,59.052330978006125,19.755417417225328,10.120000076293945,9.892499923706055,8.5339999294281,7.853999981880188,ORIENTALTL.NS,2025-08-18 11:26:29.643261
393,2024-01-12 00:00:00+05:30,10.199999809265137,10.350000381469727,10.100000381469727,10.199999809265137,216446,0.0,0.0,2024-01-12,9.889999914169312,0.39289743081039874,10.28289734497971,9.497102483358914,10.67579477579011,9.104205052548515,22.611358403264905,87.78825605498334,3671993,313155.90056545485,397360.0138282765,8.96736659161545,57.66273597422694,10.21666685740153,10.333333333333332,10.083333333333332,10.46666685740153,9.96666685740153,10.583333333333332,9.833333333333332,0.25396727178890216,-40.54055307972462,0.45543971978992026,0.5034796159444523,-0.04803989615453208,63.41778206445097,20.736526598514633,10.160000038146972,9.889999914169312,8.461999931335448,7.824499983787536,ORIENTALTL.NS,2025-08-18 11:26:29.643261
394,2024-01-11 00:00:00+05:30,10.050000190734863,10.199999809265137,10.0,10.100000381469727,127986,0.0,0.0,2024-01-11,9.794999933242797,0.5223680236068837,10.317367956849681,9.272631909635914,10.839735980456565,8.75026388602903,5.22197729916311,84.65695436546416,3455547,183355.83175183498,418411.0421439819,8.953976347955967,59.46417800816655,10.100000063578287,10.200000127156574,10.000000317891438,10.299999872843424,9.90000025431315,10.399999936421711,9.800000508626301,0.2505511088751363,-45.94592922703384,0.4735726293860605,0.5154895899830854,-0.04191696059702488,62.117566775375,21.365195725388027,10.170000076293945,9.794999933242797,8.386999931335449,,ORIENTALTL.NS,2025-08-18 11:26:29.643261
395,2024-01-10 00:00:00+05:30,10.300000190734863,10.399999618530273,9.899999618530273,10.050000190734863,310836,0.0,0.0,2024-01-10,9.709999895095825,0.6023200392771602,10.312319934372985,9.107679855818665,10.914639973650145,8.505359816541505,19.019005449716516,90.41747195148814,3327561,443106.634719345,477174.8447420186,8.94656734272169,69.42076311907019,10.116666475931803,10.333333333333332,9.833333333333332,10.616666475931803,9.616666475931803,10.833333333333332,9.333333333333332,0.23738489517170702,-33.33332155957551,0.49946133411572724,0.5259688301323415,-0.026507496016614285,61.481950745987376,22.383385208156742,10.229999923706055,9.709999895095825,8.317999925613403,,ORIENTALTL.NS,2025-08-18 11:26:29.643261
396,2024-01-09 00:00:00+05:30,10.399999618530273,10.399999618530273,10.100000381469727,10.25,260043,0.0,0.0,2024-01-09,9.627499866485596,0.6632207933432989,10.290720659828896,8.964279073142297,10.953941453172193,8.301058279799,49.58186389707788,104.55702705701874,3638397,378076.69189894997,485691.897247687,8.928965667267184,67.79321615803593,10.25,10.399999618530273,10.100000381469727,10.549999237060547,9.950000762939453,10.69999885559082,9.80000114440918,0.23605798798451266,-25.925920693144672,0.5299633864690261,0.5325957041364952,-0.002632317667469075,65.5682069207853,23.479896958830743,10.259999847412109,9.627499866485596,8.248999919891357,,ORIENTALTL.NS,2025-08-18 11:26:29.643261
397,2024-01-08 00:00:00+05:30,10.399999618530273,10.399999618530273,9.899999618530273,10.199999809265137,319952,0.0,0.0,2024-01-08,9.527499866485595,0.7133086015433098,10.240808468028904,8.814191264942286,10.954117069572215,8.100882663398975,45.0292086520476,105.99025983339308,3378354,462909.25541575445,512595.6985848712,8.911097879461993,60.158759265530264,10.166666348775228,10.433333079020183,9.933333079020183,10.666666348775228,9.666666348775228,10.933333079020183,9.433333079020183,0.252115510306411,-27.77777974007075,0.5412885573351058,0.5332537835533624,0.008034773781743443,65.02863939196675,24.145677324169025,10.249999809265137,9.527499866485595,8.173999919891358,,ORIENTALTL.NS,2025-08-18 11:26:29.643261
398,2024-01-05 00:00:00+05:30,10.550000190734863,10.550000190734863,10.149999618530273,10.25,280224,0.0,0.0,2024-01-05,9.427499866485595,0.7531468818986533,10.180646748384248,8.674352984586942,10.933793630282903,7.921206102688289,82.54569560760258,123.81457691010587,3698306,407417.86131790257,525017.3093771504,8.889285431588522,74.5172619096065,10.316666603088379,10.483333587646484,10.083333015441895,10.716667175292969,9.916666030883789,10.883334159851074,9.683332443237305,0.24953839220427587,-25.925920693144672,0.5525111273445784,0.5312450901079264,0.02126603723665199,65.98886243678979,24.862671563764096,10.109999847412109,9.427499866485595,8.102999925613403,,ORIENTALTL.NS,2025-08-18 11:26:29.643261
399,2024-01-04 00:00:00+05:30,10.600000381469727,10.699999809265137,10.25,10.399999618530273,304717,0.0,0.0,2024-01-04,9.324999856948853,0.7745117025484,10.099511559497254,8.550488154400453,10.874023262045654,7.7759764518520536,131.66667137146104,142.62914589280942,3978530,449511.574187541,554417.1713919622,8.8688135701205,86.76465456401112,10.449999809265137,10.649999618530273,10.199999809265137,10.899999618530273,10.0,11.09999942779541,9.75,0.2607869109065444,-20.37037887363991,0.5535837758094146,0.5259285807987634,0.02765519501065128,68.81971260341703,25.003126085022608,9.939999771118163,9.324999856948853,8.034999923706055,,ORIENTALTL.NS,2025-08-18 11:26:29.643261
400,2024-01-03 00:00:00+05:30,10.25,10.699999809265137,10.0,10.199999809265137,510138,0.0,0.0,2024-01-03,9.212499856948853,0.7735555382091747,9.986055395158028,8.438944318739678,10.759610933367203,7.665388780530503,153.06538215264118,142.75414349247654,3673813,738071.9662301913,580643.5706930675,8.843346826847391,85.32425444385893,10.299999872843424,10.599999745686848,9.899999936421711,10.99999968210856,9.600000063578287,11.299999554951984,9.200000127156574,0.26212842062088526,-27.77777974007075,0.5317967682188467,0.5190147820461005,0.012781986172746174,67.07074314981884,24.896114171858606,9.749999809265137,9.212499856948853,7.966999931335449,,ORIENTALTL.NS,2025-08-18 11:26:29.643261
401,2024-01-02 00:00:00+05:30,9.800000190734863,10.949999809265137,9.5,10.199999809265137,542764,0.0,0.0,2024-01-02,9.112499856948853,0.7684357122691909,9.880935569218044,8.344064144679662,10.649371281487234,7.575628432410471,167.6356720778281,147.5907320757607,4183951,785275.53853852,541286.4718087865,8.804489815963546,82.3951056605921,10.216666539510092,10.933333079020183,9.483333269755047,11.666666348775228,8.766666730244955,12.38333288828532,8.03333346048991,0.27308884778209797,-27.77777974007075,0.5155422205006879,0.5158192855029139,-0.00027706500222601793,67.07074314981884,24.780870573066608,9.639999771118164,9.112499856948853,7.903999938964843,,ORIENTALTL.NS,2025-08-18 11:26:29.643261
402,2024-01-01 00:00:00+05:30,9.600000381469727,9.649999618530273,9.399999618530273,9.5,61191,0.0,0.0,2024-01-01,9.012499856948853,0.7493637871610053,9.761863644109859,8.263136069787848,10.511227431270864,7.513772282626842,-34.39161160178783,103.66884599492624,3641187,82455.9552159965,480289.2051263531,8.760626920934083,82.04623244428068,9.516666412353516,9.633333206176758,9.383333206176758,9.766666412353516,9.266666412353516,9.883333206176758,9.133333206176758,0.28389645545172987,-45.09803774905867,0.4869202280357605,0.5158885517534704,-0.028968323717709854,60.36067299878423,24.65676208205984,9.509999847412109,9.012499856948853,7.840999946594239,,ORIENTALTL.NS,2025-08-18 11:26:29.643261
403,2023-12-29 00:00:00+05:30,9.600000381469727,9.600000381469727,9.100000381469727,9.399999618530273,150487,0.0,0.0,2023-12-29,8.939999866485596,0.7695863506251134,9.70958621711071,8.170413515860483,10.479172567735823,7.40082716523537,-80.96739735610421,97.71947479900538,3579996,200649.31976212002,579747.5176039422,8.757997584393307,80.74497016668343,9.366666793823242,9.633333206176758,9.133333206176758,9.866666793823242,8.866666793823242,10.133333206176758,8.633333206176758,0.24997180008812867,-40.98361040180492,0.5118372002918417,0.5231306326828978,-0.01129343239105618,59.25941345582815,26.337571033309082,9.599999809265137,8.939999866485596,7.791999950408935,,ORIENTALTL.NS,2025-08-18 11:26:29.643261
404,2023-12-28 00:00:00+05:30,9.699999809265137,9.75,9.350000381469727,9.449999809265137,107773,0.0,0.0,2023-12-28,8.882499885559081,0.7763400963237398,9.65883998188282,8.106159789235342,10.43518007820656,7.3298196929116015,-2.55006669815683,113.69991514016783,3730483,144461.67402695815,674522.0670643977,8.752333296851246,81.98664792175971,9.516666730244955,9.683333079020183,9.28333346048991,9.916666348775228,9.116667111714682,10.083332697550457,8.883333841959637,0.2777482379236192,-39.344259732130055,0.5458318886994196,0.5259539907806619,0.019877897918757714,60.033776100759106,28.034018196117746,9.689999961853028,8.882499885559081,7.744999961853027,,ORIENTALTL.NS,2025-08-18 11:26:29.643261
405,2023-12-27 00:00:00+05:30,9.449999809265137,9.800000190734863,9.449999809265137,9.649999618530273,141851,0.0,0.0,2023-12-27,8.794999885559083,0.807025083581602,9.602024969140684,7.987974801977481,10.409050052722286,7.180949718395879,32.8419890709858,128.91898145020025,3838256,194164.83104313994,807037.1653237576,8.747897000131834,83.18821516499241,9.633333206176758,9.816666603088379,9.466666221618652,9.983333587646484,9.283332824707031,10.166666984558105,9.116665840148926,0.24515103525873674,-32.78688832144393,0.5761609499413023,0.5209845163009723,0.05517643364032998,63.096201875151785,29.993575075755484,9.560000038146972,8.794999885559083,7.697999963760376,,ORIENTALTL.NS,2025-08-18 11:26:29.643261
406,2023-12-26 00:00:00+05:30,9.949999809265137,9.949999809265137,9.350000381469727,9.550000190734863,235274,0.0,0.0,2023-12-26,8.702499914169312,0.8098854753425349,9.512385389511847,7.892614438826778,10.322270864854382,7.082728963484243,39.40162687915742,135.53920577217272,3696405,318704.4941967231,960255.2488939118,8.74028320532393,81.61407306225911,9.616666793823242,9.883333206176758,9.283333778381348,10.216666221618652,9.016667366027832,10.483332633972168,8.683334350585938,0.25250417908495376,-36.06555839278034,0.5865646766803092,0.5071904078908898,0.07937426878941944,62.20096926287804,31.88864311277631,9.620000076293945,8.702499914169312,7.6469999694824216,,ORIENTALTL.NS,2025-08-18 11:26:29.643261
407,2023-12-22 00:00:00+05:30,10.0,10.0,9.649999618530273,9.949999809265137,386671,0.0,0.0,2023-12-22,8.587499904632569,0.8457128546616579,9.433212759294227,7.741787049970911,10.278925613955884,6.896074195309254,74.53415173069683,164.02296230962716,3931679,545727.1308027196,1120642.937568209,8.72878731774744,84.0341782569859,9.866666475931803,10.083333333333332,9.733332951863606,10.21666685740153,9.516666094462076,10.433333714803059,9.383332570393879,0.2548610837376069,-22.95081557140809,0.6008456844596441,0.48734684069353484,0.1134988437661093,68.36046478080397,33.929485614183356,9.689999961853028,8.587499904632569,7.596999969482422,,ORIENTALTL.NS,2025-08-18 11:26:29.643261
408,2023-12-21 00:00:00+05:30,8.75,10.199999809265137,8.25,9.850000381469727,989893,0.0,0.0,2023-12-21,8.459999918937683,0.8213595692539777,9.281359488191661,7.638640349683706,10.102719057445638,6.817280780429728,45.27987963912669,142.69903028765708,3545008,1383042.0090524668,1264371.8892595812,8.69961158316584,82.39421685503186,9.433333396911621,10.616666793823242,8.666666984558105,11.383333206176758,7.483333587646484,12.566666603088379,6.716667175292969,0.23922311671081306,-26.2294856427445,0.5706320776785425,0.4589721297520075,0.111659947926535,67.61601815830922,35.51197525894145,9.689999961853028,8.459999918937683,7.5379999732971195,,ORIENTALTL.NS,2025-08-18 11:26:29.643261
409,2023-12-20 00:00:00+05:30,10.199999809265137,10.25,8.699999809265137,8.800000190734863,458667,0.0,0.0,2023-12-20,8.327499890327454,0.7987613152809542,9.126261205608408,7.5287385750465,9.925022520889362,6.729977259765546,38.69048351153108,138.78734993311252,2555115,572520.5075580383,1234704.3593113597,8.624668612038118,81.19830816172613,9.25,9.800000190734863,8.25,10.800000190734863,7.699999809265137,11.350000381469727,6.699999809265137,0.1997803137875033,-60.65572463386329,0.5331519932844291,0.4310571427703737,0.10209485051405537,57.97520437045162,37.216194876373244,9.379999923706055,8.327499890327454,7.478999967575073,,ORIENTALTL.NS,2025-08-18 11:26:29.643261
410,2023-12-19 00:00:00+05:30,10.0,10.199999809265137,9.800000190734863,9.949999809265137,418542,0.0,0.0,2023-12-19,8.254999876022339,0.8191618882370412,9.07416176425938,7.435837987785297,9.893323652496422,6.616676099548257,124.66125639620698,216.3120583660144,3013782,590708.1854611074,1400250.32224969,8.61921144955178,86.63137172083597,9.983333269755045,10.166666348775227,9.766666730244953,10.383332888285318,9.583333651224772,10.5666659673055,9.36666711171468,0.24411531687132573,-22.580643176535915,0.5804971768479064,0.40553343014185983,0.17496374670604653,83.1502997246259,38.10197269045921,9.299999809265136,8.254999876022339,7.445999965667725,,ORIENTALTL.NS,2025-08-18 11:26:29.643261
411,2023-12-18 00:00:00+05:30,10.5,10.649999618530273,9.649999618530273,9.899999618530273,1761304,0.0,0.0,2023-12-18,8.119999885559082,0.7441702483576016,8.864170133916684,7.37582963720148,9.608340382274285,6.631659388843879,206.29368437444435,252.73934678516724,2595240,2473320.3484209133,1602635.8564468357,8.580309563704565,91.47945406199798,10.06666628519694,10.483332951863606,9.483332951863606,11.06666628519694,9.06666628519694,11.483332951863606,8.483332951863606,0.2497488165198816,-24.193552852794188,0.51906040887547,0.36179249346534814,0.15726791541012186,82.84962992206783,35.8811900424662,8.989999771118164,8.119999885559082,7.389999971389771,,ORIENTALTL.NS,2025-08-18 11:26:29.643261
412,2023-12-15 00:00:00+05:30,9.300000190734863,9.949999809265137,8.600000381469727,9.949999809265137,4124704,0.0,0.0,2023-12-15,7.974999904632568,0.6564457173683118,8.63144562200088,7.318554187264256,9.287891339369192,6.662108469895944,302.02584612442604,230.21915072062424,4356544,5821390.482685541,1384964.7334533161,8.395196717870641,89.5241081438893,9.5,10.399999618530273,9.050000190734863,10.84999942779541,8.15000057220459,11.749999046325684,7.700000762939453,0.3944871107109958,-0.0,0.43746243822744457,0.32247551461281765,0.11498692361462692,84.24554792489388,33.48957796001219,8.65999984741211,7.974999904632568,7.334999980926514,,ORIENTALTL.NS,2025-08-18 11:26:29.643261
413,2023-12-14 00:00:00+05:30,8.550000190734863,8.699999809265137,8.25,8.300000190734863,133734,0.0,0.0,2023-12-14,7.827499914169311,0.5027489623729466,8.330248876542258,7.324750951796364,8.832997838915205,6.822001989423418,83.33338120857061,131.0618732826473,231840,157445.70148614934,275858.29614525975,7.634614015011042,76.01123093955636,8.416666666666666,8.583333333333332,8.133333524068195,8.866666475931803,7.966666857401529,9.033333142598469,7.683333714803059,-0.1503324607664088,-35.294087947855324,0.32143982917044145,0.2937287837091609,0.02771104546128056,67.42957355220545,31.47226885239075,8.30999984741211,7.827499914169311,7.27899998664856,,ORIENTALTL.NS,2025-08-18 11:26:29.643261
414,2023-12-13 00:00:00+05:30,8.5,8.649999618530273,8.300000190734863,8.399999618530273,275485,0.0,0.0,2023-12-13,7.762499904632568,0.5221097603889425,8.284609665021511,7.240390144243626,8.806719425410453,6.718280383854683,132.47858806577196,147.9647764229408,365574,328237.4230219141,305461.4448100373,7.623890497679923,80.42732534143015,8.449999809265137,8.59999942779541,8.25,8.799999237060547,8.100000381469727,8.94999885559082,7.90000057220459,-0.14113085112312218,-24.39024730639304,0.33052539320013086,0.28680102234384075,0.04372437085629011,71.73885169501177,31.076154437714948,8.289999771118165,7.762499904632568,7.257999982833862,,ORIENTALTL.NS,2025-08-18 11:26:29.643261
415,2023-12-12 00:00:00+05:30,8.300000190734863,8.899999618530273,8.100000381469727,8.399999618530273,438902,0.0,0.0,2023-12-12,7.694999933242798,0.5226198412203679,8.217619774463166,7.17238009202243,8.740239615683533,6.649760250802062,166.6665709162467,164.67345483998872,641059,522947.0259330422,299767.45025706815,7.5972400126372825,86.19627831457588,8.466666539510092,8.833332697550457,8.03333346048991,9.266665776570639,7.666667302449545,9.633331934611004,7.233334223429363,-0.12801420782838005,-24.39024730639304,0.32730127936132103,0.2758699296297682,0.05143134973155283,71.73885169501177,30.649569683448696,8.239999771118164,7.694999933242798,7.2349999904632565,,ORIENTALTL.NS,2025-08-18 11:26:29.643261
416,2023-12-11 00:00:00+05:30,8.149999618530273,8.25,7.599999904632568,8.25,167888,0.0,0.0,2023-12-11,7.629999947547913,0.5110360469977624,8.141035994545675,7.118963900550151,8.652072041543438,6.607927853552388,-33.77387338066745,116.66666429602739,202157,196464.67553579266,243972.55633807462,7.550780834224186,84.59889712721807,8.03333330154419,8.46666669845581,7.816666603088379,8.683333396911621,7.383333206176758,9.116666793823242,7.166666507720947,-0.1212583351565645,-24.32431526824927,0.3182143263500956,0.26301209219688,0.055202234153215624,69.19241003209441,30.190170717315816,8.199999809265137,7.629999947547913,7.2139999961853025,,ORIENTALTL.NS,2025-08-18 11:26:29.643261
417,2023-12-08 00:00:00+05:30,8.300000190734863,8.350000381469727,8.100000381469727,8.199999809265137,102962,0.0,0.0,2023-12-08,7.564999938011169,0.5107012250209129,8.075701163032083,7.054298712990256,8.586402388052996,6.543597487969343,48.9381838405506,155.74590115942857,34269,119757.213832579,255849.5265386451,7.534951091440042,89.86585585959986,8.21666685740153,8.333333333333332,8.083333333333332,8.46666685740153,7.966666857401529,8.583333333333332,7.833333333333332,-0.17283234423040839,-27.027028420269342,0.3165315333902212,0.24921153365857607,0.06731999973164515,68.30855711046513,31.2236909712783,8.189999771118163,7.564999938011169,7.195999994277954,,ORIENTALTL.NS,2025-08-18 11:26:29.643261
418,2023-12-07 00:00:00+05:30,8.300000190734863,8.350000381469727,8.100000381469727,8.199999809265137,179657,0.0,0.0,2023-12-07,7.509999942779541,0.49778452792344263,8.007784470702983,7.012215414856098,8.505568998626426,6.514430886932656,56.74522628813335,172.5977464291846,137231,208962.74125910187,289872.6047151616,7.525587480735675,88.35412858630428,8.21666685740153,8.333333333333332,8.083333333333332,8.46666685740153,7.966666857401529,8.583333333333332,7.833333333333332,-0.17811795673531428,-27.027028420269342,0.31450537734896233,0.23238153372566478,0.08212384362329755,68.30855711046513,29.745578830072517,8.15999984741211,7.509999942779541,7.178000001907349,,ORIENTALTL.NS,2025-08-18 11:26:29.643261
419,2023-12-06 00:00:00+05:30,8.350000381469727,8.399999618530273,8.100000381469727,8.149999618530273,178758,0.0,0.0,2023-12-06,7.457499957084655,0.4760790730975306,7.933579030182186,6.981420883987125,8.409658103279718,6.505341810889594,65.80564361011734,193.86721741588957,-42426,206649.30388567506,310100.0705791765,7.508601710575491,86.49389269894463,8.216666539510092,8.333332697550457,8.03333346048991,8.516665776570639,7.916667302449545,8.633331934611004,7.733334223429363,-0.15703650227128665,-29.72974157228942,0.30714605063933664,0.21185057281984038,0.09529547781949627,67.50471024326256,28.15376575492783,8.169999885559083,7.457499957084655,7.157000007629395,,ORIENTALTL.NS,2025-08-18 11:26:29.643261
420,2023-12-05 00:00:00+05:30,8.100000381469727,8.699999809265137,8.100000381469727,8.199999809265137,248320,0.0,0.0,2023-12-05,7.387499976158142,0.4718036419486915,7.859303618106834,6.91569633420945,8.331107260055525,6.443892692260759,99.11504932648252,245.87889857936295,136332,288826.084758513,335962.7622525518,7.492115124415139,89.61580154345329,8.333333333333334,8.566666285196941,7.966666857401531,8.933332761128744,7.733333905537924,9.166665712992351,7.366667429606121,-0.13442343472547325,-27.027028420269342,0.2979944155207592,0.18802670336496627,0.10996771215579296,69.13300130519173,26.439505520156622,8.079999923706055,7.387499976158142,7.139000015258789,,ORIENTALTL.NS,2025-08-18 11:26:29.643261
421,2023-12-04 00:00:00+05:30,8.199999809265137,8.399999618530273,8.050000190734863,8.199999809265137,123697,0.0,0.0,2023-12-04,7.314999985694885,0.45134303228337214,7.766343017978257,6.863656953411513,8.21768605026163,6.412313921128141,105.09347124337145,255.39164147337402,384652,143874.51758365732,347746.93162606144,7.465902967084575,87.68015352331669,8.216666539510092,8.38333288828532,8.03333346048991,8.566665967305502,7.866667111714682,8.73333231608073,7.6833340326945,-0.09032387303503353,-27.027028420269342,0.27683822123564994,0.16053477532601804,0.1163034459096319,69.13300130519173,24.59337911347994,8.0,7.314999985694885,7.121000022888183,,ORIENTALTL.NS,2025-08-18 11:26:29.643261
422,2023-12-01 00:00:00+05:30,8.550000190734863,8.699999809265137,7.900000095367432,8.050000190734863,445780,0.0,0.0,2023-12-01,7.229999995231628,0.4357087658669345,7.665708761098562,6.794291229364694,8.101417526965497,6.3585824634977595,133.94062628638628,289.29294357120796,260955,509011.203963065,398715.0351366624,7.452107811486568,91.82090368783486,8.21666669845581,8.53333330154419,7.733333587646484,9.016666412353516,7.4166669845581055,9.333333015441895,6.933333873748779,-0.0940972941305405,-35.135116326363864,0.24555736307917453,0.13145891384861005,0.11409844923056447,67.07888825188681,23.168360558007357,7.810000038146972,7.229999995231628,7.101000022888184,,ORIENTALTL.NS,2025-08-18 11:26:29.643261
423,2023-11-30 00:00:00+05:30,7.550000190734863,8.399999618530273,7.550000190734863,8.25,800935,0.0,0.0,2023-11-30,7.147499990463257,0.4284227463263282,7.575922736789585,6.719077244136929,8.004345483115914,6.290654497810601,156.8872129567847,288.09263614899055,706735,937264.3363448257,371140.99293006177,7.408675534595645,89.49445671089467,8.066666603088379,8.583333015441895,7.733333587646484,8.916666030883789,7.216667175292969,9.433332443237305,6.883334159851074,-0.023060634857001126,-15.151514275781212,0.2165605091874383,0.10293430154096891,0.11362620764646938,73.10188408065298,21.633725190575344,7.6800000190734865,7.147499990463257,7.084000015258789,,ORIENTALTL.NS,2025-08-18 11:26:29.643261
424,2023-11-29 00:00:00+05:30,7.849999904632568,8.5,7.550000190734863,7.699999809265137,497516,0.0,0.0,2023-11-29,7.057499980926513,0.36966379741289407,7.427163778339407,6.687836183513619,7.796827575752301,6.318172386100725,209.92136767675447,272.2773787401642,-94200,543386.2413423626,229610.1570763708,7.282385648020355,84.41062104561932,7.916666666666667,8.28333314259847,7.333333333333334,8.866666475931805,6.96666685740153,9.233332951863607,6.383333524068197,-0.2767514515697752,-48.48485724218789,0.15645757853194553,0.07452774962935158,0.08192982890259395,65.099811424043,20.61963688095048,7.469999980926514,7.057499980926513,7.063000011444092,,ORIENTALTL.NS,2025-08-18 11:26:29.643261
425,2023-11-28 00:00:00+05:30,7.25,7.949999809265137,7.25,7.800000190734863,230451,0.0,0.0,2023-11-28,7.004999995231628,0.34750996173475696,7.352509956966386,6.657490033496871,7.700019918701142,6.309980071762115,179.14833906819376,210.99511934117214,403316,254967.06316651538,151166.13600987283,7.239441994449238,79.15811617797667,7.666666666666667,8.083333333333334,7.383333524068197,8.366666475931805,6.96666685740153,8.78333314259847,6.6833337148030605,-0.15509807210227305,-12.499970197672875,0.1313037303630873,0.054045292403703094,0.0772584379593842,68.54246209895844,19.52754177827755,7.4,7.004999995231628,7.054000015258789,,ORIENTALTL.NS,2025-08-18 11:26:29.643261
426,2023-11-24 00:00:00+05:30,7.300000190734863,7.550000190734863,7.199999809265137,7.25,113125,0.0,0.0,2023-11-24,6.9449999809265135,0.3038784404465002,7.248878421373013,6.641121540480014,7.552756861819514,6.337243100033513,68.49317550063184,104.96209950942236,172865,116334.2167107815,125215.90422071217,7.211406316918564,74.99975801754378,7.333333333333333,7.466666857401529,7.116666475931803,7.68333371480306,6.9833329518636065,7.816667238871256,6.766666094462076,-0.2672190822430322,-47.619038968942014,0.08726120945119664,0.034730682913857044,0.0525305265373396,56.902803117419865,19.855185553430214,7.289999961853027,6.9449999809265135,7.042000007629395,,ORIENTALTL.NS,2025-08-18 11:26:29.643261
427,2023-11-23 00:00:00+05:30,7.349999904632568,7.75,6.849999904632568,7.400000095367432,303928,0.0,0.0,2023-11-23,6.907499980926514,0.3104644225897306,7.217964403516245,6.597035558336783,7.528428826105975,6.286571135747053,85.61023121464865,104.36269830330966,285990,319016.6195939352,127436.32609819484,7.210434952856348,76.24351935158421,7.333333333333333,7.816666762034098,6.916666666666666,8.233333428700764,6.433333237965901,8.71666685740153,6.016666571299234,-0.21836077353238229,-29.166663355296986,0.08371798237954042,0.02159805127952214,0.06211993110001828,62.78613224673739,20.901650789269073,7.2399999618530275,6.907499980926514,7.051000003814697,,ORIENTALTL.NS,2025-08-18 11:26:29.643261
428,2023-11-22 00:00:00+05:30,7.5,7.5,7.199999809265137,7.199999809265137,30256,0.0,0.0,2023-11-22,6.869999980926513,0.29262872331983647,7.16262870424635,6.577371257606677,7.4552574275661865,6.28474253428684,92.89613556478606,91.0052437265819,-17938,30899.743026307497,79541.25272425976,7.196686821967853,68.47483915265512,7.299999872843425,7.399999936421713,7.0999997456868496,7.600000063578288,6.9999996821085615,7.700000127156576,6.799999554951986,-0.33868090586588145,-41.66667328940603,0.06314038707919511,0.00606806850451757,0.057072318574677545,57.323061941821976,22.02861335094169,7.159999942779541,6.869999980926513,7.056000003814697,,ORIENTALTL.NS,2025-08-18 11:26:29.643261
429,2023-11-21 00:00:00+05:30,7.5,7.5,7.199999809265137,7.349999904632568,91072,0.0,0.0,2023-11-21,6.852499985694886,0.2821323825338452,7.134632368228731,6.57036760316104,7.416764750762576,6.288235220627195,160.4937512851787,109.75866013151142,12318,94947.40045459833,91701.63014874782,7.196662728869954,68.37281538788228,7.349999904632568,7.5,7.199999809265137,7.650000095367432,7.049999713897705,7.800000190734863,6.899999618530273,-0.325899748997312,-26.92307551231579,0.05553515480202087,-0.008200011139151817,0.06373516594117269,63.85100398628591,22.49465991749235,7.119999980926513,6.852499985694886,7.065000009536743,,ORIENTALTL.NS,2025-08-18 11:26:29.643261
430,2023-11-20 00:00:00+05:30,7.099999904632568,7.699999809265137,7.050000190734863,7.25,234997,0.0,0.0,2023-11-20,6.834999990463257,0.25960496634057445,7.094604956803831,6.575395024122683,7.354209923144406,6.315790057782108,187.49995617306942,105.56510867864394,-78754,241663.57502217477,90890.1875722852,7.193231054993053,56.587984817981095,7.333333333333333,7.616666475931803,6.966666857401529,7.9833329518636065,6.68333371480306,8.266666094462076,6.316667238871256,-0.33652102609007123,-29.032251117875706,0.03018397446699872,-0.024133802624444988,0.05431777709144371,61.10932605400962,22.996556219931524,7.060000038146972,6.834999990463257,7.069000015258789,,ORIENTALTL.NS,2025-08-18 11:26:29.643261
431,2023-11-17 00:00:00+05:30,7.150000095367432,7.150000095367432,6.949999809265137,7.0,64958,0.0,0.0,2023-11-17,6.825,0.24628824730396862,7.071288247303968,6.578711752696032,7.317576494607938,6.332423505392063,9.900973478867192,2.441984276677336,-313751,64497.3032195909,53196.8407098128,7.189751852629741,43.550889620474535,7.0333333015441895,7.116666793823242,6.916666507720947,7.233333587646484,6.8333330154418945,7.316667079925537,6.716666221618652,-0.3249030434341038,-29.166663355296986,0.007117923972078444,-0.037713246897305916,0.04483117086938436,52.79879892375172,23.537059930250635,7.030000019073486,6.825,7.070000019073486,,ORIENTALTL.NS,2025-08-18 11:26:29.643261
432,2023-11-16 00:00:00+05:30,7.0,7.150000095367432,7.0,7.0,50157,0.0,0.0,2023-11-16,6.8275000095367435,0.24840281370961326,7.0759028232463566,6.5790971958271305,7.32430563695597,6.3306943821175174,32.258078988294216,6.349210193698307,-248793,49801.27524839159,50371.72508236827,7.193021836699682,49.593472777800166,7.050000031789144,7.100000063578287,6.9499999682108555,7.200000127156575,6.899999936421712,7.250000158945719,6.799999872843424,-0.3129614804028863,-29.166663355296986,0.002099754414611077,-0.04892103961465201,0.051020794029263086,52.79879892375172,23.829229522577844,7.019999980926514,6.8275000095367435,7.076000022888183,,ORIENTALTL.NS,2025-08-18 11:26:29.643261
433,2023-11-15 00:00:00+05:30,7.050000190734863,7.25,6.949999809265137,7.0,79496,0.0,0.0,2023-11-15,6.830000019073486,0.2504732659636973,7.080473285037184,6.579526753109788,7.33094655100088,6.3290534871460915,47.0347479259653,10.58198297080151,-198636,78932.19644608206,50514.337540862434,7.195624887385532,50.01436128791064,7.066666603088379,7.183333396911621,6.883333206176758,7.366666793823242,6.766666412353516,7.483333587646484,6.5833330154418945,-0.3073757353052928,-29.166663355296986,-0.004356837737216068,-0.06167623812196778,0.05731940038475171,52.79879892375172,24.373591110299166,7.039999961853027,6.830000019073486,7.082000026702881,,ORIENTALTL.NS,2025-08-18 11:26:29.643261
434,2023-11-13 00:00:00+05:30,7.25,7.349999904632568,7.0,7.050000190734863,37010,0.0,0.0,2023-11-13,6.832500028610229,0.25250068924869384,7.085000717858923,6.579999339361535,7.337501407107617,6.327498650112842,75.79909582526433,31.196321314466374,-119140,37010.000000000015,43409.87281455753,7.199897537693107,53.61623280752466,7.1333333651224775,7.266666730244955,6.916666825612387,7.483333269755046,6.783333460489909,7.616666634877523,6.566666920979818,-0.2959042107071866,-24.999980131781918,-0.012557219541642795,-0.0760060882181557,0.0634488686765129,54.66949890179472,24.959826666306743,7.0699999809265135,6.832500028610229,7.09000002861023,,ORIENTALTL.NS,2025-08-18 11:26:29.643261
435,2023-11-10 00:00:00+05:30,7.050000190734863,7.300000190734863,7.050000190734863,7.099999904632568,55657,0.0,0.0,2023-11-10,6.835000014305114,0.25500260348810017,7.090002617793215,6.579997410817014,7.345005221281315,6.324994807328914,100.49022694635116,34.6320606024623,-82130,56051.72822710869,45009.8410181969,7.201437391984982,54.388702356778396,7.150000095367432,7.25,7.0,7.400000095367432,6.900000095367432,7.5,6.75,-0.28446867864125025,-17.391327784054983,-0.027790193522084117,-0.09186830538728392,0.06407811186519981,56.529311169090754,25.80340922890602,7.009999942779541,6.835000014305114,7.096000022888184,,ORIENTALTL.NS,2025-08-18 11:26:29.643261
436,2023-11-09 00:00:00+05:30,7.099999904632568,7.199999809265137,6.900000095367432,6.949999809265137,22842,0.0,0.0,2023-11-09,6.835000014305114,0.25500260348810017,7.090002617793215,6.579997410817014,7.345005221281315,6.324994807328914,87.54207781170767,-10.227834979509916,-137787,22517.998772803814,42249.36921596895,7.203029037815369,43.575638817187546,7.016666571299235,7.133333047231039,6.833333333333334,7.31666628519694,6.71666685740153,7.433332761128744,6.533333619435629,-0.2688890539164749,-27.272746976743782,-0.05179616697905676,-0.10788783335358387,0.056091666374527116,51.97841327004014,26.92197267381177,6.939999961853028,6.835000014305114,7.102000026702881,,ORIENTALTL.NS,2025-08-18 11:26:29.643261
437,2023-11-08 00:00:00+05:30,7.25,7.25,7.099999904632568,7.099999904632568,27769,0.0,0.0,2023-11-08,6.840000033378601,0.2583347835187334,7.098334816897334,6.581665249859868,7.356669600416068,6.323330466341134,161.27097354719888,24.7541648928736,-114945,27965.94213016478,47182.211826760235,7.204669018474644,45.190246519257656,7.149999936421712,7.1999999682108555,7.049999872843424,7.300000031789144,6.99999984105428,7.350000063578287,6.899999777475992,-0.2538832422423216,-13.636373488371891,-0.06697356046764469,-0.12191074994721565,0.054937189479570964,57.575379633831915,27.590210525724146,6.85,6.840000033378601,7.113000030517578,,ORIENTALTL.NS,2025-08-18 11:26:29.643261
438,2023-11-07 00:00:00+05:30,6.75,7.25,6.75,7.150000095367432,96079,0.0,0.0,2023-11-07,6.835000038146973,0.2539685438829187,7.088968582029891,6.581031494264054,7.34293712591281,6.327062950381135,195.8333506186811,-9.697825729194061,-87176,97441.82135847592,51986.279250909094,7.2055003002058156,41.0561174996633,7.050000031789144,7.350000063578287,6.850000063578287,7.550000031789144,6.550000031789144,7.850000063578287,6.350000063578287,-0.22691153366402128,-9.090901209302487,-0.10016320909198306,-0.13564504731710839,0.03548183822512532,59.56047744978076,29.138299669200727,6.710000038146973,6.835000038146973,7.122000036239624,,ORIENTALTL.NS,2025-08-18 11:26:29.643261
439,2023-11-06 00:00:00+05:30,6.900000095367432,6.949999809265137,6.699999809265137,6.75,23054,0.0,0.0,2023-11-06,6.8225000381469725,0.2435888874558895,7.066088925602862,6.578911150691083,7.309677813058752,6.335322263235193,87.32388362771003,-81.34247838282194,-183255,22072.978126228878,40622.393724017384,7.207068471269567,27.638722974125983,6.799999872843425,6.899999936421713,6.649999936421713,7.049999872843425,6.549999872843425,7.149999936421713,6.399999936421713,-0.3681446371543431,-45.45454939534876,-0.14606265362897197,-0.1445155068733897,-0.0015471467555822627,45.636736914869125,30.80547259294474,6.5699999809265135,6.8225000381469725,7.129000034332275,,ORIENTALTL.NS,2025-08-18 11:26:29.643261
440,2023-11-03 00:00:00+05:30,6.699999809265137,6.900000095367432,6.550000190734863,6.75,62744,0.0,0.0,2023-11-03,6.842500042915344,0.25354075805234044,7.0960408009676845,6.588959284863004,7.3495815590200255,6.335418526810663,31.007778758460226,-105.08521882693046,-160201,60074.04092791293,45259.74762346451,7.210188455392189,24.61089263675089,6.733333428700765,6.916666666666666,6.566666762034098,7.083333333333333,6.383333524068196,7.266666571299234,6.216666857401529,-0.3603492540025696,-50.0,-0.16322083226318895,-0.14412872018449413,-0.019092112078694823,45.63673691486912,30.90344094846072,6.55,6.842500042915344,7.146000032424927,,ORIENTALTL.NS,2025-08-18 11:26:29.643261
441,2023-11-02 00:00:00+05:30,6.650000095367432,6.650000095367432,6.5,6.5,20785,0.0,0.0,2023-11-02,6.8625000476837155,0.26151133862761644,7.124011386311332,6.600988709056099,7.385522724938948,6.339477370428483,-54.5454507622837,-165.12456805117134,-222945,19163.47465884501,41556.1742973524,7.218899634163777,14.226226730982319,6.550000031789144,6.600000063578287,6.4499999682108555,6.700000127156575,6.399999936421712,6.750000158945719,6.299999872843424,-0.41961302008019524,-70.83333664470301,-0.1827154574499783,-0.13935569216482044,-0.043359765285157864,33.25157896424422,30.681911503909326,6.519999980926514,6.8625000476837155,7.158000030517578,,ORIENTALTL.NS,2025-08-18 11:26:29.643261
442,2023-11-01 00:00:00+05:30,6.449999809265137,6.650000095367432,6.400000095367432,6.400000095367432,35540,0.0,0.0,2023-11-01,6.895000052452088,0.2543826801280955,7.149382732580183,6.640617372323992,7.403765412708278,6.386234692195897,-84.38152527096757,-201.25785762904061,-243730,32263.262019238256,47154.34920697925,7.223436116459406,15.94771407333026,6.483333428700765,6.566666762034098,6.316666762034098,6.733333428700765,6.233333428700765,6.816666762034098,6.066666762034098,-0.40733690275862555,-79.16666335529699,-0.18028485700806574,-0.12851575084353095,-0.051769106164534784,27.08121527321937,28.593186664994413,6.519999980926514,6.895000052452088,7.174000034332275,,ORIENTALTL.NS,2025-08-18 11:26:29.643261
443,2023-10-31 00:00:00+05:30,6.900000095367432,6.900000095367432,6.150000095367432,6.449999809265137,126334,0.0,0.0,2023-10-31,6.932500052452087,0.23185470443531064,7.1643547568873975,6.700645348016777,7.396209461322709,6.468790643581466,-94.73683958930467,-218.0736248768989,-208190,115582.16366782323,50877.12100391449,7.232417839969955,22.138079700419198,6.5,6.849999904632568,6.099999904632568,7.25,5.75,7.599999904632568,5.349999904632568,-0.36988648152289116,-75.00001986821809,-0.1645928876980447,-0.11557347430239726,-0.04901941339564744,28.295651707838374,26.34379068462451,6.5699999809265135,6.932500052452087,7.187000036239624,,ORIENTALTL.NS,2025-08-18 11:26:29.643261
444,2023-10-30 00:00:00+05:30,6.650000095367432,6.699999809265137,6.599999904632568,6.650000095367432,31294,0.0,0.0,2023-10-30,6.97250006198883,0.21242648166831332,7.184926543657143,6.760073580320517,7.397353025325457,6.547647098652203,-72.71764634264483,-188.98782861836415,-81856,29518.453525422734,34700.86033793731,7.263978469960013,28.14670017154448,6.649999936421712,6.6999999682108555,6.600000063578287,6.74999984105428,6.550000031789144,6.799999872843424,6.500000158945719,-0.396698986531042,-58.33332671059397,-0.14693279445471497,-0.10331862095348539,-0.04361417350122958,33.95061190959089,23.92136424422615,6.65,6.97250006198883,,,ORIENTALTL.NS,2025-08-18 11:26:29.643261
445,2023-10-27 00:00:00+05:30,6.800000190734863,6.800000190734863,6.5,6.599999904632568,23417,0.0,0.0,2023-10-27,7.002500057220459,0.20677666378219844,7.209276721002658,6.79572339343826,7.416053384784856,6.588946729656062,-100.45661615775109,-211.56777000204002,-113150,21922.296962472992,35996.462041065955,7.2701751913059836,19.063018163690657,6.6333333651224775,6.766666730244955,6.466666539510092,6.933333555857341,6.333333174387614,7.066666920979818,6.1666663487752285,-0.41110353547404305,-62.500009934109045,-0.14179326697212158,-0.09241507757817799,-0.04937818939394359,30.737209137734368,22.44685957128044,6.719999980926514,7.002500057220459,,,ORIENTALTL.NS,2025-08-18 11:26:29.643261
446,2023-10-26 00:00:00+05:30,6.699999809265137,6.75,6.150000095367432,6.5,48508,0.0,0.0,2023-10-26,7.040000057220459,0.1977505015139283,7.237750558734387,6.84224955570653,7.435501060248315,6.644499054192602,-204.25813833423635,-294.5513260346972,-136567,44723.6867332814,39515.00331071419,7.275275070024152,13.687579327964642,6.4666666984558105,6.7833333015441895,6.183333396911621,7.066666603088379,5.866666793823242,7.383333206176758,5.583333492279053,-0.4116243631615936,-70.83333664470301,-0.12814047032018472,-0.08007053022969207,-0.04806994009049265,23.857522075396872,20.858931461954292,6.810000038146972,7.040000057220459,,,ORIENTALTL.NS,2025-08-18 11:26:29.643261
447,2023-10-25 00:00:00+05:30,6.800000190734863,6.949999809265137,6.550000190734863,6.650000095367432,36590,0.0,0.0,2023-10-25,7.082500052452088,0.16405628171531725,7.246556334167405,6.91844377073677,7.410612615882722,6.754387489021453,-230.58540943193026,-222.6494344857514,-88059,34513.97119240806,38212.83245507239,7.287691876688329,15.215916861410946,6.7166666984558105,6.883333206176758,6.483333587646484,7.116666316986084,6.316667079925537,7.283332824707031,6.083333969116211,-0.4458256318082641,-87.50000745058327,-0.09887075566078352,-0.0680530452070689,-0.03081771045371462,27.68814223440812,18.767294163377798,6.920000076293945,7.082500052452088,,,ORIENTALTL.NS,2025-08-18 11:26:29.643261
448,2023-10-23 00:00:00+05:30,7.150000095367432,7.150000095367432,6.75,6.849999904632568,29159,0.0,0.0,2023-10-23,7.115000057220459,0.13582107016426703,7.250821127384726,6.9791789870561916,7.386642197548992,6.843357916891925,-187.50000372528967,-153.57583846859956,-51469,28331.793165293682,39137.54777073847,7.295490045377645,22.951223455208776,6.916666666666667,7.083333333333334,6.683333237965902,7.316666762034099,6.516666571299235,7.483333428700766,6.283333142598471,-0.49644937144106266,-83.33334657881205,-0.07467134619878468,-0.060348617593640234,-0.014322728605144448,34.557973614596236,17.900733385347234,7.000000095367431,7.115000057220459,,,ORIENTALTL.NS,2025-08-18 11:26:29.643261
449,2023-10-20 00:00:00+05:30,7.150000095367432,7.25,6.800000190734863,7.0,79540,0.0,0.0,2023-10-20,7.130000066757202,0.12074327157616702,7.250743338333369,7.009256795181035,7.371486609909536,6.8885135236048685,-88.23531474209965,-118.96565760114211,-22310,78975.88438816252,41838.98642209967,7.299874172873277,22.11116740733617,7.016666730244954,7.233333269755045,6.783333460489908,7.466666539510091,6.566666920979817,7.683333079020182,6.3333336512247715,-0.5083472240795013,-63.636379399583674,-0.062254335812204076,-0.05676793544235412,-0.005486400369849959,41.776748040407206,18.000521133289677,7.040000152587891,7.130000066757202,,,ORIENTALTL.NS,2025-08-18 11:26:29.643261
450,2023-10-19 00:00:00+05:30,7.050000190734863,7.150000095367432,7.0,7.050000190734863,30156,0.0,0.0,2023-10-19,7.1425000667572025,0.11951101724346835,7.262011084000671,7.022989049513734,7.381522101244139,6.903478032270266,-34.482708725697236,-104.0997934385503,57230,30156.000000000015,32554.761930583947,7.308146256872601,26.713383204380122,7.066666762034099,7.133333524068197,6.983333428700766,7.21666685740153,6.916666666666667,7.283333619435629,6.833333333333334,-0.5488441464744505,-59.999942779541016,-0.060186288939630295,-0.05539633534989162,-0.004789953589738674,44.664584267943425,18.407147645669028,7.0600001335144045,7.1425000667572025,,,ORIENTALTL.NS,2025-08-18 11:26:29.643261
451,2023-10-18 00:00:00+05:30,7.050000190734863,7.150000095367432,7.0,7.050000190734863,21298,0.0,0.0,2023-10-18,7.155000066757202,0.12236697258175026,7.2773670393389525,7.032633094175451,7.399734011920702,6.910266121593701,-46.413451173711984,-111.11107417094803,87386,21298.00000000001,33154.45241322993,7.310874577851871,23.864485724676143,7.066666762034099,7.133333524068197,6.983333428700766,7.21666685740153,6.916666666666667,7.283333619435629,6.833333333333334,-0.5501514352723322,-59.999942779541016,-0.061550910001819226,-0.05419884695245695,-0.007352063049362277,44.664584267943425,19.39447693930018,7.070000076293946,7.155000066757202,,,ORIENTALTL.NS,2025-08-18 11:26:29.643261
452,2023-10-17 00:00:00+05:30,7.25,7.25,7.050000190734863,7.050000190734863,42597,0.0,0.0,2023-10-17,7.162500047683716,0.12016980358527457,7.282669851268991,7.042330244098442,7.402839654854265,6.922160440513167,2.12325187272913,-92.6399032729775,108684,42597.00000000002,36118.565516537405,7.312836493762524,25.29216685736509,7.116666793823242,7.183333396911621,6.983333587646484,7.316666603088379,6.9166669845581055,7.383333206176758,6.783333778381348,-0.5548108140943429,-66.66661368475178,-0.062365448937473644,-0.05236083119011638,-0.010004617747357267,44.664584267943425,20.45775464013373,7.070000076293946,7.162500047683716,,,ORIENTALTL.NS,2025-08-18 11:26:29.643261
453,2023-10-16 00:00:00+05:30,7.199999809265137,7.349999904632568,7.0,7.050000190734863,44952,0.0,0.0,2023-10-16,7.17000002861023,0.11742856108422856,7.287428589694458,7.052571467526001,7.404857150778687,6.935142906441772,16.064243184675053,-90.21383227361896,151281,44952.00000000002,34498.95689567174,7.316850301126979,26.503484734070554,7.1333333651224775,7.266666730244955,6.916666825612387,7.483333269755046,6.783333460489909,7.616666634877523,6.566666920979818,-0.48533817475365226,-69.23072972947197,-0.06246337456058537,-0.04985967675327706,-0.012603697807308314,44.664584267943425,21.218736684213145,7.060000038146972,7.17000002861023,,,ORIENTALTL.NS,2025-08-18 11:26:29.643261
454,2023-10-13 00:00:00+05:30,7.150000095367432,7.25,7.050000190734863,7.099999904632568,26302,0.0,0.0,2023-10-13,7.177500009536743,0.11410403924747628,7.29160404878422,7.063395970289267,7.4057080880316954,6.949291931041791,1.7825211945645876,,196233,26488.53793466074,31885.696119589666,7.321221136066541,52.06167930696239,7.1333333651224775,7.216666539510092,7.016666730244955,7.333333174387614,6.933333555857341,7.4166663487752285,6.816666920979818,-0.43896322143486616,-75.0,-0.0616423342665291,-0.04670875230144997,-0.014933581965079129,47.084364408853375,22.038255808606362,7.030000019073486,7.177500009536743,,,ORIENTALTL.NS,2025-08-18 11:26:29.643261
455,2023-10-12 00:00:00+05:30,7.050000190734863,7.349999904632568,7.0,7.099999904632568,29100,0.0,0.0,2023-10-12,7.185000014305115,0.1136707814620582,7.2986707957671735,7.071329232843056,7.412341577229231,6.957658451380999,4.73925009574775,,222535,29306.38179220696,33234.98566582189,7.323361786900433,52.811407371500096,7.149999936421712,7.299999872843424,6.9499999682108555,7.49999984105428,6.800000031789144,7.649999777475992,6.600000063578287,-0.4687371514843653,-75.0,-0.06458139337593494,-0.042975356810180186,-0.02160603656575475,47.084364408853375,23.531751772129535,7.040000057220459,7.185000014305115,,,ORIENTALTL.NS,2025-08-18 11:26:29.643261
456,2023-10-11 00:00:00+05:30,6.900000095367432,7.25,6.900000095367432,7.050000190734863,31047,0.0,0.0,2023-10-11,7.190000009536743,0.1119209920491087,7.3019210015858524,7.078079017487634,7.413841993634961,6.966158025438526,-79.999955240882,,193435,31047.000000000007,34217.13663422562,7.32577895518249,48.53163484454943,7.066666762034099,7.233333428700766,6.883333524068197,7.416666666666667,6.71666685740153,7.583333333333334,6.533333619435629,-0.5074151010102413,-79.99997138977051,-0.06736577369970487,-0.0375738476687415,-0.029791926030963367,44.491356385006156,25.140132040539108,7.050000095367432,7.190000009536743,,,ORIENTALTL.NS,2025-08-18 11:26:29.643261
457,2023-10-10 00:00:00+05:30,7.0,7.099999904632568,6.900000095367432,7.0,8359,0.0,0.0,2023-10-10,7.222499990463257,0.15515268066239976,7.377652671125657,7.067347309800858,7.532805351788057,6.912194629138457,-141.48689610801594,,162388,8299.71608751132,35009.670792782024,7.32900023724624,48.080704077730694,7.0,7.099999904632568,6.900000095367432,7.199999809265137,6.800000190734863,7.299999713897705,6.700000286102295,-0.5448149266252318,-84.99999046325684,-0.06498571647733975,-0.030125866161000662,-0.03485985031633909,41.845166679118584,26.65462638098184,7.070000076293946,7.222499990463257,,,ORIENTALTL.NS,2025-08-18 11:26:29.643261
458,2023-10-09 00:00:00+05:30,7.050000190734863,7.300000190734863,6.849999904632568,6.900000095367432,64901,0.0,0.0,2023-10-09,7.254999995231628,0.17312906955215304,7.428129064783781,7.081870925679476,7.601258134335935,6.908741856127322,-152.54242438692026,,154029,63520.126818998455,41687.15946909969,7.330038164173578,51.47186912040577,7.016666730244954,7.18333355585734,6.733333269755045,7.466667016347249,6.566666444142659,7.633333841959635,6.28333298365275,-0.5581590464843077,-94.99998092651367,-0.05602962872667572,-0.021410903581915885,-0.03461872514475983,36.19643967541558,27.22642316523786,7.100000095367432,7.254999995231628,,,ORIENTALTL.NS,2025-08-18 11:26:29.643261
459,2023-10-06 00:00:00+05:30,7.25,7.25,7.099999904632568,7.150000095367432,30855,0.0,0.0,2023-10-06,7.292499995231628,0.17341385999965137,7.465913855231279,7.119086135231977,7.639327715230931,6.945672275232325,-75.88082867273118,,218930,31292.65914524271,36228.917631625,7.340836200596707,52.017977263225426,7.166666666666667,7.233333428700766,7.083333333333334,7.316666762034099,7.016666571299235,7.383333524068197,6.933333237965902,-0.48868631878020585,-82.35292797682459,-0.033865713215015525,-0.012756222295725924,-0.0211094909192896,46.73440653299855,27.842204317513577,7.170000076293945,7.292499995231628,,,ORIENTALTL.NS,2025-08-18 11:26:29.643261
460,2023-10-05 00:00:00+05:30,7.25,7.25,7.150000095367432,7.150000095367432,23279,0.0,0.0,2023-10-05,7.3125,0.17908761386653815,7.491587613866538,7.133412386133462,7.670675227733076,6.954324772266924,-77.3809346414684,,249785,23609.198257725006,37462.98225322057,7.3431418228699465,48.51923083122155,7.183333396911621,7.2166666984558105,7.116666793823242,7.2833333015441895,7.083333492279053,7.316666603088379,7.016666889190674,-0.4137997275612296,-82.35292797682459,-0.029597280276374427,-0.007478849565903525,-0.022118430710470902,46.73440653299854,29.94069547057684,7.190000057220459,7.3125,,,ORIENTALTL.NS,2025-08-18 11:26:29.643261
461,2023-10-04 00:00:00+05:30,7.300000190734863,7.300000190734863,7.099999904632568,7.150000095367432,29072,0.0,0.0,2023-10-04,7.320000004768372,0.17501881405081993,7.495018818819192,7.1449811907175516,7.670037632870011,6.969962376666732,-90.90906332346529,,273064,29484.368389904266,40926.42825209446,7.34491854425959,44.75955670706364,7.183333396911621,7.266666889190674,7.066666603088379,7.383333683013916,6.983333110809326,7.466667175292969,6.866666316986084,-0.39543651796083107,-82.35292797682459,-0.02368394900983617,-0.0019492418882857995,-0.02173470712155037,46.73440653299854,31.944195356200392,7.230000019073486,7.320000004768372,,,ORIENTALTL.NS,2025-08-18 11:26:29.643261
462,2023-10-03 00:00:00+05:30,7.199999809265137,7.300000190734863,7.050000190734863,7.150000095367432,42839,0.0,0.0,2023-10-03,7.3275000095367435,0.1705062341965505,7.498006243733294,7.156993775340193,7.668512477929845,6.986487541143642,-116.98703400246396,,302136,43446.64479413555,43786.94321764201,7.347183840054933,33.471767028934096,7.166666825612386,7.283333460489908,7.033333460489908,7.416666825612386,6.916666825612386,7.533333460489908,6.783333460489908,-0.4047173081214292,-82.35292797682459,-0.015754245357832097,0.003484434892101793,-0.01923868024993389,46.73440653299854,34.10181061764114,7.269999980926514,7.3275000095367435,,,ORIENTALTL.NS,2025-08-18 11:26:29.643261
463,2023-09-29 00:00:00+05:30,7.300000190734863,7.300000190734863,7.199999809265137,7.25,8597,0.0,0.0,2023-09-29,7.335000014305114,0.16551358048453482,7.500513594789649,7.1694864338205795,7.666027175274184,7.003972853336045,-41.66664282481367,,344975,8840.886285636137,43872.017823518625,7.3506194931765,29.674150648999785,7.25,7.300000190734863,7.199999809265137,7.350000381469727,7.149999618530273,7.40000057220459,7.09999942779541,-0.41821563228851094,-75.0,-0.005363121055527387,0.008294104954585265,-0.013657226010112652,51.16414350634105,36.425396283808105,7.3,7.335000014305114,,,ORIENTALTL.NS,2025-08-18 11:26:29.643261
464,2023-09-28 00:00:00+05:30,7.349999904632568,7.349999904632568,7.199999809265137,7.25,39131,0.0,0.0,2023-09-28,7.342500019073486,0.16485642363282876,7.507356442706315,7.177643595440657,7.672212866339144,7.012787171807829,-20.83339064547205,,353572,40241.098202073714,52629.80070798924,7.350972553684303,45.332361885760925,7.266666571299235,7.333333333333334,7.183333237965902,7.416666666666667,7.116666475931804,7.483333428700766,7.033333142598471,-0.39480124600863165,-80.0,-0.0018265491693369995,0.011708411457113429,-0.013534960626450428,51.16414350634105,37.963496530477194,7.280000019073486,7.342500019073486,,,ORIENTALTL.NS,2025-08-18 11:26:29.643261
465,2023-09-27 00:00:00+05:30,7.400000095367432,7.449999809265137,7.300000190734863,7.349999904632568,18829,0.0,0.0,2023-09-27,7.347500014305115,0.1634134510271746,7.5109134653322895,7.18408656327794,7.674326916359464,7.0206731122507655,69.84125109937501,,392703,19630.23325675983,55726.97633446811,7.352611393940112,52.07169457468646,7.3666666348775225,7.433333079020182,7.283333460489908,7.516666253407796,7.216667016347249,7.583332697550455,7.133333841959635,-0.3858269883930165,-72.00000762939453,0.002729009520852088,0.015092151613726035,-0.012363142092873947,55.71786319625625,39.619912180736215,7.280000019073486,7.347500014305115,,,ORIENTALTL.NS,2025-08-18 11:26:29.643261
466,2023-09-26 00:00:00+05:30,7.5,7.5,7.25,7.349999904632568,25543,0.0,0.0,2023-09-26,7.350000023841858,0.1638356319546851,7.513835655796543,7.186164391887173,7.677671287751228,7.0223287599324875,69.84125109937332,,411532,26629.93510422308,64751.16210389518,7.352631949670294,56.053325470811075,7.3666666348775225,7.483333269755045,7.233333269755045,7.6166666348775225,7.1166666348775225,7.733333269755045,6.983333269755045,-0.3846690897465114,-72.00000762939453,-0.0013283189687172126,0.01818293713694452,-0.019511256105661734,55.71786319625625,40.73631633871675,7.270000076293945,7.350000023841858,,,ORIENTALTL.NS,2025-08-18 11:26:29.643261
467,2023-09-25 00:00:00+05:30,7.25,7.849999904632568,7.199999809265137,7.300000190734863,171810,0.0,0.0,2023-09-25,7.35750002861023,0.16723371025678352,7.524733738867013,7.190266318353446,7.691967449123797,7.0230326080966625,64.42576881156458,,385989,177902.55302665787,74281.4688538132,7.352660357950783,55.10902581343879,7.449999968210856,7.700000127156576,7.0500000317891445,8.100000063578289,6.799999872843425,8.350000222524008,6.399999936421713,-0.38981493997819283,-75.99998474121094,-0.006502802883866288,0.02306075116335995,-0.02956355404722624,53.95092172313979,41.93859773961886,7.240000057220459,7.35750002861023,,,ORIENTALTL.NS,2025-08-18 11:26:29.643261
468,2023-09-22 00:00:00+05:30,7.300000190734863,7.300000190734863,7.150000095367432,7.150000095367432,18801,0.0,0.0,2023-09-22,7.37000002861023,0.1719853488467861,7.541985377457016,7.1980146797634434,7.713970726303802,7.026029330916658,-67.19361505147802,,214179,19067.68058952222,48376.19781060203,7.356782686915099,46.866726579348864,7.200000127156575,7.250000158945719,7.100000063578287,7.350000222524007,7.050000031789144,7.4000002543131504,6.9499999682108555,-0.3509887053010632,-87.99999237060547,-0.008104968756763142,0.03045163967516651,-0.03855660843192965,48.19221157202026,43.233362325205746,7.219999980926514,7.37000002861023,,,ORIENTALTL.NS,2025-08-18 11:26:29.643261
469,2023-09-21 00:00:00+05:30,7.349999904632568,7.349999904632568,7.199999809265137,7.25,13669,0.0,0.0,2023-09-21,7.3875000238418576,0.16612855982696187,7.55362858366882,7.221371464014895,7.719757143495781,7.055242904187934,-50.11656750816033,,232980,14056.77266934516,55703.32711587199,7.358569352275228,45.55304680447715,7.266666571299235,7.333333333333334,7.183333237965902,7.416666666666667,7.116666475931804,7.483333428700766,7.033333142598471,-0.3538899416270619,-80.0,0.004739312643013527,0.040090791783148914,-0.03535147914013539,52.23609914948939,45.676280159128666,7.229999923706055,7.3875000238418576,,,ORIENTALTL.NS,2025-08-18 11:26:29.643261
470,2023-09-20 00:00:00+05:30,7.400000095367432,7.400000095367432,7.25,7.300000190734863,25808,0.0,0.0,2023-09-20,7.405000019073486,0.1692864615985893,7.574286480672075,7.235713557474897,7.7435729422706645,7.066427095876308,-40.93562652847917,,246649,26723.177280204793,66114.96572750369,7.3592556760544765,50.653344578418064,7.316666762034099,7.383333524068197,7.233333428700766,7.46666685740153,7.166666666666667,7.533333619435629,7.083333333333334,-0.2969167039633029,-75.99998474121094,0.011263601817654845,0.048928661568182756,-0.03766505975052791,54.35366219102609,48.599970047087865,7.229999923706055,7.405000019073486,,,ORIENTALTL.NS,2025-08-18 11:26:29.643261
471,2023-09-18 00:00:00+05:30,7.199999809265137,7.349999904632568,7.150000095367432,7.199999809265137,25129,0.0,0.0,2023-09-18,7.407500004768371,0.1680186809160663,7.575518685684438,7.239481323852305,7.743537366600504,7.071462642936239,-70.17543712884817,,220841,25663.658200293514,75962.9128393284,7.3599714611564355,44.72145626448312,7.233333269755046,7.31666644414266,7.116666634877523,7.433333079020183,7.033333460489909,7.516666253407797,6.916666825612387,-0.2738105387797174,-84.00001525878906,0.014521747176185151,0.05834492650581473,-0.04382317932962958,50.637375913618996,52.04399201256047,7.209999847412109,7.407500004768371,,,ORIENTALTL.NS,2025-08-18 11:26:29.643261
472,2023-09-15 00:00:00+05:30,7.400000095367432,7.400000095367432,7.0,7.199999809265137,57981,0.0,0.0,2023-09-15,7.412500023841858,0.16292961681390247,7.57542964065576,7.249570407027956,7.7383592574696625,7.086640790214053,-90.40589843195443,,245970,59214.63512719242,88537.72649908713,7.3618754147447785,41.52323559264044,7.199999968210856,7.399999936421713,6.999999841054281,7.600000063578288,6.799999872843425,7.8000000317891445,6.5999997456868496,-0.21391451339953627,-84.00001525878906,0.02832165649698659,0.06930072133822213,-0.040979064841235535,50.637375913618996,55.432058039634086,7.30999984741211,7.412500023841858,,,ORIENTALTL.NS,2025-08-18 11:26:29.643261
473,2023-09-14 00:00:00+05:30,7.25,7.449999809265137,7.0,7.199999809265137,66359,0.0,0.0,2023-09-14,7.405000042915344,0.17614287475271495,7.58114291766806,7.228857168162629,7.757285792420774,7.052714293409915,-96.17922261822946,,303951,67770.88998819202,95868.4993420608,7.366446279949422,40.889366285880776,7.216666539510091,7.433333079020182,6.983333269755045,7.666666348775228,6.766666730244954,7.883332888285318,6.533333460489908,-0.34532634632084863,-84.00001525878906,0.04556060621078384,0.07954548754853101,-0.03398488133774717,50.637375913618996,59.08074453032875,7.399999904632568,7.405000042915344,,,ORIENTALTL.NS,2025-08-18 11:26:29.643261
474,2023-09-13 00:00:00+05:30,7.449999809265137,7.449999809265137,7.25,7.25,43996,0.0,0.0,2023-09-13,,,,,,,-69.98560364473711,,370310,45244.11225111637,102892.90168052797,7.372004972094203,41.01348064682623,7.316666603088379,7.383333206176758,7.183333396911621,7.516666412353516,7.116666793823242,7.5833330154418945,6.983333587646484,,-86.95651452798309,0.066941373553286,0.08804170788296779,-0.021100334329681794,52.34338354093917,63.01009921261531,7.4899999618530275,,,,ORIENTALTL.NS,2025-08-18 11:26:29.643261
475,2023-09-12 00:00:00+05:30,7.800000190734863,7.800000190734863,7.099999904632568,7.199999809265137,133828,0.0,0.0,2023-09-12,,,,,,,-53.064289100817504,,326314,136675.3969369605,117305.09903788086,7.374767540275241,46.5477185411019,7.3666666348775225,7.633333365122477,6.933333079020182,8.066666920979817,6.666666348775228,8.333333651224772,6.233332792917887,,-91.30435684002114,0.08837671032770356,0.09331679146538822,-0.004940081137684668,50.80433642245148,67.11593869017935,7.55,,,,ORIENTALTL.NS,2025-08-18 11:26:29.643261
476,2023-09-11 00:00:00+05:30,8.0,8.0,7.650000095367432,7.699999809265137,120527,0.0,0.0,2023-09-11,,,,,,,135.65891799527992,,460142,131639.41161745728,112462.52456311096,7.387695294792236,55.82773074750934,7.7833333015441895,7.916666507720947,7.566666603088379,8.133333206176758,7.433333396911621,8.266666412353516,7.2166666984558105,,-52.380961031057986,0.11940565709872075,0.09455181174980938,0.02485384534891137,72.56493506493506,71.53761197370984,7.570000076293946,,,,ORIENTALTL.NS,2025-08-18 11:26:29.643261
477,2023-09-08 00:00:00+05:30,7.75,8.25,7.5,7.650000095367432,197630,0.0,0.0,2023-09-08,,,,,,,191.71486994683292,,339615,214449.57133963914,107668.30279952436,7.365404857295752,65.45617231389318,7.800000031789144,8.100000063578287,7.350000063578287,8.550000031789143,7.050000031789144,8.850000063578287,6.600000063578287,,-54.54545060465124,0.10808051081163317,0.08833835041258153,0.019742160399051634,71.42857142857142,71.48157850565693,7.490000152587891,,,,ORIENTALTL.NS,2025-08-18 11:26:29.643261
478,2023-09-07 00:00:00+05:30,7.550000190734863,7.949999809265137,7.199999809265137,7.650000095367432,89631,0.0,0.0,2023-09-07,,,,,,,118.3205333490582,,537245,97259.16879392398,80972.98566449566,7.327683085870826,52.06031676968078,7.599999904632568,8.0,7.25,8.349999904632568,6.849999904632568,8.75,6.5,,-31.578923592602298,0.0968675224520057,0.08340281031281863,0.013464712139187068,71.42857142857142,71.42123477083071,7.420000171661377,,,,ORIENTALTL.NS,2025-08-18 11:26:29.643261
479,2023-09-06 00:00:00+05:30,7.599999904632568,7.599999904632568,7.349999904632568,7.550000190734863,89857,0.0,0.0,2023-09-06,,,,,,,44.270811990526184,,447614,96229.83670701816,76901.43988213858,7.307068363314914,47.1815198817295,7.5,7.650000095367432,7.400000095367432,7.75,7.25,7.900000095367432,7.150000095367432,,-45.45452969133908,0.08104380974230097,0.08003663227802185,0.0010071774642791131,,72.14004121597378,7.370000171661377,,,,ORIENTALTL.NS,2025-08-18 11:26:29.643261
480,2023-09-05 00:00:00+05:30,7.449999809265137,7.449999809265137,7.199999809265137,7.300000190734863,44716,0.0,0.0,2023-09-05,,,,,,,-97.9644298470015,,357757,46301.6737159655,72069.34067591868,7.290424589261124,,7.316666603088379,7.433333396911621,7.183333396911621,7.566666603088379,7.066666603088379,7.683333396911621,6.933333396911621,,,0.06940520135441197,0.07978483791195207,-0.010379636557540095,,74.84285128717106,7.330000114440918,,,,ORIENTALTL.NS,2025-08-18 11:26:29.643261
481,2023-09-04 00:00:00+05:30,7.400000095367432,7.5,7.25,7.300000190734863,74245,0.0,0.0,2023-09-04,,,,,,,-74.93536947457828,,402473,76877.80134721036,78511.25741590696,7.290086594753956,,7.350000063578288,7.450000127156576,7.200000127156576,7.600000063578288,7.100000063578288,7.700000127156576,6.950000127156576,,,0.07807387392818388,0.08237974705133709,-0.004305873123153212,,79.48385033143451,7.350000095367432,,,,ORIENTALTL.NS,2025-08-18 11:26:29.643261
482,2023-09-01 00:00:00+05:30,7.400000095367432,7.5,7.25,7.300000190734863,45770,0.0,0.0,2023-09-01,,,,,,,-57.4712311045085,,476718,47393.049601479135,78919.62143308112,7.289469420227965,,7.350000063578288,7.450000127156576,7.200000127156576,7.600000063578288,7.100000063578288,7.700000127156576,6.950000127156576,,,0.08798946420932907,0.0834562153321254,0.004533248877203674,,83.38738379455364,7.390000057220459,,,,ORIENTALTL.NS,2025-08-18 11:26:29.643261
483,2023-08-31 00:00:00+05:30,7.25,7.550000190734863,7.25,7.400000095367432,86399,0.0,0.0,2023-08-31,,,,,,,-22.988457364134693,,522488,90688.31077194726,86801.26439098161,7.28904913264432,,7.400000095367432,7.550000190734863,7.25,7.700000286102295,7.099999904632568,7.850000381469727,6.949999809265137,,,0.09935125079338025,0.08232290311282447,0.017028347680555778,,87.59118906252809,7.440000057220459,,,,ORIENTALTL.NS,2025-08-18 11:26:29.643261
484,2023-08-30 00:00:00+05:30,7.599999904632568,7.599999904632568,7.199999809265137,7.349999904632568,106940,0.0,0.0,2023-08-30,,,,,,,,,436089,111490.63383492995,85829.50279574019,7.2800092604538795,,7.383333206176758,7.566666603088379,7.166666507720947,7.7833333015441895,6.983333110809326,7.9666666984558105,6.766666412353516,,,0.10254398314864233,0.07806581619268552,0.02447816695595681,,92.11836396650057,7.460000038146973,,,,ORIENTALTL.NS,2025-08-18 11:26:29.643261
485,2023-08-29 00:00:00+05:30,7.5,7.599999904632568,7.300000190734863,7.400000095367432,51702,0.0,0.0,2023-08-29,,,,,,,,,543029,54268.76518861581,79414.22003594275,7.272159271635595,,7.433333396911621,7.566666603088379,7.266666889190674,7.733333110809326,7.133333683013916,7.866666316986084,6.966667175292969,,,0.11000221255239406,0.07194627445369631,0.038055938098697756,,96.99378309385555,7.5100000381469725,,,,ORIENTALTL.NS,2025-08-18 11:26:29.643261
486,2023-08-28 00:00:00+05:30,7.75,7.75,7.400000095367432,7.5,72778,0.0,0.0,2023-08-28,,,,,,,,,594731,77423.40216066071,85700.5837477745,7.264829714252136,,7.550000031789144,7.6999999682108555,7.350000063578287,7.899999936421712,7.200000127156575,8.049999872843424,7.000000158945719,,,0.11296004485978806,0.06243228992902186,0.050527754930766194,,100.0,7.5,,,,ORIENTALTL.NS,2025-08-18 11:26:29.643261
487,2023-08-25 00:00:00+05:30,7.650000095367432,7.650000095367432,7.5,7.550000190734863,59831,0.0,0.0,2023-08-25,,,,,,,,,667509,64074.333218531705,87769.87914455294,7.244184064430897,,7.566666762034099,7.633333524068197,7.483333428700766,7.71666685740153,7.416666666666667,7.783333619435629,7.333333333333334,,,0.10518697523862652,0.049800351196330306,0.05538662404229622,,100.0,7.460000038146973,,,,ORIENTALTL.NS,2025-08-18 11:26:29.643261
488,2023-08-24 00:00:00+05:30,7.849999904632568,7.849999904632568,7.400000095367432,7.5,80745,0.0,0.0,2023-08-24,,,,,,,,,607678,85898.9338462523,93693.76562605824,7.220395653247784,,7.583333333333333,7.766666571299234,7.316666762034098,8.033333142598469,7.133333524068196,8.216666380564371,6.866666952768961,,,0.08871708739008888,0.03595369518575625,0.052763392204332626,,100.0,7.360000038146973,,,,ORIENTALTL.NS,2025-08-18 11:26:29.643261
489,2023-08-23 00:00:00+05:30,7.300000190734863,7.650000095367432,7.300000190734863,7.599999904632568,83319,0.0,0.0,2023-08-23,,,,,,,,,688423,89819.06027268863,95642.47357100972,7.187600913707548,,7.516666730244954,7.733333269755045,7.383333365122477,7.8666666348775225,7.166666825612386,8.083333174387613,7.033333460489908,,,0.0712107029838025,0.022762847134673088,0.04844785584912941,,100.0,,,,,ORIENTALTL.NS,2025-08-18 11:26:29.643261
490,2023-08-22 00:00:00+05:30,7.25,7.5,7.150000095367432,7.349999904632568,82667,0.0,0.0,2023-08-22,,,,,,,,,605104,86184.74123089727,97098.32689558998,7.130816176662541,,7.333333333333333,7.516666571299234,7.166666666666666,7.683333237965901,6.983333428700765,7.866666475931803,6.816666762034098,,,0.037869800477338345,0.010650883172390735,0.02721891730494761,,100.0,,,,,ORIENTALTL.NS,2025-08-18 11:26:29.643261
491,2023-08-21 00:00:00+05:30,7.25,7.349999904632568,7.0,7.300000190734863,96408,0.0,0.0,2023-08-21,,,,,,,,,522437,99826.72331176315,99826.72331176315,7.096133982943302,,7.2166666984558105,7.433333396911621,7.083333492279053,7.566666603088379,6.866666793823242,7.7833333015441895,6.733333587646484,,,0.019230769230769162,0.0038461538461538325,0.01538461538461533,,,,,,,ORIENTALTL.NS,2025-08-18 11:26:29.643261
492,2023-08-18 00:00:00+05:30,7.599999904632568,8.050000190734863,6.949999809265137,7.050000190734863,426029,0.0,0.0,2023-08-18,,,,,,,,,426029,,,7.050000190734863,,7.350000063578288,7.750000317891439,6.649999936421713,8.450000445048016,6.2499996821085615,8.850000699361166,5.549999554951986,,,0.0,0.0,0.0,,,,,,,ORIENTALTL.NS,2025-08-18 11:26:29.643261
