Trading Day,Date,Open,High,Low,Close,Volume,Dividends,Stock Splits,date_only,RollingMean,RollingStd,UpperBand1,LowerBand1,UpperBand2,LowerBand2,CCI_10,CCI_40,OBV,VPT,VPT_signal,VWAP,MFI_14,PP,R1,S1,R2,S2,R3,S3,CMF,%R,macd,macd_signal,macde_histogram,rsi,ADX,sma_5,sma_20,sma_50,sma_100,symbol,created_on
1,2025-09-01 00:00:00+05:30,1170.0999755859375,1188.0,1149.0,1154.0,21294,0.0,0.0,2025-09-01,1254.4099975585937,83.42649368628709,1337.8364912448808,1170.9835038723065,1421.262984931168,1087.5570101860194,-83.95959402325666,-101.03086334892136,3506294,21475.131727558146,41448.8402397821,1225.5908629996904,35.61930516420384,1163.6666666666667,1178.3333333333335,1139.3333333333335,1202.6666666666667,1124.6666666666667,1217.3333333333335,1100.3333333333335,-0.42018154883258674,-85.17187234791476,-37.00752294632957,-22.993672235732433,-14.01385071059714,37.14248864949879,19.26862786845723,1161.139990234375,1254.4099975585937,1265.3358325195313,1171.9299688720703,PUNJABCHEM.NS,2025-09-01 11:28:00.426705
2,2025-08-29 00:00:00+05:30,1144.9000244140625,1218.4000244140625,1135.5999755859375,1165.4000244140625,63504,0.0,0.0,2025-08-29,1269.2099975585938,90.62127627842634,1359.8312738370203,1178.5887212801674,1450.4525501154465,1087.9674450017412,-78.43841815942334,-96.44598770587851,3527588,64676.85332188581,46442.26736783808,1225.6922590422712,35.0514156961883,1173.1333414713542,1210.666707356771,1127.866658528646,1255.9333902994792,1090.3332926432292,1293.466756184896,1045.066609700521,-0.3940123869120414,-81.32528280370215,-35.49730488026307,-19.490209558083144,-16.00709532217993,38.36011063289768,20.40875490009766,1171.07998046875,1269.2099975585938,1265.9148803710937,1169.8682550048827,PUNJABCHEM.NS,2025-09-01 11:28:00.426705
3,2025-08-28 00:00:00+05:30,1156.5999755859375,1177.4000244140625,1125.0999755859375,1134.699951171875,15347,0.0,0.0,2025-08-28,1284.5299987792969,97.76563495188593,1382.2956337311828,1186.764363827411,1480.0612686830686,1088.998728875525,-176.31341749297337,-124.05890171982551,3464084,15218.691279510864,41883.62087932614,1225.9480038906897,22.260451948675026,1145.7333170572917,1166.366658528646,1114.066609700521,1198.0333658854167,1093.4332682291667,1218.666707356771,1061.766560872396,-0.42832594386229694,-95.956202780673,-34.148659838271215,-15.488435727538162,-18.660224110733054,32.855856735205094,21.636584011095042,1181.8999755859375,1284.5299987792969,1264.2504370117188,1167.9379913330079,PUNJABCHEM.NS,2025-09-01 11:28:00.426705
4,2025-08-26 00:00:00+05:30,1184.4000244140625,1195.699951171875,1159.0,1167.0999755859375,16580,0.0,0.0,2025-08-26,1305.145001220703,107.4944698785485,1412.6394710992515,1197.6505313421546,1520.1339409778002,1090.156061463606,-138.08970213530333,-105.50988060006964,3479431,16910.847147676624,48549.85327927996,1226.0416386192421,18.3401306008044,1173.9333089192708,1188.8666178385415,1152.1666666666665,1210.6332600911458,1137.2333577473958,1225.5665690104165,1115.4667154947915,0.06663302700486916,-96.79969325671182,-28.881089505531463,-10.823379699854899,-18.057709805676566,36.00681989702433,21.92215483716419,1198.839990234375,1305.145001220703,1263.068291015625,1166.5636712646485,PUNJABCHEM.NS,2025-09-01 11:28:00.426705
5,2025-08-25 00:00:00+05:30,1215.699951171875,1215.699951171875,1177.9000244140625,1184.5,12297,0.0,0.0,2025-08-25,1314.4300048828125,102.86335049722605,1417.2933553800385,1211.5666543855864,1520.1567058772646,1108.7033038883603,-105.00418073435756,-92.58866954543043,3496011,12729.373102483585,56459.60481218079,1226.107053792259,15.118223315102355,1192.6999918619792,1207.499959309896,1169.7000325520835,1230.4999186197917,1154.9000651041667,1245.2998860677085,1131.900105794271,0.06917749586924912,-97.6310207594036,-24.890322476279607,-6.308952248435757,-18.58137022784385,37.81531705401765,22.923941165960407,1205.4,1314.4300048828125,1261.37783203125,1164.9656268310546,PUNJABCHEM.NS,2025-09-01 11:28:00.426705
6,2025-08-22 00:00:00+05:30,1220.0,1220.0,1195.9000244140625,1203.699951171875,10362,0.0,0.0,2025-08-22,1321.1000061035156,98.21484644331754,1419.3148525468332,1222.885159660198,1517.5296989901508,1124.6703132168805,-86.60709933533711,-82.19040411197257,3508308,10900.20356882862,67392.16273960509,1226.1413302039336,11.945725913848847,1206.5333251953125,1217.1666259765625,1193.066650390625,1230.63330078125,1182.433349609375,1241.2666015625,1168.9666748046875,0.07300629702854619,-93.71896802520764,-21.117444025421264,-1.6636096914747944,-19.45383433394647,39.86701827167834,24.425802827470466,1212.7800048828126,1321.1000061035156,1259.4351586914063,1162.369426879883,PUNJABCHEM.NS,2025-09-01 11:28:00.426705
7,2025-08-21 00:00:00+05:30,1225.800048828125,1265.300048828125,1211.0999755859375,1219.5,53993,0.0,0.0,2025-08-21,1325.4150085449219,94.61529244819842,1420.0303009931204,1230.7997160967234,1514.6455934413186,1136.1844236485251,-52.22840997146907,-59.18082504980539,3518670,57542.93921546701,81515.1525322992,1226.1569194074043,9.421114486981068,1231.9666748046875,1252.8333740234375,1198.63330078125,1286.166748046875,1177.7666015625,1307.033447265625,1144.4332275390625,0.07473413729108563,-90.42857142857143,-17.857959320788495,3.1998488920118233,-21.057808212800317,41.59134893487887,26.147183373475848,1218.4800048828124,1325.4150085449219,1256.6654760742188,1158.70369140625,PUNJABCHEM.NS,2025-09-01 11:28:00.426705
8,2025-08-20 00:00:00+05:30,1204.9000244140625,1234.5,1188.0,1219.4000244140625,40831,0.0,0.0,2025-08-20,1328.5200073242188,91.9376119887948,1420.4576193130135,1236.582395335424,1512.3952313018085,1144.644783346629,-92.5059510491251,-76.03272689820665,3464677,43511.99478238992,87508.20586150725,1226.18110275435,2.570374818998374,1213.9666748046875,1239.933349609375,1193.433349609375,1260.4666748046875,1167.4666748046875,1286.433349609375,1146.933349609375,0.08198802427025816,-90.45713588169643,-14.970321449887706,8.464300945211903,-23.43462239509961,41.57649804043992,27.63780459893472,1226.460009765625,1328.5200073242188,1253.8012963867188,1154.5162689208985,PUNJABCHEM.NS,2025-09-01 11:28:00.426705
9,2025-08-19 00:00:00+05:30,1225.0999755859375,1247.699951171875,1191.0999755859375,1199.9000244140625,32632,0.0,0.0,2025-08-19,1332.6200073242187,88.58242913229283,1421.2024364565116,1244.0375781919258,1509.7848655888045,1155.455149059633,-109.67742418324548,-74.60830602155833,3423846,34218.54447487428,98507.25863128656,1226.1997832836391,44.54876030717416,1212.8999837239583,1234.699991861979,1178.1000162760415,1269.4999593098958,1156.3000081380208,1291.2999674479165,1121.500040690104,0.07740001494462044,-97.10416158040364,-11.036600800651286,14.322956543986804,-25.35955734463809,38.756931794074866,29.60066012745224,1236.2199951171874,1332.6200073242187,1251.342216796875,1150.5703088378907,PUNJABCHEM.NS,2025-09-01 11:28:00.426705
10,2025-08-18 00:00:00+05:30,1239.9000244140625,1257.199951171875,1186.0,1221.4000244140625,53224,0.0,0.0,2025-08-18,1339.1550048828126,82.9157629199377,1422.0707678027502,1256.239241962875,1504.986530722688,1173.3234790429372,-116.00360248028242,-63.76750129621032,3456478,56811.75594100679,114579.43717038962,1226.2578133500238,72.84577825022373,1221.5333251953125,1257.066650390625,1185.86669921875,1292.7332763671875,1150.3333740234375,1328.2666015625,1114.666748046875,0.08196513296480434,-92.62499491373698,-3.912570563361669,20.662845880146325,-24.575416443507994,40.77144435439159,31.78220459800881,1257.67998046875,1339.1550048828126,1249.1214770507813,1146.940078125,PUNJABCHEM.NS,2025-09-01 11:28:00.426705
11,2025-08-14 00:00:00+05:30,1254.0,1279.9000244140625,1210.0,1232.199951171875,29578,0.0,0.0,2025-08-14,1343.2050048828125,78.7340942116911,1421.9390990945037,1264.4709106711214,1500.6731933061947,1185.7368164594304,-110.8929068593153,-43.811226290201475,3509702,31850.977828064315,129021.35747773532,1226.2753590033888,73.95006975321267,1240.6999918619792,1271.3999837239585,1201.499959309896,1310.6000162760417,1170.7999674479167,1341.300008138021,1131.5999348958335,0.08157938706554142,-95.13158965529057,3.150204067158711,26.806699991023322,-23.65649592386461,41.784507438641974,34.13156018168512,1272.1599853515625,1343.2050048828125,1246.5784936523437,1142.9741180419921,PUNJABCHEM.NS,2025-09-01 11:28:00.426705
12,2025-08-13 00:00:00+05:30,1278.300048828125,1288.4000244140625,1238.0,1259.4000244140625,33823,0.0,0.0,2025-08-13,1348.615008544922,74.29757997367741,1422.9125885185993,1274.3174285712446,1497.2101684922768,1200.019848597567,-103.99224174783943,-21.41282562793624,3539280,37226.19096597845,153313.95239015308,1226.2634432020761,74.43464138673463,1261.933349609375,1285.86669921875,1235.4666748046875,1312.3333740234375,1211.5333251953125,1336.2667236328125,1185.066650390625,0.08302322733495177,-94.99999429577979,11.081336313916609,32.720823971989475,-21.639487658072866,44.36234377656498,36.36738058878663,1292.1,1348.615008544922,1244.1248291015625,1138.9176196289063,PUNJABCHEM.NS,2025-09-01 11:28:00.426705
13,2025-08-12 00:00:00+05:30,1306.699951171875,1314.0,1256.0999755859375,1268.199951171875,29854,0.0,0.0,2025-08-12,1352.2359680175782,71.43014098598995,1423.6661090035682,1280.8058270315883,1495.0962499895581,1209.3756860455983,-101.466217744468,-1.5410229343586503,3573103,33087.430228747406,182335.8927461967,1226.1870568455934,74.7904518378449,1279.4333089192708,1302.766642252604,1244.8666178385415,1337.3333333333333,1221.5332845052083,1360.6666666666665,1186.966593424479,0.0873135075147909,-97.04806663448386,18.388894836082045,38.13069588650769,-19.741801050425643,45.200082059619525,38.17453598842979,1309.5199951171876,1352.2359680175782,1241.2848120117187,1134.4693884277344,PUNJABCHEM.NS,2025-09-01 11:28:00.426705
14,2025-08-11 00:00:00+05:30,1293.800048828125,1320.0,1279.0,1307.199951171875,25581,0.0,0.0,2025-08-11,1353.7905700683593,69.8252376644224,1423.6158077327818,1283.9653324039368,1493.441045397204,1214.1400947395146,-102.59997083436066,20.663365976456706,3602957,29223.506047686773,219648.00837555903,1226.1013992940696,75.10211950786001,1302.066650390625,1325.13330078125,1284.13330078125,1343.066650390625,1261.066650390625,1366.13330078125,1243.13330078125,0.09412483399465477,-91.18171507703303,26.599505083977647,43.06614614911409,-16.466641065136443,49.00867056776527,39.71527809359416,1330.4400146484375,1353.7905700683593,1238.32466796875,1129.8348773193359,PUNJABCHEM.NS,2025-09-01 11:28:00.426705
15,2025-08-08 00:00:00+05:30,1340.9000244140625,1340.9000244140625,1281.0,1293.800048828125,25626,0.0,0.0,2025-08-08,1351.2699279785156,72.4560212780274,1423.7259492565431,1278.8139067004881,1496.1819705345704,1206.3578854224609,-112.78963418232904,26.361960630960507,3577376,28974.82108277594,267254.13395752705,1225.959470495,75.26692679280112,1305.2333577473958,1329.4667154947915,1269.566691080729,1365.1333821614583,1245.3333333333333,1389.366739908854,1209.6666666666665,0.0966057283543904,-94.58702698141677,32.867642369783425,47.182806415398204,-14.315164045614779,47.59999272151373,40.847058600050495,1352.6000244140625,1351.2699279785156,1234.9417260742186,1124.6282739257813,PUNJABCHEM.NS,2025-09-01 11:28:00.426705
16,2025-08-07 00:00:00+05:30,1350.0,1362.5,1296.800048828125,1331.9000244140625,39280,0.0,0.0,2025-08-07,1346.2114624023438,79.83518209337929,1426.046644495723,1266.3762803089646,1505.8818265891025,1186.5410982155852,-85.8576933390161,47.98546182207748,3603002,45721.017189128164,326823.96217621485,1225.8403264532233,75.71607634612715,1330.4000244140625,1364.0,1298.300048828125,1396.0999755859375,1264.7000732421875,1429.699951171875,1232.60009765625,0.10040760239998017,-84.90469519337675,41.71445030183145,50.7615974268019,-9.04714712497045,51.34496591693088,42.02042473495205,1371.560009765625,1346.2114624023438,1232.73275390625,1119.4728546142578,PUNJABCHEM.NS,2025-09-01 11:28:00.426705
17,2025-08-06 00:00:00+05:30,1384.0,1412.0999755859375,1300.0999755859375,1346.5,95391,0.0,0.0,2025-08-06,1339.3427795410157,86.74203875673737,1426.0848182977531,1252.6007407842783,1512.8268570544906,1165.8587020275409,-52.37976201129993,67.35485378803143,3642282,112250.04848049325,397099.6984229865,1225.5540441363005,76.15658937661308,1352.8999837239583,1405.699991861979,1293.699991861979,1464.8999837239583,1240.8999837239583,1517.699991861979,1181.699991861979,0.10084953708113858,-81.19440914866583,48.65673785709896,53.023384208044504,-4.366646350945544,52.823783229002174,42.936838193251575,1395.1800048828125,1339.3427795410157,1228.6043725585937,1113.9933087158204,PUNJABCHEM.NS,2025-09-01 11:28:00.426705
18,2025-08-05 00:00:00+05:30,1429.300048828125,1456.5,1362.0,1372.800048828125,110483,0.0,0.0,2025-08-05,1330.3671813964843,94.86920321623086,1425.236384612715,1235.4979781802535,1520.105587828946,1140.6287749640226,-1.8182326838943774,102.16399862289094,3737673,132548.71512248126,468312.1109086098,1224.7559986762137,77.7467746250006,1397.1000162760417,1432.2000325520835,1337.7000325520835,1491.6000162760417,1302.6000162760417,1526.7000325520835,1243.2000325520835,0.10716042440221855,-74.51078809958705,55.36986996701421,54.11504579578089,1.2548241712333237,55.49745398128147,43.853498053643435,1420.2400146484374,1330.3671813964843,1223.084453125,1108.5897662353516,PUNJABCHEM.NS,2025-09-01 11:28:00.426705
19,2025-08-04 00:00:00+05:30,1403.0,1467.800048828125,1389.300048828125,1418.0,153392,0.0,0.0,2025-08-04,1319.7872375488282,101.45806366265407,1421.2453012114822,1218.3291738861742,1522.7033648741362,1116.8711102235202,29.21001030885146,128.0460574456757,3848156,190086.69457186756,552252.9598551419,1223.6158878939962,79.76693329246858,1425.0333658854167,1460.7666829427085,1382.2666829427085,1503.5333658854167,1346.5333658854167,1539.2666829427085,1303.7666829427085,0.12822334377354155,-63.024142312579414,60.53561960243837,53.80133975297255,6.734279849465821,60.3741716244003,43.43688962311384,1455.0800048828125,1319.7872375488282,1217.4156909179687,1103.4714959716796,PUNJABCHEM.NS,2025-09-01 11:28:00.426705
20,2025-08-01 00:00:00+05:30,1469.0,1536.0,1373.0999755859375,1388.5999755859375,190505,0.0,0.0,2025-08-01,1308.0997131347656,103.0007150812278,1411.1004282159934,1205.0989980535378,1514.1011432972211,1102.09828297231,43.13098723346273,141.30032334660592,3694764,231183.22075272925,642794.5261759605,1221.5150495359053,82.6695182563615,1432.566650390625,1492.0333251953125,1329.13330078125,1595.4666748046875,1269.6666259765625,1654.933349609375,1166.2332763671875,0.14147882900508363,-66.57130254089904,61.78062781416156,52.1177697906061,9.662858023555465,58.153210763319024,42.29364684350694,1442.0400146484376,1308.0997131347656,1210.9886010742186,1097.964584350586,PUNJABCHEM.NS,2025-09-01 11:28:00.426705
21,2025-07-31 00:00:00+05:30,1426.0,1532.0,1411.0,1450.0,520887,0.0,0.0,2025-07-31,1299.0346069335938,103.51989355486404,1402.5545004884577,1195.5147133787298,1506.0743940433217,1091.9948198238658,83.26022376338868,173.75852581710146,3885269,660061.3431945434,745697.3525317684,1219.2418286640923,86.54085954148896,1464.3333333333333,1517.6666666666665,1396.6666666666665,1585.3333333333333,1343.3333333333333,1638.6666666666665,1275.6666666666665,0.1840702630314533,-45.07923398728361,65.33400243185656,49.702055284717225,15.631947147139336,65.24482272431024,41.06246231162259,1427.9000244140625,1299.0346069335938,1205.2353198242188,1092.5890368652344,PUNJABCHEM.NS,2025-09-01 11:28:00.426705
22,2025-07-30 00:00:00+05:30,1537.9000244140625,1666.0,1402.199951171875,1471.800048828125,997427,0.0,0.0,2025-07-30,1287.8423950195313,98.30844662970516,1386.1508416492366,1189.533948389826,1484.4592882789416,1091.225501760121,168.15832562100238,224.9179179746879,4406156,1282929.2625494022,767106.3548660745,1210.3259847725124,98.82737560819707,1513.3333333333333,1624.4667154947915,1360.6666666666665,1777.1333821614583,1249.5332845052083,1888.2667643229165,1096.8666178385415,0.26030621368966594,-39.325782996055764,62.84651749355271,45.794068497932386,17.052448995620324,67.9778379588593,38.7859977370042,1395.9000244140625,1287.8423950195313,1198.2001586914062,1086.1614697265625,PUNJABCHEM.NS,2025-09-01 11:28:00.426705
23,2025-07-29 00:00:00+05:30,1445.0,1582.699951171875,1402.0,1547.0,2267166,0.0,0.0,2025-07-29,1275.450421142578,89.08768937731571,1364.5381105198937,1186.3627317652624,1453.6257998972096,1097.2750423879465,301.8103266418999,244.76795309400177,5403583,3065112.4460075633,638150.6279452426,1189.4352600010177,98.36589224867211,1510.566650390625,1619.13330078125,1438.433349609375,1691.2666015625,1329.86669921875,1799.833251953125,1257.7333984375,0.538046130130347,-8.696203000938056,56.56258852138535,41.5309562490273,15.031632272358053,78.51224392041419,36.33442050279979,1357.860009765625,1275.450421142578,1190.9584814453126,1078.6787756347655,PUNJABCHEM.NS,2025-09-01 11:28:00.426705
24,2025-07-28 00:00:00+05:30,1324.0,1376.800048828125,1324.0,1352.800048828125,75911,0.0,0.0,2025-07-28,1261.3139404296876,62.06309575881335,1323.3770361885008,1199.2508446708744,1385.4401319473143,1137.187748912061,131.85490034361817,132.9522338095638,3136417,89745.17334191599,31410.17342966235,1110.0904269694358,82.38692156754355,1351.2000325520833,1378.4000651041665,1325.6000162760415,1404.0000813802083,1298.3999837239583,1431.2001139322915,1272.7999674479165,0.09731738470068904,-10.5646274573686,40.25419050188975,37.773048180937785,2.4811423209519674,65.80496991260716,34.08616991684264,1308.7400146484374,1261.3139404296876,1182.943173828125,1070.3433074951172,PUNJABCHEM.NS,2025-09-01 11:28:00.426705
25,2025-07-25 00:00:00+05:30,1278.300048828125,1326.9000244140625,1278.300048828125,1317.9000244140625,17015,0.0,0.0,2025-07-25,1257.2416625976562,58.3023719672169,1315.544034564873,1198.9392906304392,1373.84640653209,1140.6369186632223,7.860594704525671,103.53979461879653,3060506,19596.891917307647,16826.423451598937,1108.2736099882884,73.46620894450173,1307.7000325520833,1337.1000162760415,1288.500040690104,1356.3000081380208,1259.1000569661458,1385.699991861979,1239.9000651041665,0.13373730401560036,-21.53137747022391,37.89033988776714,37.15276260069979,0.7375772870673529,62.06093900657628,33.42013612573395,1304.3,1257.2416625976562,1179.1471142578125,1064.2531604003907,PUNJABCHEM.NS,2025-09-01 11:28:00.426705
26,2025-07-24 00:00:00+05:30,1272.5,1295.0,1272.5,1290.0,8048,0.0,0.0,2025-07-24,1253.477606201172,56.584911036194114,1310.0625172373661,1196.8926951649778,1366.6474282735603,1140.3077841287836,-15.233377844218127,89.85345253154028,3043491,9072.990495242491,16133.80633517176,1107.9212985659262,69.82620306535728,1285.8333333333333,1299.1666666666665,1276.6666666666665,1308.3333333333333,1263.3333333333333,1321.6666666666665,1254.1666666666665,0.07386694693936191,-34.087491373713036,37.72692234095348,36.96836827893295,0.7585540620205293,58.70454629116257,33.47461133440961,1301.2,1253.477606201172,1174.5963061523437,1058.2525939941406,PUNJABCHEM.NS,2025-09-01 11:28:00.426705
27,2025-07-23 00:00:00+05:30,1304.0,1352.0,1273.800048828125,1281.5999755859375,7774,0.0,0.0,2025-07-23,1251.1384826660155,55.95916976432438,1307.0976524303398,1195.1793129016912,1363.0568221946644,1139.2201431373667,26.553140284592587,110.57457626024463,3035443,8707.02526544106,17899.010295154076,1107.7764409755432,69.58372258529033,1302.4666748046875,1331.13330078125,1252.933349609375,1380.6666259765625,1224.2667236328125,1409.333251953125,1174.7333984375,0.052390672750720915,-37.86783442179644,39.69380800223644,36.77872976342782,2.9150782388086185,57.65728440295799,34.13417350433574,1311.2800048828126,1251.1384826660155,1170.8329858398438,1052.2037603759766,PUNJABCHEM.NS,2025-09-01 11:28:00.426705
28,2025-07-22 00:00:00+05:30,1333.300048828125,1345.0,1293.0,1301.4000244140625,14133,0.0,0.0,2025-07-22,1248.086895751953,55.874642883680096,1303.9615386356331,1192.212252868273,1359.8361815193132,1136.337609984593,48.50330800052182,127.44329080763124,3043217,16073.777317216676,20197.00655258233,1107.6427564514443,68.1668539718624,1313.1333414713542,1333.2666829427085,1281.2666829427085,1365.1333414713542,1261.1333414713542,1385.2666829427085,1229.2666829427085,0.08027839376778623,-28.957029732490295,42.43787147295734,36.04996020372566,6.3879112692316795,61.045804777666596,34.80207555907552,1321.3238525390625,1248.086895751953,1167.4871069335939,1046.2838262939454,PUNJABCHEM.NS,2025-09-01 11:28:00.426705
29,2025-07-21 00:00:00+05:30,1309.300048828125,1362.800048828125,1307.0999755859375,1330.5999755859375,15019,0.0,0.0,2025-07-21,1241.4511108398438,57.07766830813582,1298.5287791479795,1184.373442531708,1355.6064474561153,1127.2957742235722,79.86414640188269,156.7736936088487,3057350,17464.707093641086,21227.813861423743,1107.3714700479134,70.13114455348274,1333.5,1359.9000244140625,1304.199951171875,1389.2000732421875,1277.7999267578125,1415.60009765625,1248.4998779296875,0.11802963047855299,-15.815897400520502,43.35810138841407,34.45298238641774,8.905119001996333,66.38878566105109,34.89977159864678,1320.90224609375,1241.4511108398438,1163.9288159179687,1040.1130096435547,PUNJABCHEM.NS,2025-09-01 11:28:00.426705
30,2025-07-18 00:00:00+05:30,1343.0,1344.199951171875,1290.199951171875,1302.4000244140625,10255,3.0,0.0,2025-07-18,1232.0582336425782,57.09212527193344,1289.1503589145116,1174.9661083706449,1346.2424841864452,1117.8739830987113,77.69761746589131,148.51639280231637,3042331,11672.203166751857,22168.59055336941,1107.0388311689094,69.50083075001201,1312.2666422526042,1334.3333333333335,1280.3333333333335,1366.2666422526042,1258.2666422526042,1388.3333333333335,1226.3333333333335,0.09549104561352774,-28.50699020144385,41.00358084069421,32.226702635918656,8.776878204775556,63.52597188165546,34.53308265800696,1306.1396728515624,1232.0582336425782,1159.5989453125,1033.8312884521483,PUNJABCHEM.NS,2025-09-01 11:28:00.426705
31,2025-07-17 00:00:00+05:30,1345.9874944718977,1365.7433270238541,1325.433521510372,1340.4000244140625,19114,0.0,0.0,2025-07-17,1226.6545776367188,55.16596982785968,1281.8205474645786,1171.4886078088591,1336.9865172924383,1116.3226379809994,138.02360380593848,195.32395550521062,3052586,22390.241952063978,24792.687400023795,1106.839856218024,74.98181937178681,1343.8589576494296,1362.2843937884873,1321.974588275005,1384.1687631629118,1303.5491521359475,1402.5941993019694,1281.664782761523,0.22621866575174704,-11.405488021678838,40.145082590605625,30.03248308472476,10.112599505880866,71.10393205339676,34.414937409275595,1284.1858154296874,1226.6545776367188,1154.0271154785157,1027.8335626220703,PUNJABCHEM.NS,2025-09-01 11:28:00.426705
32,2025-07-16 00:00:00+05:30,1297.0968794520043,1345.8877018155483,1297.0968794520043,1331.8192138671875,35491,0.0,0.0,2025-07-16,1218.7821960449219,48.96549095869729,1267.7476870036191,1169.8167050862246,1316.7131779623164,1120.8512141275273,171.6501147942193,192.2205348467445,3033472,41308.20182535804,25393.29876201375,1106.395634252681,74.80609809150107,1324.9345983782466,1352.772317304489,1303.981494940945,1373.7254207417907,1276.1437760147026,1401.563139668033,1255.1906725774008,0.3529077270121133,-6.952651919340362,34.69526160995292,27.504333208254543,7.190928401698379,70.36269220475188,33.06119505436838,1255.011083984375,1218.7821960449219,1148.525428466797,1021.4019567871094,PUNJABCHEM.NS,2025-09-01 11:28:00.426705
33,2025-07-15 00:00:00+05:30,1263.0731272497655,1317.0522915041422,1249.3038954831359,1299.2919921875,30252,0.0,0.0,2025-07-15,1206.3001281738282,50.43083049517143,1256.7309586689996,1155.8692976786567,1307.161789164171,1105.4384671834853,171.65380446345569,166.1045317396282,2997981,34350.5449638952,21414.572996177674,1105.5967134996763,73.83209085118177,1288.5493930582595,1327.7948906333831,1260.0464946123768,1356.2977890792658,1220.8009970372532,1395.5432866543895,1192.2980985913705,0.3439968017807112,-10.235795455508763,28.037233338431406,25.706601107829947,2.3306322306014593,67.42045922407036,31.84445034777305,1222.0448486328125,1206.3001281738282,1143.0077795410157,1015.2631958007812,PUNJABCHEM.NS,2025-09-01 11:28:00.426705
34,2025-07-14 00:00:00+05:30,1198.9166316387318,1277.1415776279885,1186.8436770222595,1256.787109375,41309,0.0,0.0,2025-07-14,1195.1151611328125,53.43810615068752,1248.5532672835,1141.6770549821251,1301.9913734341876,1088.2389488314375,77.11658086678945,118.61902266277141,2967729,45371.086275068665,18180.580004248295,1105.0098012029537,75.42058132059816,1240.2574546750827,1293.671232327906,1203.373331722177,1330.5553552808117,1149.9595540693538,1383.969132933635,1113.075431116448,0.3325956031268772,-15.298520623674685,22.29157149958246,25.123943050179577,-2.8323715505971165,62.95941732690274,30.913987166534874,1194.4266845703125,1195.1151611328125,1137.5160705566407,1010.0902734375,PUNJABCHEM.NS,2025-09-01 11:28:00.426705
35,2025-07-11 00:00:00+05:30,1185.2472384236587,1207.2978609458555,1172.176517346514,1192.6307373046875,8153,0.0,0.0,2025-07-11,1186.4046569824218,56.93992102296594,1243.3445780053878,1129.4647359594558,1300.2844990283536,1072.52481493649,-44.50490113979391,59.50922983588313,2926420,8497.598713418363,11382.953436543203,1104.3792036818988,71.61936293378213,1190.701705199019,1209.226893051524,1174.1055494521825,1225.8230487983606,1155.5803615996774,1244.3482366508656,1138.984205852841,0.31162371977844777,-59.8447225199588,18.783719096535833,25.832035937828856,-7.048316841293023,54.16068252472899,30.52323509814379,1179.9191650390626,1186.4046569824218,1133.8841979980468,1005.6207769775391,PUNJABCHEM.NS,2025-09-01 11:28:00.426705
36,2025-07-10 00:00:00+05:30,1173.1742550529939,1209.2933645830083,1173.1742550529939,1194.5263671875,9662,0.0,0.0,2025-07-10,1181.1414367675782,61.05076977610824,1242.1922065436863,1120.09066699147,1303.2429763197947,1059.0398972153616,-51.988406964690256,64.86286664421891,2934573,10086.385239248993,12104.292117324412,1104.3067773140851,68.8045235835583,1192.3313289411674,1211.4884028293409,1175.3692932993265,1228.4504384711818,1156.212219411153,1247.6075123593553,1139.2501837693121,0.32094350613378525,-55.97576610448369,20.32643381324897,27.59411514815211,-7.267681334903141,54.51678683600037,31.57601781422674,1182.852587890625,1181.1414367675782,1131.840772705078,1001.9105810546876,PUNJABCHEM.NS,2025-09-01 11:28:00.426705
37,2025-07-09 00:00:00+05:30,1149.6268702485006,1171.1787307917689,1149.6268702485006,1166.988037109375,5215,0.0,0.0,2025-07-09,1174.6759094238282,66.18962576779741,1240.8655351916257,1108.4862836560308,1307.0551609594231,1042.2966578882333,-131.32565895666102,27.44429147704236,2924911,5318.553041061535,12608.768836843266,1104.2189463854904,77.86163655161258,1162.5978793832148,1175.568888517929,1154.0170279746608,1184.149739926483,1141.0460188399466,1197.1207490611973,1132.4651674313925,0.31469199252038,-63.10683073675177,21.80690904825974,29.411035481877892,-7.604126433618152,50.10097215332826,32.673960336864695,1189.178466796875,1174.6759094238282,1130.150557861328,998.2462835693359,PUNJABCHEM.NS,2025-09-01 11:28:00.426705
38,2025-07-08 00:00:00+05:30,1173.4736317185361,1195.3247512809621,1143.5406245913,1161.201171875,8583,0.0,0.0,2025-07-08,1170.1410583496095,69.75500400390715,1239.8960623535165,1100.3860543457024,1309.6510663574238,1030.6310503417951,-171.0737326362708,34.66355501859563,2919696,8710.024084067207,14431.3227857887,1104.1859468365062,84.5389129936644,1166.6888492490873,1189.8370739068746,1138.0529472172125,1218.4729759387494,1114.9047225594252,1241.6212005965367,1086.2688205275504,0.28681380092792325,-56.31956067614941,26.084066530350356,31.31206709028243,-5.228000559932074,49.13693861738513,34.90390641067509,1200.5729736328126,1170.1410583496095,1128.295711669922,994.6977264404297,PUNJABCHEM.NS,2025-09-01 11:28:00.426705
39,2025-07-07 00:00:00+05:30,1213.6836341192022,1213.6836341192022,1179.3604297401494,1184.24951171875,4833,0.0,0.0,2025-07-07,1166.903302001953,71.66839691050659,1238.5716989124596,1095.2349050914465,1310.2400958229662,1023.5665081809399,-94.99839871512725,72.22736015060052,2928279,5001.874460306088,15861.64746121907,1104.136571081446,86.52663651330087,1192.4311918593673,1205.5019539785853,1171.1787495995325,1226.7543962384202,1158.1079874803145,1239.8251583576382,1136.8555452204796,0.2845914439661897,-43.328657061578845,31.734829632316178,32.61906723026544,-0.8842375979492658,52.91610122229869,37.30538679785551,1221.18681640625,1166.903302001953,1125.6346643066406,991.4958917236328,PUNJABCHEM.NS,2025-09-01 11:28:00.426705
40,2025-07-04 00:00:00+05:30,1215.379738440691,1236.9314773817694,1198.4177025096476,1207.2978515625,9322,0.0,0.0,2025-07-04,1162.1339782714845,73.6010891562578,1235.7350674277423,1088.5328891152267,1309.336156584,1014.9317999589689,-19.564839752999344,107.59804877657912,2933112,9835.496864889394,18576.590711447316,1104.0974856334035,86.27442810094622,1214.2156771513057,1230.0136517929639,1191.499876920842,1252.7294520234275,1175.701902279184,1268.5274266650856,1152.9861020487203,0.2771491449282879,-31.29465308399413,36.21877574594373,32.84012662975276,3.378649116190971,56.985872497269746,38.66342065061458,1238.6078125,1162.1339782714845,1121.943924560547,988.020170288086,PUNJABCHEM.NS,2025-09-01 11:28:00.426705
41,2025-07-03 00:00:00+05:30,1218.8720146656067,1253.594351333347,1212.4862821775753,1226.15576171875,12947,0.0,0.0,2025-07-03,1156.4816284179688,74.28772231236375,1230.7693507303325,1082.193906105605,1305.0570730426962,1007.9061837932412,25.24794384715691,138.7187734392826,2942434,13873.548896118453,20761.864173086797,1104.000279237812,88.57089430307366,1230.7454650765574,1249.0046479755395,1207.8965788197677,1271.8535342323291,1189.6373959207856,1290.1127171313112,1166.788509663996,0.28257880532234325,-22.85710213408992,39.14090395611356,31.995464350705014,7.145439605408548,60.52246348594055,39.36807727480947,1245.672021484375,1156.4816284179688,1118.8488537597657,984.0879718017578,PUNJABCHEM.NS,2025-09-01 11:28:00.426705
42,2025-07-02 00:00:00+05:30,1253.195189312981,1262.0753388197256,1209.8920827749484,1223.9605712890625,8578,0.0,0.0,2025-07-02,1150.649676513672,73.09893519665178,1223.7486117103238,1077.55074131702,1296.8475469069754,1004.4518061203684,36.46126123512047,152.79810826217417,2929487,9175.426221634854,22483.94299232888,1103.8402662882595,91.83823803173219,1231.9759976279122,1254.059912480876,1201.8766564360988,1284.1592536726894,1179.792741583135,1306.2431685256531,1149.6934003913216,0.2856302081762322,-22.25000385907747,40.431851134713725,30.20910444935287,10.222746685360853,60.255290050455116,39.53103150053841,1249.084375,1150.649676513672,1115.497352294922,979.904833984375,PUNJABCHEM.NS,2025-09-01 11:28:00.426705
43,2025-07-01 00:00:00+05:30,1267.163934045614,1276.0440836122482,1247.308348829766,1264.2703857421875,11324,0.0,0.0,2025-07-01,1145.3216064453125,71.33648010939996,1216.6580865547123,1073.9851263359126,1287.9945666641124,1002.6486462265125,88.8625642336756,214.27142753057504,2938065,12511.592865329767,25811.072185002384,1103.7359258717295,92.68945806979796,1262.5409393947339,1277.7735299597018,1249.0377951772196,1291.2766741772161,1233.8052046122516,1306.509264742184,1220.3020603947373,0.30154852571858043,-5.416659839517295,41.68824391122848,27.653417778012656,14.034826133215827,68.09630357660345,39.70652066670804,1248.405908203125,1145.3216064453125,1112.0939709472657,975.7955310058594,PUNJABCHEM.NS,2025-09-01 11:28:00.426705
44,2025-06-30 00:00:00+05:30,1248.1065972837675,1277.2413410575973,1227.2532454207344,1271.3544921875,15225,0.0,0.0,2025-06-30,1138.117724609375,65.74820533975243,1203.8659299491276,1072.3695192696225,1269.6141352888799,1006.6213139298702,105.20382644278189,231.514988119947,2949389,16915.96356751431,29135.942014920536,1103.551629612063,89.89178137288971,1258.6163595552773,1289.9794736898202,1239.9913780529573,1308.6044551921402,1208.6282639184144,1339.9675693266831,1190.0032824160944,0.2965256272232166,-2.458343050344277,38.695261362121755,24.1447112447087,14.550550117413056,69.57286905681462,38.216977213927294,1229.2886962890625,1138.117724609375,1107.914324951172,971.3340167236328,PUNJABCHEM.NS,2025-09-01 11:28:00.426705
45,2025-06-27 00:00:00+05:30,1254.8913560275025,1272.1527717674328,1228.3507813838976,1242.618896484375,19037,0.0,0.0,2025-06-27,1131.4526428222657,57.80785107450964,1189.2604938967754,1073.644791747756,1247.0683449712851,1015.8369406732464,119.02168117542526,242.60391169167735,2934164,20673.273081702315,32190.936626772087,1103.2922260676598,89.74089740047472,1247.7074832119017,1267.0641850399059,1223.2621946563706,1291.509473595437,1203.9054928283665,1310.866175423441,1179.4602042728354,0.2382880502630723,-12.601092003577834,33.57936774611926,20.507073715355432,13.072294030763828,66.86461082744967,36.61285349554802,1203.5662841796875,1131.4526428222657,1103.306639404297,966.8236120605469,PUNJABCHEM.NS,2025-09-01 11:28:00.426705
46,2025-06-26 00:00:00+05:30,1217.2755904832966,1270.4566137702182,1217.2755904832966,1243.217529296875,29570,0.0,0.0,2025-06-26,1128.4892700195312,53.13989627372808,1181.6291662932592,1075.3493737458032,1234.7690625669873,1022.209477472075,134.430386585106,267.92488273655397,2953201,32127.077982622224,35070.35251303953,1103.0223947935044,86.82154332207142,1243.6499111834632,1270.02423188363,1216.8432085967083,1296.8309344703848,1190.4688878965417,1323.2052551705515,1163.6621853097868,0.29987452365692885,-11.706703977281933,29.350716136603978,17.239000207664475,12.111715928939503,66.98018351279956,34.945148270033705,1193.9078857421875,1128.4892700195312,1099.1659069824218,962.8305487060547,PUNJABCHEM.NS,2025-09-01 11:28:00.426705
47,2025-06-25 00:00:00+05:30,1158.507066106201,1269.0596818941033,1158.507066106201,1220.5682373046875,46144,0.0,0.0,2025-06-25,1122.60244140625,45.77203489574701,1168.374476301997,1076.8304065105028,1214.1465111977438,1031.058371614756,128.96735722657425,243.02334042029395,2923631,49220.96010254926,35806.17114564385,1102.5993832607792,84.26845787358829,1216.0449951016637,1273.5829240971266,1163.0303083092242,1326.597610889566,1105.4923793137614,1384.135539885029,1052.4776925213218,0.33997924158912685,-20.96633278221256,23.43309658475664,14.211071225429595,9.222025359327045,64.85052485522964,33.16813440123666,1181.8548583984375,1122.60244140625,1094.7567761230468,959.1996746826172,PUNJABCHEM.NS,2025-09-01 11:28:00.426705
48,2025-06-24 00:00:00+05:30,1157.3097600527828,1186.2449978621664,1135.8577734009984,1168.684326171875,11545,0.0,0.0,2025-06-24,1115.0992309570313,40.90907024030991,1156.008301197341,1074.1901607167215,1196.9173714376511,1033.2810904764115,89.1038569873568,142.68291509456068,2877487,11791.360970625448,32452.473906417494,1102.041298390596,82.16981990155867,1163.5956991450132,1191.333624889028,1140.94640042786,1213.9829236061812,1113.2084746838452,1241.720849350196,1090.559175966692,0.3524567002654976,-26.662917826989275,17.73231551253525,11.905564885597835,5.826750626937416,59.26222460562349,31.269091672528383,1154.1767822265624,1115.0992309570313,1090.3775756835937,955.3802227783203,PUNJABCHEM.NS,2025-09-01 11:28:00.426705
49,2025-06-23 00:00:00+05:30,1194.3269295006405,1194.3269295006405,1129.4720837048662,1142.742431640625,17055,0.0,0.0,2025-06-23,1111.1331115722655,39.25217544501777,1150.3852870172832,1071.8809361272479,1189.637462462301,1032.62876068223,104.0078019094686,130.54324661358476,2865942,17032.28263851964,37617.752140365505,1101.9623250243865,79.93647044974932,1155.5138149487104,1181.5555461925546,1116.7007003967803,1220.3686607444847,1090.6589691529362,1246.410391988329,1051.845854601006,0.33457412156983274,-41.196149254575346,15.274695910232367,10.448877228863479,4.825818681368888,56.01549664620381,30.30541690281404,1135.558447265625,1111.1331115722655,1086.5102307128907,953.0454479980468,PUNJABCHEM.NS,2025-09-01 11:28:00.426705
50,2025-06-20 00:00:00+05:30,1159.7044437602349,1216.2777747183713,1102.5323552615262,1194.326904296875,98722,0.0,0.0,2025-06-20,1108.8282653808594,38.64714021853967,1147.475405599399,1070.1811251623199,1186.1225458179388,1031.53398494378,190.53175182809213,169.6122497129918,2882997,103040.9700720046,42764.11951582697,1101.8908107049785,83.74584801239749,1171.0456780922575,1239.5590009229888,1125.8135814661437,1284.7910975491027,1057.3002586354123,1353.304420379834,1012.0681620092985,0.3626999813027457,-12.297370166556933,14.45164685187342,9.242422558521257,5.209224293352163,65.68075352185744,29.267613304660134,1123.5253662109376,1108.8282653808594,1083.5797888183595,951.2948651123047,PUNJABCHEM.NS,2025-09-01 11:28:00.426705
51,2025-06-19 00:00:00+05:30,1077.6879863813267,1197.3202600583684,1071.2025016393438,1182.952392578125,105764,0.0,0.0,2025-06-19,1104.1587158203124,33.00287515437161,1137.161590974684,1071.1558406659408,1170.1644661290557,1038.1529655115692,251.567299872409,130.99919079924618,2784275,109339.70866386328,27694.906876782563,1100.9428736738437,68.44429396017807,1150.4917180919458,1229.7809345445478,1103.6631761255233,1276.6094765109704,1024.3739596729213,1355.8986929635723,977.5454177064987,0.2631154194139559,-14.812651313189312,8.098641328406302,7.940116485183216,0.1585248432230859,64.42427996747969,28.14997866049439,1102.133251953125,1104.1587158203124,1078.5241052246095,949.0064874267578,PUNJABCHEM.NS,2025-09-01 11:28:00.426705
52,2025-06-18 00:00:00+05:30,1078.2865415315218,1102.5323237040045,1062.6216513527283,1082.1778564453125,5210,0.0,0.0,2025-06-18,1099.923193359375,27.301799911403055,1127.2249932707782,1072.621393447972,1154.526793182181,1045.319593536569,-27.36619825655571,-23.054983247896754,2678511,4927.301578479318,7283.706430012383,1100.0318620885591,48.49935244478512,1082.443943834015,1102.2662363153017,1062.3555639640256,1122.3546161852912,1042.5332714827389,1142.176908666578,1022.4448916127494,-0.05708791384094206,-73.94615946653613,0.9623794815956899,7.900485274377444,-6.938105792781754,49.0828518301434,27.227916447907134,1078.5859375,1099.923193359375,1073.8216296386718,946.6293072509766,PUNJABCHEM.NS,2025-09-01 11:28:00.426705
53,2025-06-17 00:00:00+05:30,1073.8964964616664,1092.4549352889794,1053.7415332553808,1075.5926513671875,6645,0.0,0.0,2025-06-17,1101.3001098632812,27.053032752828553,1128.3531426161098,1074.2470771104527,1155.4061753689384,1047.194044357624,-79.10974924134439,-39.91819985982767,2673301,6246.195736706176,7872.807642895648,1100.0416374511997,51.75405359373084,1073.9297066371826,1094.1178800189844,1055.4044779853857,1112.6431086707812,1035.216304603584,1132.831282052583,1016.6910759517871,-0.10587976697706195,-77.8102931368272,1.7359852289619084,9.635011722572882,-7.8990264936109735,47.71364216930177,28.230641242563326,1077.4085693359375,1101.3001098632812,1071.625545654297,945.5806549072265,PUNJABCHEM.NS,2025-09-01 11:28:00.426705
54,2025-06-16 00:00:00+05:30,1087.3663559402464,1094.8496072745818,1060.3267770140128,1082.5770263671875,6437,0.0,0.0,2025-06-16,1104.832208251953,28.110858889412572,1132.9430671413656,1076.7213493625404,1161.0539260307783,1048.6104904731278,-70.33090700783394,-25.591480412125783,2679946,6089.969163838217,8279.460619443016,1100.058722597721,52.10274122684607,1079.2511368852608,1098.175496756509,1063.65266649594,1113.7739671458298,1044.7283066246919,1132.6983270170779,1029.129836235371,-0.11724082898225086,-73.71193047640058,3.3486751294362875,11.609768345975626,-8.261093216539338,49.00984981840094,29.60552759130389,1081.579248046875,1104.832208251953,1070.0590515136719,944.6906469726563,PUNJABCHEM.NS,2025-09-01 11:28:00.426705
55,2025-06-13 00:00:00+05:30,1049.7504506819082,1095.3484675960945,1037.777248799485,1087.3663330078125,7037,0.0,0.0,2025-06-13,1108.8532104492188,30.41699338657417,1139.270203835793,1078.4362170626446,1169.687197222367,1048.0192236760704,-99.9512693872499,-34.381941669450946,2686383,6687.075262816736,8826.833483344217,1100.0705645698854,47.04348987369017,1073.4973498011307,1109.2174508027763,1051.6462320061669,1131.06856859774,1015.9261310045213,1166.7886695993857,994.0750132095575,-0.004279332529146175,-70.90161237273766,4.674814280355349,13.675041650110458,-9.000227369755109,49.873215512340856,30.849516861923476,1082.8364501953124,1108.8532104492188,1068.5534216308595,943.8215924072266,PUNJABCHEM.NS,2025-09-01 11:28:00.426705
56,2025-06-12 00:00:00+05:30,1076.3908816454575,1087.565821180709,1054.739268824062,1065.2158203125,5947,0.0,0.0,2025-06-12,1109.0028747558595,30.312890497636808,1139.3157652534962,1078.6899842582227,1169.628655751133,1048.377093760586,-125.86581363710228,-40.69143344356634,2679346,5536.156062536638,9361.773038476087,1100.0799794466136,41.531326090239936,1069.1736367724236,1083.6080047207852,1050.7814523641382,1102.0001891290706,1036.3470844157766,1116.4345570774321,1017.9549000074912,-0.05752524181337425,-93.17295684517052,5.830169595631787,15.925098492549234,-10.094928896917446,45.77122405529013,32.18919761489842,1084.2133544921876,1109.0028747558595,1065.3036950683593,942.7794244384766,PUNJABCHEM.NS,2025-09-01 11:28:00.426705
57,2025-06-11 00:00:00+05:30,1096.4459783854174,1117.3990815199552,1066.6127262295583,1076.291015625,11527,0.0,0.0,2025-06-11,1110.8337829589843,28.585603324984874,1139.4193862839693,1082.2481796339994,1168.004989608954,1053.6625763090146,-99.52361439261068,-1.6792008554945066,2685293,10842.234248704252,10318.177282460949,1100.1018282622385,40.68418437095747,1086.7676077915046,1106.9224893534508,1056.136134063054,1137.5539630819014,1035.9812525011077,1157.7088446438477,1005.3497787726571,-0.07478243929681608,-89.6271655730427,9.402528490552186,18.448830716778595,-9.046302226226409,47.57976586002054,33.05601833743479,1093.07353515625,1110.8337829589843,1060.7419067382812,941.8105932617187,PUNJABCHEM.NS,2025-09-01 11:28:00.426705
58,2025-06-10 00:00:00+05:30,1094.1511323868885,1123.0863718047679,1080.6812795544274,1096.446044921875,11371,0.0,0.0,2025-06-10,1112.7345336914063,27.407446443968706,1140.141980135375,1085.3270872474377,1167.5494265793438,1057.9196408034688,-49.7559388356744,27.097958402870987,2696820,10895.789460062852,10187.163040900123,1100.1307863001737,42.69236896997095,1100.07123209369,1119.4611846329526,1077.0560923826122,1142.4763243440304,1057.6661398433496,1161.866276883293,1034.6510001322717,-0.0583912065446977,-75.93216144164676,12.743028923869815,20.710406273335195,-7.96737734946538,50.983299500588394,33.57257829881029,1101.295166015625,1112.7345336914063,1055.2312414550781,940.8736907958985,PUNJABCHEM.NS,2025-09-01 11:28:00.426705
59,2025-06-09 00:00:00+05:30,1092.5547258200008,1102.3328898934571,1084.3730861813476,1088.863037109375,10425,0.0,0.0,2025-06-09,1114.0865051269532,27.227990241254467,1141.3144953682076,1086.8585148856987,1168.5424856094621,1059.6305246444442,-73.59013333584272,16.426733226471285,2685449,9920.238121400072,10010.006436109441,1100.1352122413157,33.42774299671059,1091.85633772806,1099.3395892747724,1081.3797855626628,1109.8161414401695,1073.8965340159505,1117.299392986882,1063.4199818505533,-0.02734327098627287,-81.08468797936293,14.841840549048356,22.702250610701537,-7.86041006165318,49.72776119329889,33.624713645063885,1106.0445068359375,1114.0865051269532,1049.7984008789062,939.5252081298828,PUNJABCHEM.NS,2025-09-01 11:28:00.426705
60,2025-06-06 00:00:00+05:30,1115.1042059941713,1115.1042059941713,1089.5613990213449,1094.2508544921875,5697,0.0,0.0,2025-06-06,1115.3486755371093,26.574444763096867,1141.9231203002062,1088.7742307740125,1168.497565063303,1062.1997860109157,-53.131816546881616,32.428810746182684,2695874,5447.984857313416,10032.448514786782,1100.1476391261638,39.639579377495025,1099.6388198359011,1109.7162406504574,1084.173433677631,1125.1816268087275,1074.0960128630747,1135.2590476232838,1058.6306267048046,-0.10064926240897955,-77.42375649521645,18.050890436318014,24.667353126114833,-6.616462689796819,50.58327638573283,34.0757258241651,1115.882470703125,1115.3486755371093,1044.7586791992187,938.5902996826172,PUNJABCHEM.NS,2025-09-01 11:28:00.426705
61,2025-06-05 00:00:00+05:30,1114.6053101460468,1135.0595303209325,1102.5323557682175,1109.5167236328125,7794,0.0,0.0,2025-06-05,1111.8265594482423,33.32787266813024,1145.1544321163726,1078.498686780112,1178.4823047845027,1045.1708141119818,0.0223035763346607,60.03830297459056,2701571,7557.306428576905,11178.564429155123,1100.1511938158203,53.005419356523305,1115.7028699073207,1128.873384046424,1096.346209493709,1148.2300444600357,1083.1756953546058,1161.400558599139,1063.819034940994,-0.10433863523865747,-67.05085463182772,21.35533001282829,26.321468798564037,-4.9661387857357475,52.98108927608902,34.38375628561109,1133.702587890625,1111.8265594482423,1039.3697424316406,937.8449682617188,PUNJABCHEM.NS,2025-09-01 11:28:00.426705
62,2025-06-04 00:00:00+05:30,1120.2927182765345,1124.7826693034392,1100.8362638266146,1117.399169921875,5886,0.0,0.0,2025-06-04,1109.616506958008,34.91676971144571,1144.5332766694537,1074.699737246562,1179.4500463808993,1039.7829675351165,-0.8425667116631873,60.993238599727455,2709365,5747.796453360796,12083.878929299677,1100.143463606196,47.15484188701231,1114.3393676839762,1127.8424715413378,1103.8960660645132,1138.2857731608008,1090.3929622071516,1151.7888770181623,1079.9496605876886,-0.0917195467396248,-61.69486467497089,23.758991600528816,27.56300349499797,-3.8040118944691557,54.21252128238713,34.27716338567975,1136.8954345703125,1109.616506958008,1033.71041015625,936.6840667724609,PUNJABCHEM.NS,2025-09-01 11:28:00.426705
63,2025-06-03 00:00:00+05:30,1144.0394001452894,1144.0394001452894,1116.5010605450075,1120.1927490234375,3418,0.0,0.0,2025-06-03,1106.5433868408204,36.84712269460218,1143.3905095354226,1069.6962641462183,1180.2376322300247,1032.849141451616,34.952740534658496,81.47081958276246,2715251,3346.089810655873,13667.899548284397,1100.132700879532,45.99903249096379,1126.911069904578,1137.3210792641485,1109.7827396638666,1154.44940950486,1099.372730304296,1164.8594188644304,1082.2444000635846,-0.05993138634667347,-59.796674562034084,25.70012056539622,28.514006468615257,-2.813885903219038,54.62998035204099,34.32691453404635,1127.51640625,1106.5433868408204,1027.65396484375,935.5660681152344,PUNJABCHEM.NS,2025-09-01 11:28:00.426705
64,2025-06-02 00:00:00+05:30,1172.5755654505324,1208.1959154402007,1125.5807706921469,1138.0528564453125,18217,0.0,0.0,2025-06-02,1101.769076538086,40.94385225760795,1142.7129287956939,1060.825224280478,1183.656781053302,1019.8813720228701,108.7418714839693,127.7027602721737,2718669,18118.075680575435,16248.351982691525,1100.125432615939,44.84433741648453,1157.2765141925533,1188.9722576929598,1106.357112944906,1239.8916589406072,1074.6613694444995,1271.5874024410136,1023.7419681968522,-0.07985627241379868,-47.66103132743569,27.52083288063477,29.217477944420015,-1.696645063785244,57.25049194938247,33.871989603110556,1121.350244140625,1101.769076538086,1021.3450866699219,934.3702453613281,PUNJABCHEM.NS,2025-09-01 11:28:00.426705
65,2025-05-30 00:00:00+05:30,1125.480965265335,1188.2405221738034,1115.004413726961,1183.3514404296875,25328,0.0,0.0,2025-05-30,1098.6261077880858,40.421311624252176,1139.047419412338,1058.2047961638336,1179.4687310365903,1017.7834845395815,138.1315937164116,141.98949624601283,2736886,26193.13125304568,15780.921058220545,1100.0520494714615,47.21005602703302,1162.1987921101506,1209.3931704933402,1136.157062046498,1235.434900556993,1088.9626836633083,1282.6292789401825,1062.9209535996556,-0.08011629300791104,-3.84315616868143,27.675964085404985,29.64163921036632,-1.9656751249613365,64.54223026241621,33.08698647544039,1113.0687744140625,1098.6261077880858,1014.3148217773437,933.3410485839844,PUNJABCHEM.NS,2025-09-01 11:28:00.426705
66,2025-05-29 00:00:00+05:30,1067.7102346113281,1131.4675578665226,1061.0252457310228,1125.48095703125,14001,0.0,0.0,2025-05-29,1093.981509399414,35.169239167936304,1129.1507485673503,1058.812270231478,1164.3199877352868,1023.6430310635415,-15.046715337743818,71.00088600470043,2711558,13771.142894389388,13177.86850951426,1099.827362079176,69.35030795205817,1105.9912535429319,1150.957261354841,1080.5149492193411,1176.4335656784317,1035.548941407432,1221.3995734903408,1010.0726370838413,-0.1675440128543271,-55.35205100360914,22.994022067514607,30.133057991606655,-7.139035924092049,58.23164190433208,32.49593664569684,1096.5856689453126,1093.981509399414,1006.2129553222657,932.0673999023437,PUNJABCHEM.NS,2025-09-01 11:28:00.426705
67,2025-05-28 00:00:00+05:30,1088.563583112314,1100.7362894014539,1062.6216462095456,1070.5040283203125,5653,0.0,0.0,2025-05-28,1093.2082427978517,34.605712280686085,1127.8139550785377,1058.6025305171656,1162.419667359224,1023.9968182364795,-128.23188214056495,38.29657466956539,2697557,5288.592067470374,13029.549913295477,1099.7890539175175,66.30167893090166,1077.953987977104,1093.2863297446622,1055.171686552754,1116.0686311690122,1039.8393447851956,1131.4009729365705,1017.0570433608457,-0.24741461559909228,-74.33888749125992,22.350689029796285,31.917816972629666,-9.56712794283338,50.45218001956932,32.70277908170286,1091.1378662109375,1093.2082427978517,999.3822448730468,931.4128662109375,PUNJABCHEM.NS,2025-09-01 11:28:00.426705
68,2025-05-27 00:00:00+05:30,1090.9583411399283,1112.5100815896556,1082.876453695995,1089.3619384765625,8057,0.0,0.0,2025-05-27,1093.395327758789,34.48641741847488,1127.881745177264,1058.9089103403142,1162.3681625957388,1024.4224929218394,-84.72359219496956,61.76821465336684,2703210,7670.405765859675,14964.789374751754,1099.8067212320852,68.80066363337573,1094.9161579207378,1106.9558621454805,1077.32223425182,1124.5497858143983,1065.2825300270772,1136.589490039141,1047.6886063581594,-0.22708550891716195,-65.08319686658969,26.602775482888774,34.30959895833801,-7.706823475449234,53.6341480329459,33.47943706070127,1098.9802978515625,1093.395327758789,994.0950793457031,931.2387561035156,PUNJABCHEM.NS,2025-09-01 11:28:00.426705
69,2025-05-26 00:00:00+05:30,1100.9359539370428,1127.4765274810368,1077.787690205709,1096.6455078125,9224,0.0,0.0,2025-05-26,1090.3346710205078,37.45202897932627,1127.7866999998341,1052.8826420411815,1165.2387289791604,1015.4306130618553,-77.32416466543448,70.29255860356169,2711267,8840.123578062836,16788.385276974772,1099.8157098373583,72.39800001497512,1100.6365751664152,1123.4854601271215,1073.7966228517937,1150.325412441743,1050.9477378910874,1173.1742974024494,1024.1077855764659,-0.21425231239790496,-55.40363915667782,29.786443873613052,36.236304827200314,-6.449860953587262,54.874635932843695,33.68404216266224,1110.354833984375,1090.3346710205078,989.5273010253907,930.2155450439453,PUNJABCHEM.NS,2025-09-01 11:28:00.426705
70,2025-05-23 00:00:00+05:30,1109.217304459398,1111.5122168218286,1090.65886631186,1100.9359130859375,8786,0.0,0.0,2025-05-23,1085.488021850586,42.52131456211502,1128.009336412701,1042.9667072884708,1170.530650974816,1000.4453927263559,-91.14148591458313,72.5387087701533,2720491,8453.294817103606,18775.450701702757,1099.8188363044337,69.76230678514835,1101.035665406542,1111.412464501224,1090.5591139912553,1121.8890159165105,1080.1823148965734,1132.2658150111924,1069.7057634812868,-0.2198110417895072,-53.50685496557557,32.69387318359759,37.84877006559713,-5.154896881999541,55.57802478935147,33.904386118620195,1123.625146484375,1085.488021850586,984.9405676269531,929.1778674316406,PUNJABCHEM.NS,2025-09-01 11:28:00.426705
71,2025-05-22 00:00:00+05:30,1103.5301564811275,1122.3879746539553,1093.5524877968498,1098.241943359375,4419,0.0,0.0,2025-05-22,1083.068441772461,42.97045802894366,1126.0388998014048,1040.0979837435173,1169.0093578303483,997.1275257145737,-23.733019818799992,78.10775528706571,2711705,4241.259109614932,21355.989672852545,1099.8177859641867,68.65087445259203,1104.7274686033934,1115.902449409937,1087.0669625528315,1133.5629554604989,1075.891981746288,1144.7379362670424,1058.231475695726,-0.22082848971108052,-54.69785648244573,35.49836211136699,39.13749428609702,-3.6391321747300296,55.24399480608339,34.39550559514282,1121.5098876953125,1083.068441772461,979.94275390625,928.1855889892578,PUNJABCHEM.NS,2025-09-01 11:28:00.426705
72,2025-05-21 00:00:00+05:30,1145.4362866916133,1165.3916226966937,1097.0445968792935,1109.7161865234375,16028,0.0,0.0,2025-05-21,1081.0853790283204,43.14815916989158,1124.233538198212,1037.9372198584288,1167.3816973681035,994.7890606885372,41.54674164679907,96.91825215348067,2716124,15544.044555097622,25634.672313661948,1099.818531550718,59.33746381757485,1124.0508020331415,1151.0570071869895,1082.7099813695893,1192.3978278505417,1055.7037762157413,1219.4040330043897,1014.3629555521891,-0.2171974064314104,-49.625104224471,38.816419013000086,40.04727732977952,-1.2308583167794325,56.939212582575784,34.84501857839526,1122.2282958984374,1081.0853790283204,974.1227807617188,927.7620367431641,PUNJABCHEM.NS,2025-09-01 11:28:00.426705
73,2025-05-20 00:00:00+05:30,1169.0833828294162,1169.0833828294162,1130.5696063373994,1146.234619140625,7863,0.0,0.0,2025-05-20,1078.289144897461,43.00695361788093,1121.296098515342,1035.28219127958,1164.303052133223,992.2752376616992,100.56670951939273,119.51157493034614,2732152,7876.523528691353,28157.329253303025,1099.8015170665021,85.85469562194888,1148.6292027691468,1166.6887992008942,1128.1750227088773,1187.1429792611636,1110.11542627713,1205.202575692911,1089.6612462168605,-0.2071170937861072,-33.48033904320498,41.346370658584874,40.35499190897437,0.9913787496105044,62.62039727513827,35.238607818953426,1123.1462646484374,1078.289144897461,966.3990698242187,927.3584405517578,PUNJABCHEM.NS,2025-09-01 11:28:00.426705
74,2025-05-19 00:00:00+05:30,1096.1466882405825,1176.6665498744924,1082.5770828064233,1162.9970703125,33210,0.0,0.0,2025-05-19,1073.7418182373046,40.15841052263711,1113.9002287599417,1033.5834077146676,1154.058639282579,993.4249971920304,96.75703753565698,115.31635789688082,2740015,33753.613583004226,33227.53068445594,1099.762325779572,85.97762807610546,1140.7469009978051,1198.916719189187,1104.827252121118,1234.8363680658742,1046.657433929736,1293.006186257256,1010.7377850530488,-0.2030806041919338,-26.069674930939975,40.36250295224545,40.10714722157174,0.2553557306737062,65.40121036509038,34.77598824627479,1118.596435546875,1073.7418182373046,957.7434411621093,926.585171508789,PUNJABCHEM.NS,2025-09-01 11:28:00.426705
75,2025-05-16 00:00:00+05:30,1107.3216549176805,1127.4764957689815,1079.6834411905604,1090.359619140625,12543,0.0,0.0,2025-05-16,1067.6404754638672,34.79580364262521,1102.4362791064925,1032.844671821242,1137.2320827491176,998.0488681786168,34.98863912641297,85.36988683926879,2706805,11952.092881331764,33096.00995981886,1099.5360963193716,85.72644864000867,1099.1731853667222,1118.662929542884,1070.869874964463,1146.9662399451433,1051.3801307883011,1166.4559841213052,1023.0768203860418,-0.22574094601039948,-55.98470405903082,36.84045360747109,40.04330828890332,-3.2028546814322283,57.87211549373631,34.27778255262088,1108.818310546875,1067.6404754638672,949.3592065429688,926.1725946044921,PUNJABCHEM.NS,2025-09-01 11:28:00.426705
76,2025-05-15 00:00:00+05:30,1114.3060700362323,1127.4765437754093,1095.7475091341494,1101.833984375,10333,0.0,0.0,2025-05-15,1064.9016082763671,35.06816813061306,1099.9697764069801,1029.8334401457541,1135.0379445375934,994.765272015141,54.115998491010124,94.46616397572298,2719348,9949.823358472811,38381.98922944063,1099.5485125322627,85.596289583143,1108.3526790948529,1120.9578490555564,1089.2288144142965,1140.0817137361128,1076.623644453593,1152.6868836968163,1057.4997797730366,-0.2231940147871626,-50.866047797487546,38.92666284044503,40.84402195926137,-1.9173591188163357,59.779494511136456,34.31344343066876,1095.5080932617188,1064.9016082763671,941.9088818359374,925.6318048095703,PUNJABCHEM.NS,2025-09-01 11:28:00.426705
77,2025-05-14 00:00:00+05:30,1129.372284855041,1130.5695563167114,1107.2217884324818,1114.3060302734375,8048,0.0,0.0,2025-05-14,1060.9479583740235,35.14253425812747,1096.090492632151,1025.8054241158961,1131.2330268902786,990.6628898577686,65.94470011693289,102.90608850779375,2729681,7837.27753601728,45490.03069718258,1099.5459621903997,85.83256559457692,1117.3657916742102,1127.5097949159385,1104.162027031709,1140.7135595584398,1094.0180237899806,1150.8575628001681,1080.8142591474793,-0.21556583684422007,-45.58511693316184,39.87779379987546,41.323361738965446,-1.4455679390899832,61.83696767638256,33.940838084283044,1088.2044311523437,1060.9479583740235,933.5745349121094,925.1937847900391,PUNJABCHEM.NS,2025-09-01 11:28:00.426705
78,2025-05-13 00:00:00+05:30,1113.5078051280805,1135.3589235129857,1093.751972769627,1123.4854736328125,9682,0.0,0.0,2025-05-13,1055.3130676269532,35.17178740832193,1090.4848550352751,1020.1412802186312,1125.656642443597,984.9694928103092,80.55840646263395,105.961721719412,2737729,9506.164333433746,54903.2189874739,1099.5331226332223,86.65497029058143,1117.5321233051418,1141.3122738406566,1099.7053230972979,1159.1390740485006,1075.925172561783,1182.9192245840154,1058.098372353939,-0.21041326312703526,-41.698344374064206,39.26301310187773,41.68475372373794,-2.4217406218602093,63.32688303851716,33.24836665077711,1076.5305786132812,1055.3130676269532,925.0805456542969,924.9184002685547,PUNJABCHEM.NS,2025-09-01 11:28:00.426705
79,2025-05-12 00:00:00+05:30,1047.6551971660797,1221.9650179183418,1047.6551971660797,1114.1064453125,150683,0.0,0.0,2025-05-12,1047.9046478271484,35.65789626562742,1083.5625440927759,1012.246751561521,1119.2204403584033,976.5888552958936,122.1684296549786,117.45460664805968,2728047,146711.35316698643,66252.48265098393,1099.5080302639965,87.63346056141427,1127.9088867989738,1208.1625764318678,1033.8527556796057,1302.2187075512359,953.5990660467116,1382.47239718413,859.5429349273436,-0.21367797559953539,-45.669625472406565,36.976977284929035,42.29018887920299,-5.313211594273952,62.46889701155744,32.50262818392456,1056.7747924804687,1047.9046478271484,916.2972033691407,924.4035528564453,PUNJABCHEM.NS,2025-09-01 11:28:00.426705
80,2025-05-09 00:00:00+05:30,1055.6373193496736,1055.6373193496736,1018.2210627564668,1023.8085327148438,7298,0.0,0.0,2025-05-09,1042.0103424072265,33.83548357965825,1075.8458259868848,1008.1748588275683,1109.681309566543,974.33937524791,-57.24330885082771,55.8478690534005,2577364,6529.732373163924,46137.765021983294,1099.2660736605783,85.38835015318246,1032.5556382736613,1046.8902137908558,1009.473957197649,1069.971894866868,995.1393816804546,1084.3064703840625,972.0577006044423,-0.1965890446935281,-83.5705264690657,34.41359365257961,43.61849177777147,-9.20489812519186,52.54406529029312,31.69952521962181,1048.9921997070312,1042.0103424072265,908.0636315917968,923.830336303711,PUNJABCHEM.NS,2025-09-01 11:28:00.426705
81,2025-05-08 00:00:00+05:30,1058.530931964992,1085.9695218030067,1045.3603357641143,1065.315673828125,11977,0.0,0.0,2025-05-08,1037.8970520019532,40.507317222715365,1078.4043692246685,997.3897347792378,1118.911686447384,956.8824175565225,14.772617682538307,81.10536223818491,2584662,11150.623297067827,56039.77318418813,1099.3266946169995,85.23406820387419,1065.548510465082,1085.7366851660497,1045.1274991271573,1106.1576965039744,1024.9393244261896,1126.3458712049421,1004.5183130882649,-0.1690839691157242,-65.63174337589116,39.50324397528664,45.91971630906943,-6.416472333782792,59.22985639940719,32.85980913992247,1062.3223876953125,1037.8970520019532,901.640009765625,924.2987890625,PUNJABCHEM.NS,2025-09-01 11:28:00.426705
82,2025-05-07 00:00:00+05:30,1024.7066146350105,1067.6105916839936,995.77137429965,1055.936767578125,19582,0.0,0.0,2025-05-07,1032.0226989746093,44.63088061444329,1076.6535795890525,987.391818360166,1121.2844602034959,942.7609377457227,-48.03265841857509,66.85326453841255,2572685,18070.39876413401,67262.0606559682,1099.3715957156448,85.25689215971933,1039.772911187256,1083.7744480748622,1011.9352306905187,1111.6121285715997,967.9336938029126,1155.6136654592058,940.0960133061751,-0.19002356729025358,-69.68517033706856,41.33318020342483,47.52383439251512,-6.190654189090289,58.111475828457785,33.43507725121217,1071.2623779296875,1032.0226989746093,894.2784851074218,924.24640625,PUNJABCHEM.NS,2025-09-01 11:28:00.426705
83,2025-05-06 00:00:00+05:30,1075.7921563723535,1075.7921563723535,1008.6425212311187,1024.70654296875,22384,0.0,0.0,2025-05-06,1027.8445434570312,46.15955190976652,1074.0040953667979,981.6849915472648,1120.1636472765642,935.5254396374983,-60.439082293057396,67.58071009335389,2553103,20045.181102456267,79559.97612892675,1099.4655513502314,85.15160190306747,1036.3804068574075,1064.1182924836962,996.9686573424615,1103.5300419986422,969.2307717161727,1131.267927624931,929.8190222012267,-0.21961450288405193,-83.18241948968338,43.97347295644374,49.07149793978769,-5.098024983343947,54.22984509981436,34.33903799018675,1074.924169921875,1027.8445434570312,887.5186120605468,924.3192419433594,PUNJABCHEM.NS,2025-09-01 11:28:00.426705
84,2025-05-05 00:00:00+05:30,1073.5970789216985,1099.1398846926365,1073.5970789216985,1075.1934814453125,14294,0.0,0.0,2025-05-05,1026.4726135253907,46.662741786534525,1073.1353553119252,979.8098717388561,1119.7980970984597,933.1471299523216,57.598819057835854,100.43948057317284,2575487,13431.149351727221,94438.67488554437,1099.6508635880746,87.57591267829301,1082.6434816865492,1091.6898844513998,1066.1470786804618,1108.1862874574872,1057.1006759156112,1117.2326902223379,1040.6042729095238,-0.23279515733744482,-59.15612822417322,49.763286966058786,50.34600418562367,-0.5827172195648842,62.992992130728034,35.00049879699197,1075.6126220703125,1026.4726135253907,882.6644763183593,924.2204626464844,PUNJABCHEM.NS,2025-09-01 11:28:00.426705
85,2025-05-02 00:00:00+05:30,1109.5167961441464,1150.4252391674468,1059.7282033245372,1090.45947265625,56388,0.0,0.0,2025-05-02,1023.0777160644532,45.38394618234907,1068.4616622468022,977.6937698821041,1113.8456084291513,932.309823699755,126.89460907921938,116.38201475989642,2589781,53736.45325326926,114690.55626899865,1099.6896388386401,87.97570781616807,1100.2043050494112,1140.6804067742853,1049.9833709313757,1190.9013408923208,1009.5072692065016,1231.377442617195,959.2863350884661,-0.13946681559463509,-49.272525902043306,51.44981570467644,50.49168349051489,0.9581322141615516,65.98755008280529,33.92214724482131,1060.5164306640625,1023.0777160644532,877.3573559570312,923.7749597167968,PUNJABCHEM.NS,2025-09-01 11:28:00.426705
86,2025-04-30 00:00:00+05:30,1082.577036516854,1217.1758094719019,1049.6507303370786,1110.015625,604518,0.0,0.0,2025-04-30,1014.7987426757812,47.49848208271306,1062.2972247584944,967.3002605930682,1109.7957068412074,919.8017785103551,270.3604361066106,138.13398833210508,2646169,586423.1505817466,129929.08202293099,1099.7477302338636,94.69850725428937,1125.614054936327,1201.5773795355753,1034.052300400752,1293.1391340711502,958.0889758015037,1369.1024586703986,866.5272212659288,-0.03287506104479108,-37.88360767911806,51.3260720658493,50.2521504369745,1.0739216288747997,69.94236272475236,32.76084557325291,1052.9333984375,1014.7987426757812,871.9803894042968,923.3544006347656,PUNJABCHEM.NS,2025-09-01 11:28:00.426705
87,2025-04-29 00:00:00+05:30,1030.693179198852,1079.5837559469098,1013.0825695412842,1074.2457275390625,17556,0.0,0.0,2025-04-29,1001.1542816162109,56.95972222819239,1058.1140038444032,944.1945593880185,1115.0737260725957,887.2348371598262,77.71689657687605,101.223819030466,2041651,16481.699253410967,15805.56488322709,1099.004806125802,63.78435046309164,1055.6373510090855,1098.1921324768869,1031.6909460712611,1122.1385374147112,989.1361646034599,1164.6933188825124,965.1897596656355,0.08049276619638664,-2.52416846909002,48.463990250983784,49.98367002975579,-1.5196797787720087,66.53673102423696,31.510213003871552,1042.6464111328125,1001.1542816162109,866.3420092773438,922.7273046875,PUNJABCHEM.NS,2025-09-01 11:28:00.426705
88,2025-04-28 00:00:00+05:30,997.7668517929275,1047.6551943825739,986.8911687488422,1028.1488037109375,18264,0.0,0.0,2025-04-28,987.4798828125,69.85715325113526,1057.3370360636352,917.6227295613647,1127.1941893147705,847.7655763102296,-55.7257856700915,84.7276736143409,2024095,16410.607218051256,15636.53129068112,1099.0569408860883,51.217084472958014,1020.8983889474512,1054.9056091460602,994.1415835123285,1081.662414581183,960.1343633137195,1115.6696347797917,933.3775578785968,0.059448230397395906,-21.794293277594342,47.58814827960464,50.36358997444879,-2.7754416948441545,61.28756049253428,31.95834714878706,1038.55556640625,987.4798828125,861.0997412109375,922.4349584960937,PUNJABCHEM.NS,2025-09-01 11:28:00.426705
89,2025-04-25 00:00:00+05:30,1044.7118466480383,1057.9322576337206,985.7936644418181,999.7125244140625,15200,0.0,0.0,2025-04-25,977.3126434326172,77.95492513181838,1055.2675685644356,899.3577183007988,1133.2224936962539,821.4027931689805,-47.31607061730513,85.62497742019804,2005831,13279.79891254717,15443.012308838584,1099.212613319637,41.479208846052245,1014.4794821632004,1043.1652998845825,971.0267066926801,1086.618075355103,942.3408889712979,1115.303893076485,898.8881135007776,0.04696208485062457,-35.68991254623848,50.285621158720915,51.05745039815983,-0.7718292394389152,57.46540256258912,33.06645038184558,1043.9834228515624,977.3126434326172,857.357119140625,922.6225390625,PUNJABCHEM.NS,2025-09-01 11:28:00.426705
90,2025-04-24 00:00:00+05:30,1049.6507631969066,1072.7490909480928,1036.9292354110125,1052.5443115234375,8056,0.0,0.0,2025-04-24,969.170864868164,83.77824550379309,1052.9491103719572,885.392619364371,1136.7273558757502,801.6143738605779,72.95513557761299,116.06075077051915,2021031,7410.245970697994,15983.815657911435,1099.3947431251054,65.59915601517064,1054.0742126275143,1071.219189844016,1035.3993343069358,1089.8940681645945,1018.254357090434,1107.0390453810962,999.5794787698555,0.05204449598315899,-9.873229875147493,55.77784316714951,51.25040770801955,4.527435459129961,69.26077866850177,34.25979232513937,1052.2349609375,969.170864868164,854.096416015625,922.9912133789062,PUNJABCHEM.NS,2025-09-01 11:28:00.426705
91,2025-04-23 00:00:00+05:30,1067.5107748431867,1072.5993614075314,1043.7638751459633,1058.5806884765625,7288,0.0,0.0,2025-04-23,957.7838500976562,87.25475926659047,1045.0386093642467,870.5290908310658,1132.2933686308372,783.2743315644752,86.44789909231524,126.90867420311051,2029087,6742.253987910166,18127.208079714794,1099.4402386364507,78.65836507867486,1058.3146416766858,1072.8654082074083,1044.0299219458402,1087.150127938254,1029.4791554151177,1101.7008944689765,1015.1944356842721,0.0061887187012231925,-6.855354426638579,56.76130226312125,50.11854884323706,6.642753419884194,70.80366061073852,33.935406622703056,1048.8425537109374,957.7838500976562,849.32708984375,922.7712048339844,PUNJABCHEM.NS,2025-09-01 11:28:00.426705
92,2025-04-22 00:00:00+05:30,1058.4311442103954,1069.1072009982454,1026.0037209416666,1053.79150390625,7717,0.0,0.0,2025-04-22,946.1823211669922,88.56304615977827,1034.7453673267705,857.6192750072139,1123.3084134865487,769.0562288474357,86.78647754445952,130.4624772934177,2021799,7106.830719816605,20973.446602665947,1099.4761654863207,92.83277858134036,1049.6341419487208,1073.2645629557749,1030.1610828991961,1092.7376220052995,1006.530661892142,1116.3680430123536,987.0576028426174,0.01824099956617361,-6.605538923255479,56.565916522987436,48.45786048826601,8.108056034721429,70.31672557376888,33.34543809439234,1041.67861328125,946.1823211669922,844.3123156738282,922.1116815185546,PUNJABCHEM.NS,2025-09-01 11:28:00.426705
93,2025-04-21 00:00:00+05:30,1046.4578740705344,1063.220283320195,1024.756446056238,1055.2880859375,5489,0.0,0.0,2025-04-21,934.2215911865235,89.41444545465721,1023.6360366411807,844.8071457318663,1113.0504820958379,755.3927002772091,105.21428068316206,139.90037663071297,2029516,5062.17370654818,24440.10057337828,1099.5187391120596,92.98481547684383,1047.7549384379777,1070.7534308197173,1032.2895935557603,1086.2187757019346,1009.2911011740207,1109.2172680836743,993.8257562918034,0.014598568440582268,-5.252584153590855,55.93036634333191,46.43084647958565,9.499519863746265,70.6594015341139,32.75875299420419,1031.2419555664062,934.2215911865235,839.4970910644531,921.4421795654297,PUNJABCHEM.NS,2025-09-01 11:28:00.426705
94,2025-04-17 00:00:00+05:30,1030.3439734141148,1047.6552040936435,1012.7333639571887,1040.97021484375,8873,0.0,0.0,2025-04-17,921.69462890625,89.1100796018835,1010.8047085081336,832.5845493043665,1099.914788110017,743.474469702483,97.77807327876806,142.81110722865256,2024027,8072.007610548162,29284.582290085804,1099.5480768264702,90.7815279548112,1033.7862609648607,1054.8391579725328,1019.9173178360779,1068.7081011013156,998.8644208284059,1089.7609981089877,984.995477699623,0.012977718150589273,-10.150299644082953,54.121849074735906,44.055966513649075,10.06588256108683,69.33463224213415,32.2052703367425,1015.24775390625,921.69462890625,834.7537084960937,920.8160815429687,PUNJABCHEM.NS,2025-09-01 11:28:00.426705
95,2025-04-16 00:00:00+05:30,1018.7199906568404,1069.60610184538,1018.7199906568404,1035.582275390625,13603,0.0,0.0,2025-04-16,908.9730987548828,89.34704251059308,998.3201412654759,819.6260562442898,1087.667183776069,730.2790137336966,150.2204704746555,162.26060202696587,2015154,12310.964658850282,34587.72595997021,1099.6109520578088,90.0901591430189,1041.3027892976152,1063.88558793839,1012.9994767498504,1092.1889004861546,990.4166781090756,1114.7716991269294,962.1133655613108,0.0005666206458321255,-12.06011301603411,52.39646428440676,41.53949587337736,10.8569684110294,68.84294521890243,31.8134997503663,1006.2977783203125,908.9730987548828,830.3405847167969,920.3291705322266,PUNJABCHEM.NS,2025-09-01 11:28:00.426705
96,2025-04-15 00:00:00+05:30,1000.7601779638713,1042.66638681181,1000.7601779638713,1022.760986328125,13625,0.0,0.0,2025-04-15,896.1068908691407,88.68059856211087,984.7874894312515,807.4262923070298,1073.4680879933624,718.745693744919,125.18937358285716,162.8260397176919,2001551,12178.209535865359,40156.91628525019,1099.7164879200448,90.10643059849826,1022.0625170346021,1043.3648561053328,1001.4586472573942,1063.9687258825409,980.1563081866634,1085.2710649532717,959.5524384094555,-0.01295220618352745,-9.568529556932704,49.92419348710507,38.82525377062001,11.098939716485063,67.69909315285184,31.222087222061518,987.4898681640625,896.1068908691407,826.4951904296875,919.7724157714844,PUNJABCHEM.NS,2025-09-01 11:28:00.426705
97,2025-04-11 00:00:00+05:30,977.1629278165225,1021.7132414645325,977.1629278165225,1001.6082153320312,12304,0.0,0.0,2025-04-11,884.16611328125,86.78709935050725,970.9532126317572,797.3790139307428,1057.7403119822645,710.5919145802354,74.57441638762663,160.04184688801797,1987926,10770.03162079285,47151.592972596394,1099.8437457762948,90.45986628139464,1000.1614615376953,1023.1599952588682,978.6096816108582,1044.7117751857054,955.6111478896853,1067.7103089068783,934.0593679628481,-0.021035186201927184,-17.69896503271956,47.26521323024372,36.05051884149874,11.214694388744974,65.77420889126978,30.919711779932832,972.5033935546875,884.16611328125,823.6425732421875,919.4446484375,PUNJABCHEM.NS,2025-09-01 11:28:00.426705
98,2025-04-09 00:00:00+05:30,987.1905272892293,989.6849443675841,960.0013811351622,975.3170776367188,11723,0.0,0.0,2025-04-09,874.3929901123047,83.82069282825931,958.213682940564,790.5722972840454,1042.0343757688233,706.751604455786,47.156740648984396,151.3175411956711,1975622,9992.113800684703,56246.98331054728,1099.9906628819522,90.8859976865345,975.0011343798218,990.0008876244814,960.3173243920595,1004.6846976122437,945.3175711473999,1019.6844508569033,930.6337611596376,-0.027296946185911962,-27.8044211290504,45.22800060205566,33.2468452443125,11.981155357743155,63.246143191175825,30.867231438102824,966.6564819335938,874.3929901123047,820.3828698730468,919.5888262939453,PUNJABCHEM.NS,2025-09-01 11:28:00.426705
99,2025-04-08 00:00:00+05:30,945.4838553722561,1015.6767907498266,934.308915221569,996.2203369140625,15835,0.0,0.0,2025-04-08,868.6757873535156,80.40455548740103,949.0803428409166,788.2712318661146,1029.4848983283177,707.8666763787136,65.52622500403037,169.4291315048616,1987345,13786.253145458533,67810.70068801292,1100.168568615589,91.72138762474832,982.0686809618195,1029.8284467020699,948.4605711738124,1063.4365564900772,900.7008054335619,1111.1963222303275,867.0926956455547,-0.027988583664710256,-19.76988982251514,44.523757076837114,30.25155640487671,14.272200671960405,66.89360256347389,31.254120528137452,971.0466552734375,868.6757873535156,819.5806652832031,919.8492431640625,PUNJABCHEM.NS,2025-09-01 11:28:00.426705
100,2025-04-07 00:00:00+05:30,868.1569231182078,951.8695872816618,868.1070469548303,941.542724609375,22384,0.0,0.0,2025-04-07,862.2302124023438,74.59938832069393,936.8296007230377,787.6308240816498,1011.4289890437317,713.0314357609559,12.768154744147408,116.75121278914521,1971510,18418.340899644863,81316.81257365152,1100.36931596328,91.72549636594023,920.5064529486223,972.9058589424143,889.1433186155828,1004.2689932754538,836.7439126217907,1056.6683992692458,805.3807782887512,-0.04048660147684424,-40.786181205589536,40.88885525470778,26.683506236886608,14.20534901782117,61.49948378830252,31.670770317405513,973.2616943359375,862.2302124023438,819.00994140625,920.3261755371094,PUNJABCHEM.NS,2025-09-01 11:28:00.426705
101,2025-04-04 00:00:00+05:30,957.906033914734,993.4764457991643,942.8896552880655,947.82861328125,27531,0.0,0.0,2025-04-04,857.7053375244141,72.24280895560241,929.9481464800165,785.4625285688116,1002.1909554356189,713.2197196132092,57.97080630334535,169.8671884140499,1993894,22804.71134665095,97041.43049215319,1100.8040891696585,93.29002109419638,961.3982381228266,979.9068209575877,929.3200304464889,1011.9850286339254,910.8114476117278,1030.4936114686866,878.7332399353901,-0.03738022238809187,-36.86441289344372,41.00046769040205,23.132168982431317,17.86829870797073,62.588771142142214,33.08512822156548,969.929150390625,857.7053375244141,819.4888696289063,921.6242700195312,PUNJABCHEM.NS,2025-09-01 11:28:00.426705
102,2025-04-03 00:00:00+05:30,977.8114986590804,1005.6990938873424,967.8338303054163,972.3736572265625,18096,0.0,0.0,2025-04-03,850.6760711669922,69.81081486008483,920.486886027077,780.8652563069073,990.2977008871619,711.0544414468225,91.91992623251588,207.97830676905707,2021425,15377.599658282743,115600.61027852874,1101.3208746826058,93.24143193169785,981.9688604731072,996.103890640798,958.2386270588719,1019.8341240550333,944.103596891181,1033.9691542227242,920.3733634769458,-0.011881655155671236,-27.536509270432163,39.903081429168424,18.665094305438636,21.237987123729788,66.8821306794471,32.64048438440739,947.7887084960937,850.6760711669922,819.4369848632813,922.7841735839844,PUNJABCHEM.NS,2025-09-01 11:28:00.426705
103,2025-04-02 00:00:00+05:30,1011.7355633383098,1040.6708013430543,979.4078937596742,997.2679443359375,101033,0.0,0.0,2025-04-02,838.233920288086,69.15161203380165,907.3855323218877,769.0823082542843,976.5371443556893,699.9306962204827,150.66607535101824,256.43457348973607,2039521,88053.75607617026,140656.36293359022,1101.607838085212,93.0704174586757,1005.782213146222,1032.15653253277,970.8936249493897,1067.0451207296023,944.5193055628419,1093.41944011615,909.6307173660095,-0.0009858938349471128,-18.188380062332744,35.47618739662403,13.355597524506187,22.12058987211784,71.49947661746953,31.358333353146,913.46552734375,838.233920288086,819.5357641601563,923.998955078125,PUNJABCHEM.NS,2025-09-01 11:28:00.426705
104,2025-04-01 00:00:00+05:30,938.7988730861234,1047.6552143298009,897.9901837112579,1007.2955322265625,137959,0.0,0.0,2025-04-01,824.0431823730469,63.70484302624659,887.7480253992935,760.3383393468002,951.45286842554,696.6334963205537,218.9067295730846,252.30723955705224,2140554,121445.02351172913,153807.0146479452,1102.9205683173332,91.84245090906265,984.3136434225404,1070.6371031338228,920.9720725152799,1133.9786740410832,834.6486128039975,1220.3021337523658,771.307041896737,0.021595336027599943,-14.568704305234858,26.81919346696384,7.825450056476727,18.993743410487113,73.39549736117065,29.59295772881654,878.9727416992188,824.0431823730469,819.3222424316406,924.9558142089844,PUNJABCHEM.NS,2025-09-01 11:28:00.426705
105,2025-03-28 00:00:00+05:30,830.1919053223221,1004.5516644515702,830.1919053223221,924.8800048828125,869153,0.0,0.0,2025-03-28,810.8676727294921,49.46867697241734,860.3363497019095,761.3989957570748,909.8050266743269,711.9303187846574,276.3766448332938,181.0883088640981,2002595,702513.0592697836,161897.51243199923,1104.5920796110943,90.23877382214954,919.8745248855683,1009.5571444488146,835.1973853195665,1094.2342840148165,745.5147657563202,1183.9169035780628,660.8376261903184,-0.010771155499201998,-34.058422296007336,14.341701015262174,3.077014203854948,11.264686811407227,66.64670706994468,27.691783979538656,844.8890258789063,810.8676727294921,819.0897631835937,925.8847351074219,PUNJABCHEM.NS,2025-09-01 11:28:00.426705
106,2025-03-27 00:00:00+05:30,800.8076653863183,868.0571767741079,797.0161634606395,837.1264038085938,40689,0.0,0.0,2025-03-27,800.5158416748047,45.887361149921645,846.4032028247263,754.6284805248831,892.290563974648,708.7411193749615,73.5684500247234,62.67132670350933,1133442,29767.395288874366,26743.625722553137,1126.8319320233786,71.66181713565936,834.0665813477804,871.1169992349212,800.0759859214528,905.1075946612488,763.025568034312,942.1580125483896,729.0349726079844,-0.1347717549192834,-51.91196432226114,6.266111841782163,0.26084250100314144,6.005269340779021,55.482379744249315,26.067837136833507,824.873828125,800.5158416748047,820.2551538085937,927.8747814941406,PUNJABCHEM.NS,2025-09-01 11:28:00.426705
107,2025-03-26 00:00:00+05:30,818.9171198197214,829.1442297535041,787.4874649012672,800.7577514648438,35961,0.0,0.0,2025-03-26,792.9153533935547,51.72225562771166,844.6376090212664,741.193097765843,896.359864648978,689.4708421381314,-26.86578728805929,19.85732154947597,1092753,25165.5072874679,25987.683330972828,1128.5200996885292,72.50615065125507,805.7964820398716,824.1054991784761,782.4487343262392,847.4532468921085,764.1397171876348,865.7622640307129,740.7919694740024,-0.1470555180865958,-78.21069616318667,4.474369568775842,-1.2404748341916139,5.714844402967456,48.89924659647097,26.479710381965745,822.7585693359375,792.9153533935547,822.8792797851562,930.7633160400391,PUNJABCHEM.NS,2025-09-01 11:28:00.426705
108,2025-03-25 00:00:00+05:30,833.1353452057962,843.113014010656,818.2187181627593,824.8040161132812,22563,0.0,0.0,2025-03-25,787.3577941894531,56.578829772698256,843.9366239621513,730.7789644167549,900.5154537348496,674.2001346440566,60.76006606749027,49.55995988802212,1128714,16263.738704032658,26193.22734184906,1130.2168386381004,81.54862097373635,828.7119160955655,839.2051140283717,814.3108181804749,853.6062119434622,803.8176202476687,864.0994098762684,789.4165223325782,-0.13048958394450388,-44.42686473534912,5.694364244481335,-2.669185934933478,8.363550179414812,53.78274140077197,27.9596241088924,825.5223999023438,787.3577941894531,826.5161401367187,933.1928796386719,PUNJABCHEM.NS,2025-09-01 11:28:00.426705
109,2025-03-24 00:00:00+05:30,824.8039984886408,853.1904169128122,823.6565422410581,836.876953125,19360,0.0,0.0,2025-03-24,780.3335113525391,60.28450538185587,840.6180167343949,720.0490059706832,900.9025221162508,659.7645005888273,72.92022886059793,55.918184539250255,1151277,14159.233338084134,28675.599501303157,1131.2120635021552,85.36754366531444,837.9079707596235,852.1593992781889,822.6255246064347,867.4418454313776,808.3740960878694,881.693273949943,793.0916499346806,-0.12460493547745476,-36.05493193980249,4.801856148084198,-4.760073479787181,9.561929627871379,56.408029671611615,28.379099585122493,821.5113647460937,780.3335113525391,829.2520153808593,935.8199993896484,PUNJABCHEM.NS,2025-09-01 11:28:00.426705
110,2025-03-21 00:00:00+05:30,823.0579240724308,861.022941695151,822.8583585165621,824.8040161132812,72156,0.0,0.0,2025-03-21,773.6110565185547,61.137684335705046,834.7487408542597,712.4733721828497,895.8864251899648,651.3356878471446,46.288651132097286,47.23167356744784,1131917,52011.09470939948,32304.69104210791,1132.037342008493,81.66800165228733,836.2284387749982,849.5985190334342,811.4339358548453,874.393021953587,798.0638555964093,887.763102212023,773.2693526762565,-0.12861978409086836,-39.586740848366894,2.3974185591476953,-7.150555886755025,9.547974445902721,54.33836075026871,28.605154522941696,811.443896484375,773.6110565185547,832.4219201660156,938.0684661865234,PUNJABCHEM.NS,2025-09-01 11:28:00.426705
111,2025-03-20 00:00:00+05:30,815.1755430426776,844.1107826366037,799.2112729218908,826.5501098632812,88732,0.0,0.0,2025-03-20,767.5022277832031,61.853013884233796,829.3552416674369,705.6492138989694,891.2082555516707,643.7962000147355,5.912362433974915,25.33468103956421,1204073,64094.71730472653,27378.090125285016,1135.281905203799,79.41276789166103,823.2907218072586,847.3701706926264,802.4706609779134,868.1902315219716,778.3912120925456,892.2696804073394,757.5711512632005,-0.04597816007201682,-38.76495088211236,0.47168667660048413,-9.537549498230705,10.009236174831189,54.68792897677768,28.84859830213161,802.134716796875,767.5022277832031,836.3201940917969,941.0433081054688,PUNJABCHEM.NS,2025-09-01 11:28:00.426705
112,2025-03-19 00:00:00+05:30,797.4153017999525,843.5620199492686,797.4153017999525,814.576904296875,12948,0.0,0.0,2025-03-19,761.0366943359375,62.1137562479958,823.1504505839332,698.9229380879417,885.2642068319291,636.8091818399458,-0.1810701381575512,14.829122101610519,1115341,9217.3814585113,18198.933330424632,1139.344037364926,77.6791895141482,818.5180753486987,839.620848897445,793.4741307481289,864.6647934980148,772.3713571993827,885.767567046761,747.3274125988129,-0.09623322673322209,-41.117619370876966,-2.1729442344121708,-12.0398585419385,9.86691430752633,52.75761177418708,29.504396167537262,793.6137817382812,761.0366943359375,839.6577233886719,944.2576141357422,PUNJABCHEM.NS,2025-09-01 11:28:00.426705
113,2025-03-18 00:00:00+05:30,789.0340124514772,819.1167073252229,789.0340124514772,804.7488403320312,20174,0.0,0.0,2025-03-18,756.2050048828125,61.485066054657246,817.6900709374698,694.7199388281553,879.175136992127,633.2348727734981,-9.285963894314127,-6.345926500882513,1102393,14188.129831535261,20444.321298402963,1139.9687809672964,75.93361293025657,804.2998533695771,819.565694287677,789.4829994139313,834.3825482433228,774.2171584958314,849.6483891614228,759.4003045401856,-0.13840941016268957,-43.618138110715584,-4.346770470238198,-14.50658711882008,10.159816648581883,51.17139035126003,30.22334030890777,791.9275512695312,756.2050048828125,843.4781713867187,947.640043334961,PUNJABCHEM.NS,2025-09-01 11:28:00.426705
114,2025-03-17 00:00:00+05:30,778.5076006888463,807.0936458875245,776.8612609930183,786.5396118164062,38714,0.0,0.0,2025-03-17,755.0675506591797,60.74573529876746,815.8132859579472,694.3218153604122,876.5590212567146,633.5760800616448,-16.619337622667615,-25.511796386535618,1082219,26611.01398072845,22008.36916511989,1140.976530368125,73.72152406785636,790.1648395656497,803.4684181382811,773.2360332437748,820.3972244601559,759.9324546711434,833.7008030327873,743.0036483492686,-0.15021554920950547,-49.26691979955549,-6.096151238201628,-17.04654128096555,10.950390042763921,48.17833261949703,31.573368080436964,803.1723876953125,755.0675506591797,847.3954040527344,951.2649304199218,PUNJABCHEM.NS,2025-09-01 11:28:00.426705
115,2025-03-13 00:00:00+05:30,783.9454007154903,808.1911222017728,774.267050405649,778.2581176757812,34543,0.0,0.0,2025-03-13,756.2324432373047,61.59842615651859,817.8308693938233,694.6340170807861,879.4292955503419,633.0355909242675,-10.89853660575802,-32.41268856246946,1043505,23493.974325707964,20857.707961217748,1143.0331329393762,69.61162837777054,786.9054300944011,799.5438097831533,765.6197379870295,820.829501890525,752.9813582982773,833.4678815792771,731.6956661909056,-0.13732065145993827,-52.600933990847025,-6.450189697340079,-19.784138791656527,13.333949094316448,46.80151730243979,33.32772300308552,819.3262329101562,756.2324432373047,852.367275390625,955.1322747802734,PUNJABCHEM.NS,2025-09-01 11:28:00.426705
116,2025-03-12 00:00:00+05:30,809.8873729464791,823.2075361762375,770.6252104416978,783.9454345703125,25597,0.0,0.0,2025-03-12,758.4000946044922,63.15737489024317,821.5574694947354,695.242719714249,884.7148443849785,632.0853448240059,6.306559082500113,-30.077636048470495,1078048,17536.692289450013,20198.641370095193,1144.9315115302797,76.61471912771995,792.5927270627493,814.5602436838008,761.9779179492612,845.1750527972889,740.0104013282097,867.1425694183404,709.3955922147215,-0.08730283024738224,-50.31129942554281,-5.990134366821849,-23.11762606523564,17.12749169841379,47.608654684968116,35.21702830439935,833.8836547851563,758.4000946044922,857.9218444824219,959.1722338867188,PUNJABCHEM.NS,2025-09-01 11:28:00.426705
117,2025-03-11 00:00:00+05:30,853.1904231683919,853.2403602308013,800.5582209615172,806.145751953125,11381,0.0,0.0,2025-03-11,760.6076538085938,64.84629631719791,825.4539501257917,695.7613574913959,890.3002464429896,630.915061174198,46.52763665159405,-8.066087653790346,1103645,8018.01327632071,20864.128640256484,1146.3290226745485,82.82688002400201,819.9814443818145,839.4046678021118,786.7225285328277,872.6635836510986,767.2993051125304,892.0868070713959,734.0403892635436,-0.05413337253818161,-41.373760866844144,-5.870479064077131,-27.399498989839085,21.529019925761954,50.78150139625237,37.25166478273732,838.5432250976562,760.6076538085938,863.4434875488281,962.7257800292969,PUNJABCHEM.NS,2025-09-01 11:28:00.426705
118,2025-03-10 00:00:00+05:30,860.1747602773955,881.4771186494406,843.2626612182677,860.9730224609375,9365,0.0,0.0,2025-03-10,760.906982421875,65.08095448665154,825.9879369085265,695.8260279352235,891.0688913951781,630.7450734485719,102.64997648505077,24.946678111623072,1115026,7046.445596101992,24075.657481240425,1146.9155892744848,83.033346056439,861.904267442882,880.5458736674963,842.3314162363233,900.1187248740549,823.689810011709,918.7603310986692,804.1169588051504,-0.04081485754037934,-19.301065428212663,-7.814732258657045,-32.78175397127957,24.967021712622525,59.943391553193116,38.6237765360139,822.0202026367188,760.906982421875,868.3824328613281,966.3741137695313,PUNJABCHEM.NS,2025-09-01 11:28:00.426705
119,2025-03-07 00:00:00+05:30,843.3125572302816,908.9157278846487,843.3125572302816,867.308837890625,49991,0.0,0.0,2025-03-07,759.9092163085937,63.60225339011951,823.5114696987132,696.3069629184743,887.1137230888328,632.7047095283547,155.12557268336334,30.860682987850307,1124391,37891.20127755646,28332.960452525032,1147.321870895721,78.57106921116463,873.1790410018517,903.0455247734218,837.4423541190547,938.7822116562188,807.5758703474846,968.6486954277889,771.8391834646876,-0.03757049382142626,-16.75035438533945,-15.585215909931549,-39.023509399435206,23.438293489503657,61.1275306608165,38.7326869955859,792.5162353515625,759.9092163085937,870.9037890625,968.8485754394532,PUNJABCHEM.NS,2025-09-01 11:28:00.426705
120,2025-03-06 00:00:00+05:30,807.4428045423122,874.043740227452,799.9096771801683,851.0452270507812,54813,0.0,0.0,2025-03-06,758.3776428222657,61.20347520498569,819.5811180272514,697.17416761728,880.7845932322371,635.9706924122943,205.54913319473852,2.2317457481644642,1074400,40767.02227141467,25943.400246267174,1149.4618875675997,73.65678672608706,841.6662148194672,883.4227524587661,809.2886894114824,915.8002778667509,767.5321517721835,957.5568155060498,735.1546263641987,0.0013645219124141785,-10.771022367921523,-25.921631863200332,-44.88308277181112,18.961450908610786,59.208519590144014,38.8482686086289,767.8115356445312,758.3776428222657,873.4151672363281,971.3225378417969,PUNJABCHEM.NS,2025-09-01 11:28:00.426705
121,2025-03-05 00:00:00+05:30,719.5894896447436,863.0683555285646,719.5894896447436,807.2432861328125,91067,0.0,0.0,2025-03-05,756.5292816162109,58.76732099988416,815.2966026160951,697.7619606163267,874.0639236159793,638.9946396164426,249.88406012379218,-34.60661350788158,1019587,64244.83965351623,22237.494739980295,1151.9836741792215,66.64128077625654,796.6337104353735,873.6779312260034,730.1990653421824,940.1125763191944,653.1548445515525,1017.1567971098243,586.7201994583614,-0.06121790571487302,-27.561577213552468,-37.16090528333723,-49.62344549896381,12.462540215626582,53.46189342097404,39.53880860937251,741.1711669921875,756.5292816162109,876.4284240722657,974.249487915039,PUNJABCHEM.NS,2025-09-01 11:28:00.426705
122,2025-03-04 00:00:00+05:30,712.4055151572387,729.367551232411,709.1128968047702,723.5306396484375,12659,0.0,0.0,2025-03-04,756.5592163085937,58.79465925000526,815.3538755585989,697.7645570585885,874.1485348086043,638.9698978085831,72.89776970214376,-91.26578767986834,928520,8004.405926733049,11735.65851159631,1156.892702458048,50.35666231913951,720.6703625618729,732.2278283189756,711.9731738913349,740.9250169895137,700.4157081342322,752.4824827466164,691.7185194636942,-0.17959024489304382,-64.52246597162276,-46.673709567449805,-52.739080552870455,6.06537098542065,37.94814253432862,40.47385402287691,716.7458374023438,756.5592163085937,881.4012927246093,977.5301446533203,PUNJABCHEM.NS,2025-09-01 11:28:00.426705
123,2025-03-03 00:00:00+05:30,728.7689439822028,738.3474815454114,696.4412731333746,713.4531860351562,22962,0.0,0.0,2025-03-03,761.0341979980469,59.549630501660694,820.5838284997076,701.4845674963863,880.1334590013684,641.9349369947255,37.08699496549825,-98.00160550833257,915861,14316.866397541564,12668.471657812124,1157.7522168204878,50.92972949304025,716.0806469046474,735.7200206759203,693.8138122638835,757.9868553166842,674.1744384926106,777.6262290879571,651.9076038518467,-0.2065498336699449,-71.01092477936919,-49.90137699611091,-54.25542329922561,4.3540463031147,35.545668406791805,41.94918821824032,709.9610229492188,761.0341979980469,888.3178112792968,981.4817999267578,PUNJABCHEM.NS,2025-09-01 11:28:00.426705
124,2025-02-28 00:00:00+05:30,704.8225545318048,752.2663579093536,700.4822320266784,743.7853393554688,16044,0.0,0.0,2025-02-28,766.2674865722656,59.74682649532818,826.0143130675938,706.5206600769375,885.7611395629219,646.7738335816093,47.42293262722278,-90.7573573872884,938823,10428.768932278696,12256.372972879764,1159.3563970543555,55.29942206219946,732.1779764305002,763.873720834322,712.0895949516467,783.9621023131754,680.393850547825,815.6578467169971,660.3054690689715,-0.22107979783163503,-55.098161166029264,-52.28521142398097,-55.34393487500429,3.0587234510233188,39.857270589000436,43.53800965940092,704.1340576171875,766.2674865722656,895.4269018554687,985.8819519042969,PUNJABCHEM.NS,2025-09-01 11:28:00.426705
125,2025-02-27 00:00:00+05:30,679.4792356187745,768.2804866761473,679.4792356187745,717.8433837890625,58702,0.0,0.0,2025-02-27,770.0939208984375,60.67459874457594,830.7685196430135,709.4193221538616,891.4431183875894,648.7447234092857,-3.28089628776184,-101.26492874845695,922779,36826.07030358551,12713.27398303003,1160.4074462556546,53.4173642247838,721.8677020279947,764.2561684372149,675.4549173798421,810.6689530853675,633.0664509706219,853.0574194945877,586.6536663224692,-0.3095869073771181,-70.23314270703389,-57.53229921660318,-56.10861573776011,-1.423683478843067,33.44608279851484,45.35669214577776,695.8625610351562,770.0939208984375,902.9859826660156,990.5415228271485,PUNJABCHEM.NS,2025-09-01 11:28:00.426705
126,2025-02-25 00:00:00+05:30,678.4814642108132,696.2417021236191,670.1001982345489,685.1166381835938,7335,0.0,0.0,2025-02-25,776.3673797607422,61.46905795721528,837.8364377179574,714.898321803527,899.3054956751728,653.4292638463116,-72.81011391113975,-130.42316341342902,864077,4391.747984442216,6685.074902891159,1164.541077275938,38.68430282289375,683.8195128472539,697.538827459959,671.3973235708887,709.9610167363242,657.6780089581837,723.6803313490292,645.2558196818185,-0.36957832453699063,-87.22795656986851,-60.82357055112345,-55.752694868049346,-5.070875683074107,23.947465092228057,47.31527328495281,692.8193725585937,776.3673797607422,909.3547277832031,995.6126727294921,PUNJABCHEM.NS,2025-09-01 11:28:00.426705
127,2025-02-24 00:00:00+05:30,668.5536507772466,704.3735042542526,660.5216399933521,689.6065673828125,7272,0.0,0.0,2025-02-24,786.1180541992187,61.69916550797535,847.817219707194,724.4188886912434,909.5163852151694,662.719723183268,-80.35158917058126,-135.91603525744083,871412,4382.561678510981,7258.406632503394,1165.101260509961,38.58810169462833,684.8339038768057,709.1461677602593,665.2943034993589,728.6857681377062,640.9820396159053,752.9980320211598,621.4424392384584,-0.33985475495261996,-84.896361735542,-60.89273738112763,-54.48497594728081,-6.407761433846822,24.390900401823288,45.95599406459233,695.2439331054687,786.1180541992187,916.8130346679687,1001.4805395507813,PUNJABCHEM.NS,2025-09-01 11:28:00.426705
128,2025-02-21 00:00:00+05:30,702.3280994645123,716.3467113154629,673.4926135755861,684.318359375,10358,0.0,0.0,2025-02-21,793.5688781738281,58.337026733315845,851.905904907144,735.2318514405123,910.2429316404598,676.8948247071964,-87.52370379275655,-139.34339079262176,864140,6194.50882926,7977.367871001496,1165.6527188995924,43.853608917768724,691.3858947553496,709.279175935113,666.4250781952362,734.2399924952264,648.5317970154728,752.1332736749898,623.5709804553594,-0.39420933695036864,-93.97223614904664,-60.500864647023946,-52.8830355888191,-7.617829058204848,22.8275451165254,44.492154904204135,700.9112426757813,793.5688781738281,924.7562548828125,1007.36087890625,PUNJABCHEM.NS,2025-09-01 11:28:00.426705
129,2025-02-20 00:00:00+05:30,702.6274219933919,727.122585773468,689.8060815402688,702.4278564453125,11308,0.0,0.0,2025-02-20,806.1133026123047,60.54113523849304,866.6544378507976,745.5721673738117,927.1955730892907,685.0310321353186,-90.70691178863161,-138.66736314582602,874498,6941.611500184761,8423.08263143687,1166.4491605946869,45.048363808015395,706.4521745863498,723.0982676324307,685.7817633992315,743.768678819549,669.1356703531505,760.41477186563,648.4652591660323,-0.3957877752660311,-88.9805397266851,-58.56166066627293,-50.97857832426788,-7.583082342005049,24.43355563813276,43.082725786386135,720.4475219726562,806.1133026123047,932.50990234375,1013.091552734375,PUNJABCHEM.NS,2025-09-01 11:28:00.426705
130,2025-02-19 00:00:00+05:30,697.1397236261511,717.3943788892901,697.1397236261511,702.62744140625,17611,0.0,0.0,2025-02-19,819.3761169433594,65.48433799167103,884.8604549350305,753.8917789516884,950.3447929267015,688.4074409600173,-123.43141493090552,-149.53080932392703,885806,10813.888873195068,8793.450414249897,1167.2888915473084,38.75286102847068,705.7205146405637,714.3013056549763,694.0466503918373,725.9751699037027,685.4658593774246,734.5559609181154,673.7919951286982,-0.3746342720457232,-88.86266605281033,-56.97510511956557,-49.08280773876661,-7.892297380798958,24.45119635183005,41.78819234716022,741.929443359375,819.3761169433594,939.597041015625,1018.2659716796875,PUNJABCHEM.NS,2025-09-01 11:28:00.426705
131,2025-02-18 00:00:00+05:30,721.6348518216087,721.6847279827865,683.7695888618448,697.2394409179688,12261,0.0,0.0,2025-02-18,832.5192016601562,67.17601366532728,899.6952153254836,765.3431879948289,966.8712289908108,698.1671743295017,-191.69188743535213,-165.2309333672345,868195,7471.032339335708,8288.340799513604,1168.602188206775,26.57827315576361,700.8979192542,718.0262496465552,680.1111105256135,738.8130583751417,662.9827801332583,755.941388767497,642.1959714046718,-0.3577570364811121,-92.73216736052156,-54.10023017153139,-47.10973339356687,-6.990496777964523,23.061084888774516,39.838279768887936,765.7261840820313,832.5192016601562,946.957568359375,1023.2178881835938,PUNJABCHEM.NS,2025-09-01 11:28:00.426705
132,2025-02-17 00:00:00+05:30,774.9156381545478,774.9156381545478,712.9044048883432,717.943115234375,33862,0.0,0.0,2025-02-17,844.9189483642579,63.688692582861584,908.6076409471194,781.2302557813963,972.296333529981,717.5415631985347,-262.6395292399783,-152.66187127370694,880456,21245.913963467636,8492.667914558078,1169.5315370209253,26.515876358410466,735.254386092422,757.6043672965009,695.5931340302963,797.2656193586266,673.2431528262174,819.6156005627055,633.5819007640916,-0.365261720306372,-97.06310737628083,-49.06918219495196,-45.36210919907573,-3.7070729958762314,24.680558649666537,37.738373915363944,791.8976196289062,844.9189483642579,954.2143273925781,1028.2561126708983,PUNJABCHEM.NS,2025-09-01 11:28:00.426705
133,2025-02-14 00:00:00+05:30,809.4882199461761,819.166570412181,770.475561110692,781.999755859375,6675,0.0,0.0,2025-02-14,857.8874237060547,62.87428445963567,920.7617081656904,795.0131392464191,983.635992625326,732.1388547867834,-224.96313666632176,-120.46342200978353,914318,4561.741436159721,5304.356402330689,1172.0039685124657,30.975124112658023,790.5472957940827,810.6190304774735,761.9280211759844,839.2383050955718,741.8562864925937,859.3100397789626,713.2370118744954,-0.27325614028467277,-90.5094626157064,-43.92344199556908,-44.43534095010667,0.5118989545375925,30.92035756723817,35.81085190820776,810.7354614257813,857.8874237060547,961.1198718261719,1033.3976055908204,PUNJABCHEM.NS,2025-09-01 11:28:00.426705
134,2025-02-13 00:00:00+05:30,825.9513609739657,835.7794006850154,798.2134555725889,809.8374633789062,7152,0.0,0.0,2025-02-13,868.1170288085938,66.42103904218456,934.5380678507784,801.6959897664092,1000.9591068929628,735.2749507242247,-79.46290294017516,-109.52527249238267,920993,5061.720345745469,5490.01014387343,1172.4253334497232,27.986236015694757,814.6101065455035,831.0067575184181,793.4408124059917,852.17605165793,777.0441614330771,868.5727026308446,755.8748672935652,-0.2601316994122752,-89.93450926397665,-42.97843707464585,-44.56331568874106,1.58487861409521,34.433487686108776,34.650580979953965,822.5390502929688,868.1170288085938,965.7764489746094,1038.0142730712892,PUNJABCHEM.NS,2025-09-01 11:28:00.426705
135,2025-02-12 00:00:00+05:30,826.7496078840968,838.1241746133928,795.270075172139,821.6111450195312,5234,0.0,0.0,2025-02-12,877.4087341308593,70.69961347044713,948.1083476013065,806.7091206604122,1018.8079610717537,736.009507189965,-57.21537495166016,-114.57332423988781,928145,3758.13881761482,5597.082593405419,1172.8455582131787,28.114981898383775,818.3351316016877,841.4001880312366,798.5460885899827,861.1892310429416,775.4810321604339,884.2542874724904,755.6919891487288,-0.21634278984951633,-84.81010863906826,-43.85894837743831,-44.959535342264864,1.1005869648265545,36.041057341817094,34.031983010844414,827.90703125,877.4087341308593,970.1925634765626,1042.1505151367187,PUNJABCHEM.NS,2025-09-01 11:28:00.426705
136,2025-02-11 00:00:00+05:30,816.3229818696758,843.1129977339884,801.7555491564967,828.0966186523438,13421,0.0,0.0,2025-02-11,885.4856536865234,73.17365258491839,958.6593062714418,812.312001101605,1031.8329588563602,739.1383485166866,-22.913692655436584,-118.4339042908114,933379,9712.670721802982,6056.818537353069,1173.143711875322,28.140598853906667,824.3217218476096,846.8878945387225,805.5304459612308,865.6791704251013,782.9642732701179,888.2453431162143,764.1729973837391,-0.22795319783943419,-82.48698459825111,-45.4812693982351,-45.234682083471505,-0.24658731476359463,36.92368467049805,33.36580058257259,826.4004028320312,885.4856536865234,974.7284118652344,1045.9969061279296,PUNJABCHEM.NS,2025-09-01 11:28:00.426705
137,2025-02-10 00:00:00+05:30,845.9565832481104,845.9565832481104,805.1978325639857,812.13232421875,3850,0.0,0.0,2025-02-10,892.4974578857422,74.09812464236244,966.5955825281046,818.3993332433797,1040.693707170467,744.3012086010173,-54.72368890999236,-130.9587255030556,919958,2732.500838504463,5142.85549124059,1173.8964067665718,21.682440494697005,821.095580010282,836.9933274565783,796.2345767724536,861.8543306944067,780.3368293261573,877.752078140703,755.4758260883289,-0.2744396421391839,-91.94270938465722,-47.50794266296805,-45.1730352547806,-2.3349074081874477,33.18738388663323,32.80198838979798,822.3494750976563,892.4974578857422,979.1126000976562,1049.9605346679687,PUNJABCHEM.NS,2025-09-01 11:28:00.426705
138,2025-02-07 00:00:00+05:30,831.389225756502,853.0906546916403,825.1531829590485,841.0177001953125,6541,0.0,0.0,2025-02-07,901.0208801269531,74.17163128884877,975.1925114158018,826.8492488381044,1049.3641427046507,752.6776175492555,13.90322897833294,-124.14724392547875,923808,4807.530665900556,5745.444154424622,1174.1229305199615,20.570792456801428,839.7538459486672,854.3545089382858,826.417037205694,867.691317681259,811.8163742160754,882.2919806708776,798.4795654731022,-0.2416736077980796,-75.7286646664619,-47.810640153704526,-44.58930840273374,-3.2213317509707835,36.85704537494513,32.274523526584204,822.5290649414062,901.0208801269531,983.77017578125,1053.9945056152344,PUNJABCHEM.NS,2025-09-01 11:28:00.426705
139,2025-02-06 00:00:00+05:30,815.1755050276214,843.8613015631711,815.1755050276214,836.6773681640625,8033,0.0,0.0,2025-02-06,907.0498840332032,73.93787865631312,980.9877626895163,833.11200537689,1054.9256413458295,759.174126720577,-34.73712066797027,-142.30563731121026,917267,5873.656794041108,5979.922526555638,1174.4776748276515,18.433028168283016,831.904724918285,848.6339448089485,819.9481482733988,860.5905214538346,803.2189283827353,877.3197413444982,791.2623517378491,-0.2774739668427674,-81.60131524288019,-50.31855290614658,-43.783975464991045,-6.534577441155534,35.86784025581069,32.18844237572191,817.94931640625,907.0498840332032,987.887958984375,1057.6677844238282,PUNJABCHEM.NS,2025-09-01 11:28:00.426705
140,2025-02-05 00:00:00+05:30,812.0824692158252,824.8039966416976,807.8419600738677,814.0780029296875,6495,0.0,0.0,2025-02-05,914.9846252441406,74.50140405052004,989.4860292946606,840.4832211936206,1063.9874333451808,765.9818171431006,-73.78211459488995,-171.89183181069313,909234,4620.808316705479,6006.48895968427,1174.920055370541,12.422800701247013,815.5746532150843,823.3073463563009,806.3453097884709,832.5366897829142,798.6126166472543,840.2693829241308,789.383273220641,-0.3228108359418652,-92.3003910054639,-52.33958194360241,-42.15033110470216,-10.18925083890025,30.611506410392494,31.616811168428367,814.6766479492187,914.9846252441406,991.8860107421875,1061.4538110351561,PUNJABCHEM.NS,2025-09-01 11:28:00.426705
141,2025-02-04 00:00:00+05:30,827.1487447782961,839.1219473565102,806.1956402664213,807.8419799804688,8218,0.0,0.0,2025-02-04,925.2666107177735,74.0310082677502,999.2976189855236,851.2356024500233,1073.328627253274,777.204594182273,-77.61945314149857,-186.58890150509035,902739,5801.834452228281,6352.909120428968,1175.3025405484702,18.89152577781961,817.7198558678001,829.244071469179,796.31776437909,850.646162957889,784.7935487777112,862.1703785592679,763.3914572890011,-0.3015568357745384,-95.25267224429344,-51.90839251478383,-39.6030183949771,-12.305374119806729,29.12211343374821,29.945597006543352,820.5235595703125,925.2666107177735,996.2153198242188,1065.8719213867187,PUNJABCHEM.NS,2025-09-01 11:28:00.426705
142,2025-02-03 00:00:00+05:30,831.6386490934948,831.6386490934948,797.814329347907,813.0302734375,5054,0.0,0.0,2025-02-03,934.5458404541016,70.06251652514486,1004.6083569792464,864.4833239289568,1074.6708735043912,794.4208074038119,-91.89422558600359,-208.95526950231758,910957,3590.9944381337286,6490.677787479139,1175.7960301828766,13.79087396568211,814.1610839596339,830.5078385713607,796.6835188257729,847.9854037052216,780.3367642140461,864.3321583169485,762.8591990801851,-0.26415508768517704,-92.79641100865216,-49.95569481145253,-36.52667486502541,-13.429019946427118,29.613024351668003,28.145827909128723,834.9811889648438,934.5458404541016,999.9110473632812,1070.372847290039,PUNJABCHEM.NS,2025-09-01 11:28:00.426705
143,2025-02-01 00:00:00+05:30,821.1621342943135,844.4100901935914,813.2797516590417,818.1189575195312,6714,0.0,0.0,2025-02-01,944.1742919921875,65.57229369870481,1009.7465856908923,878.6019982934827,1075.318879389597,813.0297045947779,-94.96237320188045,-217.1621843310059,916011,4800.324219273394,7215.59862481549,1176.0958922474608,13.957803590327103,825.2695997907214,837.259447922401,806.1291093878514,856.399938325271,794.1392612561717,868.3897864569507,774.9987708533017,-0.2586714668591958,-96.01101694608408,-47.2097138527821,-33.16941987841864,-14.040293974363465,30.074710665762936,25.801563538722775,840.0997436523437,944.1742919921875,1003.3872680664062,1074.7540411376954,PUNJABCHEM.NS,2025-09-01 11:28:00.426705
144,2025-01-31 00:00:00+05:30,835.6297224015906,869.1047874595192,810.1866681672735,820.3140258789062,18926,0.0,0.0,2025-01-31,953.2988677978516,59.526520358474215,1012.8253881563257,893.7723474393774,1072.3519085148,834.2458270809032,-110.68816700001052,-230.83390083911544,922725,13567.872410664057,7819.417226201014,1176.4894183516767,14.329334420410902,833.2018271685664,856.2169861698593,797.2988668776136,892.1199464608121,774.2837078763207,915.135105462105,738.3807475853679,-0.25022457651343993,-94.90716280021361,-43.479885696308884,-29.659346384827764,-13.82053931148112,30.264080998737455,23.50211550996919,863.5173217773438,953.2988677978516,1006.8784545898437,1079.2769177246093,PUNJABCHEM.NS,2025-09-01 11:28:00.426705
145,2025-01-30 00:00:00+05:30,879.1822917801796,884.4704439507793,830.3914680370258,843.3125610351562,10389,0.0,0.0,2025-01-30,964.0398254394531,53.325834923267664,1017.3656603627207,910.7139905161855,1070.6914952859884,857.3881555929178,-125.10806973841997,-228.49738060876612,941651,7656.5847370104275,6382.303430085252,1177.596571757765,16.32098823236271,852.7248243409871,875.0581806449484,820.9792047311948,906.8038002547406,798.6458484272335,929.1371565587019,766.9002288174413,-0.18362568841136834,-89.5634125603049,-38.2619702329398,-26.204211556957485,-12.057758675982317,32.23446766141555,21.025786863619174,892.9913452148437,964.0398254394531,1010.3177563476562,1083.7733538818359,PUNJABCHEM.NS,2025-09-01 11:28:00.426705
146,2025-01-29 00:00:00+05:30,842.0154814423679,891.9038246751458,827.098854635996,880.130126953125,9963,0.0,0.0,2025-01-29,974.6735260009766,49.01496488116588,1023.6884908821424,925.6585611198108,1072.7034557633083,876.6435962386448,-162.0393528634183,-232.24765814872046,952040,7663.19356246196,6063.7331033539585,1178.167939975368,17.7452937835685,866.377602088089,905.6563495401821,840.8513795010323,931.1825721272388,801.5726320489392,970.4613195793319,776.0464094618825,-0.1700801507995577,-71.6906328192927,-33.26673768184901,-23.189771887961903,-10.076965793887105,35.68847471739606,18.654042906083493,917.42666015625,974.6735260009766,1013.0496411132813,1088.2917419433593,PUNJABCHEM.NS,2025-09-01 11:28:00.426705
147,2025-01-28 00:00:00+05:30,909.9633774538966,939.9961356177776,823.1576605257287,838.623046875,17995,0.0,0.0,2025-01-28,983.6683990478516,47.22598282317929,1030.8943818710309,936.4424162246723,1078.1203646942101,889.2164334014931,-262.42619240645956,-257.5467161941304,942077,13188.379096190318,5663.867988576958,1178.6572686675447,27.522587059522493,867.2589476728353,911.360234819942,794.5217597278931,984.0974227648842,750.4204725807865,1028.1987099119908,677.6832846358443,-0.23991066858845192,-92.68867855126994,-29.99325723060315,-20.670530439490125,-9.322726791113023,27.56302747765858,16.09985710566045,930.447509765625,983.6683990478516,1015.2467236328125,1092.4683935546875,PUNJABCHEM.NS,2025-09-01 11:28:00.426705
148,2025-01-27 00:00:00+05:30,958.8539344624502,968.6819134894379,927.8234100584311,935.2068481445312,5653,0.0,0.0,2025-01-27,994.3918975830078,35.435137685596736,1029.8270352686045,958.9567598974111,1065.2621729542013,923.5216222118144,-131.98040063808256,-147.3014973513145,960072,4620.185807522468,3782.7402116736175,1179.6686232701652,34.526276402539196,943.9040572308,959.984704403169,919.1262009721622,984.7625606618068,903.0455537997933,1000.8432078341757,878.2676975411555,-0.0012968839475407457,-93.09060222031272,-21.259948505319926,-18.33984874171187,-2.9200997636080572,37.91159721729569,13.349195474435637,958.1854248046875,994.3918975830078,1018.7947827148438,1097.129461669922,PUNJABCHEM.NS,2025-09-01 11:28:00.426705
149,2025-01-24 00:00:00+05:30,969.4302350321694,970.7273806401059,939.9961133235903,967.6841430664062,4363,0.0,0.0,2025-01-24,996.9835968017578,32.66590098564068,1029.6494977873986,964.3176958161172,1062.315398773039,931.6517948304764,-90.06244551399566,-128.6878550266218,965725,3689.7047510025745,3573.3788127114044,1179.8972488891775,35.67908157664044,959.4692123433675,978.9423113631448,948.2110440466291,990.2004796598832,928.7379450268519,1009.6735786796604,917.4797767301135,0.01766246884779928,-65.80110212624201,-19.268587481989925,-17.609823800809856,-1.6587636811800692,42.94694963620774,12.461810330858302,968.4624267578125,996.9835968017578,1020.1178210449219,1100.917982788086,PUNJABCHEM.NS,2025-09-01 11:28:00.426705
150,2025-01-23 00:00:00+05:30,950.1235015905787,975.5166806020436,943.2388858306947,965.4891357421875,2376,0.0,0.0,2025-01-23,998.243276977539,31.95459343539107,1030.1978704129301,966.288683542148,1062.152463848321,934.3340901067569,-102.34797423401498,-134.84604918460428,961362,2004.7794660710774,3544.297328138611,1180.050536110483,35.716611418053816,961.4149007249753,979.5909156192558,947.3131208479069,993.6926954963242,929.1371059536264,1011.8687103906047,915.035326076558,-0.07050042378068393,-69.01937590166376,-19.625615103789755,-17.19513288051484,-2.4304822232749146,42.466329626578464,11.878299433588305,974.059912109375,998.243276977539,1021.6424096679688,1104.2076208496094,PUNJABCHEM.NS,2025-09-01 11:28:00.426705
151,2025-01-22 00:00:00+05:30,975.8159524712427,975.8159524712427,932.8621029394725,945.234375,8872,0.0,0.0,2025-01-22,1000.0542236328125,31.013074704299335,1031.0672983371119,969.0411489285132,1062.0803730414111,938.0280742242138,-172.68870731217478,-167.1455364024829,958986,7328.815997555741,3929.1767936554943,1180.1349701248578,30.801287431464715,951.3041434702385,969.7461840010045,926.7923344692343,994.2579930020087,908.3502939384683,1012.7000335327747,883.8384849374642,-0.16884014102315117,-90.00406225004453,-19.56918588153053,-16.587512324696114,-2.9816735568344157,38.0024201532803,11.349472608455022,977.5919921875,1000.0542236328125,1023.7596704101562,1107.396982421875,PUNJABCHEM.NS,2025-09-01 11:28:00.426705
152,2025-01-21 00:00:00+05:30,987.789173914864,1009.0415954768977,974.8182049644669,977.3126220703125,2831,0.0,0.0,2025-01-21,1005.5868408203125,30.585737902434907,1036.1725787227474,975.0011029178777,1066.7583166251823,944.4153650154427,-6.754497111772444,-96.32025391200176,967858,2417.9435363253765,3079.2669926804324,1180.4806417090078,42.8975688028041,987.057474170559,999.2967433766511,965.0733528642203,1021.2808646829898,952.8340836581282,1033.520133889082,930.8499623517895,-0.11832362388823932,-79.83191650445966,-17.205649518096266,-15.842093935487508,-1.3635555826087575,42.898647135513144,10.779966796773024,982.2116577148438,1005.5868408203125,1026.1313623046874,1110.8771936035157,PUNJABCHEM.NS,2025-09-01 11:28:00.426705
153,2025-01-20 00:00:00+05:30,993.6261020856984,998.2158661759969,975.9656774020814,986.5918579101562,1415,0.0,0.0,2025-01-20,1010.1890380859375,32.94157673996977,1043.1306148259073,977.2474613459677,1076.072191565877,944.3058846059979,-16.21027860686741,-97.93841712888198,970689,1220.019422953173,3244.5978567691964,1180.57608759745,43.74570893407846,986.9244671627448,997.8832569234082,975.6330681494927,1009.1746559366603,964.6742783888293,1020.1334456973237,953.3828793755772,-0.06619173622431704,-72.72725880624903,-17.07813639277424,-15.50120503983532,-1.5769313529389208,44.43651569838427,11.544245844218704,983.269287109375,1010.1890380859375,1028.4621459960938,1114.1214331054687,PUNJABCHEM.NS,2025-09-01 11:28:00.426705
154,2025-01-17 00:00:00+05:30,983.0996709010442,999.7623895737105,976.4146207869976,995.6715698242188,6401,0.0,0.0,2025-01-17,1014.3048309326172,34.9210109856935,1049.2258419183106,979.3838199469237,1084.1468529040042,944.4628089612302,-7.675018731004751,-90.3502176258621,972104,5569.762946626305,3750.742465223202,1180.6216479275122,58.55106357352785,990.6161933949757,1004.8177660029537,981.4699972162408,1013.9639621816885,967.2684246082628,1028.1655347896667,958.1222284295279,-0.23854860562416708,-65.7753668335513,-17.569985445448538,-15.106972201600588,-2.46301324384795,45.93257783405461,11.934795141216696,978.2704711914063,1014.3048309326172,1030.5893859863281,1117.1631256103515,PUNJABCHEM.NS,2025-09-01 11:28:00.426705
155,2025-01-16 00:00:00+05:30,971.026705508192,988.8866954902297,971.026705508192,983.1495361328125,1059,0.0,0.0,2025-01-16,1020.6082214355469,42.034066640827625,1062.6422880763744,978.5741547947192,1104.676354717202,936.5400881538916,-63.1675162939133,-112.15766316431599,965703,909.8887945719522,3295.9873448724265,1180.8183586386704,51.73282782470382,981.0209790437448,991.0152525792976,973.1552625972598,998.8809690257825,963.160989061707,1008.8752425613353,955.2952726152221,-0.015007934875553346,-75.3628764731813,-18.827703429493,-14.4912188906386,-4.3364845388544,43.49692425273473,12.370867823069798,978.210595703125,1020.6082214355469,1032.67970703125,1119.4031115722655,PUNJABCHEM.NS,2025-09-01 11:28:00.426705
156,2025-01-15 00:00:00+05:30,984.0475301138216,990.8822084982899,950.9715355405683,968.3327026367188,3128,0.0,0.0,2025-01-15,1023.2647766113281,41.21300145453352,1064.4777780658617,982.0517751567946,1105.6907795203952,940.838773702261,-106.52319010260864,-139.1113162762554,964644,2647.0620480503576,3892.511982447545,1180.8531471803815,42.89773345451395,970.062148891859,989.1527622431497,949.2420892854282,1009.9728218495806,930.1514759341375,1029.0634352008713,909.3314163277066,-0.028186762081576913,-86.7074022485818,-18.919464751131045,-13.407097755924998,-5.5123669952060474,40.55341105857868,12.424708771720269,985.5242309570312,1023.2647766113281,1035.4944091796874,1121.7488610839844,PUNJABCHEM.NS,2025-09-01 11:28:00.426705
157,2025-01-14 00:00:00+05:30,965.8382983586638,987.6394793907921,959.4525662413786,982.6007690429688,3304,0.0,0.0,2025-01-14,1027.749740600586,39.776114293802,1067.525854894388,987.9736263067839,1107.30196918819,948.197512012982,-102.64556420478947,-128.3156183836596,967772,2837.1997718755765,4203.874466046842,1180.9636810490993,35.492720150461366,976.5642715583798,993.675976875381,965.4890637259675,1004.7511847077933,948.3773584089663,1021.8628900247945,937.302150576554,-0.03890809919484308,-76.33706059791861,-17.291054890565647,-12.029006007123485,-5.262048883442162,42.53460689712071,12.482691331805391,990.5430053710937,1027.749740600586,1038.6473522949218,1124.0881256103517,PUNJABCHEM.NS,2025-09-01 11:28:00.426705
158,2025-01-13 00:00:00+05:30,994.1748895407187,1016.275388191855,951.919427930729,961.5977783203125,5283,0.0,0.0,2025-01-13,1032.9580810546875,40.36855564055646,1073.326636695244,992.589525414131,1113.6951923358004,952.2209697735746,-123.9886052631972,-134.7506932608808,964468,4439.630638462474,4545.543139589658,1181.0727163383624,32.687277236326835,976.5975314809654,1001.2756350312018,936.9196747700757,1040.9534917420915,912.2415712198393,1065.6315952923278,872.5637145089497,-0.03458371189284877,-92.53558643531838,-16.349399489539678,-10.713493786262944,-5.635905703276734,38.42383587238616,12.785738931305739,995.1427124023437,1032.9580810546875,1039.869619140625,1126.4024462890625,PUNJABCHEM.NS,2025-09-01 11:28:00.426705
159,2025-01-10 00:00:00+05:30,1024.4071835677794,1024.4071835677794,974.8182194840424,995.3721923828125,2737,0.0,0.0,2025-01-10,1038.4782287597657,37.54672920880679,1076.0249579685724,1000.9314995509588,1113.5716871773793,963.3847703421521,-69.8444715006061,-86.95125474051787,969751,2380.8557261320643,4572.021264871453,1181.2657859789006,32.042079511069986,998.1991984782113,1021.5801774723802,971.9912133886432,1047.7881625619484,948.6102343944743,1071.1691415561172,922.4022493049063,0.012151306672520268,-80.74769436731306,-12.827600692971373,-9.30451736044376,-3.5230833325276123,43.01903873887977,13.112097884613805,1002.9452514648438,1038.4782287597657,1042.3879833984374,1128.6154943847657,PUNJABCHEM.NS,2025-09-01 11:28:00.426705
160,2025-01-09 00:00:00+05:30,997.4675240081692,1034.684215030558,997.4675240081692,1019.7177124023438,6088,0.0,0.0,2025-01-09,1041.5488586425781,36.327316869284644,1077.8761755118628,1005.2215417732934,1114.2034923811475,968.8942249040089,-12.28113843602837,-42.88209478615274,972488,5425.345303820247,5119.8126495563,1181.350544942169,49.1421263597255,1017.2898171470237,1037.112110285878,999.8954192634892,1054.5065081694124,980.0731261246348,1074.328801308267,962.6787282411003,-0.0013511294921923018,-79.72361451149948,-11.450541486960446,-8.423746527311858,-3.026794959648589,46.763545537071906,14.095649289951279,1010.8974487304688,1041.5488586425781,1043.7150122070314,1130.6344750976561,PUNJABCHEM.NS,2025-09-01 11:28:00.426705
161,2025-01-08 00:00:00+05:30,1005.9485363201202,1008.0438223163557,987.7891677236122,993.4265747070312,1866,0.0,0.0,2025-01-08,1044.0956634521485,36.50131932600702,1080.5969827781555,1007.5943441261416,1117.0983021041625,971.0930248001345,-77.29209952677276,-99.64817277527393,966400,1620.0193083255585,5043.429485990313,1181.5146384222087,62.021802059891534,996.4198549156663,1005.0505421077204,984.7958875149769,1016.6745095084098,976.1652003229228,1025.305196700464,964.5412329222335,0.009634825614312907,-93.72838126925622,-11.911660210173523,-7.66704778739971,-4.2446124227738125,41.67369122812134,14.515390274606087,1018.151220703125,1044.0956634521485,1045.7664221191405,1132.6130474853517,PUNJABCHEM.NS,2025-09-01 11:28:00.426705
162,2025-01-07 00:00:00+05:30,1005.6991174244042,1022.9105348384305,981.9023413046704,1005.5993041992188,3578,0.0,0.0,2025-01-07,1047.428204345703,34.626216470133826,1082.054420815837,1012.8019878755692,1116.6806372859708,978.1757714054354,-71.09439552999467,-87.53793606981397,968266,3144.402104816896,5899.282030406502,1181.573184139826,61.21424190725589,1003.4707267807731,1025.0391122568758,984.0309187231157,1044.4789203145333,962.462533247013,1066.047305790636,943.0227251893556,0.017424672623308574,-87.24421008887603,-9.732273496261314,-6.605894681706257,-3.126378814555057,43.45976292804182,15.530918398657846,1031.4714233398438,1047.428204345703,1048.8575048828125,1135.1568542480468,PUNJABCHEM.NS,2025-09-01 11:28:00.426705
163,2025-01-06 00:00:00+05:30,1025.7043345825805,1038.1764203630107,994.4243678048042,1000.6104736328125,4086,0.0,0.0,2025-01-06,1050.3092559814454,33.335809627368235,1083.6450656088136,1016.9734463540772,1116.9808752361819,983.6376367267089,-66.37642793204813,-72.87745430483196,964688,3573.0260672476284,6588.002011803903,1181.678276244335,61.5090138857212,1011.0704206002092,1027.7164733956142,983.9644208374077,1054.8224731584157,967.3183680420027,1071.4685259538207,940.2123682792012,0.05211466309377495,-89.90166102485982,-7.993368812585004,-5.824299978067492,-2.169068834517512,42.521844592839535,16.624564070713586,1040.970166015625,1050.3092559814454,1051.801915283203,1137.2880841064452,PUNJABCHEM.NS,2025-09-01 11:28:00.426705
164,2025-01-03 00:00:00+05:30,1052.4445311454067,1056.6351032323425,1027.6998643336287,1035.1331787109375,3079,0.0,0.0,2025-01-03,1051.0201629638673,32.3574177060398,1083.377580669907,1018.6627452578275,1115.7349983759468,986.3053275517877,-7.244979228030551,-3.587148091936509,968774,2785.343077302855,7341.7459979429705,1181.8018474896646,64.5504199956815,1039.8227154256363,1051.9455665176438,1023.01032761893,1068.75795432435,1010.8874765269225,1080.8808054163576,994.0750887202162,0.049644208512816694,-71.51210184834059,-5.1546080055418315,-5.282032769438112,0.12742476389628088,47.593380596739806,17.6537760342178,1038.2562377929687,1051.0201629638673,1055.1344567871095,1139.6502972412109,PUNJABCHEM.NS,2025-09-01 11:28:00.426705
165,2025-01-02 00:00:00+05:30,1057.8324166676034,1081.579317561943,1050.648543720227,1055.986572265625,4626,0.0,0.0,2025-01-02,1050.7956634521483,32.48875429035959,1083.284417742508,1018.3069091617888,1115.7731720328675,985.8181548714292,33.02613074905067,47.33192018782116,971853,4269.104661999486,8480.846728102999,1181.8773129575939,67.03878366976198,1062.7381445159317,1074.8277453116364,1043.8969714699203,1093.6689183576477,1031.8073706742157,1105.7585191533524,1012.9661976282043,0.04891391220103925,-60.40391336955993,-4.841997199588832,-5.313888960412182,0.4718917608233504,51.00525410278305,17.74052943281468,1029.8051513671876,1050.7956634521483,1057.897274169922,1141.4777069091797,PUNJABCHEM.NS,2025-09-01 11:28:00.426705
166,2025-01-01 00:00:00+05:30,1047.6552538663736,1068.7081112750018,1043.5644339012963,1060.027587890625,3350,0.0,0.0,2025-01-01,1050.4165130615233,32.46922871564211,1082.8857417771655,1017.9472843458813,1115.3549704928075,985.4780556302392,26.547259213715435,29.537582960891925,976479,3103.3785435881477,9533.782244628877,1181.9747079230767,62.65867644443531,1057.4333776889744,1071.3023214766524,1046.158644102947,1082.5770550626798,1032.2897003152689,1096.445998850358,1021.0149667292415,0.06249113062513774,-58.25134462383137,-6.422140348117182,-5.431861900618019,-0.990278447499163,51.671738619103444,17.029258429733797,1018.9494506835938,1050.4165130615233,1060.4226232910157,1143.080619506836,PUNJABCHEM.NS,2025-09-01 11:28:00.426705
167,2024-12-31 00:00:00+05:30,982.7505125819115,1072.5994090383272,982.7505125819115,1053.093017578125,15458,0.0,0.0,2024-12-31,1049.780435180664,32.395561665449506,1082.1759968461135,1017.3848735152145,1114.571558511563,984.9893118497649,-24.690996589914825,-21.1323339954595,973129,14226.327888530528,11141.383169889059,1182.0430671004412,63.45828624300502,1036.1476463994545,1089.5447802169974,999.6958837605819,1125.9965428558703,946.2987499430388,1179.3936766734132,909.8469873041662,0.047989293403954664,-61.94525246902675,-8.745876064253935,-5.184292288743227,-3.561583775510708,50.64448417161713,16.538749361068987,1018.1212768554688,1049.780435180664,1062.0080725097657,1145.3670013427734,PUNJABCHEM.NS,2025-09-01 11:28:00.426705
168,2024-12-30 00:00:00+05:30,991.4310309130238,1001.7578932015258,984.795857161261,987.0408325195312,2672,0.0,0.0,2024-12-30,1049.3763397216796,32.40247172978852,1081.778811451468,1016.9738679918911,1114.1812831812567,984.5713962621026,-130.036280279012,-120.67784773292095,957671,2304.858938372267,10370.14699022869,1182.377477751856,60.950229072689844,991.198194294106,997.600531426951,980.6384953866861,1008.1602303343708,974.2361582538412,1014.5625674672158,963.6764593464213,0.014702167052917645,-97.12993927513321,-10.905498563012316,-4.29389634486555,-6.611602218146766,39.2084650843348,16.010508825583806,1021.3739868164063,1049.3763397216796,1064.3657946777344,1147.9761614990234,PUNJABCHEM.NS,2025-09-01 11:28:00.426705
169,2024-12-27 00:00:00+05:30,981.652869762523,1019.7176986255528,981.652869762523,992.8777465820312,11262,0.0,0.0,2024-12-27,1052.3696411132812,28.918823878307,1081.2884649915882,1023.4508172349742,1110.2072888698951,994.5319933566672,-167.02908362354356,-112.96857317691008,960343,9772.013940403447,12386.469003192795,1182.465080996113,64.67202976604092,998.0827716567023,1014.5126735508817,976.4478446878519,1036.1476005197321,960.0179427936725,1052.5775024139116,938.3830158248221,0.05464375949232851,-94.0207311085746,-7.000095528182328,-2.640995790328858,-4.3590997378534695,39.96881908428357,17.229154584813077,1037.74736328125,1052.3696411132812,1066.7933618164063,1151.5441760253907,PUNJABCHEM.NS,2025-09-01 11:28:00.426705
170,2024-12-26 00:00:00+05:30,1061.3745159424896,1077.4884753736858,983.7981412167284,1001.7080688476562,17581,0.0,0.0,2024-12-26,1054.554751586914,25.653771241464952,1080.208522828379,1028.9009803454492,1105.862294069844,1003.2472091039842,-170.75432148705795,-67.66123794057162,971605,15390.669914129023,13040.08276889013,1182.8241240670325,65.59654288306766,1020.9982284793568,1058.1983157419854,964.5079815850279,1114.6885626363141,927.3078943223994,1151.8886498989427,870.8176474280705,0.08574147924512879,-90.34945638618115,-2.4687817317417284,-1.5512208558654905,-0.9175608758762379,41.08750702988963,18.541542325521522,1063.5196899414063,1054.554751586914,1069.2299084472656,1155.0977227783203,PUNJABCHEM.NS,2025-09-01 11:28:00.426705
171,2024-12-24 00:00:00+05:30,1070.4042744455173,1074.944040318288,1029.7452772434738,1055.88671875,10102,0.0,0.0,2024-12-24,1055.9965209960938,23.22249364232542,1079.2190146384191,1032.7740273537684,1102.4415082807445,1009.5515337114429,-74.7070541834769,-0.03374381010166355,989186,9321.7503842612,12452.435982580406,1183.3611658633797,72.01435084521596,1053.525345437254,1077.305413631034,1032.1066505562198,1098.7241085120681,1008.3265823624397,1122.5041767058483,986.9078874814056,0.1854971000399833,-67.38748611610387,2.500425886506946,-1.321830636896431,3.822256523403377,48.88290437602763,19.89335619683237,1070.4342041015625,1055.9965209960938,1072.0705517578126,1158.5709497070313,PUNJABCHEM.NS,2025-09-01 11:28:00.426705
172,2024-12-23 00:00:00+05:30,1074.4950907598682,1078.5359732192908,1044.4123973948765,1069.3565673828125,6624,0.0,0.0,2024-12-23,1052.8336029052734,27.20471239318555,1080.0383152984589,1025.628890512088,1107.2430276916446,998.4241781189023,-27.515105855970045,16.54070272553763,999288,6190.356244489975,13235.107382160206,1183.5787256575795,77.46653405456127,1064.1016459989933,1083.79089460311,1049.6673187786957,1098.2252218234075,1029.978070174579,1117.9144704275243,1015.5437429542815,0.16649520631517342,-59.38985928628748,3.4888560909048465,-2.2773947677472752,5.766250858652121,51.12204082746637,19.88288537671128,1070.8632568359376,1052.8336029052734,1073.6589965820312,1161.7413549804687,PUNJABCHEM.NS,2025-09-01 11:28:00.426705
173,2024-12-20 00:00:00+05:30,1145.8853327435013,1169.3827916532305,1066.8123069427174,1068.90771484375,26815,0.0,0.0,2024-12-20,1048.7078399658203,30.61077150306502,1079.3186114688854,1018.0970684627553,1109.9293829719504,987.4862969596903,152.41153117579233,82.82852162662859,992664,25049.02295880701,14996.295166577762,1183.7066947572944,82.23034822927036,1101.7009378132327,1136.589568683748,1034.019083973235,1204.2714225237457,999.1304531027197,1239.160053394261,931.4485992627219,0.10107078591727257,-59.65636228917148,3.3749088191993906,-3.718957482410305,7.093866301609696,51.05248806014936,19.324303903958917,1074.345458984375,1048.7078399658203,1074.6457885742188,1164.8429138183594,PUNJABCHEM.NS,2025-09-01 11:28:00.426705
174,2024-12-19 00:00:00+05:30,1039.6231194987465,1131.467606659648,1035.7817414899998,1121.7393798828125,43550,0.0,0.0,2024-12-19,1044.8963684082032,32.64167277606753,1077.5380411842707,1012.2546956321357,1110.1797139603382,979.6130228560681,167.4460096453729,65.33758658028209,1019479,42692.629433725684,12483.113218520448,1184.2297221358344,76.40987097865015,1096.3295760108201,1156.8774105316404,1061.1915453619922,1192.0154411804683,1000.6437108411719,1252.5632757012886,965.505680192344,0.28611418991014825,-7.454129516687671,3.222091974132809,-5.4924240578127295,8.71451603194554,60.42616024635208,17.82514005315951,1074.9640625,1044.8963684082032,1076.337001953125,1167.4989685058595,PUNJABCHEM.NS,2025-09-01 11:28:00.426705
175,2024-12-18 00:00:00+05:30,1053.3424286477787,1057.333496100149,1029.695402711569,1036.2806396484375,3865,0.0,0.0,2024-12-18,1038.423355102539,29.26271768407106,1067.68607278661,1009.160637418468,1096.9487904706812,979.897919734397,-60.01056078612378,-36.1510404172069,975929,3500.254806678846,4930.734164719139,1184.6955603625827,64.75207476138152,1041.1031794867185,1052.5109562618682,1024.872862873288,1068.7412728752986,1013.4650860981385,1080.1490496504482,997.2347694847081,0.09271644353901827,-64.17005332912763,-2.2254979976273717,-7.671053065799113,5.445555068171742,45.35527858908682,17.004041465698187,1061.97314453125,1038.423355102539,1078.0970629882813,1169.5470642089845,PUNJABCHEM.NS,2025-09-01 11:28:00.426705
176,2024-12-17 00:00:00+05:30,1088.912817427828,1089.7608948830284,1056.0364487401278,1058.031982421875,2616,0.0,0.0,2024-12-17,1035.6046630859375,32.06122584973001,1067.6658889356675,1003.5434372362075,1099.7271147853976,971.4822113864775,66.79268524416968,3.9543916117140117,979794,2418.8520946396293,5288.354004229212,1184.7938139780947,69.09117791572999,1067.943108681677,1079.849768623226,1046.1253224803254,1101.6675548245776,1034.2186625387762,1113.5742147661267,1012.4008763374247,0.06528447664714909,-42.10524029104185,-0.7499531960011154,-9.032441832842048,8.282488636840933,49.840961495663166,18.078650024595742,1068.8477783203125,1035.6046630859375,1081.8706176757812,1172.6284448242188,PUNJABCHEM.NS,2025-09-01 11:28:00.426705
177,2024-12-16 00:00:00+05:30,1074.9440655968237,1099.5390422164708,1052.893443102478,1086.767578125,6179,0.0,0.0,2024-12-16,1032.2022766113282,33.148179558284184,1065.3504561696125,999.0540970530441,1098.4986357278965,965.9059174947598,144.24633923191044,18.671005285795232,982410,5868.507265758546,6005.729481626608,1184.8506393604905,74.24922587439504,1079.7333544813162,1106.5732658601544,1059.9276667461615,1126.378953595309,1033.0877553673233,1153.2188649741472,1013.2820676321687,0.07585813789425816,-12.512269989472738,-0.9916234853030801,-11.103063992052281,10.1114405067492,56.72454474877552,18.432538793178747,1069.2568603515624,1032.2022766113282,1086.1480444335937,1175.2742907714844,PUNJABCHEM.NS,2025-09-01 11:28:00.426705
178,2024-12-13 00:00:00+05:30,1061.274738740127,1074.894280658354,1041.7683480230726,1072.000732421875,5805,0.0,0.0,2024-12-13,1028.6651977539063,30.703433358329526,1059.3686311122358,997.9617643955768,1090.0720644705655,967.2583310372473,89.58742523448906,-9.359627586307843,976231,5438.386686469307,6040.035035593622,1184.954604663839,73.68715119223621,1062.8877870344338,1084.007226045795,1050.8812934105135,1096.0137196697153,1029.7618543991523,1117.1331586810766,1017.755360775232,0.06298252859609844,-11.858250685430985,-4.116030879712298,-13.630924118739578,9.51489323902728,53.671106560190054,18.813649774729676,1064.547412109375,1028.6651977539063,1089.9655029296875,1178.2828637695313,PUNJABCHEM.NS,2025-09-01 11:28:00.426705
179,2024-12-12 00:00:00+05:30,1074.894282837526,1083.524868704958,1043.763883847365,1056.7847900390625,8499,0.0,0.0,2024-12-12,1025.1330993652343,29.495293043964757,1054.628392409199,995.6378063212695,1084.123685453164,966.1425132773048,98.22915187063296,-13.029518473317193,970426,7849.231917000426,6190.4471228747,1185.0671978886353,75.16083882507083,1061.3578475304619,1078.9518112135588,1039.1908263559658,1101.118832388055,1021.5968626728688,1118.7127960711518,999.4298414983728,-0.002268631428534656,-25.94380327644434,-6.599544468766453,-16.009647428496397,9.410102959729944,50.316768774166086,20.237718132088116,1053.11298828125,1025.1330993652343,1093.673203125,1181.8368212890625,PUNJABCHEM.NS,2025-09-01 11:28:00.426705
180,2024-12-11 00:00:00+05:30,1070.2546774787436,1082.5271371306096,1037.6775642045106,1070.65380859375,6932,0.0,0.0,2024-12-11,1024.4895385742188,28.902801928109373,1053.3923405023281,995.5867366461094,1082.2951424304376,966.683934718,135.30674335397862,-11.723890291034754,978925,6486.051581893076,5775.750924343269,1185.2546878925498,83.96379696724094,1063.6195033096235,1089.5614424147363,1044.7118694886374,1108.4690762357225,1018.7699303835245,1134.4110153408353,999.8622965625384,0.019169360369821094,-11.632364119634664,-8.18066156449413,-18.362173168428882,10.181511603934752,53.60076766806372,21.724657988931703,1047.88466796875,1024.4895385742188,1096.93490234375,1185.3901232910157,PUNJABCHEM.NS,2025-09-01 11:28:00.426705
181,2024-12-10 00:00:00+05:30,1057.1839660106873,1070.304503287614,1045.9590884027116,1060.077392578125,4276,0.0,0.0,2024-12-10,1024.5244567871093,28.961871037587365,1053.4863278246967,995.562585749522,1082.448198862284,966.6007147119346,136.6710144711096,-20.547681183065322,971993,3961.3940706426106,5598.175759955817,1185.3914632026263,75.70322955973202,1058.7803280894834,1071.6015677762553,1047.256152891353,1083.1257429743857,1034.434913204581,1095.9469826611576,1022.9107380064506,0.013064598807728369,-16.923815846508496,-11.446909346766233,-20.90755106941257,9.460641722646336,51.35180898343183,23.369108519680196,1043.434619140625,1024.5244567871093,1099.4782080078126,1187.84802734375,PUNJABCHEM.NS,2025-09-01 11:28:00.426705
182,2024-12-09 00:00:00+05:30,1000.9597216670838,1077.5882039935184,1000.9597216670838,1063.2203369140625,12210,0.0,0.0,2024-12-09,1024.7115356445313,29.214593541197214,1053.9261291857285,995.496942103334,1083.1407227269258,966.2823485621369,72.8843143936473,-37.47834225004619,976269,11345.188521620603,6007.371182284119,1185.4837880473365,67.43394663645452,1047.2560875248882,1093.5524533826926,1016.9239710562581,1123.8845698513228,970.6276051984537,1170.1809357091272,940.2954887298235,-0.049407747061665216,-13.21103095290384,-14.413641530912628,-23.272711500074156,8.859069969161528,52.04703492998699,24.666061459176092,1040.8803466796876,1024.7115356445313,1102.2978979492189,1190.6098071289061,PUNJABCHEM.NS,2025-09-01 11:28:00.426705
183,2024-12-06 00:00:00+05:30,1040.9701771731566,1042.6163949961317,1002.1570233236662,1014.82861328125,8568,0.0,0.0,2024-12-06,1026.2431091308595,32.0089559762383,1058.2520651070977,994.2341531546211,1090.2610210833361,962.2251971783828,-36.481863446918354,-74.59733754781463,964059,7598.798694920066,4672.9168474499975,1185.7415435710539,57.827452831550225,1019.8673438670161,1037.577664410366,997.1182927379004,1060.3267155394815,979.4079721945506,1078.0370360828315,956.6589210654349,-0.125647000212003,-47.769477597205295,-18.303101625049976,-25.487478992364537,7.184377367314561,40.5244478772771,26.06278000940244,1037.2385009765626,1026.2431091308595,1105.6753393554689,1193.568631591797,PUNJABCHEM.NS,2025-09-01 11:28:00.426705
184,2024-12-05 00:00:00+05:30,1048.5032389223638,1050.5985248857912,1027.6998250752843,1030.6431884765625,2269,0.0,0.0,2024-12-05,1030.1493713378907,35.155105584531356,1065.304476922422,994.9942657533593,1100.4595825069534,959.8391601688279,36.56082262493424,-57.608976221967296,972627,2043.6927823114372,3941.44638558248,1185.9947606532019,65.85954848336584,1036.3138461458793,1044.9278672164744,1022.0291674059674,1059.2125459563863,1013.4151463353724,1067.8265670269814,999.1304675954605,-0.07903096037484715,-31.879792274722416,-18.239617878326726,-27.28357333419318,9.043955455866453,43.71096685404379,25.892186681592477,1043.654150390625,1030.1493713378907,1110.2520971679687,1197.2413427734375,PUNJABCHEM.NS,2025-09-01 11:28:00.426705
185,2024-12-04 00:00:00+05:30,1053.242709532171,1057.5331558978419,1042.716341873251,1048.403564453125,1895,0.0,0.0,2024-12-04,1033.6265930175782,38.48789202814229,1072.1144850457206,995.138700989436,1110.6023770738627,956.6508089612936,87.21955142253519,-44.701307233281284,974896,1736.2428929812254,4415.884786400241,1186.0557366908138,62.03851523497391,1049.551020741406,1056.3856996095612,1041.5688855849703,1064.367834765997,1034.7342067168152,1071.2025136341522,1026.7520715603794,-0.09345614330245394,-14.035064737544568,-19.439477640343284,-29.544562198159788,10.105084557816504,47.61652892565816,26.596406133218977,1044.84150390625,1033.6265930175782,1114.108466796875,1200.7106103515625,PUNJABCHEM.NS,2025-09-01 11:28:00.426705
186,2024-12-03 00:00:00+05:30,1045.0111177296462,1062.3722858065253,1037.777307847423,1047.3060302734375,7439,0.0,0.0,2024-12-03,1037.4006469726562,43.40041593268099,1080.8010629053372,994.0002310399752,1124.2014788380181,950.5998151072943,103.15674998144124,-48.56906283710416,973001,6808.64891849992,5085.795259754995,1186.100874837377,58.303193132919674,1049.151874642462,1060.526441437501,1035.9314634783987,1073.7468526015643,1024.5568966833596,1085.1214193966034,1011.3364855192963,-0.08644385884094193,-22.410563332678578,-22.43025212667203,-32.07083333761391,9.640581210941882,47.34595251412168,27.97174639332121,1041.269482421875,1037.4006469726562,1117.265400390625,1204.0659899902344,PUNJABCHEM.NS,2025-09-01 11:28:00.426705
187,2024-12-02 00:00:00+05:30,1045.6596812243884,1047.6552149671832,1026.7021106678394,1045.0111083984375,2330,0.0,0.0,2024-12-02,1041.3343383789063,47.69806764062896,1089.0324060195353,993.6362707382773,1136.7304736601643,945.9382030976484,102.41460945749749,-62.283737212493975,965562,2127.892118186029,4655.081845068763,1186.2797700596484,50.428681585075324,1039.7894780111535,1052.8768453544676,1031.9237410551239,1060.7425823104973,1018.8363737118098,1073.8299496538114,1010.9706367557801,0.0001372366023205679,-28.391310439459172,-25.81140697212868,-34.480978640349385,8.669571668220705,46.81489223733139,29.452882058046697,1030.3339477539062,1041.3343383789063,1120.8084692382813,1207.3741052246094,PUNJABCHEM.NS,2025-09-01 11:28:00.426705
188,2024-11-29 00:00:00+05:30,1038.2761527973184,1047.6551854840511,1026.8018340991598,1046.9068603515625,6339,0.0,0.0,2024-11-29,1041.2694885253907,47.693687129316565,1088.9631756547071,993.5758013960741,1136.6568627840238,945.8821142667575,139.3590977495678,-65.04953229064687,967892,5799.647196472046,5286.8792767894465,1186.3368243047728,45.94044603326575,1040.4546266449245,1054.1074191906891,1033.2540678057978,1061.3079780298158,1019.6012752600332,1074.9607705755805,1012.4007164209065,-0.06943431191162308,-39.059673283916446,-29.5232128097266,-36.64837155740456,7.125158747677958,47.18151325439284,30.306890847500263,1018.6999877929687,1041.2694885253907,1124.2188354492187,1210.7927770996093,PUNJABCHEM.NS,2025-09-01 11:28:00.426705
189,2024-11-28 00:00:00+05:30,1035.6320045131608,1041.6685423907334,1027.6998071479456,1036.5799560546875,2603,0.0,0.0,2024-11-28,1043.2999450683594,48.79795725980951,1092.0979023281689,994.5019878085499,1140.8958595879785,945.7040305487404,169.30213582705167,-74.07222655119979,961553,2358.0323168795835,5158.687296868796,1186.4901943448242,44.85447545626295,1035.3161018644555,1042.9323965809654,1028.9636613381776,1049.2848371072432,1021.3473666216678,1056.901131823753,1014.9949260953899,-0.09670523731718245,-49.84728770861956,-34.01483050916045,-38.429661244324045,4.414830735163598,45.007309011981405,31.230096439858816,1007.8542724609375,1043.2999450683594,1127.4476098632813,1214.420966796875,PUNJABCHEM.NS,2025-09-01 11:28:00.426705
190,2024-11-27 00:00:00+05:30,1005.0505264317842,1035.6320435591485,997.467522802199,1030.54345703125,8184,0.0,0.0,2024-11-27,1044.55712890625,48.93940174261613,1093.4965306488662,995.6177271636338,1142.4359323914823,946.6783254210177,79.33220123065607,-92.577803513774,958950,7370.63166995098,5858.851041866098,1186.557937486903,38.76315482879467,1021.2143411308658,1044.9611594595326,1006.7966387025831,1059.3788618878152,983.0498203739163,1083.1256802164821,968.6321179456336,-0.16187251023262453,-53.95316565253358,-38.23304243587688,-39.533368928114946,1.3003264922380637,43.750157479870296,31.932228880712728,998.9941040039063,1044.55712890625,1131.021611328125,1218.470498046875,PUNJABCHEM.NS,2025-09-01 11:28:00.426705
191,2024-11-26 00:00:00+05:30,997.2679972885261,1014.4794759810994,986.3424377647732,992.6283569335938,4813,0.0,0.0,2024-11-26,1049.1443664550782,51.77436802728185,1100.91873448236,997.3699984277963,1152.693102509642,945.5956304005144,-40.308356585610944,-121.57107888043242,950766,4175.1810945086245,5480.905884844877,1186.7799144356516,30.584639962455682,997.8167568931555,1009.2910760215377,981.1540378052115,1025.9537951094817,969.6797186768292,1037.428114237864,953.0169995888853,-0.2451259075491959,-82.87924500883018,-42.459839734654565,-39.85845055117446,-2.6013891834801086,35.101147876540836,32.397364180370246,988.8667724609375,1049.1443664550782,1135.5285229492188,1222.2822314453124,PUNJABCHEM.NS,2025-09-01 11:28:00.426705
192,2024-11-25 00:00:00+05:30,1003.4541513051245,1020.6656297777429,980.4556371780056,986.84130859375,11296,0.0,0.0,2024-11-25,1056.9119842529296,54.4343954863337,1111.3463797392633,1002.477588766596,1165.7807752255972,948.0431932802622,-51.772232315298226,-131.1641268569872,945953,9741.925008257022,5807.3370824289395,1186.9425058593665,27.605838033383705,995.9875251831662,1011.5194131883268,971.3094205885895,1036.1975177829036,955.777532583429,1051.729405788064,931.0994279888523,-0.23214620179575712,-86.20588750440668,-43.49402733128045,-39.20810325530443,-4.28592407597602,33.65477492381163,31.812607011431027,988.3379516601562,1056.9119842529296,1140.8346472167968,1226.3063641357421,PUNJABCHEM.NS,2025-09-01 11:28:00.426705
193,2024-11-22 00:00:00+05:30,1003.454153711639,1004.7013622996025,980.6052680206061,992.6782836914062,2586,0.0,0.0,2024-11-22,1065.2109100341797,55.82394111207825,1121.034851146258,1009.3869689221015,1176.8587922583363,953.5630278100232,-65.73861112288496,-142.27396628856582,957249,2243.4160344456764,4823.6901009719195,1187.3365725215433,29.729821601718754,992.6616380038716,1004.7180079871372,980.6219137081408,1016.757732282868,968.5655437248753,1028.8141022661334,956.5258194291445,-0.19568244920191807,-83.29604876208191,-43.58916385210796,-38.13662223631042,-5.452541615797536,34.37223990902814,31.18286852180417,994.1748901367188,1065.2109100341797,1146.1208142089845,1230.5192791748048,PUNJABCHEM.NS,2025-09-01 11:28:00.426705
194,2024-11-21 00:00:00+05:30,993.4764461469125,1002.7556654986214,974.1197452593376,992.2791137695312,6899,0.0,0.0,2024-11-21,1073.9388732910156,57.50736424766886,1131.4462375386845,1016.4315090433468,1188.9536017863534,958.9241447956779,-83.12782503788523,-153.52779831284894,954663,5982.638658288302,5468.75861760348,1187.4243721318787,24.309762943692107,989.7181748424968,1005.3166044256559,976.6806841863721,1018.3540950817805,961.082254603213,1033.9525246649396,948.0447639470883,-0.21004350311067183,-83.51954783188494,-43.62537915957137,-36.77348683236104,-6.851892327210329,34.283136707787136,29.657136188195715,995.910986328125,1073.9388732910156,1151.675380859375,1233.8017370605469,PUNJABCHEM.NS,2025-09-01 11:28:00.426705
195,2024-11-19 00:00:00+05:30,1005.7489850986213,1024.6068029287628,968.8316116376601,979.9067993164062,8152,0.0,0.0,2024-11-19,1082.9886199951172,58.21739845896453,1141.2060184540817,1024.7712215361528,1199.4234169130464,966.5538230771882,-99.89491416916827,-162.50056122220425,947764,6981.065616281575,5340.288607432274,1187.6594751585048,37.32321717224918,991.1150712942764,1013.3985309508927,957.62333965979,1046.890262585379,935.3398800031737,1069.1737222419954,901.8481483686872,-0.24814021189351065,-90.44692542234841,-42.9714429448577,-35.06051375055846,-7.910929194299243,31.61702244929613,27.90964115659424,1006.2378784179688,1082.9886199951172,1157.2289514160157,1237.5003375244141,PUNJABCHEM.NS,2025-09-01 11:28:00.426705
196,2024-11-18 00:00:00+05:30,1027.600074297396,1027.600074297396,962.8449831925717,989.9842529296875,5206,0.0,0.0,2024-11-18,1093.1059814453124,56.9286643480099,1150.0346457933224,1036.1773170973024,1206.9633101413322,979.2486527492927,-121.84206219535326,-172.30230175596563,955916,4504.071003832794,4930.094355219949,1187.9556468579221,35.76765580996981,993.4764368065518,1024.107890420532,959.3527993157074,1058.2315279113761,928.7213457017274,1088.8629815253562,894.5977082108831,-0.16050163402917772,-84.80446243823414,-40.26463844435011,-33.08278145198364,-7.18185699236647,32.61833549835569,26.02772343025419,1024.526953125,1093.1059814453124,1163.5338427734375,1241.76716796875,PUNJABCHEM.NS,2025-09-01 11:28:00.426705
197,2024-11-14 00:00:00+05:30,1016.5248844161954,1023.6090657982968,992.7780448694415,1016.0260009765625,1863,0.0,0.0,2024-11-14,1100.5717712402343,52.295528785727164,1152.8673000259614,1048.2762424545072,1205.1628288116885,995.9807136687799,-129.5091907627477,-164.8988128491498,961122,1654.2092876211125,5036.600193066737,1188.1360461923623,34.988565548727806,1010.8043705481003,1028.8306962267593,997.9996752979039,1041.6353914769556,979.973349619245,1059.6617171556145,967.1686543690486,-0.18095433412801418,-80.97384195116494,-37.181514652669875,-31.28731720389202,-5.894197448777856,35.30009980390908,24.001042801887984,1039.293896484375,1100.5717712402343,1169.6900634765625,1245.5061389160155,PUNJABCHEM.NS,2025-09-01 11:28:00.426705
198,2024-11-13 00:00:00+05:30,1043.9634813008379,1043.9634813008379,984.4466656257063,1001.3587646484375,6768,0.0,0.0,2024-11-13,1108.3194274902344,50.56018252003404,1158.8796100102684,1057.7592449702004,1209.4397925303024,1007.1990624501663,-170.15895160270404,-177.4677468276381,959259,5922.7422262314885,5882.197919428143,1188.1921883427442,31.257605931676792,1009.922970524994,1035.3992754242818,975.88245974915,1069.4397862001256,950.4061548498623,1094.9160910994133,916.3656440740184,-0.1186450753856527,-90.95278905520567,-35.235543247443275,-29.81376784169755,-5.4217754057457235,32.39233554245685,22.274478281232366,1054.8590576171875,1108.3194274902344,1175.464140625,1247.764168701172,PUNJABCHEM.NS,2025-09-01 11:28:00.426705
199,2024-11-12 00:00:00+05:30,1069.0074350338255,1071.7013568288537,1023.0104072820328,1043.91357421875,3373,0.0,0.0,2024-11-12,1113.6724487304687,43.863807705243346,1157.536256435712,1069.8086410252254,1201.4000641409552,1025.944833319982,-134.68316529850014,-144.8922249577213,966027,3077.1854050723314,5872.061842727306,1188.4138547335856,28.85778487956796,1046.2084461098789,1069.406484937725,1020.715535390904,1094.8993956566997,997.517496563058,1118.0974344845458,972.0245858440832,-0.12233687545641962,-86.46206469332152,-30.76573774559597,-28.458323990261118,-2.307413755334853,36.85315942012214,20.4151011051417,1073.178076171875,1113.6724487304687,1181.71814453125,1249.514306640625,PUNJABCHEM.NS,2025-09-01 11:28:00.426705
200,2024-11-11 00:00:00+05:30,1067.8599888189847,1077.58821576688,1047.7549621004582,1071.3521728515625,4351,0.0,0.0,2024-11-11,1117.2120239257813,40.678995485649345,1157.8910194114305,1076.533028440132,1198.57001489708,1035.8540329544826,-98.20811092652295,-128.9759850220642,969400,4073.7475844457185,6570.780952141049,1188.4993469998376,33.1693571646518,1065.5651169063003,1083.3752717121424,1053.5420180457206,1095.3983705727221,1035.7318632398785,1113.2085253785642,1023.7087643792988,-0.15676231503296384,-77.49223892160667,-28.767888647949576,-27.881470551427405,-0.8864180965221706,40.16542407426282,19.073720648973442,1084.4328857421874,1117.2120239257813,1186.77283203125,1250.4894653320312,PUNJABCHEM.NS,2025-09-01 11:28:00.426705
201,2024-11-08 00:00:00+05:30,1095.5480043643975,1100.7862803415496,1057.6328639583435,1063.8189697265625,9137,0.0,0.0,2024-11-08,1120.8314270019532,39.58963928608267,1160.421066288036,1081.2417877158705,1200.0107055741187,1041.6521484297878,-81.33476606349089,-124.74945386526174,965049,8494.623467222364,7195.039294064882,1188.5888204682246,39.12645481572587,1074.079371342152,1090.5258787259604,1047.3724623427543,1117.232787725358,1030.9259549589458,1133.6792951091666,1004.2190459595481,-0.1961825152345144,-81.41231463643125,-28.47644552240763,-27.659866027296864,-0.8165794951107657,38.76296351927269,18.134525252292928,1094.9393798828125,1120.8314270019532,1191.0342944335937,1251.1658471679686,PUNJABCHEM.NS,2025-09-01 11:28:00.426705
202,2024-11-07 00:00:00+05:30,1092.4549087418243,1109.865890922797,1079.633629544591,1093.851806640625,4532,0.0,0.0,2024-11-07,1124.4059265136718,37.33425757020898,1161.7401840838809,1087.0716689434628,1199.0744416540897,1049.737411373254,-28.510098069622654,-104.98300258677784,974186,4332.326383489695,6870.143250775511,1188.789260183322,49.23455317384969,1094.4504423693377,1109.2672551940843,1079.0349938158784,1124.6827037475437,1064.2181809911317,1139.4995165722903,1048.8027324376724,-0.1699365194073263,-65.78403637543538,-26.929942341449987,-27.45572115351917,0.5257788120691842,42.44734547435652,17.33866565016919,1107.3715576171876,1124.4059265136718,1195.6230249023438,1251.8448864746094,PUNJABCHEM.NS,2025-09-01 11:28:00.426705
203,2024-11-06 00:00:00+05:30,1099.5390944264104,1102.233016265357,1077.638160275569,1092.953857421875,7824,0.0,0.0,2024-11-06,1125.64814453125,36.671567918604914,1162.319712449855,1088.976576612645,1198.9912803684597,1052.3050086940402,-50.9323798263703,-114.96525652532662,969654,7473.14565398654,7504.597467596965,1188.864968600889,44.54165780423348,1090.9416779876003,1104.2451956996317,1079.6503397098436,1115.5365339773884,1066.3468219978122,1128.8400516894199,1055.0554837200555,-0.20254078178669577,-66.25130492868678,-27.49969959613236,-27.587165856536465,0.08746626040410632,42.29470636499774,16.988379429764187,1097.3440185546874,1125.64814453125,1199.7807202148438,1252.2315612792968,PUNJABCHEM.NS,2025-09-01 11:28:00.426705
204,2024-11-04 00:00:00+05:30,1132.4653547378812,1136.805616099141,1097.543515604995,1100.1876220703125,3925,0.0,0.0,2024-11-04,1128.6738708496093,36.32689513024149,1165.0007659798507,1092.346975719368,1201.3276611100923,1056.0200805891263,-15.836883059841597,-94.0119938578224,977478,3773.802722835227,7512.4604209995705,1188.9971933546644,54.157741178532184,1111.5122512581495,1125.480986911304,1086.218886417158,1150.7743517522954,1072.2501507640036,1164.7430874054498,1046.9567859230121,-0.2270494905868957,-62.48704892037737,-27.724065027990946,-27.60903242163749,-0.11503260635345569,43.148348304766756,16.32437828488964,1096.2564453125,1128.6738708496093,1203.736865234375,1252.4763928222656,PUNJABCHEM.NS,2025-09-01 11:28:00.426705
205,2024-11-01 00:00:00+05:30,1120.4922117863523,1129.8213078009876,1112.5100767068413,1123.8846435546875,1227,0.0,0.0,2024-11-01,1134.151611328125,39.890478517322926,1174.042089845448,1094.261132810802,1213.9325683627708,1054.3706542934792,-5.806237342935068,-85.17661201393693,981403,1205.144374360453,8447.124845540657,1189.0586565166752,53.2793476463104,1122.0720093541722,1131.633942001503,1114.3227109073568,1139.3832404483185,1104.760778260026,1148.9451730956494,1097.0114798132106,-0.21890142747211927,-50.155758114439514,-28.303675394337688,-27.580274270049124,-0.7234011242885643,45.97267457651829,16.066942384435055,1088.5636474609375,1134.151611328125,1206.1265161132812,1252.2596325683594,PUNJABCHEM.NS,2025-09-01 11:28:00.426705
206,2024-10-31 00:00:00+05:30,1058.13171451621,1141.4452441362982,1058.13171451621,1125.9798583984375,12326,0.0,0.0,2024-10-31,1139.2052978515626,44.640916931300204,1183.8462147828627,1094.5643809202625,1228.487131714163,1049.923463988962,-38.65204041319332,-107.05072249423662,982630,12129.015839200014,10257.619963335706,1189.0727600672496,49.09934273625817,1108.518939016982,1158.9061635177538,1075.5926338976656,1191.8324686370702,1025.2054093968936,1242.2196931378421,992.2791042775773,-0.24298051317754676,-49.06546482351961,-30.950706306616667,-27.399423988976977,-3.5512823176396893,46.221607304751,16.155187743456175,1088.2443603515626,1139.2052978515626,1208.0033129882813,1251.9935607910156,PUNJABCHEM.NS,2025-09-01 11:28:00.426705
207,2024-10-29 00:00:00+05:30,1076.9896129836013,1113.5577941182714,1030.7431416670977,1043.714111328125,9734,0.0,0.0,2024-10-29,1146.5014709472657,53.426086622618804,1199.9275575698846,1093.0753843246468,1253.3536441925032,1039.6492977020282,-132.90865224050503,-171.90564789826675,970304,8878.624217289147,9789.770994369628,1189.210214016608,47.931488947655545,1062.6716823711647,1094.6002230752317,1011.785570624058,1145.4863348223384,979.857029919991,1177.4148755264055,928.9709181728842,-0.28376373457002585,-91.8743406630694,-34.07710482578841,-26.511603409567055,-7.565501416221355,33.029911795902265,16.250221207017375,1092.64453125,1146.5014709472657,1209.5288989257813,1251.5596948242187,PUNJABCHEM.NS,2025-09-01 11:28:00.426705
208,2024-10-28 00:00:00+05:30,1045.8094075905685,1132.3656867445936,1028.0990449970936,1087.5159912109375,13508,0.0,0.0,2024-10-28,1158.1977905273438,55.31189768355724,1213.509688210901,1102.8858928437867,1268.8215858944584,1047.5739951602293,-148.96637177529223,-159.08629950895957,980038,12838.062379184943,10017.557688639747,1189.4609664130278,55.27702703648831,1082.6602409842083,1137.2214369713229,1032.9547952238229,1186.9268827317082,978.3935992367083,1241.4880787188229,928.6881534763229,-0.2072324075996221,-69.0810238304934,-29.46159291801837,-24.620228055511713,-4.841364862506655,37.588086273786395,15.424296025971195,1114.465673828125,1158.1977905273438,1212.9352734375,1251.5278735351562,PUNJABCHEM.NS,2025-09-01 11:28:00.426705
209,2024-10-25 00:00:00+05:30,1127.1272955975792,1127.1272955975792,1054.2903188345315,1061.7236328125,11409,0.0,0.0,2024-10-25,1166.6912780761718,56.906322314031705,1223.5976003902035,1109.78495576214,1280.5039227042353,1052.8786334481083,-188.52740908565318,-173.83504102524515,966530,10585.998848709894,9312.431516003448,1189.7053652759373,44.68836214476645,1081.0470824148704,1107.8038459952093,1034.9668692321616,1153.884059177918,1008.2101056518227,1180.640822758257,962.1298924691139,-0.19291455765251433,-95.5215216827647,-27.41977276822604,-23.409886839885047,-4.009885928340992,32.49460692260216,14.534838138690695,1130.4099853515625,1166.6912780761718,1214.8430053710938,1251.6020922851562,PUNJABCHEM.NS,2025-09-01 11:28:00.426705
210,2024-10-24 00:00:00+05:30,1147.9807045420273,1150.4251846194018,1118.4966452370766,1122.2882080078125,6586,0.0,0.0,2024-10-24,1174.598583984375,52.358830030031285,1226.9574140144061,1122.2397539543438,1279.3162440444376,1069.8809239243124,-74.75921988315355,-119.00573747406375,977939,6459.50002197607,8994.039682826835,1189.9650330984286,44.296901149466,1130.4033459547636,1142.3100466724507,1110.3815072901255,1162.3318853370888,1098.4748065724384,1174.2385860547759,1078.4529679078003,-0.1307247111914602,-84.25562170449882,-21.85001663162734,-22.4074153577998,0.5573987261724582,39.52872585692416,14.09893829980093,1152.720068359375,1174.598583984375,1217.5539379882812,1252.6311096191407,PUNJABCHEM.NS,2025-09-01 11:28:00.426705
211,2024-10-23 00:00:00+05:30,1135.508627103702,1171.3782971078074,1132.4653894526077,1147.980712890625,7225,0.0,0.0,2024-10-23,1178.3751281738282,51.095918772093775,1229.471046945922,1127.2792094017345,1280.5669657180158,1076.1832906296406,-6.918214597702542,-96.85123240034919,984525,7248.451225710039,9627.674598039524,1190.044391558769,43.13871718654466,1150.6081331503467,1168.7508768480857,1129.837969192886,1189.5210408055464,1111.695225495147,1207.6637845032853,1090.9250615376864,-0.1101582474321291,-66.97861508191643,-20.352673125495585,-22.546765039342915,2.1940919138473305,43.213505039650734,15.090352476002085,1164.713232421875,1178.3751281738282,1219.4596728515626,1252.4432214355468,PUNJABCHEM.NS,2025-09-01 11:28:00.426705
212,2024-10-22 00:00:00+05:30,1170.13105442694,1177.4148010333113,1137.4042535567553,1152.81982421875,13883,0.0,0.0,2024-10-22,1181.0291870117187,50.81185806877328,1231.841045080492,1130.2173289429454,1282.6529031492653,1079.4054708741721,18.75709735179187,-94.72552241121484,991750,13986.773360137027,10222.480441121896,1190.0985711420649,42.67238586817771,1155.8796262696055,1174.3549989824558,1134.3444515058998,1195.8901737461615,1115.8690787930495,1214.3655464590117,1094.3339040293438,-0.13890563702250858,-70.68861104261782,-20.65756831253566,-23.095288017804744,2.4377197052690853,43.9299048930429,15.711812423459861,1162.977099609375,1181.0291870117187,1221.4562036132813,1251.3637561035157,PUNJABCHEM.NS,2025-09-01 11:28:00.426705
213,2024-10-21 00:00:00+05:30,1176.2174506605727,1220.268882342623,1149.5271868807974,1167.237548828125,5080,0.0,0.0,2024-10-21,1184.9928161621094,51.5815811048815,1236.574397266991,1133.411235057228,1288.1559783718724,1081.8296539523465,110.98641959194406,-66.69714196338069,1005633,5181.980090959598,9281.407211368112,1190.1910646807235,49.218121756129904,1179.0112060171818,1208.4952251535663,1137.7535296917406,1249.7529014790075,1108.2695105553562,1279.236920615392,1067.011834229915,-0.14630255553385996,-64.94332937461745,-21.211512231098823,-23.704717944122017,2.493205713023194,46.0415510997092,16.223212261304973,1166.6089599609375,1184.9928161621094,1222.7742529296875,1250.1333605957032,PUNJABCHEM.NS,2025-09-01 11:28:00.426705
214,2024-10-18 00:00:00+05:30,1182.2539493835195,1190.6850304361062,1167.3871991544042,1173.2740478515625,7648,0.0,0.0,2024-10-18,1188.8142639160155,53.00834767080457,1241.8226115868201,1135.805916245211,1294.8309592576247,1082.7975685744063,120.55508944067161,-72.62799904632985,1010713,7841.878724517357,10306.263991470241,1190.2119227527771,53.77012835970532,1177.1154258140243,1186.8436524736444,1163.5458211919424,1200.4132570957263,1153.8175945323223,1210.1414837553464,1140.2479899102404,-0.1352502325793997,-64.41198285553487,-23.019269183347888,-24.328019372377813,1.3087501890299258,46.91874226714742,16.390471180606436,1154.8452880859375,1188.8142639160155,1224.1661376953125,1248.7314099121095,PUNJABCHEM.NS,2025-09-01 11:28:00.426705
215,2024-10-17 00:00:00+05:30,1141.9442210592456,1197.4200365344718,1135.6084255815447,1182.2540283203125,13426,0.0,0.0,2024-10-17,1191.3236450195313,53.42028891631084,1244.7439339358423,1137.9033561032204,1298.164222852153,1084.4830671869097,68.57463362723868,-83.54383946497977,1018361,13871.717100327804,10922.360308208463,1190.2351267383842,55.43497141310291,1171.760830145443,1207.9132347093412,1146.101623756414,1233.57244109837,1109.9492191925158,1269.7248456622683,1084.290012803487,-0.1162327591566744,-59.80010659580469,-25.57947277325752,-24.65520691963529,-0.9242658536222308,48.18616466865494,17.334543945787626,1143.131494140625,1191.3236450195313,1225.0581396484374,1247.2830334472656,PUNJABCHEM.NS,2025-09-01 11:28:00.426705
216,2024-10-16 00:00:00+05:30,1159.305322810959,1168.2852244256098,1132.3656179670068,1139.300048828125,6810,0.0,0.0,2024-10-16,1192.523455810547,53.475312841144245,1245.998768651691,1139.0481429694028,1299.4740814928355,1085.5728301282584,-24.277290620108484,-123.85452888392896,1004935,6780.442007068185,10185.021110178628,1190.2543669924285,55.20643608975083,1146.6502970735805,1160.9349761801543,1125.0153697215512,1182.5699035321836,1110.7306906149774,1196.8545826387574,1089.0957632629481,-0.16089913642008336,-81.86011429519023,-29.35413343418145,-24.42414045622973,-4.92999297795172,41.122565561858266,18.35123769290583,1135.4287353515624,1192.523455810547,1225.7386157226563,1245.6816387939452,PUNJABCHEM.NS,2025-09-01 11:28:00.426705
217,2024-10-15 00:00:00+05:30,1110.8138592756486,1188.938928895828,1109.7661553862747,1170.9791259765625,15871,0.0,0.0,2024-10-15,1196.781427001953,52.39382463286176,1249.1752516348147,1144.3876023690914,1301.5690762676766,1091.9937777362295,-19.927083771366622,-115.70404172408466,1011745,16241.503232722747,11036.165885956238,1190.3167492332989,55.486498294102994,1156.561403419555,1203.3566514528354,1124.1838779432821,1235.7341769291083,1077.3886299100018,1282.5294249623887,1045.0111044337289,-0.14330827992522582,-65.59059295942981,-29.51176715713109,-23.191642211741797,-6.320124945389292,45.357715565040166,19.27720754407171,1134.630517578125,1196.781427001953,1228.7259301757813,1244.5625482177734,PUNJABCHEM.NS,2025-09-01 11:28:00.426705
218,2024-10-14 00:00:00+05:30,1121.4399734313652,1122.4876773159433,1104.5278744788882,1108.419189453125,6080,0.0,0.0,2024-10-14,1199.0089416503906,52.185719143038455,1251.1946607934292,1146.823222507352,1303.3803799364675,1094.6375033643137,-85.75898741594419,-190.79368725418823,995874,5889.526673829869,9734.83154926461,1190.3720818445145,46.15631219761638,1111.8115804159854,1119.0952863530827,1101.1354835160275,1129.7713832530405,1093.8517775789303,1137.0550891901378,1083.1756806789724,-0.22000353006332815,-97.71969246768633,-32.386347216175636,-21.611610975394473,-10.774736240781163,32.63608432181853,20.274405845327273,1124.17392578125,1199.0089416503906,1231.5865283203125,1243.1256719970704,PUNJABCHEM.NS,2025-09-01 11:28:00.426705
219,2024-10-11 00:00:00+05:30,1146.5838021190123,1146.5838021190123,1109.5167392146634,1114.705078125,9928,0.0,0.0,2024-10-11,1204.0052612304687,47.64177833324348,1251.6470395637123,1156.3634828972251,1299.2888178969556,1108.7217045639818,-88.1922062550546,-183.9895927356084,1001954,9671.515362340606,10696.157768123296,1190.4620146134966,46.018845516047264,1123.6018731528918,1137.6870070911202,1100.6199441867714,1160.6689360572407,1086.534810248543,1174.754069995469,1063.5528812824225,-0.22285003990972854,-94.49142923949664,-29.414772676338316,-18.917926915199182,-10.496845761139134,33.36122994616936,19.122385200825235,1133.1837646484375,1204.0052612304687,1236.294990234375,1242.2835321044922,PUNJABCHEM.NS,2025-09-01 11:28:00.426705
220,2024-10-10 00:00:00+05:30,1137.6537589096954,1167.3872609416549,1137.354501921417,1143.740234375,8812,0.0,0.0,2024-10-10,1209.0340087890625,42.77965174462965,1251.8136605336922,1166.2543570444327,1294.5933122783217,1123.4747052998032,-77.02554380968041,-152.69211605907913,1011882,8807.94644495442,10952.318369568968,1190.598006556745,50.77629745409999,1149.4939990793573,1161.6334962372975,1131.6007372170598,1179.526758099595,1119.4612400591195,1191.6662552575353,1101.567978196822,-0.222613751853045,-79.57975451226073,-25.783643207772002,-16.293715474914396,-9.489927732857605,36.87363344854261,17.978084087268538,1152.1912353515625,1209.0340087890625,1240.965537109375,1241.3720623779298,PUNJABCHEM.NS,2025-09-01 11:28:00.426705
221,2024-10-09 00:00:00+05:30,1112.5100123191407,1169.7818525595062,1112.5100123191407,1135.3089599609375,10986,0.0,0.0,2024-10-09,1214.6414489746094,41.087277163138715,1255.728726137748,1173.5541718114707,1296.816003300887,1132.4668946483318,-113.36671039437323,-182.404347789726,1003070,10899.998494319074,11488.411350722603,1190.6727852126667,49.736591568769214,1139.2002749465282,1165.8905375739157,1108.6186973335502,1196.4721151868937,1081.9284347061628,1223.1623778142812,1051.3468570931848,-0.20663300170907017,-83.90983011151178,-23.603558849035153,-13.921233541699994,-9.682325307335159,35.029795011396146,17.311245344113466,1168.43486328125,1214.6414489746094,1245.07134765625,1240.2548626708985,PUNJABCHEM.NS,2025-09-01 11:28:00.426705
222,2024-10-08 00:00:00+05:30,1162.7975357668897,1163.7953026378418,1103.979105645647,1118.6961669921875,16754,0.0,0.0,2024-10-08,1220.7727294921874,37.62972024966954,1258.402449741857,1183.1430092425178,1296.0321699915264,1145.5132889928484,-180.0919276262745,-220.25258645992278,992084,16379.605553630568,11635.514564823487,1190.78315549092,43.40845326646398,1128.8235250918922,1153.6679445381374,1093.8517475459425,1188.639722084087,1069.0073280996974,1213.4841415303322,1034.0355505537477,-0.20832917449429977,-92.4417134231751,-19.62440777549409,-11.500652214866202,-8.12375556062789,31.36174115132782,16.593111313023392,1195.7537353515625,1220.7727294921874,1249.8237133789062,1239.0606982421875,PUNJABCHEM.NS,2025-09-01 11:28:00.426705
223,2024-10-07 00:00:00+05:30,1213.5838348404584,1213.5838348404584,1121.5398454713086,1153.4683837890625,11826,0.0,0.0,2024-10-07,1227.3954040527344,29.495635622467567,1256.891039675202,1197.899768430267,1286.3866752976696,1168.4041328077992,-163.4725184057524,-170.1785665934615,1008838,11921.100456888917,10449.491817621714,1191.0029840986363,51.21241608071993,1162.8640213669432,1204.188197262578,1112.144207893428,1254.908010736093,1070.8200319977934,1296.2321866317277,1020.1002185242783,-0.1778669706560023,-81.97690945561052,-12.596440687818813,-9.469713324709229,-3.126727363109584,35.22768904353438,15.614290271361925,1227.5426025390625,1227.3954040527344,1255.0400390625,1237.9346014404298,PUNJABCHEM.NS,2025-09-01 11:28:00.426705
224,2024-10-04 00:00:00+05:30,1212.785669410887,1237.2309585104895,1195.5242532867746,1209.742431640625,9712,0.0,0.0,2024-10-04,1233.2423156738282,25.371855968924606,1258.6141716427528,1207.8704597049036,1283.9860276116774,1182.498603735979,-70.033943429032,-71.18287627655542,1020664,10267.728237502011,10081.589657804912,1191.0839522678843,59.10622732288199,1214.165881145963,1232.8075090051516,1191.1008037814368,1255.872586369678,1172.4591759222483,1274.5142142288664,1149.394098557722,-0.16261201015260593,-78.51168729142252,-6.832194469384149,-8.688031483931834,1.855837014547685,43.237085306219086,14.891524668260159,1248.32607421875,1233.2423156738282,1258.6609350585939,1236.4179748535157,PUNJABCHEM.NS,2025-09-01 11:28:00.426705
225,2024-10-03 00:00:00+05:30,1257.1862936023301,1270.6062096839983,1218.273384514639,1224.9583740234375,8183,0.0,0.0,2024-10-03,1236.253076171875,26.001384035756598,1262.2544602076316,1210.2516921361182,1288.255844243388,1184.2503081003617,7.35788899082924,-21.03375187661616,1030376,8760.051513297865,10035.055012880637,1191.050839184221,56.276632549988456,1237.9459894073582,1257.6185943000773,1205.285769130718,1290.2788145767174,1185.613164237999,1309.9514194694366,1152.9529439613589,-0.17045226993048873,-65.0814810770793,-4.89083554677859,-9.151990737568756,4.261155190790166,45.85563865913025,15.918970606975362,1250.3515380859376,1236.253076171875,1260.9970654296876,1234.5939624023438,PUNJABCHEM.NS,2025-09-01 11:28:00.426705
226,2024-10-01 00:00:00+05:30,1280.8332850994327,1284.4253432774549,1248.2063570982054,1271.9033203125,4820,0.0,0.0,2024-10-01,1239.7627258300781,28.96499978394607,1268.7277256140242,1210.797726046132,1297.6927253979702,1181.832726262186,110.11784630003235,45.78610358824373,1038559,5357.644796706403,10353.805887776329,1191.0000614452547,53.75026702052232,1268.1783402293868,1288.150323360568,1251.9313371813187,1304.3973264086362,1231.9593540501373,1324.3693095398176,1215.7123510020692,-0.10651075239690776,-23.645972613564794,-3.8297440464957617,-10.217279535266297,6.387535488770535,55.47767569893364,16.518103926292646,1244.923681640625,1239.7627258300781,1263.3862719726562,1233.2619018554688,PUNJABCHEM.NS,2025-09-01 11:28:00.426705
227,2024-09-30 00:00:00+05:30,1294.103656618356,1298.6933599538354,1227.25327497346,1277.6405029296875,17006,0.0,0.0,2024-09-30,1241.05732421875,30.985305350604325,1272.0426295693542,1210.0720188681457,1303.0279349199586,1179.0867135175413,147.72884429874566,43.00779354670254,1043379,18988.19240477106,11602.84616054381,1190.9286346936144,50.180983275759125,1267.8623792856608,1308.4714835978616,1237.0313986174863,1339.3024642660362,1196.4222943052855,1379.911568578237,1165.591313637111,-0.12776903308299756,-18.582103173233,-7.036564880715559,-11.81416340745893,4.77759852674337,56.831772151190805,16.029873479812363,1230.7553955078124,1241.05732421875,1264.400537109375,1231.0825854492186,PUNJABCHEM.NS,2025-09-01 11:28:00.426705
228,2024-09-27 00:00:00+05:30,1235.035862069482,1277.141574639286,1210.5905741174017,1257.3857421875,12410,0.0,0.0,2024-09-27,1242.4117919921875,33.18279896114144,1275.594590953329,1209.228993031046,1308.7773899144704,1176.0461940699047,124.99126382480435,-1.5462707931230528,1026373,13636.819460813884,9756.509599486997,1190.6576882360268,43.86832188928443,1248.3726303147293,1286.154686512057,1219.6036859901726,1314.9236308366137,1181.821629792845,1352.7056870339413,1153.0526854682882,-0.19442375037951437,-21.533551643196738,-11.600678253784963,-13.008563039144772,1.4078847853598084,53.08017518093227,15.504086845141288,1221.6457763671874,1242.4117919921875,1266.600224609375,1229.122158203125,PUNJABCHEM.NS,2025-09-01 11:28:00.426705
229,2024-09-26 00:00:00+05:30,1188.3403422421898,1237.23091887516,1188.3403422421898,1219.8697509765625,12190,0.0,0.0,2024-09-26,1245.2454528808594,36.75621651959087,1282.0016694004503,1208.4892363612685,1318.7578859200412,1171.7330198416776,-34.571359973858996,-68.4541829772864,1013963,12995.408800797788,8786.432134155275,1190.5051866316223,35.22288444053045,1215.147004031304,1241.9536658204183,1193.0630891874482,1264.0375806642742,1166.256427398334,1290.8442424533885,1144.172512554478,-0.20456745288475234,-62.42528250424157,-15.27357154085098,-13.360534235484725,-1.913037305366256,44.83123091857781,15.486206463396634,1218.9019287109375,1245.2454528808594,1270.000439453125,1228.128848876953,PUNJABCHEM.NS,2025-09-01 11:28:00.426705
230,2024-09-25 00:00:00+05:30,1197.3701454378177,1213.7334241807982,1185.3969433540506,1197.819091796875,5758,0.0,0.0,2024-09-25,1249.0843627929687,37.956287462117565,1287.0406502550863,1211.128075330851,1324.9969377172038,1173.1717878687336,-144.91488605564123,-99.34387082328001,1001773,6027.478492467111,7734.187967494647,1190.4391176694046,25.602228667494657,1198.9831531105747,1212.5693628670988,1184.2328820403511,1227.3196339373224,1170.646672283827,1240.9058436938465,1155.8964012136034,-0.2155574157530504,-87.90090902564836,-16.04981348547426,-12.88227490914316,-3.1675385763311006,38.976600787061706,16.663255365920204,1219.6203125,1249.0843627929687,1273.8453442382813,1227.6212036132813,PUNJABCHEM.NS,2025-09-01 11:28:00.426705
231,2024-09-24 00:00:00+05:30,1232.092415459666,1244.215307490427,1192.3314293913875,1201.0618896484375,12079,0.0,0.0,2024-09-24,1253.4146728515625,36.71994799298756,1290.13462084455,1216.694724858575,1326.8545688375375,1179.9747768655875,-81.21135114136447,-78.97814374261527,1007531,12678.537104249353,8160.86533625153,1190.431266062998,25.548805708964238,1212.5362088434174,1232.7409882954473,1180.8571101964078,1264.420086942457,1160.6523307443779,1284.6248663944868,1128.9732320973683,-0.23655731365639596,-88.15102903318885,-14.628803578917314,-12.090390265060384,-2.53841331385693,39.549260016457524,17.04309786146675,1221.30654296875,1253.4146728515625,1276.2178466796875,1227.5769750976563,PUNJABCHEM.NS,2025-09-01 11:28:00.426705
232,2024-09-23 00:00:00+05:30,1243.6664786733108,1272.1028347491128,1222.314364882635,1232.0924072265625,5862,0.0,0.0,2024-09-23,1258.0243530273438,35.57070872083422,1293.595061748178,1222.4536443065094,1329.1657704690122,1186.8829355856753,43.117461447853564,-33.73140415586793,1019610,6311.925631054618,7031.4473942520735,1190.4074871443129,25.972537509176206,1242.16986895277,1262.0253730229051,1212.2369031564272,1291.958338819248,1192.381399086292,1311.813842889383,1162.4484332899492,-0.20851914393383486,-62.36335682159382,-12.907198205464965,-11.45578693659615,-1.4514112688688154,45.493459082952455,17.673501146108965,1225.9860595703126,1258.0243530273438,1278.9217163085937,1227.3465087890625,PUNJABCHEM.NS,2025-09-01 11:28:00.426705
233,2024-09-20 00:00:00+05:30,1225.7066997045122,1277.1416321235758,1213.334487581489,1243.66650390625,4359,0.0,0.0,2024-09-20,1261.5065612792969,36.2999259609711,1297.8064872402679,1225.2066353183259,1334.106413201239,1188.9067093573547,45.75641968294257,-32.79409610863922,1025472,4737.656664211602,7211.3278350514365,1190.3621870746597,26.916414131038835,1244.7142078704383,1276.0939281593876,1212.2867836173007,1308.5213524125252,1180.9070633283513,1339.9010727014745,1148.4796390752138,-0.19539515897994186,-57.9163584705885,-13.563493841762465,-11.092934119378945,-2.47055972238352,47.990812374079226,18.657794559299504,1222.6734619140625,1261.5065612792969,1281.461923828125,1226.4916455078126,PUNJABCHEM.NS,2025-09-01 11:28:00.426705
234,2024-09-19 00:00:00+05:30,1210.2911961437646,1241.1222163490138,1203.805711580752,1223.461669921875,5417,0.0,0.0,2024-09-19,1263.8612915039062,36.60793246086537,1300.4692239647716,1227.2533590430407,1337.077156425637,1190.6454265821753,-45.362092392075986,-67.3801450511607,1021113,5791.912354093819,7829.745627761395,1190.3190774317957,27.875320323884665,1222.7965326172136,1241.7873536536754,1204.4708488854135,1260.1130373854755,1185.4800278489517,1279.1038584219373,1167.1543441171516,-0.19642977737657163,-75.43387732022592,-15.33811680908616,-10.475294188783066,-4.862822620303094,42.91011252130638,19.717802850427777,1215.60927734375,1263.8612915039062,1284.2305883789063,1225.2447814941406,PUNJABCHEM.NS,2025-09-01 11:28:00.426705
235,2024-09-18 00:00:00+05:30,1224.45949005211,1231.1446013557786,1187.4423624491278,1206.250244140625,6520,0.0,0.0,2024-09-18,1263.6717163085937,36.837253051326975,1300.5089693599207,1226.8344632572666,1337.3462224112477,1189.9972102059396,-99.38920849516427,-91.7183996401503,1015696,6873.181110990676,8339.203946178288,1190.2857342384802,30.935676130687256,1208.2790693151771,1229.1157761812265,1185.4135372745757,1251.981308221828,1164.5768304085263,1272.8180150878773,1141.7112983679249,-0.20015582271420682,-87.17252603122418,-15.387906248954778,-9.25958853370729,-6.128317715247487,38.12844568900516,20.25756762134361,1213.97294921875,1263.6717163085937,1287.31275390625,1224.01828125,PUNJABCHEM.NS,2025-09-01 11:28:00.426705
236,2024-09-17 00:00:00+05:30,1207.2979309518878,1245.8616454199355,1207.2979309518878,1224.45947265625,4856,0.0,0.0,2024-09-17,1264.245428466797,35.97515261616702,1300.220581082964,1228.27027585063,1336.195733699131,1192.2951232344628,-71.65986306164149,-70.71209981490696,1022216,5196.319800909592,8705.709654975191,1190.2663793233442,30.085645127541497,1225.873016342691,1244.4481017334942,1205.8843872654465,1264.4367308107387,1187.3093018746433,1283.011816201542,1167.3206727973989,-0.19217817957821157,-77.76994594170728,-13.523437064739937,-7.727509104895417,-5.79592795984452,41.547529295555464,20.40619902114381,1223.9007080078125,1264.245428466797,1290.8665795898437,1222.907646484375,PUNJABCHEM.NS,2025-09-01 11:28:00.426705
237,2024-09-16 00:00:00+05:30,1208.3455466166577,1243.3671373648367,1207.447532126149,1215.5294189453125,7170,0.0,0.0,2024-09-16,1263.1354125976563,37.57431484784994,1300.7097274455064,1225.5610977498063,1338.2840422933562,1187.9867829019565,-102.39767287680539,-79.80434026528646,1017360,7616.534400232471,9583.05711849159,1190.2354765482594,29.648713930259035,1222.1146961454326,1236.7818601647161,1200.8622549260285,1258.0343013841202,1186.195090906745,1272.7014654034037,1164.942649687341,-0.20682752327973114,-84.43139693049781,-12.724784068083181,-6.2785271149342865,-6.446256953148895,39.0590939838455,21.204513850153184,1230.5957275390624,1263.1354125976563,1293.9397412109374,1221.7552905273437,PUNJABCHEM.NS,2025-09-01 11:28:00.426705
238,2024-09-13 00:00:00+05:30,1225.7565637044622,1242.9680417051964,1193.129636735198,1208.3455810546875,15641,0.0,0.0,2024-09-13,1263.0605834960938,37.675465916630834,1300.7360494127247,1225.385117579463,1338.4115153293556,1187.7096516628321,-142.6395078631265,-93.88090971801714,1010190,16516.896680781123,10074.68779805637,1190.2016781577322,22.115083267631718,1214.8144198316938,1236.4992029281898,1186.6607979581913,1264.6528248016923,1164.9760148616954,1286.3376078981883,1136.8223929881929,-0.1795027127632735,-89.42440621896706,-10.629991471012318,-4.666962876647062,-5.963028594365255,37.058547982602676,21.962728878576637,1237.719775390625,1263.0605834960938,1297.36671875,1220.584219970703,PUNJABCHEM.NS,2025-09-01 11:28:00.426705
239,2024-09-12 00:00:00+05:30,1255.8392763090594,1255.8392763090594,1204.204841566766,1215.280029296875,14046,0.0,0.0,2024-09-12,1261.7884338378906,39.979323195960966,1301.7677570338515,1221.8091106419297,1341.7470802298126,1181.8297874459686,-151.34002087546037,-84.31868059279513,1025831,14917.697735995254,8464.13557737518,1190.1486357359097,36.594370490837505,1225.1080490575669,1246.0112565483678,1194.3768218060743,1276.7424837998603,1173.4736143152734,1297.6456912906613,1142.7423870637808,-0.1758375779714131,-91.66042068654266,-7.079462498094699,-3.176205728055748,-3.903256770038951,38.1819144146313,22.763979720932483,1250.131982421875,1261.7884338378906,1301.3943237304688,1219.2570104980468,PUNJABCHEM.NS,2025-09-01 11:28:00.426705
240,2024-09-11 00:00:00+05:30,1273.1504526600506,1273.1504526600506,1245.312734233726,1255.8890380859375,4090,0.0,0.0,2024-09-11,1260.8879455566407,41.26418377304806,1302.1521293296887,1219.6237617835927,1343.416313102737,1178.3595780105445,-87.79949045146586,-45.043488047307555,1039877,4488.9767461162055,6850.74503772016,1190.0824843406397,73.77355955345917,1258.1174083265714,1270.922082419417,1243.0843639930922,1285.9551267528961,1230.2796899002467,1298.7598008457417,1215.2466455667675,-0.16026919623273034,-79.3601867257519,-3.1093829960434505,-2.20039153554601,-0.9089914604974405,45.72401818990038,23.95491223418697,1261.0675048828125,1260.8879455566407,1305.919384765625,1217.8928100585938,PUNJABCHEM.NS,2025-09-01 11:28:00.426705
241,2024-09-10 00:00:00+05:30,1266.7647826749608,1272.1527480852171,1250.2018771378644,1257.9345703125,3126,0.0,0.0,2024-09-10,1258.9722412109375,42.38268783268455,1301.354929043622,1216.589553378253,1343.7376168763067,1174.2068655455682,-104.15656888035883,-44.8274756877677,1043967,3436.52734548688,7441.187110621149,1190.0320071438464,75.974366141424,1260.0963985118606,1269.9909198858568,1248.040048938504,1282.0472694592133,1238.1455275645078,1291.9417908332096,1226.0891779911512,-0.1689154769233653,-70.63934630966061,-1.9787383931573004,-1.97314367042165,-0.005594722735650315,46.151340246319286,24.93640408806181,1268.919970703125,1258.9722412109375,1309.0359399414062,1216.091162109375,PUNJABCHEM.NS,2025-09-01 11:28:00.426705
242,2024-09-09 00:00:00+05:30,1266.1161605388106,1268.161631243771,1239.2263933947784,1251.149658203125,4505,0.0,0.0,2024-09-09,1258.4658752441405,42.45617210521593,1300.9220473493565,1216.0097031389246,1343.3782194545724,1173.5535310337086,-179.46256321177867,-57.02679852379406,1040841,4925.800685354716,8442.352051904716,1189.992175099201,76.0880396657649,1252.845894280558,1266.4653951663377,1237.5301573173451,1281.7811321295505,1223.9106564315655,1295.4006330153302,1208.5949194683526,-0.14959187071944252,-74.11765622703038,-0.702643728545354,-1.9717449897377375,1.2691012611923835,44.560142422302896,25.800905650691767,1276.8921142578124,1258.4658752441405,1311.7780810546874,1214.7379541015625,PUNJABCHEM.NS,2025-09-01 11:28:00.426705
243,2024-09-06 00:00:00+05:30,1278.039556819459,1288.0670403816507,1251.1996047347461,1270.4066162109375,4343,0.0,0.0,2024-09-06,1256.8445068359374,43.35984879900945,1300.2043556349468,1213.484658036928,1343.5642044339563,1170.1248092379185,-169.36904115320064,-38.038885954175655,1045346,4821.75738299982,9321.489893542215,1189.9404300079873,78.54766772663513,1269.8910871091114,1288.5825694834766,1251.715133836572,1306.758522756016,1233.0236514622068,1325.4500051303812,1214.8476981896674,-0.15989834758070742,-63.514551090860415,1.6100012956846967,-2.2890203050358333,3.89902160072053,48.32701711372059,26.847117532961533,1287.608154296875,1256.8445068359374,1314.917744140625,1212.6253076171874,PUNJABCHEM.NS,2025-09-01 11:28:00.426705
244,2024-09-05 00:00:00+05:30,1295.6001998412166,1302.385062852883,1263.172778589896,1269.9576416015625,5596,0.0,0.0,2024-09-05,1255.1657653808593,43.45697688051628,1298.6227422613756,1211.708788500343,1342.079719141892,1168.2518116198266,-195.78540017356028,-30.063403473230505,1041003,6210.6880972477375,10446.423021177812,1189.8747425598674,80.85408640260329,1278.5051610147805,1293.8375434396648,1254.625259176678,1317.7174452777674,1239.2928767517935,1333.0498277026518,1215.412974913691,-0.15092172150798885,-59.49964949765611,2.6499751775179448,-3.263775705215966,5.913750882733911,48.23207324526156,27.535362831254275,1296.338623046875,1255.1657653808593,1315.9280932617187,1210.0000262451172,PUNJABCHEM.NS,2025-09-01 11:28:00.426705
245,2024-09-04 00:00:00+05:30,1298.9927453749335,1306.076865972153,1270.257010070669,1295.1513671875,9830,0.0,0.0,2024-09-04,1252.561590576172,44.08001022939073,1296.6416008055628,1208.4815803467811,1340.7216110349534,1164.4015701173905,-11.061697647066142,-18.00394259997235,1046599,11126.199018715071,11505.35675216033,1189.7904180759986,81.29229774833544,1290.4950810767739,1310.7331520828789,1274.9132961813948,1326.314936978258,1254.6752251752898,1346.553007984363,1239.0934402799107,-0.17869259546139915,-46.058899352618106,3.985522947189338,-4.742213425899443,8.727736373088781,53.32497140749617,27.827563037168257,1301.6766845703125,1252.561590576172,1317.7717236328126,1207.4986987304687,PUNJABCHEM.NS,2025-09-01 11:28:00.426705
246,2024-09-03 00:00:00+05:30,1321.0433043206342,1321.0433043206342,1293.105832628053,1297.7952880859375,2405,0.0,0.0,2024-09-03,1248.6179138183593,43.59470578044142,1292.2126195988008,1205.0232080379178,1335.8073253792422,1161.4285022574763,45.81199120582491,-3.8663653578092676,1056429,2727.683971187022,11600.146185521646,1189.5951759948416,81.51792234918804,1303.9814750115415,1314.8571173950302,1286.9196457024489,1331.9189467041228,1276.0440033189602,1342.7945890876115,1258.9821740098675,-0.24010636293646329,-44.84808360685916,3.153841845393117,-6.924147519171638,10.077989364564754,53.878623092754836,27.87611006231128,1299.5314697265626,1248.6179138183593,1320.0004931640624,1204.751905517578,PUNJABCHEM.NS,2025-09-01 11:28:00.426705
247,2024-09-02 00:00:00+05:30,1314.058954176748,1334.064228432085,1286.3709238210877,1304.7298583984375,5306,0.0,0.0,2024-09-02,1248.1614379882812,43.09763605050678,1291.259074038788,1205.0638019377745,1334.356710089295,1161.9661658872676,59.197526630188506,-0.8515632979322455,1058834,6050.073137858666,13818.261739105299,1189.5460987730758,79.46595272962044,1308.38833688387,1330.4057499466521,1282.7124453356548,1356.0816414948672,1260.6950322728726,1378.0990545576494,1235.0191407246575,-0.22135588006699516,-41.67235085352079,1.7808663789228376,-9.443644860312826,11.224511239235664,55.277564481097535,27.034186189657117,1298.6235107421876,1248.1614379882812,1321.3222143554688,1201.8134143066407,PUNJABCHEM.NS,2025-09-01 11:28:00.426705
248,2024-08-30 00:00:00+05:30,1312.8616884431563,1327.528812625685,1276.2935085159838,1314.0589599609375,8994,0.0,0.0,2024-08-30,1248.6253967285156,43.78315759051515,1292.4085543190308,1204.8422391380004,1336.191711909546,1161.0590815474852,63.37364995840208,-6.0207418851905095,1064140,10328.577509603325,15760.308889416958,1189.4307187848387,79.84840924744307,1305.9604270342022,1335.6273455524206,1284.3920414427193,1357.1957311439035,1254.725122924501,1386.8626496621218,1233.156737333018,-0.2222983327849711,-37.400026534038815,-0.6868912017878301,-12.249772670121741,11.562881468333911,57.132063759370126,26.127498942183404,1298.024853515625,1248.6253967285156,1320.0641967773438,1198.7911413574218,PUNJABCHEM.NS,2025-09-01 11:28:00.426705
249,2024-08-29 00:00:00+05:30,1272.1527245100797,1309.5190440520955,1272.1527245100797,1296.64794921875,8732,0.0,0.0,2024-08-29,1250.1145629882812,46.545215823408334,1296.6597788116896,1203.5693471648729,1343.2049946350978,1157.0241313414647,56.09410806045751,-23.48065126264936,1055146,9894.835589116592,17118.241734370364,1189.2187463535524,77.03309585507081,1292.7732392603084,1313.3937540105371,1276.0274344685213,1330.1395588023242,1255.4069197182926,1350.760073552553,1238.6611149265054,-0.24387078351950112,-45.373515097998215,-4.754736421856251,-15.140493037205218,10.385756615348967,54.4862916432655,25.25958522672193,1293.365283203125,1250.1145629882812,1317.31046875,1195.5934466552735,PUNJABCHEM.NS,2025-09-01 11:28:00.426705
250,2024-08-28 00:00:00+05:30,1321.3924810564806,1337.007556354038,1278.6881336784247,1284.42529296875,3986,0.0,0.0,2024-08-28,1252.6937866210938,50.51909254111884,1303.2128791622126,1202.1746940799749,1353.7319717033315,1151.655601538856,80.67571673176101,-18.817341355191157,1046414,4474.236345605509,18924.093270683807,1189.041055999919,77.16993279591992,1300.0403276670709,1321.392521655717,1263.0730989801039,1358.359750342684,1241.7209049914577,1379.7119443313302,1204.7536763044907,-0.27123837019465846,-50.970962097122715,-8.176048768063993,-17.73693219104246,9.560883422978467,52.578719886169345,24.626812883312354,1277.9697265625,1252.6937866210938,1314.2060986328124,1192.384692993164,PUNJABCHEM.NS,2025-09-01 11:28:00.426705
251,2024-08-26 00:00:00+05:30,1297.0968710765553,1325.0343421458965,1279.6858887184956,1293.2554931640625,8589,0.0,0.0,2024-08-26,1255.9240600585938,54.55881734838735,1310.482877406981,1201.3652427102065,1365.0416947553686,1146.806425361819,105.73025784616871,-21.892096637040773,1050400,9707.328183500618,22536.55750195338,1188.96898348022,78.50888328432744,1299.3252413428181,1318.9645939671407,1273.6161405397397,1344.673694770219,1253.9767879154172,1364.3130473945416,1228.2676871123388,-0.2757468051309457,-46.92711298822541,-11.228739356874257,-20.127153046787075,8.898413689912818,54.10011372737101,23.72372187413403,1264.6295654296875,1255.9240600585938,1311.2973999023438,1189.4250958251953,PUNJABCHEM.NS,2025-09-01 11:28:00.426705
252,2024-08-23 00:00:00+05:30,1306.076833793785,1334.0143061744006,1282.1304288961144,1301.736572265625,13591,0.0,0.0,2024-08-23,1259.907647705078,60.05933762913752,1319.9669853342155,1199.8483100759406,1380.026322963353,1139.788972446803,159.11851926839807,-17.262960849675913,1058989,15461.34592192392,25743.86483156657,1188.7989109331816,70.75795272173254,1305.9604357787132,1329.790442661312,1277.9065653830257,1357.8443130569995,1254.076558500427,1381.6743199395983,1226.0226881047395,-0.275160934165695,-43.04314621411454,-15.83661688213374,-22.351756469265275,6.515139587131536,55.533072898950984,22.937759460559775,1246.4302978515625,1259.907647705078,1308.066748046875,1185.9675341796874,PUNJABCHEM.NS,2025-09-01 11:28:00.426705
253,2024-08-22 00:00:00+05:30,1219.5205310296756,1395.7261321803323,1219.5205310296756,1290.7611083984375,98374,0.0,0.0,2024-08-22,1263.7964416503905,65.20758448299073,1329.0040261333813,1198.5888571673997,1394.211610616372,1133.3812726844092,257.15329603611445,-24.124747956474163,1045398,110968.31202116699,28314.49455897723,1188.5067138628187,60.45941509318693,1302.0025905361483,1384.484650042621,1208.2790488919643,1478.208191686805,1125.7969893854915,1560.6902511932778,1032.0734477413075,-0.2490328154598556,-48.0694331382345,-22.331405490656152,-23.98054136604816,1.649135875392009,54.0703899415668,22.016333662460852,1228.88955078125,1263.7964416503905,1304.68240234375,1182.307191772461,PUNJABCHEM.NS,2025-09-01 11:28:00.426705
254,2024-08-21 00:00:00+05:30,1242.2196714347385,1242.2196714347385,1200.6626596733847,1219.670166015625,4332,0.0,0.0,2024-08-21,1265.9840454101563,66.87246484799363,1332.85651025815,1199.1115805621628,1399.7289751061435,1132.2391157141692,14.61774132909717,-106.98642117202083,947024,4617.465153631939,7651.040193429785,1186.5552609570207,24.567815684665092,1220.8508323745828,1241.0390050757808,1199.481993314427,1262.4078441359366,1179.293820613229,1282.5960168371346,1157.9249815530732,-0.27931981200778083,-78.46076598464249,-29.22743150266774,-24.392825334896163,-4.834606167771579,42.74841829239336,21.024028956815858,1207.3178466796876,1265.9840454101563,1301.2159204101563,1178.9452569580078,PUNJABCHEM.NS,2025-09-01 11:28:00.426705
255,2024-08-20 00:00:00+05:30,1209.1437168673885,1225.257675641928,1202.458727779631,1217.7244873046875,4163,0.0,0.0,2024-08-20,1271.3279846191406,67.24604589578955,1338.5740305149302,1204.081938723351,1405.8200764107196,1136.8358928275616,-21.19706434563587,-121.22177430892901,942692,4430.249938018943,8409.433953379246,1186.5274079006597,21.109005606910358,1215.1469635754156,1227.8351993712001,1205.0362515089032,1237.9459114377125,1192.3480157131187,1250.634147233497,1182.2373036466063,-0.27316032651520616,-79.66828128878701,-30.61221394242557,-23.184173792953267,-7.428040149472302,42.386680723525856,22.069871750156345,1202.8378662109376,1271.3279846191406,1298.3927490234375,1176.4430639648438,PUNJABCHEM.NS,2025-09-01 11:28:00.426705
256,2024-08-19 00:00:00+05:30,1229.2487981399966,1229.6479292521824,1198.4177771387929,1202.2591552734375,5343,0.0,0.0,2024-08-19,1277.6626953125,67.89501563529974,1345.5577109478,1209.7676796772002,1413.4527265830995,1141.8726640419006,-50.93882358788628,-136.81598033349738,938529,5613.788480634172,9404.22995721932,1186.5021712089244,18.258572972512127,1210.1082872214708,1221.7987973041488,1190.5686451907593,1241.3384393348604,1178.8781351080813,1253.0289494175383,1159.3384930773698,-0.26071164500409805,-87.52499483634284,-31.729713799940782,-21.32716375558519,-10.402550044355593,39.57413208293436,22.605054241195937,1202.807958984375,1277.6626953125,1295.98380859375,1173.9274755859376,PUNJABCHEM.NS,2025-09-01 11:28:00.426705
257,2024-08-16 00:00:00+05:30,1184.349272584337,1220.1691275131955,1184.349272584337,1214.0328369140625,4406,0.0,0.0,2024-08-16,1283.68056640625,66.17194190174538,1349.8525083079953,1217.5086245045045,1416.0244502097407,1151.336682602759,-85.39913099272385,-154.0921991022043,943872,4674.634977669749,10351.840326365606,1186.4857946942286,15.26618544122077,1206.1837456705316,1228.0182187567261,1192.1983638278678,1242.00360059939,1170.3638907416732,1263.8380736855845,1156.3785088990094,-0.2788147914484356,-82.75860849451864,-31.15659813262255,-18.726526244496288,-12.43007188812626,40.9877521856152,23.18140461616165,1211.917578125,1283.68056640625,1293.5904907226563,1171.439609375,PUNJABCHEM.NS,2025-09-01 11:28:00.426705
258,2024-08-14 00:00:00+05:30,1200.313571442251,1212.2368370862027,1177.3649329192488,1182.902587890625,4934,0.0,0.0,2024-08-14,1292.3601684570312,67.91740178736353,1360.2775702443948,1224.4427666696677,1428.1949720317584,1156.525364882304,-123.0656779184433,-175.58703281618875,939466,5100.595753369592,11771.141663539569,1186.4621651660627,16.871767500584326,1190.8347859653588,1204.304639011469,1169.432734844515,1225.7066901323128,1155.9628817984049,1239.176543178423,1134.560830677561,-0.3064724762624099,-97.39614553866642,-31.110295990850318,-15.619008272464722,-15.491287718385596,35.31286539671025,23.48599820240272,1212.85546875,1292.3601684570312,1290.1204736328125,1169.1371472167968,PUNJABCHEM.NS,2025-09-01 11:28:00.426705
259,2024-08-13 00:00:00+05:30,1218.2733042454774,1243.4169797417794,1177.3648640537783,1197.270263671875,9977,0.0,0.0,2024-08-13,1304.58486328125,69.17090856700626,1373.7557718482562,1235.4139547142436,1442.9266804152624,1166.2430461472375,-87.151912062364,-154.97145474632927,944400,10439.145391767206,13438.778141082063,1186.4655877217979,23.062814069424505,1206.017369155811,1234.6698742578435,1168.6177585698424,1272.069484843812,1139.9652534678098,1300.7219899458446,1102.5656428818413,-0.3590582812489798,-91.32611014892825,-27.51378923898733,-11.74618634286832,-15.767602896119008,36.83104097974575,23.552370569737864,1223.64130859375,1304.58486328125,1288.3611791992187,1167.0817749023438,PUNJABCHEM.NS,2025-09-01 11:28:00.426705
260,2024-08-12 00:00:00+05:30,1262.1750812118162,1262.1750812118162,1200.862356223023,1217.574951171875,7509,0.0,0.0,2024-08-12,1315.327099609375,68.30507006471487,1383.6321696740897,1247.0220295446602,1451.9372397388047,1178.7169594799452,-63.71663562205372,-124.88200632733331,954377,7990.0700552346125,14188.686328410775,1186.4445397682068,27.115010884025097,1226.8707962022381,1252.8792361814533,1191.56651119266,1288.1835211910313,1165.558071213445,1314.1919611702465,1130.2537862038669,-0.2532624092636889,-91.28966867773359,-23.90729352393805,-7.804285618838566,-16.103007905099485,39.03228186693525,23.6238485037911,1227.7620849609375,1315.327099609375,1287.70828125,1164.8210034179688,PUNJABCHEM.NS,2025-09-01 11:28:00.426705
261,2024-08-09 00:00:00+05:30,1217.3255454996845,1265.866807365127,1217.3255454996845,1247.8072509765625,9266,0.0,0.0,2024-08-09,1320.2705627441405,64.31954691807752,1384.590109662218,1255.951015826063,1448.9096565802956,1191.6314689079854,-53.54585249757025,-98.03763839766609,961886,10104.447662599456,15738.340396704816,1186.3988307035581,26.787519400143537,1243.6665346137913,1270.0075237278982,1221.4662618624557,1292.2077964792338,1195.1252727483488,1318.5487855933407,1172.9249999970132,-0.2615423475701036,-76.70836030163606,-20.92735848309576,-3.7785336425636955,-17.148824840532065,42.548671648279765,24.168660190404374,1227.5026611328126,1320.2705627441405,1285.4267700195312,1162.0276629638672,PUNJABCHEM.NS,2025-09-01 11:28:00.426705
262,2024-08-08 00:00:00+05:30,1240.0745253359537,1248.6552960259999,1213.2845093371875,1218.7222900390625,4473,0.0,0.0,2024-08-08,1324.69296875,62.07656869892893,1386.769537448929,1262.6164000510712,1448.8461061478579,1200.5398313521423,-86.24816423980984,-107.08728846757295,952620,4764.051311032669,17146.813580231155,1186.28736450477,22.218990515033852,1226.8873651340834,1240.4902209309794,1205.119434242167,1262.2581518228958,1191.516578445271,1275.8610076197917,1169.7486475533547,-0.2845233511431641,-90.73629688854045,-19.772480896674097,0.5086725675693211,-20.281153464243417,37.52085140259972,25.101365978684566,1235.674365234375,1324.69296875,1281.27130859375,1159.5691418457031,PUNJABCHEM.NS,2025-09-01 11:28:00.426705
263,2024-08-07 00:00:00+05:30,1225.2577157823741,1252.6963046944386,1214.3322172801102,1236.831787109375,8799,0.0,0.0,2024-08-07,1331.7119934082032,57.2094138777216,1388.9214072859247,1274.5025795304816,1446.1308211636465,1217.2931656527599,-99.22703159855342,-92.4331780045865,957093,9510.793096569256,20242.504147530777,1186.2589188794548,20.88960315847845,1234.6201030279747,1254.9079887758392,1216.5439013615107,1272.984190442303,1196.2560156136462,1293.2720761901676,1178.1798139471823,-0.28121030183717727,-82.00192461040768,-15.12987660814315,5.578960933630176,-20.708837541773327,39.52092575945222,25.63001167663059,1254.7317138671874,1331.7119934082032,1277.4924682617188,1157.4169006347656,PUNJABCHEM.NS,2025-09-01 11:28:00.426705
264,2024-08-06 00:00:00+05:30,1244.2152136855564,1279.93531424902,1208.2956084789164,1217.8741455078125,16263,0.0,0.0,2024-08-06,1338.975390625,53.63961394687462,1392.6150045718746,1285.3357766781255,1446.2546185187493,1231.6961627312508,-135.31135611297702,-83.45832301086827,948294,17309.15435384376,22925.431910271156,1186.1715202801488,20.955166555969996,1235.368356078583,1262.4411036782496,1190.801397908146,1307.0080618486866,1163.7286503084795,1334.0808094483532,1119.1616921380426,-0.31501860278648913,-91.89587893485103,-10.740206789476815,10.756170319073508,-21.496377108550323,36.215528859333894,26.219012045459124,1276.1338134765624,1338.975390625,1273.2966821289062,1155.4927282714843,PUNJABCHEM.NS,2025-09-01 11:28:00.426705
265,2024-08-05 00:00:00+05:30,1237.2309366027482,1267.6128895123343,1199.5152996549652,1216.27783203125,31769,0.0,0.0,2024-08-05,1346.9601806640626,46.00677651552523,1392.9669571795878,1300.9534041485374,1438.973733695113,1254.9466276330122,-217.60969120557405,-81.24646445244973,932031,33768.293501739725,24329.501299378004,1186.0699331067065,29.420081797797437,1227.8020070661833,1256.0887144774013,1187.9911246200322,1295.8995969235523,1159.7044172088142,1324.1863043347703,1119.8935347626632,-0.3543449326560465,-94.19495446279149,-3.090328351947619,16.130264596211088,-19.220592948158707,35.94118556858837,26.853320134966776,1302.20546875,1346.9601806640626,1269.5079272460937,1153.7546484375,PUNJABCHEM.NS,2025-09-01 11:28:00.426705
266,2024-08-02 00:00:00+05:30,1298.0946191147425,1315.8549170423125,1265.7669501285159,1288.665771484375,28243,0.0,0.0,2024-08-02,1355.3433654785156,34.86819867599091,1390.2115641545065,1320.4751668025247,1425.0797628304974,1285.6069681265337,-181.07475130313603,-24.135463843434295,963800,31807.087032283056,21969.803248787575,1185.879652684844,46.47239624349294,1290.0958795517345,1314.424808974953,1264.3368420611564,1340.1838464655311,1240.0079126379378,1364.5127758887497,1214.2488751473597,-0.2974391467636642,-89.70868777189256,6.907870040792204,20.935412833250762,-14.027542792458558,43.868054329282145,27.238900557190462,1328.7560546875,1355.3433654785156,1265.6246618652344,1152.6179064941407,PUNJABCHEM.NS,2025-09-01 11:28:00.426705
267,2024-08-01 00:00:00+05:30,1358.9584795003993,1373.7752931882728,1276.6926496329886,1314.009033203125,34880,0.0,0.0,2024-08-01,1359.8159545898438,31.433066180697466,1391.2490207705414,1328.3828884091463,1422.6820869512387,1296.949822228449,-127.97742475297704,4.910239189132327,992043,40054.15784707897,19510.482302913704,1185.3008184904495,49.768830543211756,1321.492325341462,1366.2920010499354,1269.2093574946512,1418.5749688967462,1224.4096817861778,1463.3746446052196,1172.126713939367,-0.31488062631443897,-82.36304375980106,12.474813793828844,24.4422985313654,-11.967484737536555,47.25577429157712,28.830818917417158,1345.608349609375,1359.8159545898438,1260.3991662597657,1150.718458251953,PUNJABCHEM.NS,2025-09-01 11:28:00.426705
268,2024-07-31 00:00:00+05:30,1364.9450788265988,1375.870577339349,1325.633039769857,1343.84228515625,11923,0.0,0.0,2024-07-31,1363.4594177246095,30.036219485610786,1393.4956372102201,1333.4231982389988,1423.531856695831,1303.386978753388,-29.44707912786,26.695065696397798,1026923,14002.533626376062,14374.563416872386,1184.3994079821625,56.03512392368736,1348.4486340884853,1371.2642284071135,1321.0266908376216,1398.6861716579772,1298.2110965189934,1421.5017659766054,1270.7891532681297,-0.32724400567963546,-74.228214588329,16.91724912967561,27.434169715749537,-10.516920586073926,51.61267276197312,30.767302210523454,1358.709033203125,1363.4594177246095,1254.6648156738281,1147.9682568359376,PUNJABCHEM.NS,2025-09-01 11:28:00.426705
269,2024-07-30 00:00:00+05:30,1364.9450161887141,1376.9182180851062,1342.0961315435572,1348.232421875,9727,0.0,0.0,2024-07-30,1366.753594970703,31.355375671112476,1398.1089706418154,1335.3982192995907,1429.464346312928,1304.042843628478,-25.006971565151794,33.30603773938844,1038846,11460.840288155365,14467.570864496467,1184.0167846133022,56.70858259649297,1355.7489238345545,1369.4017161255517,1334.5796295840028,1390.5710103761035,1320.9268372930055,1404.2238026671007,1299.7575430424538,-0.3819684922801775,-71.9719675415764,19.410467297161176,30.063399862268014,-10.652932565106838,52.27125815351953,32.32245764502524,1356.843212890625,1366.753594970703,1248.2720739746094,1145.0108142089844,PUNJABCHEM.NS,2025-09-01 11:28:00.426705
270,2024-07-29 00:00:00+05:30,1390.0389562152302,1390.0389562152302,1342.5452769848291,1349.03076171875,7864,0.0,0.0,2024-07-29,1371.4186279296875,35.1640659301291,1406.5826938598166,1336.2545619995585,1441.7467597899458,1301.0904960694293,-21.216904181365738,38.00552008467274,1048573,9271.246661984127,15219.25350858174,1183.694658947852,55.44951120942319,1360.538331639603,1378.531386294377,1331.0377070639759,1408.0320108700041,1313.044652409202,1426.025065524778,1283.5440278335748,-0.29307800836163955,-71.56167236624101,21.87608213327485,32.72663300354472,-10.85055087026987,52.38436743169813,33.58663019747689,1352.5065185546875,1371.4186279296875,1241.7785876464843,1141.744658203125,PUNJABCHEM.NS,2025-09-01 11:28:00.426705
271,2024-07-26 00:00:00+05:30,1367.040397059822,1386.846045545454,1366.940644729969,1372.92724609375,7260,0.0,0.0,2024-07-26,1374.5529296875,35.85054359032673,1410.4034732778266,1338.7023860971733,1446.2540168681535,1302.8518425068464,20.15199954165107,48.55129247036509,1056437,8710.777534737128,16706.25522023114,1183.4320361656953,64.21812707032234,1375.5713121230576,1384.2019795161461,1364.2965787006613,1395.4767129385425,1355.6659113075727,1404.107380331631,1344.3911778851764,-0.21775404747948623,-59.28042106292973,24.622736111062295,35.43927072111218,-10.816534610049885,55.72974846875759,34.93712907995647,1351.5841064453125,1374.5529296875,1235.4383776855468,1138.7054650878906,PUNJABCHEM.NS,2025-09-01 11:28:00.426705
272,2024-07-25 00:00:00+05:30,1322.0411037748652,1406.8512877906112,1316.553385985611,1379.512451171875,13220,3.0,0.0,2024-07-25,1375.6586486816407,36.13764590337369,1411.7962945850143,1339.521002778267,1447.933940488388,1303.3833568748933,9.11153655931699,46.36492968869192,1063697,15937.854499632595,18705.12464160464,1183.1537488713934,59.15294377275091,1367.6390416493657,1418.7246973131205,1328.4267955081202,1457.936943454366,1277.3411398443654,1509.0225991181208,1238.12889370312,-0.18230013061084388,-55.896050492800846,25.412772119766032,38.14340437362465,-12.730632253858616,56.65613809926255,35.80390248595195,1341.52197265625,1375.6586486816407,1228.2976831054686,1135.5034643554689,PUNJABCHEM.NS,2025-09-01 11:28:00.426705
273,2024-07-24 00:00:00+05:30,1339.3913239745764,1353.9260945076464,1326.7977959228424,1334.51318359375,7405,0.0,0.0,2024-07-24,1377.089666748047,36.85777990091035,1413.9474466489573,1340.2318868471366,1450.8052265498677,1303.3741069462262,-53.70397036022738,33.630200509455975,1050477,8636.160586193566,19396.942177097655,1182.627243186024,53.354975293237295,1338.4123580080795,1350.0269200933167,1322.8986215085126,1365.5406565928836,1311.2840594232755,1377.1552186781207,1295.7703229237086,-0.29787442194445685,-79.02277093081092,25.390672689582743,41.3260624370893,-15.935389747506555,51.549339639566874,36.73735076933171,1343.1444580078125,1377.089666748047,1220.8291638183593,1132.3914135742189,PUNJABCHEM.NS,2025-09-01 11:28:00.426705
274,2024-07-23 00:00:00+05:30,1361.5916956166836,1361.5916956166836,1293.6963307908507,1326.5489501953125,9305,0.0,0.0,2024-07-23,1376.4102111816405,37.79724769546643,1414.207458877107,1338.612963486174,1452.0047065725735,1300.8157157907076,-85.95514344253907,30.568676723803726,1043072,10787.292021555326,22087.137574823675,1182.398779668242,50.030329231370644,1327.278992200949,1360.8616536110474,1292.9662887852144,1395.174357026782,1259.383627375116,1428.7570184368803,1225.0709239593814,-0.3319092344955657,-83.11587309050616,29.409417609548655,45.309909873965935,-15.90049226441728,50.59319463869678,38.56727450502705,1361.7211181640625,1376.4102111816405,1214.1750146484376,1129.5178051757812,PUNJABCHEM.NS,2025-09-01 11:28:00.426705
275,2024-07-22 00:00:00+05:30,1304.1494036908632,1366.2707431029967,1304.1494036908632,1344.418701171875,9771,0.0,0.0,2024-07-22,1378.1897216796874,36.127108302467256,1414.3168299821546,1342.0626133772203,1450.443938284622,1305.9355050747529,-80.8481415190413,38.203747715689296,1052377,11480.11758030227,24912.09896314076,1182.1258018188364,42.59906483315488,1338.2796159885784,1372.4098282862935,1310.28848887416,1400.4009554007118,1276.158276576445,1434.531167698427,1248.1671494620266,-0.3556678728272126,-78.12923678474223,34.89338799163079,49.28503294007025,-14.391644948439463,52.76383155400405,40.53796160500665,1378.834326171875,1378.1897216796874,1208.190859375,1126.777099609375,PUNJABCHEM.NS,2025-09-01 11:28:00.426705
276,2024-07-19 00:00:00+05:30,1404.6982964643119,1404.6982964643119,1308.1315106691038,1322.6165771484375,16444,0.0,0.0,2024-07-19,1381.2982788085938,35.74103766250676,1417.0393164711006,1345.5572411460869,1452.7803541336073,1309.8162034835802,-86.05450884852134,43.86849166371006,1042606,19007.02770222466,28270.094308850385,1181.8024324528817,50.20281069004754,1345.1487947606176,1382.1660788521315,1285.5992930569234,1441.7155805558257,1248.5820089654096,1478.7328646473395,1189.0325072617154,-0.30423706289504404,-90.55777785273642,39.62594447567062,52.882944177180114,-13.256999701509493,50.35084909534787,42.44733466929822,1373.2394287109375,1381.2982788085938,1203.1375317382813,1124.0921447753906,PUNJABCHEM.NS,2025-09-01 11:28:00.426705
277,2024-07-18 00:00:00+05:30,1400.268231153538,1426.0524614922651,1380.6561407516244,1387.6248779296875,7148,0.0,0.0,2024-07-18,1383.3615173339845,33.28163869276759,1416.643156026752,1350.079878641217,1449.9247947195197,1316.7982399484492,41.099882499638845,70.38044177739908,1059050,8668.209501087707,30585.860960506816,1181.328656685194,57.59334700456325,1398.111160057859,1415.5661793640936,1370.169858623453,1443.5074807984997,1352.7148393172183,1460.9625001047343,1324.7735378828122,-0.1456528864824869,-55.02038586729745,47.23183666624709,56.19719410255748,-8.965357436310391,58.64672520327396,44.425749217640416,1375.9671875,1383.3615173339845,1197.7646337890626,1121.8621496582032,PUNJABCHEM.NS,2025-09-01 11:28:00.426705
278,2024-07-16 00:00:00+05:30,1488.273282152126,1488.273282152126,1419.3823882632694,1427.396484375,36903,0.0,0.0,2024-07-16,1376.0717224121095,45.880934483068835,1421.9526568951783,1330.1907879290407,1467.833591378247,1284.3098534459718,178.94223062543077,94.9292253079371,1066198,46034.038213614236,36065.27382536159,1181.026501157945,49.98604373754142,1445.0173849301318,1470.6523815969942,1401.7614877081376,1513.9082788189885,1376.1264910412751,1539.543275485851,1332.8705938192809,-0.12661960911199396,-33.27886745884623,49.85171694441851,58.438533461635075,-8.586816517216562,64.70246224414761,44.99811465731031,1370.2627685546875,1376.0717224121095,1191.644091796875,1117.956669921875,PUNJABCHEM.NS,2025-09-01 11:28:00.426705
279,2024-07-15 00:00:00+05:30,1333.2687551710671,1448.252918861385,1333.2687551710671,1412.114990234375,46500,0.0,0.0,2024-07-15,1363.520526123047,62.44619456832067,1425.9667206913675,1301.0743315547263,1488.4129152596884,1238.6281369864055,50.833775035117924,78.88117510315273,1029295,57384.65752319862,33573.082728298425,1179.149343912553,72.91366102722127,1397.8788880889424,1462.4890210068177,1347.5048573164997,1512.8630517792603,1282.8947243986245,1577.4731846971356,1232.5206936261818,-0.09612238528349491,-59.34420167001153,48.533727924214645,60.58523759093921,-12.051509666724563,63.35240623371259,44.62243776237804,1361.20341796875,1363.520526123047,1186.2572583007814,1113.8018090820312,PUNJABCHEM.NS,2025-09-01 11:28:00.426705
280,2024-07-12 00:00:00+05:30,1352.9305552055348,1368.859097430177,1305.3439866993635,1316.4442138671875,10644,0.0,0.0,2024-07-12,1349.9862487792968,78.60310391010383,1428.5893526894006,1271.383144869193,1507.1924565995046,1192.780040959089,-147.24738036648418,52.81310239575158,982795,12245.600975566875,27620.189029573372,1176.8910227164836,65.98605126301335,1330.2157659989093,1355.087545298455,1291.5724345676417,1393.7308767297227,1266.700655268096,1418.6026560292685,1228.0573238368283,-0.11880855299787324,-95.77330377901592,47.61593870880006,63.59811500762035,-15.982176298820292,52.87274462548562,44.60075629003507,1354.2944091796876,1349.9862487792968,1181.3970629882813,1109.510560913086,PUNJABCHEM.NS,2025-09-01 11:28:00.426705
281,2024-07-11 00:00:00+05:30,1364.8769705863522,1375.578959961847,1326.2502068349781,1336.25537109375,8152,0.0,0.0,2024-07-11,1341.1135559082031,91.53952722352504,1432.6530831317282,1249.574028684678,1524.1926103552532,1158.034501461153,-157.02746721286516,63.09141733744249,993439,9519.769055814098,31463.836043074996,1176.5806737835096,62.94928217319824,1346.0281792968583,1365.8061517587385,1316.4773986318696,1395.3569324237271,1296.6994261699895,1415.1349048856073,1267.1486455050008,-0.10678520752615815,-91.04241121359934,55.14155869327533,67.59365908232542,-12.452100389050088,55.948968189473675,45.52643118120388,1367.7938720703125,1341.1135559082031,1178.936103515625,1106.0859240722657,PUNJABCHEM.NS,2025-09-01 11:28:00.426705
282,2024-07-10 00:00:00+05:30,1390.7608087042252,1391.2087503331975,1344.0702461542255,1359.102783203125,9353,0.0,0.0,2024-07-10,1330.8869323730469,102.83849983593765,1433.7254322089846,1228.0484325371092,1536.5639320449222,1125.2099327011715,-144.67938880255633,75.43518697031914,1001591,11109.026789684302,36949.85278989022,1176.3082492478172,67.63968486315646,1364.793926563516,1385.5176069728063,1338.3791027938344,1411.932430742488,1317.655422384544,1432.6561111517783,1291.2405986148624,-0.10615533768072102,-82.0653301859382,61.990055784521246,70.70668417958794,-8.716628395066692,59.66722082642642,45.93262990372226,1376.16630859375,1330.8869323730469,1175.7713012695312,1102.2894555664063,PUNJABCHEM.NS,2025-09-01 11:28:00.426705
283,2024-07-09 00:00:00+05:30,1377.570003690334,1425.5546880001543,1377.570003690334,1382.0997314453125,13939,0.0,0.0,2024-07-09,1319.5577575683594,111.66820410104553,1431.225961669405,1207.8895534673138,1542.8941657704504,1096.2213493662684,-37.47595961234698,94.16493584876085,1010944,16836.188463693394,43410.059289941695,1175.9497311849343,73.50263259029218,1395.0748077119335,1412.579611733533,1364.5949274237128,1443.0594920217538,1347.0901234021132,1460.5642960433534,1316.6102431138925,-0.10190713219856556,-57.900427787433465,67.56884017413972,72.8858412783546,-5.3170011042148815,63.61897993053534,45.8517060390749,1381.7214111328126,1319.5577575683594,1171.5213671875,1098.6174291992188,PUNJABCHEM.NS,2025-09-01 11:28:00.426705
284,2024-07-08 00:00:00+05:30,1393.7473711325656,1446.4111353896715,1373.886519703977,1377.5699462890625,35644,0.0,0.0,2024-07-08,1306.3246215820313,119.28844916544158,1425.6130707474729,1187.0361724165898,1544.9015199129144,1067.7477232511483,-4.804679068847023,103.00020556379883,997005,42911.418631355875,50053.526996503766,1175.3453886520533,76.02503228911672,1399.2892004609037,1424.6918812178303,1352.1672655321358,1471.8138161465981,1326.7645847752092,1497.2164969035248,1279.6426498464414,-0.08616806259761486,-48.83811259828448,71.42275346466113,74.21509155440832,-2.79233808974719,63.17290501982409,44.72937941311188,1387.246630859375,1306.3246215820313,1166.258974609375,1094.5944763183593,PUNJABCHEM.NS,2025-09-01 11:28:00.426705
285,2024-07-05 00:00:00+05:30,1363.8814951630688,1388.7698436149497,1363.8814951630688,1383.9415283203125,14937,0.0,0.0,2024-07-05,1291.3717041015625,128.29161501513042,1419.663319116693,1163.080089086432,1547.9549341318234,1034.7884740713016,-61.703272336730286,101.34367991355349,1032649,18065.66282743279,51839.05408779073,1173.8179757482465,75.41720393304789,1378.8642890327772,1393.8470829024855,1368.9587344506047,1403.752637484658,1353.9759405808963,1418.7354313543663,1344.0703859987239,-0.06572360167121986,-42.61176116099695,75.72088260254031,74.9131760768451,0.8077065256952096,64.20075470142405,43.5207199697671,1400.0392578125,1291.3717041015625,1160.72380859375,1090.7960174560546,PUNJABCHEM.NS,2025-09-01 11:28:00.426705
286,2024-07-04 00:00:00+05:30,1391.4576100473994,1403.2547833604335,1363.8813710815677,1378.1175537109375,14645,0.0,0.0,2024-07-04,1277.0385009765625,133.32007743974586,1410.3585784163083,1143.7184235368168,1543.6786558560543,1010.3983460970708,-63.9727647185262,111.02660254777798,1017712,17637.962644839376,60282.401902880214,1173.1507834171218,76.75586318317411,1381.7512360509797,1399.6211010203917,1360.247688741526,1421.1246483298455,1342.377823772114,1438.9945132992575,1320.8742764626602,-0.07456434895743068,-43.40008510515868,79.44899997140556,74.71124944542129,4.737750525984268,63.699673444568596,42.69739010777895,1405.5943115234375,1277.0385009765625,1154.9487133789062,1087.0204541015626,PUNJABCHEM.NS,2025-09-01 11:28:00.426705
287,2024-07-03 00:00:00+05:30,1423.8125804582066,1425.3557066623437,1370.5515151140926,1386.8782958984375,8811,0.0,0.0,2024-07-03,1262.2622863769532,137.8282424141943,1400.0905287911476,1124.4340439627588,1537.9187712053417,986.6058015485646,-4.79197974937999,127.35728141896898,1032357,10679.141249491136,70943.51171739041,1172.510695095369,77.32605462977739,1394.2618392249578,1417.972163335823,1363.167971787572,1449.066030773209,1339.4576476767068,1472.7763548840742,1308.363780239321,-0.06227383183634094,-39.130894634866195,83.59192046623343,73.5268118139252,10.065108652308226,64.97068103516611,41.81072717948401,1408.9791259765625,1262.2622863769532,1149.57083984375,1083.6908911132812,PUNJABCHEM.NS,2025-09-01 11:28:00.426705
288,2024-07-02 00:00:00+05:30,1442.5286235282902,1477.3723100869445,1397.1323019168988,1409.725830078125,49717,0.0,0.0,2024-07-02,1244.944970703125,143.00777548841347,1387.9527461915384,1101.9371952147114,1530.9605216799519,958.929419726298,72.87326623650851,159.31273062349865,1041168,61250.882441460446,86009.60433436523,1172.1071722192291,78.20251943387775,1428.0768140273228,1459.0213261377469,1378.7813179677012,1508.3168221973685,1347.836805857277,1539.2613343077926,1298.5413097976555,-0.06080957900648866,-34.19380993184561,86.76676951362742,71.01053465084814,15.75623486277928,68.27011138196204,40.666834961198056,1413.230029296875,1244.944970703125,1143.8017211914062,1080.9019018554689,PUNJABCHEM.NS,2025-09-01 11:28:00.426705
289,2024-07-01 00:00:00+05:30,1415.3007872065436,1452.036012264967,1408.730287799581,1441.5330810546875,32849,0.0,0.0,2024-07-01,1229.2055725097657,141.22920523683425,1370.4347777466,1087.9763672729314,1511.6639829834342,946.7471620360973,81.32361313182479,181.2008951845165,1090885,41382.768766391375,92199.28480759141,1169.5561935488242,82.87722166227968,1434.099793706412,1459.4692996132428,1416.1635751478568,1477.405518171798,1390.794069241026,1502.7750240786288,1372.8578506824708,-0.04274975505335116,-27.320635303612214,87.2667544048877,67.07147593515332,20.19527846973439,73.066715926781,38.6798186857022,1395.469677734375,1229.2055725097657,1137.119697265625,1077.9685607910155,PUNJABCHEM.NS,2025-09-01 11:28:00.426705
290,2024-06-28 00:00:00+05:30,1412.662505403874,1424.0116153759916,1373.9362150944721,1411.716796875,31858,0.0,0.0,2024-06-28,1215.3601867675782,132.62964220923325,1347.9898289768114,1082.730544558345,1480.6194711860446,950.1009023491117,60.837664707589084,180.49258684943163,1058036,39304.19156989373,104903.4138178914,1167.6132192716125,82.45232046846154,1403.2215424484878,1432.5068698025034,1382.431469520984,1453.2969427300072,1353.1461421669683,1482.5822700840229,1332.3560692394644,-0.03974138496430819,-31.92311695720979,83.45213073153832,62.02265631771971,21.42947441381861,71.31218915860237,36.691256737322284,1379.5908935546875,1215.3601867675782,1129.8662353515624,1075.045673828125,PUNJABCHEM.NS,2025-09-01 11:28:00.426705
291,2024-06-27 00:00:00+05:30,1408.132798821664,1419.5814380421841,1368.9088625384186,1395.0416259765625,56437,0.0,0.0,2024-06-27,1199.94931640625,126.37222357860416,1326.3215399848543,1073.5770928276459,1452.6937635634583,947.2048692490417,62.73346146183709,191.6100278853814,1026178,68805.61237890758,121303.21937989081,1165.910178763562,80.96096623840286,1394.5106421857217,1420.1124218330249,1369.4398463292594,1445.1832176894873,1343.8380666819562,1470.7849973367904,1318.7672708254938,-0.051108739012538415,-34.94969245593886,80.24028248969626,56.66528771426505,23.574994775431207,70.30752523716201,34.724810258102586,1378.5655029296875,1199.94931640625,1123.1463842773437,1072.0774890136718,PUNJABCHEM.NS,2025-09-01 11:28:00.426705
292,2024-06-26 00:00:00+05:30,1342.4275780744188,1567.9658215195525,1342.4275780744188,1408.1328125,342920,0.0,0.0,2024-06-26,1182.1989440917969,122.39693114145545,1304.5958752332524,1059.8020129503414,1426.9928063747077,937.4050818088859,102.25113476674464,246.2270198517768,1082615,421996.8523097065,134427.6211301366,1163.0428202659377,86.75761421542047,1439.5087373646572,1536.5898966548957,1311.051653209762,1665.046980809791,1213.9704939195235,1762.1281401000294,1085.5134097646282,-0.053762011746124404,-32.303834012354386,76.55463327627922,50.77153902040723,25.783094255871987,72.1487687898391,32.634708429651994,1372.333447265625,1182.1989440917969,1117.6978271484375,1069.1317041015625,PUNJABCHEM.NS,2025-09-01 11:28:00.426705
293,2024-06-25 00:00:00+05:30,1381.5521083889819,1427.5955492198161,1313.4575683471112,1320.924072265625,49728,0.0,0.0,2024-06-25,1163.281317138672,114.6314396993695,1277.9127568380416,1048.6498774393024,1392.544196537411,934.018437739933,74.88779082825842,207.60849649290688,739695,57405.2516921575,62535.3133352441,1142.8732200649035,77.04085298090709,1353.9923966108508,1394.5272248745905,1280.3892440018856,1468.1303774835558,1239.854415738146,1508.6652057472954,1166.2512631291806,0.16181454905621132,-29.03306771021238,69.38668321245564,44.32576545643923,25.06091775601641,66.76410247391107,30.38382953747443,1339.0726806640625,1163.281317138672,1110.33287109375,1066.41638671875,PUNJABCHEM.NS,2025-09-01 11:28:00.426705
294,2024-06-24 00:00:00+05:30,1411.6669680990774,1432.5731784870045,1350.8398755135145,1362.13916015625,43859,0.0,0.0,2024-06-24,1148.5872375488282,112.16961668941549,1260.7568542382437,1036.4176208594126,1372.9264709276592,924.2480041699972,114.09031289409953,260.0337969777664,789423,52209.9144934537,63817.828746015744,1140.7227276418712,84.15224902417988,1381.8507380522562,1412.861600590998,1331.128297617508,1463.5840410257463,1300.1174350787662,1494.594903564488,1249.394994644018,0.251844132291345,-17.286052944937836,67.7469612112111,38.06053601743512,29.68642519377598,72.95457727058223,28.98854720997405,1310.1623779296874,1148.5872375488282,1104.0719592285157,1065.06345703125,PUNJABCHEM.NS,2025-09-01 11:28:00.426705
295,2024-06-21 00:00:00+05:30,1363.8814159810418,1438.5464570019017,1353.0300723809837,1406.58984375,88146,0.0,0.0,2024-06-21,1131.902099609375,103.19178835174806,1235.093887961123,1028.710311257627,1338.2856763128711,925.5185229058789,174.45678582340386,316.7291196707269,833282,108353.48003505934,66719.80730915625,1138.33869289105,89.67526375823918,1399.3887910442952,1445.7475097076067,1360.2311250866887,1484.9051756652132,1313.8724064233772,1531.2638943285247,1274.7147404657708,0.3311641833955274,-7.229724534414171,60.56208936870485,30.638929718991122,29.923159649713725,80.42132092174585,26.4000937373599,1266.0204345703125,1131.902099609375,1097.225673828125,1062.9429699707032,PUNJABCHEM.NS,2025-09-01 11:28:00.426705
296,2024-06-20 00:00:00+05:30,1254.3726263115877,1383.7920242643704,1246.9559478851131,1363.88134765625,159793,0.0,0.0,2024-06-20,1112.6783355712892,83.20274629255111,1195.8810818638403,1029.475589278738,1279.0838281563913,946.2728429861869,221.37795177960516,286.54442487038017,745136,190461.46404032,56311.38912768047,1132.4054888153112,87.60269846929492,1331.5431066019112,1416.1302653187092,1279.294188939452,1468.3791829811685,1194.7070302226539,1552.9663416979665,1142.4581125601946,0.3401419026595553,-5.141389083807989,46.06794992294931,23.15813980656269,22.90981011638662,78.4537843128297,23.54750332001548,1212.500537109375,1112.6783355712892,1089.5033178710937,1060.7294006347656,PUNJABCHEM.NS,2025-09-01 11:28:00.426705
297,2024-06-19 00:00:00+05:30,1178.1148115172168,1290.709668430459,1178.1148115172168,1241.8289794921875,62566,0.0,0.0,2024-06-19,1095.8538177490234,60.71544182768084,1156.5692595767043,1035.1383759213425,1217.284701404385,974.4229340936618,219.88545356765255,196.76592745457785,585343,67900.49786021344,22773.87039952059,1122.7365054949732,80.07490803101855,1236.8844864799546,1295.6541614426924,1183.0593045294502,1349.4793433931968,1124.2896295667124,1408.2490183559346,1070.464447616208,0.12452055992377316,-16.615898351458398,31.01919979446575,17.430687277466035,13.588512516999714,70.61893871851375,20.860905503259563,1166.06884765625,1095.8538177490234,1082.3046142578125,1059.0106115722656,PUNJABCHEM.NS,2025-09-01 11:28:00.426705
298,2024-06-18 00:00:00+05:30,1141.7279331688671,1186.6763092896886,1136.1031428005147,1176.37255859375,13516,0.0,0.0,2024-06-18,1085.1269439697267,51.87619840709433,1137.003142376821,1033.2507455626323,1188.8793407839153,981.374547155538,121.61692562227974,114.70172682117295,522777,13895.23340123869,11492.213534347378,1120.7563387537336,73.4029442814458,1166.3840035613177,1196.6648643221208,1146.091697832947,1216.9571700504916,1115.8108370721438,1247.2380308112947,1095.518531343773,0.12144664473477719,-5.41883773270059,23.302560512876198,14.033559148216105,9.269001364660094,64.12140758110081,18.850845511758777,1144.2069091796875,1085.1269439697267,1077.5180859375,1058.4217529296875,PUNJABCHEM.NS,2025-09-01 11:28:00.426705
299,2024-06-14 00:00:00+05:30,1139.8863172020172,1164.7746647391791,1130.5282742230174,1141.429443359375,8272,0.0,0.0,2024-06-14,1077.5185760498048,48.86049458491826,1126.3790706347231,1028.6580814648864,1175.2395652196412,979.7975868799683,99.8535409445554,91.5747537196967,509261,8251.489943493763,10891.45856762455,1120.5558493307512,68.44742415745273,1145.5774607738572,1160.626647324697,1126.3802568085353,1179.8238512900189,1111.3310702576955,1194.8730378408586,1092.1338662923736,0.09329679427764168,-21.620812416403304,19.51632045276483,11.71630880705108,7.8000116457137505,59.70471309539431,18.327023562703875,1132.4197998046875,1077.5185760498048,1073.8764245605469,1058.4884533691406,PUNJABCHEM.NS,2025-09-01 11:28:00.426705
300,2024-06-13 00:00:00+05:30,1146.3075065992612,1146.3075065992612,1105.192027792477,1138.9903564453125,9199,0.0,0.0,2024-06-13,1071.6250091552733,47.844078718948964,1119.4690878742224,1023.7809304363244,1167.3131665931712,975.9368517173755,62.25691769216649,73.14582875401555,500989,9156.583155213368,11551.450723657246,1120.5096953898606,66.10389301820075,1130.1632969456834,1155.13456609889,1114.0190872921057,1171.2787757524677,1089.0478181388992,1196.2500449056743,1072.9036084853215,0.08460085980080666,-22.9401610468376,17.81445141475342,9.766305895622642,8.04814551913078,59.380463706666134,18.251165231637916,1119.83623046875,1071.6250091552733,1070.5632873535155,1059.160438232422,PUNJABCHEM.NS,2025-09-01 11:28:00.426705
301,2024-06-12 00:00:00+05:30,1140.1849378995403,1150.2895089989097,1125.7994012193092,1131.722900390625,8085,0.0,0.0,2024-06-12,1066.2765045166016,45.85467737878344,1112.131181895385,1020.4218271378181,1157.9858592741684,974.5671497590347,91.49214222645732,85.88450391168064,491790,7996.370458740889,12150.167615768216,1120.4641411970479,70.00909018567359,1135.937270202948,1146.0751391865867,1121.5850314069862,1160.4273779825485,1111.4471624233474,1170.5652469661873,1097.0949236273857,0.05566563726707368,-26.871266632789542,15.605840502855017,7.754269515839946,7.851570987015071,58.45555737711001,18.614123475383963,1111.49365234375,1066.2765045166016,1067.552791748047,1060.0479553222656,PUNJABCHEM.NS,2025-09-01 11:28:00.426705
302,2024-06-11 00:00:00+05:30,1106.2869943822545,1157.059220896086,1106.2869943822545,1132.519287109375,15116,0.0,0.0,2024-06-11,1060.4849853515625,44.44680965643619,1104.9317950079987,1016.0381756951263,1149.378604664435,971.5913660386901,96.82557054699251,81.70365767449718,499875,14960.81553072426,13188.616905025048,1120.4396966107918,66.88315651053483,1131.9551674625718,1157.623340542889,1106.8511140290577,1182.7273939764032,1081.1829409487405,1208.3955670567204,1056.0788875152264,0.06789752706983997,-26.44048586781515,13.257431439176116,5.791376769086177,7.46605467008994,58.591881001375484,18.304716582925558,1101.667724609375,1060.4849853515625,1063.8683203125,1060.977783203125,PUNJABCHEM.NS,2025-09-01 11:28:00.426705
303,2024-06-10 00:00:00+05:30,1103.051595032577,1135.8046856522,1078.5116593398664,1117.43701171875,14782,0.0,0.0,2024-06-10,1054.163345336914,42.6156953096179,1096.779040646532,1011.5476500272962,1139.3947359561498,968.9319547176783,59.506150359231164,51.60265988500516,484759,14435.406822738027,12745.567248600244,1120.390462313685,64.22908277116231,1110.584452236939,1142.6572451340114,1085.3642188216777,1167.8774785492726,1053.2914259246052,1199.9502714463451,1028.071192509344,0.10038147259974081,-34.59877627793871,9.971453999904725,3.924863101563691,6.046590898341034,56.82967233011711,17.971509160278046,1083.270263671875,1054.163345336914,1059.9319812011718,1062.2416137695313,PUNJABCHEM.NS,2025-09-01 11:28:00.426705
304,2024-06-07 00:00:00+05:30,1093.2455466056338,1120.7720824906917,1073.1855147657925,1078.5115966796875,11249,0.0,0.0,2024-06-07,1048.3817810058595,41.40625814965244,1089.7880391555118,1006.975522856207,1131.1942973051644,965.5692647065546,32.5973395588188,23.701572613287937,469977,10602.57892215265,12323.107355065798,1120.402281185179,61.78279374625164,1090.8230646453906,1108.4606145249886,1060.8740468000894,1138.4096323702897,1043.2364969204914,1156.0471822498878,1013.2874790751903,0.030930300363589888,-55.65427566370503,7.0987000971883845,2.413215376978432,4.685484720209953,51.92525775461205,18.06963204173758,1078.7704345703125,1048.3817810058595,1056.6745935058593,1063.6288903808593,PUNJABCHEM.NS,2025-09-01 11:28:00.426705
305,2024-06-06 00:00:00+05:30,1081.548102400793,1119.9756883815683,1073.2354182631666,1097.2774658203125,10569,0.0,0.0,2024-06-06,1045.823260498047,41.02570846433682,1086.8489689623837,1004.7975520337101,1127.8746774267206,963.7718435693732,53.57681903567538,34.86794868066823,481226,10134.985605993368,12753.239463294085,1120.5302396560264,65.72061466491417,1096.8295241550159,1120.4236300468651,1073.6833599284635,1143.5697942734175,1050.0892540366142,1167.1639001652668,1026.9430898100618,0.024754591900910183,-45.50345914017446,7.146712110479029,1.2418441969259437,5.904867913553086,54.70783036920033,18.515617087629458,1095.9931884765624,1045.823260498047,1054.49337890625,1065.5791418457031,PUNJABCHEM.NS,2025-09-01 11:28:00.426705
306,2024-06-05 00:00:00+05:30,1043.1204408694844,1089.1140571977653,1033.4139856065244,1082.59326171875,11523,0.0,0.0,2024-06-05,1045.5470031738282,40.67812239056845,1086.2251255643966,1004.8688807832598,1126.903247954965,964.1907583926914,13.886322609529556,-5.150322225703923,470657,10901.93678444419,13407.802927619263,1120.5971656023373,60.07168391197559,1068.3737681743467,1103.3335507421689,1047.633479150928,1124.0738397655875,1012.6736965831058,1159.0336223334098,991.9334075596871,0.04847137052880042,-53.446425197971,5.251744740759705,-0.23437278146232776,5.486117522222033,52.87379628958042,19.0135852527518,1097.2375732421874,1045.5470031738282,1051.871142578125,1067.5000244140624,PUNJABCHEM.NS,2025-09-01 11:28:00.426705
307,2024-06-04 00:00:00+05:30,1089.1140852936567,1105.7892780986556,996.5294327047078,1040.531982421875,11357,0.0,0.0,2024-06-04,1044.1159240722657,39.8002071784501,1083.9161312507158,1004.3157168938155,1123.716338429166,964.5155097153655,-16.9357274472341,-32.864030660292336,459134,10327.419945866326,14034.269463413031,1120.7167968362505,58.06657467170796,1047.6168977417462,1098.7043627787848,989.4445173848369,1156.8767431356941,938.3570523477985,1207.9642081727325,880.1846719908891,0.008611931834558415,-76.19817336844412,4.192212001034022,-1.6059021620178358,5.798114163051858,47.183829749919525,20.253959605288717,1088.7257568359375,1044.1159240722657,1049.2887280273437,1069.608565673828,PUNJABCHEM.NS,2025-09-01 11:28:00.426705
308,2024-06-03 00:00:00+05:30,1175.8249904591733,1181.3999556407955,1078.1631453641749,1094.9378662109375,21124,0.0,0.0,2024-06-03,1046.1692138671874,40.65567748141465,1086.824891348602,1005.5135363857728,1127.4805688300166,964.8578589043581,111.39317148264227,69.06469897763735,470491,20213.355396597683,14960.981842799705,1120.9663459689284,64.64683687988943,1118.1669890719693,1158.1708327797637,1054.934022503143,1221.40379934859,1014.9301787953486,1261.4076430563844,951.6972122265224,-0.16682140214330754,-46.76899319006704,6.91456937863768,-3.0554307027808,9.97000008141848,55.18800794360804,21.58974736955924,1086.5754150390626,1046.1692138671874,1048.1538208007812,1072.2656457519531,PUNJABCHEM.NS,2025-09-01 11:28:00.426705
309,2024-05-31 00:00:00+05:30,1095.0873441616977,1174.7300601007303,1078.2130923321713,1164.6253662109375,25577,0.0,0.0,2024-05-31,1049.3250610351563,46.64852666791107,1095.9735877030673,1002.6765343672453,1142.6221143709784,956.0280076993341,215.45580554490013,102.44160002224653,491615,26032.06538659964,13647.88845435021,1121.1178926923471,71.85237359726091,1139.189506214613,1200.1659200970546,1103.6489523284956,1235.706473983172,1042.672538446054,1296.6828878656136,1007.1319845599367,-0.12913039909816368,-5.231968757839362,4.937090354394513,-5.54793072313542,10.485021077529932,69.13693237671175,20.565188206772767,1072.996337890625,1049.3250610351563,1045.8023706054687,1074.6046533203125,PUNJABCHEM.NS,2025-09-01 11:28:00.426705
310,2024-05-30 00:00:00+05:30,1040.0341100336796,1161.2901752253365,1025.2007536653864,1103.4993896484375,32329,0.0,0.0,2024-05-30,1049.549053955078,47.23833162587362,1096.7873855809516,1002.3107223292045,1144.0257172068252,955.0723907033308,331.4329786471451,48.464163262989075,466038,31177.20268967911,10551.84422128785,1120.8090000600353,52.7079212033275,1096.6634395130534,1168.1261253607204,1032.0367038007703,1232.7528610730035,960.5740179531033,1304.2155469206705,895.9472822408202,-0.21929321094688536,-32.16070147299153,-4.532649310801389,-8.169185992517903,3.636536681716514,61.13595014663859,19.582898137225047,1045.758544921875,1049.549053955078,1041.9337255859375,1076.103927001953,PUNJABCHEM.NS,2025-09-01 11:28:00.426705
311,2024-05-29 00:00:00+05:30,1030.3775498113969,1048.2473340700546,1016.1414277008151,1040.0341796875,3994,0.0,0.0,2024-05-29,1054.043896484375,56.08970334858136,1110.1335998329564,997.9541931357936,1166.2233031815376,941.8644897872123,127.93333578550556,-34.475781753241165,433709,3630.182431261837,5395.504604190037,1120.9657432208269,26.42609030659935,1034.80764715279,1053.4738666047647,1021.3679602355253,1066.9135535220294,1002.7017407835505,1085.5797729740043,989.2620538662858,-0.21864798542374506,-52.66135077863478,-10.568126655377455,-9.078320162947032,-1.4898064924304233,48.18549674551129,18.768074786364583,1029.4815795898437,1054.043896484375,1038.6285559082032,1077.6833435058593,PUNJABCHEM.NS,2025-09-01 11:28:00.426705
312,2024-05-28 00:00:00+05:30,1027.6896765870952,1034.8076466342914,996.5294174222796,1029.7802734375,8400,0.0,0.0,2024-05-28,1060.9429504394532,62.40602586051212,1123.3489762999652,998.536924578941,1185.7550021604775,936.130898718429,-115.52546213674584,-49.678195906647424,429715,7559.561980628629,5836.835147422086,1121.0563834819545,32.784859827437046,1020.3724458313569,1044.215474240434,1005.9372450284225,1058.6506750433687,982.0942166193452,1082.493703452446,967.6590158164107,-0.18269808033779822,-62.480604549858,-11.884881870759273,-8.705868539839425,-3.1790133309198474,45.46015147637107,19.37664774164901,1026.9529418945312,1060.9429504394532,1037.8669750976562,1079.8003466796874,PUNJABCHEM.NS,2025-09-01 11:28:00.426705
313,2024-05-27 00:00:00+05:30,1040.0341237878024,1040.332832541165,1016.1413730853039,1027.04248046875,2570,0.0,0.0,2024-05-27,1066.7842407226562,64.75881364162983,1131.543054364286,1002.0254270810265,1196.3018680059158,937.2666134393966,35.68931255234599,-35.94431151176568,421315,2306.716958443463,5406.1534391204505,1121.271887679184,27.89453065739221,1027.838895365073,1039.5364176448422,1015.3449581889811,1052.0303548209342,1003.6474359092119,1063.7278771007034,991.1534987331199,-0.17816087742636758,-64.61244417966851,-12.380799192031645,-7.911115207109463,-4.469683984922183,44.73865593971052,19.440434101309794,1026.4551879882813,1066.7842407226562,1037.3413330078124,1081.8670751953125,PUNJABCHEM.NS,2025-09-01 11:28:00.426705
314,2024-05-24 00:00:00+05:30,1026.4950372388253,1043.7178232794981,1021.7662509500722,1028.4364013671875,2318,0.0,0.0,2024-05-24,1071.381121826172,65.05169972545188,1136.4328215516239,1006.3294221007201,1201.4845212770756,941.2777223752681,74.25837752113554,-28.46482433429399,423885,2083.356776396249,6181.012559289697,1121.3400042436108,13.099759961674366,1031.3068251989191,1040.847399447766,1018.8958271183401,1053.258397528345,1009.3552528694931,1062.798971777192,996.9442547889141,-0.16227883183653427,-77.80129803180952,-12.558504648980488,-6.7936942108789165,-5.764810438101572,45.01919738070439,20.159246483964946,1025.8877319335938,1071.381121826172,1037.6887744140624,1083.667498779297,PUNJABCHEM.NS,2025-09-01 11:28:00.426705
315,2024-05-23 00:00:00+05:30,1035.3552119044182,1039.33734733482,1013.4534670372094,1022.1145629882812,4534,0.0,0.0,2024-05-23,1074.9998840332032,64.54812444455742,1139.5480084777607,1010.4517595886458,1204.096132922318,945.9036351440884,4.009150417646357,-34.11254977938909,421567,4049.989243993279,7205.426505013058,1121.400616770956,11.788305572849808,1024.9684591201035,1036.4834512029975,1010.599570905387,1050.8523394177141,999.084578822493,1062.367331500608,984.7156906077765,-0.16922768335472305,-80.79738123246025,-12.733021199026552,-5.352491601353523,-7.380529597673029,43.52401030032425,21.129889676582135,1024.9120727539062,1074.9998840332032,1038.0013696289063,1085.4156555175782,PUNJABCHEM.NS,2025-09-01 11:28:00.426705
316,2024-05-22 00:00:00+05:30,1030.377592929574,1037.346330273059,1020.2728994764936,1027.3909912109375,2772,0.0,0.0,2024-05-22,1078.6534942626954,63.455920360822596,1142.109414623518,1015.1975739018728,1205.5653349843406,951.7416535410503,-8.216602077756516,-27.265058376314318,426101,2488.8673878516283,7994.285820268002,1121.527481455582,11.551677973064741,1028.3367403201635,1036.4005811638333,1019.3271503672679,1045.4101711167289,1011.2633095235981,1053.4740119603987,1002.2537195707025,-0.20224536950837332,-79.37217888846125,-12.14092540837487,-3.5073592019352655,-8.633566206439603,44.46201664967293,22.00162511598789,1026.893212890625,1078.6534942626954,1039.611151123047,1086.763112182617,PUNJABCHEM.NS,2025-09-01 11:28:00.426705
317,2024-05-21 00:00:00+05:30,1036.5001929132384,1036.5001929132384,1016.5396886718185,1027.29150390625,4896,0.0,0.0,2024-05-21,1082.7451385498048,62.60918705379524,1145.3543256036,1020.1359514960095,1207.9635126573953,957.5267644422142,-22.5907182070207,-26.408460421826273,423329,4395.495941467695,9370.640428372095,1121.6010787097998,16.24667395259337,1026.7771284971022,1037.014568322386,1017.0540640809661,1046.7376327385223,1006.8166242556823,1056.975072563806,997.0935598395462,-0.21025441999510527,-79.50887721159637,-11.718558192144883,-1.3489676503253645,-10.369590541819518,44.440958849032306,23.157460203288778,1024.5935180664062,1082.7451385498048,1041.0377502441406,1088.852738647461,PUNJABCHEM.NS,2025-09-01 11:28:00.426705
318,2024-05-17 00:00:00+05:30,1026.445151197516,1029.332101935816,1014.3991560170197,1024.2052001953125,2241,0.0,0.0,2024-05-17,1086.3016815185547,61.29994659117335,1147.6016281097282,1025.0017349273812,1208.9015747009014,963.701788336208,-46.593069312994885,-29.452505680361583,418433,2005.8645865426226,10614.426550098195,1121.731487749541,20.383397218685914,1022.6454860493827,1030.8918160817457,1015.9588701629496,1037.5784319681788,1007.7125401305865,1045.824762000542,1001.0259242441533,-0.2021905617038417,-80.89287227760025,-10.990448261174379,1.2434299851295152,-12.233878246303894,43.82987317232014,24.37244191395056,1020.3525146484375,1086.3016815185547,1041.2716979980469,1091.019517211914,PUNJABCHEM.NS,2025-09-01 11:28:00.426705
319,2024-05-16 00:00:00+05:30,1036.5000449280979,1049.2926300117363,1019.5261449502118,1023.55810546875,6808,0.0,0.0,2024-05-16,1088.8726531982422,59.61358642274886,1148.486239620991,1029.2590667754935,1208.09982604374,969.6454803527445,-42.171278388778696,-17.57264959828091,416192,6089.8251967818505,12766.567040987087,1121.7932536835565,23.580066184177156,1030.7922934768994,1042.058442003587,1012.2919569420626,1060.558778538424,1001.025808415375,1071.8249270651115,982.5254718805381,-0.21522557041161197,-81.18304978204539,-9.587770813458064,4.301899546705489,-13.889670360163553,43.70893678029279,25.439020484037574,1015.8726196289062,1088.8726531982422,1041.7495544433593,1093.2390606689453,PUNJABCHEM.NS,2025-09-01 11:28:00.426705
320,2024-05-15 00:00:00+05:30,1021.8657447609969,1044.2155542060416,1021.5671574997322,1032.020263671875,4884,0.0,0.0,2024-05-15,1091.637747192383,57.67566417103927,1149.3134113634221,1033.9620830213437,1206.9890755344613,976.2864188503044,-48.43010995173029,-13.100923164199866,423000,4404.906130171738,14435.752502038396,1121.9826224294889,26.767555186144378,1032.6009917925496,1043.634826085367,1020.9864293790577,1055.249388498859,1009.9525950862402,1066.2832227916765,998.3380326727482,-0.215753873346503,-77.38835350527759,-7.582920345758794,7.774317136746377,-15.35723748250517,44.87667252474319,26.724199529204736,1016.6292358398438,1091.637747192383,1041.7107287597655,1095.6188848876952,PUNJABCHEM.NS,2025-09-01 11:28:00.426705
321,2024-05-14 00:00:00+05:30,1010.4668455204968,1041.3283944969849,1004.1452299545318,1015.8925170898438,5077,0.0,0.0,2024-05-14,1093.822946166992,56.1045339624865,1149.9274801294787,1037.7184122045055,1206.032014091965,981.6138782420192,-72.99020833092649,-23.92722185334805,418116,4507.416630199902,16943.46409500506,1122.1072055920347,26.952323557561186,1020.4553805137867,1036.7655310730415,999.5823665305886,1057.6385450562398,983.2722159713337,1073.9486956154947,962.3992019881356,-0.215248608221992,-84.62053924778569,-5.734605852637287,11.61362650737267,-17.34823236000996,42.13993881716222,27.952842887033015,1028.5756469726562,1093.822946166992,1041.9725524902344,1098.0156329345702,PUNJABCHEM.NS,2025-09-01 11:28:00.426705
322,2024-05-13 00:00:00+05:30,1001.8057034040842,1010.9646269976391,981.5963783551671,1006.0864868164062,9785,0.0,0.0,2024-05-13,1099.1590087890625,53.307916040736764,1152.4669248297992,1045.8510927483258,1205.774840870536,992.5431767075889,-110.17229444863543,-45.51523995206999,413039,8603.376398520906,20052.47596120635,1122.2603285285104,24.076491016925345,999.5491640564042,1017.5019497576412,988.1337011151692,1028.9174126988762,970.1809154139321,1046.8701984001132,958.7654524726971,-0.10303334313013571,-89.01786977213631,-1.6929765601432791,15.950684597375158,-17.643661157518437,40.47086065054524,29.19158846321031,1036.1914794921875,1099.1590087890625,1042.7092456054688,1100.4571789550782,PUNJABCHEM.NS,2025-09-01 11:28:00.426705
323,2024-05-10 00:00:00+05:30,1027.3909578079845,1038.2920051165343,987.5696028541867,1001.8057250976562,18783,0.0,0.0,2024-05-10,1100.8489349365234,50.67270621387758,1151.521641150401,1050.1762287226459,1202.1943473642787,999.5035225087682,-131.50388974141623,-35.82151743035883,403254,16444.521677740762,22914.75085187771,1122.5840161197436,28.316125440795332,1009.2224443561257,1030.8752858580647,980.1528835957172,1059.9448466184733,958.5000420937781,1081.5976881204124,929.4304813333696,-0.09513591434177476,-93.44037284547422,4.472930236117691,20.361599886754764,-15.888669650637073,39.76694149759667,29.603974613433042,1051.2937377929688,1100.8489349365234,1043.9536633300781,1102.8837921142579,PUNJABCHEM.NS,2025-09-01 11:28:00.426705
324,2024-05-09 00:00:00+05:30,1075.3756984621855,1105.0426580727521,1014.1006582201708,1027.3411865234375,13972,0.0,0.0,2024-05-09,1101.152572631836,50.062510550549405,1151.2150831823853,1051.0900620812865,1201.2775937329347,1001.0275515307371,-118.30522921370168,5.842476283064742,422037,12544.289100551412,24532.30814541195,1123.2334571332394,32.651135304023384,1048.8281676054535,1083.5556769907362,992.6136771381548,1139.7701674580348,957.8861677528721,1174.4976768433175,901.6716772855734,-0.08640719584300068,-89.87886485915016,12.72097789096324,24.33376729941403,-11.61278940845079,42.555235861136254,30.165022984709914,1082.5435546875,1101.152572631836,1044.860595703125,1105.2705859375,PUNJABCHEM.NS,2025-09-01 11:28:00.426705
325,2024-05-08 00:00:00+05:30,1065.17149022943,1110.0203428253903,1045.4101658303466,1091.7523193359375,11963,0.0,0.0,2024-05-08,1100.7767578125,50.67029170870941,1151.4470495212092,1050.1064661037906,1202.1173412299188,999.4361743950811,-85.8216913985474,41.70185456014508,436009,11413.9772832498,27529.31290662708,1123.6185528174362,33.57158029922512,1082.394275997225,1119.3783861641032,1054.7682091690594,1147.0044529922686,1017.7840990021812,1183.988563159147,990.1580321740157,-0.07712856534335726,-57.21854096985396,20.573380158780083,27.236964651526726,-6.663584492746644,50.915365661724756,31.305290251958212,1110.8963623046875,1100.7767578125,1045.36333984375,1107.4055078125,PUNJABCHEM.NS,2025-09-01 11:28:00.426705
326,2024-05-07 00:00:00+05:30,1097.7751708040507,1097.7751708040507,1007.3807665967939,1053.9716796875,25121,0.0,0.0,2024-05-07,1097.212744140625,53.75159883633595,1150.964342976961,1043.4611453042892,1204.715941813297,989.7095464679531,-156.04724409776426,9.018964225666862,424046,23138.683353403398,31558.146812471397,1123.7285023013524,33.06873484015165,1053.0425390294483,1098.7043114621029,1008.3099072548459,1143.4369432367052,962.6481348221915,1189.0987156693595,917.9155030475891,-0.08396469766554493,-76.3756008410831,23.971596040454187,28.902860774713385,-4.931264734259198,45.03400088760064,33.243165501131465,1131.225146484375,1097.212744140625,1045.0467578125,1108.94908203125,PUNJABCHEM.NS,2025-09-01 11:28:00.426705
327,2024-05-06 00:00:00+05:30,1159.0503658738828,1192.599810353757,1042.2244847159081,1081.5977783203125,124867,0.0,0.0,2024-05-06,1094.7114685058593,56.939113526139806,1151.6505820319992,1037.7723549797195,1208.5896955581388,980.8332414535797,-74.78111140469522,63.22092139540366,449167,118028.32451904411,33663.012677238396,1124.2376034091112,33.702019624745276,1105.4740244633258,1168.7235642107435,1018.3482385728946,1255.8493501011747,955.098698825477,1319.0988898485923,867.9729129350458,-0.1066522233410653,-75.75110732405332,31.679956702209438,30.135676958278182,1.5442797439312557,49.02302748665054,34.99364392016964,1156.0338623046875,1094.7114685058593,1045.9596655273438,1110.6673742675782,PUNJABCHEM.NS,2025-09-01 11:28:00.426705
328,2024-05-03 00:00:00+05:30,1183.590278419056,1183.6399821989924,1133.5148746219086,1158.0548095703125,9074,0.0,0.0,2024-05-03,1090.7567077636718,60.531375500457564,1151.2880832641295,1030.225332263214,1211.819458764587,969.6939567627567,52.78613446334744,123.70031654128239,574034,9183.340077995854,12571.684716786962,1125.8426630465297,77.1458537338193,1158.4032221304044,1183.2915696389002,1133.1664620618164,1208.5283297074882,1108.2781145533206,1233.416677215984,1083.0413544847327,0.014277986814807783,-27.499981526284856,38.34824273407048,29.749607022295365,8.598635711775117,63.46943053383009,37.65053699317757,1169.0355224609375,1090.7567077636718,1044.269248046875,1112.4528637695312,PUNJABCHEM.NS,2025-09-01 11:28:00.426705
329,2024-05-02 00:00:00+05:30,1203.6004989462358,1203.6004989462358,1159.747181536693,1169.105224609375,8529,0.0,0.0,2024-05-02,1082.568441772461,62.00714586408482,1144.5755876365458,1020.5612959083762,1206.5827335006306,958.5541500442914,111.32423621171775,155.53531647588736,583108,8714.139211157191,13418.770876484738,1125.7543070283957,80.92249050999256,1177.4843016974346,1195.2214218581762,1151.3681044486334,1221.3376191069774,1133.6309842878918,1239.074739267719,1107.5147870390906,0.012371217339033616,-17.74072880045252,38.77477642851295,27.599948094351586,11.174828334161365,66.08274062866961,37.2415768422288,1161.2205810546875,1082.568441772461,1041.3463598632814,1113.219923095703,PUNJABCHEM.NS,2025-09-01 11:28:00.426705
330,2024-04-30 00:00:00+05:30,1184.6853187728102,1204.595996399244,1150.9366958909786,1193.396240234375,15147,0.0,0.0,2024-04-30,1072.9018096923828,62.870251427285346,1135.7720611196683,1010.0315582650975,1198.6423125469535,947.1613068378122,169.39219871874496,176.86945890741146,591637,15797.343753760477,14594.928792816623,1125.6422509949057,82.73261971602068,1182.9763108415325,1215.0159257920864,1161.356625283821,1236.635611349798,1129.317010333267,1268.6752263003518,1107.6973247755554,-0.008722691668948906,-5.598408451879754,37.64507374666391,24.80624101081124,12.83883273585267,72.14619828163706,35.4012100292294,1147.561865234375,1072.9018096923828,1037.6240588378905,1113.8685131835937,PUNJABCHEM.NS,2025-09-01 11:28:00.426705
331,2024-04-29 00:00:00+05:30,1147.3527674565285,1189.6629562781359,1133.9628857218597,1178.0152587890625,16943,0.0,0.0,2024-04-29,1062.6552764892579,58.764222315205586,1121.4194988044635,1003.8910541740522,1180.183721119669,945.1268318588467,208.39262361866764,174.31239816274396,576490,17442.71177923821,14294.325052580658,1125.3297880102098,82.70679523320443,1167.2137002630195,1200.4645148041793,1144.7644442479032,1222.9137708192957,1111.5136297067434,1256.1645853604555,1089.064373691627,0.025999425105274282,-6.291989717366566,33.236035081127284,21.596532826848073,11.639502254279211,70.55784913586707,33.41927653830696,1127.919970703125,1062.6552764892579,1033.2357446289063,1113.9401916503907,PUNJABCHEM.NS,2025-09-01 11:28:00.426705
332,2024-04-26 00:00:00+05:30,1129.9308875886898,1155.8147669519549,1096.1325629532453,1146.6060791015625,10402,0.0,0.0,2024-04-26,1051.1294799804687,57.54061712970114,1108.6700971101698,993.5888628507676,1166.2107142398709,936.0482457210663,146.84640045007524,141.11937568748704,559547,10423.267111465197,13507.22837091627,1125.0565982710518,82.04566221940443,1132.8511363355876,1169.56970971793,1109.8875057192204,1192.5333403342972,1073.168932336878,1229.2519137166396,1050.2053017205108,0.010210763870175422,-16.671581570354615,28.602346854999496,18.686657263278267,9.915689591721229,66.9879042831488,31.483975774328,1114.1616943359375,1051.1294799804687,1028.8076098632812,1113.74158203125,PUNJABCHEM.NS,2025-09-01 11:28:00.426705
333,2024-04-25 00:00:00+05:30,1101.0604923560527,1130.6776258529717,1094.9379345718307,1118.9801025390625,9728,0.0,0.0,2024-04-25,1040.584292602539,58.44077337182353,1099.0250659743626,982.1435192307156,1157.4658393461862,923.7027458588921,79.5831737842681,123.12024610154708,549145,9513.026442121005,14278.218685779037,1124.9877771670479,82.0321003831459,1114.865220987955,1134.792507404079,1099.052816122938,1150.6049122690958,1079.125529706814,1170.53219868522,1063.3131248417972,-0.07079964567987844,-32.08890481072367,25.329781188422658,16.20773486534796,9.122046323074699,63.35888830383931,29.919696615558905,1104.524951171875,1040.584292602539,1025.7134912109375,1113.9222729492187,PUNJABCHEM.NS,2025-09-01 11:28:00.426705
334,2024-04-24 00:00:00+05:30,1108.7759169652509,1125.0528724513629,1096.0828593299584,1100.8116455078125,5267,0.0,0.0,2024-04-24,1032.3636688232423,58.396352851627874,1090.7600216748701,973.9673159716144,1149.156374526498,915.5709631199866,65.5029490318222,119.20961617711673,539417,5066.97908422084,15469.516746693544,1125.0057740373798,82.45626266269375,1107.3157924297113,1118.5487255294643,1089.5787124080598,1136.2858055511158,1078.3457793083069,1147.5187386508687,1060.6086992866553,-0.15120201634848476,-40.905307310317404,23.47686100118176,13.92722328457928,9.54963771660248,60.72224226593273,28.704971245202096,1095.853857421875,1032.3636688232423,1022.9299780273437,1114.3468676757811,PUNJABCHEM.NS,2025-09-01 11:28:00.426705
335,2024-04-23 00:00:00+05:30,1116.9889832677893,1134.9085926250266,1090.1095692319334,1095.186767578125,18989,0.0,0.0,2024-04-23,1025.7956298828126,57.67543440827881,1083.4710642910914,968.1201954745338,1141.14649869937,910.444761066255,68.96401670387472,123.01648566748175,534150,18174.524626641487,18070.15116231172,1125.0450788099986,82.94955028029614,1106.7349764783617,1123.36038372479,1078.5613603316967,1151.5339998714549,1061.9359530852685,1168.1594071178831,1033.7623369386035,-0.1593070090808962,-40.454006245061585,22.538169393304315,11.539813855428662,10.998355537875653,59.893353518290006,27.50979210444278,1091.463525390625,1025.7956298828126,1020.8682263183593,1114.7724572753907,PUNJABCHEM.NS,2025-09-01 11:28:00.426705
336,2024-04-22 00:00:00+05:30,1098.9699501973234,1133.7141093095272,1098.4223579155212,1109.223876953125,13978,0.0,0.0,2024-04-22,1019.3445739746094,56.71300838567918,1076.0575823602885,962.6315655889302,1132.7705907459676,905.918557203251,90.87299009098645,136.80922344811165,553139,13549.929125676674,18044.057796229277,1125.2209887805402,89.8351300060323,1113.7867813927244,1129.1512048699276,1093.8594534759216,1149.0785327867304,1078.4950299987183,1164.4429562639336,1058.5677020819155,-0.11771995716929552,-32.196779798644954,21.54883751881971,8.790224970959748,12.758612547859961,62.97635091640752,26.22267610670198,1087.5710205078126,1019.3445739746094,1019.0921948242187,1115.3299572753906,PUNJABCHEM.NS,2025-09-01 11:28:00.426705
337,2024-04-19 00:00:00+05:30,1083.1409414001637,1119.3784016123298,1069.4523495396377,1098.42236328125,11253,0.0,0.0,2024-04-19,1011.5570068359375,54.36661783764283,1065.9236246735804,957.1903889982947,1120.2902425112231,902.8237711606519,74.85876806884865,113.3218012465924,539161,10802.15645298529,19167.589963867427,1125.2906670372483,90.30999430313318,1095.7510381444058,1122.049726749174,1072.1236746764819,1145.6770902170979,1045.8249860717137,1171.975778821866,1022.1976226037898,-0.11725120229149026,-33.70562376068528,18.573252793815755,5.600571833994756,12.972680959820998,61.563114965801354,24.440345850220563,1090.2489990234376,1011.5570068359375,1017.8109423828125,1115.4424523925782,PUNJABCHEM.NS,2025-09-01 11:28:00.426705
338,2024-04-18 00:00:00+05:30,1089.114167749213,1104.9431822436497,1073.135798853621,1075.6246337890625,5227,0.0,0.0,2024-04-18,1005.8252197265625,50.641874742640525,1056.467094469203,955.183344983922,1107.1089692118435,904.5414702412814,72.63271757481321,102.52281521841067,527908,4913.444081246603,21258.948341587962,1125.3852133890846,90.88113985687484,1084.5678716287778,1095.9999444039345,1064.1925610139058,1116.3752550188065,1052.760488238749,1127.8073277939632,1032.385177623877,-0.10407959753514272,-39.63872475267689,15.545975169732628,2.3574015940395063,13.188573575693121,58.45435361360952,22.757014549853512,1078.5415283203124,1005.8252197265625,1018.0020825195312,1115.4548962402343,PUNJABCHEM.NS,2025-09-01 11:28:00.426705
339,2024-04-16 00:00:00+05:30,1075.1765587141672,1105.042574234005,1072.1899571621834,1078.8599853515625,9724,0.0,0.0,2024-04-16,1000.912255859375,48.22242948694807,1049.134685346323,952.689826372427,1097.3571148332712,904.4673968854788,97.47215458573936,110.34517758808109,533135,9168.173293910111,25345.324406673302,1125.466680924692,83.74638632754929,1085.3641722492503,1098.538387336317,1065.6857702644954,1118.216789321072,1052.5115551774286,1131.3910044081388,1032.8331531926738,-0.04945469407726194,-38.34858363307139,13.679828310557696,-0.939741799883774,14.619570110441469,59.08493543199854,21.192420488645634,1064.9922973632813,1000.912255859375,1018.8174243164062,1115.7411108398437,PUNJABCHEM.NS,2025-09-01 11:28:00.426705
340,2024-04-15 00:00:00+05:30,1118.631731501002,1118.631731501002,1045.3106328089468,1075.7242431640625,18992,0.0,0.0,2024-04-15,995.5289123535156,44.96221948967099,1040.4911318431866,950.5666928638445,1085.4533513328577,905.6044733741736,126.1872613530502,107.66097087213444,523411,17854.36610513182,29389.612184864098,1125.60906606716,71.98938627292071,1079.888869158004,1114.467105507061,1041.1460068150059,1153.209967850059,1006.5677704659488,1187.788204199116,967.8249081229508,-0.02355295675399079,-39.59900413867153,10.76469159742021,-4.594634327494141,15.359325924914351,58.68384301113762,19.507473038114075,1053.1852783203126,995.5289123535156,1020.2251123046875,1116.1233959960937,PUNJABCHEM.NS,2025-09-01 11:28:00.426705
341,2024-04-12 00:00:00+05:30,1035.3552033301764,1175.0286510048659,1035.3552033301764,1122.61376953125,111683,0.0,0.0,2024-04-12,988.6547454833984,42.49827467680249,1031.1530201602009,946.156470806596,1073.6512948370034,903.6581961297934,276.16268216867985,168.43344944751095,542403,109569.63477860496,32273.42370479717,1125.9085059622328,76.6864992201385,1110.9992079554306,1186.6432125806848,1046.9697649059954,1250.67265563012,971.3257602807412,1326.3166602553742,907.2963172313059,-0.04845710070475354,-20.90115789954749,7.178154936226406,-8.434465808722729,15.612620744949135,67.91590244682465,17.692914245233933,1042.1348388671875,988.6547454833984,1021.00859375,1116.49970703125,PUNJABCHEM.NS,2025-09-01 11:28:00.426705
342,2024-04-10 00:00:00+05:30,1014.9468363391926,1045.6093298332564,1004.5434946724615,1039.885009765625,13686,0.0,0.0,2024-04-10,982.6218139648438,28.8552820609718,1011.4770960258156,953.766531903872,1040.3323780867875,924.9112498429002,99.80565160374904,34.440565942942435,430720,12437.544034072725,12949.370936345222,1126.0290610019383,67.10763833177077,1030.012611423781,1055.4817281751004,1014.4158930143055,1071.0784465845759,988.9467762629861,1096.5475633358953,973.3500578535106,-0.11144491510579009,-4.71697699031806,-2.1403666424677112,-12.337620994960012,10.197254352492301,56.775249388788566,15.73877400674763,1018.401318359375,982.6218139648438,1020.5655810546875,1116.570887451172,PUNJABCHEM.NS,2025-09-01 11:28:00.426705
343,2024-04-09 00:00:00+05:30,1026.4949131110318,1029.829927153736,1005.5887025730266,1007.8784790039062,3429,0.0,0.0,2024-04-09,980.8024719238281,26.067187731397397,1006.8696596552255,954.7352841924306,1032.936847386623,928.6680964610333,65.02211311232492,8.174786937338228,417034,3020.2885409616906,13077.327661913345,1126.4170604902586,63.524893480831054,1014.4323695768895,1023.2760365807525,999.0348120000431,1038.673594157599,990.1911449961801,1047.5172611614619,974.7935874193337,-0.15785403791151267,-24.73117006554739,-5.890938889143854,-14.886934583083086,8.995995693939232,50.614099653117016,16.561202984606783,1010.9248291015625,980.8024719238281,1022.49990234375,1117.6351123046875,PUNJABCHEM.NS,2025-09-01 11:28:00.426705
344,2024-04-08 00:00:00+05:30,1033.3641260574948,1035.3551937377597,1012.2587964941739,1019.8248901367188,17096,0.0,0.0,2024-04-08,982.6292755126954,29.161175918794594,1011.7904514314899,953.4680995939008,1040.9516273502845,924.3069236751062,99.70807691964359,23.734201709689238,420463,15236.769383961653,15591.587442151256,1126.5509809429532,69.15897561199374,1022.4796267895508,1032.7004570849276,1009.604059841342,1045.5760240331365,999.383229545965,1055.7968543285135,986.5076625977562,-0.14849605247716827,-13.978475347116628,-7.4513929195047695,-17.13593350656789,9.684540587063122,53.24500795539306,17.62515185000683,1008.20703125,982.6292755126954,1026.0549548339843,1118.8197979736328,PUNJABCHEM.NS,2025-09-01 11:28:00.426705
345,2024-04-05 00:00:00+05:30,1010.9646487940637,1027.8388993440894,1007.8785180904621,1020.4720458984375,8821,0.0,0.0,2024-04-05,983.8413391113281,31.219684042420397,1015.0610231537485,952.6216550689078,1046.2807071961688,921.4019710264873,114.55478736511773,17.76858823664034,437559,7866.684131633681,15680.291956698657,1127.1555389276232,60.86523926317957,1018.7298211109963,1029.5811241315305,1009.6207428779032,1038.6902023646237,998.769439857369,1049.541505385158,989.6603616242759,-0.1596091152882448,-5.580620262026782,-10.512887540857378,-19.557068653333673,9.044181112476295,53.38516520116666,18.942384926697546,999.3965698242188,983.8413391113281,1028.6602661132813,1120.5326135253906,PUNJABCHEM.NS,2025-09-01 11:28:00.426705
346,2024-04-04 00:00:00+05:30,1011.5122002773056,1025.2505558542657,1000.3622085182631,1003.9461669921875,11458,0.0,0.0,2024-04-04,987.9479187011718,40.35637282820752,1028.3042915293793,947.5915458729643,1068.660664357587,907.2351730447568,117.5949344385447,1.6008046890260375,428738,10052.915260909307,17633.6939129649,1127.468261398528,57.877979237352505,1009.852977121572,1019.343745724881,994.4553983888784,1034.7413244575746,984.9646297855694,1044.2320930608837,969.5670510528757,-0.2035870587124319,-16.46150522710988,-14.336977244108994,-21.818113931452746,7.481136687343753,50.29553216459943,20.16243790325011,992.9952758789062,987.9479187011718,1031.9554833984375,1122.2568774414062,PUNJABCHEM.NS,2025-09-01 11:28:00.426705
347,2024-04-03 00:00:00+05:30,999.2670785398209,1024.0558951294204,993.5925235751769,1002.5025634765625,17546,0.0,0.0,2024-04-03,992.6866577148437,47.30066578439999,1039.9873234992438,945.3859919304438,1087.2879892836436,898.0853261460437,136.3828434101076,-6.293384768013376,417280,15372.213044355822,19528.888575978795,1127.9403834509121,53.24741302435109,1006.7169940603866,1019.8414645455963,989.3780929913528,1037.18036561463,976.2536225061431,1050.3048360998398,958.9147214371093,-0.07444897880941762,-16.80902144842314,-17.388195271230643,-23.688398103288684,6.300202832058041,50.02760430407044,21.383976018348122,981.705908203125,992.6866577148437,1035.7166088867189,1124.274326171875,PUNJABCHEM.NS,2025-09-01 11:28:00.426705
348,2024-04-02 00:00:00+05:30,980.1528961123341,1012.8063961136849,977.6640613445092,994.2894897460938,14261,0.0,0.0,2024-04-02,994.5109741210938,48.39023876083287,1042.9012128819268,946.1207353602609,1091.2914516427595,897.7304965994281,117.08605473161809,-29.392743080255652,399734,12391.83455490775,20568.05745888454,1128.678894233392,46.294807773136775,994.9199824014291,1012.1759034583491,977.0335686891734,1030.0623171706047,959.7776476322534,1047.318238227525,941.8912339199977,-0.0632263679469982,-18.365668736024734,-20.88904837985183,-25.263448811303192,4.374400431451363,48.55961587496659,22.65923016084408,968.3458618164062,994.5109741210938,1039.325419921875,1126.5033264160156,PUNJABCHEM.NS,2025-09-01 11:28:00.426705
349,2024-04-01 00:00:00+05:30,990.5064726752257,1015.4445848868451,970.6455590830136,975.7725830078125,15782,0.0,0.0,2024-04-01,997.2014007568359,49.85106435229684,1047.0524651091328,947.3503364045391,1096.9035294614296,897.4992720522423,116.18194090345598,-44.34497871695616,385473,13458.089997559164,22612.113184878737,1129.3250666301342,41.85758470022265,987.2875756592238,1003.9295922354339,959.1305664316025,1032.086601463055,942.4885498553923,1048.7286180392653,914.331540627771,-0.05428655158550284,-48.24359250929071,-24.245837168497246,-26.357048919166033,2.1112117506687866,45.18681549363316,23.66265852998845,960.4014892578125,997.2014007568359,1043.1004821777344,1129.1220782470702,PUNJABCHEM.NS,2025-09-01 11:28:00.426705
350,2024-03-28 00:00:00+05:30,947.7482177230746,995.6831965274341,947.7482177230746,988.465576171875,30560,0.0,0.0,2024-03-28,999.4936126708984,49.86786621955916,1049.3614788904576,949.6257464513393,1099.2293451100168,899.7578802317801,99.61376706031798,-61.69345655390164,401255,26399.0122289369,24900.61898170863,1130.146494321507,37.78937673331525,977.2989968074612,1006.8497758918478,958.9147970874883,1025.2339756118208,929.3640180031017,1054.7847546962073,910.9798182831288,-0.03497562692884669,-44.23131705174417,-26.35254810293975,-26.884851856833226,0.5323037538934763,47.15398031598954,24.743273696759317,959.1371459960938,999.4936126708984,1047.7575891113281,1131.9250030517578,PUNJABCHEM.NS,2025-09-01 11:28:00.426705
351,2024-03-27 00:00:00+05:30,933.3627359865803,965.4687022043669,924.2536378427928,947.4993286132812,33307,0.0,0.0,2024-03-27,1002.3259063720703,50.808313298085174,1053.1342196701555,951.5175930739852,1103.9425329682406,900.7092797759,-126.61133281986466,-108.4996047755562,370695,27579.551911267456,24526.02066990156,1131.629481312192,29.98935479109886,945.740556220147,967.2274745975012,926.0124102359272,986.9556205817211,904.525491858573,1008.4425389590753,884.7973458743531,-0.07361301997435672,-76.42516616148923,-29.900562972998046,-27.01792779530659,-2.882635177691455,39.2217174874341,25.277227445693672,954.6771606445312,1002.3259063720703,1052.5431188964844,1134.0644061279297,PUNJABCHEM.NS,2025-09-01 11:28:00.426705
352,2024-03-26 00:00:00+05:30,954.5676502296054,965.6678774559036,930.8241911559484,935.7023315429688,35354,0.0,0.0,2024-03-26,1007.5872985839844,50.277596966387556,1057.864895550372,957.3097016175968,1108.1424925167596,907.0321046512094,-122.37883908494324,-115.4204967712773,337388,28910.063602484028,23762.637859560087,1133.7542710083942,33.60198187639314,944.064800051607,957.3054089472656,922.4617226473104,978.9084863515623,909.2211137516517,992.1490952472209,887.6180363473551,-0.0928351687602308,-84.30332144532808,-29.955503645969088,-26.297269000883723,-3.658234645085365,36.67981827776041,24.777343007161967,955.8718017578125,1007.5872985839844,1058.08724609375,1136.6796740722657,PUNJABCHEM.NS,2025-09-01 11:28:00.426705
353,2024-03-22 00:00:00+05:30,976.4196075523361,977.3653768813577,949.7393119886074,954.567626953125,55731,0.0,0.0,2024-03-22,1014.2175506591797,49.02693807449874,1063.2444887336785,965.1906125846809,1112.2714268081772,916.1636745101822,-52.8771294525627,-97.8784227799115,372742,46491.79513330302,22475.781423829103,1136.210255495007,53.66250364774884,960.5574386076968,971.3755652267862,943.7495003340358,988.1835035004472,932.9313737149464,999.0016301195366,916.1234354412854,-0.0409087454399399,-76.8763486658196,-28.410147619651525,-25.38271033961238,-3.0274372800391447,39.108593414573406,24.36779848662487,965.4886596679687,1014.2175506591797,1064.5512463378907,1137.9912896728515,PUNJABCHEM.NS,2025-09-01 11:28:00.426705
354,2024-03-21 00:00:00+05:30,978.2115525687793,1000.9595378677252,963.1292509542258,969.4508666992188,12583,0.0,0.0,2024-03-21,1018.8467864990234,47.44368583735161,1066.290472336375,971.4031006616718,1113.7341581737267,923.9594148243202,-11.57565512020324,-79.46991993725398,428473,10660.627723485979,16471.77799646062,1139.8318205266653,62.044134392736915,977.8465518403899,992.563852726554,954.7335658130546,1015.6768387538893,940.0162649268905,1030.3941396400535,916.9032788995552,0.04120409129530777,-71.01704913925992,-27.859112594235285,-24.625851019602596,-3.2332615746326887,41.10139009523822,24.30424523495107,970.0482055664063,1018.8467864990234,1070.5831872558595,1138.3636199951172,PUNJABCHEM.NS,2025-09-01 11:28:00.426705
355,2024-03-20 00:00:00+05:30,965.3692344470178,973.7815080498649,945.8069690178422,966.1656494140625,11615,0.0,0.0,2024-03-20,1022.9981628417969,46.51746292371459,1069.5156257655115,976.4806999180823,1116.0330886892261,929.9632369943677,-58.74914800257491,-103.15069154625886,415890,9807.167318018928,17924.565564704277,1140.6022738718952,61.926114424132024,961.9180421605898,978.0291153033374,950.0545762713148,989.8925811926125,933.9435031285672,1006.0036543353601,922.0800372392921,0.05147311892921085,-72.3103879829491,-28.197286626170353,-23.817535625944423,-4.37975100022593,40.47870068318911,24.514212518047174,970.3966552734375,1022.9981628417969,1076.6649047851563,1138.8663653564454,PUNJABCHEM.NS,2025-09-01 11:28:00.426705
356,2024-03-19 00:00:00+05:30,973.930742415995,982.5421344272635,945.7571469284293,953.4725341796875,7708,0.0,0.0,2024-03-19,1028.4860412597657,45.93038407640727,1074.416425336173,982.5556571833584,1120.3468094125801,936.6252731069511,-69.80405321786407,-108.01834189499206,404275,6422.774450832915,19953.915126375614,1141.333437473492,58.235170044936666,960.5906051784601,975.424063428491,938.6390759296568,997.3755926772943,923.8056176796259,1012.2090509273252,901.8540884308226,0.02848457161887957,-77.30746962324591,-27.879476121910102,-22.722597875887935,-5.156878246022167,38.13617564702443,23.80196643172359,964.8117065429688,1028.4860412597657,1083.12890625,1140.190425415039,PUNJABCHEM.NS,2025-09-01 11:28:00.426705
357,2024-03-18 00:00:00+05:30,974.9263449980156,1007.4803159770606,954.4183707762369,983.78662109375,41937,0.0,0.0,2024-03-18,1035.7932678222655,44.98367458312798,1080.7769424053936,990.8095932391376,1125.7606169885214,945.8259186560095,-51.30406849132975,-86.45906853644435,411983,36055.46074006874,23336.70029526129,1141.8574546435752,57.40671277250956,981.8951026156825,1009.3718344551281,956.3098892543044,1034.9570478165062,928.8331574148588,1062.4337796559519,903.2479440534806,0.13685980135266676,-65.37328606282364,-25.800086534708043,-21.43337831438239,-4.366708220325652,41.78333344375118,23.034932184913572,974.5082275390625,1035.7932678222655,1089.9284033203126,1141.9256427001953,PUNJABCHEM.NS,2025-09-01 11:28:00.426705
358,2024-03-15 00:00:00+05:30,970.0979714987158,995.3844948106818,895.8311098913731,977.3653564453125,31825,0.0,0.0,2024-03-15,1036.457781982422,44.26744230738702,1080.725224289809,992.1903396750349,1124.992666597196,947.9228973676479,-99.24523944843853,-119.86441984411971,370046,27183.046701178348,20157.01018405943,1144.29334647635,51.3288050299323,956.1936537157891,1016.5561975402051,917.0028126208964,1055.7470386350979,856.6402687964804,1116.1095824595136,817.4494277015878,0.12185556340679156,-67.90123787683504,-25.73240559967951,-20.34170125930098,-5.39070434037853,40.66730333767126,22.353337900490434,978.450537109375,1036.457781982422,1096.377470703125,1143.268120727539,PUNJABCHEM.NS,2025-09-01 11:28:00.426705
359,2024-03-14 00:00:00+05:30,924.3532558851174,979.4560347176679,924.3532558851174,971.193115234375,10343,0.0,0.0,2024-03-14,1038.1850341796876,42.4781762570742,1080.6632104367618,995.7068579226134,1123.141386693836,953.2286816655392,-127.64487417152469,-122.03400813247815,338221,8778.592661144343,18400.5010547797,1146.2685652690918,57.5522171511905,958.3341352790534,992.3150146729894,937.2122358404389,1013.4369141116039,903.2313564465029,1047.41779350554,882.1094570078884,0.09763081006179712,-79.22737679306934,-24.62347128415786,-18.994025174206346,-5.6294461099515125,39.6345842006384,21.23202514082254,991.8603759765625,1038.1850341796876,1103.4069360351561,1144.9296673583985,PUNJABCHEM.NS,2025-09-01 11:28:00.426705
360,2024-03-13 00:00:00+05:30,1014.4490111812623,1014.8472490333664,932.4169961781636,938.2409057617188,18341,0.0,0.0,2024-03-13,1038.774887084961,41.57118855179654,1080.3460756367574,997.2036985331644,1121.917264188554,955.6325099813679,-167.74921876789082,-121.07314110490564,327878,15038.695028831326,20805.97815318854,1146.94443461772,56.49411833082436,961.8350503244163,991.2531044706691,908.8228516154662,1044.2653031796192,879.4047974692135,1073.6833573258718,826.3925987602634,0.08911575484168907,-97.32141279568452,-22.222744180872724,-17.586663646718467,-4.636080534154257,33.93209825991322,20.46693585674954,1006.4349853515625,1038.774887084961,1110.2741284179688,1146.6509442138672,PUNJABCHEM.NS,2025-09-01 11:28:00.426705
361,2024-03-12 00:00:00+05:30,994.5383992057576,1016.4401457348133,980.600924141813,1001.9551391601562,28440,0.0,0.0,2024-03-12,1040.5618682861327,37.60072223235337,1078.162590518486,1002.9611460537793,1115.7633127508395,965.360423821426,-128.8404922104474,-83.98454476876591,346219,24902.94142886282,22247.79893427784,1148.3829914512025,58.751525640460876,999.6654030122609,1018.7298818827087,982.8906602897084,1035.5046246052611,963.8261814192606,1054.569103475709,947.0514386967081,0.1430930928191776,-87.38234431734465,-15.567084393285768,-16.427643513179902,0.860559119894134,40.86269318770795,19.772858715933843,1039.3075317382813,1040.5618682861327,1116.7381311035156,1148.834150390625,PUNJABCHEM.NS,2025-09-01 11:28:00.426705
362,2024-03-11 00:00:00+05:30,1050.2882621401832,1050.2882621401832,992.9455339340493,1003.4981689453125,15720,0.0,0.0,2024-03-11,1038.2945373535156,41.24212282920049,1079.536660182716,997.052414524315,1120.7787830119166,955.8102916951146,-111.26553756907383,-70.38208759816555,374659,13786.11522374201,21584.013310631588,1149.964947117159,65.88906855119964,1015.5773216731817,1038.209109412314,980.8663812061802,1072.9200498793157,958.2345934670478,1095.551837618448,923.5236530000464,0.10998771063239784,-92.48189740214669,-13.084844706095737,-16.642783293153435,3.5579385870576985,41.05088936748621,19.87994662026617,1058.660693359375,1038.2945373535156,1121.7337182617186,1150.4110748291016,PUNJABCHEM.NS,2025-09-01 11:28:00.426705
363,2024-03-07 00:00:00+05:30,1026.3954121761037,1061.935922455176,1026.3954121761037,1044.41455078125,10312,0.0,0.0,2024-03-07,1037.7146362304688,41.83442787515373,1079.5490641056226,995.8802083553151,1121.3834919807764,954.0457804801614,-45.018804786914984,-45.069225374647594,390379,9412.144716056358,23533.487832353978,1150.844848334392,76.50426339458407,1044.2486284708432,1062.1018447655827,1026.5613344865103,1079.7891387499155,1008.7081181917708,1097.642355044655,991.020824207438,0.15600936385676242,-66.62475641958106,-9.860535544427194,-17.53226793991786,7.671732395490665,46.31377891480966,20.239763487897324,1065.758837890625,1037.7146362304688,1126.3928173828126,1151.9178143310546,PUNJABCHEM.NS,2025-09-01 11:28:00.426705
364,2024-03-06 00:00:00+05:30,1112.9570583555496,1114.9979514302743,1029.2825082190984,1044.066162109375,16008,0.0,0.0,2024-03-06,1034.484130859375,43.74101173324739,1078.2251425926224,990.7431191261276,1121.9661543258699,947.0021073928802,16.36580481761172,-30.89906713681935,380067,14606.221225215048,27063.823611428383,1151.2659289806784,79.47294282049847,1062.782207252916,1096.2819062867334,1010.5664630755575,1148.4976504640917,977.06676404174,1181.9973494979092,924.8510198643817,0.1269939871572168,-66.8449209258544,-9.612684366065878,-19.45020103879052,9.837516672724643,46.259057830174676,21.335811228368456,1066.4955322265625,1034.484130859375,1129.6462231445312,1153.0731329345704,PUNJABCHEM.NS,2025-09-01 11:28:00.426705
365,2024-03-05 00:00:00+05:30,1121.9667237588242,1149.8416734174286,1088.4172793869157,1102.6036376953125,43951,0.0,0.0,2024-03-05,1032.167025756836,44.428744845741434,1076.5957706025774,987.7382809110945,1121.0245154483189,943.3095360653531,187.9291020945763,10.041250370916751,396075,42350.73575875907,30178.224207981715,1151.9283949630278,84.12986363309274,1113.6208634998857,1138.8244476128557,1077.4000535823427,1175.0452575303987,1052.1964694693727,1200.2488416433687,1015.9756595518297,0.12753544866951597,-26.59004329290908,-9.115402012963386,-21.909580206971683,12.794178194008296,54.9593405370201,22.57967950577892,1062.0056640625,1032.167025756836,1132.82994140625,1154.4813140869142,PUNJABCHEM.NS,2025-09-01 11:28:00.426705
366,2024-03-04 00:00:00+05:30,1052.3290946078778,1124.9532396552145,1028.934049358411,1098.720947265625,99342,0.0,0.0,2024-03-04,1027.356103515625,41.514005976518135,1068.870109492143,985.8420975391068,1110.384115468661,944.3280915625886,118.09946136820471,-18.232281855216108,352124,95387.85471341925,27135.096320287375,1152.7797255228315,81.76405407493147,1084.2027454264169,1139.4714414944228,1043.4522511976193,1180.2219357232204,988.1835551296133,1235.4906317912264,947.4330609008157,0.07645713794386307,-14.737126610228435,-14.105672171424885,-25.108124755473757,11.002452584048871,54.43187748783687,23.251060749069204,1050.5072265625,1027.356103515625,1133.9150732421874,1155.5709246826173,PUNJABCHEM.NS,2025-09-01 11:28:00.426705
367,2024-03-01 00:00:00+05:30,1028.7348446844612,1053.6730153907868,1025.9971266898601,1038.9888916015625,3427,0.0,0.0,2024-03-01,1024.6781188964844,38.268780467888064,1062.9468993643725,986.4093384285964,1101.2156798322605,948.1405579607083,-62.1590303799227,-56.072158392333485,252782,3111.700478416938,10071.906722004403,1154.974276298901,68.09859098567969,1039.553011227403,1053.1088957649458,1025.4330070640192,1067.2288999283296,1011.8771225264763,1080.7847844658725,997.7571183630926,-0.08848527311020524,-45.16402851015079,-19.898621693025007,-27.85873790148597,7.960116208460963,45.269889166976384,24.53759216070706,1041.3084716796875,1024.6781188964844,1136.6677270507812,1155.5604705810547,PUNJABCHEM.NS,2025-09-01 11:28:00.426705
368,2024-02-29 00:00:00+05:30,1010.9147989561646,1070.1489986838474,997.6243864054394,1048.0980224609375,10765,0.0,0.0,2024-02-29,1028.1276428222657,42.5018931743766,1070.6295359966423,985.625749647889,1113.131429171019,943.1238564735124,-40.929758188631496,-59.93859164342103,256209,9860.267874973651,11811.958282901269,1155.1369332038096,62.53232267006371,1038.6238025167415,1079.6232186280436,1007.0986063496357,1111.1484147951496,966.0991902383336,1152.1478309064516,934.5739940712277,-0.10678455081528974,-40.07787502863923,-21.13115580008207,-29.848766953601206,8.717611153519137,46.59675009355192,24.825911334316643,1047.17216796875,1028.1276428222657,1140.7673364257812,1156.1473370361327,PUNJABCHEM.NS,2025-09-01 11:28:00.426705
369,2024-02-28 00:00:00+05:30,1045.3105762951384,1060.2934098320882,991.6015111986989,1021.6168212890625,14531,0.0,0.0,2024-02-28,1031.5423278808594,46.72446556375197,1078.2667934446113,984.8178623171074,1124.9912590083634,938.0933967533555,-63.76673456048688,-72.99223761157022,245444,12973.474896392427,12299.880884883172,1155.6105512518272,56.52133637978696,1024.5039141066165,1057.4063170145341,988.7144183811449,1093.1958127400057,955.8120154732272,1126.0982156479236,920.0225197477556,-0.16094980968371878,-54.86385797412756,-23.28611529753971,-32.02816974198099,8.74205444444128,42.00909475749647,25.136408905896197,1046.9830322265625,1031.5423278808594,1144.7285668945312,1156.419616088867,PUNJABCHEM.NS,2025-09-01 11:28:00.426705
370,2024-02-27 00:00:00+05:30,1050.2881774361329,1065.9180097604408,1015.2951394468615,1045.1114501953125,12160,0.0,0.0,2024-02-27,1037.9237060546875,53.51888831746037,1091.4425943721478,984.4048177372272,1144.9614826896081,930.8859294197667,1.7344805485274366,-64.02053746390109,259975,11106.288706689005,12131.48238200586,1156.4156593218297,56.372154838839734,1042.1081998008715,1068.9212601548816,1018.2983898413022,1092.7310701144506,991.4853294872922,1119.5441304684607,967.6755195277229,-0.09727670090595388,-41.745450691026484,-23.084299458455234,-34.213683353091305,11.12938389463607,45.208137661545884,25.135400581723665,1053.1553466796875,1037.9237060546875,1149.527041015625,1157.220025024414,PUNJABCHEM.NS,2025-09-01 11:28:00.426705
371,2024-02-26 00:00:00+05:30,1081.6973037796686,1082.543483208383,1046.3558537235076,1052.7271728515625,4527,0.0,0.0,2024-02-26,1041.4130493164062,56.21906083519687,1097.632110151603,985.1939884812093,1153.8511709867998,928.9749276460125,46.87078491303583,-54.27576671659771,272135,4164.847514549013,12387.780800835073,1156.9781412418558,56.37777350628196,1060.5421699278177,1074.7284861321277,1038.5408566472524,1096.729799412693,1024.3545404429424,1110.916115617003,1002.3532271623772,-0.10752214732978109,-37.493153199609154,-24.7900168831452,-36.99602932675032,12.206012443605118,46.26948785937763,25.638937287319738,1059.3177001953125,1041.4130493164062,1154.0587133789063,1157.6993743896485,PUNJABCHEM.NS,2025-09-01 11:28:00.426705
372,2024-02-23 00:00:00+05:30,1057.7547383155297,1091.1051230059488,1039.3373616954477,1068.307373046875,7219,0.0,0.0,2024-02-23,1043.7998474121093,57.71802615430786,1101.5178735664172,986.0818212578015,1159.235899720725,928.3637951034937,66.26520383568143,-53.16849648448844,276662,6739.785042659182,14443.514122406588,1157.174645440508,42.15424934881862,1066.2499525827573,1093.1625434700668,1041.3947821595657,1118.0177138932584,1014.4821912722562,1144.930304780568,989.6270208490646,-0.13206474963409895,-28.793828237724377,-27.348279046308562,-40.0475324376516,12.699253391343035,48.42806203560325,26.92910897672251,1068.6956787109375,1043.7998474121093,1158.2051123046874,1158.3922674560547,PUNJABCHEM.NS,2025-09-01 11:28:00.426705
373,2024-02-22 00:00:00+05:30,1039.7356645547504,1081.7969732492647,1014.4988428805003,1047.15234375,15022,0.0,0.0,2024-02-22,1047.214532470703,61.161687234880304,1108.3762197055833,986.0528452358227,1169.5379069404637,924.8911580009424,52.150304135697525,-68.65846764804938,269443,13747.078247615276,16369.446392343438,1157.4425668979802,37.240949781160666,1047.816053293255,1081.1332637060095,1013.8351333372452,1115.1141836620195,980.5179229244906,1148.431394074774,946.5370029684808,-0.15920400551536298,-40.60590203168484,-31.743675637377237,-43.22234578548735,11.478670148110112,45.204147666164815,28.318524642233186,1054.4495849609375,1047.214532470703,1161.8139208984376,1158.5445843505859,PUNJABCHEM.NS,2025-09-01 11:28:00.426705
374,2024-02-21 00:00:00+05:30,1089.412798573047,1091.5530992442127,1049.8900297121281,1052.4783935546875,5129,0.0,0.0,2024-02-21,1054.1384704589843,68.54680024395726,1122.6852707029416,985.5916702150271,1191.2320709468988,917.0448699710698,96.54407059358478,-60.713144829876924,284465,4717.5733986911655,17025.038428525477,1158.1388511088571,38.048992190239424,1064.6405075036762,1079.3909852952243,1037.7279157631397,1106.3035770357608,1022.9774379715916,1121.0540548273088,996.0648462310551,-0.14538936396781676,-43.31901080365918,-34.80670057492625,-46.09201332251487,11.28531274758862,45.87491543387618,29.548160556558994,1047.4011962890625,1054.1384704589843,1165.680576171875,1158.7377166748047,PUNJABCHEM.NS,2025-09-01 11:28:00.426705
375,2024-02-20 00:00:00+05:30,1083.1906635518872,1101.9564524830669,1067.5110052776038,1075.9232177734375,8197,0.0,0.0,2024-02-20,1059.0190734863281,71.81930331391328,1130.8383768002413,987.1997701724149,1202.6576801141546,915.3804668585016,172.78485731536773,-51.75175984824592,289594,7707.419410866337,20101.904685984056,1158.3670975980963,35.91557551292584,1081.7968918447027,1096.0827784118017,1061.6373312063386,1116.2423390501658,1047.3514446392396,1130.5282256172648,1027.1918840008755,-0.148725536038802,-41.73820599177947,-38.725461641266065,-48.91334150941203,10.187879868145963,48.83403291025898,31.726534679513154,1033.5035522460937,1059.0190734863281,1169.44767578125,1159.0931219482422,PUNJABCHEM.NS,2025-09-01 11:28:00.426705
376,2024-02-19 00:00:00+05:30,996.5294770145773,1119.8761568661648,996.5294770145773,1099.6170654296875,71733,0.0,0.0,2024-02-19,1064.4845581054688,77.1358972585816,1141.6204553640503,987.3486608468871,1218.756352622632,910.2127635883055,217.54802076713185,-61.43936429347569,297791,68933.96245836282,23200.526004763487,1158.6527081208026,40.82827438069926,1072.0075664368098,1147.4856558590423,1024.1389760074549,1195.3542462883975,948.6608865852223,1270.8323357106299,900.7922961558673,-0.14964805660198793,-31.52355382766906,-45.464873851664834,-51.46031147644851,5.995437624783676,51.980707912184066,33.78900830475524,1013.1150146484375,1064.4845581054688,1172.85140625,1159.218062133789,PUNJABCHEM.NS,2025-09-01 11:28:00.426705
377,2024-02-16 00:00:00+05:30,1006.5842403068021,1019.4266511349139,994.5383051599404,997.076904296875,8347,0.0,0.0,2024-02-16,1069.103826904297,81.96557392805431,1151.0694008323512,987.1382529762427,1233.0349747604055,905.1726790481883,17.309894230173462,-114.9526008515291,226058,7273.305808979722,11767.166891363657,1160.4984210554094,21.370964580629632,1003.6806201972431,1012.8229352345459,987.9345892595724,1028.5689661722167,978.7922742222696,1037.7112812095193,963.0462432845989,-0.31481438529778916,-75.72963187878821,-55.73798699852341,-52.95917088264443,-2.778816115878982,35.1980395746949,36.01013374732365,984.5133056640625,1069.103826904297,1175.3750830078125,1159.0149725341796,PUNJABCHEM.NS,2025-09-01 11:28:00.426705
378,2024-02-15 00:00:00+05:30,995.2849728378696,1018.3813704565877,972.1885752191516,1011.910400390625,10690,0.0,0.0,2024-02-15,1078.3971374511718,83.88367397976961,1162.2808114309414,994.5134634714022,1246.164485410711,910.6297894916327,-16.38667831282811,-125.59742982136225,234405,9453.498131820585,12890.63216195964,1161.095117370142,17.03291578745788,1000.8267820221214,1029.464988825091,983.2721935876551,1047.0195772595575,954.6339867846854,1075.6577840625273,937.0793983502191,-0.30405462587902005,-69.33476494229134,-57.9475177037923,-52.264466853674676,-5.683050850117624,36.93146410612358,35.937132011354635,983.4779541015625,1078.3971374511718,1180.6364794921874,1159.8845721435546,PUNJABCHEM.NS,2025-09-01 11:28:00.426705
379,2024-02-14 00:00:00+05:30,980.6008677327276,991.5517403673063,946.9518348808081,982.9901733398438,5299,0.0,0.0,2024-02-14,1086.9537475585937,85.45815229333785,1172.4118998519316,1001.4955952652558,1257.8700521452695,916.037442971918,-65.8342189937193,-157.0940040234167,223715,4552.142762372956,13749.915669494401,1161.7960097659975,12.997464450482056,973.8312495293194,1000.7106641778307,956.1107586913325,1018.4311550158176,929.2313440428212,1045.3105696643288,911.5108532048343,-0.3603301946681783,-83.36927775594606,-61.35926848410759,-50.843704141145274,-10.515564342962314,30.756445493681255,35.81349274615619,977.0567626953125,1086.9537475585937,1185.093486328125,1161.0881719970703,PUNJABCHEM.NS,2025-09-01 11:28:00.426705
380,2024-02-13 00:00:00+05:30,956.6085124996966,983.1892180105707,940.77949978558,973.9805297851562,8782,0.0,0.0,2024-02-13,1098.2356353759765,85.90367373197897,1184.1393091079553,1012.3319616439975,1270.0429828399344,926.4282879120185,-82.19770163367359,-177.8639983206076,218416,7475.091032888153,16049.35889627476,1162.2133954111698,14.705969850954972,965.9830825271023,991.1866652686246,948.7769470436339,1008.392800752093,923.5733643021116,1033.5963834936151,906.3672288186432,-0.38772242274199,-86.92158333701339,-61.94945328141739,-48.21481305540469,-13.7346402260127,28.73796019702816,34.48049383675988,980.0035400390625,1098.2356353759765,1190.1129675292968,1162.960771484375,PUNJABCHEM.NS,2025-09-01 11:28:00.426705
381,2024-02-12 00:00:00+05:30,1004.2945564491841,1008.17716284932,943.1688132555098,956.6085205078125,15658,0.0,0.0,2024-02-12,1110.9237121582032,85.32360084549714,1196.2473130037004,1025.600111312706,1281.5709138491975,940.2765104672089,-94.6302258185938,-193.15001479369386,209634,13090.110463468944,18192.92586212141,1162.9444236623688,14.65361858281274,969.3181655375474,995.467517819585,930.4591682257749,1034.3265151313576,904.3098159437372,1060.4758674133952,865.4508186319647,-0.4109641469980972,-94.65558333715555,-60.87912720544455,-44.78115299890151,-16.097974206543036,24.81448644776387,32.64518608995557,986.48447265625,1110.9237121582032,1194.644638671875,1164.6974810791016,PUNJABCHEM.NS,2025-09-01 11:28:00.426705
382,2024-02-09 00:00:00+05:30,989.8095496636344,1000.5115387598215,961.6857178527239,991.900146484375,13525,0.0,0.0,2024-02-09,1124.3285705566407,80.7405120874613,1205.0690826441019,1043.5880584691795,1285.8095947315633,962.8475463817181,-101.21088864657544,-198.46520581952566,225292,11724.059290800176,19468.629711784524,1164.383136274807,18.15851336814454,984.6991343656401,1007.7125508785564,968.8867299714587,1023.5249552727378,945.8733134585425,1046.538371785654,930.0609090643611,-0.41626826836360054,-88.36942722299715,-56.87549476714344,-40.75665944726575,-16.11883531987769,27.690644311199634,30.69781594398194,1004.19501953125,1124.3285705566407,1198.6755541992188,1165.8483184814454,PUNJABCHEM.NS,2025-09-01 11:28:00.426705
383,2024-02-08 00:00:00+05:30,997.7240529526725,1010.1184617405497,973.6321212358372,979.804443359375,15628,0.0,0.0,2024-02-08,1137.6786804199219,79.7594672858617,1217.4381477057836,1057.91921313406,1297.1976149916452,978.1597458481984,-125.29780604543976,-216.05864533950802,211767,13381.832363114678,21404.77231703061,1165.4282657412489,21.74582714110285,987.8516754452539,1002.0712296546707,965.5848891499581,1024.3380159499666,951.3653349405414,1038.5575701593832,929.0985486452456,-0.4424918646975426,-97.50953485276675,-54.36357254053837,-36.72695061729632,-17.636621923242053,24.92000036622322,28.826863491957027,1027.4108642578126,1137.6786804199219,1202.1310546875,1167.4371893310547,PUNJABCHEM.NS,2025-09-01 11:28:00.426705
384,2024-02-07 00:00:00+05:30,1006.5345105330216,1035.3054030162982,994.787222979596,997.7240600585938,12535,0.0,0.0,2024-02-07,1151.4966918945313,74.75073900904773,1226.247430903579,1076.7459528854836,1300.9981699126267,1001.9952138764359,-144.91907620967586,-218.13443394638696,227395,10929.682886625234,23410.50730550959,1166.7370710882099,22.094984857547175,1009.2722286848293,1023.7572343900626,983.2390543533604,1049.7904087215315,968.7540486481271,1064.2754144267649,942.7208743166582,-0.43756034270859034,-96.58356832457243,-49.132616919308475,-32.3177951364858,-16.814821782822676,26.306154567802523,26.96333527165919,1054.7283203125,1151.4966918945313,1205.7637573242187,1169.223674926758,PUNJABCHEM.NS,2025-09-01 11:28:00.426705
385,2024-02-06 00:00:00+05:30,1046.45543031771,1064.7234521529429,989.8095299701388,1006.3851928710938,73746,0.0,0.0,2024-02-06,1165.2873260498047,70.19143247674201,1235.4787585265467,1095.0958935730628,1305.6701910032887,1024.9044610963208,-205.66843072223452,-232.41493736383552,239930,64859.782092851674,26530.713410230677,1167.6983413307469,21.789718172088072,1020.3060583313918,1050.8025866926448,975.8886645098407,1095.2199805141959,945.3921361485877,1125.7165088754489,900.9747423270367,-0.4183704750737033,-93.084101308941,-43.45578573190983,-28.114089690780126,-15.341696041129701,26.979586958538377,25.236335884909714,1085.0323852539063,1165.2873260498047,1208.6766882324218,1170.7528149414063,PUNJABCHEM.NS,2025-09-01 11:28:00.426705
386,2024-02-05 00:00:00+05:30,1113.5046823561447,1113.5046823561447,1035.3552701389276,1045.1612548828125,22416,0.0,0.0,2024-02-05,1179.4363525390625,64.78773772600174,1244.2240902650642,1114.6486148130607,1309.011827991066,1049.860877087059,-176.82741701895995,-205.30123526862027,313676,20474.542084389817,16948.446239575427,1173.2829133390212,27.7952484484518,1064.6737357926283,1093.992201446329,1015.842789229112,1142.8231480098455,986.5243235754112,1172.1416136635462,937.6933770118949,-0.3776490711714603,-95.28031569526566,-36.382290916972806,-24.278665680497696,-12.10362523647511,30.193675580846076,23.376490391487202,1106.735009765625,1179.4363525390625,1211.5677197265625,1171.962885131836,PUNJABCHEM.NS,2025-09-01 11:28:00.426705
387,2024-02-02 00:00:00+05:30,1116.3917042194216,1137.8453861662617,1105.0425938157475,1107.9793701171875,8476,0.0,0.0,2024-02-02,1191.8506591796875,61.403746813874335,1253.2544059935617,1130.4469123658132,1314.6581528074362,1069.0431655519387,-85.20805566869949,-155.3460967274763,336092,8207.207243739806,16066.922278371827,1174.6454764487066,30.102145039206505,1116.955783366399,1128.8689729170503,1096.066180566536,1149.7585757169131,1084.1529910158847,1161.6717652675645,1063.263388216022,-0.3120336586099994,-84.16689915975407,-30.593681830564037,-21.252759371378914,-9.340922459185123,36.785482013962095,22.0274735063268,1117.7953857421876,1191.8506591796875,1213.0739624023438,1172.756821899414,PUNJABCHEM.NS,2025-09-01 11:28:00.426705
388,2024-02-01 00:00:00+05:30,1172.7389172535509,1172.7389172535509,1110.020282459855,1116.3917236328125,19976,0.0,0.0,2024-02-01,1201.763690185547,63.130251564163174,1264.8939417497102,1138.6334386213837,1328.0241933138732,1075.5031870572207,-61.297658169605334,-146.04540911016687,344568,19489.37515159222,18031.85103702983,1174.914643530877,29.085686903409908,1133.0503077820729,1156.0803331042907,1093.3616983105949,1195.7689425757687,1070.331672988377,1218.7989678979866,1030.643063516899,-0.3015667273312262,-80.31313724238626,-28.90560000315986,-18.91752875658263,-9.988071246577231,37.8116718821121,22.00016443732394,1123.5197265625,1201.763690185547,1212.9077099609376,1172.9698663330078,PUNJABCHEM.NS,2025-09-01 11:28:00.426705
389,2024-01-31 00:00:00+05:30,1115.0975226041162,1161.140966532826,1096.0828489839898,1149.244384765625,30204,0.0,0.0,2024-01-31,1212.38603515625,65.82517764328612,1278.2112127995363,1146.5608575129638,1344.0363904428223,1080.7356798696778,-69.61648350583091,-156.42353633346403,364544,30335.39329913316,17667.47000838923,1175.4768719148808,30.940362212843326,1135.489400094147,1174.895951204304,1109.8378336554679,1200.5475176429832,1070.4312825453108,1239.9540687531403,1044.7797161066317,-0.237821220141235,-65.52064822577223,-27.134869449110738,-16.42051094493832,-10.714358504172417,42.06824786354202,22.09759354280255,1137.3676025390625,1212.38603515625,1212.6647973632812,1173.2486151123046,PUNJABCHEM.NS,2025-09-01 11:28:00.426705
390,2024-01-30 00:00:00+05:30,1119.8759843783644,1137.8452963680159,1097.0782362884,1114.8983154296875,17087,0.0,0.0,2024-01-30,1220.6514526367187,67.82754839967974,1288.4790010363984,1152.823904237039,1356.306549436078,1084.9963558373593,-132.75585388859852,-205.70707363606178,334340,16648.451933958277,14500.489185703247,1175.8635387841662,16.978432426453523,1116.6072826953678,1136.1363291023356,1095.3692690227197,1157.3743427749837,1075.8402226157518,1176.9033891819515,1054.6022089431037,-0.2959431235646296,-84.2339136682127,-27.692152723308027,-13.741921318895216,-13.950231404412811,34.958912749207045,21.75508808619819,1137.53681640625,1220.6514526367187,1212.0216796875,,PUNJABCHEM.NS,2025-09-01 11:28:00.426705
391,2024-01-29 00:00:00+05:30,1171.6935083436333,1171.6935083436333,1081.348812057855,1100.463134765625,25897,0.0,0.0,2024-01-29,1227.9785888671875,63.584703564712235,1291.5632924318998,1164.3938853024752,1355.1479959966118,1100.809181737763,-174.56110923641324,-217.9233930333886,317253,24905.641536780262,13963.498498639488,1176.3761848862473,17.98371022733484,1117.8351517223712,1154.3214913868874,1063.976795101109,1208.1798480081495,1027.4904554365928,1244.6661876726657,973.6320988153307,-0.28396020546313994,-91.4590469027533,-24.603498681834708,-10.254363467792013,-14.349135214042695,31.686448150415515,20.425159088987257,1151.6037353515626,1227.9785888671875,1211.9908203125,,PUNJABCHEM.NS,2025-09-01 11:28:00.426705
392,2024-01-25 00:00:00+05:30,1190.60879158186,1194.5909274243015,1125.0032007977532,1136.60107421875,17194,0.0,0.0,2024-01-25,1235.5421569824218,56.18450662443197,1291.726663606854,1179.3576503579898,1347.9111702312857,1123.173143733558,-133.57229373850572,-161.09979841691347,343150,17078.816111063225,11227.962739104296,1177.3561394949493,24.997777284126784,1152.0650674802682,1179.1269341627833,1109.539207536235,1221.6527941068166,1082.4773408537199,1248.7146607893317,1039.9514809096866,-0.2679048508331566,-94.0241538539255,-18.854658689369444,-6.667079664281339,-12.187579025088105,35.88212018101099,18.99292786122164,1169.9115966796876,1235.5421569824218,1212.5761938476562,,PUNJABCHEM.NS,2025-09-01 11:28:00.426705
393,2024-01-24 00:00:00+05:30,1163.779182026887,1194.640734330423,1146.9049302645258,1185.631103515625,9561,0.0,0.0,2024-01-24,1240.5347595214844,51.13977096361349,1291.6745304850979,1189.3949885578709,1342.8143014487114,1138.2552175942574,-79.14569084384915,-117.55560370984925,360344,9906.624002862436,9765.249396114565,1177.7084591186479,24.795417432981296,1175.7255893701913,1204.5462484758568,1156.8104444099597,1223.4613934360884,1127.9897853042942,1252.282052541754,1109.0746403440626,-0.2105941107913645,-77.62290831354284,-14.767764271075748,-3.620184908009311,-11.147579363066438,43.06585133786141,18.340479947279263,1179.1800048828125,1240.5347595214844,1212.770322265625,,PUNJABCHEM.NS,2025-09-01 11:28:00.426705
394,2024-01-23 00:00:00+05:30,1176.7209839844595,1188.7669189909504,1144.8639015077229,1150.0904541015625,8258,0.0,0.0,2024-01-23,1241.6074462890624,50.14280654760924,1291.7502528366717,1191.464639741453,1341.8930593842808,1141.321833193844,-126.3456390209124,-142.6434065486702,350783,8300.02986804116,9729.905744427597,1177.6701903469373,17.685917282261016,1161.2404248667453,1177.6169482257678,1133.7139307425402,1205.143442349973,1117.3374073835178,1221.5199657089954,1089.8109132593127,-0.2505476810313096,-97.31389147661136,-14.140261965208992,-0.833290067242701,-13.306971897966292,34.19886106272786,18.178989292039986,1178.6623046875,1241.6074462890624,1211.5846411132814,,PUNJABCHEM.NS,2025-09-01 11:28:00.426705
395,2024-01-19 00:00:00+05:30,1197.3285495854127,1221.4702461899192,1174.729979105886,1185.23291015625,8327,0.0,0.0,2024-01-19,1244.26552734375,46.29777001323796,1290.563297356988,1197.9677573305119,1336.8610673702258,1151.669987317274,-76.06442736488921,-78.63695051307151,359041,8625.11798333915,10087.374713524207,1177.7857354920168,27.074440902987547,1193.8110451506852,1212.8921111954844,1166.1518441114513,1240.5513122347184,1147.070778066652,1259.6323782795175,1119.4115770274182,-0.2067101646975998,-91.1142418066443,-9.622406995476013,2.493452907248872,-12.115859902724885,39.904816407569506,17.775740446934478,1190.3697998046875,1244.26552734375,1212.4049609375,,PUNJABCHEM.NS,2025-09-01 11:28:00.426705
396,2024-01-17 00:00:00+05:30,1182.94310759713,1208.0305122262516,1169.75228396939,1192.00244140625,8660,0.0,0.0,2024-01-17,1242.8468933105469,48.58024961794011,1291.427142928487,1194.2666436926067,1340.0073925464271,1145.6863940746666,-99.21436333222802,-79.77982133844931,367368,9021.27277723774,10452.938896070471,1177.7541414360796,49.54367654279798,1189.9284125339639,1210.1045410985378,1171.826312841676,1228.2066407908255,1151.6501842771022,1248.3827693553994,1133.5480845848144,-0.20524331312774316,-89.65279411244202,-7.153389001802907,5.5224178829300925,-12.675806884733,41.13255130912262,18.121052458280083,1198.871630859375,1242.8468933105469,1212.558271484375,,PUNJABCHEM.NS,2025-09-01 11:28:00.426705
397,2024-01-16 00:00:00+05:30,1210.5691799915844,1210.5691799915844,1169.7522915214734,1182.943115234375,8973,0.0,0.0,2024-01-16,1245.064453125,47.127724019725534,1292.1921771447255,1197.9367291052745,1339.319901164451,1150.809005085549,-122.04956910361616,-75.30809539040916,358708,9276.28977242178,10810.855425778655,1177.6909982341592,45.03444237307547,1187.7548622491443,1205.7574329768152,1164.940544506704,1228.5717507192553,1146.9379737790332,1246.5743214469262,1124.123656036593,-0.22866159065429248,-93.8657434687965,-4.550609360254612,8.691369604113342,-13.241978964367954,38.79242497371902,17.98281566156073,1205.4122802734375,1245.064453125,1212.8320434570312,,PUNJABCHEM.NS,2025-09-01 11:28:00.426705
398,2024-01-15 00:00:00+05:30,1224.2577274048192,1229.4842800121583,1180.7031223436597,1183.0426025390625,14045,0.0,0.0,2024-01-15,1248.1157653808593,44.81268237517902,1292.9284477560384,1203.3030830056803,1337.7411301312175,1158.4904006305012,-131.7320425621743,-51.205779191017925,367681,14520.945844239583,11194.496839117874,1177.666770293211,51.819724904500696,1197.7433349649602,1214.7835475862607,1166.0023899177622,1246.5244926334587,1148.9621772964617,1263.5647052547592,1117.2212322492637,-0.2318970294174645,-98.85367125771393,-0.25710770588693777,12.00186434520533,-12.258972051092268,38.808236548191154,17.83394545324697,1220.6041259765625,1248.1157653808593,1213.6812329101563,,PUNJABCHEM.NS,2025-09-01 11:28:00.426705
399,2024-01-12 00:00:00+05:30,1243.1230806691458,1243.1230806691458,1206.5870366672439,1208.6279296875,8212,0.0,0.0,2024-01-12,1251.2716125488282,42.131046420344816,1293.402658969173,1209.1405661284834,1335.5337053895178,1167.0095197081387,-116.2382849247964,-12.346781750282556,381726,8673.898674522865,10362.884587837445,1177.6276718838492,57.523141416525476,1219.44601567463,1232.304994682016,1195.7689506801141,1255.982059676532,1182.909971672728,1268.841038683918,1159.2329066782122,-0.2074144596650993,-98.85472199768898,5.2339730519843215,15.066607357978397,-9.832634305994075,42.97001860335328,17.937831571547292,1235.2285400390624,1251.2716125488282,1215.1436743164063,,PUNJABCHEM.NS,2025-09-01 11:28:00.426705
400,2024-01-11 00:00:00+05:30,1239.4395876423766,1249.5442800715539,1216.0445432169984,1227.7420654296875,4653,0.0,0.0,2024-01-11,1253.9172424316407,40.957266658480016,1294.8745090901207,1212.9599757731607,1335.8317757486006,1172.0027091146808,-120.19583832129153,8.07026604164472,389938,4992.441291779072,10785.13106616609,1177.495281438417,60.71552638539767,1231.1102962394132,1246.176049261828,1212.6763124072725,1264.6100330939687,1197.6105593848577,1279.6757861163835,1179.176575552717,-0.1937682138411439,-86.41471850395398,9.665150696276442,17.524765934476914,-7.8596152382004725,46.42214205791026,18.7173132685384,1248.210302734375,1253.9172424316407,1216.0924169921875,,PUNJABCHEM.NS,2025-09-01 11:28:00.426705
401,2024-01-10 00:00:00+05:30,1259.3503149199855,1259.3503149199855,1219.5289610885236,1224.7056884765625,13855,0.0,0.0,2024-01-10,1256.114892578125,40.65695643904995,1296.7718490171749,1215.457936139075,1337.4288054562248,1174.800979700025,-129.6181209876894,15.625145937657779,385285,14828.971928982728,12233.303509762845,1177.3734004718951,63.421473973180134,1234.5283214950239,1249.5276819015241,1209.7063280700622,1274.3496753264858,1194.706967663562,1289.349035732986,1169.8849742386003,-0.1818620713342198,-66.98608641530139,13.30950642236985,19.489669744027033,-6.180163321657183,45.77868579891691,19.81593808324126,1260.5350341796875,1256.114892578125,1215.585693359375,,PUNJABCHEM.NS,2025-09-01 11:28:00.426705
402,2024-01-09 00:00:00+05:30,1270.5002155610816,1278.2654279859996,1230.5296298110584,1258.90234375,7227,0.0,0.0,2024-01-09,1257.8819641113282,39.982395796035135,1297.8643599073635,1217.899568315293,1337.8467557033985,1177.917172519258,-88.95056919759782,44.66583149099321,399140,7951.020527784156,11584.386404957875,1177.0290451748326,64.03690150944267,1255.8991338490193,1281.2686378869803,1233.532839712039,1303.6349320239606,1208.163335674078,1329.0044360619215,1185.7970415370978,-0.13657203699474432,-47.35958064880217,18.072764037943443,21.034710574441327,-2.9619465364978836,52.34595207572419,21.092146448695217,1274.2833740234375,1257.8819641113282,1215.2721020507813,,PUNJABCHEM.NS,2025-09-01 11:28:00.426705
403,2024-01-08 00:00:00+05:30,1254.4224885969875,1294.1441923811924,1251.1371782497374,1256.1646728515625,5631,0.0,0.0,2024-01-08,1257.3742370605469,40.033199046815255,1297.4074361073622,1217.3410380137316,1337.4406351541775,1177.3078389669163,-42.97947833658051,60.44766310149352,391913,6181.656672639322,12492.727874251304,1176.7171602933051,65.27055941805199,1267.1486811608308,1283.1601840719243,1240.1531699404693,1310.1556952922858,1224.1416670293759,1326.1671982033793,1197.1461558090143,-0.14002383772539898,-48.38952525464283,20.529495025832375,21.7751972085658,-1.2457021827334245,51.83188387597098,22.675752647154837,1283.7509033203125,1257.3742370605469,1211.4313330078126,,PUNJABCHEM.NS,2025-09-01 11:28:00.426705
404,2024-01-05 00:00:00+05:30,1293.1985377135957,1305.1449445285018,1256.7620212331585,1273.5367431640625,6815,0.0,0.0,2024-01-05,1256.5902587890625,40.21126492355207,1296.8015237126147,1216.3789938655104,1337.0127886361668,1176.1677289419583,0.7781712059898022,76.51147243010736,397544,7584.9045081029835,14070.4956746543,1176.4806496108786,64.86487888117088,1278.4812363085741,1300.2004513839897,1251.8175280886464,1326.8641596039174,1230.0983130132308,1348.583374679333,1203.4346047933032,-0.14597412082283803,-41.85394418065186,23.633421302963143,22.086622754249156,1.546798548713987,55.346480810266875,23.8255059098405,1298.285693359375,1256.5902587890625,1206.144052734375,,PUNJABCHEM.NS,2025-09-01 11:28:00.426705
405,2024-01-04 00:00:00+05:30,1293.4473872391827,1319.082384523315,1277.4690199335837,1289.36572265625,5192,0.0,0.0,2024-01-04,1254.9550903320312,40.15076277408582,1295.1058531061171,1214.8043275579453,1335.2566158802028,1174.6535647838596,43.841332586705654,100.77468399548474,404359,5850.373350834537,15691.893466292127,1176.1297029319423,64.09004416938687,1295.3057090377163,1313.1423981418488,1271.5290335521174,1336.9190736274477,1253.6923444479849,1354.7557627315803,1229.915668962386,-0.13678159001311813,-35.89889236881952,25.5384196678624,21.69992311707066,3.8384965507917386,58.71569935983695,24.9099417148752,1306.4888916015625,1254.9550903320312,1201.0678259277345,,PUNJABCHEM.NS,2025-09-01 11:28:00.426705
406,2024-01-03 00:00:00+05:30,1294.1940381019099,1327.046655992189,1252.7300278838493,1293.4473876953125,16309,0.0,0.0,2024-01-03,1252.7922912597655,39.35679294209981,1292.1490842018654,1213.4354983176656,1331.505877143965,1174.078705375566,50.58904984958574,101.2623879546577,409551,18435.243515032063,18152.273495156525,1175.8169007411784,65.30731826983867,1291.0746905237836,1329.419353163718,1255.1027250553782,1365.3913186321233,1216.7580624154439,1403.7359812720576,1180.7860969470385,-0.10918316199214043,-34.36332105810056,26.03153444766417,20.740298979372724,5.291235468291447,59.58378348277308,25.506174409531916,1300.903955078125,1252.7922912597655,1197.251944580078,,PUNJABCHEM.NS,2025-09-01 11:28:00.426705
407,2024-01-02 00:00:00+05:30,1338.3957834291568,1339.441021096553,1296.6828892139094,1306.239990234375,7329,0.0,0.0,2024-01-02,1249.4099670410155,38.57806963422467,1287.9880366752402,1210.8318974067909,1326.5661063094649,1172.2538277725662,96.32080609725176,136.50600650558818,425860,8366.435650009516,18081.53099018764,1174.7872673363909,72.83118297895658,1314.1213001816125,1331.5597111493155,1288.801579266672,1356.879432064256,1271.363168298969,1374.317843031959,1246.0434473840285,-0.14383066053444882,-29.550590650186738,25.86647144299218,19.417490112299863,6.448981330692316,62.26335782910773,26.148271157623768,1292.561376953125,1249.4099670410155,1193.9228820800781,,PUNJABCHEM.NS,2025-09-01 11:28:00.426705
408,2024-01-01 00:00:00+05:30,1334.0153504235423,1343.970688859539,1309.5252421760163,1328.838623046875,12108,0.0,0.0,2024-01-01,1247.1053039550782,36.31476338130985,1283.420067336388,1210.7905405737683,1319.7348307176978,1174.4757771924585,149.89093715035574,161.72116573471615,433189,14061.039643979113,20510.304825232168,1174.2681549704737,77.6699535372649,1327.4448513608102,1345.364460545604,1310.9190138620813,1361.890298044333,1292.9994046772874,1379.8099072291268,1276.4735671785586,-0.08606765822077388,-21.048714117878845,24.003347021148556,17.805244779626783,6.198102241521774,67.22372124064711,25.564681068206866,1278.60400390625,1247.1053039550782,1190.1587707519532,,PUNJABCHEM.NS,2025-09-01 11:28:00.426705
409,2023-12-29 00:00:00+05:30,1262.7352660318968,1384.7877020199267,1252.3816888145705,1314.552734375,61294,0.0,0.0,2023-12-29,1242.4014099121093,30.852790645335013,1273.2542005574444,1211.5486192667743,1304.1069912027795,1180.6958286214392,176.49696061513646,155.82072739412123,421081,70415.57901869802,22122.62112054543,1173.2531021159004,71.4511461839685,1317.2407084031656,1382.0997279917608,1249.6937147864046,1449.6467216085218,1184.8346951978094,1514.505741197117,1117.2877015810484,-0.07619078647665306,-26.423236667552548,19.02867317344885,16.255719219246338,2.7729539542025137,65.61535632262813,24.525542848316924,1254.2532470703125,1242.4014099121093,1186.4523986816407,,PUNJABCHEM.NS,2025-09-01 11:28:00.426705
410,2023-12-28 00:00:00+05:30,1254.621656806598,1272.292384367254,1234.4620943782434,1261.4410400390625,8304,0.0,0.0,2023-12-28,1238.3719848632813,25.779067520990267,1264.1510523842717,1212.592917342291,1289.9301199052618,1186.813849821301,58.148724512378585,75.84985398006836,359787,9154.340764801418,10049.381646007287,1168.394272725071,62.274791222595084,1256.0651729281865,1277.6682514781296,1239.837961489119,1293.8954629171972,1218.2348829391758,1315.4985414671403,1202.0076715001082,-0.07575018656919466,-23.02313089970551,13.7782135228897,15.562480730695707,-1.784267207806007,58.6051529288725,23.406470919204676,1231.993115234375,1238.3719848632813,1183.0277600097656,,PUNJABCHEM.NS,2025-09-01 11:28:00.426705
411,2023-12-27 00:00:00+05:30,1239.4396779832957,1288.6687796353106,1239.4396779832957,1251.7344970703125,16600,0.0,0.0,2023-12-27,1235.3281372070312,26.49588030771053,1261.8240175147416,1208.8322568993208,1288.3198978224523,1182.3363765916101,62.094735057738426,84.67195955897766,351483,18159.04844464889,10273.141866308753,1167.9587716444207,63.62587777425319,1259.9476515629729,1280.45562514265,1231.2265234906351,1309.1767532149877,1210.718549910958,1329.6847267946648,1181.9974218386203,-0.04198371393495451,-28.26793252069029,12.077970480290787,16.008547532647206,-3.930577052356419,57.12103422823117,24.224330332181875,1211.076953125,1235.3281372070312,1180.9301696777343,,PUNJABCHEM.NS,2025-09-01 11:28:00.426705
412,2023-12-26 00:00:00+05:30,1220.8232911120674,1243.4218624194846,1206.6866365746023,1236.453125,7703,0.0,0.0,2023-12-26,1230.6491271972657,31.27751175199764,1261.9266389492634,1199.371615445268,1293.204150701261,1168.0941036932704,-13.919348827319691,43.43303158377704,334883,8323.583340516449,8301.665221723719,1167.1675294230856,61.87372134963742,1228.8538746646957,1251.021112754789,1214.2858869099068,1265.589100509578,1192.1186488198134,1287.7563385996714,1177.5506610650245,-0.007705702671282393,-36.52501903061256,10.674092021457,16.991191795736313,-6.317099774279313,54.750446141578195,24.948472555512215,1208.00078125,1230.6491271972657,1179.0884313964843,,PUNJABCHEM.NS,2025-09-01 11:28:00.426705
413,2023-12-22 00:00:00+05:30,1219.4294833800104,1227.8416961212379,1203.052878011846,1207.0848388671875,2838,0.0,0.0,2023-12-22,1227.0602294921875,34.525844531006925,1261.5860740231944,1192.5343849611806,1296.1119185542013,1158.0085404301738,-58.346806314513046,24.68057537171183,327180,2993.801241797377,8296.185692025536,1166.8625338103884,54.97629594882019,1212.6598043334236,1222.2667306550013,1197.4779125456093,1237.4486224428156,1187.8709862240316,1247.0555487643933,1172.6890944362174,-0.030168511019529515,-52.39378252455872,10.219957122428696,18.57046673930614,-8.350509616877446,49.79662124553556,26.828581531130222,1209.5040283203125,1227.0602294921875,1177.4428112792968,,PUNJABCHEM.NS,2025-09-01 11:28:00.426705
414,2023-12-21 00:00:00+05:30,1157.805928254997,1210.7185794617892,1145.8096961234705,1203.2520751953125,5734,0.0,0.0,2023-12-21,1224.7779663085937,37.31200202414831,1262.089968332742,1187.4659642844454,1299.4019703568904,1150.153962260297,-149.19824546759202,-3.2195373748252005,324342,6029.580335342044,9621.781804582575,1166.7971944308008,60.10873324549037,1186.5934502601906,1227.3772043969107,1162.468321058592,1251.5023335985093,1121.684566921872,1292.2860877352293,1097.5594377202733,-0.011329926041927077,-54.46476548768162,12.376010209897458,20.658094143525503,-8.282083933628044,49.1221471588502,28.381719517722892,1217.3189697265625,1224.7779663085937,1176.5000427246093,,PUNJABCHEM.NS,2025-09-01 11:28:00.426705
415,2023-12-20 00:00:00+05:30,1236.3535879533395,1246.3089270599367,1118.9801155815308,1156.8602294921875,12708,0.0,0.0,2023-12-20,1221.7838928222657,41.31778595981969,1263.1016787820854,1180.466106862446,1304.4194647419051,1139.1483209026262,-296.7555481478325,-13.493433529096071,318608,12847.862356824826,10519.832171892707,1166.6771514480936,55.13712709618942,1174.049757377885,1229.1193991742393,1101.7905876958334,1301.378568856291,1046.7209458994791,1356.4482106526452,974.4617762174275,-0.03917220930397692,-79.53198337643731,15.326365354570271,22.72861512693251,-7.402249772362239,40.065925578097826,29.50979857293017,1228.97666015625,1221.7838928222657,1176.1326867675782,,PUNJABCHEM.NS,2025-09-01 11:28:00.426705
416,2023-12-19 00:00:00+05:30,1253.3772439474742,1255.766549734213,1233.8149775109387,1236.3536376953125,3882,0.0,0.0,2023-12-19,1221.4877197265625,41.82577146922271,1263.3134911957852,1179.6619482573399,1305.139262665008,1137.8361767881172,-80.66509264073419,65.31993565842808,331316,4194.4113504487805,9937.824625659678,1166.749321502204,71.97074810678588,1241.978388313488,1250.1417991160374,1228.1902268927631,1263.9299605367623,1220.0268160902137,1272.0933713393117,1206.2386546694888,0.011298231168623345,-56.761183246689015,23.44039022488232,24.579177570023067,-1.138787345140745,55.89699062059869,30.724652940076467,1251.9436279296874,1221.4877197265625,1177.2267761230469,,PUNJABCHEM.NS,2025-09-01 11:28:00.426705
417,2023-12-18 00:00:00+05:30,1249.3949711781017,1264.7759204204028,1237.0503272375317,1243.9693603515625,6821,0.0,0.0,2023-12-18,1215.6937072753906,47.32307547542523,1263.0167827508158,1168.3706317999654,1310.339858226241,1121.0475563245402,-26.082913866978394,75.90960479199526,335198,7415.330479253306,11373.6779444624,1166.592656279947,75.22662583659624,1248.5985360031657,1260.1467447687996,1232.4211515859286,1276.3241291860368,1220.8729428202946,1287.8723379516707,1204.6955584030575,0.049065862372411555,-37.04730617305719,25.644747164218188,24.863874406308252,0.7808727579099362,57.93464778205438,30.00814897805742,1256.68232421875,1215.6937072753906,1174.4532141113282,,PUNJABCHEM.NS,2025-09-01 11:28:00.426705
418,2023-12-15 00:00:00+05:30,1273.2878443811476,1274.2833782704215,1240.6342842029148,1246.1595458984375,9093,0.0,0.0,2023-12-15,1208.4785766601562,53.39602611452464,1261.8746027746809,1155.0825505456316,1315.2706288892055,1101.686524431107,10.023486617211322,85.5251637482159,342019,9902.699891250448,12363.264810764673,1166.2854287397847,74.29238436840431,1253.6924027905914,1266.7505213782679,1233.1014273107612,1287.341496858098,1220.0433087230847,1300.3996154457745,1199.4523332432545,0.0527168423564335,-34.327052962671736,27.32840196640086,24.66865621683077,2.6597457495700922,58.50380369423333,29.058042854897348,1257.6380126953125,1208.4785766601562,1171.5273376464843,,PUNJABCHEM.NS,2025-09-01 11:28:00.426705
419,2023-12-14 00:00:00+05:30,1283.6414531519617,1304.0498983911134,1244.4173926311992,1261.54052734375,11510,0.0,0.0,2023-12-14,1201.3829040527344,57.40399772777725,1258.7869017805117,1143.978906324957,1316.1908995082888,1086.57490859718,130.77475730287992,109.2664301293506,351112,12689.640202640709,12978.406040643227,1165.860398340042,78.22312347851795,1270.0026061220208,1295.5878196128424,1235.9553138529282,1329.635111881935,1210.3701003621065,1355.2203253727566,1176.322808093014,0.046627202661072925,-25.206642705057355,28.854223523420842,24.003719779438242,4.8505037439826,62.50840057122373,27.844977980961293,1256.503125,1201.3829040527344,1168.1106652832032,,PUNJABCHEM.NS,2025-09-01 11:28:00.426705
420,2023-12-13 00:00:00+05:30,1274.2834322761582,1290.2119751796101,1246.4084821951174,1271.695068359375,6328,0.0,0.0,2023-12-13,1194.160302734375,58.51335767486531,1252.6736604092403,1135.6469450595096,1311.1870180841056,1077.1335873846442,165.61381630040773,116.1916944687373,362622,7032.70232792736,13050.597500143855,1165.2115563070975,77.72293283536467,1269.438508578034,1292.4685349609508,1248.665041976458,1313.2420015625269,1225.6350155935413,1336.2720279454436,1204.8615489919653,0.023106479374828768,-11.923053001878523,28.8557586544855,22.791093843442592,6.064664811042906,65.2452349983267,26.345991678024493,1252.3616943359375,1194.160302734375,1164.913009033203,,PUNJABCHEM.NS,2025-09-01 11:28:00.426705
421,2023-12-12 00:00:00+05:30,1267.4639190840187,1284.238639802774,1234.0637105008034,1260.047119140625,11220,0.0,0.0,2023-12-12,1186.2433166503906,58.18151052423157,1244.4248271746221,1128.0618061261591,1302.6063376988538,1069.8802956019274,109.19886896619764,112.69008559068517,356294,12355.275123343363,14555.071293197976,1164.813070429603,77.57082878316392,1259.4498231480675,1284.8359357953316,1234.661006493361,1309.6247524500382,1209.2748938460968,1335.0108650973023,1184.4860771913902,-0.006036412282033315,-18.90332906041559,27.420447189620063,21.274927640681867,6.145519548938196,63.54404090670461,24.984449257836086,1247.24462890625,1186.2433166503906,1161.3400354003907,,PUNJABCHEM.NS,2025-09-01 11:28:00.426705
422,2023-12-11 00:00:00+05:30,1229.4842479321228,1274.2832691118358,1222.5653366044162,1248.747802734375,10493,0.0,0.0,2023-12-11,1179.7275512695312,56.76086501625288,1236.488416285784,1122.9666862532783,1293.249281302037,1066.2058212370255,60.64969815605028,107.18961783372784,345074,11451.099486954745,15105.020335661628,1164.1769483718338,77.28315040758443,1248.532136150209,1274.4989356960018,1222.7810031885822,1300.2500686576286,1196.8142036427894,1326.2168682034214,1171.0630706811626,-0.016898517899881022,-22.5834393681297,26.314498764637165,19.738547753447314,6.575951011189851,61.862693893219166,23.62856385078701,1240.3953857421875,1179.7275512695312,1158.579422607422,,PUNJABCHEM.NS,2025-09-01 11:28:00.426705
423,2023-12-08 00:00:00+05:30,1240.833519993846,1289.2164448949131,1218.1352976821659,1240.485107421875,21533,0.0,0.0,2023-12-08,1174.605535888672,54.7926831266792,1229.398219015351,1119.8128527619929,1284.1909021420304,1065.0201696353136,65.68164264848309,116.49535187704743,334581,23343.65591169118,16018.500547838346,1163.6453334228918,82.67905207546099,1249.2789499996513,1280.4226023171368,1209.3414551043895,1320.3600972123986,1178.197802786904,1351.503749529884,1138.2603078916422,-0.005025619126363005,-23.762106124806767,25.612656582287627,18.094560000649853,7.518096581637774,60.63024634165,22.350843604401796,1242.6751708984375,1174.605535888672,1155.2752478027344,,PUNJABCHEM.NS,2025-09-01 11:28:00.426705
424,2023-12-07 00:00:00+05:30,1246.6572225488464,1254.3726096318999,1225.6016580107148,1240.8333740234375,5542,0.0,0.0,2023-12-07,1168.8986328125,53.498604712014746,1222.3972375245146,1115.4000281004853,1275.8958422365295,1061.9014233884704,56.63314084835077,111.22930955798392,356114,6009.699618469799,14187.211706875136,1162.6411659448918,76.55384259527898,1240.2692138886841,1254.9367697666535,1226.1658181454684,1269.0401655098692,1211.498262267499,1283.7077213878385,1197.3948665242833,-0.02216841373612593,-23.592255866441626,25.13976565108237,16.21503585524041,8.924729795841962,60.70743680427522,20.974837185217712,1241.5302978515624,1168.8986328125,1151.7948571777345,,PUNJABCHEM.NS,2025-09-01 11:28:00.426705
425,2023-12-06 00:00:00+05:30,1226.4977718778155,1255.36825514442,1226.4977718778155,1246.1097412109375,10768,0.0,0.0,2023-12-06,1166.412286376953,51.08035722349394,1217.492643600447,1115.331929153459,1268.573000823941,1064.2515719299652,71.97485576356748,119.86228848183025,361656,11726.384109294897,16231.589728976469,1162.3772845863266,74.46405665795673,1242.6585894110576,1258.8194069442998,1229.9489236776953,1271.529072677662,1213.7881061444532,1287.6898902109042,1201.078440411091,-0.03829499164966891,-21.019421762610445,24.119117435202043,13.983853406279918,10.135264028922125,61.809769347167546,20.14811285016793,1240.1564697265626,1166.412286376953,1148.7385681152343,,PUNJABCHEM.NS,2025-09-01 11:28:00.426705
426,2023-12-05 00:00:00+05:30,1249.3950074404097,1275.8761840898976,1214.5513219739441,1225.8009033203125,9583,0.0,0.0,2023-12-05,1163.7517211914062,48.00390046635045,1211.7556216577566,1115.7478207250558,1259.7595221241072,1067.7439202587052,83.21146446720141,121.9224077912082,350888,10265.83318999103,17357.89113389686,1161.8246161079796,74.5608217860724,1238.7428031280515,1262.9342842821588,1201.6094221662054,1300.067665244005,1177.417941012098,1324.2591463981123,1140.284560050252,-0.061151601926895165,-30.922309275436508,21.92729503526516,11.450037399049386,10.477257636215775,59.16104560699095,19.223192387907226,1231.0473388671876,1163.7517211914062,1145.584718017578,,PUNJABCHEM.NS,2025-09-01 11:28:00.426705
427,2023-12-04 00:00:00+05:30,1249.394914900852,1274.2832598191956,1221.3706142177725,1260.146728515625,19070,0.0,0.0,2023-12-04,1162.7462280273437,46.83211891098607,1209.5783469383298,1115.9141091163576,1256.4104658493159,1069.0819902053715,131.2693322993597,150.2098501522271,360471,21001.223036640724,19130.905619873316,1161.4465959811257,73.90359859071657,1251.9335341841977,1282.4964541506229,1229.5838085491998,1304.8461797856207,1199.0208885827747,1335.409099752046,1176.6711629477768,-0.06139294002720405,-14.174780673547621,20.788979254343076,8.830722989995442,11.958256264347634,66.39268477433743,18.227124197780306,1217.518017578125,1162.7462280273437,1142.654862060547,,PUNJABCHEM.NS,2025-09-01 11:28:00.426705
428,2023-12-01 00:00:00+05:30,1244.4173723871709,1244.4173723871709,1206.5870842666009,1234.7607421875,8649,0.0,0.0,2023-12-01,1161.0090209960938,43.5589763803192,1204.567997376413,1117.4500446157747,1248.1269737567322,1073.8910682354554,135.12755838252158,121.93929358556045,341401,9333.00477755522,18663.326265681462,1160.2722402740471,69.55761467234655,1228.5883996137572,1250.5897149609136,1212.7594268403436,1266.4186877343272,1190.7581114931872,1288.4200030814836,1174.9291387197736,-0.13248201080453037,-26.553360302941947,15.634062185982202,5.841158923908533,9.792903262073668,63.31487181271826,16.921395659896874,1198.4237060546875,1161.0090209960938,1139.1326647949218,,PUNJABCHEM.NS,2025-09-01 11:28:00.426705
429,2023-11-30 00:00:00+05:30,1184.7848358542965,1289.216363252099,1184.7848358542965,1233.9642333984375,57958,0.0,0.0,2023-11-30,1162.0792175292968,45.677749582594224,1207.756967111891,1116.4014679467025,1253.4347166944851,1070.7237183641084,197.61982235541902,140.329844927155,332752,62501.25533826508,20995.906637713022,1159.8680961153873,69.34516081042678,1235.988477501611,1287.1921191489255,1182.760591751123,1340.4200048994135,1131.5569501038085,1391.623646546728,1078.3290643533205,-0.1245448481381676,-26.9417496821641,11.29746152947223,3.3929331083901153,7.904528421082114,63.21631054180512,16.027617554650327,1183.75947265625,1162.0792175292968,1137.0828576660156,,PUNJABCHEM.NS,2025-09-01 11:28:00.426705
430,2023-11-29 00:00:00+05:30,1141.8774107103634,1206.5871157636968,1141.8774107103634,1200.5640869140625,14263,0.0,0.0,2023-11-29,1163.184259033203,47.72957856457288,1210.913837597776,1115.4546804686302,1258.6434161623488,1067.7251019040573,129.70976296961334,61.58924992003285,274794,14964.734222140958,10619.569462575007,1157.0725014519285,46.15385276286608,1183.0095377960408,1224.1416648817183,1159.4319598283848,1247.7192428493743,1118.2998327427074,1288.8513699350517,1094.7222547750514,-0.08333550958574565,-6.365098956733459,5.652568955598781,1.4168010031195866,4.235767952479194,58.93958494991867,15.065087287461738,1165.6407470703125,1163.184259033203,1135.808575439453,,PUNJABCHEM.NS,2025-09-01 11:28:00.426705
431,2023-11-28 00:00:00+05:30,1179.2098624126365,1179.2098624126365,1135.406372377891,1158.154296875,10093,0.0,0.0,2023-11-28,1163.276348876953,47.80720901065648,1211.0835578876095,1115.4691398662967,1258.890766898266,1067.66193085564,80.59246866999511,22.860790043833234,260531,10215.496373308166,9533.278272683518,1156.6649029554221,43.35484071864352,1157.5901772218424,1179.7739820657937,1135.9704920310483,1201.3936672565878,1113.786687187097,1223.5774721005391,1092.1670019963028,-0.16552670249136534,-47.988815192496816,1.6291592692430186,0.35785901499978784,1.2713002542432308,52.416559715264526,15.814470122848862,1155.715283203125,1163.276348876953,1134.7503234863282,,PUNJABCHEM.NS,2025-09-01 11:28:00.426705
432,2023-11-24 00:00:00+05:30,1164.774699986571,1181.0019516819093,1152.5295840176827,1164.6751708984375,4356,0.0,0.0,2023-11-24,1165.8199401855468,48.86203171302487,1214.6819718985716,1116.957908472522,1263.5440036115965,1068.095876759497,130.03255897498224,38.08814019360871,270624,4433.691446998411,9362.723747527354,1156.6549595285687,43.71611823444,1166.0689021993433,1179.6082203810038,1151.1358527167772,1194.5412698635698,1137.5965345351167,1208.0805880452303,1122.6634850525506,0.01927486164945979,-43.40670185693693,0.630013170570237,0.040033951438980114,0.5899792191312568,53.63289012276755,16.631595713449013,1148.1791015625,1165.8199401855468,1133.021082763672,,PUNJABCHEM.NS,2025-09-01 11:28:00.426705
433,2023-11-23 00:00:00+05:30,1134.9085741352826,1174.7299276137135,1134.9085741352826,1161.4395751953125,7808,0.0,0.0,2023-11-23,1160.929376220703,53.643610232189864,1214.5729864528928,1107.2857659885133,1268.2165966850828,1053.6421557563233,120.9053632458435,26.453172625173426,266268,7925.181239006633,10594.981822659589,1156.6317838171801,38.60545141612524,1157.0260256481029,1179.143477160923,1139.3221236824922,1196.8473791265337,1117.204672169672,1218.964830639354,1099.5007702040614,0.07559634273713134,-54.22931463413729,-1.300949551562553,-0.10746085334383412,-1.193488698218719,53.131031748845295,17.80747723273346,1135.1774169921875,1160.929376220703,1132.7433239746094,,PUNJABCHEM.NS,2025-09-01 11:28:00.426705
434,2023-11-22 00:00:00+05:30,1154.769419229285,1165.3221750632026,1134.9085679010666,1143.37060546875,5562,0.0,0.0,2023-11-22,1152.4474304199218,65.63074375454394,1218.0781741744659,1086.8166866653778,1283.7089179290097,1021.185942910834,89.92287244643815,14.856674227697537,258460,5557.644782197935,11262.431968572828,1156.6067515525872,31.328524391025738,1147.8671161443397,1160.8256643876127,1130.4120572254767,1178.2807233064757,1117.4535089822036,1191.2392715497488,1099.9984500633407,0.05869293687363132,-67.22668466827797,-3.4347984666887896,0.19091132121084564,-3.6257097878996354,50.34787648784795,19.09851249404136,1123.738720703125,1152.4474304199218,1132.683592529297,,PUNJABCHEM.NS,2025-09-01 11:28:00.426705
435,2023-11-21 00:00:00+05:30,1123.9578220189253,1156.7606168415741,1110.0203468123134,1150.936767578125,9720,0.0,0.0,2023-11-21,1146.265170288086,72.04122980291453,1218.3064000910006,1074.2239404851714,1290.347629893915,1002.1827106822569,17.92979210303997,3.58390837454796,264022,9776.65988466617,12688.628765166552,1156.6560259145444,25.09033847167666,1139.2392437440042,1168.458140675695,1121.7178706464342,1185.979513773265,1092.4989737147434,1215.1984107049557,1074.9776006171735,0.031760044176302266,-63.729700348257495,-4.335209552125889,1.0973387681857545,-5.432548320311644,51.538394499382555,20.219937340010333,1118.4822998046875,1146.265170288086,1132.8289416503906,,PUNJABCHEM.NS,2025-09-01 11:28:00.426705
436,2023-11-20 00:00:00+05:30,1099.6667061498408,1128.9354267027154,1084.13640183356,1120.473388671875,10556,0.0,0.0,2023-11-20,1143.6469146728516,72.80998317274347,1216.456897845595,1070.8369315001082,1289.2668810183386,998.0269483273646,-75.6146592788367,-35.92996928158795,254302,10336.504687517341,13416.620985291645,1156.6934774024867,52.6730416587689,1111.1817390693834,1138.2270763052068,1093.4280514360514,1155.9807639385388,1066.382714200228,1183.026101174362,1048.629026566896,0.010478779317872689,-83.62861332082609,-6.167475929069042,2.4554758482636654,-8.622951777332707,46.84190260860604,21.185427407465255,1110.966015625,1143.6469146728516,1132.3580505371094,,PUNJABCHEM.NS,2025-09-01 11:28:00.426705
437,2023-11-17 00:00:00+05:30,1117.9845965518616,1121.817377853891,1086.1275109867152,1099.666748046875,9728,0.0,0.0,2023-11-17,1143.9729583740234,72.71528897489752,1216.6882473489209,1071.257669399126,1289.4035363238183,998.5423804242283,-98.78083067600225,-46.78266486326478,243746,9348.833663756726,14186.65005973522,1156.9529022188387,65.33940038092462,1102.537212295827,1118.9469136049388,1083.257046737763,1138.2270791630028,1066.8473454286511,1154.6367804721147,1047.567179870587,0.0026259999819936656,-93.84476979202539,-5.419704262886853,4.611213792596842,-10.030918055483696,43.35965911873844,21.396948820094185,1112.8177001953125,1143.9729583740234,1132.4396813964843,,PUNJABCHEM.NS,2025-09-01 11:28:00.426705
438,2023-11-16 00:00:00+05:30,1117.6360968983463,1139.7867249794058,1096.4810026636267,1104.24609375,11739,0.0,0.0,2023-11-16,1144.891342163086,72.24069799471515,1217.1320401578012,1072.6506441683707,1289.3727381525161,1000.4099461736556,-86.52624688455819,-31.09101270581878,253474,11328.430696859094,15396.104158729842,1157.3335400770427,74.48724527520035,1113.5046071310107,1130.5282115983948,1087.2224892826157,1156.8103294467899,1070.1988848152316,1173.833933914174,1043.9167669668366,-0.0013759463028504045,-78.86040271241123,-2.331074352011683,7.118943306467765,-9.450017658479448,43.948011685397034,21.40306069173508,1122.145849609375,1144.891342163086,1133.0320227050781,,PUNJABCHEM.NS,2025-09-01 11:28:00.426705
439,2023-11-15 00:00:00+05:30,1134.9085810721062,1146.7056328071724,1114.8983751319129,1117.0885009765625,12648,0.0,0.0,2023-11-15,1146.8550384521484,71.60872217287013,1218.4637606250185,1075.2463162792783,1290.0724827978886,1003.6375941064082,-80.499778797045,-13.829709827271486,265213,12347.59044881539,16413.022524197528,1157.7626394976512,78.60987111210599,1126.230836305216,1137.563297478519,1105.7560398032595,1158.0380939804754,1094.4235786299564,1169.3705551537785,1073.948782128,0.007911280166000043,-56.36040680346347,1.2076310229981573,9.481447721087626,-8.273816698089469,45.55726456510933,21.615315581842903,1126.5660400390625,1146.8550384521484,1133.832432861328,,PUNJABCHEM.NS,2025-09-01 11:28:00.426705
440,2023-11-13 00:00:00+05:30,1147.7012672760775,1147.8506216706546,1102.752886016644,1113.3553466796875,12394,0.0,0.0,2023-11-13,1148.1666534423828,71.27427015571664,1219.4409235980993,1076.8923832866662,1290.715193753816,1005.6181131309495,-108.3269226182771,-22.078138783401315,252565,12059.188084232796,17429.380543043062,1158.1199731736633,75.65564375096393,1121.3196181223286,1139.8863502280133,1094.7886145740026,1166.4173537763393,1076.221882468318,1184.984085882024,1049.690878919992,0.009734522293891906,-56.78251098883604,4.4551662683420545,11.549901895609992,-7.094735627267937,45.01414534997407,22.21606140803637,1141.36962890625,1148.1666534423828,,,PUNJABCHEM.NS,2025-09-01 11:28:00.426705
441,2023-11-10 00:00:00+05:30,1144.8638767627747,1159.7470585506417,1123.9576668392806,1129.7318115234375,3443,0.0,0.0,2023-11-10,1150.3269622802734,70.81693159741218,1221.1438938776855,1079.5100306828613,1291.9608254750979,1008.693099085449,-117.59422954503714,1.5553428660850774,264959,3399.2660641880525,18771.92865774563,1158.508691616952,74.57708548182342,1137.81217897112,1151.6666911029592,1115.8772993915982,1173.601570682481,1102.0227872597588,1187.4560828143203,1080.087907680237,0.012161970127785051,-51.9577756155324,8.913152100052685,13.323585802426976,-4.410433702374291,46.9229474164035,22.863018451629333,1157.2782470703125,1150.3269622802734,,,PUNJABCHEM.NS,2025-09-01 11:28:00.426705
442,2023-11-09 00:00:00+05:30,1128.935476648307,1158.8014945490559,1121.9667391381324,1146.3074951171875,9865,0.0,0.0,2023-11-09,1151.8227508544921,70.67482403063123,1222.4975748851234,1081.1479268238609,1293.1723989157547,1010.4731027932297,-122.865040964305,9.49699644066408,268402,9882.595038507203,22615.094306135023,1158.578277047773,73.73019879526589,1142.3585762681253,1162.750413398118,1125.9156579871947,1179.1933316790487,1105.5238208572018,1199.5851688090415,1089.0809025762712,-0.0005231373679245114,-47.074347614770936,12.872843451493736,14.426194228020547,-1.5533507765268109,48.87075887260625,23.975734476158184,1172.4700927734375,1151.8227508544921,,,PUNJABCHEM.NS,2025-09-01 11:28:00.426705
443,2023-11-08 00:00:00+05:30,1191.1064512886899,1208.478590251855,1108.029198367922,1126.3470458984375,19394,0.0,0.0,2023-11-08,1152.215982055664,70.66440075730742,1222.8803828129714,1081.5515812983565,1293.544783570279,1010.8871805410491,-66.56452209280987,16.42831021367365,258537,19090.284185805776,25798.219123041974,1158.6638874166297,73.98318597826042,1147.6182781727382,1187.2073579775545,1086.7579660936215,1248.0676700566712,1047.1688862888052,1287.6567498614875,986.3085742096885,-0.014937464412630889,-52.95497486439912,16.114951517946793,14.814531922152248,1.3004195957945441,46.38271653816177,25.152325561477,1188.289111328125,1152.215982055664,,,PUNJABCHEM.NS,2025-09-01 11:28:00.426705
444,2023-11-07 00:00:00+05:30,1207.6821084856863,1226.447897553923,1179.8071602389302,1191.1064453125,7427,0.0,0.0,2023-11-07,1153.8959503173828,70.41598389196653,1224.3119342093494,1083.4799664254163,1294.727918101316,1013.0639825334497,22.154597954363595,88.45610813669707,277931,7731.019639353473,27475.20285735102,1159.1133062935025,75.03117982443625,1199.1205010351177,1218.4338418313052,1171.7931045163125,1245.7612383501105,1152.479763720125,1265.074579146298,1125.1523672013197,-0.034715659183093106,-33.87595090605256,21.9874681849044,14.48942702320361,7.49804116170079,54.350845256306265,26.419423653358802,1214.25263671875,1153.8959503173828,,,PUNJABCHEM.NS,2025-09-01 11:28:00.426705
445,2023-11-06 00:00:00+05:30,1211.3158137518255,1219.2800845634258,1175.7254785624868,1192.8984375,8710,0.0,0.0,2023-11-06,1153.5848419189454,70.25649423715032,1223.8413361560956,1083.328347681795,1294.097830393246,1013.0718534446447,28.35688328124401,87.7134297664864,285358,9080.178846815268,32411.248661850408,1158.9420114276732,73.3276533066239,1195.9680002086377,1216.2105218547886,1172.6559158538496,1239.5226062095767,1152.4133942076987,1259.7651278557275,1129.1013098529106,-0.048416331491303775,-33.34800496789029,22.795105972504643,12.614916732778411,10.180189239726232,54.59155136052887,27.67566973877158,1227.2443603515626,1153.5848419189454,,,PUNJABCHEM.NS,2025-09-01 11:28:00.426705
446,2023-11-03 00:00:00+05:30,1244.2679773219734,1253.0287239472414,1194.640638438532,1205.6910400390625,9891,0.0,0.0,2023-11-03,1154.5181549072265,70.92702255180812,1225.4451774590345,1083.5911323554185,1296.3722000108428,1012.6641098036102,51.560028843311386,125.62851026980717,294068,10421.950671934386,38244.01611560919,1158.7274509429178,71.76702746600319,1217.7868008082787,1240.9329631780254,1182.544877669316,1276.174886316988,1159.3987152995694,1299.3210486867347,1124.1567921606068,0.19905658083663846,-29.579125507291423,23.30726260676147,10.069869422846853,13.237393183914616,56.244242519083,29.16291920301828,1229.145849609375,1154.5181549072265,,,PUNJABCHEM.NS,2025-09-01 11:28:00.426705
447,2023-11-02 00:00:00+05:30,1245.5123221909903,1264.8755276608938,1215.795662343744,1225.402587890625,13861,0.0,0.0,2023-11-02,1149.117379760742,70.93780063324868,1220.0551803939907,1078.1795791274935,1290.9929810272395,1007.2417784942447,76.3046383385031,163.31496466417406,303959,14843.835560313017,45199.53247652789,1158.3880300348007,71.94777498951066,1235.3579259650876,1254.9201895864312,1205.8403242692814,1284.4377912822374,1186.2780606479378,1304.000054903581,1156.7604589521316,0.20122793313503956,-23.771828078365754,22.349960432277385,6.760521126868198,15.589439305409186,58.79112824120376,30.347991490439426,1229.8128662109375,1149.117379760742,,,PUNJABCHEM.NS,2025-09-01 11:28:00.426705
448,2023-11-01 00:00:00+05:30,1244.417324696377,1268.3101373305474,1234.5118114018455,1256.1646728515625,17937,0.0,0.0,2023-11-01,1142.7310272216796,69.44228191582182,1212.1733091375015,1073.2887453058577,1281.6155910533232,1003.846463390036,113.7020296205644,206.40948029206993,317820,19691.062997181954,52788.45670558161,1157.702349419785,75.12984657741467,1252.9955405279852,1271.479269654125,1237.680943725423,1286.793866456687,1219.1972145992834,1305.2775955828267,1203.8826177967212,0.2193474497763811,-14.708888006519269,18.844398989681395,2.8631613005159013,15.981237689165493,62.920037951254244,31.145093505668104,1198.105126953125,1142.7310272216796,,,PUNJABCHEM.NS,2025-09-01 11:28:00.426705
449,2023-10-31 00:00:00+05:30,1208.4287910285223,1306.0906415714762,1201.3106993925776,1256.0650634765625,93916,0.0,0.0,2023-10-31,1133.6890899658204,65.55973681150522,1199.2488267773256,1068.1293531543151,1264.8085635888308,1002.5696163428099,150.04865250360618,226.98005659756004,299883,103091.88989732273,61062.80513268152,1156.3811548773162,76.30662366681813,1254.4888014802054,1307.6669035678333,1202.8869613889347,1359.268743659104,1149.7088593013068,1412.446845746732,1098.107019210036,0.209880982947941,-14.738234320248178,11.041097578542576,-1.1321481217754719,12.173245700318049,62.91217502972539,31.568789659240483,1145.23232421875,1133.6890899658204,,,PUNJABCHEM.NS,2025-09-01 11:28:00.426705
450,2023-10-30 00:00:00+05:30,1204.5960097421769,1274.2833822066002,1161.091227256583,1202.4058837890625,97039,0.0,0.0,2023-10-30,1125.9687225341797,59.170383487456725,1185.1391060216365,1066.798339046723,1244.3094895090933,1007.6279555592663,132.88897131071133,,205967,101969.47494375838,50555.53394152121,1148.8484947102584,64.06181413304671,1212.5934977507486,1264.0957682449143,1150.903613294897,1325.785652700766,1099.4013428007313,1377.2879231949316,1037.7114583448797,0.22935960871745945,-23.3656813920933,0.8930277924478105,-4.1754595468549836,5.068487339302794,58.53050812342026,32.02507782462612,1097.9643920898438,1125.9687225341797,,,PUNJABCHEM.NS,2025-09-01 11:28:00.426705
451,2023-10-27 00:00:00+05:30,1066.8639518904768,1231.47546159959,1050.1389333896595,1209.026123046875,95068,0.0,0.0,2023-10-27,1120.500747680664,56.73800218820512,1177.2387498688693,1063.7627454924589,1233.9767520570742,1007.0247433042538,80.68744137471906,,303006,100448.35295277328,37702.04869096191,1144.3126792664145,57.11416714899515,1163.5468393453748,1276.95474530109,1095.6182170911595,1344.8833675553053,982.2103111354443,1458.2912735110206,914.281688881229,0.2885737659492689,-8.477461632171345,-6.82849124919926,-5.442581381680682,-1.3859098675185777,59.33353645310608,32.94053516087021,1077.1975463867188,1120.500747680664,,,PUNJABCHEM.NS,2025-09-01 11:28:00.426705
452,2023-10-26 00:00:00+05:30,995.5338658111664,1089.114049197416,970.7450482474424,1066.8638916015625,45580,0.0,0.0,2023-10-26,1116.1502655029296,52.79146582220659,1168.9417313251363,1063.358799680723,1221.7331971473427,1010.5673338585165,-92.55425661745112,,207938,42496.78887140288,22015.47262550906,1138.4575665898517,68.90474807521552,1042.240996348807,1113.7369444501714,995.3679435001977,1160.6099972987806,923.8719953988332,1232.1059454001452,876.998942550224,0.20529442123695954,-60.98837045621013,-17.262906748377418,-5.096103914801038,-12.16680283357638,44.018023738393,34.553797281469635,1060.7911743164063,1116.1502655029296,,,PUNJABCHEM.NS,2025-09-01 11:28:00.426705
453,2023-10-25 00:00:00+05:30,1015.9921210729119,1042.3240051805599,966.6634279181698,991.8006591796875,16114,0.0,0.0,2023-10-25,1116.9840240478516,52.09923691340111,1169.0832609612526,1064.8847871344506,1221.1824978746538,1012.7855502210493,-193.9633638314741,,162358,13966.91627650251,16895.143564035603,1141.7040673379609,66.68999433805996,1000.262697426139,1033.8619669341083,958.2013896717181,1075.923274688529,924.6021201637489,1109.5225441964983,882.5408124093279,0.1932338919006011,-90.21317549158772,-16.35973551409961,-2.0544032064069424,-14.30533230769267,31.340220767411495,35.01386580933797,1071.0252807617187,1116.9840240478516,,,PUNJABCHEM.NS,2025-09-01 11:28:00.426705
454,2023-10-23 00:00:00+05:30,1093.1957303285328,1110.5678694655912,1007.480287486715,1019.7254028320312,20644,0.0,0.0,2023-10-23,1120.717269897461,44.82408627467141,1165.5413561721323,1075.8931836227896,1210.3654424468039,1031.069097348118,-210.6322329108673,,178472,18397.12107940489,17627.200385918877,1144.146373649586,69.69148717395346,1045.9245199281124,1084.3687523695098,981.2811703906336,1149.0121019069886,942.8369379492362,1187.456334348386,878.1935884117574,0.19395473984296102,-94.33177378476557,-7.562936793603058,1.5219298705162247,-9.084866664119282,33.999676246441055,33.891926075573146,1101.3691528320312,1120.717269897461,,,PUNJABCHEM.NS,2025-09-01 11:28:00.426705
455,2023-10-20 00:00:00+05:30,1137.8952442025727,1137.8952442025727,1082.7426420070626,1098.5716552734375,9144,0.0,0.0,2023-10-20,1124.1319458007813,38.940845880731416,1163.0727916815126,1085.19109992005,1202.0136375622442,1046.2502540393184,-147.27539207871126,,199116,8778.84507168467,17434.720212547374,1146.7987402607907,71.29756320968903,1106.4031804943577,1130.0637189816528,1074.9111167861427,1161.5557826898678,1051.2505782988476,1185.2163211771629,1019.7585145906326,0.21815813287582844,-79.00533818990776,1.0640570690532059,3.793146536546045,-2.729089467492839,43.73128130366266,33.27568378037098,1126.088232421875,1124.1319458007813,,,PUNJABCHEM.NS,2025-09-01 11:28:00.426705
456,2023-10-19 00:00:00+05:30,1119.776641519465,1136.3024808722394,1110.0203601475735,1126.9942626953125,8362,0.0,0.0,2023-10-19,1123.6242248535157,39.35563658546648,1162.9798614389822,1084.2685882680491,1202.3354980244487,1044.9129516825826,-134.67486859301596,,208260,8235.778280856755,19598.68899776305,1147.2584604862207,70.5010037734919,1124.4390345717084,1138.8577089958433,1112.5755882711774,1150.7211552963743,1098.1569138470425,1165.1398297205092,1086.2934675465115,0.22466118850997635,-61.03233011460184,4.3279401517240785,4.475418903419254,-0.14747875169517588,48.364397217441244,34.19404199604424,1137.6862060546875,1123.6242248535157,,,PUNJABCHEM.NS,2025-09-01 11:28:00.426705
457,2023-10-18 00:00:00+05:30,1143.5200680201212,1162.733799870373,1096.0828521571568,1118.034423828125,13022,0.0,0.0,2023-10-18,1121.2399169921875,40.56659196705995,1161.8065089592476,1080.6733250251275,1202.3731009263074,1040.1067330580677,-102.12217083908135,,199898,12723.472176160194,22439.416676989622,1147.4366607675643,69.0661876362694,1125.6170252852182,1155.1511984132796,1088.5002507000634,1192.2679729984345,1058.966077572002,1221.802146126496,1021.8493029868471,0.21568519050884838,-66.69807548142074,5.6419285167510225,4.512288591343048,1.1296399254079743,46.7116262202696,36.00143530583249,1144.2168701171875,1121.2399169921875,,,PUNJABCHEM.NS,2025-09-01 11:28:00.426705
458,2023-10-17 00:00:00+05:30,1160.4937993290137,1160.4937993290137,1135.0081562176892,1143.52001953125,8046,0.0,0.0,2023-10-17,1119.5400390625,41.41149056581531,1160.9515296283153,1078.1285484966847,1202.3630201941305,1036.7170579308695,-15.458829630023713,,212920,8040.750350123626,24868.40280219698,1147.8449006402816,73.03282955572283,1146.3406583593176,1157.6731605009459,1132.1875173896215,1171.826301470642,1120.8550152479932,1183.1588036122703,1106.701874278297,0.15565887568381467,-50.582283901239585,8.121156410156118,4.229878609991054,3.8912778001650636,51.026155522227995,37.947858870219825,1151.4444091796875,1119.5400390625,,,PUNJABCHEM.NS,2025-09-01 11:28:00.426705
459,2023-10-16 00:00:00+05:30,1168.1096179373735,1178.6622524364298,1132.0215158951125,1143.32080078125,19186,0.0,0.0,2023-10-16,1118.977557373047,41.14417143415118,1160.121728807198,1077.8333859388958,1201.2659002413493,1036.6892145047445,13.075944875078745,,204874,19170.14169061277,29075.315915215317,1147.8823249199338,70.12765148758724,1151.3348563709308,1170.648196846749,1124.0074603054318,1197.975592912248,1104.6941198296136,1217.2889333880662,1077.3667237641146,0.14729128809125078,-43.19037468956948,8.662326539129936,3.2570591599497885,5.405267379180147,50.993176295538646,40.3184661541157,1154.7296875,1118.977557373047,,,PUNJABCHEM.NS,2025-09-01 11:28:00.426705
460,2023-10-13 00:00:00+05:30,1168.6074594798745,1188.6674921320207,1148.0496598712239,1156.5615234375,9161,0.0,0.0,2023-10-13,1120.3240234375,42.404094260369284,1162.7281176978693,1077.9199291771308,1205.1322119582387,1035.5158349167614,44.174380956856474,,224060,9259.43316159283,31551.609471365955,1147.9784305097783,71.09764980923151,1164.4262251469147,1180.8027904226055,1140.1849581618087,1205.0440574077115,1123.8083928861179,1221.4206226834024,1099.5671259010119,0.20108446065909638,-36.058941668206586,9.243560951768586,1.9057423151547512,7.337818636613835,53.19520017198582,42.871427844465096,1163.0423828125,1120.3240234375,,,PUNJABCHEM.NS,2025-09-01 11:28:00.426705
461,2023-10-12 00:00:00+05:30,1163.8288981006067,1179.7076144273624,1154.2219721253498,1159.6475830078125,15688,0.0,0.0,2023-10-12,1119.8785217285156,42.04865698916684,1161.9271787176824,1077.8298647393487,1203.9758357068492,1035.781207750182,53.68865033870926,,233221,15898.874665558342,37124.653548809234,1147.891207303517,73.05900045283173,1164.5257231868416,1174.8294742483333,1149.3438319463207,1190.0113654888542,1139.040080884829,1200.315116550346,1123.8581896443081,0.2466547131185299,-34.39679469201937,8.543652613140694,0.07128765600129228,8.472364957139401,53.69771814722178,44.99211111636152,1174.043017578125,1119.8785217285156,,,PUNJABCHEM.NS,2025-09-01 11:28:00.426705
462,2023-10-11 00:00:00+05:30,1174.7299169930282,1174.7299169930282,1144.9634312319931,1154.172119140625,12108,0.0,0.0,2023-10-11,1115.4807556152343,42.269331992233354,1157.7500876074678,1073.2114236230009,1200.019419599701,1030.9420916307677,53.74335198092509,,217533,12212.814740439135,42431.09826962196,1147.682992907031,72.88300141328739,1157.9551557885488,1170.9468803451045,1141.1803945840695,1187.7216415495839,1128.1886700275138,1200.7133661061396,1111.4139088230345,0.20818910538959995,-37.34587117700326,7.214178455046294,-2.046803583283558,9.260982038329853,52.96602629068267,47.54455527021526,1161.6486083984375,1115.4807556152343,,,PUNJABCHEM.NS,2025-09-01 11:28:00.426705
463,2023-10-10 00:00:00+05:30,1193.5456820897173,1219.5290939913623,1151.185663725104,1159.9464111328125,31504,0.0,0.0,2023-10-10,1115.3115112304688,42.11274645468411,1157.424257685153,1073.1987647757846,1199.537004139837,1031.0860183211005,106.81065115893055,,229641,31935.697228625402,49985.66915191766,1147.593062668836,72.8883469067824,1176.8870562830928,1202.5884488410816,1134.2450185748232,1245.230486549351,1108.5436260168344,1270.93187910734,1065.901588308565,0.19201707126995696,-34.2358463198147,5.9419931569054825,-4.362049092866021,10.304042249771504,53.79720830669976,50.44077031405356,1150.3492919921875,1115.3115112304688,,,PUNJABCHEM.NS,2025-09-01 11:28:00.426705
464,2023-10-09 00:00:00+05:30,1195.4370328188552,1217.5876598163952,1169.2046200308846,1184.88427734375,36374,0.0,0.0,2023-10-09,1115.2368408203124,42.03068263249206,1157.2675234528044,1073.2061581878204,1199.2982060852964,1031.1754755553284,179.75203423145936,,261145,37665.15656862637,54498.16213274072,1147.1309509155951,71.81096286165214,1190.55885239701,1211.9130847631354,1163.5300449776248,1238.9418921825206,1142.1758126114994,1260.296124548646,1115.1470051921142,0.22481889245916345,-20.804349626160832,3.6544999932839346,-6.938059655308898,10.592559648592832,57.413369084515885,53.341011434748374,1133.4251953125,1115.2368408203124,,,PUNJABCHEM.NS,2025-09-01 11:28:00.426705
465,2023-10-06 00:00:00+05:30,1103.7981578416284,1223.5111034835277,1075.0272052284872,1211.564697265625,219199,0.0,0.0,2023-10-06,1113.5245300292968,39.67554477893264,1153.2000748082294,1073.8489852503642,1192.875619587162,1034.1734404714316,259.9583976723996,,297519,232090.81669716295,58706.413523769304,1145.4267632971603,67.88022264627057,1170.03433532588,1265.0414654232727,1116.5575671682323,1318.5182335809204,1021.5504370708395,1413.5253636783132,968.0736689131918,0.22611116404858345,-6.43431616240007,-1.7855576232373096,-9.586199567457106,7.800641944219796,61.52124990247837,55.81573336396248,1116.7798828125,1113.5245300292968,,,PUNJABCHEM.NS,2025-09-01 11:28:00.426705
466,2023-10-05 00:00:00+05:30,1114.151670012375,1114.151670012375,1090.2090336533547,1097.675537109375,11113,0.0,0.0,2023-10-05,1109.3159057617188,32.55361250970925,1141.869518271428,1076.7622932520096,1174.4231307811374,1044.2086807423002,50.55695533483905,,78320,10660.512355459328,15360.312730420888,1120.7126989744595,41.80271055975936,1100.6787469250348,1111.148460196715,1087.2058238376947,1124.6213832840551,1076.7361105660145,1135.0910965557352,1063.2631874786744,-0.07833429098985367,-56.25919258938594,-11.351043084828007,-11.536360053512055,0.1853169686840488,46.28806639961856,58.48081851850075,1093.076220703125,1109.3159057617188,,,PUNJABCHEM.NS,2025-09-01 11:28:00.426705
467,2023-10-04 00:00:00+05:30,1091.4534508960246,1103.9474486224806,1079.656399740537,1097.675537109375,10955,0.0,0.0,2023-10-04,1110.6598754882812,32.60256746111202,1143.262442949393,1078.0573080271693,1175.8650104105052,1045.4547405660571,20.67471072532167,,89433,10508.945636106986,16535.262824161277,1121.157557329858,51.789075944205095,1093.7597951574642,1107.8631905743914,1083.5721416924478,1118.0508440394078,1069.4687462755205,1132.154239456335,1059.281092810504,-0.09141371154274572,-56.25919258938594,-12.209420924282313,-11.582689295683066,-0.6267316285992468,46.28806639961856,60.70803988343909,1097.9444091796875,1110.6598754882812,,,PUNJABCHEM.NS,2025-09-01 11:28:00.426705
468,2023-10-03 00:00:00+05:30,1090.5575229417514,1100.0649199550346,1065.370589092248,1075.325927734375,9747,0.0,0.0,2023-10-03,1112.2402893066405,32.70596643007527,1144.9462557367158,1079.5343228765653,1177.652222166791,1046.82835644649,-58.59786372374796,,78478,9159.75508095302,18041.842121174846,1121.6132333744602,43.90664831555003,1080.2538122605526,1095.1370354288572,1060.4427045660707,1114.9481431233392,1045.5594813977661,1129.8313662916437,1025.7483737032842,-0.13302209130989834,-72.59824341158748,-13.123413447154917,-11.426006388533253,-1.697407058621664,42.43172474706464,62.518635657620564,1095.1171142578125,1112.2402893066405,,,PUNJABCHEM.NS,2025-09-01 11:28:00.426705
469,2023-09-29 00:00:00+05:30,1104.0968456486814,1121.5186877190804,1078.2129660012315,1101.65771484375,14122,0.0,0.0,2023-09-29,1115.687322998047,32.24029704986492,1147.927620047912,1083.447025948182,1180.1679170977768,1051.2067288983171,10.430577421236624,,88225,13596.14116830769,20262.3638812303,1122.4264477101335,40.33948499023952,1100.4631228546873,1122.713279708143,1079.4075579902942,1143.7688445725362,1057.1574011368384,1166.019001425992,1036.1018362724453,-0.15504063551281688,-55.62477402137851,-11.893663353186412,-11.001654623877837,-0.892008729308575,46.04838549263226,64.24384025064204,1093.3450439453125,1115.687322998047,,,PUNJABCHEM.NS,2025-09-01 11:28:00.426705
470,2023-09-28 00:00:00+05:30,1115.9934915101676,1134.361043184113,1076.371194048995,1093.04638671875,17696,0.0,0.0,2023-09-28,,,,,,,-7.510284994499696,,74103,16903.88309242154,21928.91955946095,1122.9689184833433,46.34977096395458,1101.259541317286,1126.147888585577,1068.158039450459,1159.249390452404,1043.269692182168,1184.137737720695,1010.168190315341,,-61.6129826686675,-12.732285624662609,-10.778652441550694,-1.953633183111915,44.61495306720442,66.42422541011997,1090.61728515625,,,,PUNJABCHEM.NS,2025-09-01 11:28:00.426705
471,2023-09-27 00:00:00+05:30,1095.0872401138809,1139.8862635730852,1094.6392984893405,1122.0164794921875,29669,0.0,0.0,2023-09-27,,,,,,,32.11078204470385,,91799,29092.089976756575,23185.1786762208,1123.98142036606,55.30438142249378,1118.847347184871,1143.0553958804016,1097.808430796657,1164.0943122686158,1073.6003821011263,1188.3023609641464,1052.5614657129122,,-41.88999153850103,-12.764977495913854,-10.290244145772714,-2.4747333501411397,48.653727087173216,68.77233250494237,1089.691455078125,,,,PUNJABCHEM.NS,2025-09-01 11:28:00.426705
472,2023-09-26 00:00:00+05:30,1078.6609223486355,1093.345046579962,1037.8440346547784,1083.5390625,28482,0.0,0.0,2023-09-26,,,,,,,-89.03857359436944,,62130,26970.427639838224,21708.450851086855,1124.099599150632,55.726011125278504,1071.57604791158,1105.3080611683815,1049.807049243198,1127.0770598367635,1016.0750359863964,1160.809073093565,994.3060373180144,,-68.4535900096116,-15.4665394451888,-9.67156080823743,-5.79497863695137,42.20019671002787,71.76399456754652,1081.1497802734375,,,,PUNJABCHEM.NS,2025-09-01 11:28:00.426705
473,2023-09-25 00:00:00+05:30,1101.0603754922695,1101.0603754922695,1051.5325692709853,1066.465576171875,13779,0.0,0.0,2023-09-25,,,,,,,-95.80942641928917,,33648,12842.13762247926,20392.956653899008,1126.5849595156837,56.339909570084274,1073.0195069783765,1094.5064446857677,1044.9786384644835,1122.5473131996607,1023.4917007570923,1144.034250907052,995.4508322431993,,-88.61480562246997,-14.901573306087585,-8.222816148999588,-6.678757157087997,39.04434789249921,72.13323894923627,1081.2493408203125,,,,PUNJABCHEM.NS,2025-09-01 11:28:00.426705
474,2023-09-22 00:00:00+05:30,1088.417158725868,1112.011261318366,1082.2447762135034,1088.0189208984375,8699,0.0,0.0,2023-09-22,,,,,,,-64.25522233306664,,47427,8271.391107606794,22280.661411753943,1128.4215663498615,53.938781112186376,1094.0916528101022,1105.938529406701,1076.1720443018385,1123.8581379149648,1064.3251677052397,1135.7050145115636,1046.405559196976,,-74.29693227428267,-12.270984318315868,-6.553126859727589,-5.717857458588279,41.714302551711945,72.74580358944058,1094.410302734375,,,,PUNJABCHEM.NS,2025-09-01 11:28:00.426705
475,2023-09-21 00:00:00+05:30,1085.1319259239906,1100.562701017405,1075.276116236719,1088.417236328125,13647,0.0,0.0,2023-09-21,,,,,,,-94.72216769291722,,56126,12980.91721272581,25782.978987790728,1129.2161158450074,52.987320731465424,1088.085351194083,1100.894586151447,1075.6080013707608,1113.371935974769,1062.7987664133968,1126.181170932133,1050.3214165900747,,-73.98435211631637,-10.839787150703842,-5.123662495080518,-5.716124655623323,,73.99497465413434,1110.85654296875,,,,PUNJABCHEM.NS,2025-09-01 11:28:00.426705
476,2023-09-20 00:00:00+05:30,1093.6935217600621,1100.313846521427,1062.2346747236938,1079.30810546875,12939,0.0,0.0,2023-09-20,,,,,,,-149.15737983346256,,42479,12204.470144973793,28983.494431556952,1130.514900082675,,1080.6188755712903,1099.0030764188868,1060.9239046211537,1118.6980473690235,1042.5397037735572,1137.08224821662,1022.8447328234206,,,-8.882409915538119,-3.694631331174687,-5.187778584363432,,74.377698295267,1122.7033935546874,,,,PUNJABCHEM.NS,2025-09-01 11:28:00.426705
477,2023-09-18 00:00:00+05:30,1130.8766613299726,1159.7471438232697,1075.375647571307,1084.036865234375,40610,0.0,0.0,2023-09-18,,,,,,,-114.21267707397423,,55418,38472.44779936316,33178.25050320274,1132.1085384559267,,1106.3865522096505,1137.3974568479941,1053.0259605960314,1190.7580484616133,1022.0150559576878,1221.768953099957,968.6544643440686,,,-5.344680568977765,-2.397686685083829,-2.946993883893936,,74.76884702313257,1121.180224609375,,,,PUNJABCHEM.NS,2025-09-01 11:28:00.426705
478,2023-09-15 00:00:00+05:30,1164.7745898406286,1173.68456907594,1127.840308775494,1132.2703857421875,8978,0.0,0.0,2023-09-15,,,,,,,20.892237707523897,,96028,8883.87680747852,31854.70117916263,1137.3123541690816,,1144.598421197874,1161.356533620254,1115.5122733198077,1190.44268149832,1098.7541608974277,1207.2007939207,1069.6680130193615,,,-1.2000461466025172,-1.6609382141103446,0.4608920675078274,,75.39341155404335,1134.5302978515624,,,,PUNJABCHEM.NS,2025-09-01 11:28:00.426705
479,2023-09-14 00:00:00+05:30,1160.2449575718642,1174.6304956200097,1134.7593135442671,1170.2501220703125,28614,0.0,0.0,2023-09-14,,,,,,,84.98866858940798,,105006,29263.75457187626,37597.407272083656,1137.4359771851196,,1159.8799770781964,1185.0006406121256,1145.129458536383,1199.751159153939,1120.0087950024538,1224.8718226878682,1105.2582764606404,,,-0.6257465778674032,-1.7761612309873014,1.1504146531198982,,77.26839821231273,1139.7668212890626,,,,PUNJABCHEM.NS,2025-09-01 11:28:00.426705
480,2023-09-13 00:00:00+05:30,1071.6922066770594,1169.752292471477,1071.6922066770594,1147.6514892578125,61254,0.0,0.0,2023-09-13,,,,,,,,,76392,61435.19720579587,39680.8204471355,1134.6543661192015,,1129.6986628021161,1187.7051189271729,1089.6450331327553,1227.7587485965337,1031.6385770076986,1285.7652047215904,991.5849473383378,,,-3.6214166687284433,-2.0637648942672757,-1.5576517744611675,,79.51703537520147,1135.8444091796875,,,,PUNJABCHEM.NS,2025-09-01 11:28:00.426705
481,2023-09-12 00:00:00+05:30,1161.4893713694253,1161.4893713694253,1055.2659511256095,1071.6922607421875,40407,0.0,0.0,2023-09-12,,,,,,,,,15138,37844.21315861005,34242.2262574704,1131.772984357593,,1096.1491944124075,1137.0324376992055,1030.8090174553897,1202.3726146562233,989.9257741685917,1243.2558579430213,924.5855972115739,,,-5.176289285815983,-1.6743519506519837,-3.5019373351639995,,81.4658552665022,1131.7925537109375,,,,PUNJABCHEM.NS,2025-09-01 11:28:00.426705
482,2023-09-11 00:00:00+05:30,1174.5805132383966,1181.6487788147629,1133.4152154877183,1150.7872314453125,36998,0.0,0.0,2023-09-11,,,,,,,,,55545,37208.833964807556,33341.72953218548,1142.0644376823109,,1155.2837419159312,1177.152268344144,1128.9187050170995,1203.5173052429757,1107.0501785888866,1225.3858316711885,1080.685141690055,,,0.39226432772170483,-0.7988676168609836,1.1911319445826885,,82.73596918515474,1142.365087890625,,,,PUNJABCHEM.NS,2025-09-01 11:28:00.426705
483,2023-09-08 00:00:00+05:30,1144.8639414070904,1174.6801319667277,1144.8639414070904,1158.4530029296875,26734,0.0,0.0,2023-09-08,,,,,,,,,92543,27065.443086455994,32374.953424029965,1140.4418432297427,,1159.332358767835,1173.8007761285799,1143.9845855689425,1189.1485493274724,1129.5161682081978,1203.6169666882172,1114.1683950093052,,,-0.27389921097687875,-1.0966506030066556,0.8227513920297769,,88.38428013384394,1138.064404296875,,,,PUNJABCHEM.NS,2025-09-01 11:28:00.426705
484,2023-09-07 00:00:00+05:30,1127.9896666508128,1182.6942025792555,1127.9896666508128,1150.6380615234375,50635,0.0,0.0,2023-09-07,,,,,,,,,65809,50916.94380110503,33702.331008423454,1137.6449824806862,,1153.7739769178352,1179.5582871848576,1124.8537512564149,1208.478512846278,1099.0694409893924,1234.2628231133003,1070.1492153279721,,,-1.8776027633630292,-1.3023384510140998,-0.5752643123489294,,93.97703414347464,1135.2271240234375,,,,PUNJABCHEM.NS,2025-09-01 11:28:00.426705
485,2023-09-06 00:00:00+05:30,1138.6417925510643,1154.8192169261067,1112.5090300990726,1127.3922119140625,33130,0.0,0.0,2023-09-06,,,,,,,,,15174,32641.435072657587,29398.67781025306,1132.231288642909,,1131.5734863130806,1150.6379425270886,1108.3277557000545,1173.8836731401148,1089.2632994860464,1192.9481293541228,1066.0175688730203,,,-3.13272743416087,-1.1585223729268674,-1.9742050612340025,,100.0,,,,,PUNJABCHEM.NS,2025-09-01 11:28:00.426705
486,2023-09-05 00:00:00+05:30,1129.3335423864191,1154.819182805376,1114.997831674156,1124.554931640625,22591,0.0,0.0,2023-09-05,,,,,,,,,-17956,22201.836902346873,28587.988494651923,1134.0449296676916,,1131.4573153733857,1147.9167990726153,1108.0954479413954,1171.2786665046056,1091.6359642421658,1187.7381502038352,1068.2740968101755,,,-2.4028378097264067,-0.6649711076183668,-1.73786670210804,,100.0,,,,,PUNJABCHEM.NS,2025-09-01 11:28:00.426705
487,2023-09-04 00:00:00+05:30,1158.5525333612409,1166.7656877330821,1120.0751252414677,1129.2838134765625,30585,0.0,0.0,2023-09-04,,,,,,,,,4635,30184.52639272818,30184.52639272818,1137.3028666850835,,1138.7082088170375,1157.3412923926073,1110.650729900993,1185.398771308652,1092.0176463254231,1204.0318548842217,1063.9601674093785,,,-1.1525221604567832,-0.23050443209135665,-0.9220177283654266,,100.0,,,,,PUNJABCHEM.NS,2025-09-01 11:28:00.426705
488,2023-09-01 00:00:00+05:30,1169.752243150803,1169.752243150803,1137.0986851149264,1144.2666015625,35220,0.0,0.0,2023-09-01,,,,,,,,,35220,,,1144.2666015625,,1150.3725099427431,1163.6463347705599,1130.9927767346833,1183.0260679786197,1117.7189519068666,1196.2998928064364,1098.3392186988067,,,0.0,0.0,0.0,,,,,,,PUNJABCHEM.NS,2025-09-01 11:28:00.426705
