Trading Day,Date,Open,High,Low,Close,Volume,Dividends,Stock Splits,date_only,RollingMean,RollingStd,UpperBand1,LowerBand1,UpperBand2,LowerBand2,CCI_10,CCI_40,OBV,VPT,VPT_signal,VWAP,MFI_14,PP,R1,S1,R2,S2,R3,S3,CMF,%R,macd,macd_signal,macde_histogram,rsi,ADX,sma_5,sma_20,sma_50,sma_100,symbol,created_on
1,2025-01-15 00:00:00+05:30,1384.4000244140625,1441.699951171875,1360.4000244140625,1421.0999755859375,688675,0.0,0.0,2025-01-15,1468.8699890136718,79.0334901497368,1547.9034791634085,1389.836498863935,1626.9369693131455,1310.803008714198,-31.771360047383144,-112.20476907368435,137503963,2117896.0430153506,1832416.9968749424,1185.2183684842926,47.43256456532296,1407.7333170572917,1455.066609700521,1373.7666829427085,1489.0332438151042,1326.4333902994792,1536.3665364583335,1292.466756184896,-0.09511445110315508,-50.83915203372198,-57.424137743169695,-52.902101925491834,-4.52203581767786,43.02724385669125,32.06975576861126,1376.4,1468.8699890136718,1569.414990234375,1698.3169982910156,TORNTPOWER.NS,2025-01-15 10:59:14.074671
2,2025-01-14 00:00:00+05:30,1311.0,1387.449951171875,1311.0,1378.0999755859375,561822,0.0,0.0,2025-01-14,1479.0224914550781,85.3623878206224,1564.3848792757005,1393.6601036344557,1649.747267096323,1308.2977158138333,-99.57035310025897,-161.24630174868454,136815288,1675502.7914517408,1761047.2353398402,1184.8653333091443,41.600911573399266,1358.8499755859375,1406.699951171875,1330.25,1435.2999267578125,1282.4000244140625,1483.14990234375,1253.800048828125,-0.12746877807944143,-68.44045838067741,-61.53040972984991,-51.771592971072366,-9.758816758777542,38.249291452004506,32.3814482314073,1379.0699951171875,1479.0224914550781,1577.5019897460938,1701.0914990234376,TORNTPOWER.NS,2025-01-15 10:59:14.074671
3,2025-01-13 00:00:00+05:30,1340.0,1366.0,1301.0,1309.75,449041,0.0,0.0,2025-01-13,1492.189990234375,89.20044630905828,1581.3904365434332,1402.9895439253169,1670.5908828524916,1313.7890976162585,-181.07681871423728,-204.68685416238444,136253466,1272741.1702197208,1782433.346311865,1184.6291093734908,35.73284494557164,1325.5833333333333,1350.1666666666665,1285.1666666666665,1390.5833333333333,1260.5833333333333,1415.1666666666665,1220.1666666666665,-0.17827858853809564,-96.4859437751004,-61.6205547774955,-49.331888781377984,-12.288665996117516,29.525804944166026,31.30053880785069,1394.15,1492.189990234375,1586.374990234375,1704.5414990234376,TORNTPOWER.NS,2025-01-15 10:59:14.074671
4,2025-01-10 00:00:00+05:30,1417.449951171875,1424.0,1350.0999755859375,1358.25,521333,0.0,0.0,2025-01-10,1510.1624877929687,86.68322112802555,1596.8457089209942,1423.4792666649432,1683.52893004902,1336.7960455369175,-161.22748333691226,-173.4637791852496,136702507,1532359.3382453523,1909856.3903349007,1184.5067378013919,47.769885571801034,1377.4499918619792,1404.800008138021,1330.8999837239585,1451.3500162760417,1303.5499674479167,1478.7000325520835,1256.999959309896,-0.15866965925738827,-96.07983479702217,-54.070885996283096,-46.2597222823486,-7.811163713934498,32.55620880074332,29.50839941772369,1426.4699951171874,1510.1624877929687,1596.7429907226563,1709.417498779297,TORNTPOWER.NS,2025-01-15 10:59:14.074671
5,2025-01-09 00:00:00+05:30,1437.9000244140625,1458.0,1411.0,1414.800048828125,730612,0.0,0.0,2025-01-09,1526.6549865722657,87.63258555570961,1614.2875721279752,1439.0224010165562,1701.920157683685,1351.3898154608464,-102.72567754825813,-137.60285647415023,137223840,2236905.083287414,2004230.6533572876,1184.3092313358372,37.7981682545444,1427.933349609375,1444.86669921875,1397.86669921875,1474.933349609375,1380.933349609375,1491.86669921875,1350.86669921875,-0.09949259321122532,-93.80880744401516,-48.3622814809994,-44.306931353864975,-4.0553501271344246,36.62623524982558,28.047980021264177,1457.5099853515626,1526.6549865722657,1606.4339916992187,1712.562999267578,TORNTPOWER.NS,2025-01-15 10:59:14.074671
6,2025-01-08 00:00:00+05:30,1466.550048828125,1474.0999755859375,1429.949951171875,1434.449951171875,587136,0.0,0.0,2025-01-08,1539.3199829101563,88.91067254241725,1628.2306554525735,1450.4093103677392,1717.141327994991,1361.4986378253218,-81.12728920357473,-127.78422518304541,137954452,1822593.42443839,1946062.0458747558,1183.9414488974046,43.55066559376936,1446.1666259765625,1462.38330078125,1418.2332763671875,1490.316650390625,1402.0166015625,1506.5333251953125,1374.083251953125,-0.03710448106984203,-85.58881232580536,-45.890098971307225,-43.29309382208137,-2.5970051492258577,38.16574488515341,27.20118500513436,1482.2499755859376,1539.3199829101563,1614.7189916992188,1715.2959985351563,TORNTPOWER.NS,2025-01-15 10:59:14.074671
7,2025-01-07 00:00:00+05:30,1486.0,1494.5999755859375,1447.300048828125,1453.5,316996,0.0,0.0,2025-01-07,1548.8274841308594,87.25767894174567,1636.0851630726052,1461.5698051891136,1723.3428420143507,1374.312126247368,-48.75317778918477,-115.04872338108996,138541588,997090.3371209996,1976929.201233847,1183.6198096838739,44.335552496013236,1465.1333414713542,1482.9666341145835,1435.666707356771,1512.4332682291667,1417.8334147135417,1530.266560872396,1388.3667805989585,-0.0532939353544142,-77.61974939462738,-43.96486933788424,-42.6438425347749,-1.3210268031093406,39.666686491468894,26.551320261431947,1494.2099853515624,1548.8274841308594,1624.5059936523437,1717.7374987792969,TORNTPOWER.NS,2025-01-15 10:59:14.074671
8,2025-01-06 00:00:00+05:30,1515.050048828125,1516.75,1459.800048828125,1471.3499755859375,348138,0.0,0.0,2025-01-06,1558.4499816894531,86.80217779823944,1645.2521594876926,1471.6478038912137,1732.054337285932,1384.8456260929743,-16.482860778287357,-102.50268103290836,138858584,1108493.384743066,2221888.9172620587,1183.4325976503785,43.83631226726619,1482.6333414713542,1505.4666341145835,1448.5166829427085,1539.5832926432292,1425.6833902994792,1562.4165852864585,1391.5667317708335,-0.05355419933415399,-71.3108204284978,-42.70999879274291,-42.31358583399756,-0.3964129587453513,41.072071169607355,26.09846461596592,1500.6999755859374,1558.4499816894531,1634.5299926757812,1720.3244982910155,TORNTPOWER.NS,2025-01-15 10:59:14.074671
9,2025-01-03 00:00:00+05:30,1521.5,1540.25,1508.0,1513.449951171875,300817,0.0,0.0,2025-01-03,1567.3149841308593,86.4917442419835,1653.8067283728428,1480.8232398888758,1740.2984726148263,1394.3314956468923,63.11079232321909,-70.89737669338149,139206722,985226.5999105122,2500237.8003918068,1183.2130851454062,43.34652593038079,1520.566650390625,1533.13330078125,1500.88330078125,1552.816650390625,1488.316650390625,1565.38330078125,1468.63330078125,-0.07705557326702811,-57.98149956597222,-42.21421517837075,-42.214482594311214,0.00026741594046342243,44.52711050479502,25.79025153741771,1488.289990234375,1567.3149841308593,1644.2429931640625,1723.124998779297,TORNTPOWER.NS,2025-01-15 10:59:14.074671
10,2025-01-02 00:00:00+05:30,1500.0,1545.300048828125,1482.949951171875,1538.5,482031,0.0,0.0,2025-01-02,1574.8549865722657,88.10685420733627,1662.961840779602,1486.7481323649295,1751.0686949869382,1398.6412781575932,35.01514050387589,-72.74654946736673,139507539,1604863.7185561885,2878990.60051213,1182.9953873218544,42.43289629188528,1522.25,1561.550048828125,1499.199951171875,1584.60009765625,1459.89990234375,1623.900146484375,1436.849853515625,-0.08109465385769532,-52.07612456747405,-45.08606231042813,-42.214549448296324,-2.8715128621318087,46.69751727092892,26.216961961216636,1475.889990234375,1574.8549865722657,1653.0249951171875,1725.905499267578,TORNTPOWER.NS,2025-01-15 10:59:14.074671
11,2025-01-01 00:00:00+05:30,1484.0,1521.6500244140625,1472.6500244140625,1494.25,535228,0.0,0.0,2025-01-01,1581.3174865722656,90.01931306056179,1671.3367996328275,1491.2981735117037,1761.3561126933892,1401.278860451142,-21.684413342835693,-99.50178692902455,139025508,1730723.8516587734,3197522.3210011153,1182.6194587205769,45.34856929170489,1496.183349609375,1519.7166748046875,1470.7166748046875,1545.183349609375,1447.183349609375,1568.7166748046875,1421.7166748046875,-0.11827805872130653,-69.9601593625498,-50.54682500332524,-41.49667123276336,-9.050153770561877,42.06544695440324,26.67649626376933,1461.839990234375,1581.3174865722656,1661.59599609375,1727.9944995117187,TORNTPOWER.NS,2025-01-15 10:59:14.074671
12,2024-12-31 00:00:00+05:30,1410.0,1498.0,1410.0,1485.949951171875,2012848,0.0,0.0,2024-12-31,1591.0599853515625,90.64216801440834,1681.7021533659708,1500.4178173371542,1772.3443213803791,1409.775649322746,-70.37312396774243,-130.86671337290582,138490280,6472631.041969183,3564221.9383367,1182.253127253131,46.18063360478838,1464.6499837239583,1519.2999674479165,1431.2999674479165,1552.6499837239583,1376.6499837239583,1607.2999674479165,1343.2999674479165,-0.03876543287127138,-72.60559325199203,-52.41444049645406,-39.234132790122885,-13.180307706331178,41.175079684361876,26.5841688073374,1463.4099853515625,1591.0599853515625,1671.1839965820313,1730.7625,TORNTPOWER.NS,2025-01-15 10:59:14.074671
13,2024-12-30 00:00:00+05:30,1451.449951171875,1458.949951171875,1400.0,1409.300048828125,1033835,0.0,0.0,2024-12-30,1596.077490234375,87.23081313092472,1683.3083033652997,1508.8466771034505,1770.5391164962246,1421.6158639725256,-121.62256980118148,-172.67574183286558,136477432,3152973.9830372813,2837119.662428579,1180.904565535832,32.51198620801166,1422.75,1445.5,1386.550048828125,1481.699951171875,1363.800048828125,1504.449951171875,1327.60009765625,-0.04166288106719187,-97.03584101095618,-53.193967031152624,-35.93905586354009,-17.254911167612534,32.24578330219619,25.86852920943032,1476.489990234375,1596.077490234375,1680.2609985351562,1733.5835009765624,TORNTPOWER.NS,2025-01-15 10:59:14.074671
14,2024-12-27 00:00:00+05:30,1475.0999755859375,1484.699951171875,1440.300048828125,1451.449951171875,530465,0.0,0.0,2024-12-27,1601.1474853515624,78.29246618945146,1679.439951541014,1522.855019162111,1757.7324177304654,1444.5625529726594,-108.98989761972463,-150.97475423678546,137511267,1666189.8666249258,2758156.082276403,1180.3824700103896,32.66647588474753,1458.816650390625,1477.333251953125,1432.933349609375,1503.216552734375,1414.416748046875,1521.733154296875,1388.533447265625,-0.033039004753405335,-95.92250710012311,-45.837173999584365,-31.625328071636957,-14.211845927947408,34.95515006053054,23.987192802669426,1490.469970703125,1601.1474853515624,1691.0419970703124,1737.1205004882813,TORNTPOWER.NS,2025-01-15 10:59:14.074671
15,2024-12-26 00:00:00+05:30,1513.0,1518.449951171875,1459.050048828125,1468.25,321207,0.0,0.0,2024-12-26,1603.9799865722657,73.46768750857734,1677.4476740808432,1530.5122990636883,1750.9153615894204,1457.044611555111,-115.22721556602794,-138.950701952437,138041732,1020588.5695358631,3031147.636189272,1180.0641564978696,31.018597547067472,1481.9166666666667,1504.7832845052085,1445.3833821614585,1541.3165690104167,1422.5167643229167,1564.1831868489585,1385.9834798177085,-0.03461352471204507,-91.16225602940203,-39.87487369757355,-28.072366589650105,-11.802507107923443,36.07704674743788,22.39431329426287,1526.57998046875,1603.9799865722657,1701.0769970703125,1741.1195007324218,TORNTPOWER.NS,2025-01-15 10:59:14.074671
16,2024-12-24 00:00:00+05:30,1546.0,1550.0,1491.1500244140625,1502.0999755859375,460805,0.0,0.0,2024-12-24,1607.2049865722656,68.43959698790852,1675.6445835601742,1538.765389584357,1744.0841805480827,1470.3257925964485,-120.45877536020042,-118.18197431380959,138362939,1497896.1727178653,3533787.4028526247,1179.859093414253,30.444491938033778,1514.4166666666667,1537.683308919271,1478.8333333333335,1573.2666422526042,1455.5666910807292,1596.5332845052085,1419.983357747396,-0.03578833079721248,-78.59264242062712,-33.29170806371508,-25.121739812669244,-8.169968251045834,38.38184123870695,20.897993599340516,1554.989990234375,1607.2049865722656,1710.5169970703125,1744.7100012207031,TORNTPOWER.NS,2025-01-15 10:59:14.074671
17,2024-12-23 00:00:00+05:30,1479.199951171875,1558.0,1478.9000244140625,1551.3499755859375,1534398,0.0,0.0,2024-12-23,1609.8599853515625,65.09590911379507,1674.9558944653577,1544.7640762377673,1740.0518035791526,1479.6681671239724,-148.61030496177597,-108.72195438146204,138823744,5151260.303461713,4042760.210386314,1179.5298089654711,34.718770901616864,1529.4166666666667,1579.933308919271,1500.8333333333335,1608.5166422526042,1450.3166910807292,1659.0332845052085,1421.733357747396,-0.04049375317777714,-60.48789313581904,-27.692551051348573,-23.079247749907786,-4.613303301440787,42.00753669190186,19.685453132037523,1579.4,1609.8599853515625,1718.202998046875,1748.3535009765626,TORNTPOWER.NS,2025-01-15 10:59:14.074671
18,2024-12-20 00:00:00+05:30,1631.0999755859375,1639.050048828125,1444.449951171875,1479.199951171875,2952028,0.0,0.0,2024-12-20,1613.0124877929688,63.62327262166859,1676.6357604146374,1549.3892151713003,1740.259033036306,1485.7659425496317,-243.9075765050924,-115.87708250119533,137289346,9449591.737165565,3765635.187117464,1178.2603326083772,40.39503422741221,1520.8999837239583,1597.3500162760415,1402.7499186197915,1715.5000813802083,1326.2998860677083,1791.9501139322915,1208.1498209635415,-0.06165081802514449,-87.38199095154997,-24.954728042313718,-21.925921924547584,-3.028806117766134,33.45654960676352,18.379640321095838,1597.4199951171875,1613.0124877929688,1724.8599975585937,1748.8530017089843,TORNTPOWER.NS,2025-01-15 10:59:14.074671
19,2024-12-19 00:00:00+05:30,1580.0,1636.199951171875,1572.550048828125,1632.0,642274,0.0,0.0,2024-12-19,1614.9224914550782,59.85661880446513,1674.7791102595434,1555.065872650613,1734.6357290640085,1495.209253846148,-108.7292215009532,-51.44831070117397,140241374,2268329.7319695763,2344646.0496054385,1176.2705042480695,61.463819177028455,1613.5833333333333,1654.6166178385415,1590.9667154947915,1677.2332356770833,1549.9334309895833,1718.2665201822915,1527.3168131510415,0.010656199166537043,-41.23445472281349,-13.965698784781125,-21.16872039510605,7.2030216103249245,47.119642290983606,16.973380370850947,1635.4199951171875,1614.9224914550782,1733.9789990234376,1749.9830017089844,TORNTPOWER.NS,2025-01-15 10:59:14.074671
20,2024-12-18 00:00:00+05:30,1624.949951171875,1630.800048828125,1589.449951171875,1610.300048828125,328753,0.0,0.0,2024-12-18,1612.439990234375,60.13999139073918,1672.5799816251142,1552.2999988436359,1732.7199730158534,1492.1600074528967,-162.17651502753978,-55.56344319812608,139599100,1145624.3080230611,2363725.129014404,1175.6139532323612,61.63490210328677,1610.183349609375,1630.916748046875,1589.566650390625,1651.533447265625,1568.833251953125,1672.266845703125,1548.216552734375,-0.004443369443243129,-50.333064309426476,-14.733299486849774,-22.96947579768728,8.236176310837507,44.10971587736712,17.400124774992303,1646.639990234375,1612.439990234375,1737.6719995117187,1749.2315014648439,TORNTPOWER.NS,2025-01-15 10:59:14.074671
21,2024-12-17 00:00:00+05:30,1641.5,1648.699951171875,1610.800048828125,1624.1500244140625,409424,0.0,0.0,2024-12-17,1611.044989013672,60.514657795591575,1671.5596468092635,1550.5303312180804,1732.0743046048551,1490.0156734224888,-137.44713243369785,-46.84513230918507,139927853,1439014.3646314358,2668250.3342622393,1175.2931735569257,61.54665789069629,1627.8833414713542,1644.9666341145835,1607.0667317708335,1665.7832438151042,1589.9834391276042,1682.8665364583335,1569.1668294270835,-0.014839272858589138,-43.96964871908912,-13.355712778073212,-25.028519875396654,11.672807097323442,45.64965792548265,18.209305589859802,1658.1999755859374,1611.044989013672,1741.4549975585937,1748.4780004882812,TORNTPOWER.NS,2025-01-15 10:59:14.074671
22,2024-12-16 00:00:00+05:30,1665.0,1670.0,1637.0,1641.449951171875,435840,0.0,0.0,2024-12-16,1608.9924865722655,60.74250174709657,1669.7349883193622,1548.249984825169,1730.4774900664586,1487.5074830780725,-68.76328704743634,-36.80011775545081,140337277,1548176.3202158734,2975559.32666994,1174.8802764467066,61.37488675727423,1649.4833170572917,1661.9666341145835,1628.9666341145835,1682.4833170572917,1616.4833170572917,1694.9666341145835,1595.9666341145835,0.009591021151854656,-36.021142026114575,-12.75363780290536,-27.94672164972751,15.193083846822152,47.57616771399301,19.539514783668572,1658.2899658203125,1608.9924865722655,1746.78599609375,1747.4309997558594,TORNTPOWER.NS,2025-01-15 10:59:14.074671
23,2024-12-13 00:00:00+05:30,1675.3499755859375,1689.0,1652.5999755859375,1669.199951171875,507777,0.0,0.0,2024-12-13,1604.8699890136718,61.21972542212854,1666.0897144358003,1543.6502635915433,1727.309439857929,1482.4305381694146,51.39642404579544,-27.7655790095832,140773117,1834201.64246668,3332405.078283456,1174.4229463663469,61.02164633352763,1670.2666422526042,1687.933308919271,1651.5332845052085,1706.6666666666667,1633.8666178385417,1724.3333333333335,1615.133260091146,-0.00938137008120434,-23.271315751246924,-13.493343116862661,-31.744992611433045,18.251649494570383,50.76734039625599,20.512995987527926,1659.1899658203124,1604.8699890136718,1751.1139965820312,1745.9465002441407,TORNTPOWER.NS,2025-01-15 10:59:14.074671
24,2024-12-12 00:00:00+05:30,1664.3499755859375,1713.75,1625.5,1688.0999755859375,1028013,0.0,0.0,2024-12-12,1603.664990234375,60.11406183757413,1663.779052071949,1543.5509283968008,1723.8931139095232,1483.4368665592267,64.09940771668198,-27.360809905672166,141280894,3755454.110598734,3706955.93723765,1173.8572740225773,68.6860732752967,1675.7833251953125,1726.066650390625,1637.816650390625,1764.0333251953125,1587.5333251953125,1814.316650390625,1549.566650390625,-0.016041239469307675,-14.441666375163727,-16.968900024628056,-36.30790498507564,19.339004960447582,53.01631483343816,21.18718250820399,1655.07998046875,1603.664990234375,1754.9639965820313,1744.3465002441405,TORNTPOWER.NS,2025-01-15 10:59:14.074671
25,2024-12-11 00:00:00+05:30,1624.25,1685.050048828125,1612.050048828125,1668.0999755859375,666243,0.0,0.0,2024-12-11,1602.1949890136718,58.271899106425025,1660.4668881200969,1543.9230899072468,1718.738787226522,1485.6511908008217,41.09591952668105,-40.12844291887652,140252881,2405029.5916565997,3694831.393897379,1172.6642325199966,62.31893243934539,1655.0666910807292,1698.0833333333335,1625.0833333333335,1728.0666910807292,1582.0666910807292,1771.0833333333335,1552.0833333333335,-0.04466942084878087,-22.181747212343286,-23.022927560582048,-41.14265622518753,18.119728664605482,50.878061734958806,21.913229530470517,1650.3099853515625,1602.1949890136718,1758.7619970703124,1742.7305004882812,TORNTPOWER.NS,2025-01-15 10:59:14.074671
26,2024-12-10 00:00:00+05:30,1653.699951171875,1654.949951171875,1616.0,1624.5999755859375,1358165,0.0,0.0,2024-12-10,1602.802490234375,59.05323495494748,1661.8557251893226,1543.7492552794274,1720.90896014427,1484.69602032448,22.451543729749524,-53.803598203028365,139586638,4774904.237982536,4017281.8444575733,1171.9181922282262,59.042159718526726,1631.8499755859375,1647.699951171875,1608.75,1670.7999267578125,1592.9000244140625,1686.64990234375,1569.800048828125,-0.0775645649433682,-40.82727385460286,-28.45538815493842,-45.6725883913389,17.21720023640048,45.90601015409078,23.223348142162866,1650.239990234375,1602.802490234375,1763.5559985351563,1741.4765002441407,TORNTPOWER.NS,2025-01-15 10:59:14.074671
27,2024-12-09 00:00:00+05:30,1655.0,1679.0,1628.8499755859375,1645.949951171875,836072,0.0,0.0,2024-12-09,1606.277490234375,62.35593694694985,1668.6334271813248,1543.921553287425,1730.9893641282747,1481.5656163404751,49.65184903378128,-46.99669351330035,140944803,2978008.916974233,3827876.2460763324,1170.5243197531415,65.48702655893308,1651.2666422526042,1673.683308919271,1623.5332845052085,1701.4166666666667,1601.1166178385417,1723.8333333333335,1573.383260091146,-0.06022775897680523,-31.675974116690465,-30.69535076203215,-49.97688845043901,19.281537688406864,48.12606885357239,24.78536654959172,1663.139990234375,1606.277490234375,1768.8519995117188,1740.6860009765626,TORNTPOWER.NS,2025-01-15 10:59:14.074671
28,2024-12-06 00:00:00+05:30,1673.5999755859375,1704.0,1635.300048828125,1648.6500244140625,1072709,0.0,0.0,2024-12-06,1611.7824951171874,70.38570733869237,1682.1682024558797,1541.396787778495,1752.553909794572,1471.0110804398028,73.89426849411802,-44.05209637760722,141780875,3827155.312312771,4040343.078351857,1169.6214445157837,66.56890307568807,1662.6500244140625,1690.0,1621.300048828125,1731.3499755859375,1593.9500732421875,1758.699951171875,1552.60009765625,-0.056711275873786424,-30.518634172477608,-35.200749714243784,-54.797272872540724,19.59652315829694,48.40094047930601,26.6654482187707,1651.210009765625,1611.7824951171874,1773.6710009765625,1739.4210009765625,TORNTPOWER.NS,2025-01-15 10:59:14.074671
29,2024-12-05 00:00:00+05:30,1675.300048828125,1696.300048828125,1655.25,1664.25,510452,0.0,0.0,2024-12-05,1618.7774963378906,80.47155778702314,1699.2490541249138,1538.3059385508675,1779.7206119119369,1457.8343807638444,105.77275864194196,-42.29176362036097,142853584,1838396.4158772556,4093640.0198616283,1168.4513948103988,67.16917270838837,1671.933349609375,1688.61669921875,1647.566650390625,1712.9833984375,1630.88330078125,1729.666748046875,1606.5166015625,0.017166731925775662,-23.83197301371447,-40.70159725699955,-59.69640366211495,18.994806405115405,49.93095497800052,28.56736684658682,1623.6199951171875,1618.7774963378906,1779.0040014648437,1738.0350012207032,TORNTPOWER.NS,2025-01-15 10:59:14.074671
30,2024-12-04 00:00:00+05:30,1715.0,1715.0,1652.25,1667.75,574426,0.0,0.0,2024-12-04,1621.0599975585938,82.45226080905879,1703.5122583676525,1538.607736749535,1785.9645191767113,1456.1554759404762,158.93579033177298,-41.22629230606686,143364036,2073150.007276562,4657450.920857721,1167.8744606640741,68.21908098752323,1678.3333333333333,1704.4166666666665,1641.6666666666665,1741.0833333333333,1615.5833333333333,1767.1666666666665,1578.9166666666665,-0.0014628487601940714,-22.33175822640623,-48.664019399642484,-64.4451052633938,15.781085863751315,50.261964101335565,30.24018216346724,1592.389990234375,1621.0599975585938,1782.9590014648438,1736.6935009765625,TORNTPOWER.NS,2025-01-15 10:59:14.074671
31,2024-12-03 00:00:00+05:30,1604.4000244140625,1719.8499755859375,1599.050048828125,1689.0999755859375,2584341,0.0,0.0,2024-12-03,1627.5574951171875,91.0021683755599,1718.5596634927474,1536.5553267416276,1809.5618318683073,1445.5531583660677,207.73641883964373,-47.6407521894206,143938462,9446498.556234205,5303526.14925301,1167.2190234704747,65.62363675248247,1669.3333333333333,1739.6166178385415,1618.816691080729,1790.1332600911458,1548.5334065755208,1860.416544596354,1498.0167643229165,0.006906970273534606,-13.180458488493835,-58.46569593985009,-68.39037672933162,9.924680789481528,52.222960196592005,32.04167558164615,1565.389990234375,1627.5574951171875,1787.6450024414062,1735.4685009765626,TORNTPOWER.NS,2025-01-15 10:59:14.074671
32,2024-12-02 00:00:00+05:30,1510.699951171875,1619.800048828125,1506.800048828125,1586.300048828125,3316136,0.0,0.0,2024-12-02,1634.3749938964843,100.47017881756004,1734.8451727140443,1533.9048150789242,1835.3153515316044,1433.4346362613642,34.20973427122219,-97.90422461345435,141354121,11383697.854593504,4267783.047507711,1164.122132617123,56.19508701215509,1570.9667154947917,1635.1333821614585,1522.1333821614585,1683.9667154947917,1457.9667154947917,1748.1333821614585,1409.1333821614585,-0.0757367593062668,-57.32620320855615,-72.2316173491879,-70.871546926702,-1.3600704224859044,42.12767040903517,33.981745416608064,1538.6099853515625,1634.3749938964843,1790.7100024414062,1733.7640014648437,TORNTPOWER.NS,2025-01-15 10:59:14.074671
33,2024-11-29 00:00:00+05:30,1510.0,1556.949951171875,1502.199951171875,1510.699951171875,748693,0.0,0.0,2024-11-29,1646.1474914550781,108.0490235701132,1754.1965150251913,1538.098467884965,1862.2455385953044,1430.0494443148518,-95.55724699719681,-128.30060474803568,138037985,2447640.761686784,2488804.3457362624,1160.8828261575854,38.308217833942095,1523.2832845052083,1544.3666178385415,1489.6166178385415,1578.0332845052083,1468.5332845052083,1599.1166178385415,1434.8666178385415,-0.20669293178793774,-91.23256248875464,-78.63751458879528,-70.53152932108053,-8.105985267714757,32.36903392283634,35.41469368915857,1544.22998046875,1646.1474914550781,1797.642001953125,1732.6340014648438,TORNTPOWER.NS,2025-01-15 10:59:14.074671
34,2024-11-28 00:00:00+05:30,1539.699951171875,1553.0,1502.75,1508.0999755859375,370066,0.0,0.0,2024-11-28,1662.0199951171876,110.39579434668747,1772.4157894638752,1551.6242007705,1882.8115838105625,1441.2284064238127,-128.6802531677341,-139.84346764520245,137289292,1207744.332232753,2499095.241748632,1160.2757795733683,35.10127536923481,1521.2833251953125,1539.816650390625,1489.566650390625,1571.5333251953125,1471.0333251953125,1590.066650390625,1439.316650390625,-0.1911298955426686,-93.0807737561917,-78.20206257958898,-68.50503300415184,-9.697029575437142,32.00286993618022,35.527581831787934,1545.5699951171875,1662.0199951171876,1803.02900390625,1732.622001953125,TORNTPOWER.NS,2025-01-15 10:59:14.074671
35,2024-11-27 00:00:00+05:30,1560.5,1566.8499755859375,1522.25,1532.75,475277,0.0,0.0,2024-11-27,1678.7549987792968,111.20068279681976,1789.9556815761166,1567.554315982477,1901.1563643729364,1456.3536331856571,-97.12467246147568,-141.62603384548632,137659358,1576463.1086313014,2821932.969127602,1159.9771802433636,42.235530674613095,1540.6166585286458,1558.9833170572915,1514.383341471354,1585.2166341145833,1496.0166829427083,1603.583292643229,1469.7833658854165,-0.172068684023277,-85.16617164393796,-76.20361411495082,-66.08077561029255,-10.122838504658276,33.60459354073821,35.551310202465324,1560.4199951171875,1678.7549987792968,1808.4830053710937,1732.6800024414063,TORNTPOWER.NS,2025-01-15 10:59:14.074671
36,2024-11-26 00:00:00+05:30,1612.0,1617.4000244140625,1545.0,1555.199951171875,543858,0.0,0.0,2024-11-26,1693.570001220703,110.46020995647923,1804.0302111771823,1583.1097912642238,1914.4904211336616,1472.6495813077445,-47.951197261429904,-135.70921107728003,138134635,1830363.9118213612,3133300.4342516772,1159.565727479762,39.15961633997438,1572.5333251953125,1600.066650390625,1527.6666259765625,1644.933349609375,1500.13330078125,1672.4666748046875,1455.2666015625,-0.1855520248935521,-77.95796657361964,-74.91804819547428,-63.550065984127976,-11.367982211346309,35.089826608275104,35.80365840178233,1570.35,1693.570001220703,1813.0880053710937,1732.3215026855469,TORNTPOWER.NS,2025-01-15 10:59:14.074671
37,2024-11-25 00:00:00+05:30,1540.0,1674.0,1500.0,1614.4000244140625,2466643,0.0,0.0,2024-11-25,1712.0000061035157,116.73045968792952,1828.7304657914453,1595.269546415586,1945.4609254793747,1478.5390867276567,-26.21440185635205,-133.36961896682584,138678493,8617536.723721733,3459034.5648592557,1159.0653967296819,40.29691160193958,1596.1333414713542,1692.2666829427085,1518.2666829427085,1770.1333414713542,1422.1333414713542,1866.2666829427085,1344.2666829427085,-0.17449147145560318,-63.198039284584844,-74.34799235041282,-60.70807043129139,-13.639921919121434,39.34817549985632,36.34561636909437,1575.9300048828125,1712.0000061035157,1816.501005859375,1731.5090026855469,TORNTPOWER.NS,2025-01-15 10:59:14.074671
38,2024-11-22 00:00:00+05:30,1570.5,1575.4000244140625,1486.550048828125,1517.4000244140625,1109742,0.0,0.0,2024-11-22,1729.0150024414063,126.17475539129025,1855.1897578326966,1602.840247050116,1981.3645132239867,1476.6654916588259,-108.6920813313606,-190.31029685043285,136211850,3644079.129501941,2169409.025143636,1156.4386818183223,21.315329067184365,1526.4500325520833,1566.3500162760415,1477.500040690104,1615.3000081380208,1437.6000569661458,1655.199991861979,1388.6500651041665,-0.34526151402863486,-91.34521537048491,-78.3219736355054,-57.298089951511024,-21.023883683994377,25.61345792955011,36.92926341081504,1564.85,1729.0150024414063,1818.2190063476562,1729.929501953125,TORNTPOWER.NS,2025-01-15 10:59:14.074671
39,2024-11-21 00:00:00+05:30,1582.0,1592.0,1548.0,1582.3499755859375,457053,0.0,0.0,2024-11-21,1750.9950012207032,125.65934784640841,1876.6543490671115,1625.335653374295,2002.31369691352,1499.6763055278864,-87.68610752344611,-178.79196942208617,137321592,1565073.7157543201,1800741.4990540594,1155.4994186441888,23.71184609244328,1574.1166585286458,1600.2333170572915,1556.2333170572915,1618.1166585286458,1530.1166585286458,1644.2333170572915,1512.2333170572915,-0.32411842647128525,-83.0634998139881,-72.67014704391181,-52.042119030512424,-20.628028013399387,29.810776018828207,35.176747208443125,1590.389990234375,1750.9950012207032,1821.6380053710936,1729.739501953125,TORNTPOWER.NS,2025-01-15 10:59:14.074671
40,2024-11-19 00:00:00+05:30,1590.0,1615.4000244140625,1570.0,1582.4000244140625,451519,0.0,0.0,2024-11-19,1769.5050048828125,126.7708355460362,1896.2758404288486,1642.7341693367764,2023.046675974885,1515.96333379074,-93.20144520839052,-187.60077646137947,137778645,1546172.6984250115,1859658.444878994,1155.0414743249494,29.897997343016286,1589.2666829427083,1608.5333658854165,1563.133341471354,1634.6667073567708,1543.8666585286458,1653.933390299479,1517.7333170572915,-0.3743703046566417,-85.20774946978878,-70.7296195982085,-46.88511202716257,-23.84450757104593,29.814268499350803,33.79025187462833,1605.6599853515625,1769.5050048828125,1823.4000048828125,1729.1080017089844,TORNTPOWER.NS,2025-01-15 10:59:14.074671
41,2024-11-18 00:00:00+05:30,1578.5,1597.0,1529.0,1583.0999755859375,622083,0.0,0.0,2024-11-18,1788.7375061035157,126.06682412677667,1914.8043302302924,1662.670681976739,2040.871154357069,1536.6038578499624,-136.17882840619842,-225.90293592771542,138230164,2131190.957269611,1938029.8814924895,1154.5880558412662,23.616768516721805,1569.6999918619792,1610.3999837239585,1542.3999837239585,1637.6999918619792,1501.6999918619792,1678.3999837239585,1474.3999837239585,-0.3643908762891147,-85.01385717841066,-67.17842457734059,-40.923985134401086,-26.254439442939507,29.85974532711552,32.501487560961756,1625.22998046875,1788.7375061035157,1825.64900390625,1728.3960009765624,TORNTPOWER.NS,2025-01-15 10:59:14.074671
42,2024-11-14 00:00:00+05:30,1600.0,1638.300048828125,1545.699951171875,1559.0,989846,0.0,0.0,2024-11-14,1808.2650085449218,122.74136633833379,1931.0063748832556,1685.523642206588,2053.7477412215894,1562.7822758682541,-160.3061623583512,-247.37318066071984,137608081,3339484.537048813,1889739.6125482093,1153.9607528819758,23.516105542333236,1581.0,1616.300048828125,1523.699951171875,1673.60009765625,1488.39990234375,1708.900146484375,1431.099853515625,-0.35707318420428014,-96.61274723006265,-61.682898498196664,-34.36037527366621,-27.322523224530457,26.264078565224366,30.579426232501287,1647.42998046875,1808.2650085449218,1827.4550048828125,1727.6935009765625,TORNTPOWER.NS,2025-01-15 10:59:14.074671
43,2024-11-13 00:00:00+05:30,1657.5,1692.0,1634.0,1645.0999755859375,289890,0.0,0.0,2024-11-13,1827.3050109863282,111.01479410170853,1938.3198050880367,1716.2902168846197,2049.3345991897454,1605.2754227829112,-111.91261882530696,-206.82200932499757,138597927,1032027.380074077,1527303.381423058,1153.0150741172265,25.614629308044115,1657.0333251953125,1680.066650390625,1622.066650390625,1715.0333251953125,1599.0333251953125,1738.066650390625,1564.066650390625,-0.2871198400744551,-96.95013681133987,-51.338887990704734,-27.529744467533597,-23.809143523171137,31.645925232847603,28.641780280716496,1686.839990234375,1827.3050109863282,1830.9480053710938,1727.0135009765625,TORNTPOWER.NS,2025-01-15 10:59:14.074671
44,2024-11-12 00:00:00+05:30,1691.449951171875,1709.5,1640.0,1658.699951171875,262961,0.0,0.0,2024-11-12,1842.467510986328,105.38565419301723,1947.8531651793453,1737.0818567933109,2053.2388193723627,1631.6962026002936,-126.33525482532144,-212.4760541791548,138887817,943897.5607360556,1651122.381760303,1152.6783693757382,40.409122316406226,1669.3999837239583,1698.7999674479165,1629.2999674479165,1738.8999837239583,1599.8999837239583,1768.2999674479165,1559.7999674479165,-0.2819983488272084,-94.87672570633562,-45.797101103353725,-21.57745858674081,-24.219642516612915,32.626523275975586,27.398171047671205,1715.5300048828126,1842.467510986328,1832.3030053710938,1725.597000732422,TORNTPOWER.NS,2025-01-15 10:59:14.074671
45,2024-11-11 00:00:00+05:30,1690.0,1720.300048828125,1676.050048828125,1680.25,327203,0.0,0.0,2024-11-11,1857.1925109863282,98.72109326502725,1955.9136042513555,1758.471417721301,2054.634697516383,1659.7503244562738,-124.9470403646473,-199.6935536704331,139150778,1189753.1689562185,1827928.5870163646,1152.3640971640768,34.1599844110375,1692.2000325520833,1708.3500162760415,1664.1000162760415,1736.4500325520833,1647.9500325520833,1752.6000162760415,1619.8500162760415,-0.2533631004142744,-98.79016207594488,-39.34743062190046,-15.522547957587582,-23.824882664312874,34.185120966331525,26.126331185992917,1725.77001953125,1857.1925109863282,1834.4520068359375,1724.9710009765624,TORNTPOWER.NS,2025-01-15 10:59:14.074671
46,2024-11-08 00:00:00+05:30,1757.5,1762.0,1688.0,1694.0999755859375,439856,0.0,0.0,2024-11-08,1870.1925109863282,91.0121811224109,1961.2046921087392,1779.1803298639172,2052.21687323115,1688.1681487415065,-128.99009989441657,-180.81593064713476,139477981,1612557.635311764,1987472.441531401,1151.9558354168757,26.992515288040607,1714.6999918619792,1741.3999837239585,1667.3999837239585,1788.6999918619792,1640.6999918619792,1815.3999837239585,1593.3999837239585,-0.19610475674114622,-97.44245542040368,-32.616078062477754,-9.566327291509362,-23.049750770968394,35.18830210576181,25.176006184286987,1749.260009765625,1870.1925109863282,1835.7170068359376,1724.0675012207032,TORNTPOWER.NS,2025-01-15 10:59:14.074671
47,2024-11-07 00:00:00+05:30,1797.449951171875,1798.0,1750.0,1756.050048828125,222251,0.0,0.0,2024-11-07,1879.8075134277344,81.0413351871227,1960.8488486148572,1798.7661782406117,2041.89018380198,1717.724843053489,-82.54706855101111,-119.79104327209714,139917837,844590.7145405477,2081201.14308631,1151.391602536124,31.73167832845661,1768.0166829427083,1786.0333658854165,1738.0333658854165,1816.0166829427083,1720.0166829427083,1834.0333658854165,1690.0333658854165,-0.1606414775251891,-79.83800275083124,-24.86773672876393,-3.8038895987672627,-21.063847129996667,40.07252916161198,24.29857662213777,1775.5300048828126,1879.8075134277344,1835.0220068359374,1723.1710009765625,TORNTPOWER.NS,2025-01-15 10:59:14.074671
48,2024-11-06 00:00:00+05:30,1710.050048828125,1794.949951171875,1710.050048828125,1788.550048828125,773246,0.0,0.0,2024-11-06,1886.2150085449218,75.62668902367776,1961.8416975685996,1810.588319521244,2037.4683865922773,1734.9616304975664,-100.39711466474458,-118.18587974424307,140140088,2992846.6786114243,2390353.7502227505,1151.073464649448,35.68010840859603,1764.5166829427083,1818.9833170572915,1734.0834147135415,1849.4165852864583,1679.6167805989583,1903.8832194010415,1649.1835123697915,-0.1685778703008555,-70.60242510228895,-20.671871526440327,1.4620721837319044,-22.133943710172232,42.97860694778353,24.205310909003106,1788.6699951171875,1886.2150085449218,1833.3720068359376,1721.6015002441407,TORNTPOWER.NS,2025-01-15 10:59:14.074671
49,2024-11-05 00:00:00+05:30,1795.0,1795.8499755859375,1685.0999755859375,1709.9000244140625,1112364,0.0,0.0,2024-11-05,1893.5450073242187,72.7107244462738,1966.2557317704925,1820.8342828779448,2038.9664562167663,1748.123558431671,-150.40979015983788,-150.06782475945363,139366842,4116075.505667231,2239730.518125582,1149.9043982318597,27.0857187837655,1730.2833251953125,1775.4666748046875,1664.7166748046875,1841.0333251953125,1619.5333251953125,1886.2166748046875,1553.9666748046875,-0.16804008564429918,-92.95252994954497,-18.18743999427693,6.995558111274962,-25.18299810555189,31.877028039981226,24.0272557334226,1796.589990234375,1893.5450073242187,1831.3780053710936,1719.6540002441407,TORNTPOWER.NS,2025-01-15 10:59:14.074671
50,2024-11-04 00:00:00+05:30,1828.449951171875,1833.949951171875,1790.0,1797.699951171875,217523,0.0,0.0,2024-11-04,1898.8825073242188,61.58764403771911,1960.470151361938,1837.2948632864995,2022.057795399657,1775.7072192487806,-85.79479854674207,-63.01282890825822,140479206,846229.3424718659,1770644.2712401696,1148.4231218892717,33.45067692321609,1807.2166341145833,1824.4332682291665,1780.4833170572915,1851.1665852864583,1763.2666829427083,1868.3832194010415,1736.5333658854165,-0.11380601308728583,-96.88261086158907,-6.985211764678525,13.291307637662934,-20.276519402341457,39.936998605442845,23.83550400587436,1823.1699951171875,1898.8825073242188,1829.7330053710937,1718.6047192382812,TORNTPOWER.NS,2025-01-15 10:59:14.074671
51,2024-11-01 00:00:00+05:30,1813.449951171875,1843.0,1813.0,1825.449951171875,53939,0.0,0.0,2024-11-01,1898.9700073242188,61.437383824459836,1960.4073911486787,1837.532623499759,2021.8447749731386,1776.0952396752991,-80.8400314894275,-36.45675895104228,140696729,213077.95015768983,2001748.0034322455,1148.0871025162462,36.96636367431274,1827.1499837239583,1841.2999674479165,1811.2999674479165,1857.1499837239583,1797.1499837239583,1871.2999674479165,1781.2999674479165,-0.1205195517242484,-90.02129737367021,-1.1840909580128027,18.360437488248298,-19.5445284462611,43.138107975831936,25.39832315011231,1829.4400146484375,1898.9700073242188,1827.2190063476562,1716.3991369628907,TORNTPOWER.NS,2025-01-15 10:59:14.074671
52,2024-10-31 00:00:00+05:30,1830.0,1844.0,1802.0,1821.75,259920,0.0,0.0,2024-10-31,1902.2325073242187,59.012401702748846,1961.2449090269674,1843.2201056214699,2020.2573107297164,1784.2077039187209,-107.7982210202244,-35.63330919763753,140642790,1024693.9352392183,2448915.5167508842,1148.00016459948,45.472246201674764,1822.5833333333333,1843.1666666666665,1801.1666666666665,1864.5833333333333,1780.5833333333333,1885.1666666666665,1759.1666666666665,-0.09180915718503882,-91.59574468085107,3.528087816551988,23.246569599813572,-19.718481783261584,42.568164430351516,27.117540637313677,1849.1100341796875,1902.2325073242187,1824.6810083007813,1713.4212976074218,TORNTPOWER.NS,2025-01-15 10:59:14.074671
53,2024-10-30 00:00:00+05:30,1847.0,1890.0,1817.699951171875,1828.1500244140625,352735,0.0,0.0,2024-10-30,1904.0375061035156,56.93672492857255,1960.9742310320883,1847.100781174943,2017.9109559606607,1790.1640562463706,-118.55066800351294,-10.831222083023183,140902710,1395487.9038847794,2804970.9121288005,1147.5832068779441,45.269115501667834,1845.2833251953125,1872.86669921875,1800.566650390625,1917.5833740234375,1772.9832763671875,1945.166748046875,1728.2666015625,-0.08117983362266873,-94.03421816457015,9.872037835512174,28.176190045628967,-18.304152210116793,43.26469103029632,28.96900562353053,1875.7000244140625,1904.0375061035156,1822.7080078125,1710.1462963867189,TORNTPOWER.NS,2025-01-15 10:59:14.074671
54,2024-10-29 00:00:00+05:30,1837.199951171875,1864.1500244140625,1828.0,1842.800048828125,296729,0.0,0.0,2024-10-29,1905.7150024414063,55.04605778102013,1960.7610602224265,1850.6689446603862,2015.8071180034467,1795.622886879366,-182.3564834650576,-8.042857855689036,141255445,1183324.6114995752,3157341.6641898053,1147.0111517656385,41.35689510875347,1844.9833577473958,1861.9667154947915,1825.816691080729,1881.1333821614583,1808.8333333333333,1898.116739908854,1789.6666666666665,-0.07803144502412002,-87.4380785767952,17.21433450331847,32.75222809815816,-15.537893594839694,44.82364361668643,30.632061153815165,1901.47001953125,1905.7150024414063,1822.0920068359376,1706.447696533203,TORNTPOWER.NS,2025-01-15 10:59:14.074671
55,2024-10-28 00:00:00+05:30,1928.949951171875,1938.3499755859375,1814.9000244140625,1829.050048828125,549193,0.0,0.0,2024-10-28,1907.475,53.46872140815627,1960.943721408156,1854.0062785918437,2014.4124428163125,1800.5375571836873,-292.03294895586873,7.520668727774393,140958716,2173783.4188215747,3650845.927362363,1146.5188139095465,60.186155468780775,1860.7666829427083,1906.633341471354,1783.183390299479,1984.2166341145833,1737.3167317708333,2030.083292643229,1659.733439127604,-0.10324736922326064,-93.62898425507147,24.911070491725695,36.636701496868085,-11.72563100514239,43.03472795562768,32.908807216952646,1923.42001953125,1907.475,1818.6920068359375,1702.3776611328126,TORNTPOWER.NS,2025-01-15 10:59:14.074671
56,2024-10-25 00:00:00+05:30,1954.699951171875,1997.949951171875,1907.449951171875,1923.800048828125,355939,0.0,0.0,2024-10-25,1911.4125,50.18845210900895,1961.6009521090089,1861.224047890991,2011.7894042180178,1811.035595781982,-70.40463811717426,75.95259179601045,141507909,1481839.6005635941,4020111.5544975596,1145.623773986066,60.39872573722652,1943.066650390625,1978.683349609375,1888.183349609375,2033.566650390625,1852.566650390625,2069.183349609375,1797.683349609375,-0.10765117746155084,-39.95761795316603,35.74195110579694,39.56810924815368,-3.8261581423567392,54.29956898899446,35.36068759263916,1951.02001953125,1911.4125,1815.8730053710938,1698.0406408691406,TORNTPOWER.NS,2025-01-15 10:59:14.074671
57,2024-10-24 00:00:00+05:30,1952.300048828125,2005.0,1945.0,1954.699951171875,1068959,0.0,0.0,2024-10-24,1909.6924987792968,50.33083360093505,1960.0233323802317,1859.3616651783618,2010.354165981167,1809.0308315774266,73.65405716419252,97.51371849728045,141863848,4521753.04284212,4654679.542981051,1144.9618353795079,59.96595162965477,1968.2333170572917,1991.4666341145835,1931.4666341145835,2028.2333170572917,1908.2333170572917,2051.4666341145835,1871.4666341145835,-0.08840738711835186,-29.050488755141558,39.73577626917904,40.52464878374286,-0.7888725145638205,58.97437892994151,35.9301284243273,1960.9900146484374,1909.6924987792968,1810.96900390625,1693.91720703125,TORNTPOWER.NS,2025-01-15 10:59:14.074671
58,2024-10-23 00:00:00+05:30,1945.0,2023.199951171875,1907.0999755859375,1957.0,1287350,0.0,0.0,2024-10-23,1906.3025024414062,49.41481134327435,1955.7173137846805,1856.8876910981319,2005.1321251279549,1807.4728797548576,63.37635042849994,96.42370790073548,142932807,5451966.169250028,4687911.168015784,1142.8879695565488,58.48925445161059,1962.4333089192708,2017.766642252604,1901.6666666666665,2078.533284505208,1846.3333333333333,2133.8666178385415,1785.566691080729,-0.06368179378507577,-28.238611440739678,41.203853311637204,40.72186691238382,0.4819863992533868,59.32740567403692,35.4449081135225,1958.0100341796874,1906.3025024414062,1806.11900390625,1689.3506115722657,TORNTPOWER.NS,2025-01-15 10:59:14.074671
59,2024-10-22 00:00:00+05:30,1979.0,2037.0,1918.0,1952.550048828125,2101262,0.0,0.0,2024-10-22,1904.2175048828126,48.02325276014303,1952.2407576429557,1856.1942521226695,2000.2640104030986,1808.1709993625266,98.21746426538442,105.14568738932988,141645457,8878673.191808086,4496897.4177072225,1140.3691477500784,62.69647138959571,1969.183349609375,2020.36669921875,1901.36669921875,2088.183349609375,1850.183349609375,2139.36669921875,1782.36669921875,-0.024052495903947844,-29.809366966650206,42.23261602971684,40.60137031257047,1.6312457171463706,58.88523541205552,34.92236316342503,1956.280029296875,1904.2175048828126,1802.0070043945314,1684.1490502929687,TORNTPOWER.NS,2025-01-15 10:59:14.074671
60,2024-10-21 00:00:00+05:30,1978.800048828125,1991.4000244140625,1950.0,1967.050048828125,424087,0.0,0.0,2024-10-21,1899.6900024414062,47.49223795570946,1947.1822403971157,1852.1977644856968,1994.6744783528252,1804.7055265299873,85.35886410131296,109.33853941024132,143746719,1805244.618821179,3401453.4741820064,1136.2467643064576,71.06718349024621,1969.4833577473958,1988.9667154947915,1947.566691080729,2010.8833821614583,1928.0833333333333,2030.366739908854,1906.1666666666665,0.0036982768712387364,-10.84410609147569,43.34810870040155,40.19355888328388,3.154549817117676,60.88806088793879,34.04522035655834,1956.410009765625,1899.6900024414062,1798.7860034179687,1679.1490942382814,TORNTPOWER.NS,2025-01-15 10:59:14.074671
61,2024-10-18 00:00:00+05:30,1932.0,1993.0,1905.050048828125,1973.6500244140625,739060,0.0,0.0,2024-10-18,1896.4400024414062,44.78703091445777,1941.227033355864,1851.6529715269485,1986.0140642703218,1806.8659406124907,74.04121960769405,105.55434905171802,144170806,3156570.774657429,3800505.688022213,1135.3948151235948,66.02219518705854,1957.2333577473958,2009.4166666666665,1921.4667154947915,2045.1833089192708,1869.2834065755208,2097.3666178385415,1833.5167643229165,0.05235139463620031,-8.08607256066021,42.69145751816609,39.40492142900446,3.286536089161629,61.776133888713574,33.6194011670872,1951.05,1896.4400024414062,1794.3930029296876,1673.7846887207031,TORNTPOWER.NS,2025-01-15 10:59:14.074671
62,2024-10-17 00:00:00+05:30,1950.0,1954.199951171875,1922.0,1939.800048828125,1086885,0.0,0.0,2024-10-17,1889.875,42.4351164135585,1932.3101164135585,1847.4398835864415,1974.745232827117,1805.004767172883,60.68862733954116,97.38134343486554,143431746,4562535.4338885015,3961489.416363409,1133.8941171663917,66.4682214131256,1938.6666666666667,1955.3333333333335,1923.1333821614585,1970.8666178385417,1906.4667154947917,1987.5332845052085,1890.9334309895835,-0.010259753694322525,-19.437187161796537,40.55390715868634,38.58328740671406,1.9706197519722863,58.922836603013444,33.16082665534905,1933.6,1889.875,1790.3410034179688,1667.99568359375,TORNTPOWER.NS,2025-01-15 10:59:14.074671
63,2024-10-16 00:00:00+05:30,1953.199951171875,1974.5999755859375,1936.050048828125,1948.3499755859375,433097,0.0,0.0,2024-10-16,1889.5299987792969,42.03401173242251,1931.5640105117193,1847.4959870468745,1973.598022244142,1805.4619753144518,93.49241957775946,113.7899292801781,144518631,1826071.738613994,3811227.911982136,1131.7667120149895,68.35358531112595,1953.0,1969.949951171875,1931.4000244140625,1991.5499267578125,1914.4500732421875,2008.4998779296875,1892.85009765625,0.13072587869538382,-15.73592016707251,40.53645153404818,38.09063246872098,2.4458190653272,59.97283773985282,33.13893443742839,1922.47998046875,1889.5299987792969,1786.9060034179688,1662.5686193847657,TORNTPOWER.NS,2025-01-15 10:59:14.074671
64,2024-10-15 00:00:00+05:30,1946.0,1961.449951171875,1928.0,1953.199951171875,393681,0.0,0.0,2024-10-15,1881.1150024414062,46.271584554528125,1927.3865869959343,1834.8434178868781,1973.6581715504624,1788.57183333235,112.85299276812243,117.21843295458545,144951728,1664013.5147314053,4307516.955324171,1130.906857499129,64.31750997599725,1947.5499674479167,1967.0999348958335,1933.6499837239585,1980.9999186197917,1914.1000162760417,2000.5498860677085,1900.2000325520835,0.01830183214037321,-13.636363636363637,39.05787614402129,37.47917770238918,1.5786984416321133,60.54109809402412,32.752463170409285,1919.839990234375,1881.1150024414062,1783.19900390625,1657.3139086914061,TORNTPOWER.NS,2025-01-15 10:59:14.074671
65,2024-10-14 00:00:00+05:30,1890.0,1978.0,1890.0,1940.25,1521615,0.0,0.0,2024-10-14,1872.4950073242187,48.155939118387785,1920.6509464426065,1824.339068205831,1968.8068855609943,1776.1831290874431,117.29132026233025,115.22343772609936,144558047,6388930.47670804,4968392.815472363,1130.1190387504296,66.02902304684265,1936.0833333333333,1982.1666666666665,1894.1666666666665,2024.0833333333333,1848.0833333333333,2070.1666666666665,1806.1666666666665,0.019393009339087035,-19.242403104707794,36.09541647872038,37.084503091981155,-0.9890866132607741,59.59179328160866,32.48704278237286,1892.5300048828126,1872.4950073242187,1781.1620043945313,1651.5653173828125,TORNTPOWER.NS,2025-01-15 10:59:14.074671
66,2024-10-11 00:00:00+05:30,1889.0,1900.800048828125,1847.1500244140625,1886.4000244140625,302649,0.0,0.0,2024-10-11,1863.6325073242188,51.24165372169036,1914.8741610459092,1812.3908536025283,1966.1158147675994,1761.149199880838,9.824945854764923,76.0542282368495,143036432,1235488.5528823547,4613258.400163444,1127.1079301039772,59.03182781253317,1878.11669921875,1909.0833740234375,1855.433349609375,1931.7667236328125,1824.4666748046875,1962.7333984375,1801.7833251953125,0.025598221931560774,-42.554080847537875,33.03104412145535,37.33177474529634,-4.300730623840991,55.45366529125184,32.20120544141055,1864.3699951171875,1863.6325073242188,1778.9030053710937,1646.298341064453,TORNTPOWER.NS,2025-01-15 10:59:14.074671
67,2024-10-10 00:00:00+05:30,1945.0,1949.800048828125,1866.949951171875,1884.199951171875,569426,0.0,0.0,2024-10-10,1855.6050048828124,59.41171457911624,1915.0167194619287,1796.1932903036961,1974.428434041045,1736.7815757245799,51.45501684107048,98.6014021724183,142733783,2321827.6063728514,5457700.861983716,1126.5461896281856,64.68626798867942,1900.316650390625,1933.683349609375,1850.833251953125,1983.166748046875,1817.466552734375,2016.533447265625,1767.983154296875,0.02148214685952842,-43.506493506493506,33.910655227489315,38.40695740125659,-4.496302173767276,55.279929574443194,32.83131621535015,1865.22998046875,1855.6050048828124,1778.50400390625,1641.186326904297,TORNTPOWER.NS,2025-01-15 10:59:14.074671
68,2024-10-09 00:00:00+05:30,1901.0,1984.699951171875,1886.050048828125,1935.1500244140625,4857383,0.0,0.0,2024-10-09,1846.410009765625,68.31671001305486,1914.72671977868,1778.0932997525701,1983.0434297917348,1709.7765897395154,123.14174953102625,134.88523665639863,143303209,20341486.067326315,6241669.175886432,1125.490100401395,61.8444898408609,1935.3000081380208,1984.5499674479165,1885.9000651041665,2033.9499104817708,1836.6501057942708,2083.1998697916665,1787.2501627604165,0.03477411711714791,-21.450184743641774,34.73970006546847,39.5310329446984,-4.791332879229934,60.340797510897346,33.05499067347372,1859.9599853515624,1846.410009765625,1772.846005859375,1635.6978137207032,TORNTPOWER.NS,2025-01-15 10:59:14.074671
69,2024-10-08 00:00:00+05:30,1794.5999755859375,1821.949951171875,1753.699951171875,1816.6500244140625,508863,0.0,0.0,2024-10-08,1834.0700073242188,73.53443714311834,1907.604444467337,1760.5355701811004,1981.1388816104554,1687.001133037982,-160.38888342472853,24.04100835594536,138445826,2000496.6675644286,2716714.9530264605,1115.7471074199202,64.83389839512037,1797.4333089192708,1841.1666666666665,1772.9166666666665,1865.6833089192708,1729.1833089192708,1909.4166666666665,1704.6666666666665,0.033324946241824784,-70.88341724488188,30.25695934834016,40.72886616450589,-10.471906816165728,50.56698225428467,32.84990582538452,1845.269970703125,1834.0700073242188,1765.9870043945311,1629.9701220703125,TORNTPOWER.NS,2025-01-15 10:59:14.074671
70,2024-10-07 00:00:00+05:30,1890.800048828125,1900.0,1773.0999755859375,1799.449951171875,499299,0.0,0.0,2024-10-07,1826.7600036621093,82.12259749687915,1908.8826011589883,1744.6374061652302,1991.0051986558676,1662.514808668351,-162.14863597134405,47.84445482131457,137936963,1944312.899317955,2895769.524391968,1114.8624116107649,73.37996195488319,1824.1833089192708,1875.266642252604,1748.3666178385415,1951.0833333333333,1697.2832845052083,2002.1666666666665,1621.466593424479,-0.002448016798043246,-81.2053613228489,35.72970859158772,43.34684286854732,-7.617134276959597,48.868608887128644,35.32754740562673,1857.5399658203125,1826.7600036621093,1760.7910034179688,1625.3675805664063,TORNTPOWER.NS,2025-01-15 10:59:14.074671
71,2024-10-04 00:00:00+05:30,1857.9000244140625,1900.0,1791.0,1890.699951171875,545903,0.0,0.0,2024-10-04,1821.5300048828126,87.13137635610107,1908.6613812389137,1734.3986285267115,1995.7927575950148,1647.2672521706104,-97.33511856938352,83.35106411690002,138436262,2233591.6799669224,3133633.680660471,1114.013498732664,76.03682251076778,1860.566650390625,1930.13330078125,1821.13330078125,1969.566650390625,1751.566650390625,2039.13330078125,1712.13330078125,0.022909837203894806,-35.223518719892986,43.8890734179065,45.25112643778722,-1.3620530198807188,58.824883472090995,37.49805732431367,1879.2099853515624,1821.5300048828126,1755.5010034179688,1620.4916577148438,TORNTPOWER.NS,2025-01-15 10:59:14.074671
72,2024-10-03 00:00:00+05:30,1842.5,1865.0,1830.0,1857.8499755859375,295260,0.0,0.0,2024-10-03,1810.6650085449219,91.49135849445442,1902.1563670393764,1719.1736500504674,1993.6477255338307,1627.682291556013,-142.29587493626144,78.6349445030557,137890359,1187082.617843636,3358644.1808338575,1112.9590539232156,76.13385955415029,1850.9499918619792,1871.8999837239585,1836.8999837239585,1885.9499918619792,1815.9499918619792,1906.8999837239585,1801.8999837239585,-0.014416623519490563,-44.508460309086395,44.683804545270505,45.5916396927574,-0.9078351474868924,55.815670127015075,39.35522295522227,1878.95,1810.6650085449219,1748.0760034179686,1614.8209387207032,TORNTPOWER.NS,2025-01-15 10:59:14.074671
73,2024-10-01 00:00:00+05:30,1880.0,1887.9000244140625,1851.0999755859375,1861.699951171875,479862,0.0,0.0,2024-10-01,1804.455010986328,92.33129998358447,1896.7863109699124,1712.1237110027437,1989.117610953497,1619.792411019159,-114.53542796348371,98.19933506840097,138185619,1933266.5485588918,3901534.5715814126,1112.4116864905025,77.78632109438804,1866.8999837239583,1882.699991861979,1845.899943033854,1903.7000325520833,1830.0999348958333,1919.500040690104,1809.099894205729,0.005437470160322946,-41.1798566097764,48.259498742627784,45.81859847962912,2.4409002629986674,56.26315971290963,40.18937139066418,1884.760009765625,1804.455010986328,1740.77900390625,1609.4218615722657,TORNTPOWER.NS,2025-01-15 10:59:14.074671
74,2024-09-30 00:00:00+05:30,1900.0,1949.449951171875,1867.75,1878.0,750958,0.0,0.0,2024-09-30,1797.0125122070312,93.46628825094831,1890.4788004579796,1703.546223956083,1983.9450887089279,1610.0799357051346,45.94465641241668,136.1199788209562,138665481,3051946.5643311413,4393601.577337042,1111.5157733276144,80.14326963078503,1898.3999837239583,1929.0499674479165,1847.3500162760415,1980.0999348958333,1816.7000325520833,2010.7499186197915,1765.6500651041665,-0.0071650110417198565,-32.285268411001894,51.727102070286264,45.20837341387945,6.5187286564068145,58.09421678930307,40.37584170821569,1895.480029296875,1797.0125122070312,1733.72900390625,1604.0805444335938,TORNTPOWER.NS,2025-01-15 10:59:14.074671
75,2024-09-27 00:00:00+05:30,1934.949951171875,1957.300048828125,1895.050048828125,1907.800048828125,925681,0.0,0.0,2024-09-27,1791.4200134277344,91.69485805207222,1883.1148714798067,1699.725155375662,1974.809729531879,1608.0302973235898,96.39556152202626,163.95729648514563,139416439,3821729.059096209,4729015.330588517,1110.0788522913758,83.87651756498892,1920.050048828125,1945.050048828125,1882.800048828125,1982.300048828125,1857.800048828125,2007.300048828125,1820.550048828125,0.04055403976607114,-21.100905634645233,53.77763330868129,43.57869124977775,10.19894205890354,61.49154201602266,39.986355950422,1892.280029296875,1791.4200134277344,1726.69900390625,1598.996171875,TORNTPOWER.NS,2025-01-15 10:59:14.074671
76,2024-09-26 00:00:00+05:30,1890.0,1917.0,1852.6500244140625,1889.4000244140625,748505,0.0,0.0,2024-09-26,1783.205010986328,88.00516809449783,1871.2101790808258,1695.1998428918303,1959.2153471753236,1607.1946747973325,45.13188778962467,135.79062472031873,138490758,3060443.115426684,4955836.898461593,1108.231153079875,80.53431527812418,1886.3500162760417,1920.050008138021,1855.7000325520835,1950.6999918619792,1822.0000406901042,1984.3999837239585,1791.350056966146,0.0946355437859845,-25.959369989595878,52.65326874736115,41.02895573505186,11.624313012309294,60.15559751417354,38.53017811226416,1891.130029296875,1783.205010986328,1719.397001953125,1594.2881066894531,TORNTPOWER.NS,2025-01-15 10:59:14.074671
77,2024-09-25 00:00:00+05:30,1909.050048828125,1929.949951171875,1867.050048828125,1886.9000244140625,564052,0.0,0.0,2024-09-25,1771.7025085449218,88.42773448126698,1860.1302430261887,1683.2747740636548,1948.5579775074557,1594.8470395823879,62.733010018023,151.42859329280375,137742253,2303210.982994024,5429685.344220321,1106.7653603035824,81.66648510081998,1894.6333414713542,1922.2166341145835,1859.3167317708335,1957.5332438151042,1831.7334391276042,1985.1165364583335,1796.4168294270835,0.08378752432654614,-26.7655616041796,52.22808820967157,38.122877481974534,14.105210727697035,59.980434601184335,37.421825625793346,1881.72001953125,1771.7025085449218,1712.5200024414062,1590.1994494628907,TORNTPOWER.NS,2025-01-15 10:59:14.074671
78,2024-09-24 00:00:00+05:30,1866.0,1930.0,1865.0,1915.300048828125,1057400,0.0,0.0,2024-09-24,1761.035009765625,86.65034010508465,1847.6853498707098,1674.3846696605403,1934.3356899757944,1587.7343295554558,82.94430366215632,170.66618392797866,138306305,4382700.719209791,6211303.934526895,1105.660681064148,82.08496411679376,1903.433349609375,1941.86669921875,1876.86669921875,1968.433349609375,1838.433349609375,2006.86669921875,1811.86669921875,0.0843444088313076,-17.60721698954352,51.1386057302102,34.59657480005028,16.542030930159925,62.89718803809401,35.631426038642466,1890.92001953125,1761.035009765625,1705.1710009765625,1586.3532458496093,TORNTPOWER.NS,2025-01-15 10:59:14.074671
79,2024-09-23 00:00:00+05:30,1909.25,1921.0999755859375,1850.0,1862.0,550984,0.0,0.0,2024-09-23,1749.7125061035156,79.9691856658775,1829.6816917693932,1669.743320437638,1909.6508774352706,1589.7741347717606,74.8957764692942,150.99570807412894,137248905,2220160.4072202924,6668454.73835617,1103.505753012135,77.60137121933197,1877.6999918619792,1905.3999837239585,1834.300008138021,1948.7999674479167,1806.6000162760417,1976.499959309896,1763.2000325520835,0.07923023427452809,-34.79523795839847,46.17193854935999,30.461067067510296,15.710871481849697,59.46177443862414,33.70330340632613,1863.87001953125,1749.7125061035156,1697.0660009765625,1582.1736657714844,TORNTPOWER.NS,2025-01-15 10:59:14.074671
80,2024-09-20 00:00:00+05:30,1856.3499755859375,1920.0,1840.0999755859375,1902.050048828125,1489978,0.0,0.0,2024-09-20,1737.9950073242187,79.81924153426012,1817.8142488584788,1658.1757657899586,1897.6334903927388,1578.3565242556986,102.82669535697308,169.43042086465505,137799889,6132922.626300083,7780528.321140139,1102.4523468238515,77.50298553737773,1887.3833414713542,1934.666707356771,1854.7666829427085,1967.2833658854167,1807.4833170572917,2014.5667317708335,1774.866658528646,0.07209706143353582,-21.880032546837253,44.36277191377849,26.53334919704787,17.82942271673062,63.568592151268554,31.710865658871686,1847.630029296875,1737.9950073242187,1690.4280004882812,1578.8642407226562,TORNTPOWER.NS,2025-01-15 10:59:14.074671
81,2024-09-19 00:00:00+05:30,1932.0,1932.0,1820.0,1842.3499755859375,1228563,0.0,0.0,2024-09-19,1726.4925048828125,71.0249208167811,1797.5174256995936,1655.4675840660313,1868.5423465163747,1584.4426632492502,110.82632116590582,153.28596059549318,136309911,4898185.788885828,8192429.744850153,1099.4380216121688,76.46925121978877,1864.7833251953125,1909.566650390625,1797.566650390625,1976.7833251953125,1752.7833251953125,2021.566650390625,1685.566650390625,0.02545958640898601,-41.13191192199152,37.4300041864567,22.07599351786521,15.354010668591489,59.71762556212259,29.57510346265536,1819.82001953125,1726.4925048828125,1683.2919995117188,1574.7044445800782,TORNTPOWER.NS,2025-01-15 10:59:14.074671
82,2024-09-18 00:00:00+05:30,1840.0,1969.9000244140625,1803.25,1932.9000244140625,6172266,0.0,0.0,2024-09-18,1719.302508544922,65.76279325185384,1785.0653017967757,1653.5397152930682,1850.8280950486296,1587.7769220412142,195.1579440776489,198.7003408434593,137538474,25817828.700652655,9015990.733841233,1097.1215576292554,83.6056956038974,1902.0166829427083,2000.7833658854165,1834.133341471354,2068.6667073567705,1735.3666585286458,2167.433390299479,1667.4833170572915,0.047177779078198916,-11.86467946020531,33.866392049018714,18.23749085071734,15.628901198301374,70.16320837256322,27.275051866730088,1796.52001953125,1719.302508544922,1676.8180004882813,1571.3411486816406,TORNTPOWER.NS,2025-01-15 10:59:14.074671
83,2024-09-17 00:00:00+05:30,1808.0,1900.0,1760.0,1780.050048828125,3895585,0.0,0.0,2024-09-17,1708.8125061035157,42.525455841166405,1751.337961944682,1666.2870502623493,1793.8634177858485,1623.761594421183,176.0799903213678,112.91707161363476,131366208,15006195.064124437,4815531.242138377,1083.8205746493463,72.59262109036351,1813.3500162760417,1866.7000325520835,1726.7000325520835,1953.3500162760417,1673.3500162760417,2006.7000325520835,1586.7000325520835,-0.20567903180638425,-48.19202065337282,19.87295363924045,14.330265551141995,5.542688088098455,58.892775204704805,24.79807322496441,1750.0000244140624,1708.8125061035157,1667.6260009765624,1567.1252185058593,TORNTPOWER.NS,2025-01-15 10:59:14.074671
84,2024-09-16 00:00:00+05:30,1769.9000244140625,1797.0,1745.050048828125,1780.800048828125,621144,0.0,0.0,2024-09-16,1709.6775024414062,44.19395358208836,1753.8714560234946,1665.4835488593178,1798.065409605583,1621.2895952772294,161.25409357410788,76.49760764412231,135261793,2393718.8657181095,2267865.2866418622,1076.756467720819,60.98601217424744,1774.2833658854167,1803.5166829427085,1751.5667317708335,1826.2333170572917,1722.3334147135417,1855.4666341145835,1699.6167805989585,0.06889336725044057,-11.103460220061194,16.709413367166007,12.94459352911738,3.764819838048627,58.99430879439121,22.736543362714386,1731.660009765625,1709.6775024414062,1662.215,1564.3325524902343,TORNTPOWER.NS,2025-01-15 10:59:14.074671
85,2024-09-13 00:00:00+05:30,1725.0,1776.0,1718.1500244140625,1763.0,663591,0.0,0.0,2024-09-13,1704.2775024414063,41.56626612478246,1745.8437685661888,1662.7112363166239,1787.4100346909713,1621.1449701918414,119.75414409300807,57.762034848382676,134640649,2531736.4180272934,2236401.8918728004,1075.6156213043764,61.72019314992232,1752.3833414713542,1786.616658528646,1728.7666829427085,1810.2333170572917,1694.5333658854167,1844.4666341145835,1670.916707356771,0.03326927921060502,-9.090909090909092,12.332086604174492,12.003388569605224,0.3286980345692676,57.37478102398006,21.865660489195008,1709.589990234375,1704.2775024414063,1656.8769995117189,1561.253585205078,TORNTPOWER.NS,2025-01-15 10:59:14.074671
86,2024-09-12 00:00:00+05:30,1709.0,1742.0,1707.1500244140625,1725.8499755859375,457946,0.0,0.0,2024-09-12,1700.5325012207031,39.30997937068335,1739.8424805913864,1661.2225218500198,1779.1524599620698,1621.9125424793365,51.73370281414009,33.769721779452794,133977058,1710342.1549872218,2162568.260334177,1074.4235891438047,54.380792569792,1725.0,1742.8499755859375,1708.0,1759.8499755859375,1690.1500244140625,1777.699951171875,1673.1500244140625,-0.029241571304973454,-31.719935400007877,8.2939671997176,11.921214060962907,-3.6272468612453075,53.84174754347481,21.301421173802186,1695.9599853515624,1700.5325012207031,1651.555,1558.5975048828125,TORNTPOWER.NS,2025-01-15 10:59:14.074671
87,2024-09-11 00:00:00+05:30,1690.0,1714.0,1685.25,1700.300048828125,427830,0.0,0.0,2024-09-11,1698.1700012207032,39.12775844107069,1737.2977596617739,1659.0422427796325,1776.4255181028445,1619.9144843385618,-14.713708201173418,13.243392022698025,133519112,1574209.3630453197,2275624.786670916,1073.6430629276367,49.65696625276187,1699.8500162760417,1714.4500325520835,1685.7000325520835,1728.6000162760417,1671.1000162760417,1743.2000325520835,1656.9500325520835,-0.0496189318701208,-48.209083389136175,6.656999045400653,12.828025776274231,-6.171026730873578,51.26188064593895,21.371981679084218,1685.4699951171874,1698.1700012207032,1646.5169995117187,1556.4146691894532,TORNTPOWER.NS,2025-01-15 10:59:14.074671
88,2024-09-10 00:00:00+05:30,1675.949951171875,1714.0999755859375,1675.5999755859375,1688.3499755859375,600504,0.0,0.0,2024-09-10,1698.7649963378906,39.25213379440648,1738.017130132297,1659.512862543484,1777.2692639267036,1620.2607287490775,-29.083600065883708,10.25847238004644,133091282,2194037.619210887,2450978.6425773147,1072.9408070004386,44.63281880308701,1692.6833089192708,1709.766642252604,1671.266642252604,1731.1833089192708,1654.1833089192708,1748.266642252604,1632.766642252604,-0.07278426723491814,-55.9212983022807,6.976600800561755,14.370782458992625,-7.39418165843087,50.04938239231077,22.092564160745972,1692.139990234375,1698.7649963378906,1641.6399975585937,1554.4439416503906,TORNTPOWER.NS,2025-01-15 10:59:14.074671
89,2024-09-09 00:00:00+05:30,1688.050048828125,1711.949951171875,1659.800048828125,1670.449951171875,633571,0.0,0.0,2024-09-09,1701.917498779297,40.870191319475545,1742.7876900987724,1661.0473074598215,1783.657881418248,1620.1771161403458,-56.377282516193375,3.527014472462577,132490778,2290310.94120334,2515213.898418922,1071.9712846751434,36.45833211377314,1680.7333170572917,1701.6665852864585,1649.5166829427085,1732.8832194010417,1628.5834147135417,1753.8164876302085,1597.3667805989585,-0.08522610567312906,-74.6287807096243,8.456982976088057,16.219327873600342,-7.7623448975122855,48.25899224126081,22.868576064074016,1697.039990234375,1701.917498779297,1637.8409985351564,1552.7747583007813,TORNTPOWER.NS,2025-01-15 10:59:14.074671
90,2024-09-06 00:00:00+05:30,1677.449951171875,1705.0,1663.0,1694.8499755859375,546682,0.0,0.0,2024-09-06,1707.9700012207031,44.744444223064434,1752.7144454437675,1663.2255569976387,1797.458889666832,1618.4811127745743,-23.8770921017624,11.551302635075455,133124349,2005080.0933697436,2571439.6377228172,1070.9748602153593,50.324056134810746,1687.6166585286458,1712.2333170572915,1670.2333170572915,1729.6166585286458,1645.6166585286458,1754.2333170572915,1628.2333170572915,-0.08062802740493193,-62.34585274128332,11.987065848016755,18.15991409797841,-6.172848249961657,50.55250749006354,23.751781969588052,1716.1800048828125,1707.9700012207031,1634.8159985351563,1551.8406787109375,TORNTPOWER.NS,2025-01-15 10:59:14.074671
91,2024-09-05 00:00:00+05:30,1740.3499755859375,1750.0,1662.300048828125,1673.4000244140625,525716,0.0,0.0,2024-09-05,1710.5975036621094,45.470497527499035,1756.0680011896084,1665.1270061346104,1801.5384987171074,1619.6565086071114,-3.45414070702427,19.557844898086156,132577667,1903779.5398010856,2713029.523811086,1070.0773131975625,50.62033932533906,1695.2333577473958,1728.1666666666665,1640.4667154947915,1782.9333089192708,1607.5334065755208,1815.8666178385415,1552.7667643229165,-0.13315317427444975,-73.14371919820074,13.921986728903676,19.703126160468827,-5.781139431565151,48.55676529748028,24.84959535712286,1725.910009765625,1710.5975036621094,1631.142998046875,1550.5593591308593,TORNTPOWER.NS,2025-01-15 10:59:14.074671
92,2024-09-04 00:00:00+05:30,1709.0,1741.0,1680.0999755859375,1733.6500244140625,826409,0.0,0.0,2024-09-04,1715.4800048828124,46.49722015109279,1761.9772250339051,1668.9827847317197,1808.4744451849979,1622.485564580627,48.07269263032271,38.16545983563719,133103383,3100431.6207032865,2915342.019813586,1069.2414659871959,57.157014160554304,1718.25,1756.4000244140625,1695.5,1779.1500244140625,1657.3499755859375,1817.300048828125,1634.5999755859375,-0.14481013476499066,-42.81397863998919,18.30082779440727,21.148411018360115,-2.847583223952846,54.26974995243201,26.03185592831419,1723.1,1715.4800048828124,1627.9319970703125,1549.750889892578,TORNTPOWER.NS,2025-01-15 10:59:14.074671
93,2024-09-03 00:00:00+05:30,1766.1500244140625,1768.0,1706.5999755859375,1712.8499755859375,623308,0.0,0.0,2024-09-03,1717.2000061035155,47.82211004857718,1765.0221161520926,1669.3778960549384,1812.84422620067,1621.5557860063611,58.23396258553336,47.98764799936526,132276974,2310402.8737051473,2869069.6195911607,1067.791348701658,60.00414843338277,1729.1499837239583,1751.699991861979,1690.2999674479165,1790.5500081380208,1667.7499593098958,1813.1000162760415,1628.899943033854,-0.21309093697557813,-53.28468543758526,17.6960738889627,21.860306824348328,-4.164232935385627,52.47734726936143,26.884928728546562,1711.0800048828125,1717.2000061035155,1623.0789965820313,1548.0591259765624,TORNTPOWER.NS,2025-01-15 10:59:14.074671
94,2024-09-02 00:00:00+05:30,1743.5,1775.0,1709.0,1766.1500244140625,751347,0.0,0.0,2024-09-02,1719.7075073242188,48.88498607550494,1768.5924933997237,1670.8225212487139,1817.4774794752286,1621.937535173209,87.01812908430821,64.29466274871396,132900282,2871665.413914833,3008736.306062664,1066.7277194443675,61.26677339491386,1750.0500081380208,1791.1000162760415,1725.1000162760415,1816.0500081380208,1684.0500081380208,1857.1000162760415,1659.1000162760415,-0.21248412086184515,-26.4535376749788,18.70217295689872,22.901365058194735,-4.199192101296013,57.87496249986208,27.14867746061014,1706.2800048828126,1719.7075073242188,1618.89099609375,1545.7978125,TORNTPOWER.NS,2025-01-15 10:59:14.074671
95,2024-08-30 00:00:00+05:30,1664.9000244140625,1770.0,1658.050048828125,1743.5,1450689,0.0,0.0,2024-08-30,1723.9675048828126,56.29573036107793,1780.2632352438904,1667.6717745217347,1836.5589656049685,1611.3760441606566,55.28345917651256,50.17069426462962,132148935,5473460.130326723,3043004.029099622,1065.3347792078791,54.97600868229694,1723.8500162760417,1789.6499837239585,1677.7000325520835,1835.7999674479167,1611.9000651041667,1901.5999348958335,1565.7500813802085,-0.18280343015759598,-37.8555188221269,14.457671152366629,23.951163083518736,-9.493491931152107,56.09290776105986,27.373184217221443,1678.5800048828125,1723.9675048828126,1615.4899951171874,1542.854873046875,TORNTPOWER.NS,2025-01-15 10:59:14.074671
96,2024-08-29 00:00:00+05:30,1677.800048828125,1690.0,1651.0999755859375,1659.3499755859375,325729,0.0,0.0,2024-08-29,1728.1575073242188,60.76700530645672,1788.9245126306755,1667.3905020177622,1849.6915179371322,1606.6234967113055,-69.72119524781426,16.31805782240456,130698246,1169661.2667861325,2435390.0037928466,1062.7169851436481,56.42434647013263,1666.816650390625,1682.5333251953125,1643.63330078125,1705.7166748046875,1627.9166259765625,1721.433349609375,1604.7332763671875,-0.2835132860818239,-82.90935633709357,11.03505122897377,26.32453606630676,-15.289484837332989,48.59000067594577,27.686507589053925,1664.2800048828126,1728.1575073242188,1612.4179956054688,1540.1908020019532,TORNTPOWER.NS,2025-01-15 10:59:14.074671
97,2024-08-28 00:00:00+05:30,1694.9000244140625,1700.0,1665.949951171875,1673.550048828125,380258,0.0,0.0,2024-08-28,1738.5125061035155,65.85700352455895,1804.3695096280744,1672.6555025789567,1870.2265131526335,1606.7984990543976,-47.88046959655333,26.86537802225795,131023975,1377154.7795989078,2751822.188044525,1062.1994189342668,53.68505611222389,1679.8333333333333,1693.7167154947915,1659.6666666666665,1713.8833821614583,1645.7832845052083,1727.7667643229165,1625.6166178385415,0.13465283184035415,-76.73406768414068,14.77336522800033,30.146907275640004,-15.373542047639674,49.92683778385516,29.339981721779203,1672.12001953125,1738.5125061035155,1611.3199951171875,1538.2151147460938,TORNTPOWER.NS,2025-01-15 10:59:14.074671
98,2024-08-27 00:00:00+05:30,1633.1500244140625,1705.9000244140625,1633.0,1688.8499755859375,831236,0.0,0.0,2024-08-27,1734.9000061035156,71.35968484513232,1806.2596909486479,1663.5403212583833,1877.6193757937801,1592.180636413251,-65.3103827257101,26.99883741833162,131404233,3037953.3802223997,3095489.040155929,1061.5796768603104,55.28912705678732,1675.9166666666667,1718.8333333333335,1645.933308919271,1748.8166910807292,1603.0166422526042,1791.733357747396,1573.0332845052085,0.12941864373638917,-70.08047777040478,17.93720904035672,33.99029278754992,-16.0530837471932,51.340046300912064,30.794025346529374,1682.0300048828126,1734.9000061035156,1609.8309936523438,1535.669002685547,TORNTPOWER.NS,2025-01-15 10:59:14.074671
99,2024-08-26 00:00:00+05:30,1677.0,1686.0,1620.050048828125,1627.6500244140625,675850,0.0,0.0,2024-08-26,1730.0675048828125,77.6386795925428,1807.7061844753553,1652.4288252902697,1885.344864067898,1574.790145697727,-141.7442702407061,10.495537493513616,130572997,2380548.513499005,3109872.955139311,1060.1865688706825,55.63646810588373,1644.5666910807292,1669.0833333333335,1603.1333821614585,1710.5166422526042,1578.6167399088542,1735.0332845052085,1537.1834309895835,0.12378966012223683,-96.69494359654944,20.209300997598802,38.00356372434821,-17.79426272674941,45.62313197691539,32.35991848087571,1703.7300048828124,1730.0675048828125,1607.9299951171874,1532.3260070800782,TORNTPOWER.NS,2025-01-15 10:59:14.074671
100,2024-08-23 00:00:00+05:30,1704.8499755859375,1710.0,1665.9000244140625,1672.0,395370,0.0,0.0,2024-08-23,1726.5275024414063,83.91470187136478,1810.442204312771,1642.6128005700416,1894.3569061841358,1558.6980986986769,-88.6675964496671,34.49930003006729,131248847,1430558.6742812274,3292204.0655493876,1059.1600218077867,53.35527081693321,1682.6333414713542,1699.366658528646,1655.2666829427085,1726.7333170572917,1638.5333658854167,1743.4666341145835,1611.166707356771,0.14115093839704188,-92.2279792746114,28.839333603758632,42.45212940603556,-13.612795802276928,49.53965309013925,34.37998572956569,1712.760009765625,1726.5275024414063,1607.4764331054687,1530.2144567871094,TORNTPOWER.NS,2025-01-15 10:59:14.074671
101,2024-08-22 00:00:00+05:30,1731.1500244140625,1740.0,1688.699951171875,1698.550048828125,479020,0.0,0.0,2024-08-22,1719.675,93.63463159558661,1813.3096315955866,1626.0403684044134,1906.9442631911731,1532.4057368088268,-54.71061479466555,52.27042730257191,131644217,1760749.9463420822,3757615.413366427,1058.5107877541666,47.149679551378306,1709.0833333333333,1729.4667154947915,1678.1666666666665,1760.3833821614583,1657.7832845052083,1780.7667643229165,1626.8666178385415,0.15336866653739967,-81.01870982456786,35.08363027509381,45.85532835660479,-10.771698081510976,52.022157050608655,35.61185262371829,1715.9800048828124,1719.675,1605.579267578125,1527.5092834472657,TORNTPOWER.NS,2025-01-15 10:59:14.074671
102,2024-08-21 00:00:00+05:30,1805.0,1818.699951171875,1719.0,1723.0999755859375,956087,0.0,0.0,2024-08-21,1710.7199951171874,103.77643095514468,1814.496426072332,1606.9435641620428,1918.2728570274767,1503.1671332068981,19.382246524744684,81.60578467352788,132123237,3565115.288729676,4256831.780122513,1057.6882259532078,60.92603773310578,1753.5999755859375,1788.199951171875,1688.5,1853.2999267578125,1653.9000244140625,1887.89990234375,1588.800048828125,0.16240127340481536,-72.34310644939853,39.931874533729115,48.548252876982524,-8.616378343253409,54.36114436956362,36.424985598930455,1711.989990234375,1710.7199951171874,1602.1615869140626,1523.3281481933593,TORNTPOWER.NS,2025-01-15 10:59:14.074671
103,2024-08-20 00:00:00+05:30,1678.9000244140625,1813.300048828125,1671.25,1797.3499755859375,1930032,0.0,0.0,2024-08-20,1699.2149963378906,114.52943479003194,1813.7444311279226,1584.6855615478587,1928.2738659179545,1470.1561267578268,26.261080753436076,91.42154833546316,133079324,7506938.34600486,4429760.902970722,1055.9769832956283,82.3543749228218,1760.6333414713542,1850.0166829427085,1707.9666341145835,1902.6833902994792,1618.5832926432292,1992.0667317708335,1565.9165852864585,0.18165973274777547,-44.08367506536354,43.116272130625475,50.70234746279587,-7.586075332170395,62.21731804803023,36.58119430560398,1709.8099853515625,1699.2149963378906,1597.5845849609375,1518.5104931640626,TORNTPOWER.NS,2025-01-15 10:59:14.074671
104,2024-08-19 00:00:00+05:30,1695.050048828125,1729.699951171875,1657.0,1672.800048828125,483283,0.0,0.0,2024-08-19,1684.8074951171875,119.54883579131045,1804.356330908498,1565.258659325877,1923.9051666998084,1445.7098235345666,-110.66537894739263,52.23055068048294,131149292,1749489.0974889393,3660466.542212187,1052.1081013452817,81.64618351542983,1686.5,1716.0,1643.300048828125,1759.199951171875,1613.800048828125,1788.699951171875,1570.60009765625,0.13862838654322074,-73.03211163225097,39.22748917315789,52.59886629583847,-13.371377122680578,51.24154847978095,36.81267054154778,1700.6199951171875,1684.8074951171875,1590.8033862304687,1512.7064514160156,TORNTPOWER.NS,2025-01-15 10:59:14.074671
105,2024-08-16 00:00:00+05:30,1694.0,1733.0,1675.0,1688.0999755859375,940549,0.0,0.0,2024-08-16,1677.4924926757812,124.68770624235881,1802.1801989181401,1552.8047864334224,1926.8679051604988,1428.1170801910637,-126.03778518663738,62.75112290746217,131632575,3435937.6858751066,4138210.9033929985,1051.2959635649497,83.1335205603194,1698.6999918619792,1722.3999837239585,1664.3999837239585,1756.6999918619792,1640.6999918619792,1780.3999837239585,1606.3999837239585,0.13914065402213424,-61.4331762566645,45.92059333750035,55.94171057650861,-10.021117239008262,52.997701054715286,38.18500021362331,1724.3599853515625,1677.4924926757812,1586.0633154296875,1508.5868078613282,TORNTPOWER.NS,2025-01-15 10:59:14.074671
106,2024-08-14 00:00:00+05:30,1718.5999755859375,1722.699951171875,1674.0,1678.5999755859375,307264,0.0,0.0,2024-08-14,1670.2224914550782,128.2253176963047,1798.447809151383,1541.9971737587734,1926.6731268476876,1413.7718560624687,-179.86979168397437,61.999639303318304,130692026,1116155.1865450025,4313779.207772471,1049.6702403148647,82.75069381888241,1691.7666422526042,1709.5332845052085,1660.8333333333335,1740.4665934244792,1643.0666910807292,1758.2332356770835,1612.1333821614585,0.07481410283710668,-61.82455039113159,52.28721734694955,58.44698988626067,-6.1597725393111205,52.05021204402628,39.24227404083356,1736.2199951171874,1670.2224914550782,1580.2082763671874,1503.5795080566406,TORNTPOWER.NS,2025-01-15 10:59:14.074671
107,2024-08-13 00:00:00+05:30,1760.3499755859375,1774.9000244140625,1703.1500244140625,1712.199951171875,407712,0.0,0.0,2024-08-13,1663.5699951171875,131.18505038138065,1794.7550454985683,1532.3849447358068,1925.9400958799488,1401.1998943544263,-150.62291554713855,91.30754093199157,130999290,1510684.1186152287,5113185.213079338,1049.1452690103806,83.6662407237392,1730.0833333333333,1757.016642252604,1685.266642252604,1801.8333333333333,1658.3333333333333,1828.766642252604,1613.516642252604,0.09138884648172552,-48.24444021351553,60.58180085379058,59.98693302108845,0.5948678327021355,55.740469736418504,40.52637314591045,1754.710009765625,1663.5699951171875,1576.86541015625,1498.3240686035156,TORNTPOWER.NS,2025-01-15 10:59:14.074671
108,2024-08-12 00:00:00+05:30,1780.0999755859375,1790.1500244140625,1744.3499755859375,1751.4000244140625,538222,0.0,0.0,2024-08-12,1653.9324951171875,134.46363580882934,1788.396130926017,1519.468859308358,1922.8597667348463,1385.0052234995287,-27.136921072738907,120.74968183413336,131407002,2039916.9491070337,6013810.486695365,1048.410068364997,84.96758610169033,1761.9666748046875,1779.5833740234375,1733.7833251953125,1807.7667236328125,1716.1666259765625,1825.3834228515625,1687.9832763671875,0.10415996707835352,-37.64875441017391,66.97438667448273,59.83821606291291,7.136170611569817,60.37786425142109,41.24544389594841,1765.880029296875,1653.9324951171875,1572.5822192382811,1492.6129309082032,TORNTPOWER.NS,2025-01-15 10:59:14.074671
109,2024-08-09 00:00:00+05:30,1779.0,1850.0,1755.050048828125,1791.5,1710447,0.0,0.0,2024-08-09,1641.8649963378907,136.07634588730375,1777.9413422251944,1505.788650450587,1914.0176881124983,1369.7123045632832,39.57004874423324,159.0813012116453,131945224,6631199.951049099,7007283.871092448,1047.379564165557,85.08409848759483,1798.8500162760417,1842.6499837239585,1747.7000325520835,1893.7999674479167,1703.9000651041667,1937.5999348958335,1652.7500813802085,0.1147740504459474,-25.777190526942984,70.28345696387328,58.054173410020454,12.229283553852824,65.55879781232403,40.99233275608302,1768.2000244140625,1641.8649963378907,1566.2910961914063,1486.4299926757812,TORNTPOWER.NS,2025-01-15 10:59:14.074671
110,2024-08-08 00:00:00+05:30,1775.0,1823.550048828125,1732.0,1747.4000244140625,824083,0.0,0.0,2024-08-08,1628.7949951171875,133.47638332310697,1762.2713784402945,1495.3186117940804,1895.7477617634013,1361.8422284709736,23.23678937910381,150.79741737010926,130234777,3116226.2520679603,7101304.851103284,1043.896832984015,83.52249133362926,1767.6500244140625,1803.300048828125,1711.75,1859.2000732421875,1676.0999755859375,1894.85009765625,1620.199951171875,0.13246331572152809,-35.534902740781995,69.5059287999502,54.99685252155725,14.509076278392946,62.25094736086486,40.43985587665556,1780.17001953125,1628.7949951171875,1559.5121850585938,1480.4719836425782,TORNTPOWER.NS,2025-01-15 10:59:14.074671
111,2024-08-07 00:00:00+05:30,1805.0,1828.949951171875,1765.300048828125,1771.050048828125,734738,0.0,0.0,2024-08-07,1618.6874938964843,131.6639132135523,1750.3514071100367,1487.0235806829319,1882.0153203235889,1355.3596674693797,44.839257596413546,184.1451017702954,131058860,2815976.494096328,8097574.500862115,1042.3068790241477,84.78344185096165,1788.433349609375,1811.566650390625,1747.916748046875,1852.083251953125,1724.783447265625,1875.216552734375,1684.266845703125,0.1696841490889287,-30.302017030154165,71.8005164159672,51.36958345195901,20.430932964008186,65.37778733034803,40.089374233859274,1796.1500244140625,1618.6874938964843,1553.1763745117187,1474.5604650878906,TORNTPOWER.NS,2025-01-15 10:59:14.074671
112,2024-08-06 00:00:00+05:30,1780.0,1823.949951171875,1750.050048828125,1768.050048828125,868056,0.0,0.0,2024-08-06,1606.0674926757813,128.34578978401095,1734.4132824597923,1477.7217028917703,1862.759072243803,1349.3759131077595,50.86514845238766,198.5977822887393,130324122,3321299.094737522,9417974.002553562,1040.8354798196142,85.91412024384854,1780.683349609375,1811.316650390625,1737.416748046875,1854.583251953125,1706.783447265625,1885.216552734375,1663.516845703125,0.18781743749811503,-30.965807344152697,71.32122821060443,46.261850210956965,25.059377999647467,65.17172572837245,38.850490401544704,1815.2300048828124,1606.0674926757813,1545.6503637695312,1468.2673095703126,TORNTPOWER.NS,2025-01-15 10:59:14.074671
113,2024-08-05 00:00:00+05:30,1810.0,1828.949951171875,1743.050048828125,1763.0,1097432,0.0,0.0,2024-08-05,1591.3299926757813,125.66144174213805,1716.9914344179194,1465.6685509336432,1842.6528761600575,1340.0071091915052,62.61905334394695,220.41202236894415,129456066,4186929.239107414,10942142.72950757,1039.096594024727,85.64415512934241,1778.3333333333333,1813.6166178385415,1727.7167154947915,1864.2332356770833,1692.4334309895833,1899.5165201822915,1641.8168131510415,0.20229600516381513,-32.08319850992903,69.92242394448658,39.99700571104509,29.92541823344149,64.84467219613242,37.5529884802777,1781.8800048828125,1591.3299926757813,1538.2312353515624,1462.175224609375,TORNTPOWER.NS,2025-01-15 10:59:14.074671
114,2024-08-02 00:00:00+05:30,1819.550048828125,1875.9000244140625,1786.0,1851.3499755859375,1829423,0.0,0.0,2024-08-02,1578.6549926757812,120.09592759215079,1698.7509202679319,1458.5590650836305,1818.8468478600828,1338.4631374914795,114.8317625980134,316.08536885851396,130553498,7329398.7336727,12630946.102107607,1036.901597452363,88.61800910044067,1837.75,1889.5,1799.5999755859375,1927.6500244140625,1747.8499755859375,1979.4000244140625,1709.699951171875,0.22965454381700265,-12.53457916461168,67.56945323162859,32.51565115268472,35.05380207894387,76.5175657710188,36.15567871891323,1747.7199951171874,1578.6549926757812,1531.4288134765625,1455.9635668945311,TORNTPOWER.NS,2025-01-15 10:59:14.074671
115,2024-08-01 00:00:00+05:30,1865.0,1896.0,1800.0,1827.300048828125,3746881,0.0,0.0,2024-08-01,1561.7824951171874,102.12856536147648,1663.9110604786638,1459.653929755711,1766.0396258401404,1357.5253643942344,174.28003689499153,380.54493885444094,128724075,14816494.19888459,13956332.944216331,1032.7639444071153,94.70371605069982,1841.1000162760417,1882.2000325520835,1786.2000325520835,1937.1000162760417,1745.1000162760417,1978.2000325520835,1690.2000325520835,0.21632310210155534,-17.855948642681696,54.832024144102434,23.752200632948753,31.07982351115368,75.3981380767068,33.60041645588771,1688.8199951171875,1561.7824951171874,1521.9686303710937,1448.8783850097657,TORNTPOWER.NS,2025-01-15 10:59:14.074671
116,2024-07-31 00:00:00+05:30,1700.0,1908.0,1669.0,1866.449951171875,15274443,0.0,0.0,2024-07-31,1545.2624938964843,81.57224381599117,1626.8347377124755,1463.6902500804931,1708.4069815284668,1382.118006264502,281.814914005207,425.11221759082787,132470956,61694637.991100505,13741292.630549265,1024.4097906917423,93.22967466692886,1814.4833170572917,1959.9666341145835,1720.9666341145835,2053.483317057292,1575.4833170572917,2198.9666341145835,1481.9666341145835,0.31748623383556673,-9.193506652758474,40.06202023328001,15.982244755160332,24.07977547811968,81.25311160825659,30.49332847754306,1630.3499755859375,1545.2624938964843,1513.6936767578125,1441.7399401855469,TORNTPOWER.NS,2025-01-15 10:59:14.074671
117,2024-07-30 00:00:00+05:30,1612.0,1639.8499755859375,1585.949951171875,1601.300048828125,785634,0.0,0.0,2024-07-30,1525.6374938964843,32.96558955634687,1558.6030834528312,1492.6719043401374,1591.5686730091782,1459.7063147837905,148.3239712598736,154.855103406884,117196513,2722442.2521543433,1752956.2904114535,986.7009582727849,79.00743143204089,1609.0333251953125,1632.11669921875,1578.2166748046875,1662.933349609375,1555.13330078125,1686.0167236328125,1524.316650390625,-0.2264505750981664,-37.10758575051455,16.68926696158087,9.962300885630412,6.7269660759504575,63.359267958314376,27.14723373163344,1560.9499755859374,1525.6374938964843,1503.8686499023438,1433.8269567871093,TORNTPOWER.NS,2025-01-15 10:59:14.074671
118,2024-07-29 00:00:00+05:30,1569.0,1607.699951171875,1550.050048828125,1592.199951171875,424061,0.0,0.0,2024-07-29,1518.3949890136719,31.33930448887988,1549.7342935025517,1487.055684524792,1581.0735979914316,1455.7163800359122,138.71544253690354,117.90476078284524,116410879,1461139.3222699552,1510584.799975731,985.2820360857688,77.73501483894927,1583.316650390625,1616.583251953125,1558.933349609375,1640.966552734375,1525.666748046875,1674.233154296875,1501.283447265625,-0.22624807169931002,-41.0478756748357,12.625440398159753,8.280559366642798,4.344881031516955,62.20974037288441,25.182768939746186,1539.2899658203125,1518.3949890136719,1498.5496215820312,1428.9629748535156,TORNTPOWER.NS,2025-01-15 10:59:14.074671
119,2024-07-26 00:00:00+05:30,1540.300048828125,1574.0,1536.949951171875,1556.8499755859375,270472,0.0,0.0,2024-07-26,1513.7049926757813,26.33148302564326,1540.0364757014247,1487.373509650138,1566.3679587270678,1461.0420266244948,92.99416817330221,70.42379843298527,115986818,911244.1764875042,1522946.1694021747,984.5247739786497,74.11810706301651,1555.9333089192708,1574.9166666666665,1537.8666178385415,1592.9833577473958,1518.8832600911458,1611.9667154947915,1500.8165690104165,-0.27038392839737907,-56.35421170416429,8.127438121771775,7.194339108763559,0.9330990130082153,57.38741538931877,23.432482816006168,1522.6899658203124,1513.7049926757813,1493.9532397460937,1424.5236572265626,TORNTPOWER.NS,2025-01-15 10:59:14.074671
120,2024-07-25 00:00:00+05:30,1507.800048828125,1543.550048828125,1502.1500244140625,1534.949951171875,159592,0.0,0.0,2024-07-25,1511.822491455078,24.35636928467978,1536.178860739758,1487.4661221703982,1560.5352300244376,1463.1097528857185,-17.78814491157181,17.6619189729721,115716346,530116.1386880944,1675871.667630842,984.0689482113519,72.03808537706269,1526.8833414713542,1551.616658528646,1510.2166341145835,1568.2833658854167,1485.4833170572917,1593.0166829427085,1468.816609700521,-0.25840799366287104,-65.83679626542462,5.726926164681345,6.961064355511505,-1.2341381908301603,54.01146389603858,21.98115402677658,1516.619970703125,1511.822491455078,1489.9441577148436,1420.0882165527344,TORNTPOWER.NS,2025-01-15 10:59:14.074671
121,2024-07-24 00:00:00+05:30,1504.949951171875,1549.949951171875,1492.050048828125,1519.449951171875,314215,0.0,0.0,2024-07-24,1510.634991455078,23.74062342146261,1534.3756148765408,1486.8943680336154,1558.1162382980033,1463.1537446121529,-52.65101761505843,9.535520176520922,115556754,1033187.1648189931,1962310.5498665287,983.8099440486036,72.04320022004536,1520.4833170572917,1548.9165852864585,1491.0166829427085,1578.3832194010417,1462.5834147135417,1606.8164876302085,1433.1167805989585,-0.26316699454663967,-72.5482070803439,4.723592409417506,7.269598903219044,-2.5460064938015377,51.48546538023865,20.861649661014248,1518.169970703125,1510.634991455078,1485.4823120117187,1415.96953125,TORNTPOWER.NS,2025-01-15 10:59:14.074671
122,2024-07-23 00:00:00+05:30,1609.199951171875,1609.199951171875,1456.050048828125,1493.0,577864,0.0,0.0,2024-07-23,1510.3049926757812,23.657369458650543,1533.9623621344317,1486.6476232171308,1557.6197315930824,1462.99025375848,-60.58901158443896,11.844178010485356,115242539,1867029.3124494778,2194591.3961284123,983.3136489810429,71.63828723211708,1519.4166666666667,1582.7832845052085,1429.6333821614585,1672.5665690104167,1366.2667643229167,1735.9331868489585,1276.4834798177085,-0.2581264140787869,-84.00088374802188,4.893966731701994,7.906100526669428,-3.0121337949674345,46.860479260871266,19.65602957480866,1523.389990234375,1510.3049926757812,1481.5658740234376,1411.93951171875,TORNTPOWER.NS,2025-01-15 10:59:14.074671
123,2024-07-22 00:00:00+05:30,1520.199951171875,1548.050048828125,1503.0999755859375,1509.199951171875,231364,0.0,0.0,2024-07-22,1510.2049926757813,23.738455848177807,1533.9434485239592,1486.4665368276035,1557.681904372137,1462.7280809794256,-31.014086897278716,16.6706895334324,115820403,755628.3712787594,2276481.917048146,982.4436688306936,78.37471727716711,1520.1166585286458,1537.133341471354,1492.1832682291665,1565.0667317708333,1475.1665852864583,1582.0834147135415,1447.233194986979,-0.23428910779602322,-76.63795208108836,7.642865915316179,8.659133975411287,-1.0162680600951077,49.54680630732905,18.35766948197187,1528.67998046875,1510.2049926757813,1478.0647192382812,1408.2283544921875,TORNTPOWER.NS,2025-01-15 10:59:14.074671
124,2024-07-19 00:00:00+05:30,1542.699951171875,1589.5,1507.75,1526.5,476631,0.0,0.0,2024-07-19,1509.9174926757812,23.78604056269888,1533.70353323848,1486.1314521130823,1557.489573801179,1462.3454115503835,55.360668421750255,52.53886167317028,116051767,1574507.679721513,2656695.3034904925,982.0834361516229,77.59391506083784,1541.25,1574.75,1493.0,1623.0,1459.5,1656.5,1411.25,-0.25921427121886026,-67.72151898734177,9.451039134753955,8.913200990435064,0.5378381443188918,52.533093266016856,17.893829456059496,1528.85,1509.9174926757812,1474.4320849609376,1404.6115551757812,TORNTPOWER.NS,2025-01-15 10:59:14.074671
125,2024-07-18 00:00:00+05:30,1551.1500244140625,1687.0,1520.0,1542.699951171875,3254915,0.0,0.0,2024-07-18,1513.3974914550781,30.487246486877005,1543.884737941955,1482.9102449682011,1574.371984428832,1452.4229984813242,231.56336219108863,116.3108682882318,116528398,10866428.000508491,2927242.2094327374,981.3153613881763,80.2838386148693,1583.2333170572917,1646.4666341145835,1479.4666341145835,1750.2333170572917,1416.2333170572917,1813.4666341145835,1312.4666341145835,-0.24577329776074386,-60.886096551951475,9.919058536646844,8.77874145435534,1.1403170822915047,55.43853270231246,17.263223814336104,1529.5699951171875,1513.3974914550781,1471.29333984375,1401.1215026855468,TORNTPOWER.NS,2025-01-15 10:59:14.074671
126,2024-07-16 00:00:00+05:30,1518.0,1548.699951171875,1507.050048828125,1545.550048828125,374305,0.0,0.0,2024-07-16,1515.7574951171875,34.44490858921099,1550.2024037063986,1481.3125865279765,1584.6473122956095,1446.8676779387656,102.57095361665067,49.416769322019555,119783313,1251913.6968128758,942445.7616637992,975.8540804333448,63.23775412304851,1533.7666829427083,1560.4833170572915,1518.8334147135415,1575.4165852864583,1492.1167805989583,1602.1332194010415,1477.1835123697915,0.04556097078698602,-4.402105545988593,8.772526692799829,8.493662183782462,0.27886450901736737,55.94398175735486,16.24778067938669,1530.0800048828125,1515.7574951171875,1469.1792114257812,1397.4001257324219,TORNTPOWER.NS,2025-01-15 10:59:14.074671
127,2024-07-15 00:00:00+05:30,1510.050048828125,1525.0,1495.6500244140625,1519.449951171875,165401,0.0,0.0,2024-07-15,1518.702490234375,39.30171980049204,1558.0042100348671,1479.400770433883,1597.3059298353592,1440.099050633391,22.491851822589943,24.79897708975523,119409008,543863.8838000295,865078.7778765298,975.216038415894,56.27703589289518,1513.3666585286458,1531.083292643229,1501.7333170572915,1542.7166341145833,1484.0166829427083,1560.4332682291665,1472.383341471354,0.015097487860784997,-30.51527253630357,6.891009991837564,8.42394605652812,-1.5329360646905563,52.24118228818971,16.78605849570014,1524.7,1518.702490234375,1467.878896484375,1393.8791723632812,TORNTPOWER.NS,2025-01-15 10:59:14.074671
128,2024-07-12 00:00:00+05:30,1522.0999755859375,1535.0,1500.1500244140625,1510.050048828125,140951,0.0,0.0,2024-07-12,1522.684991455078,43.22150356611309,1565.9064950211912,1479.463487888965,1609.1279985873043,1436.2419843228517,38.74230043092614,30.434223590883384,119243607,460601.3349804028,945382.5013956549,974.9465629555655,61.59286879276114,1515.0666910807292,1529.983357747396,1495.1333821614585,1549.9166666666667,1480.2167154947917,1564.8333333333335,1460.283406575521,0.03906292952108127,-39.91988177676816,6.948153378844836,8.80718007270076,-1.859026693855924,50.85996150435504,16.525635960665607,1515.47001953125,1522.684991455078,1467.5354907226563,1389.8523559570312,TORNTPOWER.NS,2025-01-15 10:59:14.074671
129,2024-07-11 00:00:00+05:30,1545.25,1548.800048828125,1515.0999755859375,1530.0999755859375,146226,0.0,0.0,2024-07-11,1526.872491455078,45.9065845092426,1572.7790759643206,1480.9659069458355,1618.6856604735633,1435.0593224365928,100.13803998245024,52.58144776345578,119384558,484183.6249497496,1066577.7929994678,974.7206793439252,57.267121983094235,1531.3333333333333,1547.566691080729,1513.8666178385415,1565.0334065755208,1497.6332600911458,1581.2667643229165,1480.166544596354,0.03317391537668162,-19.85991524078213,7.8417871372942045,9.27193674616474,-1.4301496088705363,53.950293884277336,16.3553533787929,1515.360009765625,1526.872491455078,1467.2813305664063,1385.8064587402343,TORNTPOWER.NS,2025-01-15 10:59:14.074671
130,2024-07-10 00:00:00+05:30,1537.6500244140625,1549.949951171875,1500.0,1545.25,767922,0.0,0.0,2024-07-10,1530.6160888671875,49.123737308683644,1579.7398261758713,1481.4923515585037,1628.8635634845548,1432.3686142498202,117.17469771906131,55.801602832712646,119530784,2567920.363765102,1212176.3350118974,974.4773562673444,47.31107523882422,1531.7333170572917,1563.4666341145835,1513.5166829427085,1581.6832682291667,1481.7833658854167,1613.4165852864585,1463.5667317708335,0.0917932898669616,-40.46875,6.892480190716469,9.629474148382375,-2.7369939576659057,56.35276380248628,16.538212781312854,1512.12001953125,1530.6160888671875,1467.3004809570311,1381.6701782226562,TORNTPOWER.NS,2025-01-15 10:59:14.074671
131,2024-07-09 00:00:00+05:30,1544.5999755859375,1549.800048828125,1501.0999755859375,1518.6500244140625,355912,0.0,0.0,2024-07-09,1532.210675048828,50.131048793592925,1582.341723842421,1482.079626255235,1632.4727726360138,1431.9485774616423,105.76537206504187,49.39553893980197,118762862,1169677.1926024447,873240.3278235962,973.1610720756911,39.09313604769235,1523.183349609375,1545.2667236328125,1496.566650390625,1571.8834228515625,1474.4832763671875,1593.966796875,1447.8665771484375,0.10377347180043414,-58.08913067779558,4.080600253323382,10.31372263779885,-6.233122384475468,52.93581046105863,16.735138291718965,1502.4500244140625,1532.210675048828,1466.1168896484376,1377.8065686035156,TORNTPOWER.NS,2025-01-15 10:59:14.074671
132,2024-07-08 00:00:00+05:30,1518.0,1523.800048828125,1457.25,1473.300048828125,233580,0.0,0.0,2024-07-08,1532.661474609375,50.04314837614002,1582.704622985515,1482.6183262332352,1632.7477713616552,1432.575177857095,-56.9696354398033,13.126669375377679,118406950,744719.192874668,799131.1116288841,972.5774087100698,31.2194958050127,1484.7833658854167,1512.3167317708335,1445.7666829427085,1551.3334147135417,1418.2333170572917,1578.8667805989585,1379.2166341145835,0.12729998443220092,-85.7753102060588,3.038409137347344,11.872003233917718,-8.833594096570375,46.2777547238187,16.971899916552058,1493.510009765625,1532.661474609375,1465.864296875,1374.5136315917969,TORNTPOWER.NS,2025-01-15 10:59:14.074671
133,2024-07-05 00:00:00+05:30,1513.9000244140625,1522.0,1490.199951171875,1509.5,113593,0.0,0.0,2024-07-05,1533.708966064453,48.94236374513546,1582.6513298095886,1484.7666023193176,1631.593693554724,1435.8242385741821,45.520150466688065,38.00780824818876,118640530,371065.3279118683,812734.091317438,972.225547167694,37.85009487044874,1507.2333170572917,1524.2666829427085,1492.4666341145835,1539.0333658854167,1475.4332682291667,1556.0667317708335,1460.6665852864585,0.1916095454507067,-63.675224503483996,6.124337665699841,14.080401758060312,-7.956064092360471,51.69881207620273,16.447071088045938,1490.139990234375,1533.708966064453,1466.6244360351564,1371.1408947753907,TORNTPOWER.NS,2025-01-15 10:59:14.074671
134,2024-07-04 00:00:00+05:30,1505.0,1517.949951171875,1503.0,1513.9000244140625,162576,0.0,0.0,2024-07-04,1531.1484680175781,51.54587222103439,1582.6943402386125,1479.6025957965437,1634.240212459647,1428.0567235755093,49.16115611771953,44.744578708596606,118754123,532622.2676262459,923151.2821688305,972.0418784817307,34.92857753769711,1511.6166585286458,1520.2333170572915,1505.2833658854165,1526.5666097005208,1496.6667073567708,1535.1832682291665,1490.3334147135415,0.18947303226280818,-60.98900771323173,6.417321610592126,16.069417781150428,-9.652096170558302,52.39149088554389,16.569299788694185,1487.9199951171875,1531.1484680175781,1466.4501049804687,1367.549852294922,TORNTPOWER.NS,2025-01-15 10:59:14.074671
135,2024-07-03 00:00:00+05:30,1476.3499755859375,1505.0,1476.3499755859375,1496.9000244140625,211602,0.0,0.0,2024-07-03,1527.2432922363282,55.71168321288322,1582.9549754492114,1471.531609023445,1638.6666586620947,1415.8199258105617,-46.774027228195784,29.637500185414797,118591547,685453.9018592928,1020783.5358044766,971.7766367000562,38.82090654664369,1492.75,1509.1500244140625,1480.5,1521.4000244140625,1464.0999755859375,1537.800048828125,1451.8499755859375,0.14212284663495786,-73.80056750642942,6.261861959704447,18.48244182379,-12.220579864085554,49.987449718999095,16.990217966479218,1488.97998046875,1527.2432922363282,1465.6301708984374,1363.482244873047,TORNTPOWER.NS,2025-01-15 10:59:14.074671
136,2024-07-02 00:00:00+05:30,1465.050048828125,1482.050048828125,1455.0,1473.949951171875,203868,0.0,0.0,2024-07-02,1522.1656921386718,62.79961829996107,1584.965310438633,1459.3660738387107,1647.7649287385939,1396.5664555387498,-100.11241633847574,9.889269141937273,118379945,650275.6452653805,1104615.9442907725,971.4418580066562,42.73166064835483,1470.3333333333333,1485.6666666666665,1458.6166178385415,1497.3833821614583,1443.2832845052083,1512.7167154947915,1431.5665690104165,0.10462238037467485,-86.6210063472012,7.64219222546626,21.53758678981139,-13.895394564345128,46.607695906438266,17.07354370860825,1491.8399658203125,1522.1656921386718,1465.640009765625,1359.0241796875,TORNTPOWER.NS,2025-01-15 10:59:14.074671
137,2024-07-01 00:00:00+05:30,1490.0999755859375,1498.5,1450.0,1456.449951171875,312165,0.0,0.0,2024-07-01,1524.0410278320312,61.836642611158396,1585.8776704431896,1462.2043852208728,1647.714313054348,1400.3677426097145,-109.95266920221354,7.466190634373621,118176077,983887.544909252,1218201.0190471206,971.1330165165397,50.48294243452836,1468.316650390625,1486.63330078125,1438.13330078125,1516.816650390625,1419.816650390625,1535.13330078125,1389.63330078125,0.05928005299948203,-96.39690890515406,11.55387694221804,25.01143543089767,-13.45755848867963,43.92451613722906,16.4793680734581,1499.619970703125,1524.0410278320312,1466.3123388671875,1354.6711767578124,TORNTPOWER.NS,2025-01-15 10:59:14.074671
138,2024-06-28 00:00:00+05:30,1520.0,1531.5,1490.0999755859375,1498.4000244140625,249494,0.0,0.0,2024-06-28,1526.1205505371095,60.1194545335058,1586.2400050706153,1466.0010960036036,1646.3594596041212,1405.8816414700977,-60.96296575853764,42.011302426946614,118488242,809009.3977835854,1276779.3875815875,970.6758629949313,55.239292389214604,1506.6666666666667,1523.233357747396,1481.8333333333335,1548.0666910807292,1465.2666422526042,1564.6333821614585,1440.433308919271,-0.07013927578498287,-83.96129589348988,18.110444845601705,28.375825053067572,-10.265380207465867,49.45682722429772,15.83948662021948,1506.52998046875,1526.1205505371095,1467.2478857421875,1350.377626953125,TORNTPOWER.NS,2025-01-15 10:59:14.074671
139,2024-06-27 00:00:00+05:30,1516.449951171875,1526.449951171875,1492.800048828125,1519.199951171875,234960,0.0,0.0,2024-06-27,1523.042742919922,63.11437704662029,1586.1571199665423,1459.9283658733016,1649.2714970131624,1396.8139888266815,-63.19846468661233,47.10128242777104,118737736,772457.4401155441,1393721.885031088,970.278262803675,61.30927023330952,1512.816650390625,1532.833251953125,1499.183349609375,1546.466552734375,1479.166748046875,1566.483154296875,1465.533447265625,-0.0674994434119593,-60.5374127506401,22.098991314027217,30.942170104934036,-8.84317879090682,52.501331669110854,15.906254137935717,1507.5399658203125,1523.042742919922,1467.7085180664062,1345.3480535888673,TORNTPOWER.NS,2025-01-15 10:59:14.074671
140,2024-06-26 00:00:00+05:30,1512.8499755859375,1523.4000244140625,1487.199951171875,1511.199951171875,159463,0.0,0.0,2024-06-26,1519.710467529297,65.05739140442206,1584.767858933719,1454.6530761248748,1649.8252503381411,1389.5956847204527,-87.9151888646935,41.56610079986967,118502776,521491.87985630607,1549037.996259974,969.8885074579393,60.86420091418354,1507.2666422526042,1527.3333333333335,1491.133260091146,1543.4667154947917,1471.0665690104167,1563.533406575521,1454.9331868489585,-0.05304813479130076,-61.51423173508973,24.82222860709021,33.15296480266074,-8.33073619557053,51.43358462164589,15.840923722331663,1522.919970703125,1519.710467529297,1468.8653588867187,1340.0699890136718,TORNTPOWER.NS,2025-01-15 10:59:14.074671
141,2024-06-25 00:00:00+05:30,1495.199951171875,1525.449951171875,1491.800048828125,1512.8499755859375,212220,0.0,0.0,2024-06-25,1515.6809448242188,68.03970680266634,1583.7206516268852,1447.6412380215525,1651.7603584295516,1379.601531218886,-113.02958094020426,44.575124567871406,118662239,694780.8858558296,1805924.525360891,969.627529260114,66.15739505423386,1510.0333251953125,1528.2666015625,1494.61669921875,1543.6832275390625,1476.3834228515625,1561.91650390625,1460.966796875,-0.04686645654582189,-50.184515989309666,28.720581980677025,35.23564885155337,-6.515066870876346,51.655975405563744,15.691726612299272,1538.6599853515625,1515.6809448242188,1469.9757202148437,1334.8418035888672,TORNTPOWER.NS,2025-01-15 10:59:14.074671
142,2024-06-24 00:00:00+05:30,1503.9000244140625,1514.0,1473.449951171875,1491.0,410511,0.0,0.0,2024-06-24,1509.7759216308593,73.2255504307699,1583.0014720616293,1436.5503712000893,1656.227022492399,1363.3248207693196,-158.87032098921918,28.79708946724973,118450019,1324549.3126893416,2083710.4352371562,969.2787586739723,56.59444304211268,1492.816650390625,1512.183349609375,1471.63330078125,1533.36669921875,1452.2666015625,1552.7333984375,1431.083251953125,-0.06682348298910219,-40.934310787815676,33.11399288061625,36.86441556927246,-3.750422688656208,48.94126929485678,15.609778501715214,1556.97998046875,1509.7759216308593,1471.5697827148438,1329.5897106933594,TORNTPOWER.NS,2025-01-15 10:59:14.074671
143,2024-06-21 00:00:00+05:30,1595.3499755859375,1610.0,1477.0,1503.449951171875,928189,0.0,0.0,2024-06-21,1505.0806030273438,77.38539479595612,1582.4659978232999,1427.6952082313878,1659.851392619256,1350.3098134354316,-74.68445249724644,62.11548594544791,118860530,3019889.7069034576,2273500.71587411,968.6300064572807,64.93739732172179,1530.1499837239583,1583.2999674479165,1450.2999674479165,1663.1499837239583,1397.1499837239583,1716.2999674479165,1317.2999674479165,-0.08038958487232535,-37.241649049037136,40.389054539295785,37.80202124143651,2.5870332978592714,50.439874520291276,15.255482076147523,1578.5999755859375,1505.0806030273438,1473.0392553710938,1324.3985968017578,TORNTPOWER.NS,2025-01-15 10:59:14.074671
144,2024-06-20 00:00:00+05:30,1592.0,1613.800048828125,1587.8499755859375,1596.0999755859375,154930,0.0,0.0,2024-06-20,1501.05205078125,79.5418997465137,1580.5939505277638,1421.5101510347363,1660.1358502742773,1341.9682512882227,60.31697287018109,126.11944186899089,119788719,535132.4673149931,2086903.4681167726,967.1220724810179,95.0873476608215,1599.25,1610.6500244140625,1584.699951171875,1625.2000732421875,1573.2999267578125,1636.60009765625,1558.7498779296875,-0.04342095683528288,-9.76160551090806,47.865251099931584,37.155262916971694,10.70998818295989,63.97703240532656,14.926722464489618,1596.6699951171875,1501.05205078125,1472.70462890625,1319.1308819580079,TORNTPOWER.NS,2025-01-15 10:59:14.074671
145,2024-06-19 00:00:00+05:30,1605.0,1610.0,1555.0,1589.9000244140625,193683,0.0,0.0,2024-06-19,1490.1640930175781,80.7414157335859,1570.905508751164,1409.4226772839922,1651.64692448475,1328.6812615504064,49.8013121358507,120.36317124490185,119633789,666387.7556386561,2474846.218317217,966.8259211688257,91.47328260425147,1584.9666748046875,1614.933349609375,1559.933349609375,1639.9666748046875,1529.9666748046875,1669.933349609375,1504.933349609375,-0.05774384751235295,-11.600514126581773,47.587193517846345,34.47776587123172,13.109427646614627,63.36609274270569,15.520434481750977,1598.444384765625,1490.1640930175781,1470.2197509765624,1313.0171551513672,TORNTPOWER.NS,2025-01-15 10:59:14.074671
146,2024-06-18 00:00:00+05:30,1606.1500244140625,1609.0,1588.0,1604.449951171875,249173,0.0,0.0,2024-06-18,1481.3467102050781,78.88416679866565,1560.2308770037437,1402.4625434064126,1639.1150438024094,1323.5783766077468,77.08266517992335,141.68713816824987,119827472,865152.8537985793,2926960.833986857,966.4589519260317,92.50295180590439,1600.4833170572917,1612.9666341145835,1591.9666341145835,1621.4833170572917,1579.4833170572917,1633.9666341145835,1570.9666341145835,-0.04828108675490879,-7.284998579663149,47.120778721075794,31.20040895957806,15.920369761497735,65.79783218558376,16.236119443500765,1595.892724609375,1481.3467102050781,1467.9636083984376,1307.0128326416016,TORNTPOWER.NS,2025-01-15 10:59:14.074671
147,2024-06-14 00:00:00+05:30,1600.0,1604.8499755859375,1576.0,1599.0999755859375,410344,4.0,0.0,2024-06-14,1469.8841430664063,76.68003456995032,1546.5641776363566,1393.204108496456,1623.2442122063069,1316.5240739265057,87.55935438758883,140.49786306634465,119578299,1420003.4303151427,3442412.829033926,965.9751771891504,92.71837009196524,1593.316650390625,1610.63330078125,1581.7833251953125,1622.1666259765625,1564.4666748046875,1639.4832763671875,1552.933349609375,-0.04056600754993559,-8.871804011817744,44.376727918439656,27.220316519203624,17.15641139923603,65.34373588850664,16.236106493706778,1580.5359375,1469.8841430664063,1465.110234375,1300.930167236328,TORNTPOWER.NS,2025-01-15 10:59:14.074671
148,2024-06-13 00:00:00+05:30,1607.9644512436153,1629.0116042611683,1571.0570786034082,1593.800048828125,402726,0.0,0.0,2024-06-13,1456.6965759277343,75.96452078235028,1532.6610967100846,1380.732055145384,1608.625617492435,1304.7675343630337,116.61365531491244,150.99753614402533,119167955,1389022.2215600447,3948015.178713622,965.183573646674,91.06012918666494,1597.9562438975672,1624.8554091917263,1566.9008835339662,1655.9107695553273,1540.0017182398071,1682.8099348494864,1508.946357876206,-0.05642391758171414,-10.443764936541225,40.71802823006715,22.931213669394616,17.786814560672532,64.91523642207815,16.307862121383028,1559.56591796875,1456.6965759277343,1461.50701171875,1294.9271722412109,TORNTPOWER.NS,2025-01-15 10:59:14.074671
149,2024-06-12 00:00:00+05:30,1591.0069723467118,1609.9594065000583,1566.1194825196503,1604.971923828125,483154,0.0,0.0,2024-06-12,1445.1256164550782,71.47392236307729,1516.5995388181555,1373.651694092001,1588.0734611812327,1302.1777717289237,140.78373632655433,157.87906984728832,119570681,1678103.364896458,4587763.418002016,964.411250599939,91.23343519613198,1593.6836042826114,1621.2477260455726,1577.4078020651646,1637.5235282630194,1549.8436803022034,1665.0876500259806,1533.5678780847566,-0.0650429634359618,-1.5678895903763816,35.93880659413094,18.48451002922648,17.454296564904457,66.52493902420855,16.38513741272668,1532.463916015625,1445.1256164550782,1456.7220190429687,1288.9989038085937,TORNTPOWER.NS,2025-01-15 10:59:14.074671
150,2024-06-11 00:00:00+05:30,1571.05701921293,1581.031984414282,1543.42641431107,1577.1417236328125,900866,0.0,0.0,2024-06-11,1432.6968139648438,63.367986507243714,1496.0648004720877,1369.3288274576,1559.4327869793312,1305.9608409503564,148.97988986995892,129.83787205181372,119087527,3074656.523345765,5315178.431278406,963.4656885611386,91.48869579850995,1567.2000407860548,1590.9736672610397,1553.3680971578276,1604.805610889267,1529.5944706828427,1628.5792373642519,1515.7625270546155,-0.06720430532552935,-1.3452999587336212,28.175166861846947,14.120935888000368,14.054230973846579,64.4876444278542,16.768867471260556,1498.6288330078125,1432.6968139648438,1452.95248046875,1283.0255792236328,TORNTPOWER.NS,2025-01-15 10:59:14.074671
151,2024-06-10 00:00:00+05:30,1509.2123288544726,1546.1197023955272,1501.2323561969474,1527.666015625,201588,0.0,0.0,2024-06-10,1419.4326110839843,59.16681091024077,1478.599421994225,1360.2658001737436,1537.7662329044658,1301.0989892635027,121.358418105453,82.97785531540298,118186661,666436.512217808,5875308.9082615655,961.7719728443307,89.17899586517308,1525.0060247391582,1548.779693281369,1503.8923470827892,1569.893370937738,1480.1186785405785,1593.6670394799487,1459.0050008842095,-0.08608253716560686,-11.758112076059982,20.54931196835787,10.607378144538721,9.941933823819149,60.52092760894148,17.656166953244586,1462.2700927734375,1419.4326110839843,1449.4392993164063,1277.3458636474609,TORNTPOWER.NS,2025-01-15 10:59:14.074671
152,2024-06-07 00:00:00+05:30,1461.3324907656822,1501.2323539947795,1447.6169127806802,1494.2498779296875,452171,0.0,0.0,2024-06-07,1409.230712890625,57.07612089254358,1466.3068337831685,1352.1545919980815,1523.3829546757122,1295.0784711055378,64.5096674593083,32.10437884857773,117985073,1462148.9735151154,7177527.007272505,961.4222618726099,89.38164643050584,1481.0330482350491,1514.449183689418,1460.8337424753188,1534.6484894491484,1427.4176070209498,1568.0646249035174,1407.2183012612195,-0.08412458702228819,-24.262776147305804,15.347161234760506,8.121894688583932,7.225266546176574,57.54683960764121,18.800697711811267,1459.02822265625,1409.230712890625,1444.4947094726563,1272.153004760742,TORNTPOWER.NS,2025-01-15 10:59:14.074671
153,2024-06-06 00:00:00+05:30,1450.16053955556,1474.4495563033113,1437.4922602553004,1458.2900390625,178746,0.0,0.0,2024-06-06,1400.41533203125,56.86877425704032,1457.2841062882903,1343.5465577742098,1514.1528805453306,1286.6777835171695,24.647560911377248,4.268841293797188,117532902,564086.7914390623,8606371.515711851,960.6826543689754,89.50266167275491,1456.743951873704,1475.9956434921075,1439.0383474440966,1493.7012479217149,1419.786655825693,1512.9529395401185,1402.0810513960857,-0.10180365120361763,-37.71931948544826,11.745282398333302,6.31557805203979,5.429704346293512,54.09134690266242,19.145772031117087,1459.786328125,1400.41533203125,1439.4364013671875,1267.2320886230468,TORNTPOWER.NS,2025-01-15 10:59:14.074671
154,2024-06-05 00:00:00+05:30,1401.8317037298016,1511.2072210092554,1397.5425417719025,1435.7965087890625,568094,0.0,0.0,2024-06-05,1393.8792419433594,57.37682470341102,1451.2560666467705,1336.5024172399483,1508.6328913501814,1279.1255925365374,14.6935968215103,-5.3574235446012555,117354156,1765138.488249429,10616942.696780046,960.4094589604509,88.20908640494773,1448.182090523407,1498.8216392749114,1385.1569600375585,1561.8467697607598,1334.517411286054,1612.4863185122642,1271.4922808002057,-0.11515508008898676,-46.13663097758968,10.497326467428366,4.958151965466411,5.539174501961955,51.81357765190544,18.934204295967294,1455.4970947265624,1393.8792419433594,1434.6095166015625,1262.9023608398438,TORNTPOWER.NS,2025-01-15 10:59:14.074671
155,2024-06-04 00:00:00+05:30,1511.4566450546754,1526.2694444463698,1291.8577555581674,1395.3480224609375,889317,0.0,0.0,2024-06-04,1390.5675537109375,56.73798944292057,1447.305543153858,1333.829564268017,1504.0435325967787,1277.0915748250964,-68.31338890514783,-50.81575477195193,116786062,2685374.278436677,12829893.748912701,959.5785063456432,88.31541095134337,1404.491740821825,1517.1257260854827,1282.7140371972803,1638.9034297100275,1170.0800519336226,1751.5374149736851,1048.3023483090778,-0.12663931412849172,-61.27287258442666,10.955786227253611,3.573358339975922,7.382427887277689,47.45996354758511,18.706362119652134,1458.848681640625,1390.5675537109375,1431.1103002929688,1258.564497680664,TORNTPOWER.NS,2025-01-15 10:59:14.074671
156,2024-06-03 00:00:00+05:30,1516.1947737068965,1541.1321877481284,1495.5466435866433,1511.4566650390625,785567,0.0,0.0,2024-06-03,1392.6498291015625,57.67905324280412,1450.3288823443668,1334.9707758587583,1508.0079355871708,1277.2917226159543,167.00667682149665,62.542645375691116,117675379,2569476.3261743826,15366023.616531707,958.3828341139936,90.47043399576779,1516.0451654579447,1536.543687329246,1490.958143167761,1561.6307096194298,1470.4596212964595,1582.1292314907312,1445.3725990062758,-0.13361989668833377,-19.33199077680323,15.360319933477513,1.7277513681564989,13.632568565321014,62.51473006905351,18.460993622081958,1465.9009765625,1392.6498291015625,1426.9507397460939,1253.9368420410156,TORNTPOWER.NS,2025-01-15 10:59:14.074671
157,2024-05-31 00:00:00+05:30,1464.3249723273163,1559.0871469670267,1450.4597455797202,1498.0404052734375,23992516,0.0,0.0,2024-05-31,1391.1037109375,54.662311233215114,1445.7660221707151,1336.4413997042848,1500.42833340393,1281.7790884710698,207.4832819067246,51.24052214336229,116889812,77779475.41361551,18565160.439121038,957.0390827169708,89.40370868975371,1502.5290992733946,1554.598452967069,1445.9710515797626,1611.156500660701,1393.9016978860882,1663.2258543543755,1337.3436501924562,-0.1362906637350129,-22.921331795019235,9.331783592335341,-1.6803907731737546,11.012174365509097,61.193591779502086,17.495622132882087,1442.5595458984376,1391.1037109375,1419.7827270507812,1248.0829193115235,TORNTPOWER.NS,2025-01-15 10:59:14.074671
158,2024-05-30 00:00:00+05:30,1445.2228675326453,1473.0031223935707,1407.6670976715457,1436.8438720703125,1218851,0.0,0.0,2024-05-30,1391.315673828125,55.10522675231382,1446.420900580439,1336.210447075811,1501.5261273327526,1281.1052203234974,101.53899436166488,-13.790819338890863,92897296,3789883.738051053,3761581.6954974197,913.6768643149217,66.98696451247226,1439.1713640451428,1470.67563041874,1405.339605696715,1504.5073887671679,1373.8353393231178,1536.011655140765,1340.0035809746898,-0.13802082187476997,-20.060884178086862,2.793337896240473,-4.433434364551029,7.226772260791502,54.385879997470404,16.455991298359148,1422.3701904296875,1391.315673828125,1412.643642578125,1242.4100701904297,TORNTPOWER.NS,2025-01-15 10:59:14.074671
159,2024-05-29 00:00:00+05:30,1442.330103609568,1470.060556710053,1420.4351028024535,1452.554443359375,1794041,0.0,0.0,2024-05-29,1394.3405822753907,59.241213683223904,1453.5817959586145,1335.099368592167,1512.8230096418386,1275.8581549089429,138.38224762604702,-2.9591824491553096,94116147,5639368.477583352,3754506.1848590113,911.5379158759832,69.31385559183676,1447.6833676239605,1474.9316324454676,1425.306178537868,1497.3088215315602,1398.0579137163609,1524.5570863530672,1375.6807246302683,-0.1852573661131642,-9.873447360326766,0.4067540569078574,-6.240127429748903,6.646881486656761,56.75930128319804,17.07571202559698,1419.577197265625,1394.3405822753907,1406.5688891601562,1237.2642529296875,TORNTPOWER.NS,2025-01-15 10:59:14.074671
160,2024-05-28 00:00:00+05:30,1398.2907064029123,1454.349963562751,1397.4926604605037,1430.6094970703125,1290287,0.0,0.0,2024-05-28,1398.2657348632813,65.56452456710034,1463.8302594303816,1332.701210296181,1529.394783997482,1267.1366857290807,99.6405224200498,-23.31799352060217,92322106,3994598.316992655,3283290.611677926,908.2624456013493,60.48241425309329,1427.4840403645223,1457.475420268541,1400.6181171662936,1484.3413434667698,1370.626737262275,1514.3327233707885,1343.7608140640461,-0.21630515799655514,-17.738125618983812,-4.20221263793178,-7.901847801413092,3.6996351634813127,54.16537195804586,17.348915904237547,1404.73447265625,1398.2657348632813,1401.4317822265625,1231.8166485595702,TORNTPOWER.NS,2025-01-15 10:59:14.074671
161,2024-05-27 00:00:00+05:30,1421.4325436790407,1456.4945707760662,1381.5326828038396,1394.74951171875,1111590,0.0,0.0,2024-05-27,1401.0387817382812,68.12727304175318,1469.1660547800343,1332.911508696528,1537.2933278217874,1264.7842356547749,75.35279377970845,-38.060013655481306,91031819,3355108.2619793112,3105463.685349243,905.9780495160098,51.504045085371935,1410.9255884328852,1440.3184940619308,1365.3566060897042,1485.8874764051118,1335.9637004606586,1515.2803820341574,1290.3947181174776,-0.2548724851644943,-39.13693469605372,-7.878172065161152,-8.82675659228342,0.9485845271222679,49.574390126031595,18.02294908503859,1401.323046875,1401.0387817382812,1395.9445556640626,1226.3860369873046,TORNTPOWER.NS,2025-01-15 10:59:14.074671
162,2024-05-24 00:00:00+05:30,1424.375133913693,1460.3349328443314,1377.2933459868925,1397.0936279296875,1172065,0.0,0.0,2024-05-24,1406.6023254394531,72.01889488970887,1478.621220329162,1334.5834305497442,1550.640115218871,1262.5645356600353,95.43930123844393,-31.81960913635841,92143409,3543585.357295759,3043052.5411917265,904.1295652001195,53.44064786472243,1411.5739689203037,1445.854591853715,1362.813004996276,1494.6155557777427,1328.5323820628648,1528.8961787111539,1279.7714181388371,-0.2298182930914092,-47.79139817475219,-8.933482591684651,-9.063902724063988,0.1304201323793368,49.87710516053688,18.7488309720551,1397.4128662109374,1406.6023254394531,1390.8842553710938,1221.4508062744142,TORNTPOWER.NS,2025-01-15 10:59:14.074671
163,2024-05-23 00:00:00+05:30,1356.5953091520946,1446.3200751949075,1356.5953091520946,1422.87890625,1656923,0.0,0.0,2024-05-23,1412.3129943847657,75.66133803215754,1487.9743324169233,1336.6516563526081,1563.6356704490809,1260.9903183204506,111.44992990000307,-28.51415668551967,93315474,5101947.165952782,2917919.337165718,902.1559270481185,46.09059078875165,1408.5980968656675,1460.6008845792403,1370.8761185364274,1498.3228629084804,1318.8733308228545,1550.3256506220532,1281.1513524936145,-0.19995188837851188,-42.533082956046144,-10.380103989724603,-9.096507757158822,-1.283596232565781,53.20181591579752,19.53054992730365,1385.0638671875,1412.3129943847657,1386.1192138671875,1216.501516723633,TORNTPOWER.NS,2025-01-15 10:59:14.074671
164,2024-05-22 00:00:00+05:30,1428.4650233615898,1455.3475074352637,1366.7697625948651,1378.3408203125,871185,0.0,0.0,2024-05-22,1416.2082214355469,78.1967996543167,1494.4050210898636,1338.0114217812302,1572.6018207441803,1259.8146221269135,125.667172965006,-29.75958207655991,91658551,2598559.686615433,2371912.3799689515,899.1919512263603,34.84281540099066,1400.152696780876,1433.535630966887,1344.9578861264886,1488.7304416212746,1311.5749519404776,1522.1133758072856,1256.38014128609,-0.30228230551353635,-62.20262724055589,-14.614402674977555,-8.775608699017376,-5.838793975960179,47.60044380267078,20.67135903146795,1372.9642578125,1416.2082214355469,1380.4983203125,1211.2430200195313,TORNTPOWER.NS,2025-01-15 10:59:14.074671
165,2024-05-21 00:00:00+05:30,1388.5152285538584,1434.3003455724788,1364.5753108201711,1413.5523681640625,946369,0.0,0.0,2024-05-21,1420.936346435547,78.64421579958791,1499.580562235135,1342.292130635959,1578.2247780347227,1263.6479148363712,145.52036293842988,-21.73454346870414,92529736,2894930.2045462127,2315250.5533073307,897.7536556534944,33.90806364370262,1404.1426748522374,1443.7100388843037,1373.985004131996,1473.867709604545,1334.4176400999297,1513.4350736366114,1304.2599693796883,-0.29000513610767065,-56.594989358822815,-15.42783112399502,-7.315910205027331,-8.111920918967689,52.185520120315765,21.662286239511378,1368.5752685546875,1420.936346435547,1375.7881396484374,1206.2067083740235,TORNTPOWER.NS,2025-01-15 10:59:14.074671
166,2024-05-17 00:00:00+05:30,1344.4756667258087,1393.502645277305,1328.16662289673,1375.1986083984375,950802,0.0,0.0,2024-05-17,1425.1283264160156,80.44377764423493,1505.5721040602505,1344.6845487717808,1586.0158817044855,1264.2407711275457,19.29713785944655,-45.045577753949566,91583367,2829574.9370157914,2170330.64049761,896.066222724287,32.62212063805224,1365.6226255241575,1403.078628151585,1337.74260577101,1430.9586479047325,1300.2866031435824,1468.41465053216,1272.406583390435,-0.3337448102757577,-70.37636055967363,-19.703314970254723,-5.287929975285408,-14.415384994969315,47.024635098359866,23.15561060369979,1348.236328125,1425.1283264160156,1369.7862036132813,1201.1915905761718,TORNTPOWER.NS,2025-01-15 10:59:14.074671
167,2024-05-16 00:00:00+05:30,1375.647519295378,1376.5452905769594,1328.0170572482407,1335.3486328125,574950,0.0,0.0,2024-05-16,1431.7467163085937,81.55715607759001,1513.3038723861837,1350.1895602310037,1594.8610284637737,1268.6324041534137,-34.48637659745995,-51.511831367497415,90632565,1661462.0798855603,2005519.5663680648,894.486207861328,25.005232260252782,1346.6369935459,1365.2569298435592,1316.7286965148405,1395.1652268746186,1298.1087602171813,1413.7851631722779,1268.2004631861219,-0.4007842996013733,-84.69535586158565,-21.10143059998404,-1.6840837265430788,-19.417346873440962,40.866066387605436,24.198042214429307,1337.922216796875,1431.7467163085937,1363.785263671875,1196.6325982666015,TORNTPOWER.NS,2025-01-15 10:59:14.074671
168,2024-05-15 00:00:00+05:30,1364.6252266498611,1387.3182735401251,1353.7524897209232,1362.380859375,971912,0.0,0.0,2024-05-15,1440.1406494140624,79.73229709452129,1519.8729465085837,1360.408352319541,1599.605243603105,1280.6760552250198,-19.402358812638393,-31.100091271162313,91207515,2865438.9963008217,2091533.937988691,893.605330170782,25.62179509846527,1367.8172075453494,1381.8819253697757,1348.3161415505738,1401.3829913645513,1334.2514237261476,1415.4477091889776,1314.7503577313719,-0.4087903638280617,-74.98206697100846,-18.64710482427995,3.1702529918171622,-21.81735781609711,44.09475213522168,24.906711944636005,1334.4409423828124,1440.1406494140624,1359.376328125,1192.142744140625,TORNTPOWER.NS,2025-01-15 10:59:14.074671
169,2024-05-14 00:00:00+05:30,1312.7054758919671,1373.5527661878714,1312.7054758919671,1356.3958740234375,629983,0.0,0.0,2024-05-14,1448.0931884765625,79.49986016331201,1527.5930486398745,1368.5933283132506,1607.0929088031867,1289.0934681499384,-48.7442918058038,-38.32992885463043,90235603,1849187.6297697069,1898057.6734106583,892.0166236265338,16.075995905228893,1347.5513720344254,1382.3972681768837,1321.5499778809794,1408.3986623303297,1286.7040817385212,1443.244558472788,1260.7026875850752,-0.30848406261388117,-77.1326072378707,-17.88455694223444,8.62459244584144,-26.50914938807588,43.172408737352605,26.1560136454599,1327.47841796875,1448.0931884765625,1355.0940747070313,1187.5326818847657,TORNTPOWER.NS,2025-01-15 10:59:14.074671
170,2024-05-13 00:00:00+05:30,1326.271443049786,1332.9048197329257,1292.7555819448994,1311.857666015625,399623,0.0,0.0,2024-05-13,1459.1254943847657,81.39232104645677,1540.5178154312225,1377.733173338309,1621.9101364776793,1296.3408522918521,-88.8350530494558,-54.65898240393854,89605620,1134495.7741212437,1910275.1843208962,890.9942526085779,18.487592153866757,1312.5060225644834,1332.2564631840673,1292.107225396041,1352.6552603525097,1272.356784776457,1372.4057009720937,1251.9579876080147,-0.3392328108510637,-93.13619022236061,-16.047856067079465,15.251879792860409,-31.299735859939872,35.85290941308226,27.180969025970658,1330.1117919921876,1459.1254943847657,1350.232275390625,1182.9760498046876,TORNTPOWER.NS,2025-01-15 10:59:14.074671
171,2024-05-10 00:00:00+05:30,1318.840141183331,1343.07923526815,1296.047368448521,1323.6280517578125,515224,0.0,0.0,2024-05-10,1471.8685119628906,76.95184290939204,1548.8203548722827,1394.9166690534985,1625.7721977816745,1317.9648261441066,-105.77980320225657,-46.52672996561238,90005243,1475800.7845217604,2104220.0368708093,890.4056726347573,18.25736498748448,1320.9182184914944,1345.7890685344678,1298.7572017148389,1367.9500853111233,1273.8863516718654,1392.8209353540967,1251.72533489521,-0.3641054757765737,-89.97101406098322,-9.066834369072467,23.07681375784538,-32.143648126917846,37.023044001197746,27.265264913066638,1355.13896484375,1471.8685119628906,1346.4567504882812,1179.0050378417968,TORNTPOWER.NS,2025-01-15 10:59:14.074671
172,2024-05-09 00:00:00+05:30,1332.6553342301324,1374.8494852099197,1300.0372471356234,1317.9422607421875,819692,0.0,0.0,2024-05-09,1485.314764404297,73.08381569375767,1558.3985800980547,1412.2309487105392,1631.4823957918122,1339.1471330167817,-133.76571359046542,-36.85246309966979,89490019,2337829.152405468,2261324.8499580715,889.6231362029425,17.931760105024736,1330.9429976959102,1361.848748256197,1287.0365101819007,1405.7552357702066,1256.1307596216138,1436.6609863304934,1212.2242721076043,-0.318420372535515,-93.39346691705369,-1.1508395126111282,31.112725789574842,-32.26356530218597,36.08665986430548,27.40671509331274,1386.52021484375,1485.314764404297,1342.3131494140625,1175.1079150390624,TORNTPOWER.NS,2025-01-15 10:59:14.074671
173,2024-05-08 00:00:00+05:30,1366.570329659545,1366.570329659545,1321.7329066003263,1327.5682373046875,814820,0.0,0.0,2024-05-08,1497.6413330078126,63.53503956815968,1561.1763725759722,1434.106293439653,1624.711412144132,1370.5712538714931,-187.28725835102682,-29.08482618857119,90309711,2340907.3366902093,2242198.774346222,888.3887086440656,32.063580808801206,1338.6238245215197,1355.5147424427132,1310.6773193834945,1383.4612475807385,1293.786401462301,1400.352165501932,1265.8398963242757,-0.22115794305821945,-97.80447452208183,9.561433918981947,39.178617115121334,-29.617183196139386,36.950069680229255,27.617166027797335,1423.3876953125,1497.6413330078126,1338.3919897460937,1171.4750439453126,TORNTPOWER.NS,2025-01-15 10:59:14.074671
174,2024-05-07 00:00:00+05:30,1442.37999127993,1443.975961384835,1358.8895799096535,1369.562744140625,957140,0.0,0.0,2024-05-07,1505.5988525390626,49.5375078883613,1555.1363604274238,1456.0613446507014,1604.6738683157853,1406.52383676234,-237.78769721952904,0.5079628839734277,91124531,2836763.2303372645,2217521.6337602255,887.1268892162502,40.41222946756854,1390.809428478371,1422.7292770470885,1337.642895571907,1475.8958099535525,1305.7230470031895,1507.81565852227,1252.5565140967256,-0.17481257474845097,-95.33160931663694,22.183507000715053,46.582912914156175,-24.39940591344112,40.913506121175324,28.156224836147253,1457.3424560546875,1505.5988525390626,1334.791025390625,1168.113296508789,TORNTPOWER.NS,2025-01-15 10:59:14.074671
175,2024-05-06 00:00:00+05:30,1480.5342797821784,1492.6039638916666,1421.4326081789484,1436.9935302734375,654757,0.0,0.0,2024-05-06,1510.7135192871094,38.88910327706563,1549.6026225641751,1471.8244160100437,1588.4917258412406,1432.9353127329782,-208.76791831267738,31.34734931836989,92081671,2036107.2590855816,2062711.2346159653,885.4931727315463,39.49283178984178,1450.3433674480175,1479.2541267170866,1408.0827710043684,1521.5147231607357,1379.1720117352993,1550.4254824298048,1336.9114152916502,-0.15397604377939508,-58.228828206584645,33.87164903059602,52.682764392516454,-18.811115361920436,48.703548979108646,29.309486149339275,1489.64140625,1510.7135192871094,1330.9496655273438,1163.7242358398437,TORNTPOWER.NS,2025-01-15 10:59:14.074671
176,2024-05-03 00:00:00+05:30,1509.3120537940974,1519.1872943083365,1472.6540544074714,1480.5343017578125,462210,0.0,0.0,2024-05-03,1512.718487548828,35.79929161950909,1548.5177791683373,1476.919195929319,1584.3170707878462,1441.11990430981,-86.65422535830741,52.000874103629016,92736428,1480892.3864645644,2069362.2284985613,884.2126277798865,46.89198565994571,1490.7918834912068,1508.9297125749422,1462.3964726740771,1537.3251233920719,1444.2586435903418,1555.4629524758072,1415.863232773212,-0.1003948105499882,-46.25859650996952,41.68189513106677,57.385543232996554,-15.703648101929787,54.98023365642183,31.42934822919292,1499.456787109375,1512.718487548828,1325.6210400390626,1158.8964080810547,TORNTPOWER.NS,2025-01-15 10:59:14.074671
177,2024-05-02 00:00:00+05:30,1503.7259843152156,1511.4565822445309,1475.7960821189793,1502.2796630859375,424948,0.0,0.0,2024-05-02,1511.7808349609375,36.91483287334866,1548.695667834286,1474.8660020875889,1585.6105007076349,1437.95116921424,-73.3981575270279,56.769275391033204,93198638,1381504.382442648,2216479.6890070606,883.2335859392226,45.08822865532185,1496.5107758164825,1517.2254695139857,1481.564969388434,1532.171275942034,1460.8502756909309,1552.8859696395373,1445.9044692628825,-0.0196564123162397,-38.54589862068672,46.761726732737316,61.311455258479,-14.549728525741685,58.47592394748465,32.53629247630591,1504.55400390625,1511.7808349609375,1319.8794482421874,1153.6440362548828,TORNTPOWER.NS,2025-01-15 10:59:14.074671
178,2024-04-30 00:00:00+05:30,1531.0574729800933,1571.0570601262373,1494.0004519390932,1497.342041015625,1052082,0.0,0.0,2024-04-30,1507.6137939453124,42.34785240630983,1549.9616463516222,1465.2659415390026,1592.309498757932,1422.9180891326928,64.81293003574946,69.4410610463923,92773690,3409072.976659208,2425223.515648164,882.2977577465546,57.33623224378481,1520.7998510269852,1547.5992501148771,1470.542641927733,1597.8564592141292,1443.743242839841,1624.6558583020212,1393.486033740589,-0.03385341284552411,-43.87160910955977,50.41535089903459,64.94888738991442,-14.533536490879825,57.91154295849507,33.86565152096988,1506.35947265625,1507.6137939453124,1312.1692211914062,1148.0275537109376,TORNTPOWER.NS,2025-01-15 10:59:14.074671
179,2024-04-29 00:00:00+05:30,1500.9330259302187,1553.1021447520543,1490.509235578521,1531.0574951171875,694049,0.0,0.0,2024-04-29,1500.4742126464844,54.472053721732806,1554.9462663682173,1446.0021589247515,1609.41832008995,1391.5301052030188,88.68718749093046,74.13316549182693,93825772,2299573.6413836014,2179261.1503954027,879.9871734031592,68.21856481690679,1524.8896251492542,1559.2700147199876,1496.6771055464542,1587.4825343227876,1462.2967159757209,1621.862923893521,1434.0841963729208,-0.056411935277821644,-32.6292747104859,54.81550899918807,68.58227151263436,-13.766762513446295,63.370854731838406,34.859707655282065,1507.04775390625,1500.4742126464844,1304.3315869140624,1142.5745135498046,TORNTPOWER.NS,2025-01-15 10:59:14.074671
180,2024-04-26 00:00:00+05:30,1514.1498655261605,1516.1448586606275,1481.7811506253215,1486.0704345703125,227797,0.0,0.0,2024-04-26,1494.7460876464843,57.04930074133995,1551.7953883878242,1437.6967869051443,1608.8446891291642,1380.6474861638044,-58.27515355513215,65.08450628516042,93131723,732576.6695250659,2149183.0276483526,878.3696091728042,69.64713664086449,1494.6654812854206,1507.5498119455197,1473.1861039102137,1529.0291893207266,1460.3017732501146,1541.9135199808256,1438.8223958749077,-0.11999683294680705,-47.630098272755916,56.298045344697584,72.02396214099593,-15.72591679629835,58.527115594810816,36.21812345232402,1495.4169189453125,1494.7460876464843,1296.0398754882813,1136.5611236572265,TORNTPOWER.NS,2025-01-15 10:59:14.074671
181,2024-04-25 00:00:00+05:30,1518.5888183018528,1528.8131582506023,1497.2423671290808,1506.0203857421875,306326,0.0,0.0,2024-04-25,1490.51669921875,60.74228385694046,1551.2589830756906,1429.7744153618096,1612.001266932631,1369.032131504869,-22.887324925729114,74.86695824347164,93359520,998344.4312456003,2503334.617179174,877.8736617765603,73.2517168273202,1510.6919703739568,1524.1415736188328,1492.5707824973113,1542.2627614954783,1479.1211792524352,1555.7123647403544,1460.9999913757897,-0.0382129187287057,-40.97783662313393,61.773684275084406,75.95544134007051,-14.181757064986101,61.89741674896341,38.31467120764131,1497.6812255859375,1490.51669921875,1289.4962475585937,1130.0361840820312,TORNTPOWER.NS,2025-01-15 10:59:14.074671
182,2024-04-24 00:00:00+05:30,1512.7035263665355,1530.5587390623477,1492.2548469794506,1511.3070068359375,371208,0.0,0.0,2024-04-24,1479.2375061035157,76.58905649766035,1555.826562601176,1402.6484496058554,1632.4156190988365,1326.0593931081949,-32.23181578353198,79.08323513376641,93665846,1214047.593316484,2879582.1636625673,877.1835497087612,77.53875730469713,1511.3735309592455,1530.4922149390404,1492.1883228561433,1549.6774230421427,1473.0696388763483,1568.7961070219376,1453.884430773246,-0.013725587945519778,-39.215025954824384,65.88342855880296,79.50088060631704,-13.617452047514078,62.78767098825005,40.23554004160361,1497.9904296875,1479.2375061035157,1283.1629663085937,1123.034725341797,TORNTPOWER.NS,2025-01-15 10:59:14.074671
183,2024-04-23 00:00:00+05:30,1487.2673206291397,1552.0546713027734,1484.5242051819698,1500.783447265625,793375,0.0,0.0,2024-04-23,1465.7388793945313,92.72963811517307,1558.4685175097043,1373.0092412793583,1651.1981556248775,1280.2796031641851,-35.99816963625061,83.98781488511112,93294638,2576690.3539055306,3295965.8062490877,876.3381844586881,82.18592354198768,1512.4541079167893,1540.3840106516088,1472.8535445308053,1579.984574037593,1444.9236417959858,1607.9144767724124,1405.3230784100017,-0.0033070491904722533,-42.7240807461862,69.62626077556115,82.90524361819554,-13.278982842634392,61.77237125985072,42.30416801663994,1496.3744873046876,1465.7388793945313,1275.657353515625,1115.6954809570314,TORNTPOWER.NS,2025-01-15 10:59:14.074671
184,2024-04-22 00:00:00+05:30,1515.197196631997,1527.3666053315837,1466.3697912397006,1472.9033203125,455740,0.0,0.0,2024-04-22,1451.5469970703125,107.61006939407656,1559.1570664643891,1343.9369276762359,1666.7671358584657,1236.3268582821593,-72.75067096491401,79.25554412663966,92501263,1452636.921724191,3475784.6693349765,874.5538949764318,84.25563219906019,1488.8799056279283,1511.390020016156,1450.393205924273,1549.8767197198115,1427.8830915360452,1572.3868341080392,1389.3963918323898,0.000666418383060692,-52.0206398063573,74.39968802931162,86.22498932885414,-11.825301299542517,59.02091902053354,44.53192122052521,1500.5041259765626,1451.5469970703125,1268.649599609375,1108.5562805175782,TORNTPOWER.NS,2025-01-15 10:59:14.074671
185,2024-04-19 00:00:00+05:30,1508.2147809691155,1528.0150630991334,1473.3024017800155,1497.3919677734375,603619,0.0,0.0,2024-04-19,1440.9436157226562,115.55010044988363,1556.4937161725397,1325.3935152727727,1672.0438166224235,1209.843414822889,-49.77836810343062,88.79591645242893,92957003,1955978.5595700939,3981571.6062376727,873.5701605189354,75.53245163461439,1499.5698108841955,1525.8372199883754,1471.1245586692576,1554.2824722033133,1444.8571495650776,1580.5498813074933,1416.4118973501397,0.06679668032360676,-43.67338196306675,82.12962348549217,89.18131465373976,-7.0516911682475865,62.70201777086222,47.29219577347533,1521.3318603515625,1440.9436157226562,1261.3343188476563,1101.9358654785156,TORNTPOWER.NS,2025-01-15 10:59:14.074671
186,2024-04-18 00:00:00+05:30,1518.2894943030528,1587.5157801333803,1476.2949133505515,1507.56640625,1381297,0.0,0.0,2024-04-18,1425.4425170898437,127.73166198732063,1553.1741790771644,1297.710855102523,1680.905841064485,1169.9791931152024,-0.8326342398801814,105.54040807200998,93560622,4506394.51018254,4487969.867904567,872.2087909387891,84.12283661367755,1523.7923665779772,1571.2898198054029,1460.068953022574,1635.013233360806,1412.5714997951484,1682.5106865882317,1348.8480862397453,-0.007263389957099937,-40.29478778810513,88.37013430466868,90.94423744580165,-2.574103141132966,64.24717625014901,50.145036842347324,1535.1970703125,1425.4425170898437,1252.408349609375,1095.1164880371093,TORNTPOWER.NS,2025-01-15 10:59:14.074671
187,2024-04-16 00:00:00+05:30,1521.980278693807,1572.1542819021115,1493.9505283375727,1503.227294921875,766057,0.0,0.0,2024-04-16,1407.7169982910157,139.766413536161,1547.4834118271767,1267.9505847548546,1687.2498253633375,1128.1841712186938,9.08881614155167,113.49613009367775,92179325,2492019.44942433,4483363.7073350735,869.0199551753844,85.39597932383886,1523.1107017205197,1552.2708751034668,1474.067121538928,1601.3144552850586,1444.906948155981,1630.4746286680056,1395.8633679743891,0.00842032619823893,-35.166047945233366,94.01890975645824,91.58776323108488,2.4311465253733644,63.894604335139455,53.16835438111132,1552.1944091796875,1407.7169982910157,1243.0300146484376,1088.2773358154298,TORNTPOWER.NS,2025-01-15 10:59:14.074671
188,2024-04-15 00:00:00+05:30,1329.014528269065,1552.1046600967054,1329.014528269065,1521.431640625,1124183,0.0,0.0,2024-04-15,1389.6099426269532,149.83689782229573,1539.4468404492488,1239.7730448046575,1689.2837382715447,1089.9361469823616,-49.0443940330413,96.51298858163403,92945382,3701307.324925342,4981199.771812759,867.2497250463501,85.49565573774086,1467.5169429969235,1606.019357724782,1382.9292258971416,1690.6070748245638,1244.4268111692832,1829.1094895524222,1159.8390940695012,0.03325593412711489,-26.474185877965816,100.25386187089111,90.97997659974153,9.273885271149581,66.44615500178571,56.14556721713621,1564.4436767578125,1389.6099426269532,1233.5073681640624,1081.4218249511719,TORNTPOWER.NS,2025-01-15 10:59:14.074671
189,2024-04-12 00:00:00+05:30,1566.8176528959618,1610.9568737399193,1555.9449165159203,1577.0419921875,703440,0.0,0.0,2024-04-12,1370.193670654297,156.85195836272447,1527.0456290170214,1213.3417122915725,1683.8975873797458,1056.4897539288481,92.66698775816799,159.87204684783993,94069565,2400689.5771460007,5301172.883534614,864.5590855727688,88.86182910563454,1581.3145941477799,1606.6842717796394,1551.6723145556405,1636.3265513717788,1526.302636923781,1661.6962290036383,1496.6603573316415,-0.00792132532263556,-12.501501111411471,104.92463982132085,88.66150528195413,16.263134539366717,74.93660808757093,59.58665074757167,1557.50107421875,1370.193670654297,1222.9875891113281,1074.3684692382812,TORNTPOWER.NS,2025-01-15 10:59:14.074671
190,2024-04-10 00:00:00+05:30,1595.4957693717108,1595.9445941239148,1560.034717476599,1566.718017578125,797678,0.0,0.0,2024-04-10,1351.1265258789062,153.5268205661693,1504.6533464450756,1197.599705312737,1658.180167011245,1044.0728847465675,114.79909974122747,174.1547514614355,93366125,2704482.28804437,6026293.710131767,862.7206829638396,83.3627090798928,1574.2324430595463,1588.4301686424935,1552.5202919951778,1610.142319706862,1538.3225664122306,1624.3400452898093,1516.610415347862,0.042299734957853406,-14.009633903923177,103.83810666728641,84.59572164711244,19.24238502017397,74.37230466688531,58.14720957848402,1536.4638916015624,1351.1265258789062,1211.274619140625,1066.7002490234374,TORNTPOWER.NS,2025-01-15 10:59:14.074671
191,2024-04-09 00:00:00+05:30,1569.0620090866705,1628.9117996430596,1548.0646588605864,1592.5531005859375,2122571,0.0,0.0,2024-04-09,1330.6030334472657,150.5975494149869,1481.2005828622525,1180.005484032279,1631.7981322772396,1029.4079346172919,161.97807886757354,205.09830472448002,94163803,7315126.445644842,6856746.565653617,860.6547780276161,86.76517914988196,1589.8431863631947,1631.621713865803,1550.7745730833299,1670.6903271456679,1508.9960455807216,1712.4688546482762,1469.9274323008567,-0.0701560654588389,-7.7884527295031125,101.89046540634308,79.78512539206895,22.105340014274134,78.48061621969897,56.66096191528766,1518.5388671875,1330.6030334472657,1199.7078869628906,1058.7130725097657,TORNTPOWER.NS,2025-01-15 10:59:14.074671
192,2024-04-08 00:00:00+05:30,1501.1326011004485,1587.4160537475739,1486.2698779678267,1564.4736328125,1647829,0.0,0.0,2024-04-08,1308.0621032714844,142.86622959251045,1450.928332863995,1165.1958736789738,1593.7945624565052,1022.3296440864635,136.3172311727058,206.4909575543581,92041232,5578867.912872204,6742151.595655809,854.894688550956,87.49755520443942,1546.0531881759669,1605.836498384107,1504.6903226043598,1647.199363955714,1444.9070123962197,1706.9826741638542,1403.5441468246127,-0.08246867990506135,-5.393996388739037,95.30873523199716,74.25879038850042,21.049944843496746,77.21030369623196,55.06038750876849,1492.3844970703126,1308.0621032714844,1187.609638671875,1050.294223022461,TORNTPOWER.NS,2025-01-15 10:59:14.074671
193,2024-04-05 00:00:00+05:30,1477.7910828512192,1507.2172299616552,1463.826131680165,1486.7186279296875,1295625,0.0,0.0,2024-04-05,1287.780499267578,133.0012787044245,1420.7817779720026,1154.7792205631536,1553.7830566764271,1021.777941858729,84.41344832652398,193.56727050073397,90393403,4168442.2746017883,7032972.51635171,850.5326378060834,87.11077620894912,1485.9206631905026,1508.0151947008403,1464.62409641935,1529.311761471993,1442.5295649090124,1551.4062929823306,1421.2329981378598,-0.09412025011251815,-6.073894427216741,88.2034565284082,68.99630417762621,19.207152350781982,73.13187832074088,53.510753920758305,1463.2775390625,1287.780499267578,1175.7579382324218,1042.0825933837891,TORNTPOWER.NS,2025-01-15 10:59:14.074671
194,2024-04-04 00:00:00+05:30,1481.2823727678353,1510.0103220364915,1453.402392976172,1471.8560791015625,1127131,0.0,0.0,2024-04-04,1270.536279296875,128.11880487021838,1398.6550841670933,1142.4174744266566,1526.7738890373116,1014.2986695564382,89.92361797406573,214.63981779318027,89097778,3590090.7745345924,7749105.07678919,847.4427301379336,85.02263716494775,1478.4229313714086,1503.4434697666452,1446.8355407063257,1535.0308604317281,1421.815002311089,1560.0513988269647,1390.2276116460062,-0.09671908857526862,-9.534799068910417,85.42782053987185,64.19451608993072,21.23330444994113,72.25065791041891,52.26124689187383,1436.843896484375,1270.536279296875,1165.5571350097657,1034.6583892822266,TORNTPOWER.NS,2025-01-15 10:59:14.074671
195,2024-04-03 00:00:00+05:30,1456.3948427180096,1494.2497869457643,1446.3699539862205,1477.0928955078125,1586556,0.0,0.0,2024-04-03,1254.0850646972656,121.8800232673852,1375.9650879646508,1132.2050414298803,1497.845111232036,1010.3250181624952,96.02774809892662,241.80199496227792,90224909,5071412.121770942,8788858.65235284,844.7932079370053,81.69401091864162,1472.5708788132658,1498.7718036403112,1450.8919706807674,1520.4507117728097,1424.691045853722,1546.651636599855,1403.0121377212236,-0.1011769305626942,-8.256191963574336,82.04354032489687,58.886189977445426,23.15735034745144,73.03500100035401,50.91562393769055,1425.7716796875,1254.0850646972656,1155.8145593261718,1027.3334313964845,TORNTPOWER.NS,2025-01-15 10:59:14.074671
196,2024-04-02 00:00:00+05:30,1420.4350672879873,1481.2823559850149,1404.824222146381,1461.78125,2261177,0.0,0.0,2024-04-02,1235.9031982421875,113.71076401218467,1349.6139622543722,1122.1924342300028,1463.3247262665568,1008.4816702178182,96.6940656112465,258.842187119435,88638353,7152907.939104343,9718220.284998313,840.9939298343179,74.19660858494203,1449.2959427104652,1493.7676632745492,1417.3095294359155,1525.754076549099,1372.8378088718314,1570.225797113183,1340.8513955972817,-0.10829994924754832,-11.9946424307916,75.95180509564034,53.09685239058256,22.854952705057777,72.21671119142601,49.556521464104705,1410.6496337890626,1235.9031982421875,1146.0620568847655,1019.9249957275391,TORNTPOWER.NS,2025-01-15 10:59:14.074671
197,2024-04-01 00:00:00+05:30,1395.4976738418552,1459.3374530597814,1382.580142221614,1418.9388427734375,3177319,0.0,0.0,2024-04-01,1216.5717163085938,105.8844140776972,1322.4561303862909,1110.6873022308966,1428.3405444639882,1004.8028881531993,99.43873847010585,267.75757095349684,86377176,9756413.231931623,10359548.371471805,835.6318255439618,77.54238872516163,1420.285479351611,1457.990816481608,1381.2335056434406,1497.0427901897783,1343.5281685134437,1534.7481273197752,1304.4761948052733,-0.18159015614439913,-22.454930139982224,68.50971818401854,47.38311421431811,21.126603969700426,69.83850689751866,48.1664945321219,1374.3806884765625,1216.5717163085938,1136.7501000976563,1012.5106744384766,TORNTPOWER.NS,2025-01-15 10:59:14.074671
198,2024-03-28 00:00:00+05:30,1416.4451257541355,1445.3725262096777,1327.7676565564436,1354.5504150390625,2886474,0.0,0.0,2024-03-28,1201.3698669433593,96.73105852774358,1298.100925471103,1104.6388084156156,1394.8319839988465,1007.9077498878721,96.20732639006292,252.0126901376686,83199857,8461132.82715248,10510332.15635685,828.4651251174196,75.0146831514393,1375.8968659350612,1424.0260753136788,1306.4212056604447,1493.5017355882953,1258.291996281827,1541.630944966913,1188.8163360072106,-0.195296113798522,-38.175836663330074,62.16289371063385,42.101463221893006,20.061430488740847,65.74630329873187,46.794752858612014,1338.859814453125,1201.3698669433593,1128.3473327636718,1005.4205859375,TORNTPOWER.NS,2025-01-15 10:59:14.074671
199,2024-03-27 00:00:00+05:30,1388.4652452325058,1510.9079442022517,1361.6326860065071,1416.4949951171875,8682246,0.0,0.0,2024-03-27,1191.0557556152344,90.323671224328,1281.3794268395623,1100.7320843909065,1371.7030980638904,1010.4084131665784,181.94045880511246,352.66301326934405,86086331,26614163.493887533,11022631.988657944,822.526857816315,80.88470991633278,1429.6785417753154,1497.7243975441236,1348.449139348379,1578.9537999710599,1280.4032835795708,1646.999655739868,1199.1738811526345,-0.16500058644302532,-23.05161345580573,59.43645762823644,37.08610559970779,22.350352028528647,74.8130111883661,45.39758014016563,1311.3388916015624,1191.0557556152344,1121.2757885742187,999.0538836669922,TORNTPOWER.NS,2025-01-15 10:59:14.074671
200,2024-03-26 00:00:00+05:30,1276.49629841169,1440.2853065308516,1271.5088156144814,1401.482666015625,4289126,0.0,0.0,2024-03-26,1175.8963012695312,74.56362631992397,1250.4599275894552,1101.3326749496073,1325.0235539093792,1026.7690486296833,205.23393113143555,322.8053602013505,77404085,13008350.328921024,7124749.112350545,801.6515659006459,73.60500235210716,1371.0922627203192,1470.6757098261571,1301.899218909787,1539.8687536366895,1202.315771803949,1639.4522007425273,1133.1227279934167,-0.15240110417780128,-11.4479174175836,48.944638278257116,31.498517592575634,17.446120685681482,74.0063898742421,42.95319972032035,1280.20703125,1175.8963012695312,1113.0986779785155,992.0272436523437,TORNTPOWER.NS,2025-01-15 10:59:14.074671
201,2024-03-22 00:00:00+05:30,1241.33458401002,1293.4537808916996,1222.9308206112769,1280.4365234375,1177615,0.0,0.0,2024-03-22,1161.9762390136718,53.14319979010211,1215.1194388037738,1108.8330392235698,1268.262638593876,1055.6898394334676,131.51948541547608,191.84638188198986,73114959,3263075.1186719565,5653848.808207925,791.0531327794072,70.68857175445751,1265.6070416468256,1308.2832626823742,1237.7603024019515,1336.1300019272483,1195.0840813664029,1378.806222962797,1167.2373421215289,-0.22418395682793885,-6.775663936544274,36.24883169960026,27.13698742115526,9.111844278444998,65.80579459921304,40.6147485963759,1237.3844970703126,1161.9762390136718,1105.2524279785157,985.1225805664062,TORNTPOWER.NS,2025-01-15 10:59:14.074671
202,2024-03-21 00:00:00+05:30,1231.908179422424,1252.8556059551129,1214.0031659253664,1241.33447265625,944303,0.0,0.0,2024-03-21,1153.7768127441407,46.08639707483656,1199.8632098189773,1107.690415669304,1245.9496068938138,1061.6040185944676,107.27220971546855,153.26744925144575,71937344,2536681.110203743,6251542.2305919165,788.6674735916081,70.39227361147796,1236.0644148455765,1258.1256637657866,1219.27322373604,1274.916854875323,1197.21197481583,1296.9781037955331,1180.4207837062936,-0.25001721346944505,-21.53045512034341,31.366338353565652,24.85902635154401,6.507312002021642,62.231995842764434,39.07536041584813,1211.9083984375,1153.7768127441407,1099.8113000488281,979.4752899169922,TORNTPOWER.NS,2025-01-15 10:59:14.074671
203,2024-03-20 00:00:00+05:30,1244.8757044057377,1256.8456631019467,1184.9759873909052,1216.94580078125,2356398,0.0,0.0,2024-03-20,1147.8043029785156,41.670724583157266,1189.475027561673,1106.1335783953582,1231.14575214483,1064.462853812201,98.28140571276046,131.31666394174434,70993041,6205625.616255664,7180257.51068896,786.8910479226886,58.714866690063374,1219.5891504247006,1254.202313458496,1182.3326377474546,1291.4588261357421,1147.719474713659,1326.0719891695376,1110.462962036413,-0.2717323447236945,-30.26905760914497,28.490979323029478,23.232198351038598,5.2587809719908805,59.798263882673616,37.84083542001284,1191.858740234375,1147.8043029785156,1095.0277758789061,974.0407598876953,TORNTPOWER.NS,2025-01-15 10:59:14.074671
204,2024-03-19 00:00:00+05:30,1189.2153892870285,1277.9427842796556,1162.083530667462,1260.835693359375,3474052,0.0,0.0,2024-03-19,1144.3330139160157,38.368760320416605,1182.7017742364324,1105.964253595599,1221.070534556849,1067.5954932751824,161.4188362073052,149.65371717447226,73349439,9478955.815339733,7423915.484297283,782.6379719565246,60.012606034838946,1233.6206694354976,1305.1578082035332,1189.2985545913396,1349.4799230476913,1117.7614158233039,1421.017061815727,1073.4393009791459,-0.29252155363298704,-10.53809960966867,26.779881592486845,21.917503108040876,4.862378484445969,67.01405038754302,36.51134696295944,1175.0908203125,1144.3330139160157,1091.195205078125,969.0105999755859,TORNTPOWER.NS,2025-01-15 10:59:14.074671
205,2024-03-18 00:00:00+05:30,1186.9709721438485,1246.3719404611486,1173.055943963434,1187.3699951171875,5326912,0.0,0.0,2024-03-18,1140.165966796875,28.238285373168935,1168.404252170044,1111.927681423706,1196.6425375432127,1083.6893960505372,147.68802766905145,113.20711773237709,69875387,13687599.262508618,6910155.40153667,775.5625339771356,57.21526716749819,1202.2659598472567,1231.4759757310794,1158.1599792333648,1275.5819563449713,1128.949963349542,1304.791972228794,1084.8439827356501,-0.3770089041355093,-43.56503408754583,19.860912780651233,20.701908486929383,-0.8409957062781501,59.39859371346168,35.07959016305579,1162.0635009765624,1140.165966796875,1086.0186950683594,963.6649896240234,TORNTPOWER.NS,2025-01-15 10:59:14.074671
206,2024-03-15 00:00:00+05:30,1124.4279294341795,1182.0333522994038,1112.6574220302932,1153.0560302734375,787157,0.0,0.0,2024-03-15,1139.3255798339844,26.981673653438314,1166.3072534874227,1112.3439061805461,1193.288927140861,1085.3622325271078,-9.046030978337258,52.93690927449692,64548475,1964162.7142177357,5215794.436293682,766.0028011752742,48.018078869989495,1149.2489348677116,1185.84044770513,1116.4645174360194,1218.624865136822,1079.873004598601,1255.2163779742405,1047.0885871669088,-0.3539374335025898,-58.99107774719658,17.936871283582377,20.91215741349892,-2.975286129916544,54.8816328318809,33.86670046676479,1155.8391357421874,1139.3255798339844,1080.9229443359375,958.963178100586,TORNTPOWER.NS,2025-01-15 10:59:14.074671
207,2024-03-14 00:00:00+05:30,1129.565169022197,1148.8667037908972,1101.3359666655317,1141.086181640625,853841,0.0,0.0,2024-03-14,1141.3455139160155,29.46187415540497,1170.8073880714205,1111.8836397606105,1200.2692622268255,1082.4217656052056,-44.948375583419114,33.6956962822292,63761318,2108439.4839393743,6028702.366812669,764.6705061172008,48.71753123707713,1130.4296173656846,1159.5232680658376,1111.992530940472,1177.96035449105,1082.8988802403192,1207.054005191203,1064.4617938151066,-0.3152818147060053,-64.37219323326693,18.58114997598318,21.655978945978056,-3.0748289699948756,53.1947352796642,33.392487056402075,1153.5748291015625,1141.3455139160155,1076.3831115722655,954.6449975585938,TORNTPOWER.NS,2025-01-15 10:59:14.074671
208,2024-03-13 00:00:00+05:30,1202.4821376184193,1202.831237071503,1122.183662232038,1133.106201171875,1519388,0.0,0.0,2024-03-13,1140.129620361328,29.970548943677443,1170.1001693050055,1110.1590714176507,1200.070718248683,1080.188522473973,23.184376752691563,59.8034391361367,62907477,3725675.257659351,7008768.087530991,763.2597964308168,49.22934140119137,1152.7070334918053,1183.2304047515727,1102.5828299121076,1233.3546083312704,1072.0594586523403,1263.8779795910377,1021.9352550726426,-0.3221835035124608,-67.95964014226261,20.303338091818887,22.42468618847677,-2.121348096657883,52.08575443207483,33.424880410827946,1157.1259033203125,1140.129620361328,1072.1764978027343,950.4855255126953,TORNTPOWER.NS,2025-01-15 10:59:14.074671
209,2024-03-12 00:00:00+05:30,1159.0910210545076,1208.6665521648067,1141.1360826904963,1195.6990966796875,3778555,0.0,0.0,2024-03-12,1138.7473266601562,30.93359528933806,1169.6809219494942,1107.8137313708182,1200.6145172388324,1076.88013608148,117.77128372575166,92.56802884321579,64426865,9777173.872252954,7829541.294998901,760.7767259175691,50.56838912733551,1181.8339105116636,1222.5317383328309,1155.0012688585205,1249.364379985974,1114.3034410373532,1290.0622078071412,1087.47079938421,-0.3076106310465696,-39.82063774821716,22.986541587927604,22.95502321264124,0.03151837528636392,62.94827313953431,32.70503467734535,1158.8715087890625,1138.7473266601562,1067.9596166992187,946.407333984375,TORNTPOWER.NS,2025-01-15 10:59:14.074671
210,2024-03-11 00:00:00+05:30,1167.0709823345312,1284.276828851033,1134.253320956967,1156.2481689453125,9547108,0.0,0.0,2024-03-11,1134.7859680175782,28.209462065092392,1162.9954300826705,1106.5765059524858,1191.2048921477628,1078.3670438873935,175.95089546071176,106.03966656129582,60648310,23888483.620432753,7342633.150685387,753.3917538562918,54.69670702555069,1191.5927729177708,1248.9322248785747,1098.9087169845086,1341.616280811837,1041.5692650237047,1398.9557327726409,948.8852090904425,-0.4122557288741911,-57.55603313069047,19.909122391450182,22.94714361881965,-3.038021227369466,57.797031121368924,31.200254172868345,1148.298046875,1134.7859680175782,1062.2015148925782,941.6592663574219,TORNTPOWER.NS,2025-01-15 10:59:14.074671
211,2024-03-07 00:00:00+05:30,1158.841586810647,1170.4624456687275,1137.1460374126425,1141.7344970703125,523306,0.0,0.0,2024-03-07,1134.9180114746093,28.32116974483812,1163.2391812194473,1106.5968417297713,1191.5603509642856,1078.275671984933,76.39117099719213,67.30191294366163,51101202,1292964.2791696074,3206170.533248545,735.3334346310639,29.88540295572757,1149.7809933838942,1162.4159493551458,1129.0995410990608,1183.0974016399791,1116.4645851278092,1195.7323576112308,1095.7831328429759,-0.2616978149085328,-52.74337764116479,19.55275853962644,23.706648925662016,-4.153890386035577,55.69320644931067,29.579721321893107,1139.7395263671874,1134.9180114746093,1056.8275183105468,937.4148364257812,TORNTPOWER.NS,2025-01-15 10:59:14.074671
212,2024-03-06 00:00:00+05:30,1139.0910734331476,1171.0608847946255,1136.7469810235107,1158.841552734375,1017060,0.0,0.0,2024-03-06,1137.2991027832031,30.81639844938429,1168.1155012325873,1106.482704333819,1198.9318996819718,1075.6663058844345,120.73877824308661,75.93612601377133,51624508,2550564.571750094,3684472.096768279,734.3324344768754,36.53971186176918,1155.5498061841704,1174.3526313448301,1140.0387275737153,1189.8637099552852,1121.2359024130556,1208.666535115945,1105.7248238026004,-0.23492965705393254,-42.62538847340274,20.22962767854733,24.745121522170905,-4.515493843623574,58.90867063188049,29.759519482276335,1126.42294921875,1137.2991027832031,1052.0173571777343,933.3866497802734,TORNTPOWER.NS,2025-01-15 10:59:14.074671
213,2024-03-05 00:00:00+05:30,1142.8317250450402,1158.6421424480407,1126.4229558420463,1141.834228515625,930614,0.0,0.0,2024-03-05,1136.1583435058594,30.39639341993857,1166.554736925798,1105.761950085921,1196.9511303457366,1075.3655566659822,82.44557271597607,65.89008420160883,50607448,2299526.0223038676,3967948.978022825,732.2905029010795,40.77704464822773,1142.299775601904,1158.1765953617617,1125.9574087557673,1174.5189622078983,1110.0805889959097,1190.395781967756,1093.738222149773,-0.25658314679951305,-52.68439135485271,19.104929992848156,25.8739949830768,-6.769064990228642,56.59528528366955,29.953148270381348,1117.635009765625,1136.1583435058594,1046.8838195800781,928.9597534179687,TORNTPOWER.NS,2025-01-15 10:59:14.074671
214,2024-03-04 00:00:00+05:30,1157.6945105577606,1166.9213539559373,1135.1511121216454,1142.831787109375,1273651,0.0,0.0,2024-03-04,1136.5864196777343,30.54047966941894,1167.1268993471533,1106.0459400083153,1197.667379016572,1075.5054603388965,84.83791902903921,75.11240819511812,51538062,3149912.1503227223,4385054.716952564,730.4800254992504,41.0589706133502,1148.3014177289858,1161.4517233363263,1129.6814815020343,1180.0716595632778,1116.531175894694,1193.2219651706182,1097.9112396677424,-0.23089806116842998,-47.08186286709625,19.05047125023384,27.566261230633955,-8.515789980400115,56.76975731994816,30.45205273702754,1118.9218017578125,1136.5864196777343,1041.9877197265625,924.687621459961,TORNTPOWER.NS,2025-01-15 10:59:14.074671
215,2024-03-01 00:00:00+05:30,1084.8772648057907,1136.1486137842946,1084.8274630352205,1113.45556640625,980882,0.0,0.0,2024-03-01,1134.8017944335938,31.192212772115205,1165.994007205709,1103.6095816614786,1197.1862199778243,1072.4173688893634,-74.1819634352044,41.45526027005818,50264411,2363498.5758508644,4693840.358610024,727.9700058658632,36.53185035534011,1111.4772144085885,1138.1269657819564,1086.8058150328823,1162.7983651576626,1060.1560636595143,1189.4481165310306,1035.4846642838081,-0.1826295149404476,-62.78468076296692,18.593859646286546,29.695208725733984,-11.101349079447438,52.80009256532616,30.656473879250797,1113.0166259765624,1134.8017944335938,1036.6252770996093,920.4692138671875,TORNTPOWER.NS,2025-01-15 10:59:14.074671
216,2024-02-29 00:00:00+05:30,1121.784574141216,1124.9267125660565,1061.8350569954043,1075.151611328125,6486191,0.0,0.0,2024-02-29,1131.68369140625,36.15980132837543,1167.8434927346254,1095.5238900778747,1204.003294063001,1059.3640887494992,-150.64317946992102,20.69245898552718,49283529,15091247.186160091,5276425.804299813,726.1543881717994,32.85803651561665,1087.3044602965285,1112.7738635976527,1049.6822080270006,1150.3961158671807,1024.2128047258764,1175.865519168305,986.5905524563484,-0.20360708397473923,-83.2597458627952,20.62064592493016,32.47054599559584,-11.849900070665683,46.89749054853579,31.596512379163336,1114.941796875,1131.68369140625,1032.5969775390624,916.5702459716797,TORNTPOWER.NS,2025-01-15 10:59:14.074671
217,2024-02-28 00:00:00+05:30,1155.9488632311827,1194.0033813161315,1082.2837666900607,1114.90185546875,1672445,0.0,0.0,2024-02-28,1129.85859375,39.89191254075635,1169.7505062907562,1089.9666812092437,1209.6424188315127,1050.0747686684872,-52.18585394072805,64.61782968281813,55769720,4035098.7908349102,2822720.458834742,714.9354313602892,43.59508549816208,1130.3963344916474,1178.508902293234,1066.7892876671633,1242.1159491177182,1018.6767198655766,1290.2285169193049,955.0696730410925,-0.10363987130487302,-62.011578803979695,26.67547172232821,35.43302101326226,-8.757549290934051,53.324060567632365,32.896869111956065,1123.20107421875,1129.85859375,1029.479932861328,913.0562927246094,TORNTPOWER.NS,2025-01-15 10:59:14.074671
218,2024-02-27 00:00:00+05:30,1116.5976727219477,1164.0784845869466,1111.709915228922,1148.2681884765625,1206377,0.0,0.0,2024-02-27,1125.4682495117188,45.990322087267835,1171.4585715989867,1079.4779274244509,1217.4488936862545,1033.4876053371831,-11.716624527509882,78.67860325701581,57442165,2997726.942541337,2519625.8758346997,711.5924731997695,50.70770810423615,1141.352196097477,1170.994476966032,1118.6259076080073,1193.7207654555016,1088.9836267394523,1223.3630463240565,1066.2573382499827,-0.06819390520134692,-44.175879094012515,30.10851295329394,37.62240833599577,-7.513895382701833,59.70154816489975,33.55429024424036,1124.59755859375,1125.4682495117188,1024.90916015625,909.2934704589844,TORNTPOWER.NS,2025-01-15 10:59:14.074671
219,2024-02-26 00:00:00+05:30,1126.4729361134396,1148.118563186126,1099.6402537677009,1113.305908203125,920294,0.0,0.0,2024-02-26,1117.8269744873046,54.00102949351605,1171.8280039808205,1063.8259449937887,1225.8290334743367,1009.8249155002725,-53.913046375606086,63.77345312783488,56235788,2217209.8213715623,2400100.60915804,708.943827328579,49.592449917521265,1120.3549083856506,1141.0695630036003,1092.591253585175,1168.8332178040757,1071.8765989672254,1189.5478724220254,1044.11294416675,-0.106612129759027,-62.86467932827063,30.761578203483623,39.50088218167122,-8.7393039781876,54.39559050305786,35.014256524129685,1124.4479248046875,1117.8269744873046,1019.9712890625,905.104150390625,TORNTPOWER.NS,2025-01-15 10:59:14.074671
220,2024-02-23 00:00:00+05:30,1125.1761393581285,1150.1135537942573,1112.0590350117811,1123.0814208984375,1239321,0.0,0.0,2024-02-23,1111.7313537597656,60.96934766337432,1172.70070142314,1050.7620060963914,1233.6700490865142,989.792658433017,-39.146876284409934,75.28122946754749,57156082,3012040.0402833517,2445823.306104659,707.0641080054087,55.96282355929838,1128.4180032348252,1144.7769714578692,1106.722452675393,1166.4725220173013,1090.363484452349,1182.8314902403454,1068.6679338929168,-0.10780254973673752,-57.63925917485604,34.57486997946717,41.685708176218114,-7.110838196750947,56.32194315751953,37.03580927111417,1137.285693359375,1111.7313537597656,1015.71982421875,901.2279119873047,TORNTPOWER.NS,2025-01-15 10:59:14.074671
221,2024-02-22 00:00:00+05:30,1124.6274209371336,1143.4303280546753,1108.4181022252626,1116.447998046875,519833,0.0,0.0,2024-02-22,1104.996353149414,66.80968492482646,1171.8060380742404,1038.1866682245877,1238.615722999067,971.3769832997612,-60.70846880848856,74.87500911718625,55916761,1255937.5190153744,2304269.1225599856,704.4434010043336,54.799674908211735,1122.7654761089377,1137.1128499926128,1102.1006241632,1157.7777019383504,1087.753250279525,1172.1250758220256,1067.0883983337874,-0.08266931917639822,-61.185100967000274,37.970437442673074,43.46341772540585,-5.492980282732773,55.326041332305145,38.77819169076654,1146.7818603515625,1104.996353149414,1011.5533251953125,897.2558941650391,TORNTPOWER.NS,2025-01-15 10:59:14.074671
222,2024-02-21 00:00:00+05:30,1153.305417443833,1157.0959528919498,1117.1960924473997,1121.88427734375,697562,0.0,0.0,2024-02-21,1098.5559875488282,71.67866607918248,1170.2346536280106,1026.8773214696457,1241.913319707193,955.1986553904633,-48.64793374148708,88.31315525827767,56436594,1693544.3140930498,2566352.0234461385,703.3518645826639,58.55003898960003,1132.0587742276998,1146.921456008,1107.0215955634499,1171.95863467225,1092.1589137831497,1186.82131645255,1067.1217351188998,-0.05629737954484965,-58.2638315307713,42.3957747416639,44.836662796089044,-2.4408880544251446,56.304166516427316,40.830193218517095,1162.183203125,1098.5559875488282,1007.9026806640625,893.2247863769531,TORNTPOWER.NS,2025-01-15 10:59:14.074671
223,2024-02-20 00:00:00+05:30,1201.0357321155172,1230.9107041464115,1128.1685627144175,1147.52001953125,1537362,0.0,0.0,2024-02-20,1091.056204223633,76.77522642720056,1167.8314306508335,1014.2809777964324,1244.606657078034,937.5057513692318,45.89285424935341,128.4274669503525,57134156,3817702.6755539724,2784553.950784411,701.8586199643044,64.38096637969116,1168.8664287973597,1209.564294880302,1106.822153448308,1271.6085702293537,1066.1242873653657,1312.306436312296,1004.080012016314,-0.03544001282018795,-41.9410262882816,46.88379612944209,45.44688480969533,1.4369113197467627,61.02604146966813,42.75021092296523,1161.160009765625,1091.056204223633,1004.5580981445313,889.0973431396484,TORNTPOWER.NS,2025-01-15 10:59:14.074671
224,2024-02-19 00:00:00+05:30,1174.1531618948525,1198.2427278737273,1167.1706860612492,1177.4947509765625,379899,0.0,0.0,2024-02-19,1082.514126586914,79.61388236480646,1162.1280089517204,1002.9002442221075,1241.741891316527,923.2863618573011,90.62686972014485,150.43837364607313,58671518,968038.9221826507,2526266.76959202,698.3265555312289,76.6969509600028,1180.9693883038462,1194.7680905464433,1163.6960487339652,1212.0414301163244,1149.8973464913681,1225.8401323589214,1132.624006921487,0.015595699145552751,-19.80070939921365,49.394730779730935,45.08765697975863,4.307073799972308,67.1371637965667,44.45609030662049,1152.7480712890624,1082.514126586914,1001.4355676269531,884.6444110107421,TORNTPOWER.NS,2025-01-15 10:59:14.074671
225,2024-02-16 00:00:00+05:30,1207.9683782238628,1215.9483509949537,1159.3903426857364,1170.562255859375,1637423,12.0,0.0,2024-02-16,1072.8757537841798,79.17735450795763,1152.0531082921375,993.6983992762222,1231.230462800095,914.5210447682646,114.25658884611005,165.1669514814362,58291619,4147831.372218588,2915823.7314443626,697.3862803470564,79.48228052839113,1181.9669831800218,1204.5436236743071,1147.9856153650899,1238.524991489239,1125.4089748708045,1261.1016319835244,1091.4276070558726,0.02592463009180264,-21.810549124198072,48.90902612480886,44.010888529765545,4.898137595043316,66.41503870141288,44.8581440167969,1140.543505859375,1072.8757537841798,996.4988061523437,879.9603692626953,TORNTPOWER.NS,2025-01-15 10:59:14.074671
226,2024-02-15 00:00:00+05:30,1119.9285845459553,1221.601065229371,1119.9285845459553,1193.4547119140625,2399731,0.0,0.0,2024-02-15,1063.821029663086,77.7602569948983,1141.5812866579843,986.0607726681876,1219.3415436528826,908.3005156732893,116.2033859877147,177.83905168431005,59929042,6197752.005172609,2607821.8212508056,693.3500938095942,77.46037483713516,1178.3281205631295,1236.7276565803036,1135.055175896888,1280.000601246545,1076.6556398797138,1338.4001372637192,1033.3826952134723,0.08377572822731943,-11.97730591060842,48.22887686414197,42.786354131004714,5.4425227331372525,71.21463278711158,45.29112493544842,1138.2088623046875,1063.821029663086,992.1717761230469,875.36244140625,TORNTPOWER.NS,2025-01-15 10:59:14.074671
227,2024-02-14 00:00:00+05:30,1103.139502137094,1148.519274974127,1043.834595272666,1116.768310546875,809686,0.0,0.0,2024-02-14,1053.9574645996095,72.80494901037525,1126.7624136099848,981.1525155892342,1199.56736262036,908.347566578859,-24.591100703484187,111.20951914762132,57529311,1956795.3211773676,1710339.275270355,687.019062105171,72.34866645329726,1103.0407269312227,1162.2468585897793,1057.5621788883184,1207.7254066326836,998.3560472297618,1266.9315382912403,952.8774991868574,0.003289590109728128,-37.516810380024275,44.37277908011242,41.425723447720394,2.947055632392029,62.8659326677186,45.7574120786116,1137.3891845703124,1053.9574645996095,987.4086242675781,870.5666979980468,TORNTPOWER.NS,2025-01-15 10:59:14.074671
228,2024-02-13 00:00:00+05:30,1118.8915450770137,1133.5079449306766,1095.189353242262,1105.4603271484375,454176,0.0,0.0,2024-02-13,1048.0590728759767,72.22476682796857,1120.2838397039452,975.8343060480081,1192.5086065319138,903.6095392200396,6.835217151812621,125.89488344222431,56719625,1086508.258065971,1648725.2637936017,685.1755676944558,79.18880441510663,1111.3858751071255,1127.5823969719888,1089.2638052835744,1149.70446679554,1073.067283418711,1165.9009886604033,1050.9452135951599,-0.01033361259489046,-39.075994502991264,46.315939187023105,40.68895953962238,5.626979647400724,61.33004321449482,47.67270267800944,1141.2407958984375,1048.0590728759767,983.8858862304687,866.5506579589844,TORNTPOWER.NS,2025-01-15 10:59:14.074671
229,2024-02-12 00:00:00+05:30,1158.1482269420712,1179.8259275178107,1103.7814001982479,1116.471923828125,364493,0.0,0.0,2024-02-12,1042.834716796875,71.63071191632527,1114.4654287132003,971.2040048805497,1186.0961406295255,899.5732929642245,48.989607112452916,156.5790522273535,57173801,880648.6784726079,1789279.5152255092,684.1618333581131,80.29600169488226,1133.359750514728,1162.938100831208,1086.8935735116452,1209.4042778342907,1057.3152231951651,1238.9826281507708,1010.8490461920824,0.00521619376674503,-34.49695936949983,49.21568133758001,39.2822146277722,9.93346670980781,63.71208448989257,47.45090758332556,1150.227880859375,1042.834716796875,980.8174401855468,862.6699188232421,TORNTPOWER.NS,2025-01-15 10:59:14.074671
230,2024-02-09 00:00:00+05:30,1125.8541551760331,1176.912580482396,1101.411268912343,1158.8890380859375,1223641,0.0,0.0,2024-02-09,1037.3930938720703,69.85408143459419,1107.2471753066645,967.5390124374761,1177.1012567412586,897.6849310028819,75.16454913510579,180.53220657219305,57538294,3068750.3883801554,2016437.2244137344,683.3233732752984,81.35930476764808,1145.7376291602257,1190.0639894081082,1114.5626778380554,1221.2389407302785,1070.2363175901728,1265.565300978161,1039.0613662680025,0.02644102913268136,-16.85833146677899,51.09806242798231,36.798847950320244,14.299214477662069,73.99392158607733,46.75239782280479,1148.3613525390624,1037.3930938720703,977.0823718261719,858.6726434326172,TORNTPOWER.NS,2025-01-15 10:59:14.074671
231,2024-02-08 00:00:00+05:30,1143.1369993652709,1199.4297068934095,1128.125658913335,1189.3563232421875,469436,0.0,0.0,2024-02-08,1029.9071502685547,63.91883971182695,1093.8259899803816,965.9883105567277,1157.7448296922087,902.0694708449008,125.64289628143827,225.0349361366586,58761935,1208242.3851885141,1753358.933422129,680.2066424006623,91.76263051383205,1172.303896349644,1216.482133785953,1145.1780858058785,1243.6079443297185,1100.9998483695695,1287.7861817660275,1073.874037825804,-0.043548612140659776,-4.188890947774238,48.55642450427331,33.224044330904725,15.332380173368584,82.91918484990649,46.04247004078443,1126.80224609375,1029.9071502685547,970.5761206054688,854.1958923339844,TORNTPOWER.NS,2025-01-15 10:59:14.074671
232,2024-02-07 00:00:00+05:30,1160.4198250753614,1194.3929912993226,1102.6457316567157,1136.0263671875,894803,0.0,0.0,2024-02-07,1020.8583404541016,51.82384033876751,1072.682180792869,969.0345001153341,1124.5060211316365,917.2106597765666,132.17635823753307,210.85982254719693,58292499,2199791.5639169994,1889638.0704805322,678.923278066973,88.22977264356008,1144.3550300478462,1186.0643284389766,1094.3170687963698,1236.102289690453,1052.6077704052393,1277.8115880815835,1002.5698091537629,-0.06894891029302036,-24.790253431190077,41.566088404677544,29.390949287562577,12.175139117114966,78.75421074667084,43.82896277182468,1096.6609130859374,1020.8583404541016,962.906484375,849.3882971191406,TORNTPOWER.NS,2025-01-15 10:59:14.074671
233,2024-02-06 00:00:00+05:30,1111.0402610398523,1155.4818714814464,1108.1269147998037,1150.395751953125,831483,0.0,0.0,2024-02-06,1014.1649353027344,44.25909549283334,1058.4240307955677,969.9058398099011,1102.6831262884011,925.6467443170677,166.851738174392,223.51651818135988,59187302,2069980.8749051197,1812099.6971214153,676.7164864901484,87.29838169954645,1138.0015127447916,1167.8761106897796,1120.5211540081368,1185.3564694264344,1090.6465560631489,1215.2310673714223,1073.166197326494,-0.07584115130906169,-2.5879516520444223,37.23874333702554,26.347164508283836,10.891578828741704,83.87123219387443,41.48702393603792,1074.8746337890625,1014.1649353027344,955.7336083984375,845.1925152587891,TORNTPOWER.NS,2025-01-15 10:59:14.074671
234,2024-02-05 00:00:00+05:30,1057.2659212549568,1115.336217736073,1055.784534295404,1107.1392822265625,914432,0.0,0.0,2024-02-05,1007.9110107421875,30.780881499916507,1038.691892242104,977.130129242271,1069.4727737420205,946.3492477423545,155.43684474207942,181.06563390348717,58355819,2190883.905345612,1747629.4026754892,674.5819176314143,81.66178468059239,1092.7533447526798,1129.7221552099556,1070.1704717692867,1152.3050281933488,1033.2016613120109,1189.2738386506246,1010.6187883286177,-0.07661170189250509,-5.241508471076589,29.719040268386266,23.624269801098407,6.094770467287859,80.29158509220049,39.327770520607125,1043.8840209960938,1007.9110107421875,948.4629614257813,840.7987213134766,TORNTPOWER.NS,2025-01-15 10:59:14.074671
235,2024-02-02 00:00:00+05:30,1051.7847715715081,1084.6221834539049,1043.7853058706723,1051.093505859375,512473,0.0,0.0,2024-02-02,1002.6545562744141,20.049614999140946,1022.7041712735551,982.6049412752731,1042.753786272696,962.5553262761322,152.0848929672073,145.9299151833089,57441387,1165676.4734552503,1636815.7770079584,672.4275231699428,77.81150432818386,1059.8336650613173,1075.8820242519623,1035.0451466687298,1100.6705426445499,1018.9967874780848,1116.7189018351949,994.2082690854972,-0.21666564329675725,-26.679722514970084,23.901360020723473,22.100577184276442,1.8007828364470306,73.1119414714678,37.50141281845829,1020.73486328125,1002.6545562744141,942.537412109375,836.6419494628906,TORNTPOWER.NS,2025-01-15 10:59:14.074671
236,2024-02-01 00:00:00+05:30,1035.8844750662852,1071.5364946957388,1032.0822729058984,1038.649658203125,993246,0.0,0.0,2024-02-01,996.72900390625,22.359829821714865,1019.0888337279648,974.3691740845352,1041.4486635496796,952.0093442628203,196.98450504992792,138.0148740325413,56928914,2232500.662963198,1754600.6028961353,671.3676075186278,74.23949123043731,1047.4228086015873,1062.7633442972763,1023.3091225074359,1086.8770303914278,1007.968586811747,1102.2175660871167,983.8549007175955,-0.2051028935501723,-29.21058909364162,21.610484345549025,21.650381475164682,-0.03989712961565672,70.92938499442582,36.041306319303644,1008.1924438476562,996.72900390625,937.8246264648437,833.0599548339844,TORNTPOWER.NS,2025-01-15 10:59:14.074671
237,2024-01-31 00:00:00+05:30,1005.0223288573038,1056.1301795629643,998.8498831199053,1027.094970703125,2126883,0.0,0.0,2024-01-31,991.099740600586,25.237453164796307,1016.3371937653823,965.8622874357897,1041.5746469301785,940.6248342709933,189.73377896240137,115.97841855374917,55935668,4727373.233636291,1635125.5878793695,669.3642289628937,71.49574604484737,1027.3583444619983,1055.8668058040912,998.5865093610323,1084.6386409050574,970.0780480189393,1113.1471022471503,941.3062129179733,-0.18129054313245313,-29.878066339981444,19.575568146576757,21.660355757568595,-2.084787610991839,68.74189750911066,34.72305790834401,997.9906494140625,991.099740600586,933.5246569824219,829.6409149169922,TORNTPOWER.NS,2025-01-15 10:59:14.074671
238,2024-01-30 00:00:00+05:30,991.541690199369,1020.9719599036148,987.5913248997699,995.4426879882812,394555,0.0,0.0,2024-01-30,986.2827667236328,27.128697821758344,1013.4114645453911,959.1540689018744,1040.5401623671494,932.0253710801161,86.73550048142448,79.73296588886463,53808785,849942.4128678862,862063.6764401388,665.1364832668071,53.09516250591921,1001.3353242638887,1015.0793236280074,981.6986886241625,1034.7159592677335,967.9546892600438,1048.4599586318523,948.3180536203176,-0.20282680746832205,-44.68564226134114,17.811620900974845,22.181552660316555,-4.369931759341711,61.339637706294546,33.62944364985125,986.9493774414062,986.2827667236328,929.3362817382813,825.9394232177734,TORNTPOWER.NS,2025-01-15 10:59:14.074671
239,2024-01-29 00:00:00+05:30,988.3813522694609,1020.8730695862939,986.6037000006932,991.3934936523438,530860,0.0,0.0,2024-01-29,982.6237396240234,30.547913012557377,1013.1716526365808,952.075826611466,1043.719565649138,921.5279135989086,72.39419575413208,81.22024983331066,53414230,1138916.1631524416,865093.992333202,664.4107342407838,44.31456793689028,999.6234210797769,1012.6431421588607,978.3737725732599,1033.8927906653776,965.3540514941761,1046.9125117444614,944.1044029876591,-0.14337134045904018,-52.391361007198945,18.400631120552703,23.27403560015198,-4.873404479599277,60.22030342571819,33.38397714406124,983.196533203125,982.6237396240234,925.7493493652344,822.4724841308594,TORNTPOWER.NS,2025-01-15 10:59:14.074671
240,2024-01-25 00:00:00+05:30,987.6407151806546,994.4551195906864,979.0980861899945,988.3814086914062,194979,0.0,0.0,2024-01-25,978.4437652587891,34.71952391867349,1013.1632891774626,943.7242413401156,1047.882813096136,909.0047174214421,-25.699631069308452,63.901441712042526,52883370,417040.3685553489,796638.4496283921,663.4412230569301,51.57899063888258,987.3115381573624,995.5249901247303,980.1679567240384,1002.6685715580543,971.9545047566705,1010.8820235254221,964.8109233233465,-0.10656086456532515,-59.729707464339015,19.274729538997804,24.492386720051798,-5.217657181053994,59.409253264386706,33.12264333908361,981.8632934570312,978.4437652587891,922.12587890625,819.0830712890624,TORNTPOWER.NS,2025-01-15 10:59:14.074671
241,2024-01-24 00:00:00+05:30,967.8394921542923,998.3560880078245,958.9511702875692,987.6406860351562,428519,0.0,0.0,2024-01-24,973.4021118164062,40.10402112492021,1013.5061329413264,933.298090691486,1053.6101540662467,893.1940695665658,-73.2356354863846,58.147628994850145,52688391,915871.9209267437,891537.9698966529,663.0869709499586,81.59414491645538,981.64931477685,1004.3474592661308,964.9425415458755,1021.0542324971053,942.2443970565947,1043.752376986386,925.5376238256202,-0.12247888255713192,-71.22339596834688,20.39844376726603,25.796801015315296,-5.398357248049265,59.21944289075033,33.72560345948898,982.08056640625,973.4021118164062,917.7182580566406,815.774146118164,TORNTPOWER.NS,2025-01-15 10:59:14.074671
242,2024-01-23 00:00:00+05:30,974.2588541602707,992.4799263874022,963.444716962234,971.8886108398438,359714,0.0,0.0,2024-01-23,969.0813995361328,43.03703249255267,1012.1184320286854,926.0443670435802,1055.1554645212382,883.0073345510275,-130.85008436030623,52.99743029363501,52259872,756553.2877214976,885454.48213913,662.3074645675589,81.31880126010978,975.9377513964934,988.4307858307527,959.3955764055845,1004.9729608216616,946.9025419713251,1017.4659952559209,930.3603669804163,-0.14195467427771877,-66.40213251760302,21.601021127675608,27.14639032732761,-5.545369199652001,55.0668018793351,34.37494512761784,983.789111328125,969.0813995361328,912.9788073730468,812.4820104980469,TORNTPOWER.NS,2025-01-15 10:59:14.074671
243,2024-01-19 00:00:00+05:30,991.344174070468,998.3561087443104,965.4199014207287,976.678466796875,274883,0.0,0.0,2024-01-19,965.5952026367188,45.5483743126498,1011.1435769493686,920.046828324069,1056.6919512620184,874.4984540114192,-148.37756993659517,63.305193979193376,52619586,580985.353382157,917679.780743538,661.682045188094,81.41114951280969,980.1514923206381,994.8830832205475,961.9468758969658,1013.0876996442198,947.2152849970564,1027.8192905441292,929.0106685733841,-0.12815164712666854,-58.5124864533784,24.364737106409848,28.53273262724061,-4.167995520830761,56.69723653455238,35.28194642133265,989.171484375,965.5952026367188,908.4072485351562,809.3439392089844,TORNTPOWER.NS,2025-01-15 10:59:14.074671
244,2024-01-18 00:00:00+05:30,989.5171490579712,999.1955320746457,963.1484483872481,984.727294921875,175007,0.0,0.0,2024-01-18,961.6127410888672,47.94716758371931,1009.5599086725865,913.6655735051479,1057.507076256306,865.7184059214286,-177.5637399826786,70.25852872688604,52894469,372938.38462320244,1001853.3875838832,661.1950059314312,83.61670074035183,982.3570917945896,1001.565735201931,965.5186515145334,1018.4041754819872,946.310008107192,1037.6128188893285,929.4715678271358,-0.10528610162007061,-52.76701180069996,27.062240127257155,29.574731507448295,-2.5124913801911397,59.44384079295409,36.15113622550948,994.0304321289062,961.6127410888672,903.7596435546875,806.1367364501953,TORNTPOWER.NS,2025-01-15 10:59:14.074671
245,2024-01-17 00:00:00+05:30,994.5044650880011,1022.1075944220838,980.3819211845142,989.4677734375,312608,0.0,0.0,2024-01-17,956.1118591308593,51.346273528949396,1007.4581326598087,904.76558560191,1058.804406188758,853.4193120729606,-98.76223078802384,94.46414622905363,53069476,669371.8295486695,1159082.1383240535,660.8762111227095,85.68919141371553,997.3190963480328,1014.2562715115513,972.5305982739817,1039.0447695856024,955.5934231104632,1055.9819447491209,930.8049250364121,-0.12404376644811692,-40.76227962076318,29.313139859406306,30.202854352496075,-0.8897144930897696,61.06116490298524,37.08718678385377,998.6128662109375,956.1118591308593,898.8523034667969,802.8050970458985,TORNTPOWER.NS,2025-01-15 10:59:14.074671
246,2024-01-16 00:00:00+05:30,1001.3188977399061,1024.6260295787242,982.3571316911798,996.1834106445312,335717,0.0,0.0,2024-01-16,952.2404998779297,51.61714716011956,1003.8576470380492,900.6233527178101,1055.4747941981689,849.0062055576906,6.121624250841174,103.55102772005725,53382084,723732.9207432149,1281509.7155178995,660.296836108329,88.14325217658921,1001.0555239714785,1019.7539162517771,977.4850183642327,1043.324421859023,958.786626083934,1062.0228141393216,935.2161204766883,-0.12705374270852363,-36.59240715723848,31.283969816309877,30.425282975768514,0.8586868405413632,63.32947450278521,37.199813445170776,1002.5533447265625,952.2404998779297,893.7879345703125,799.4477801513672,TORNTPOWER.NS,2025-01-15 10:59:14.074671
247,2024-01-15 00:00:00+05:30,1004.3803912478234,1009.3183479402906,974.9501814162774,998.8004760742188,389747,0.0,0.0,2024-01-15,948.3962982177734,51.03190341174976,999.4282016295232,897.3643948060236,1050.460105041273,846.3324913942739,4.888738927007464,99.35113153917128,53717801,842417.1718278279,1420953.9142115705,659.6596117281808,85.98453263196366,994.3563351435955,1013.7624888709137,979.3943223469005,1028.7245016676088,959.9881686195823,1048.1306553949269,945.0261558228873,-0.08983727526521136,-34.05452157317255,32.671841326860545,30.21061126563317,2.4612300612273756,64.19279260969103,37.21580545979829,1004.9926879882812,948.3962982177734,888.2712487792969,795.7670263671876,TORNTPOWER.NS,2025-01-15 10:59:14.074671
248,2024-01-12 00:00:00+05:30,1008.3307732149633,1010.602221275364,994.5044942482547,1000.9732055664062,117332,0.0,0.0,2024-01-12,942.7744354248047,51.37901627101701,994.1534516958217,891.3954191537877,1045.5324679668388,840.0164028827706,31.994554726947122,113.29359314990928,54107548,254158.48619290572,1565588.099807506,658.9110167973046,88.86343827987778,1002.0266403633417,1009.5487864784287,993.4510594513195,1018.124367390451,985.9289133362324,1025.646513505538,977.3533324242102,-0.12419814950646116,-32.81820304868748,33.69596823628024,29.595303750326323,4.100664485953914,64.87293884280419,37.612643404828624,1005.6642456054688,942.7744354248047,882.4938391113282,792.0003533935546,TORNTPOWER.NS,2025-01-15 10:59:14.074671
249,2024-01-11 00:00:00+05:30,1010.7997697796711,1016.2315223285603,998.7017754662359,1007.6394653320312,159305,0.0,0.0,2024-01-11,937.7945068359375,50.255722848275425,988.0502296842129,887.538783987662,1038.3059525324884,837.2830611393866,49.78121080594758,125.66186949665891,54224880,347376.3639200407,1893445.5032111558,658.6835624664579,89.81225268319149,1007.5242543756091,1016.3467332849823,998.8169864226578,1025.0540012379336,989.9945075132846,1033.8764801473067,981.2872395603333,-0.12680718456553922,-29.024992496289617,34.28263511371142,28.57013762883784,5.71249748487358,66.89594515834077,36.999596481826934,1010.533056640625,937.7945068359375,876.8319787597657,788.1996081542969,TORNTPOWER.NS,2025-01-15 10:59:14.074671
250,2024-01-10 00:00:00+05:30,1008.3801050153515,1024.9223198996135,1001.9113939262895,1009.170166015625,374547,0.0,0.0,2024-01-10,932.4491668701172,48.07391487223559,980.5230817423528,884.3752519978816,1028.5969966145883,836.301337125646,67.07873590017655,136.50887644643782,54384185,817968.1908631163,2279962.7880339343,658.3682327572731,89.0806564487399,1012.0012932805093,1022.0911926347292,999.0802666614052,1035.0122192538333,988.9903673071854,1045.1021186080532,976.0693406880812,-0.142779531357972,-24.685908652665244,33.85778704632753,27.142013257619446,6.715773788708084,67.34325523837984,36.10601919961553,1009.4072021484375,932.4491668701172,870.9558093261719,784.3726916503906,TORNTPOWER.NS,2025-01-15 10:59:14.074671
251,2024-01-09 00:00:00+05:30,1005.8617810884325,1012.9230832896644,998.6523763526844,1008.380126953125,219963,0.0,0.0,2024-01-09,927.728482055664,44.65784957917998,972.386331634844,883.070632476484,1017.044181214024,838.412782897304,75.94497026942845,133.2253233193655,54009638,479998.19203957677,2645461.4373266385,657.6213423077362,86.89387444003754,1006.6518621984914,1014.6513480442983,1000.3806411073183,1020.9225691354713,992.3811552615114,1028.9220549812783,986.1099341703383,-0.15101012252411686,-25.08007751274332,32.65010517990902,25.46306981044242,7.187035369466599,67.2382218604308,34.97200019091047,994.0896606445312,927.728482055664,864.9927331542968,780.6272515869141,TORNTPOWER.NS,2025-01-15 10:59:14.074671
252,2024-01-08 00:00:00+05:30,1025.2679245179804,1027.0949442981646,999.4423881055217,1002.1582641601562,341438,0.0,0.0,2024-01-08,924.0052642822266,40.48943641685507,964.4947006990816,883.5158278653715,1004.9841371159367,843.0263914485164,105.01320153809287,138.80106415633077,53789675,740480.8905960122,3186827.2486484037,657.1822152840145,88.60213570134762,1009.5651988546142,1019.6880096037067,992.0354534110638,1037.217755047257,981.9126426619713,1047.3405657963497,964.3828972184209,-0.17500096988796865,-28.184309545152075,30.68701474072668,23.66631096807577,7.020703772650911,66.44929879720061,33.95873181358983,977.626513671875,924.0052642822266,859.1392797851563,776.8630474853516,TORNTPOWER.NS,2025-01-15 10:59:14.074671
253,2024-01-05 00:00:00+05:30,1017.2190601361515,1032.0329299439595,1002.4051903283435,1025.3172607421875,1137345,0.0,0.0,2024-01-05,921.6301086425781,36.89757634879404,958.5276849913721,884.7325322937841,995.4252613401661,847.83495594499,176.2347550525843,152.3151214206625,54131113,2523574.7918044017,3798413.838161501,656.5105118566105,91.37617839179501,1019.9184603381635,1037.4317303479836,1007.8039907323675,1049.5461999537797,990.2907207225475,1067.0594699635997,978.1762511167515,-0.1832751957255516,-16.62974760437297,28.321468548342864,21.91113502491304,6.4103335234298235,72.48425850496301,32.82906651744491,963.3459594726562,921.6301086425781,853.0537438964843,773.473140258789,TORNTPOWER.NS,2025-01-15 10:59:14.074671
254,2024-01-04 00:00:00+05:30,992.5293397073947,1058.648534563179,970.8023292859392,1002.0101928710938,7975873,0.0,0.0,2024-01-04,919.9339202880859,32.383845019507106,952.317765307593,887.5500752685788,984.7016103271001,855.1662302490718,243.74042410475957,143.86566225898602,52993768,17294820.492655694,4117123.599750776,654.1028593502328,86.10311865620943,1010.4870189067374,1050.1717085275354,962.3255032502957,1098.333224183977,922.6408136294975,1138.0179138047754,874.4792979730558,-0.16853755368411388,-28.258185754557932,22.582929160646017,20.308551644055584,2.274377516590434,69.93210987989042,31.47654315846588,942.7349365234375,919.9339202880859,846.8259948730469,769.7583160400391,TORNTPOWER.NS,2025-01-15 10:59:14.074671
255,2024-01-03 00:00:00+05:30,927.9901950884107,941.0757798970619,927.9901950884107,932.5824584960938,250137,0.0,0.0,2024-01-03,916.366244506836,26.207122106263707,942.5733666130997,890.1591224005723,968.7804887193633,863.9520002943086,114.66738165802204,64.77843333191969,45017895,504813.3929220209,822699.3765245461,637.4113246457183,57.49224900122001,933.8828111605221,939.7754272326335,926.6898424239823,946.9683959691733,920.7972263518709,952.8610120412848,913.6042576153311,-0.08806546470178672,-12.44189638977171,17.189087247632187,19.739957264907975,-2.5508700172757877,59.557141118487394,30.01997954110385,923.89169921875,916.366244506836,841.3112841796875,766.2321209716797,TORNTPOWER.NS,2025-01-15 10:59:14.074671
256,2024-01-02 00:00:00+05:30,932.730633494591,943.1497098568229,918.5586618970838,926.0643920898438,362520,0.0,0.0,2024-01-02,917.4476593017578,27.333518950452937,944.7811782522107,890.1141403513049,972.1146972026636,862.7806214008519,112.75010361183924,62.229818402702755,44767758,726505.3990801098,902170.8724251774,636.966529308985,50.58572926452111,929.2575879479168,939.9565139987499,915.3654660390107,953.848635907656,904.6665399881776,964.547561958489,890.7744180792715,-0.0847881494089506,-20.116276805249786,16.860474286120052,20.37767476922692,-3.517200483106869,58.302529513713594,31.067861032971674,914.8848754882813,917.4476593017578,837.0034118652344,763.425386352539,TORNTPOWER.NS,2025-01-15 10:59:14.074671
257,2024-01-01 00:00:00+05:30,933.0763087586113,937.9155305538834,924.3855168099736,930.7554931640625,329025,0.0,0.0,2024-01-01,918.9092956542969,28.57207858224719,947.4813742365441,890.3372170720497,976.0534528187912,861.7651384898026,158.94854229864978,66.35238859879603,45130278,662720.1798767465,946087.2407614442,636.3337755017228,49.95622251169325,931.0188468426398,937.652176875306,924.1221631313963,944.5488605865496,917.4888330987301,951.1821906192158,910.5921493874865,-0.06267008684125779,-14.592978578666443,16.826219166524993,21.256974890003637,-4.430755723478644,59.53617085515822,32.19634879344471,909.91728515625,918.9092956542969,832.9068835449219,760.7421008300781,TORNTPOWER.NS,2025-01-15 10:59:14.074671
258,2023-12-29 00:00:00+05:30,909.5716214260757,928.2864893187937,888.9309383705454,922.2621459960938,859362,0.0,0.0,2023-12-29,919.4030914306641,28.87135798829139,948.2744494189554,890.5317334423727,977.1458074072468,861.6603754540813,90.76181253645271,52.21482480960858,44801253,1715126.742365341,1016929.0059826187,635.7477449808383,42.896778324617955,913.1598578951443,937.3887774197433,898.033226471495,952.5154088433926,873.8043069468961,976.7443283679916,858.6776755232468,-0.08763897327361532,-37.85339940283416,16.065417139938063,22.364663820873297,-6.299246680935234,58.04390307688758,33.14127036718013,904.19912109375,919.4030914306641,828.7945532226563,758.0385693359375,TORNTPOWER.NS,2025-01-15 10:59:14.074671
259,2023-12-28 00:00:00+05:30,891.7456464616178,916.0403702395184,887.9433834911722,907.7940063476562,444611,0.0,0.0,2023-12-28,920.8918853759766,29.77996984121895,950.6718552171956,891.1119155347576,980.4518250584144,861.3319456935387,32.381972807623335,46.56809686158894,43941891,873440.254558518,842379.571886938,634.2504486251722,29.411260104136815,903.9259200261157,919.9084565610592,891.811469812713,932.022906774462,875.8289332777695,948.0054433094055,863.7144830643667,-0.05442122390642354,-65.13886023256948,15.684410597593796,23.939475491107103,-8.255064893513307,55.443332514375044,34.45821088891861,899.1525390625,920.8918853759766,824.8550512695313,755.3750360107422,TORNTPOWER.NS,2025-01-15 10:59:14.074671
260,2023-12-27 00:00:00+05:30,902.6584751289721,912.485020912685,882.9066485397167,887.54833984375,310145,0.0,0.0,2023-12-27,921.9881103515625,29.675797405425868,951.6639077569884,892.3123129461366,981.3397051624142,862.6365155407107,-50.83754541025141,40.88958749803112,43497280,595692.9898577036,834614.4012190428,633.5088521255907,49.2578580286384,894.3133364320505,905.7200243243843,876.1416519514161,923.8917088050188,864.7349640590822,935.2983966973526,846.5632795784478,0.005517935603430924,-83.31461574421846,16.383856723187137,26.00324171448543,-9.619384991298293,51.54006612014912,36.26969062779757,892.5356689453125,921.9881103515625,821.1170178222657,752.9909899902344,TORNTPOWER.NS,2025-01-15 10:59:14.074671
261,2023-12-26 00:00:00+05:30,903.6460512015776,913.5219643294638,893.9183008817258,901.2264404296875,346052,0.0,0.0,2023-12-26,919.289517211914,34.95657237572272,954.2460895876368,884.3329448361912,989.2026619633594,849.3763724604686,-3.404120925697196,51.12912922071285,43807425,674902.4077791389,894344.7540593775,633.0275153077773,45.39563273832555,902.8889018802923,911.8595028788588,892.2558394311209,922.4925653280303,883.2852384325544,931.4631663265968,872.6521759833829,0.02131148830091498,-75.533735634878,19.025010862048134,28.408087962310002,-9.383077100261868,54.537043524385446,38.33485600728061,897.4341186523437,919.289517211914,818.0021545410157,750.7990307617188,TORNTPOWER.NS,2025-01-15 10:59:14.074671
262,2023-12-22 00:00:00+05:30,900.6832858682266,909.4728727471359,885.8694160348675,902.1646728515625,203752,0.0,0.0,2023-12-22,914.5219207763672,43.102916194940285,957.6248369713074,871.419004581427,1000.7277531662478,828.3160883864866,-40.82629596732905,51.18902228975613,44153477,397789.565224489,949205.340629437,632.4593161597807,45.546672098824075,899.1689872111887,912.4685583875098,888.8651016752415,922.772443923457,875.5655304989203,936.0720150997781,865.2616449629732,0.04453329670813098,-75.00001577052703,20.771145105428786,30.75385723737547,-9.982712131946684,54.740139571363756,40.13463567688023,901.0487060546875,914.5219207763672,814.7559423828125,748.4214050292969,TORNTPOWER.NS,2025-01-15 10:59:14.074671
263,2023-12-21 00:00:00+05:30,869.080411921121,900.68333599098,858.216906772107,897.0292358398438,303393,0.0,0.0,2023-12-21,908.2828155517578,52.90275986764227,961.1855754194002,855.3800556841155,1014.0883352870424,802.4772958164733,-101.41544795656708,42.988084438296504,43949725,588949.2097080739,1087059.284480674,632.1224668132264,48.663020142103086,885.309826200977,912.402745629847,869.936316410974,927.77625541985,842.843396982104,954.86917484872,827.4698871921009,0.03294028590000329,-77.9213438779058,22.599610070853487,33.24953527036214,-10.649925199508651,53.867842882368635,42.18743921796163,897.8884155273438,908.2828155517578,811.0356872558593,745.6418286132813,TORNTPOWER.NS,2025-01-15 10:59:14.074671
264,2023-12-20 00:00:00+05:30,914.5095744291573,917.6205112394659,871.0555557737762,874.7096557617188,311758,0.0,0.0,2023-12-20,902.7745239257813,59.464515340183894,962.2390392659652,843.3100085855974,1021.703554606149,783.8454932454135,-100.04585275536476,48.0438295138502,43646332,590129.352520186,1211586.8031738237,631.6288939307303,53.12778914185521,887.795240924987,904.5349260761977,857.969970610508,934.3601963906767,841.2302854592972,951.0998815418875,811.4050151448182,0.010915557099159664,-97.75756775733724,25.10394370848553,35.9120165702393,-10.808072861753772,49.980656264397446,44.64174958099167,898.7574951171875,902.7745239257813,807.3875231933594,742.9817510986328,TORNTPOWER.NS,2025-01-15 10:59:14.074671
265,2023-12-19 00:00:00+05:30,924.3854799379061,939.1993498087058,908.8802840842442,912.0405883789062,274129,0.0,0.0,2023-12-19,899.5821319580078,62.67754771224871,962.2596796702566,836.9045842457591,1024.9372273825052,774.2270365335104,-24.492577981239176,77.6820397667855,43958090,541046.8054811652,1366951.165837233,631.1626070927041,60.289767655898814,920.0400740906188,931.1998640969933,900.8807983725317,950.3591398150804,889.7210083661571,961.518929821455,870.56173264807,0.022411191988023167,-77.67295407130338,30.12802733241324,38.614034785677745,-8.486007453264506,57.505951409540074,46.84188175472512,903.9620971679688,899.5821319580078,804.3131506347656,740.2742687988281,TORNTPOWER.NS,2025-01-15 10:59:14.074671
266,2023-12-18 00:00:00+05:30,889.4741671076036,927.348270997281,882.9560280776889,919.2993774414062,651854,0.0,0.0,2023-12-18,894.7528137207031,65.33189367305542,960.0847073937585,829.4209200476477,1025.4166010668139,764.0890263745923,-60.618573465045124,74.17557804411152,44232219,1296799.9650052313,1573427.2559262495,630.6880474693194,73.56034338706768,909.8678921721254,936.7797562665619,892.3875133469697,954.2601350917175,865.4756492525332,981.171999186154,847.9952704273776,0.03064923536662443,-60.228163165085896,32.427360315409715,40.73553664899387,-8.308176333584157,59.11326447293966,47.72361612465565,904.5052734375,894.7528137207031,800.5435144042968,737.1174328613281,TORNTPOWER.NS,2025-01-15 10:59:14.074671
267,2023-12-15 00:00:00+05:30,903.6460685198685,922.3115688004118,876.9811025635446,886.3632202148438,710740,0.0,0.0,2023-12-15,889.9704040527344,66.92192992363556,956.8923339763699,823.0484741290988,1023.8142639000055,756.1265442054632,-114.04441363063063,66.39819053490376,43580365,1363289.7638263276,1642584.078656504,629.5238405886968,73.89110412976535,895.2186305262667,913.4561584889888,868.1256922521216,940.5490967631339,849.8881642893995,958.786624725856,822.7952260152543,0.009845821678074674,-65.26959592284756,34.164998919069376,42.81258073238991,-8.647581813320535,53.655879127554364,48.92648134402777,907.4285522460938,889.9704040527344,796.6326525878907,733.9803497314454,TORNTPOWER.NS,2025-01-15 10:59:14.074671
268,2023-12-14 00:00:00+05:30,907.1026515418248,914.2133212904711,893.1776376706447,901.3746337890625,522897,0.0,0.0,2023-12-14,886.5360534667968,68.85143924894601,955.3874927157428,817.6846142178508,1024.2389319646888,748.8331749689048,-128.63362572855567,76.77462110872732,44291105,1019969.4677015336,1712407.657364048,628.3892134745734,77.79985443190299,902.9218642500595,912.6660908294742,891.6304072096478,923.9575478698858,881.8861806302331,933.7017744493006,870.5947235898215,0.051096232628871606,-51.288890020927205,39.1157638442636,44.97447618572004,-5.858712341456446,56.86761334941095,50.32908978012758,921.0869384765625,886.5360534667968,793.6777807617187,731.1859600830078,TORNTPOWER.NS,2025-01-15 10:59:14.074671
269,2023-12-13 00:00:00+05:30,914.8058425547559,932.286221258919,891.8937115021564,900.732666015625,550782,0.0,0.0,2023-12-13,882.2721252441406,70.50490063855248,952.7770258826931,811.7672246055881,1023.2819265212456,741.2623239670356,-151.73587341012873,85.88221919324585,43768208,1073597.1283025031,1885517.2047796766,627.4990901315972,79.23113467012465,908.3041995922334,924.7146876823105,884.3221779255479,948.696709348996,867.9116898354708,965.107197439073,843.9296681687853,0.04071687069033123,-51.35084012024274,43.38318330035804,46.43915427108415,-3.055970970726108,56.765149458235165,51.18328565599708,939.0907104492187,882.2721252441406,790.23701171875,728.3505847167969,TORNTPOWER.NS,2025-01-15 10:59:14.074671
270,2023-12-12 00:00:00+05:30,938.2117638221155,943.1497204738108,908.5840239119434,914.7564697265625,441862,0.0,0.0,2023-12-12,877.7464904785156,72.14348760585291,949.8899780843685,805.6030028726627,1022.0334656902214,733.4595152668098,-108.81104889326889,103.34618560445925,44318990,874697.3947610076,2088497.2238989698,626.5574117919356,80.66029200720807,922.1634047041056,935.7427854962677,901.1770889344003,956.729101265973,887.5977081422382,970.3084820581352,866.6113923725329,0.08255031877336964,-45.94748724370113,48.252676501372775,47.20314701376567,1.0495294876071029,59.64747322023345,52.10318890693347,945.0755126953125,877.7464904785156,786.7359997558593,725.4436096191406,TORNTPOWER.NS,2025-01-15 10:59:14.074671
271,2023-12-11 00:00:00+05:30,960.9263704268815,961.2720032835443,928.5827541560897,933.915771484375,558601,0.0,0.0,2023-12-11,870.4086853027344,75.56335048945104,945.9720357921855,794.8453348132833,1021.5353862816364,719.2819843238324,10.674590710924905,127.44355896555652,44760852,1128951.0392593858,2391947.18118346,625.7583682974529,82.34612820506004,941.2568429746697,953.9309317932497,921.241682665795,973.9460921021243,908.567593847215,986.6201809207043,888.5524335383403,0.10337201603924044,-38.565433815153526,52.374870059907266,46.94076464186389,5.434105418043373,63.75558264612842,52.43438293324201,952.9663696289062,870.4086853027344,782.9584631347657,722.3193646240235,TORNTPOWER.NS,2025-01-15 10:59:14.074671
272,2023-12-08 00:00:00+05:30,995.5907624060789,1000.4299838725503,943.149688645889,954.6551513671875,847021,0.0,0.0,2023-12-08,861.246304321289,78.50988528325637,939.7561896045454,782.7364190380326,1018.2660748878018,704.2265337547763,66.35899778625699,160.40005867219364,45319453,1749872.42500364,2707696.216664479,624.6744653007884,84.63894141612346,966.0782746285422,989.0068606111954,931.7265653845341,1023.3585698552035,908.7979794018809,1046.2871558378567,874.4462701578727,0.11150834175412343,-30.57457839123712,54.972067396429566,45.58223828735305,9.389829109076516,68.4974912822878,51.95482635304581,957.2426391601563,861.246304321289,778.5468920898437,719.0089581298828,TORNTPOWER.NS,2025-01-15 10:59:14.074671
273,2023-12-07 00:00:00+05:30,929.5209354195741,1034.0080819827083,924.9779793129577,991.3934936523438,2765383,0.0,0.0,2023-12-07,850.6790802001954,79.49264001985355,930.1717202200489,771.1864401803418,1009.6643602399024,691.6938001604883,87.477161598156,192.06807003539768,46166474,5932900.192154223,2947152.1645796886,622.905084545738,89.66431313339899,983.4598516493365,1041.9417239857153,932.9116213159648,1092.4899543190872,874.429748979586,1150.971826655466,823.8815186462142,0.13293464504928862,-16.419344079803754,55.4218422191783,43.23478101008392,12.18706120909438,78.04589429030091,50.79939643000128,954.437890625,850.6790802001954,773.6365881347656,715.5074530029297,TORNTPOWER.NS,2025-01-15 10:59:14.074671
274,2023-12-06 00:00:00+05:30,938.211775125325,947.4457300641259,918.5093157921348,930.6566772460938,1049903,0.0,0.0,2023-12-06,838.32431640625,75.5770970942185,913.9014135004685,762.7472193120315,989.478510594687,687.170122217813,46.207311131181775,159.44696467274795,43401091,2114483.8069304414,2200715.1576860547,616.3392801880764,83.82789740014357,932.2039077007848,945.8984996094349,916.9620853374438,961.140321972776,903.2674934287937,974.834913881426,888.0256710654527,0.11920687102208341,-28.048238027870376,51.539795332050744,40.18801570781032,11.351779624240422,72.06868592335569,49.555087282107166,946.566796875,838.32431640625,767.8532543945313,711.7743585205078,TORNTPOWER.NS,2025-01-15 10:59:14.074671
275,2023-12-05 00:00:00+05:30,955.29708074561,964.5310958409426,946.1618609498787,954.2107543945312,353161,0.0,0.0,2023-12-05,828.7594970703125,75.38146941073472,904.1409664810471,753.3780276595778,979.5224358917819,677.996558248843,77.69802806669261,200.27474307484593,44450994,729260.5725754825,2222272.995374958,614.1984888850742,91.41157441337994,954.9679037284509,963.7739465070231,945.4047116159592,973.3371386195148,936.598668837387,982.143181398087,927.0354767248953,0.13190202674903959,-17.19745173220623,51.770349110024995,37.35007080175021,14.420278308274781,79.90052425699261,49.146305575358426,946.3791625976562,828.7594970703125,763.4219323730468,708.6318432617187,TORNTPOWER.NS,2025-01-15 10:59:14.074671
276,2023-12-04 00:00:00+05:30,967.8395415819912,972.7774984267973,932.3356198122767,955.297119140625,763217,0.0,0.0,2023-12-04,817.86142578125,71.96845318653995,889.8298789677899,745.89297259471,961.7983321543298,673.9245194081701,96.70336007314995,223.62185393955977,44804155,1577800.875324353,2595526.101074827,613.417724170583,91.93873094984701,953.4700791265664,974.604538440856,934.1626598263355,993.9119577410869,913.0282005120458,1015.0464170553765,893.7207812118149,0.12085416346122088,-16.267723578238677,48.961408862509074,33.745001224681516,15.216407637827558,80.2754547720244,47.252601932506124,922.2523071289063,817.86142578125,758.5531066894531,705.2034197998047,TORNTPOWER.NS,2025-01-15 10:59:14.074671
277,2023-12-01 00:00:00+05:30,953.0256682803223,967.2963755759334,933.2738409584504,940.6314086914062,635463,0.0,0.0,2023-12-01,806.1140258789062,67.38333328766915,873.4973591665754,738.730692591237,940.8806924542445,671.3473593035679,124.5602204942953,247.07942365478567,44040938,1293526.8092056315,2849957.407512445,611.7126849572752,91.85207239828668,947.0672084085967,960.860575858743,926.8380412412599,981.0897430260798,913.0446737911136,994.8831104762261,892.8155066237769,0.12125237012133377,-21.135686476770044,44.51628415603625,29.940899315224627,14.575384840811623,79.04667804212937,45.21322877866518,892.3677856445313,806.1140258789062,753.7247717285156,701.9073333740234,TORNTPOWER.NS,2025-01-15 10:59:14.074671
278,2023-11-30 00:00:00+05:30,919.4475116017448,960.0374904195565,908.6333746782608,952.0380249023438,1442015,0.0,0.0,2023-11-30,794.578955078125,62.729596511367205,857.3085515894921,731.8493585667578,920.0381481008594,669.1197620553905,182.6656318059988,277.38615863749305,44676401,2970911.8219400486,3239065.057089148,610.3411735870995,91.79409610558977,940.2362966667202,971.8392186551797,920.435102913884,991.640412408016,888.8321809254245,1023.2433343964755,869.0309871725882,0.14085525412279437,-15.023482331482258,39.59503864189878,26.297053105021718,13.297985536877064,82.77071096925044,43.05995913766078,859.718017578125,794.578955078125,749.2154296875,698.8250598144531,TORNTPOWER.NS,2025-01-15 10:59:14.074671
279,2023-11-29 00:00:00+05:30,849.3285471675189,991.5416992513825,843.5511619752285,929.718505859375,6224415,0.0,0.0,2023-11-29,782.8710632324219,52.87168721232482,835.7427504447467,729.9993760200971,888.6144376570716,677.1276888077722,298.0844329657882,295.87773085096484,43234386,12523211.217358826,3306103.365876423,607.0770978176995,90.97848431854631,921.603789028662,999.6564160820956,851.6658788059416,1069.5943263048161,773.6132517525081,1147.6469533582494,703.6753415297876,0.09247236509378412,-23.511728184931126,31.571049400116863,22.97255672080245,8.598492679314411,81.15830774657111,40.79648309438618,826.6830932617188,782.8710632324219,744.5223974609376,695.3260241699219,TORNTPOWER.NS,2025-01-15 10:59:14.074671
280,2023-11-28 00:00:00+05:30,807.8003666133818,854.2665281404941,807.8003666133818,833.5764770507812,962879,0.0,0.0,2023-11-28,772.0766876220703,42.2927639512453,814.3694515733156,729.783923670825,856.6622155245609,687.4911597195796,119.39863442348866,172.65475118641513,37009971,1736932.154184427,1001826.4030058219,593.2013890285621,83.00800445435492,831.8811239348857,855.9618812563897,809.4957197292774,878.347285461998,785.4149624077735,902.428042783502,763.0295582021652,0.04160866195776817,-16.463661490151264,23.01769687661067,20.822933550973847,2.194763325636824,69.8865328758513,38.35889350932123,802.9117553710937,772.0766876220703,740.2629150390625,691.8645166015625,TORNTPOWER.NS,2025-01-15 10:59:14.074671
281,2023-11-24 00:00:00+05:30,777.3825264388294,817.2318118226294,775.4073438120677,805.87451171875,870841,0.0,0.0,2023-11-24,765.948681640625,41.78892477822828,807.7376064188533,724.1597568623966,849.5265311970816,682.3708320841683,-17.658026727164675,121.85925255893005,36047092,1518699.9448578735,818049.9652111705,591.5914973468134,80.83345659664731,799.5045557844824,823.6017677568971,781.7772997463353,841.3290237950441,757.6800877739206,865.4262357674588,739.9528317357735,-0.02468771401752595,-32.97645757124319,21.186593878777217,20.27424271956464,0.9123511592125766,64.1483794025713,37.386871082093926,799.2873046875,765.948681640625,737.8156640625,689.5150372314453,TORNTPOWER.NS,2025-01-15 10:59:14.074671
282,2023-11-23 00:00:00+05:30,787.1596867224046,795.8999064838174,774.4691617722374,777.382568359375,218305,0.0,0.0,2023-11-23,761.4403289794922,42.11736369615927,803.5576926756514,719.3229652833329,845.6750563718107,677.2056015871736,-56.5994410454702,93.65339459778139,35176251,367252.00040549354,642887.4702994947,590.2856250076777,80.24318098098203,782.5838788718098,790.6985959713822,769.2678512598022,804.0146235833898,761.1531341602298,812.1293406829623,747.8371065482222,-0.041532457077074515,-54.97954373582838,21.249442022148287,20.046154929761492,1.2032870923867947,56.17233127469359,37.257050080138065,802.8426391601563,761.4403289794922,735.8701098632813,687.5324481201172,TORNTPOWER.NS,2025-01-15 10:59:14.074671
283,2023-11-22 00:00:00+05:30,807.8497193800008,813.4790020962755,783.1599357803675,786.8634033203125,264443,0.0,0.0,2023-11-22,757.4652740478516,44.23211891379249,801.6973929616441,713.2331551340591,845.9295118754366,669.0010362202667,-2.5389494185093775,130.244865821006,35394556,450294.9864678028,711796.337772995,589.9993598698742,83.22324511859021,794.5007803989852,805.8416250176028,775.5225587016948,824.8198467148932,764.1817140830772,836.1606913335108,745.2034923857868,-0.03179226526851951,-43.04880262782299,23.81397017258223,19.745333156664792,4.068637015917439,60.31864086256393,37.81819087304307,810.9013671875,757.4652740478516,734.6514221191406,685.8752691650391,TORNTPOWER.NS,2025-01-15 10:59:14.074671
284,2023-11-21 00:00:00+05:30,815.8985681507263,829.0335202490472,801.9734947983623,810.86181640625,95980,0.0,0.0,2023-11-21,753.8185943603515,44.685007338600045,798.5036016989516,709.1335870217515,843.1886090375516,664.4485796831515,52.82704428697969,192.71063437245536,35658999,168419.85331562097,777171.6755992931,589.6338137041196,84.6167123960384,813.9562771512198,825.9390595040772,798.8790340533923,841.0163026019047,786.8962517005348,852.9990849547622,771.8190086027073,-0.013822278418433425,-24.038832559739063,25.802807010354968,18.728173902685434,7.074633107669534,72.98285858539207,37.82292082588231,816.747900390625,753.8185943603515,733.1344812011719,684.2047583007812,TORNTPOWER.NS,2025-01-15 10:59:14.074671
285,2023-11-20 00:00:00+05:30,822.7129962457988,830.5643598600826,809.8249406483565,815.4542236328125,120836,0.0,0.0,2023-11-20,749.5892364501954,42.97198451327628,792.5612209634717,706.617251936919,835.533205476748,663.6452674236427,73.25228991166927,230.5850736198335,35754979,213236.53472891843,929359.631170211,589.4846176319178,87.4873781746628,818.6145080470839,827.4040754458113,806.6646562340851,839.35392725881,797.8750888353577,848.1434946575374,785.9252370223589,-0.00373426717239245,-20.69703752723886,25.5946891425192,16.95951562576805,8.635173516751152,75.80947631140144,36.37536664401227,816.61953125,749.5892364501954,730.7464868164062,682.3322857666016,TORNTPOWER.NS,2025-01-15 10:59:14.074671
286,2023-11-17 00:00:00+05:30,814.8122294634821,837.7243607884689,809.8249052125486,823.6511840820312,431348,0.0,0.0,2023-11-17,744.6759674072266,40.59687719857455,785.2728446058012,704.079090208652,825.8697218043757,663.4822130100775,102.58419767060032,280.96109784740247,35875815,768841.4783016943,1108390.4052805342,589.2925952693608,89.23734205721796,823.7334833610163,837.6420615094839,809.7426059335637,851.6329389369365,795.834027785096,865.5415170854042,781.8431503576435,0.008316168234769904,-14.674287878340225,24.48815435543895,14.80072224658026,9.68743210885869,81.01453506135151,34.140450761605344,807.128759765625,744.6759674072266,728.295283203125,680.5057354736329,TORNTPOWER.NS,2025-01-15 10:59:14.074671
287,2023-11-16 00:00:00+05:30,816.0960262888331,822.5647973647204,795.9985679462192,817.6762084960938,628621,0.0,0.0,2023-11-16,739.555307006836,36.34762980574785,775.9029368125838,703.2076772010881,812.2505666183316,666.8600473953403,111.49222449400608,292.6763724096714,35444467,1112335.8535556146,1193277.637025244,588.579523070415,89.78440166539163,812.0798579356779,828.1611479251366,801.5949185066353,838.6460873541791,785.5136285171766,854.7273773436378,775.028689088134,-0.015914200715311994,-19.005030812664632,21.89314546477783,12.378864219365585,9.514281245412246,80.09038879376445,31.733618272859424,792.5321533203125,739.555307006836,725.7571728515625,678.7157257080078,TORNTPOWER.NS,2025-01-15 10:59:14.074671
288,2023-11-15 00:00:00+05:30,824.6387584295879,843.8967893150694,802.0228929196243,816.0960693359375,927000,0.0,0.0,2023-11-15,734.9284454345703,31.438035978185145,766.3664814127554,703.4904094563852,797.8045173909406,672.0523734782,174.65843185314213,390.8732744467371,34815846,1637143.3543773997,1213513.0828926514,587.5591416160706,97.94060981883868,820.6719171902105,839.3209414607967,797.4470450653515,862.5458135856557,778.7980207947653,881.1948378562419,755.5731486699063,-0.07785848385719223,-17.317765882336296,18.827477958458758,10.000293908012523,8.827184050446235,79.84933895408004,29.41561921512525,777.6590454101563,734.9284454345703,722.5425646972657,677.0649670410156,TORNTPOWER.NS,2025-01-15 10:59:14.074671
289,2023-11-13 00:00:00+05:30,769.3830320601214,827.058391228495,768.7411338468789,810.219970703125,1434916,0.0,0.0,2023-11-13,730.3879943847656,24.99590647599671,755.3839008607623,705.392087908769,780.3798073367591,680.3961814327722,206.80555003437743,397.35935178047947,33888846,2515910.056990885,1107605.5150214643,586.0481820279516,95.63234512290998,802.0064985928329,835.2718633387869,776.9546059571709,860.323755974449,743.6892412112169,893.589120720403,718.6373485755548,-0.04692943812332403,-11.71820407690453,14.772849508437503,7.793497895400964,6.979351613036538,78.96944494955945,26.427237677721937,763.2994750976562,730.3879943847656,719.1956188964843,675.4226025390625,TORNTPOWER.NS,2025-01-15 10:59:14.074671
290,2023-11-10 00:00:00+05:30,750.6680914036739,778.5181769462948,750.6680914036739,768.0003662109375,766244,0.0,0.0,2023-11-10,725.9216125488281,16.526156715683772,742.4477692645119,709.3954558331443,758.9739259801956,692.8692991174605,126.99915716657823,266.37499876005626,32453930,1273486.0829461818,755529.379529109,583.7302984876789,91.58872394204091,765.7288781869687,780.7896649702635,752.9395794276426,793.5789637295896,737.8787926443478,808.6397505128845,725.0894938850216,-0.15933293228947742,-20.684906527475757,9.936572047498771,6.048659992141829,3.887912055356942,70.33199275845843,23.487992604053897,749.1275390625,725.9216125488281,716.040263671875,673.9693615722656,TORNTPOWER.NS,2025-01-15 10:59:14.074671
291,2023-11-09 00:00:00+05:30,744.4463384820184,790.0730703503069,728.5955095636737,750.6681518554688,673118,0.0,0.0,2023-11-09,724.1118530273437,13.35281061696251,737.4646636443063,710.7590424103812,750.8174742612688,697.4062317934187,115.94418567030544,239.76186015176447,31687686,1093464.9942026942,626040.2036748407,582.7072160541722,90.46405240205979,756.445577256483,784.2956449492924,722.8180841626591,817.9231380431163,694.9680164698498,845.7732057359257,661.3405233760259,-0.2101244654632486,-36.92737648463827,7.75210858844423,5.0766819783025925,2.6754266101416375,64.82574904807706,21.521716181639533,742.7773315429688,724.1118530273437,713.8300341796875,672.9160955810547,TORNTPOWER.NS,2025-01-15 10:59:14.074671
292,2023-11-08 00:00:00+05:30,744.9895260525377,756.2480917847404,739.3603034642299,743.3106689453125,239390,0.0,0.0,2023-11-08,723.5242370605469,12.343053505481977,735.8672905660288,711.1811835550649,748.2103440715108,698.8381300495829,100.51580845800821,190.21008660722296,31014568,385072.1061970863,509184.00604287727,581.8840042207212,86.33132794315814,746.3063547314276,753.2524059986254,736.3646176781149,763.1941430519381,729.4185664109172,770.1401943191358,719.4768293576044,-0.17495998796659037,-21.117559688128164,6.544837716201755,4.407825325767183,2.137012390434572,62.04797735396735,19.404187726731756,736.713525390625,723.5242370605469,711.9852136230469,671.8480157470703,TORNTPOWER.NS,2025-01-15 10:59:14.074671
293,2023-11-07 00:00:00+05:30,736.7431201115794,757.4825377018517,729.1880224497212,744.2982177734375,243292,0.0,0.0,2023-11-07,722.1662994384766,11.51803336396632,733.6843328024429,710.6482660745103,745.2023661664092,699.130232710544,122.1984494559221,188.83790360100394,31253958,391868.62848276313,540211.981004325,581.6021327865379,75.5264250791666,743.6562593083368,758.1244961669523,729.8299809148218,771.9507745604673,715.3617440562062,786.4190114190828,701.5354656626913,-0.1702366243621024,-19.818070366241386,5.62460154188841,3.87357222815854,1.75102931372987,62.66610344928688,18.535789386319376,730.0373901367187,722.1662994384766,710.2806298828125,670.9227117919922,TORNTPOWER.NS,2025-01-15 10:59:14.074671
294,2023-11-06 00:00:00+05:30,740.5947797185817,750.026265084081,735.7555579778119,739.3602905273438,118080,0.0,0.0,2023-11-06,720.6824401855469,10.371289403649275,731.0537295891961,710.3111507818976,741.4250189928454,699.9398613782483,172.0569654299654,187.70269696604484,31010666,188928.7954122414,577297.8191347154,581.3129009493042,76.84838718353971,741.7140378630789,747.672517748346,733.4018106420768,755.9847449693481,727.4433307568098,761.9432248546151,719.1311035358077,-0.12833542590504923,-26.31575791930727,4.263940547128186,3.435814899726072,0.8281256474021141,60.85941253593298,17.60059117356758,724.7537841796875,720.6824401855469,708.5138293457031,670.0586950683594,TORNTPOWER.NS,2025-01-15 10:59:14.074671
295,2023-11-03 00:00:00+05:30,722.9168458013708,759.3589895983757,722.9168458013708,736.2493286132812,716268,0.0,0.0,2023-11-03,719.7639770507812,9.397846551589604,729.1618236023709,710.3661304991916,738.5596701539605,700.968283947602,235.94188789012017,178.99418087041076,30892586,1141211.5280425646,674390.0750653337,581.1764175865901,77.67138246557445,739.5083880043426,756.0999302073144,719.6577864103094,775.9505318013476,703.0662442073376,792.5420740043194,683.2156426133045,-0.12230015011044529,-30.409390226882614,2.9435880091772333,3.228783487875543,-0.28519547869830975,59.719898028614516,16.985366768849325,719.6479248046875,719.7639770507812,706.757890625,669.3706805419922,TORNTPOWER.NS,2025-01-15 10:59:14.074671
296,2023-11-02 00:00:00+05:30,714.7692061162346,725.8796082838444,711.4113715722411,720.34912109375,157346,0.0,0.0,2023-11-02,719.1294494628906,8.622650894621545,727.7521003575122,710.5067985682691,736.3747512521337,701.8841476736476,79.03031320892988,19.02484366509407,30176318,245281.29293057366,557684.7118210259,580.359819267174,68.21631305292973,719.2133669832784,727.0153623943157,712.5471256827125,733.6816036948817,704.7451302716752,741.483599105919,698.0788889711092,-0.11065837273240169,-26.926910930284578,1.5149194481981567,3.30008235755012,-1.7851629093519632,53.259868541869,16.322817409921974,714.6013305664062,719.1294494628906,705.1076257324219,668.6867822265625,TORNTPOWER.NS,2025-01-15 10:59:14.074671
297,2023-11-01 00:00:00+05:30,717.8801509837539,720.9416599491341,706.4734230732854,709.9299926757812,171225,0.0,0.0,2023-11-01,719.2998077392579,8.681473452778627,727.9812811920365,710.6183342864792,736.6627546448151,701.9368608337006,-29.55322158420736,-28.618474976402403,30018972,263056.1069136347,635785.5665436389,580.1976941795251,65.59297197810977,712.4483585660669,718.4232940588483,703.9550571829997,726.9165954419155,697.9801216902182,732.891530934697,689.486820307151,-0.13044775026638464,-56.99448071298907,1.2287669637438512,3.74637308488811,-2.517606121144259,48.20489911076354,17.27067480792016,713.672998046875,719.2998077392579,703.2628039550781,668.0372271728515,TORNTPOWER.NS,2025-01-15 10:59:14.074671
298,2023-10-31 00:00:00+05:30,715.9543727692056,724.3982668921443,709.0906007205994,717.8801879882812,921823,0.0,0.0,2023-10-31,720.7342895507812,9.392883473991379,730.1271730247726,711.3414060767899,739.520056498764,701.9485226027984,15.052117638960473,15.894435571887705,30190197,1432073.132630719,728967.93145114,580.0339889192921,70.60131542495931,717.123018533675,725.1554363467507,709.8477701752057,732.43068470522,701.81535236213,740.4631025182956,694.5401040036608,-0.11221712387827783,-49.23739568492993,1.869913673087126,4.3757746151741745,-2.5058609420870486,52.20484524722444,17.83043770410658,711.2632934570313,720.7342895507812,701.5068676757812,667.6886682128907,TORNTPOWER.NS,2025-01-15 10:59:14.074671
299,2023-10-30 00:00:00+05:30,711.0163825029903,727.8548024442773,705.9302630966392,713.8309936523438,181946,0.0,0.0,2023-10-30,721.3070892333984,9.557536572700739,730.8646258060992,711.7495526606976,740.4221623787998,702.192016087997,-8.99646419756644,15.610621577792989,29268374,281062.9511848307,553191.6311562451,579.0911225656407,66.91695301630702,715.8720197310868,725.8137763655343,703.8892370178962,737.7965590787248,693.9474803834487,747.7383157131724,681.9646976702581,-0.14453525340055212,-55.19247708233396,1.8794699418019718,5.002239850695936,-3.1227699088939644,50.252121812369346,18.635347286540103,710.4732177734375,721.3070892333984,699.5672375488281,666.5190319824219,TORNTPOWER.NS,2025-01-15 10:59:14.074671
300,2023-10-27 00:00:00+05:30,724.8426354066356,727.8547767691865,706.8684619708891,711.016357421875,936763,0.0,0.0,2023-10-27,721.8996429443359,9.43623931661454,731.3358822609505,712.4634036277214,740.772121577565,703.0271643111068,-21.655852373295264,18.059735696792227,29086428,1441368.4450994856,621223.8011490987,578.9089708950825,60.914312432958106,715.2465320539835,723.6246021370779,702.6382873387805,736.2328468522809,694.2602172556861,744.6109169353753,681.6519725404831,-0.15024685960019304,-59.331914823753976,2.2620123349564665,5.782932327919427,-3.520919992962961,48.90724406219529,19.502172990699282,712.9619506835937,721.8996429443359,697.7895739746094,665.1577459716797,TORNTPOWER.NS,2025-01-15 10:59:14.074671
301,2023-10-26 00:00:00+05:30,697.2394883220891,720.8429455364608,683.363842005232,715.7074584960938,343497,0.0,0.0,2023-10-26,722.6428070068359,9.113778585832446,731.7565855926683,713.5290284210035,740.8703641785008,704.415249835171,-106.95969354317856,-14.435295207861932,30023191,532015.3717841754,416187.6401615018,577.9830269172793,50.631798765525005,706.6380820125955,729.9123220199591,692.4332184887303,744.1171855438243,669.1589784813667,767.3914255511879,654.9541149575015,0.0023450904633921634,-52.43279207914157,2.994708628663034,6.663162326160167,-3.6684536974971333,51.045951549007114,20.50055056380724,714.1964477539062,722.6428070068359,696.2617700195312,663.5816687011719,TORNTPOWER.NS,2025-01-15 10:59:14.074671
302,2023-10-25 00:00:00+05:30,707.4116903350775,716.0037473589437,690.3263715915884,697.8814697265625,154306,0.0,0.0,2023-10-25,722.5242950439454,9.223460491040296,731.7477555349857,713.300834552905,740.9712160260259,704.0773740618648,-194.3519893686039,-29.02157142629339,29679694,233039.83797950528,387230.7072558334,577.6281486223533,45.28102349264881,701.4038628923648,712.4813541931412,686.803978425786,727.08123865972,675.7264871250096,738.1587299604964,661.1266026584308,-0.07902589496293284,-87.62130761930511,3.4254051621044255,7.58027575053445,-4.1548705884300245,42.10915418225938,21.023092917072137,715.3025512695312,722.5242950439454,694.5868151855469,661.9365942382813,TORNTPOWER.NS,2025-01-15 10:59:14.074671
303,2023-10-23 00:00:00+05:30,726.2747014201395,731.2620256719111,701.239224582015,713.9298095703125,177541,0.0,0.0,2023-10-23,723.0872192382812,7.887052441565209,730.9742716798464,715.2001667967161,738.8613241214117,707.3131143551508,-104.20947495767784,27.733272839623893,29834000,274296.2479040629,425778.4245749154,577.4887917505264,45.48006073879903,715.4770199414129,729.7148153008108,699.6920142109146,745.499821031309,685.4542188515168,759.7376163907069,669.6692131210185,-0.06788703949026671,-72.25913557283906,5.680516963856348,8.618993397641956,-2.938476433785608,49.69172305694654,22.025979734106837,720.754052734375,723.0872192382812,693.8925366210938,660.3701513671875,TORNTPOWER.NS,2025-01-15 10:59:14.074671
304,2023-10-20 00:00:00+05:30,716.0036846841269,730.9162890402257,711.4113610781408,726.274658203125,118716,0.0,0.0,2023-10-20,722.5020690917969,8.96295585684371,731.4650249486406,713.5391132349532,740.4279808054844,704.5761573781094,-6.958469581070352,54.46017207602157,30011541,186584.61684231996,463648.96874262847,577.3066239706765,52.11071475862708,722.8674361071638,734.3235111361869,714.818583174102,742.3723640692488,703.3625081450789,753.8284390982718,695.313655212017,-0.07144885602777595,-48.52524925569309,6.901156680520103,9.353612506088359,-2.452455825568256,57.02233601490499,23.578521283185037,723.0255004882813,722.5020690917969,692.6906372070313,658.7914416503907,TORNTPOWER.NS,2025-01-15 10:59:14.074671
305,2023-10-19 00:00:00+05:30,720.9416778078378,722.8674929753486,703.0662986746779,717.1888427734375,138192,0.0,0.0,2023-10-19,721.6428649902343,9.395486195420062,731.0383511856544,712.2473787948143,740.4338373810745,702.8518925993942,-98.6244753093462,30.07612206502379,29892825,214477.68639076568,532915.0567177056,577.1735116694884,52.26692958457507,714.3742114744879,725.6821242742978,705.8809299736272,734.1754057751585,694.5730171738172,745.4833185749685,686.0797356729565,-0.07671502580635207,-66.03229464200204,7.143601881494305,9.966726462480421,-2.823124580986116,52.19887970215373,24.45242266468319,721.9490356445312,721.6428649902343,691.1529577636719,656.9798376464844,TORNTPOWER.NS,2025-01-15 10:59:14.074671
306,2023-10-18 00:00:00+05:30,728.8424417907379,733.187867993833,716.201284124181,721.2379760742188,579564,0.0,0.0,2023-10-18,721.3218963623046,9.661535344233892,730.9834317065386,711.6603610180707,740.6449670507724,701.9988256738369,-11.096772409414491,58.25760218478952,30031017,904577.2818953325,612524.3992994406,577.0277221472439,56.809099243868204,723.5423760640775,730.883468003974,713.896884134322,740.5289599337295,706.5557921944255,747.870051873626,696.91030026467,-0.09942840213028119,-58.23020345705812,8.240583970794205,10.672507607726951,-2.431923636932746,54.74062329838826,25.93985322603212,724.8723022460938,721.3218963623046,689.8473608398438,655.2311181640625,TORNTPOWER.NS,2025-01-15 10:59:14.074671
307,2023-10-17 00:00:00+05:30,725.8303030783328,733.9779320339595,720.9910811632668,725.1389770507812,529992,0.0,0.0,2023-10-17,720.9540161132812,9.803926649173475,730.7579427624547,711.1500894641077,740.5618694116282,701.3461628149342,22.209459881711222,67.60774923375374,30610581,831679.9907785176,539511.1786504675,576.3952141551432,70.90796114481702,726.7026634160026,732.4142456687383,719.4273947980456,739.6895142866953,713.7158125453099,745.401096539431,706.4405439273529,-0.07611511420629015,-50.71354172457736,9.121417851399883,11.280488516960135,-2.159070665560252,57.23256973065002,26.41187053228703,728.4078735351562,720.9540161132812,688.5773181152343,653.4718444824218,TORNTPOWER.NS,2025-01-15 10:59:14.074671
308,2023-10-16 00:00:00+05:30,719.0158076472286,730.8175353067257,719.0158076472286,725.2870483398438,312995,0.0,0.0,2023-10-16,720.4552825927734,9.833494619879882,730.2887772126533,710.6217879728936,740.1222718325332,700.7882933530136,-9.785326761746939,64.81463172589272,31140573,491261.81830711616,466468.975618455,575.7962208739187,71.04336404114538,725.040130431266,731.0644532153034,719.2627255558062,736.8418580907631,713.2384027717688,742.8661808748005,707.4609978963091,-0.09754658888205077,-50.42822987798666,9.726759347037842,11.820256183350198,-2.0934968363123563,57.325770787210864,26.462509951803803,726.6104614257813,720.4552825927734,687.2825854492188,651.6475500488282,TORNTPOWER.NS,2025-01-15 10:59:14.074671
309,2023-10-13 00:00:00+05:30,730.5213498605391,731.2620433894747,718.0282948947062,720.892333984375,409942,0.0,0.0,2023-10-13,720.0602508544922,9.787762788509339,729.8480136430015,710.2724880659829,739.6357764315109,700.4847252774736,-28.69789315734689,62.86161665671563,30827578,639526.4515238535,460270.7649462897,575.4398518933504,71.44478748005588,723.3942240895186,728.7601532843311,715.5264047895625,736.6279725842871,710.1604755947501,741.9939017790996,702.292656294794,-0.13441846855795084,-58.8962055128055,10.339821978181476,12.343630392428285,-2.0038084142468087,55.34975688684051,26.696284395646117,724.4772583007813,720.0602508544922,685.8950207519531,649.6495086669922,TORNTPOWER.NS,2025-01-15 10:59:14.074671
310,2023-10-12 00:00:00+05:30,742.6686804149798,745.1376587408274,728.9411368121503,731.80517578125,119811,0.0,0.0,2023-10-12,719.8528533935547,9.81311699803847,729.6659703915932,710.0397363955162,739.4790873896317,700.2266193974777,84.07000394540715,89.96900162974191,31237520,189739.5468516615,415456.84330189874,574.9842876736794,76.07080091396469,735.2946571114093,741.6481774106683,725.4516554819911,751.4911790400864,719.0981351827321,757.8446993393454,709.255133553314,-0.07517623513769632,-36.2808466215132,11.400876730666255,12.844582495989986,-1.443705765323731,61.97183351980556,26.948041489014763,724.4969970703125,719.8528533935547,684.8649621582031,647.6443737792969,TORNTPOWER.NS,2025-01-15 10:59:14.074671
311,2023-10-11 00:00:00+05:30,719.9540672523877,751.3594589535182,718.9664759392844,738.9158325195312,449315,0.0,0.0,2023-10-11,718.823291015625,9.570296929273294,728.3935879448983,709.2529940863518,737.9638848741716,699.6826971570785,114.89497038562452,94.84760774293699,31357331,718474.8639208662,471886.167414458,574.8406050054266,76.03410658785816,736.413922470778,753.8613690022715,721.4683859880377,768.8069054850118,704.020939456544,786.2543520165054,689.0754029738038,-0.09930380162531545,-23.154158985242884,11.511858218160341,13.205508937320918,-1.6936507191605763,66.80879093173596,26.240607572049683,722.8477172851562,718.823291015625,683.5959069824219,645.5006628417968,TORNTPOWER.NS,2025-01-15 10:59:14.074671
312,2023-10-10 00:00:00+05:30,715.0161623007361,722.1268323239267,713.1891423507263,716.1519165039062,320685,0.0,0.0,2023-10-10,717.307339477539,8.569007066817573,725.8763465443566,708.7383324107215,734.4453536111741,700.1693253439039,-67.80383647032927,59.276505352417814,30908016,496992.1099251187,410238.993287856,574.2748967380503,68.14136922655241,717.1559637261865,721.1227851016467,712.1850951284464,726.0936536993869,708.2182737529862,730.0604750748471,703.247405155246,-0.09989948276866224,-65.17767747498908,10.779234107194611,13.62892161711106,-2.849687509916448,56.782042169686775,25.478755661471904,719.8158081054687,717.307339477539,682.0868676757813,643.3643713378906,TORNTPOWER.NS,2025-01-15 10:59:14.074671
313,2023-10-09 00:00:00+05:30,707.1153630284505,716.0036846307634,699.560265555369,714.6210327148438,359663,0.0,0.0,2023-10-09,717.322152709961,8.567160440508548,725.8893131504695,708.7549922694524,734.456473590978,700.1878318289439,-120.69464036378515,47.53004601893213,30587331,556208.0190295422,388550.71412854036,573.9249037626008,61.009002149037244,710.061660966992,720.563056378615,704.1196373032207,726.5050800423863,693.6182418915977,737.0064754540093,687.6762182278263,-0.08559214775592598,-68.00377836075772,11.919832328675966,14.34134349459017,-2.421511165914204,55.951420109163074,26.193012927073024,724.3093505859375,717.322152709961,680.2479699707031,641.44884765625,TORNTPOWER.NS,2025-01-15 10:59:14.074671
314,2023-10-06 00:00:00+05:30,723.9044342683418,727.3610038726245,716.0530712544845,720.9910278320312,97952,0.0,0.0,2023-10-06,717.1419189453125,8.664342666608151,725.8062616119206,708.4775762787043,734.4706042785288,699.8132336120962,-4.690154231275197,72.55177343393989,30946994,152830.08599359324,346636.38790328987,573.5345577299623,58.45305879065058,721.4683676530467,726.8836640516089,715.575731433469,732.7763002711866,710.1604350349068,738.1915966697488,704.267798815329,-0.05365430944517967,-56.244395335315986,13.350309025878914,14.946721286068719,-1.5964122601898048,60.442434946228204,27.37933111498653,727.2523803710938,717.1419189453125,678.5759790039062,639.5010266113281,TORNTPOWER.NS,2025-01-15 10:59:14.074671
315,2023-10-05 00:00:00+05:30,724.3982053340384,731.0150789788777,720.9416358471003,723.5587768554688,78751,0.0,0.0,2023-10-05,715.6654724121094,10.329787186450934,725.9952595985603,705.3356852256584,736.3250467850112,695.0058980392075,32.280454796341424,83.13468988477918,31044946,123309.22904840723,395087.963380714,573.4230571126999,63.449543238075336,725.1718305604822,729.4020252738642,719.3285821420868,735.2452736922596,715.0983874287049,739.4754684056415,709.2551390103094,-0.0408956703398965,-51.50418066885053,14.352127262637168,15.34582435111617,-0.9936970884790011,62.31632549456212,27.011739472530675,728.1905883789062,715.6654724121094,676.2353869628906,637.512572631836,TORNTPOWER.NS,2025-01-15 10:59:14.074671
316,2023-10-04 00:00:00+05:30,738.6195844530966,739.7059108117971,720.6947775899986,723.7562866210938,131948,0.0,0.0,2023-10-04,714.1322357177735,11.324410084952227,725.4566458027257,702.8078256328213,736.7810558876779,691.4834155478691,59.7547160022049,93.00333995754887,31123697,206662.10569504023,463032.64696379064,573.3317290299686,68.20171714315329,728.0523250076299,735.4098724252611,716.3987392034626,747.0634582294284,709.0411917858313,754.4210056470597,697.387605981664,-0.057398393622205376,-51.139566105962906,15.164417339775014,15.59424862323592,-0.4298312834609064,62.456248896321796,26.045320877291257,728.6547607421875,714.1322357177735,673.6913513183594,635.5298516845703,TORNTPOWER.NS,2025-01-15 10:59:14.074671
317,2023-10-03 00:00:00+05:30,728.8918174925719,751.4583170495,724.842716881588,738.61962890625,331825,0.0,0.0,2023-10-03,712.781704711914,11.719966689719095,724.5016714016331,701.061738022195,736.2216380913522,689.3417713324758,150.67103076564285,119.17963382844843,31255645,530390.3785455519,527125.2822809782,573.1782572061998,75.29571612683377,738.3068876124461,751.7710583433042,725.1554581753921,764.9224877803581,711.691287444534,778.3866585112162,698.5398580074801,0.08703616649726194,-23.700968155111124,15.955179168590234,15.701706444101147,0.25347272448908775,73.90526065246162,25.004562390110344,726.570947265625,712.781704711914,671.328046875,633.5716571044921,TORNTPOWER.NS,2025-01-15 10:59:14.074671
318,2023-09-29 00:00:00+05:30,727.3609990227764,733.0890165589796,722.8674706227285,729.336181640625,130774,0.0,0.0,2023-09-29,708.6980133056641,15.77191690783773,724.4699302135018,692.9260963978263,740.2418471213396,677.1541794899886,118.57125414994155,106.48411222145585,30923820,206402.4537859012,526309.0082148347,572.7526822604209,62.22576631108521,728.4308896074444,733.9943085921603,723.7727626559093,738.6524355436954,718.2093436711934,744.2158545284113,713.5512167196583,0.08682779117857221,-18.226591239766286,15.2620347824203,15.638338262978873,-0.37630348055857255,70.80142878219891,23.424019191192315,720.6750122070313,708.6980133056641,668.6941394042968,631.4648291015625,TORNTPOWER.NS,2025-01-15 10:59:14.074671
319,2023-09-28 00:00:00+05:30,727.8054132558107,738.4713871327622,720.0527854622673,725.6820678710938,239837,0.0,0.0,2023-09-28,704.6686431884766,19.95992576085743,724.6285689493341,684.7087174276191,744.5884947101915,664.7487916667617,142.3333575487285,112.73777974741989,30793046,376641.58077497483,606285.6468220681,572.5937797595177,65.6336354583149,728.0687468220411,736.084708181815,717.6661065113201,746.4873484925361,709.6501451515462,754.5033098523099,699.2475048408252,0.07998748403299172,-25.517290729577777,15.057635870492732,15.732414133118517,-0.6747782626257859,69.47539214565629,22.616985649736787,715.2531372070313,704.6686431884766,666.4641577148437,629.4091192626953,TORNTPOWER.NS,2025-01-15 10:59:14.074671
320,2023-09-27 00:00:00+05:30,713.8310122057086,729.4843711927228,711.8064620037468,725.879638671875,578304,0.0,0.0,2023-09-27,701.0071502685547,22.462173368452454,723.4693236370072,678.5449769001023,745.9314970054596,656.0828035316498,116.19296631078697,108.32139248419088,31032883,908419.6081765754,663696.6633338414,572.3083294510135,68.25174234758276,722.3901572894482,732.9738525751496,715.2959433861736,740.0680664784243,704.7122481004722,750.6517617641257,697.6180341971975,0.08720229408684363,-21.649506400354678,14.92767216706227,15.901108698774962,-0.973436531712693,69.63630178790196,21.747872605092372,711.9348388671875,701.0071502685547,664.1512194824219,627.5126458740234,TORNTPOWER.NS,2025-01-15 10:59:14.074671
321,2023-09-26 00:00:00+05:30,709.1399560055542,723.2625002389365,709.0905884936687,713.3372192382812,557907,0.0,0.0,2023-09-26,697.587612915039,23.650713642338673,721.2383265573777,673.9368992727003,744.8890401997164,650.2861856303616,30.190067133910237,99.58251257224481,30454579,861236.4144606714,602515.9271231578,571.614750905434,62.27463389534549,715.2301026569621,721.3696168202555,707.1977050749878,729.4020144022298,701.0581909116944,735.5415285655232,693.02579332972,0.05760925880751079,-38.34712911528447,14.515644662334694,16.144467831703135,-1.6288231693684416,64.90375932276463,21.315598543242956,708.9128051757813,697.587612915039,661.6802661132813,625.5587396240235,TORNTPOWER.NS,2025-01-15 10:59:14.074671
322,2023-09-25 00:00:00+05:30,702.177446682745,717.4851125386979,701.3873856618671,709.1399536132812,379048,0.0,0.0,2023-09-25,694.8421081542969,24.881304250711796,719.7234124050086,669.9608039035851,744.6047166557205,645.0794996528732,-51.12525531165035,92.3926369424336,29896672,581690.3423287553,537835.8052887793,570.9945587667166,62.18495611273583,709.3374839379488,717.2875822140305,701.1898553371998,725.4352108147796,693.2397570611181,733.3853090908613,685.092128460369,0.07794280106396084,-45.371924497130244,15.00342886697922,16.551673624045243,-1.5482447570660227,63.11584474572703,21.23017739071343,709.021435546875,694.8421081542969,659.4710241699219,623.801420288086,TORNTPOWER.NS,2025-01-15 10:59:14.074671
323,2023-09-22 00:00:00+05:30,709.0412109627024,711.3620264886521,697.2888499660157,702.226806640625,159996,0.0,0.0,2023-09-22,692.2891845703125,25.934201764393734,718.2233863347062,666.3549828059188,744.1575880990999,640.4207810415251,-152.44679589202846,84.84978914148402,29517624,243137.65208758257,526872.1710287852,570.5826040159325,69.02310097034444,703.6258943650977,709.9629387641796,695.8897622415433,717.699070887734,689.5527178424613,724.036115286816,681.8165857189069,0.09217592836040527,-41.50604190195257,15.813982851645505,16.938734813311747,-1.1247519616662416,60.002998471946995,21.51003467423154,710.2263061523438,692.2891845703125,657.3783178710937,621.9987139892578,TORNTPOWER.NS,2025-01-15 10:59:14.074671
324,2023-09-21 00:00:00+05:30,709.8806371816893,712.9915739877102,702.769967537778,709.090576171875,126316,0.0,0.0,2023-09-21,689.9757537841797,27.041117939829125,717.0168717240089,662.9346358443505,744.0579896638379,635.8935179045214,-85.66995995878725,102.97022584211052,29677620,193832.12967609696,597805.8007640858,570.4166924143619,71.79394415109921,708.2840392324543,713.7981109271307,703.5765044771985,718.5056456823866,698.0624327825221,724.0197173770629,693.3548980272662,0.06800613514556916,-30.985943605898516,17.29297200581118,17.219922803728306,0.07304920208287413,65.06505535371531,22.22557169839468,713.2582275390625,689.9757537841797,655.6954626464844,620.2950775146485,TORNTPOWER.NS,2025-01-15 10:59:14.074671
325,2023-09-20 00:00:00+05:30,714.8679379405712,720.8922810334246,706.0290440334076,710.7694702148438,244979,0.0,0.0,2023-09-20,687.0993927001953,27.945328252843666,715.0447209530389,659.1540644473516,742.9900492058825,631.208736194508,8.999741011885192,121.88276494998175,29803936,376810.7740885553,698799.218536083,570.2785740982894,71.97180962360773,712.5635984272253,719.0981528210431,704.234915821026,727.4268354272424,697.7003614272082,733.9613898210602,689.3716788210089,0.06386531374536165,-27.831742597328688,18.24853427199389,17.201660503207584,1.0468737687863054,66.33772331980578,22.50049636639552,714.7889892578125,687.0993927001953,653.8417541503907,618.6165435791015,TORNTPOWER.NS,2025-01-15 10:59:14.074671
326,2023-09-18 00:00:00+05:30,711.1151274163434,723.3612840591613,708.5967815722373,713.88037109375,233574,0.0,0.0,2023-09-18,684.2477233886718,28.310388174936943,712.5581115636088,655.9373352137349,740.8684997385457,627.626947038798,42.062821117694554,138.98592824094936,30048915,360840.79266545066,779296.3296479649,570.0066704810162,72.03337447291672,715.2794789083829,721.9621762445285,707.1976737576044,730.0439813953069,700.5149764214589,736.7266787314525,692.4331712706804,0.1174474225216189,-24.433698104489014,19.030104968071896,16.939942061011006,2.09016290706089,68.645786090122,22.49771367298194,714.877880859375,684.2477233886718,651.8537329101563,616.8294439697265,TORNTPOWER.NS,2025-01-15 10:59:14.074671
327,2023-09-15 00:00:00+05:30,720.6947941392092,736.2493580414942,710.0781870313003,715.164306640625,513668,0.0,0.0,2023-09-15,679.9591064453125,30.029643163243623,709.9887496085561,649.9294632820689,740.0183927717998,619.8998201188252,85.61084491221523,165.16264873402605,30282489,794976.0253936802,883910.2138935934,569.7406923113004,72.74697010654246,720.4972839044732,730.916380777646,704.7452097674521,746.6684549146671,694.3261128942793,757.08755178784,678.5740387572582,0.12765329644406437,-23.03125222657547,19.43604077318753,16.41740133424578,3.0186394389417472,69.5708662381703,22.263374390784005,713.8211669921875,679.9591064453125,650.0898950195312,614.9911126708985,TORNTPOWER.NS,2025-01-15 10:59:14.074671
328,2023-09-14 00:00:00+05:30,720.8429834573697,730.8176324376301,713.6829458422712,717.3864135742188,349181,0.0,0.0,2023-09-14,675.3075500488281,31.460503359541722,706.7680534083698,643.8470466892865,738.2285567679116,612.3865433297447,88.44683367883079,179.63014633216673,30796157,542087.5599982431,906143.7610185717,569.1470473520037,78.04927173031646,720.6289972847067,727.5750487271421,710.4403621317832,737.7636838800655,703.4943106893478,744.7097353225009,693.3056755364244,0.16953436307442193,-15.59629427885526,19.534827950526733,15.66274147451034,3.872086476016392,71.11427363932006,21.882340414181538,714.0779418945312,675.3075500488281,648.4346899414063,613.172333984375,TORNTPOWER.NS,2025-01-15 10:59:14.074671
329,2023-09-13 00:00:00+05:30,711.2138976060724,725.0401757827431,702.9181065889543,716.744384765625,438896,0.0,0.0,2023-09-13,670.4831634521485,32.0605531080333,702.5437165601818,638.4226103441151,734.604269668215,606.3620572360819,76.99366370678622,177.3657251971092,30446976,680756.2092466432,997157.8112736538,568.7345412978872,75.2599808618944,714.9008890457741,726.8836715025939,704.7616023088051,737.0229582395629,692.7788198519853,749.0057406963826,682.6395331150163,0.1780584980609522,-12.843524625703688,19.14647936668257,14.694719855506241,4.451759511176329,70.94170350602957,21.738036787709106,712.8039306640625,670.4831634521485,646.1296508789062,611.3386956787109,TORNTPOWER.NS,2025-01-15 10:59:14.074671
330,2023-09-12 00:00:00+05:30,719.9540874780425,727.3610225344011,703.2144021951141,711.2139282226562,867240,0.0,0.0,2023-09-12,665.8933349609375,31.657491922195256,697.5508268831328,634.2358430387422,729.2083188053281,602.578351116547,84.99801471116366,185.1160264859872,30008080,1334766.3309403255,1076258.2117804063,568.2150358898891,75.43888403717472,713.9297843173905,724.6451664396669,700.4985461003799,738.0764046566775,689.7831639781035,748.7917867789539,676.351925761093,0.16563754389393298,-19.53401895620697,18.422407435687774,13.581779977712158,4.840627457975616,69.47869831406237,21.871434866264728,707.7474731445312,665.8933349609375,643.4661181640626,609.4795764160157,TORNTPOWER.NS,2025-01-15 10:59:14.074671
331,2023-09-11 00:00:00+05:30,713.9791867326464,726.4228137743494,688.3511788504464,708.5968017578125,887536,0.0,0.0,2023-09-11,662.0639465332031,30.497743543685008,692.5616900768881,631.566202989518,723.0594336205731,601.068459445833,79.4162146375004,174.98914424904493,29140840,1360977.2163913234,1011631.1819904265,567.2163420673074,72.98558115624846,707.7902647942028,727.2293507379592,689.1577158140562,745.8618997181057,669.7186298702999,765.3009856618621,651.0860808901533,0.2171847981105827,-21.81267139768469,17.760914737574808,12.371623113218252,5.389291624356556,68.78734848984641,21.993396009543073,704.08349609375,662.0639465332031,641.2144104003906,607.6482781982422,TORNTPOWER.NS,2025-01-15 10:59:14.074671
332,2023-09-08 00:00:00+05:30,716.9913443576619,723.3119533226213,710.3251025196258,716.4481811523438,697714,0.0,0.0,2023-09-08,658.2320922851562,29.127153868376084,687.3592461535324,629.1049384167801,716.4864000219084,599.9777845484041,123.56033668615314,207.7843661560986,30028376,1081752.5089484993,924294.6733902023,566.1985689706288,86.57474206530532,716.695078998197,723.0650554767682,710.0782046737727,729.6819298011925,703.7082281952015,736.0519062797637,697.0913538707772,0.1601039291414958,-7.243364457914979,16.90264616626223,11.02430020712911,5.878345959133119,73.4138929653005,22.167413188075074,701.7132690429687,658.2320922851562,639.1947863769532,605.7979992675781,TORNTPOWER.NS,2025-01-15 10:59:14.074671
333,2023-09-07 00:00:00+05:30,695.0667340640535,715.5098857113645,688.6967582226597,711.016357421875,772434,0.0,0.0,2023-09-07,655.5680603027344,25.764862940896467,681.3329232436308,629.8031973618379,707.0977861845273,604.0383344209414,124.17711148857052,184.85765367122573,29330662,1188520.4619759491,884930.2145006281,565.3434409739195,85.89524940677009,705.0743337852997,721.4519093479397,694.6387818592349,731.8874612740045,678.2612062965949,748.2650368366445,667.8256543705301,0.1856329200447023,-4.715012045660844,14.774459704040623,9.55471371734583,5.219745986694793,72.21348825316694,20.712194157335283,689.81279296875,655.5680603027344,637.0991162109375,603.84859375,TORNTPOWER.NS,2025-01-15 10:59:14.074671
334,2023-09-06 00:00:00+05:30,691.3139343566329,700.3504191811255,676.500064334705,691.4620971679688,309069,0.0,0.0,2023-09-06,652.708984375,22.21632778507223,674.9253121600723,630.4926565899277,697.1416399451444,608.2763288048556,108.57171538376197,148.43489567813216,28558228,462476.335596239,809032.6526317978,564.4197522900877,80.40377297837314,689.4375268945997,702.3749894544944,678.5246346080739,713.2878817410202,665.5871720481792,726.2253443009149,654.6742797616535,0.11717931871791244,-16.2852315846143,12.360833014438754,8.249777220672131,4.111055793766623,67.27338161511372,19.42816837792282,677.35927734375,652.708984375,635.2750354003906,601.8420980834961,TORNTPOWER.NS,2025-01-15 10:59:14.074671
335,2023-09-05 00:00:00+05:30,706.2759535184226,706.572218857568,686.3759643963896,692.89404296875,558047,0.0,0.0,2023-09-05,650.6054138183594,20.259431014785378,670.8648448331447,630.345982803574,691.1242758479301,610.0865517887886,196.48796881587336,175.51668089931118,28867297,836764.5920342935,895671.7318906875,564.0966108684111,81.03963605057479,695.280742074236,704.1855197520823,683.9892652909039,715.4769965354144,675.0844876130575,724.3817742132608,663.7930108297254,0.10952850963845624,-14.741923763447637,11.009172459356932,7.222013272230475,3.7871591871264574,68.09567426969437,18.657071240811813,669.5572998046875,650.6054138183594,633.9180847167969,600.2181338500976,TORNTPOWER.NS,2025-01-15 10:59:14.074671
336,2023-09-04 00:00:00+05:30,660.4023184923575,704.6957644630279,654.2792403385371,696.7456665039062,1887518,0.0,0.0,2023-09-04,648.5561614990235,17.663266710815396,666.2194282098388,630.8928947882081,683.8826949206542,613.2296280773927,297.2781234046566,155.15888183175028,29425344,2845974.912375779,910398.516854786,563.5023655017601,77.85313914605209,685.2402237684904,716.2012071984437,665.7846830739529,735.6567478929812,634.8236996439996,766.6177313229346,615.3681589494621,0.13238886241653852,-8.745237261192543,8.97080674619258,6.275223475448861,2.695583270743718,70.24212437863753,16.99768334859928,662.47626953125,648.5561614990235,632.7161877441406,598.5459860229493,TORNTPOWER.NS,2025-01-15 10:59:14.074671
337,2023-09-01 00:00:00+05:30,650.8227221440626,664.6490015219334,648.6006415297619,656.94580078125,411163,0.0,0.0,2023-09-01,646.6056701660157,13.79126077238182,660.3969309383975,632.8144093936338,674.1881917107793,619.0231486212521,56.65170055942168,70.16421486349147,27537826,584533.2987540972,426504.41797453765,561.3900676930682,65.37883187250236,656.7318146109818,664.8629876922017,648.8146277000302,672.7801746031533,640.6834546188103,680.9113476843733,632.7662677078587,-0.04249204134068553,-18.317625461716393,5.845833072145638,5.601327657762931,0.244505414382707,57.33153995179166,15.279187051136496,654.8125610351562,646.6056701660157,631.6742785644532,596.9295529174805,TORNTPOWER.NS,2025-01-15 10:59:14.074671
338,2023-08-31 00:00:00+05:30,653.7854710503454,656.649510064855,644.69961861161,648.748779296875,115497,0.0,0.0,2023-08-31,646.7784973144531,13.948422126427191,660.7269194408804,632.830075188026,674.6753415673076,618.8816530615987,12.919478925082545,50.65529629423905,27126663,162148.50417397657,386997.1977796478,561.0589428411945,53.49538270709596,650.0326359911134,655.3656533706167,643.4157619173717,661.9825274443583,638.0827445378684,667.3155448238616,631.4658704641267,-0.040695370661205904,-38.96546308718223,5.676030324693443,5.540201304167254,0.13582902052618895,53.469393015216184,15.384895921184082,655.039697265625,646.7784973144531,631.5873693847657,595.4642535400391,TORNTPOWER.NS,2025-01-15 10:59:14.074671
339,2023-08-30 00:00:00+05:30,657.4889009376308,657.6864312510744,647.8598858656941,652.4522094726562,259855,0.0,0.0,2023-08-30,647.1364990234375,14.09279112876352,661.2292901522011,633.043707894674,675.3220812809645,618.9509167659105,36.8233735018482,62.842126635230294,27242160,366898.10878590617,443209.37118106557,560.9735023149749,57.037931922717746,652.6661755298082,657.4724651939224,647.6459198085421,662.4927209151886,642.8396301444279,667.2990105793027,637.8193744231618,-0.03514710975414234,-32.50001013207922,6.1799133120272245,5.506244049035707,0.6736692629915177,55.577153769146555,16.057192202166355,656.4815795898437,647.1364990234375,631.6495861816406,594.0941751098633,TORNTPOWER.NS,2025-01-15 10:59:14.074671
340,2023-08-29 00:00:00+05:30,666.6241108990683,666.6241108990683,646.8722853909477,657.4888916015625,167642,0.0,0.0,2023-08-29,647.9833587646484,14.913999183534871,662.8973579481833,633.0693595811135,677.8113571317182,618.1553603975786,63.91691777926631,81.20696537389134,27502015,238526.6684849163,462287.1867798554,560.7725244905331,66.67668044266424,656.9950959638595,667.1179065367713,647.3660810286507,676.7469214719802,637.2432704557389,686.869732044892,627.61425552053,0.0014436675245543616,-23.706964277668884,6.366669417710568,5.337826733287827,1.0288426844227416,58.49370294901833,16.519340204560315,656.30380859375,647.9833587646484,631.8984594726562,592.6949160766602,TORNTPOWER.NS,2025-01-15 10:59:14.074671
341,2023-08-28 00:00:00+05:30,661.6861632195582,666.6241196614952,655.8099829980954,658.4271240234375,109403,0.0,0.0,2023-08-28,648.5265350341797,15.466028358700893,663.9925633928806,633.0605066754788,679.4585917515815,617.5944783167779,92.04170864169751,97.34212728329312,27669657,155884.39215864972,518227.3163535901,560.6352481033023,67.28650018691287,660.2870755610094,664.7641681239234,653.9500314605235,671.1012122244092,649.4729388976095,675.5783047873232,643.1358947971237,0.03093114840017523,-22.06899696178571,6.0132722612656835,5.080616062182141,0.9326561990835422,59.03019071445376,17.01703805329227,655.5532470703125,648.5265350341797,632.0021569824219,591.23056640625,TORNTPOWER.NS,2025-01-15 10:59:14.074671
342,2023-08-25 00:00:00+05:30,653.7854836071115,661.6862145268349,645.0946916509744,658.0814819335938,182047,0.0,0.0,2023-08-25,648.7783721923828,15.675318213994927,664.4536904063777,633.1030539783878,680.1290086203726,617.427735764393,85.02383974856473,85.56846864172488,27560254,259256.04165212924,608813.0474023252,560.5445814666132,65.06234189322038,654.9541293704677,664.8135670899611,648.2220442141006,671.5456522463282,638.3626064946072,681.4050899658216,631.6305213382401,0.1967412974850368,-22.672419347281835,5.377304947280322,4.847452012411256,0.5298529348690666,58.899859175212214,16.838444983670023,649.4894287109375,648.7783721923828,631.7108178710937,589.656223449707,TORNTPOWER.NS,2025-01-15 10:59:14.074671
343,2023-08-24 00:00:00+05:30,653.3410497126249,666.5254304860654,652.0571930049779,655.9581909179688,535557,0.0,0.0,2023-08-24,647.0846496582031,16.429154838569488,663.5138044967727,630.6554948196336,679.9429593353422,614.2263399810641,94.28974304432012,102.61898158846522,27378207,760234.4554061588,696202.2988398741,560.3938727037579,68.85650542387458,658.1802714696706,664.3033499343634,649.8351124532759,672.6485089507581,643.7120339885831,678.7715874154509,635.3668749721884,0.1489454771686695,-28.235265368208907,4.515640259476186,4.714988778693989,-0.1993485192178035,58.15108138262834,16.926970612704366,642.2997680664063,647.0846496582031,631.5647937011719,588.280178527832,TORNTPOWER.NS,2025-01-15 10:59:14.074671
344,2023-08-23 00:00:00+05:30,656.8963715767896,657.5382697495176,645.8847045667156,651.5633544921875,203801,0.0,0.0,2023-08-23,645.8378143310547,16.66483695381957,662.5026512848742,629.1729773772352,679.1674882386939,612.5081404234155,65.42138950648051,86.37615704269889,26842650,287361.5453159366,680194.2596983028,559.9574914099844,67.29493642861269,651.6621096028069,657.4395146388982,645.7859494560963,663.3156747856088,640.008544420005,669.0930798217001,634.1323842732944,0.2537471401965707,-35.71434979030664,3.553141550728242,4.76482590849844,-1.2116843577701983,56.63184784333929,16.461674652274404,635.2878662109375,645.8378143310547,631.6035607910156,586.7398495483399,TORNTPOWER.NS,2025-01-15 10:59:14.074671
345,2023-08-22 00:00:00+05:30,628.5525054147174,664.1057928071751,628.5525054147174,653.736083984375,1352394,0.0,0.0,2023-08-22,643.4577178955078,19.03483226840222,662.49255016391,624.4228856271056,681.5273824323123,605.3880533587034,52.52733039275629,81.32594403735716,27046451,1913248.5011331693,778402.4382938944,559.7980322160244,59.968484712369985,648.7981274020891,669.0437493894608,633.4904619970031,684.3514147945468,613.2448400096314,704.5970367819185,597.9371746045454,0.16333215652407818,-32.01682257333789,2.6998408587229505,5.067746997940989,-2.3679061392180385,57.59148960927994,16.444522784012484,629.9647583007812,643.4577178955078,631.9834704589844,585.0064202880859,TORNTPOWER.NS,2025-01-15 10:59:14.074671
346,2023-08-21 00:00:00+05:30,624.1576672440054,633.7866818889881,620.2073022614485,628.1080322265625,404038,0.0,0.0,2023-08-21,640.5887634277344,21.56066994156758,662.149433369302,619.0280934861669,683.7101033108696,597.4674235445992,-58.932184058328104,0.298089814453707,25694057,549189.5300778262,494690.92258407566,558.700264275845,52.04762524618454,627.367338792333,634.5273753232176,620.947995695678,640.9467184198727,613.7879591647934,648.1067549507572,607.3686160681383,0.11666455783985126,-75.63035993872387,1.3524697824747136,5.659723532745499,-4.307253750270785,47.91096455666327,16.42605154126888,626.1427734375,640.5887634277344,632.2659387207032,583.405369567871,TORNTPOWER.NS,2025-01-15 10:59:14.074671
347,2023-08-18 00:00:00+05:30,620.8493220203223,626.083544083779,613.7880198052513,622.1331787109375,322216,0.0,0.0,2023-08-18,639.4629150390625,22.799015293337728,662.2619303324002,616.6638997457248,685.060945625738,593.8648844523871,-106.55495556796629,-26.96765996833505,25290019,433806.5992424399,481066.27071063797,558.4570914966793,54.690837357626705,620.6682475333226,627.548475261394,615.2529509828663,632.9637718118503,608.372723254795,639.8439995399216,602.9574267043387,0.10106447790332956,-86.03303189679636,2.130909338540164,6.736536970313194,-4.6056276317730305,45.20561758422574,16.975825711975798,626.9131103515625,639.4629150390625,632.811650390625,582.1842770385742,TORNTPOWER.NS,2025-01-15 10:59:14.074671
348,2023-08-17 00:00:00+05:30,626.034168615608,629.5401057838878,617.2939491726046,620.898681640625,285207,0.0,0.0,2023-08-17,638.7024688720703,23.645391130863484,662.3478600029338,615.0570777412069,685.9932511337972,591.4116866103434,-130.1588907403696,-22.114486400590728,24967803,383218.62423749507,492881.1885776875,558.278679821805,71.356799920241,622.5775788657057,627.8612085588069,615.6150519475236,634.823735476989,610.3314222544225,640.1073651700901,603.3688953362404,0.07302500336211826,-93.59082584700731,3.683693899154605,7.887943878256451,-4.204249979101846,44.65570249841996,16.900830984800802,635.1199829101563,638.7024688720703,633.87046875,581.0371661376953,TORNTPOWER.NS,2025-01-15 10:59:14.074671
349,2023-08-16 00:00:00+05:30,628.9475479859385,633.1448113625775,623.2688975351917,624.9478149414062,117139,0.0,0.0,2023-08-16,638.5493896484375,23.776266521683503,662.325656170121,614.773123126754,686.1019226918045,590.9968566050704,-159.6366330836396,-8.355186723593828,25253010,158420.3452382721,520296.8296627356,558.1229931393161,75.9740878380247,627.1205079463917,630.9721183575917,621.096204530206,636.9964217737775,617.244594119006,640.8480321849775,611.2202907028203,0.0671376737917038,-91.96256578139757,5.737494390515167,8.939006373031912,-3.2015119825167453,46.06933583111625,17.039079379116643,641.7072143554688,638.5493896484375,633.4708264160156,579.9239950561523,TORNTPOWER.NS,2025-01-15 10:59:14.074671
350,2023-08-14 00:00:00+05:30,632.0090788302631,638.7740552776385,620.7011461331386,634.6261596679688,177462,0.0,0.0,2023-08-14,637.8037567138672,24.449567262148072,662.2533239760153,613.3541894517191,686.7028912381634,588.904622189571,-203.31005828621383,2.8581974068668714,25370149,243718.7999274866,610765.9507688514,558.0546867662242,80.61353439518578,631.3671203595819,642.0330945860252,623.9601854415254,649.4400295040817,613.2942112150821,660.106003730525,605.8872762970256,0.08239448361682912,-57.5182746472892,7.881271370429886,9.739384368661097,-1.8581129982312117,49.55066414102421,17.56741480388052,646.5957885742188,637.8037567138672,632.52591796875,578.8773233032226,TORNTPOWER.NS,2025-01-15 10:59:14.074671
351,2023-08-11 00:00:00+05:30,670.5745137265667,671.0683093920502,627.614290829504,631.959716796875,669259,0.0,0.0,2023-08-11,636.1890472412109,25.704648594168724,661.8936958353796,610.4843986470422,687.5983444295483,584.7797500528735,-159.8463597419336,39.47849677108683,25192687,915270.1635218778,702527.7384791926,557.9359275484493,84.40893531938893,643.547439006143,659.4805871827821,616.0265686202358,687.0014575686893,600.0934204435968,702.9346057453283,572.5725500576896,0.0554908119923585,-56.891817811664616,9.553372017546735,10.203912618218899,-0.6505406006721639,48.55496596835083,18.1363914151647,650.0523559570313,636.1890472412109,630.9015673828125,577.7858908081055,TORNTPOWER.NS,2025-01-15 10:59:14.074671
352,2023-08-10 00:00:00+05:30,656.7975657213193,666.6241109681857,653.0447309299449,663.1675415039062,242959,0.0,0.0,2023-08-10,634.7348175048828,26.757669750843377,661.4924872557262,607.9771477540394,688.2501570065696,581.2194780031961,39.44614050843061,93.93447778932324,25861946,348675.90943793213,649342.1322185213,557.5004074725957,88.98823063420313,660.9454611340124,668.8461913380798,655.266811299839,674.5248411722532,647.3660810957715,682.4255713763207,641.6874312615981,0.09367914093686516,-12.962990667458952,11.812023704303328,10.36654776838694,1.445475935916388,61.792451796212404,19.174334526656757,655.2075805664062,634.7348175048828,629.2863732910156,576.8217337036133,TORNTPOWER.NS,2025-01-15 10:59:14.074671
353,2023-08-09 00:00:00+05:30,649.3906778081249,666.0316281626233,643.8601903790751,653.8348388671875,914069,0.0,0.0,2023-08-09,631.8016723632812,26.692066660187397,658.4937390234686,605.1096057030938,685.185805683656,578.4175390429065,-1.6214416755586687,74.94152148358862,25618987,1293340.0533904454,724508.6879136686,557.2742327030779,85.22387818679941,654.5755524696286,665.2909145601822,643.119476776634,676.7469902531768,632.4041146860804,687.4623523437303,620.9480389930858,0.06464744903898972,-24.62961447862851,11.451314359317394,10.00517878440784,1.4461355749095528,58.664202412353234,19.054369668644014,654.654541015625,631.8016723632812,626.8477661132813,575.4713900756836,TORNTPOWER.NS,2025-01-15 10:59:14.074671
354,2023-08-08 00:00:00+05:30,652.8966233039412,654.9706013244538,644.8971574074014,649.3906860351562,118313,0.0,0.0,2023-08-08,630.0141326904297,26.333557669017377,656.3476903594471,603.6805750214123,682.6812480284644,577.347017352395,-11.843283903014118,58.44188862026076,24704918,166266.291964191,582300.8465444744,556.4903308855046,80.6216559194202,649.7528149223372,654.6084724372729,644.5350285202205,659.8262588393895,639.6793710052848,664.6819163543253,634.4615846031681,0.06529481068484543,-30.18516052663605,11.73512213398476,9.643644890680452,2.0914772433043076,57.112532856161565,18.960485102967624,655.0693359375,630.0141326904297,624.89224609375,574.1147439575195,TORNTPOWER.NS,2025-01-15 10:59:14.074671
355,2023-08-07 00:00:00+05:30,661.5874395971623,661.5874395971623,647.4154681980287,651.9089965820312,130880,0.0,0.0,2023-08-07,628.3648559570313,26.087928453506905,654.4527844105382,602.2769275035243,680.5407128640451,576.1889990500175,24.375313591985783,67.82352878265577,24823231,184640.06743611407,686309.4851895452,556.3926096070692,82.9492800891919,653.6373014590741,659.8591347201195,645.687163320986,667.8092728582077,639.4653300599406,674.0311061192531,631.5151919218524,0.056534212406545443,-27.03707117527309,12.358358925402968,9.120775579854374,3.237583345548593,58.26523014306111,19.54370523908048,659.0690795898438,628.3648559570313,622.8067175292969,572.8364041137695,TORNTPOWER.NS,2025-01-15 10:59:14.074671
356,2023-08-04 00:00:00+05:30,669.586936057151,672.5497101105011,653.1435159499403,657.73583984375,273954,0.0,0.0,2023-08-04,626.3378265380859,25.734878975804495,652.0727055138904,600.6029475622814,677.8075844896949,574.8680685864769,58.35192277018495,89.0517656648979,24954111,389937.35573534196,811726.839627903,556.281334986679,84.74188699921328,661.1430219680637,669.1425279861872,649.7363338256264,680.5492161286246,641.7368278075029,688.5487221467481,630.3301396650655,0.04064141175165624,-19.753051638031998,12.72102758289941,8.311379743467226,4.409647839432184,60.90597905467968,19.964789910628674,662.357763671875,626.3378265380859,620.6148754882812,571.5775424194336,TORNTPOWER.NS,2025-01-15 10:59:14.074671
357,2023-08-03 00:00:00+05:30,654.7236935223299,669.5375636814694,648.5018801110497,660.40234375,265718,0.0,0.0,2023-08-03,624.7354583740234,24.651924941676473,649.3873833156999,600.0835334323469,674.0393082573764,575.4316084906704,65.00428204654837,81.11869654539348,25228065,379747.80311576347,917174.2106010431,556.0333335194033,79.23135606330851,659.4805958475064,670.4593115839631,649.4236280135434,680.5162794179261,638.4449122770867,691.4949951543828,628.3879444431237,0.01684033794520855,-16.419708749463286,12.418754746147329,7.208967783609179,5.20978696253815,62.102962051209026,19.946425105658733,663.503369140625,624.7354583740234,618.3663708496093,570.2353817749023,TORNTPOWER.NS,2025-01-15 10:59:14.074671
358,2023-08-02 00:00:00+05:30,668.1055424312641,669.5869294433069,642.921963226538,655.9088134765625,523123,0.0,0.0,2023-08-02,623.3355438232422,23.276502806729223,646.6120466299715,600.059041016513,669.8885494367007,576.7825382097838,71.32930584796868,69.73037564102586,24962347,742528.2319622164,1051530.812472363,555.7852895167988,76.82850912932267,656.1392353821358,669.3565075377336,642.6915413209647,682.8042015989047,629.4742691653669,696.0214737545025,616.0265751041958,0.21531502201241795,-22.036980543599103,11.580980733384877,5.90652104297464,5.674459690410236,60.90313005765739,20.092167322371072,656.264306640625,623.3355438232422,616.0125146484374,568.8410354614258,TORNTPOWER.NS,2025-01-15 10:59:14.074671
359,2023-08-01 00:00:00+05:30,670.5251584593423,671.4633822964511,659.9085514575886,669.389404296875,387941,0.0,0.0,2023-08-01,620.646826171875,22.40535657695651,643.0521827488315,598.2414695949185,665.457539325788,575.8361130179619,129.02695930135812,105.95327334054328,25485470,561966.2111091409,1128781.4575998995,555.314623433125,78.66655185526481,666.9204460169716,673.9323405763546,662.3775097374921,678.4752768558341,655.3656151781091,685.4871714152171,650.8226788986296,0.22518758921538487,-5.185165161191654,10.775451369226289,4.487906120372081,6.287545248854208,66.79894201335463,20.249120478830513,651.2868408203125,620.646826171875,613.4039965820313,567.3934680175781,TORNTPOWER.NS,2025-01-15 10:59:14.074671
360,2023-07-31 00:00:00+05:30,666.6241322049895,673.5372713537819,656.9457494522379,668.3524169921875,654223,0.0,0.0,2023-07-31,616.3557434082031,20.734856589157157,637.0905999973603,595.620886819046,657.8254565865175,574.8860302298888,183.39124195096463,110.91413622260599,25097529,946230.669494292,1270485.2692225892,554.915557255295,78.47109553795197,666.2784792660691,675.6112090799003,659.0196871783563,682.870001167613,649.6869573645251,692.2027309814442,642.4281652768124,0.1770764756261291,-6.481482128706358,8.253231324186117,2.916019808158528,5.3372115160275895,66.56707597851211,19.047771309872804,638.2012451171875,616.3557434082031,610.4237854003907,565.7129376220703,TORNTPOWER.NS,2025-01-15 10:59:14.074671
361,2023-07-28 00:00:00+05:30,624.0590078766559,669.2413128414815,621.7381320014041,663.4638671875,2190843,0.0,0.0,2023-07-28,612.8695495605468,17.069948975208515,629.9394985357553,595.7996005853383,647.0094475109638,578.7296516101298,203.35468700015159,74.50178629869784,24443306,3145532.823277188,1351548.9191546633,554.2423646916079,77.71392029165386,651.4811040101285,681.224076018853,633.7208951787755,698.984284850206,603.9779231700511,728.7272568589304,586.2177143386981,0.14977640952541893,-7.632136547380914,5.001103935555534,1.5817169291516309,3.419387006403903,65.51560158070976,17.754010666379887,623.8021606445312,612.8695495605468,607.4054187011719,564.0903826904297,TORNTPOWER.NS,2025-01-15 10:59:14.074671
362,2023-07-27 00:00:00+05:30,636.0087586247588,638.9221648386125,621.1948900232504,624.20703125,494115,0.0,0.0,2023-07-27,610.0771362304688,12.243467779056607,622.3206040095254,597.8336684514122,634.564071788582,585.5902006723555,150.93296144873514,13.766109389507735,22252463,667455.6039422706,903052.9431240321,552.0277585464486,65.40247669534975,628.1080287039543,635.0211673846583,617.2938925692962,645.8353035193164,610.3807538885923,652.7484422000203,599.5666177539341,0.04159781864936654,-32.42662954112419,1.2430691697318252,0.7268701775506551,0.5161989921811702,54.9537602789931,16.528597815265737,612.2276000976562,610.0771362304688,604.641875,562.4278814697266,TORNTPOWER.NS,2025-01-15 10:59:14.074671
363,2023-07-26 00:00:00+05:30,606.3810689477069,634.0336258378303,605.8872732889547,631.021484375,1301998,0.0,0.0,2023-07-26,609.4500183105469,11.794620458474345,621.2446387690212,597.6553978520725,633.0392592274956,585.8607773935981,180.82654599091586,6.700240535121578,22746578,1777952.492473832,961952.2779194723,551.6961633434182,66.22863288727203,623.6474611672617,641.4076490455686,613.261296496693,651.7938137161373,595.5011086183861,669.5540015944442,585.1149439478174,0.048046172996357515,-20.10525457919376,0.2790150290031761,0.5978204295053625,-0.3188054005021864,57.80541983739123,16.672949455638346,608.771044921875,609.4500183105469,602.6497253417969,561.1559857177734,TORNTPOWER.NS,2025-01-15 10:59:14.074671
364,2023-07-25 00:00:00+05:30,604.4058539058558,626.132861726001,600.4554888476476,603.96142578125,1163389,0.0,0.0,2023-07-25,608.8895599365235,10.95184477472396,619.8414047112475,597.9377151617995,630.7932494859714,586.9858703870756,13.537535747281696,-22.364559371246315,21444580,1520546.983976196,757952.2242808824,550.7241343264847,76.80553890474685,610.1832587849663,619.9110287222849,594.2336558439315,635.8606316633196,584.5058859066129,645.5884016006382,568.5562829655781,-0.03570803318382509,-77.78957572445056,-1.63061429271022,0.6775217796309091,-2.3081360723411293,47.813343821776655,17.123171349788105,606.1341674804687,608.8895599365235,600.42607421875,559.7855166625976,TORNTPOWER.NS,2025-01-15 10:59:14.074671
365,2023-07-24 00:00:00+05:30,605.8379074700928,609.2451095805537,593.5423834772766,596.3569946289062,202839,0.0,0.0,2023-07-24,609.872216796875,11.36046258773979,621.2326793846148,598.5117542091352,632.5931419723546,587.1512916213954,-122.44624311874071,-41.57812203083701,20281191,261772.1665822328,567303.5343570539,550.134776063858,77.1972621551876,599.7148292289122,605.8872749805478,590.1845488772707,615.4175553321893,584.0121031256351,621.5900010838249,574.4818227739936,0.019404771897323553,-80.30586643848414,-1.385806452296606,1.2545557977161914,-2.6403622500127977,44.37819755193205,18.103649902181296,607.3489135742187,609.872216796875,598.7897583007813,558.6213555908203,TORNTPOWER.NS,2025-01-15 10:59:14.074671
366,2023-07-21 00:00:00+05:30,603.4183512963351,610.3314911638872,602.9739231064333,605.591064453125,369097,0.0,0.0,2023-07-21,611.6943267822265,11.984036458191463,623.678363240418,599.7102903240351,635.6623996986094,587.7262538658437,-67.22897940751744,-21.85940936418215,20484030,483710.6650972607,643686.3763007591,550.0453879485508,74.32256423231624,606.2988262411485,609.6237293758637,602.2661613184098,613.6563942986024,598.9412581836946,616.9812974333176,594.9085932609559,0.006730002956108313,-58.4435917792812,-0.30245991506194514,1.9146463602193908,-2.2171062752813357,47.93661196745032,18.6015597290591,608.5439086914063,611.6943267822265,597.3683520507813,557.5906604003907,TORNTPOWER.NS,2025-01-15 10:59:14.074671
367,2023-07-20 00:00:00+05:30,622.182553866717,622.9726148954337,603.2207877885537,606.9242553710938,302739,0.0,0.0,2023-07-20,613.6472839355469,13.957237130557115,627.604521066104,599.6900468049897,641.5617581966611,585.7328096744326,-28.95515158906908,-7.415622483771782,20853127,397620.3062445702,683680.3041016338,549.849232994057,74.45598391622447,611.0392193516938,618.8576509148338,599.1058238079538,630.7910464585738,591.2873922448138,638.6094780217138,579.3539967010738,-0.0050928560609534955,-56.20858929293082,0.17971869787709238,2.4689229290397248,-2.2892042311626324,48.456493155843916,19.78400910823956,608.0007202148438,613.6472839355469,595.8152673339844,556.4023501586914,TORNTPOWER.NS,2025-01-15 10:59:14.074671
368,2023-07-19 00:00:00+05:30,613.1954662501562,629.095662171958,611.5165489737312,617.8370971679688,574493,0.0,0.0,2023-07-19,615.9310882568359,16.33387061835189,632.2649588751877,599.597217638484,648.5988294935397,583.2633470201321,40.97826178455302,13.40109291949543,21155866,768111.7557843447,755195.3035658997,549.6834336768451,73.93184778127889,619.4831027712194,627.4496565687075,609.8705433704807,637.0622159694461,601.9039895729926,645.0287697669343,592.291430172254,0.0066261551461104665,-37.913963804238676,0.6630313210386021,3.0412239868303828,-2.3781926657917807,52.81986779536369,21.074655865635787,607.516796875,615.9310882568359,594.2355187988281,555.3288034057617,TORNTPOWER.NS,2025-01-15 10:59:14.074671
369,2023-07-18 00:00:00+05:30,603.1713846798698,614.2817867718035,601.1962020857482,610.03515625,305340,0.0,0.0,2023-07-18,617.6322143554687,18.207085259942,635.8392996154107,599.4251290955267,654.0463848753527,581.2180438355847,-39.14625635828311,-3.2655891095094125,20581373,403092.07017947064,751966.1905112884,549.3056502359213,69.84282884795988,608.5043817025172,615.8125613192863,602.726976633231,621.5899663885725,595.4187970164619,628.8981460053416,589.6413919471756,-0.0009251460785598131,-50.99337884899947,0.19702243704512057,3.6357721532783276,-3.438749716233207,49.8201158359024,22.345783961505525,607.5661865234375,617.6322143554687,592.3540808105469,554.0834344482422,TORNTPOWER.NS,2025-01-15 10:59:14.074671
370,2023-07-17 00:00:00+05:30,604.4058878758506,612.1584556271941,597.2458508054258,602.3319702148438,580804,0.0,0.0,2023-07-17,620.3752502441406,20.93110809450592,641.3063583386465,599.4441421496347,662.2374664331525,578.5130340551287,-52.327177337509866,-7.123764038818243,20276033,757061.5732994939,839184.7205942428,549.1262042286907,67.43606104288943,603.9120922158212,610.5783336262166,595.6657288044482,618.8246970375895,588.9994873940528,625.490938447985,580.7531239826799,-0.02261933935061333,-63.9072381540306,0.3657776314739749,4.495459582336629,-4.129681950862654,46.714508018506685,23.3256416251791,608.840185546875,620.3752502441406,590.874072265625,552.8707525634766,TORNTPOWER.NS,2025-01-15 10:59:14.074671
371,2023-07-14 00:00:00+05:30,605.3441003241202,610.775852482497,600.9493069767847,602.8751220703125,217457,0.0,0.0,2023-07-14,623.3923400878906,22.484687638525607,645.8770277264163,600.907652449365,668.3617153649418,578.4229648108394,-44.22635198322671,-1.7059079273062834,20856837,283704.64369445725,859715.50741793,548.825467470252,68.91338047717787,604.8667605098648,608.7842140429449,598.9576685372325,614.6933060155771,595.0402150041524,618.6107595486573,589.1311230315201,0.029689951329804797,-62.99668158551748,1.3349404424782279,5.5278800700522925,-4.192939627574065,46.90354246623582,24.211073772816604,610.6474731445312,623.3923400878906,589.4372131347657,551.7616268920898,TORNTPOWER.NS,2025-01-15 10:59:14.074671
372,2023-07-13 00:00:00+05:30,619.1210388124035,621.1455890157981,600.2086404286282,604.504638671875,339317,0.0,0.0,2023-07-13,625.4415924072266,22.38379282972967,647.8253852369563,603.0577995774969,670.2091780666859,580.6740067477673,-24.362702297291225,7.234225390488463,21074294,443885.486814421,1003718.2233487981,548.7108410868099,67.31239297430436,608.6196227054338,617.0306049822394,596.0936563950695,629.5565712926037,587.6826741182639,637.9675535694093,575.1567078078996,0.010517968836832025,-67.93590393122288,2.5020439277332116,6.576114976945808,-4.074071049212597,47.44163627384838,25.39333164039219,615.2101440429688,625.4415924072266,588.13181640625,550.5978796386719,TORNTPOWER.NS,2025-01-15 10:59:14.074671
373,2023-07-12 00:00:00+05:30,618.2322082293163,627.0217956842695,613.9362098072112,618.0840454101562,333785,0.0,0.0,2023-07-12,627.7553741455079,22.49709975861267,650.2524739041205,605.2582743868952,672.7495736627332,582.7611746282826,51.0561954591336,26.333283010999395,21413611,446457.4131370058,1143676.4074823924,548.5255948605312,67.13255540905396,619.680683633879,625.4251574605468,612.3395715834885,632.7662695109373,606.5950977568207,638.510743337605,599.2539857064302,-0.00036361837966012643,-55.5358820616958,3.797897604493187,7.594632739248957,-3.79673513475577,52.06228620639721,26.666532420858207,620.7900268554688,627.7553741455079,586.6191101074219,548.9606576538085,TORNTPOWER.NS,2025-01-15 10:59:14.074671
374,2023-07-11 00:00:00+05:30,614.2818059012677,626.1329018350542,610.3314405900055,616.4051513671875,394233,0.0,0.0,2023-07-11,629.7459991455078,23.34182410825718,653.0878232537649,606.4041750372506,676.4296473620221,583.0623509289934,32.358965683821054,25.89698544607099,21079826,525877.9044436234,1317981.156068739,548.2976681102311,64.76170097487018,617.6231645974158,624.914888604826,609.1134273597773,633.4246258424645,601.8217033523671,640.7163498498747,593.3119661147286,-0.011578017619779798,-57.538224825679734,4.06207327544621,8.543816522937899,-4.481743247491689,51.51987081522419,28.551034736797142,617.6001098632812,629.7459991455078,584.8946923828125,547.191499633789,TORNTPOWER.NS,2025-01-15 10:59:14.074671
375,2023-07-10 00:00:00+05:30,628.20682852849,629.5894805183922,604.800961945569,611.368408203125,446632,0.0,0.0,2023-07-10,632.4536834716797,24.807737333024182,657.2614208047039,607.6459461386555,682.0691581377281,582.8382088056313,9.356072388811727,25.00447401831498,20685593,590906.1614399914,1516006.9689750178,548.0330555524866,60.83016656447415,615.2529502223621,625.7049384991551,600.916419926332,640.0414687951852,590.4644316495389,650.4934570719782,576.1279013535088,0.021981021101166107,-64.36383289633619,4.50409724816393,9.66425233481082,-5.16015508664689,49.942025104407165,30.63554844582567,611.0326293945312,632.4536834716797,583.3913330078125,545.3991033935547,TORNTPOWER.NS,2025-01-15 10:59:14.074671
376,2023-07-07 00:00:00+05:30,636.008818041243,640.4529790368728,622.1825393881725,625.6884765625,660897,0.0,0.0,2023-07-07,635.2782379150391,25.487327550292846,660.765565465332,609.7909103647462,686.2528930156247,584.3035828144534,72.94514804597632,46.05580290825545,21132225,894865.2143731011,1747282.1708587743,547.7530449404289,65.2900160662085,629.441331662515,636.7001239368576,618.4296842881573,647.7117713112153,611.1708920138148,654.9705635855579,600.159244639457,0.06788489230546647,-53.55136733036452,5.497820869571342,10.954291106472542,-5.4564702369012,54.63324227633369,32.88040936324101,608.4846557617187,635.2782379150391,581.8051550292969,543.6204235839843,TORNTPOWER.NS,2025-01-15 10:59:14.074671
377,2023-07-06 00:00:00+05:30,605.2947202907061,636.8976412855616,604.4058640266105,632.404052734375,4530043,0.0,0.0,2023-07-06,636.7634948730469,25.76310967702779,662.5266045500747,611.000385196019,688.2897142271024,585.2372755189913,29.534304344955988,42.26078230513156,21793122,6199585.561153967,1960386.4099801923,547.2398318949782,67.12847391988888,624.5691860155157,644.7325080044209,612.2407307454698,657.0609632744668,592.0774087565646,677.2242852633719,579.7489534865188,-0.14675768446949147,-46.60200423929646,5.276478154471761,12.318408665697842,-7.041930511226081,56.964919606213556,34.20002770790113,604.8700805664063,636.7634948730469,579.8923303222656,541.7274780273438,TORNTPOWER.NS,2025-01-15 10:59:14.074671
378,2023-07-05 00:00:00+05:30,585.5429377614388,612.2079043132328,585.5429377614388,602.1344604492188,1367642,0.0,0.0,2023-07-05,638.8969970703125,27.11445470679745,666.01145177711,611.7825423635151,693.1259064839074,584.6680876567176,-82.57265955964796,13.154887940488637,17263079,1782098.0766696157,900586.6221867487,543.2140769773155,42.0865500310275,599.9617675079635,614.3805972544882,587.7156307026942,626.6267340597575,573.2968009561695,641.0455638062822,561.0506641509002,-0.17726966916351103,-77.92536086938173,4.251763265114619,14.078891293504359,-9.82712802838974,47.61319125359125,35.79913749793607,600.7222045898437,638.8969970703125,577.9099780273438,539.712399597168,TORNTPOWER.NS,2025-01-15 10:59:14.074671
379,2023-07-04 00:00:00+05:30,603.418310917969,610.7758784830837,580.802445039223,583.5677490234375,633858,0.0,0.0,2023-07-04,638.8361022949218,27.20258732789202,666.0386896228139,611.6335149670298,693.2412769507059,584.4309276391377,-128.0884016714278,4.928282703882289,15895437,800477.1656243036,680208.7585660319,542.3610389822051,27.398682429148437,591.715357515248,602.628269991273,572.6548365474123,621.6887909591087,561.7419240713873,632.6017034351337,542.6814031035516,-0.16232010923934503,-97.13842849047482,5.856493241443673,16.535673300601793,-10.67918005915812,40.21206879741525,38.15168970950611,604.2577758789063,638.8361022949218,576.5477404785156,537.9826559448243,TORNTPOWER.NS,2025-01-15 10:59:14.074671
380,2023-07-03 00:00:00+05:30,610.2327387723024,612.2079215354071,596.7520923029954,598.6285400390625,351167,0.0,0.0,2023-07-03,638.5428344726563,27.853615336900827,666.3964498095571,610.6892191357555,694.2500651464579,582.8356037988547,-112.75786857421825,19.75337848627773,16529295,454921.85882676946,650141.656801464,542.0826742347391,27.34087550941659,602.529517959155,608.3069436153146,592.8511143829029,617.9853471915667,587.0736887267433,623.7627728477263,577.3952851504912,-0.1088340427066715,-97.674388376306,9.650838908503488,19.20546831539132,-9.554629406887834,44.99961316622883,40.5903338569983,612.267138671875,638.5428344726563,575.4930346679688,536.4221829223633,TORNTPOWER.NS,2025-01-15 10:59:14.074671
381,2023-06-30 00:00:00+05:30,617.738412298259,620.207390764679,604.5046636071306,607.6156005859375,381719,0.0,0.0,2023-06-30,636.2818389892578,32.68114993124412,668.962988920502,603.6006890580137,701.6441388517461,570.9195391267696,-112.9695759208583,31.461657453753922,16880462,501924.485593383,698946.6062951375,541.870253311468,36.70430408175129,610.7758849859157,617.0471063647008,601.3443792071524,626.478612143464,595.0731578283674,632.7498335222491,585.6416520496041,-0.09633484852831666,-95.73456460471205,12.879266610874424,21.594125667113282,-8.714859056238858,48.17916336175752,43.215988746961514,619.10126953125,636.2818389892578,574.0821459960938,534.7082083129883,TORNTPOWER.NS,2025-01-15 10:59:14.074671
382,2023-06-28 00:00:00+05:30,623.0714010607483,626.1329101063028,607.8624703003618,611.6646728515625,401256,0.0,0.0,2023-06-28,633.4610595703125,37.382181055979544,670.8432406262921,596.0788785143329,708.2254216822716,558.6966974583534,-131.7419029386762,38.873725929659564,17262181,531129.7486215031,748202.1364705762,541.6006851571173,29.59560461420972,615.2200177527424,622.5775652051229,604.3071253991819,633.4904575586834,596.9495779468014,640.848005011064,586.0366855932409,-0.08206689239044257,-94.86420995483421,15.932402681855933,23.772840431172995,-7.840437749317061,49.64659201530667,45.49985327772933,626.5081909179687,633.4610595703125,572.4012121582032,532.8701223754883,TORNTPOWER.NS,2025-01-15 10:59:14.074671
383,2023-06-27 00:00:00+05:30,627.0217820851235,632.0584739382012,618.1334597953676,619.8123168945312,241524,0.0,0.0,2023-06-27,629.9396850585938,42.50899668663031,672.4486817452241,587.4306883719635,714.9576784318544,544.9216916853331,-146.25469278907377,51.06214863748514,17663437,323956.1165484032,802470.2334328443,541.2973993778281,64.42574523671118,623.3347502093667,628.5360406233658,614.6110264805321,637.2597643522004,609.409736066533,642.4610547661995,600.6860123376985,-0.08108766916071988,-97.53416090193404,19.20116973624249,25.732949868502256,-6.531780132259765,52.64267320338113,47.71978564106841,634.6953247070312,629.9396850585938,570.5980712890625,531.0933020019531,TORNTPOWER.NS,2025-01-15 10:59:14.074671
384,2023-06-26 00:00:00+05:30,632.7991503842619,636.255720070325,616.8989539394885,623.6145629882812,331190,0.0,0.0,2023-06-26,626.7520111083984,45.58732041792595,672.3393315263244,581.1646906904724,717.9266519442504,535.5773702725464,-204.74212541230014,56.86294648486178,17904961,446950.2174826569,922098.7626539546,541.0922920525044,77.76397013108232,625.5897456660315,634.2805373925745,614.923771261738,644.946511796868,606.232979535195,653.637303523411,595.5670051309015,-0.045114265430752344,-93.93941939821407,22.29283579806247,27.365894901567195,-5.073059103504725,54.055020412780856,49.35211652029182,641.10478515625,626.7520111083984,568.4091607666015,529.0932220458984,TORNTPOWER.NS,2025-01-15 10:59:14.074671
385,2023-06-23 00:00:00+05:30,644.8478215626218,654.7237356373146,628.1575026652728,632.7991943359375,450078,0.0,0.0,2023-06-23,622.8269958496094,49.11460076709286,671.9415966167022,573.7123950825165,721.056197383795,524.5977943154237,-176.41988577711984,76.27653193257231,18236151,616338.6344036323,1040885.8989467788,540.7956207115449,79.58254022229082,638.5601442128417,648.9627857604106,622.3965527883688,665.1263771848835,611.9939112407999,675.5290187324524,595.830319816327,-0.038378146311176156,-63.78975344724221,25.53887135588593,28.634159677443378,-3.0952883215574474,57.51657309001529,51.11001131330165,649.3610473632813,622.8269958496094,566.5181829833984,527.0999694824219,TORNTPOWER.NS,2025-01-15 10:59:14.074671
386,2023-06-22 00:00:00+05:30,652.7978355732059,664.6489309240054,641.9343315016397,644.6502075195312,345148,0.0,0.0,2023-06-22,618.302880859375,52.2170145211068,670.5198953804818,566.0858663382683,722.7369099015887,513.8688518171614,-91.96629917663635,96.506786344025,18686229,481498.76465772284,1147022.7150825653,540.3439242742743,81.77632653464396,650.4111566483921,658.8879817951445,636.1733823727787,673.1257560707578,627.6965572260264,681.6025812175102,613.458782950413,-0.02930633247295637,-49.82153455496046,28.40328089407444,29.407981757832736,-1.0047008637582948,62.29850657495159,52.158285090703856,655.3359619140625,618.302880859375,564.3757843017578,525.2569631958008,TORNTPOWER.NS,2025-01-15 10:59:14.074671
387,2023-06-21 00:00:00+05:30,652.7978721193379,659.3159508160694,647.8599154467256,652.600341796875,204714,0.0,0.0,2023-06-21,613.3359008789063,54.26348388823254,667.5993847671389,559.0724169906737,721.8628686553714,504.8089331024412,-76.11305778978625,107.98939281727817,19031377,289108.280314502,1313403.702688776,539.9497319175988,82.99519222564874,653.25873601989,658.6575565930543,647.2015212237105,664.7147713892338,641.8027006505462,670.1135919623981,635.7454858543667,-0.013484442123503176,-43.45355209393605,30.473095127248712,29.65915697377231,0.8139381534764034,65.70140743462555,52.12968374135206,655.1779541015625,613.3359008789063,562.1848272705079,523.3798419189453,TORNTPOWER.NS,2025-01-15 10:59:14.074671
388,2023-06-20 00:00:00+05:30,663.6613471158773,666.5747534779705,648.4524171333563,651.859619140625,416821,0.0,0.0,2023-06-20,607.8413604736328,55.62495460732882,663.4663150809616,552.216405866304,719.0912696882904,496.59145125897516,-68.10816784451073,120.51503944247888,18826663,587989.213316176,1569477.5582823446,539.6966576285719,83.85789746580649,655.6289299173172,662.8054427012781,644.683106356664,673.7512662619314,637.5065935727031,680.9277790458923,626.5607700120498,0.0015530223007668487,-42.23788676973537,31.878403229873356,29.45567243540321,2.422730794470148,65.538709098991,51.56253886773519,654.8139404296875,607.8413604736328,559.3411376953125,521.5895974731445,TORNTPOWER.NS,2025-01-15 10:59:14.074671
389,2023-06-19 00:00:00+05:30,663.1182216553165,677.4382961794009,658.8221631314159,664.8958740234375,512592,0.0,0.0,2023-06-19,601.5225250244141,57.50758738965674,659.0301124140708,544.0149376347574,716.5376998037276,486.5073502451006,52.30179487710542,148.63358909417096,19243484,737549.4629576541,1814849.6445238865,539.1812425659989,84.19593297118891,667.0521111114181,675.2820590914203,656.6659260434352,685.6682441594031,648.435978063433,693.8981921394053,638.0497929954502,0.015415524096478622,-35.459833292501195,33.26756730119973,28.84998973678567,4.417577564414064,71.05383625738834,50.89947055684952,656.0213256835938,601.5225250244141,556.5387640380859,519.5077612304688,TORNTPOWER.NS,2025-01-15 10:59:14.074671
390,2023-06-16 00:00:00+05:30,647.8598974827682,670.3769672299651,643.21820628366,662.6737670898438,1204655,4.0,0.0,2023-06-16,594.2966735839843,58.20073537657325,652.4974089605576,536.0959382074111,710.6981443371308,477.89520283083783,32.43200885155385,152.9224324189278,18730892,1727540.1734027166,2084174.6899154442,538.4667842716661,84.34624503620697,658.7563135344895,674.2944207853191,647.135659839014,685.9150744807946,631.5975525881845,701.4531817316241,619.976898892709,0.023650469106579003,-36.34859541514483,33.258190634345056,27.745595345682155,5.512595288662901,70.66357491251647,49.26834624918639,657.1539184570313,594.2966735839843,553.4913726806641,517.2545706176758,TORNTPOWER.NS,2025-01-15 10:59:14.074671
391,2023-06-15 00:00:00+05:30,650.9274769199338,661.9210012953217,641.0626609872288,643.8601684570312,536734,0.0,0.0,2023-06-15,587.0346893310547,58.28102929012054,645.3157186211752,528.7536600409342,703.5967479112958,470.47263075081355,23.437131641261164,155.1139247024163,17526237,747853.1980239117,2173333.319043626,536.7853978837962,83.13594672377715,648.9479435798606,656.8332261724925,635.9748858643995,669.8062838879536,628.0896032717677,677.6915664805854,615.1165455563066,0.0017663955346190856,-45.79736982708416,32.96111754472088,26.367446523516428,6.59367102120445,67.18243019786766,47.617721917091565,658.191064453125,587.0346893310547,550.4589758300781,515.2531552124024,TORNTPOWER.NS,2025-01-15 10:59:14.074671
392,2023-06-14 00:00:00+05:30,657.847582506648,663.2952786959135,648.817135357749,650.7802734375,484869,0.0,0.0,2023-06-14,581.1060150146484,58.22713549890162,639.33315051355,522.8788795157468,697.5602860124516,464.65174401684516,40.38566052073437,185.17167313645146,18062971,682848.7013398134,2529703.3492985545,536.1356686306451,85.1247667382421,654.2975624970542,659.7779896363594,645.2998462981949,668.7757058352187,639.8194191588897,674.2561329745239,630.8217029600304,0.016599815432350323,-42.32187378451845,33.93421750677112,24.719028768215313,9.215188738555806,70.02083810484909,45.970967129045974,660.49775390625,581.1060150146484,547.6016290283203,513.4688110351562,TORNTPOWER.NS,2025-01-15 10:59:14.074671
393,2023-06-13 00:00:00+05:30,672.3746864691637,672.9636038362935,652.7433087620349,657.8965454101562,580498,0.0,0.0,2023-06-13,574.7969787597656,57.10562078507625,631.9025995448418,517.6913579746894,689.0082203299181,460.5857371896131,58.96397763368823,228.48217688062985,18547840,826464.1563100338,2991417.0112882396,535.5037642057932,87.11570532927973,661.201152669495,669.658996576955,649.4387015026964,681.4214477437536,640.9808575952363,689.8792916512136,629.2184064284378,0.03493512147980969,-38.24818830904538,33.98440003576229,22.41523158357636,11.56916845218593,72.9661390777796,43.52073595039651,665.3565185546875,574.7969787597656,544.9955633544922,511.5819906616211,TORNTPOWER.NS,2025-01-15 10:59:14.074671
394,2023-06-12 00:00:00+05:30,668.4484407289375,675.2212903039326,654.706475721294,670.558837890625,737341,0.0,0.0,2023-06-12,567.8940979003906,54.83076385710189,622.7248617574926,513.0633340432887,677.5556256145944,458.2325701861869,80.779123854691,283.7912410875854,19128338,1069968.4298280913,3532655.2250327906,534.6907366446802,89.54289831224851,666.8288679719506,678.9512602226071,658.4364456399685,687.3436825545891,646.314053389312,699.4660748052456,637.9216310573299,0.04661766591648165,-30.37447670492438,32.83288876063705,19.522939470529877,13.30994929010717,78.41183007818375,40.53886808281499,653.9605224609375,567.8940979003906,541.8761383056641,,TORNTPOWER.NS,2025-01-15 10:59:14.074671
395,2023-06-09 00:00:00+05:30,661.5774322069338,681.8959202226312,642.1914466192678,667.8594970703125,1954838,0.0,0.0,2023-06-09,560.4734375,50.03861146578226,610.5120489657824,510.4348260342178,660.5506604315646,460.39621456843554,102.34582091247884,340.8817499945045,18390997,2825280.474121213,4148326.9238339653,533.5345856394687,89.2540676671715,663.9822879707372,685.7731293222065,646.0686557188432,703.6867615741005,624.2778143673738,725.4776029255698,606.3641821154798,0.029382053254881555,-30.107768383350376,29.614093417731397,16.19545214800308,13.418641269728315,78.0879683341569,37.162374266416116,635.3892333984375,560.4734375,538.0293701171875,,TORNTPOWER.NS,2025-01-15 10:59:14.074671
396,2023-06-08 00:00:00+05:30,706.7296610652111,735.0479019924184,639.6394456767874,655.3936157226562,7294249,0.0,0.0,2023-06-08,553.3447967529297,43.68751579867958,597.0323125516093,509.65728095425015,640.7198283502888,465.96976515557054,162.1665146051106,473.2381236446268,16436159,10345428.423627472,4479088.536262154,530.4342700283155,97.62479432953796,676.693654463954,713.7478632511205,618.3394069354896,772.1021107795849,581.285198148323,809.1563195667514,522.9309506198587,0.006674360849737708,-35.69384932610657,25.310205772864265,12.840791830571,12.469413942293265,76.58127422736246,33.5261501564481,612.4990600585937,553.3447967529297,534.544800415039,,TORNTPOWER.NS,2025-01-15 10:59:14.074671
397,2023-06-07 00:00:00+05:30,618.3884855081106,712.0301944205693,616.4253474588786,675.0740966796875,8361595,0.0,0.0,2023-06-07,546.971957397461,36.7657760333789,583.7377334308399,510.2061813640821,620.5035094642187,473.4404053307032,252.16602138408277,609.6376274149931,23730408,12215359.745282587,3012503.5644208244,518.6582061754199,95.77948423900115,667.8432128530452,719.2610782472118,623.6562312855211,763.4480598147359,572.2383658913545,814.8659252089025,528.0513843238305,0.3443690965847695,-18.464939670518376,20.6441378485556,9.723438344997682,10.92069950355792,85.16284000755401,29.610216499559456,591.6603393554688,546.971957397461,531.5569036865235,,TORNTPOWER.NS,2025-01-15 10:59:14.074671
398,2023-06-06 00:00:00+05:30,578.9784614378727,603.6649462104018,574.7577266415348,600.9165649414062,984236,0.0,0.0,2023-06-06,539.6150939941406,21.216221097919455,560.83131509206,518.3988728962212,582.0475361899795,497.18265179830166,229.59901163605184,386.87482145888595,15368813,1279909.0540223953,711789.519205384,499.71427787855373,88.13105627242874,593.1130792644476,611.4684318873605,582.5612123184934,622.0202988333147,564.2058596955806,640.3756514562275,553.6539927496264,0.49177237547690084,-2.994638086083348,12.419137792898937,6.9932634691082,5.425874323790737,75.59250645606059,25.54201440401132,564.8929565429687,539.6150939941406,528.2038635253906,,TORNTPOWER.NS,2025-01-15 10:59:14.074671
399,2023-06-05 00:00:00+05:30,554.8809145286408,581.0397509666514,553.6048868778092,577.702392578125,1114451,0.0,0.0,2023-06-05,535.7575256347657,15.808333767223887,551.5658594019895,519.9491918675418,567.3741931692134,504.14085810031787,216.26472463973505,297.2803460073469,14384577,1393255.7167218276,569759.6355011312,498.25066744957434,85.73250140432447,570.7823434741953,587.9598000705813,560.5249359817392,598.2172075630374,543.3474793853532,615.3946641594234,533.0900718928971,0.41948376451443337,-4.8261514699989885,9.003869820216323,5.636794888160516,3.3670749320558073,69.96167158139409,22.76590489445419,555.9214111328125,535.7575256347657,526.377163696289,,TORNTPOWER.NS,2025-01-15 10:59:14.074671
400,2023-06-02 00:00:00+05:30,551.6418180249443,555.07730977421,545.310685533539,553.4086303710938,137857,0.0,0.0,2023-06-02,533.6741424560547,12.358802920331183,546.0329453763859,521.3153395357235,558.3917482967171,508.95653661539234,87.62422710507379,176.02544028949254,13270126,165097.4784140969,363885.6151959571,496.9279382733665,75.82277692392827,551.2655418929476,557.2203982523562,547.4537740116851,561.0321661336186,541.4989176522765,566.9870224930272,537.6871497710141,0.340220411893572,-9.999931402217173,6.781113863389464,4.795026155146564,1.9860877082429003,61.28130643056814,20.663402169322033,549.4037841796875,533.6741424560547,525.2287286376953,,TORNTPOWER.NS,2025-01-15 10:59:14.074671
401,2023-06-01 00:00:00+05:30,541.8260410513199,555.5680058605925,538.0960911565597,551.2000122070312,311774,0.0,0.0,2023-06-01,532.5281616210938,11.46273085279604,543.9908924738899,521.0654307682977,555.4536233266858,509.6026999155017,75.32709373509792,161.6488516869584,13132269,371890.25879467325,413582.64939142216,496.8113833149042,72.98295692668317,548.2880364080612,558.4799816595627,541.0080669555299,565.759951112094,530.8161217040284,575.9518963635954,523.5361522514971,0.30038332535627693,-14.787353036064326,6.225136016880924,4.2985042280858385,1.9266317887950857,60.31236499367783,20.207918028458053,547.1854370117187,532.5281616210938,524.6702142333984,,TORNTPOWER.NS,2025-01-15 10:59:14.074671
402,2023-05-31 00:00:00+05:30,554.5864973503836,554.73375666775,537.212713681434,541.2371826171875,382258,0.0,0.0,2023-05-31,531.8484252929687,10.673104732530055,542.5215300254988,521.1753205604386,553.1946347580289,510.5022158279086,61.93490033409796,137.80629409704426,12820495,447723.5072485303,424005.7470406094,496.55635902792056,66.10554253655037,544.3945509887905,551.5763882961469,534.055345309831,561.9155939751064,526.8735080024745,569.0974312824628,516.534302323515,0.2945479900814592,-36.38287673900206,5.636511077783325,3.8168462808870665,1.8196647968962587,55.66978909213648,19.717396645989155,546.0075561523438,531.8484252929687,524.357094116211,,TORNTPOWER.NS,2025-01-15 10:59:14.074671
403,2023-05-30 00:00:00+05:30,547.5191756179399,558.0219758884735,535.9366734126764,556.058837890625,903975,0.0,0.0,2023-05-30,531.2300323486328,10.456592514707486,541.6866248633403,520.7734398339253,552.1432173780478,510.3168473192178,108.78693013303615,192.0141500909915,13202753,1087784.476828907,418076.30698862916,496.2980049979722,71.5661021200095,550.005829063925,564.0749847151736,541.9896822393765,572.0911315397221,527.9205265881279,586.1602871909707,519.9043797635794,0.3240389211488962,-4.255316502441645,5.77867886418403,3.361930081663002,2.4167487825210285,66.40199811857791,19.26384601875086,546.3020263671875,531.2300323486328,524.095014038086,,TORNTPOWER.NS,2025-01-15 10:59:14.074671
404,2023-05-29 00:00:00+05:30,545.1633841850527,547.1755884227675,535.9366126767173,545.1142578125,141289,0.0,0.0,2023-05-29,530.0202484130859,8.681880510829549,538.7021289239154,521.3383679022564,547.384009434745,512.6564873914268,92.02179162575993,138.33234804435114,12298778,166671.59135849308,250649.26452855975,495.46950970692654,62.634014603181434,542.7421529706617,549.547693264606,538.3087175185558,553.9811287167119,531.5031772246115,560.7866690106562,527.0697417725056,0.13768929974059485,-14.303924413696775,4.413432497658846,2.7577428860327444,1.6556896116261015,61.28611332208186,18.775406881725008,540.1868408203125,530.0202484130859,523.337241821289,,TORNTPOWER.NS,2025-01-15 10:59:14.074671
405,2023-05-26 00:00:00+05:30,545.3106681208266,549.3351371304482,537.89983385181,542.31689453125,172223,0.0,0.0,2023-05-26,529.8263946533203,8.364602241363242,538.1909968946836,521.461792411957,546.5555991360468,513.0971901705939,128.35680227414827,140.82080907198605,12157489,202120.31822142797,271643.6828210764,495.36170425861826,60.938284689915946,543.1839551711694,548.4680764905288,537.0327732118906,554.6192584498076,531.7486518925311,559.903379769167,525.5974699332523,0.13358629864217247,-20.047033055578357,3.676508558852447,2.343820483126219,1.332688075726228,59.832537366759354,19.24566104658326,535.2397583007812,529.8263946533203,522.8660906982421,,TORNTPOWER.NS,2025-01-15 10:59:14.074671
406,2023-05-25 00:00:00+05:30,543.9364473521907,550.6601705688481,533.3354549638713,545.3106079101562,418734,0.0,0.0,2023-05-25,529.313525390625,7.857541997407008,537.171067388032,521.455983393218,545.028609385439,513.598441395811,200.4480864421449,143.60808842023735,12329712,494137.55401384295,289024.5239709885,495.2370850773564,55.43803611753166,543.1020778142919,552.8687006647125,535.5439850597356,560.4267934192687,525.777362209315,570.1934162696894,518.2192694547588,0.15417449725189808,-12.853806942069824,2.9528158306725345,2.0106484641946616,0.9421673664778729,62.14627733239503,19.490838088382198,530.2631958007812,529.313525390625,522.5402093505859,,TORNTPOWER.NS,2025-01-15 10:59:14.074671
407,2023-05-24 00:00:00+05:30,525.0903578468099,545.2615891725911,522.7345682409327,542.7095336914062,477060,0.0,0.0,2023-05-24,528.5503570556641,6.905609962760798,535.4559670184249,521.6447470929033,542.3615769811857,514.7391371301425,227.4037416135131,105.8649283362367,11910978,560281.3209954937,237746.26646027493,494.9118719944453,44.330063594543475,536.9018970349767,551.0692258290208,528.5422048973624,559.4289179666351,514.3748761033183,573.5962467606792,506.01518396570395,0.10042255321557714,-7.04599850676782,1.6866947954489433,1.775106622575193,-0.08841182712624973,60.92622060472745,19.754874902627208,526.2584106445313,528.5503570556641,522.1043927001953,,TORNTPOWER.NS,2025-01-15 10:59:14.074671
408,2023-05-23 00:00:00+05:30,520.5750654367176,527.9859588913827,511.88820424723076,525.48291015625,162633,0.0,0.0,2023-05-23,528.0792022705078,6.171112555005962,534.2503148255138,521.9080897155019,540.4214273805197,515.7369771604959,-31.700367992782652,4.107161586915403,11433918,184940.89666230464,157112.5028264702,494.55556303430023,32.545981956248326,521.7856910982878,531.6831779493448,515.5854233051929,537.8834457424397,505.68793645413587,547.7809325934967,499.48766866104097,0.0017765891418760414,-52.347259389187585,0.29628661590402317,1.7972095793567555,-1.5009229634527324,51.25923656611048,20.536277823374892,522.6364135742188,528.0792022705078,521.669556274414,,TORNTPOWER.NS,2025-01-15 10:59:14.074671
409,2023-05-22 00:00:00+05:30,517.434138124865,523.0290336676494,512.7716852323985,520.3788452148438,67594,0.0,0.0,2023-05-22,528.5061859130859,6.276550822788549,534.7827367358744,522.2296350902974,541.059287558663,515.9530842675089,-115.66467915477492,-15.55628250272582,11271285,76119.06931637657,150155.4043675116,494.47676715472625,21.614385606606334,518.7265213716305,524.6813575108625,514.4240090756116,528.9838698068814,508.46917293637955,534.9387059461135,504.16666064036065,-0.002131273267006527,-67.14070391208236,0.20821502788976431,2.1724403202199385,-1.9642252923301742,47.703070903602836,20.79175899990869,521.5076171875,528.5061859130859,521.382939453125,,TORNTPOWER.NS,2025-01-15 10:59:14.074671
410,2023-05-19 00:00:00+05:30,525.0412411890239,525.0412411890239,516.256187340907,517.43408203125,80712,0.0,0.0,2023-05-19,529.0288665771484,5.992981378084776,535.0218479552332,523.0358851990636,541.014829333318,517.0429038209788,-106.80824547072443,-10.37424621435889,11203691,90377.18902115864,168664.48813029536,494.44931003074674,20.189177806822954,519.5771701870603,522.8981530332137,514.1130991850968,528.3622240351773,510.7921163389434,531.6832068813306,505.3280453369798,0.04578657454674266,-79.09536533016534,0.5949749961329189,2.663496643302482,-2.068521647169563,45.577576298476544,20.2932822447816,521.8609741210937,529.0288665771484,521.00208984375,,TORNTPOWER.NS,2025-01-15 10:59:14.074671
411,2023-05-18 00:00:00+05:30,526.1209918272316,530.0472678856438,522.1947157688194,525.2866821289062,114854,0.0,0.0,2023-05-18,529.5613677978515,5.346829272929354,534.9081970707808,524.2145385249222,540.2550263437103,518.8677092519928,-7.652437852701715,30.585256407399218,11284403,130559.41762623054,188236.31290757953,494.420180019108,30.943496654841482,525.8428885944564,529.4910614200935,521.6385093032691,533.6954407112809,517.990336477632,537.3436135369179,513.7859571864446,0.07408918275328939,-59.535363738184735,1.3711447387659064,3.180627055094872,-1.8094823163289657,50.68498725707032,20.08836691315523,523.431494140625,529.5613677978515,520.7753466796875,,TORNTPOWER.NS,2025-01-15 10:59:14.074671
412,2023-05-17 00:00:00+05:30,520.2315544384588,526.5136198146321,515.127383809095,524.5995483398438,136629,0.0,0.0,2023-05-17,529.4754791259766,5.432224384454778,534.9077035104314,524.0432547415218,540.3399278948862,518.611030357067,-73.78102806584457,3.87907097949327,11169549,155108.81906309156,202655.53672791674,494.36441269143336,29.648501125212107,522.0801839878569,529.0329841666188,517.6467481610817,533.466419993394,510.69394798231986,540.4192201721559,506.2605121555447,0.052272514368457416,-61.24694179396497,1.5707401611741716,3.6329976341771135,-2.062257473002942,50.229775016339985,20.481757038706473,523.9615234375,529.4754791259766,520.2138879394531,,TORNTPOWER.NS,2025-01-15 10:59:14.074671
413,2023-05-16 00:00:00+05:30,522.1947178310944,526.4645190973929,513.9004476428989,519.8389282226562,247224,0.0,0.0,2023-05-16,529.3208831787109,5.619075142441879,534.9399583211527,523.7018080362691,540.5590334635947,518.0827328938271,-120.09446247220532,-10.171962304982014,11032920,278115.45068862935,214542.216144123,494.29928952327424,23.035745583869428,520.0679649876494,526.2354823323998,513.6714108779058,532.6320364421433,507.5038935331554,538.7995537868937,501.1073394234119,0.0760735085770417,-73.10514619925425,1.870155959071667,4.148562002427849,-2.278406043356182,47.1019103890507,20.368315370454702,524.6289794921875,529.3208831787109,519.66224609375,,TORNTPOWER.NS,2025-01-15 10:59:14.074671
414,2023-05-15 00:00:00+05:30,523.6670498168256,525.2866625947785,520.6242099487993,522.1456298828125,97162,0.0,0.0,2023-05-15,528.8472763061524,6.746422769337628,535.59369907549,522.1008535368147,542.3401218448276,515.3544307674771,-103.41289055008846,7.225031291798932,11280144,109787.72418740281,198648.9075079964,494.199362718846,28.390307562370765,522.6855008087967,524.7467916687942,520.084339022815,527.347953454776,518.0230481628175,529.4092443147734,515.4218863768358,-0.029769431051234616,-67.35939478140895,2.694012167025903,4.718163513266894,-2.0241513462409912,48.47473199358002,20.238790879617262,525.4142333984375,528.8472763061524,519.1449591064453,,TORNTPOWER.NS,2025-01-15 10:59:14.074671
415,2023-05-12 00:00:00+05:30,527.9368705401599,531.0288369002468,518.072113925443,525.2866821289062,230059,0.0,0.0,2023-05-12,529.193278503418,6.559490776745537,535.7527692801635,522.6337877266725,542.312260056909,516.074296949927,-91.95343488115225,21.073917256344014,11377306,261517.83185324824,220864.20333814478,494.15632341833134,33.370543629276625,524.795877651532,531.519641377621,518.5629184028172,537.7526006263358,511.8391546767282,544.4763643524249,505.6061954280134,-0.020700651561021088,-59.535363738184735,3.4808042369364784,5.224201349827142,-1.7433971128906638,50.326140230291784,20.76340035293427,528.1920532226562,529.193278503418,518.4529528808594,,TORNTPOWER.NS,2025-01-15 10:59:14.074671
416,2023-05-11 00:00:00+05:30,528.8693310851417,533.7771757683932,520.2315364246617,527.9368286132812,112082,0.0,0.0,2023-05-11,529.212907409668,6.547762128348758,535.7606695380167,522.6651452813193,542.3084316663655,516.1173831529704,-76.38149033238317,38.08334647148159,11607365,128051.1609957314,210700.7962093689,494.04238901475975,43.81884985958133,527.3151802687788,534.3988241128959,520.8531847691644,540.8608196125103,513.7695409250473,547.9444634566274,507.30754542543286,-0.03690179940424918,-52.934127356769054,4.126050995586411,5.660050628049808,-1.5339996324633969,51.87891771350698,21.328364401121814,529.23251953125,529.212907409668,517.81296875,,TORNTPOWER.NS,2025-01-15 10:59:14.074671
417,2023-05-10 00:00:00+05:30,525.9246242751908,531.3232534267675,524.1578121712629,527.9368286132812,125077,0.0,0.0,2023-05-10,529.5711837768555,6.669177243073535,536.2403610199291,522.9020065337819,542.9095382630026,516.2328292907084,-80.44829438960362,42.40997700490499,11719447,142897.6558578817,231363.20501277826,493.9818450403098,48.599117858774335,527.8059647371039,531.4541173029448,524.2886760474403,534.9714059926084,520.6405234815993,538.6195585584494,517.1232347919357,0.08996464897214858,-52.934127356769054,4.628647176827144,6.0435505361656565,-1.4149033593385125,51.87891771350698,22.147521635305786,531.1662109375,529.5711837768555,516.9894329833984,,TORNTPOWER.NS,2025-01-15 10:59:14.074671
418,2023-05-09 00:00:00+05:30,535.9366773950981,536.9182464013162,509.0416626606343,523.7651977539062,219551,0.0,0.0,2023-05-09,528.6951354980469,7.927256646987237,536.622392145034,520.7678788510597,544.5496487920213,512.8406222040724,-196.0610055441145,13.430466232950865,11594370,248850.0581750075,253479.59230150236,493.9140256089625,51.039061113094355,523.2417022719522,537.4417418832702,509.5651581425883,551.1182860126341,495.36511853127035,565.3183256239521,481.6885744019064,-0.038269766383106904,-63.32522141934388,5.201991572857764,6.397276376000285,-1.1952848031425205,49.776376798996125,23.417453602273387,531.3527099609375,528.6951354980469,516.4220880126953,,TORNTPOWER.NS,2025-01-15 10:59:14.074671
419,2023-05-08 00:00:00+05:30,531.0287517957927,538.8813026541409,528.0840452239122,536.0347290039062,121222,0.0,0.0,2023-05-08,528.0939224243164,8.735583620982412,536.8295060452988,519.3583388033339,545.5650896662812,510.6227551823515,16.53575962551294,87.79472321609057,11813921,140617.72334379097,254636.97583312608,493.8089999846324,59.87564298090261,534.3333589606531,540.582672697394,529.7854152671653,545.1306163908818,523.5361015304244,551.3799301276226,518.9881578369366,-0.04659908395825259,-35.973500735750655,6.268070519489129,6.696097576785915,-0.42802705729678614,56.52426392161689,24.78507264362311,532.9723022460937,528.0939224243164,515.8127880859375,,TORNTPOWER.NS,2025-01-15 10:59:14.074671
420,2023-05-05 00:00:00+05:30,537.6053893999743,543.5438702668956,529.8019033436694,530.489013671875,113547,0.0,0.0,2023-05-05,526.9185012817383,9.18110179373887,536.0996030754771,517.7373994879994,545.280704869216,508.55629769426054,34.28395781490128,93.08011248019727,11692699,130352.01464056845,283141.78895545984,493.72681328535964,48.51398117221628,534.6115957608134,539.4212881779574,525.6793212547312,548.3535626840396,520.8696288375872,553.1632551011836,511.93735433150505,-0.03315156063597509,-41.684790844474115,6.3296409338204285,6.803104341110111,-0.4734634072896826,53.89934841396336,24.88304887427755,534.01279296875,526.9185012817383,514.8674328613281,,TORNTPOWER.NS,2025-01-15 10:59:14.074671
421,2023-05-04 00:00:00+05:30,528.8692986795414,538.8813132019475,528.8202322177581,537.6052856445312,81903,0.0,0.0,2023-05-04,525.9467468261719,9.791537899122545,535.7382847252944,516.1552089270493,545.529822624417,506.3636710279268,59.143414712630424,99.93991472850986,11806246,95285.98525561458,321339.23253418267,493.6596684521068,54.858710959651184,535.1022770214123,541.3843218250665,531.3232408408771,545.1633580056017,525.0411960372229,551.4454028092559,521.2621598566877,-0.013930573240543006,-25.820708149187407,6.8587350055684055,6.9214701929325315,-0.06273518736412598,58.07640581486255,24.73617212337663,534.3268920898438,525.9467468261719,514.086040649414,,TORNTPOWER.NS,2025-01-15 10:59:14.074671
422,2023-05-03 00:00:00+05:30,531.8630969635768,537.1145266477555,523.4706946539676,528.8693237304688,376571,0.0,0.0,2023-05-03,524.1161239624023,10.861237187847635,534.97736115025,513.2548867745546,545.8385983380975,502.39364958670706,-35.121242781720795,70.74639336134594,11724343,430983.792092014,377852.5443538247,493.60169577510334,47.13998003039819,529.8181816773973,536.165668700827,522.5218367070391,543.4620136711852,516.1743496836094,549.8095006946149,508.87800471325124,-0.049626540809668315,-45.2955150087449,6.731370554581645,6.937153989773562,-0.20578343519191744,54.01424610159005,24.98207807645436,532.815283203125,524.1161239624023,513.0639428710938,,TORNTPOWER.NS,2025-01-15 10:59:14.074671
423,2023-05-02 00:00:00+05:30,541.2371914190619,549.1878766613312,530.0472804238049,531.8631591796875,212202,0.0,0.0,2023-05-02,523.6965072631835,10.830006604670459,534.526513867854,512.8665006585131,545.3565204725245,502.0364940538426,103.85922131846813,117.41258103401078,12100914,244239.03250679313,364569.73241927737,493.3864804158295,63.66705642731725,537.0327720882746,544.0182637527442,524.8776675152179,556.1733683258009,517.8921758507482,563.1588599902706,505.7370712776916,0.05336571305785728,-38.621451211720135,7.326674884557974,6.988599848571542,0.3380750359864324,55.729623435111144,25.403230946619647,533.6987060546875,523.6965072631835,511.3022052001953,,TORNTPOWER.NS,2025-01-15 10:59:14.074671
424,2023-04-28 00:00:00+05:30,532.7956530830681,547.5191884109545,529.2620285684629,541.2371826171875,310652,0.0,0.0,2023-04-28,522.1996139526367,11.677620510037565,533.8772344626742,510.5219934425991,545.5548549727118,498.84437293256155,137.88168978283852,135.4108092639868,12313116,363854.26328231307,394652.4073973984,493.253712483821,23.219786516498303,539.3394665322016,549.4169044959403,531.1597446534488,557.5966263746932,521.0823066897101,567.6740643384319,512.9025848109573,0.12199158696612533,-14.545359958496151,7.682987166050793,6.904081089574933,0.7789060764758604,61.404195463558125,24.952811421614573,534.1305908203125,522.1996139526367,509.4883068847656,,TORNTPOWER.NS,2025-01-15 10:59:14.074671
425,2023-04-27 00:00:00+05:30,530.0473046399219,533.8754480264103,528.1822994187665,532.0595092773438,67858,0.0,0.0,2023-04-27,519.0487762451172,14.444364708681176,533.4931409537984,504.60441153643603,547.9375056624796,490.16004682775485,61.183705526718754,94.79995747564192,12002464,78131.64249772238,402351.94342616963,493.0100933778063,22.730032797852516,531.3724189075068,534.5625383962471,528.8693897886034,537.0655675151505,525.6792702998631,540.2556870038908,523.1762411809597,0.0906173576026568,-21.52761855096756,7.0995666853891635,6.709354570455967,0.3902121149331963,57.46395708450076,24.59315877137746,532.0496459960938,519.0487762451172,507.40687377929686,,TORNTPOWER.NS,2025-01-15 10:59:14.074671
426,2023-04-26 00:00:00+05:30,531.0288101761429,534.9550860369646,527.0044013828867,530.0472412109375,252945,0.0,0.0,2023-04-26,517.1273513793946,15.160717698761285,532.2880690781558,501.96663368063327,547.4487867769171,486.805915981872,61.44616688382287,94.81618037485798,11934606,290139.1716278558,483407.0186582814,492.9667379922648,25.083832081315705,530.6689095435963,534.3334177043059,526.382733050228,538.6195941976742,522.7182248895184,542.2841023583838,518.4320483961501,0.0729654101650233,-27.222206800256785,7.148904252172429,6.611801541722667,0.5371027104497612,56.562349793380584,25.394687866296167,531.2545654296875,517.1273513793946,505.43569213867187,,TORNTPOWER.NS,2025-01-15 10:59:14.074671
427,2023-04-25 00:00:00+05:30,534.7587915221585,534.7587915221585,531.3723664121972,533.2864379882812,95231,0.0,0.0,2023-04-25,515.9249282836914,15.035230555010633,530.9601588387021,500.8896977286808,545.9953893937127,485.8544671736702,101.75281082729842,112.211061284286,12187551,109901.74125406524,531723.9804158878,492.8126388311115,27.384671087995756,533.1391986408789,534.9060308695607,531.5196057595994,536.5256237508403,529.7527735309176,538.2924559795221,528.133180649638,0.0694781560682323,-17.66299651576994,7.301932472970179,6.477525864110227,0.8244066088599524,58.41568542724861,26.25787304543939,529.9588989257812,515.9249282836914,503.56262573242185,,TORNTPOWER.NS,2025-01-15 10:59:14.074671
428,2023-04-24 00:00:00+05:30,530.8324838740618,534.955085505875,527.446058965422,534.0225830078125,132400,0.0,0.0,2023-04-24,514.6317108154296,14.568410370372431,529.2001211858021,500.0633004450572,543.7685315561745,485.4948900746848,91.985391456777,112.15877728704417,12282782,153007.70370693237,637179.5402063434,492.74921376798306,25.4670264753141,532.1412424930364,536.8364260206508,529.3273994801979,539.6502690334894,524.6322159525835,544.3454525611038,521.8183729397449,0.066635443888344,-13.27948325719524,7.068207823450507,6.271424211895239,0.7967836115552682,58.824462592005396,26.62065742578118,527.6031372070313,514.6317108154296,501.5148211669922,,TORNTPOWER.NS,2025-01-15 10:59:14.074671
429,2023-04-21 00:00:00+05:30,528.0840775096843,531.6668280219296,526.1209396750758,530.8324584960938,279636,0.0,0.0,2023-04-21,513.4096603393555,13.864310199805043,527.2739705391605,499.5453501395504,541.1382807389656,485.6810399397454,74.17567536296492,103.18123728616952,12150382,321230.1060093971,758222.4993311961,492.6590953152187,35.592795056333046,529.5400753976998,532.9592111203237,527.4133227734699,535.0859637445536,523.9941870508459,538.5050994671776,521.867434426616,0.045734807955648056,-20.785322907578646,6.589376257771619,6.072228309006421,0.5171479487651975,57.637848675462855,27.011348296918488,522.8719787597656,513.4096603393555,499.4175714111328,,TORNTPOWER.NS,2025-01-15 10:59:14.074671
430,2023-04-20 00:00:00+05:30,523.1762615898729,531.0288133585764,522.3910183950455,528.0841064453125,128613,0.0,0.0,2023-04-20,512.8820693969726,13.357931343976993,526.2400007409497,499.5241380529956,539.5979320849266,486.16620670901864,64.12484716893546,94.71126986223081,11870746,146978.44717569338,867470.5976616459,492.4822405620895,40.09116199097957,527.1679793996449,531.9449404042442,523.3071454407134,535.8057743631757,518.530184436114,540.5827353677751,514.6693504771825,0.025152178787256615,-18.365747655310646,6.190666648203887,5.9429413218151215,0.24772532638876577,56.63752263420128,27.695972463067157,522.5186218261719,512.8820693969726,497.3513311767578,,TORNTPOWER.NS,2025-01-15 10:59:14.074671
431,2023-04-19 00:00:00+05:30,521.2131192167361,529.0656709186832,521.0167934421445,523.5689086914062,253027,0.0,0.0,2023-04-19,512.7520095825196,13.214014116464854,525.9660236989845,499.5379954660547,539.1800378154493,486.32398134958987,54.60530024892565,84.56071802579524,11742133,286685.94665525475,1047593.6352831338,492.4062171683503,38.3244663535201,524.550457684078,528.0841219260114,520.0352444494728,532.5993351606166,516.5015802075393,536.1329994025501,511.9863669729341,-0.003863468305212378,-24.99997440319996,5.857070582649271,5.8810099902179305,-0.0239394075686592,55.016311071725994,28.483275790565777,522.0376525878906,512.7520095825196,495.33427062988284,,TORNTPOWER.NS,2025-01-15 10:59:14.074671
432,2023-04-18 00:00:00+05:30,513.9986620345641,523.0781758360572,512.6244413870064,521.5076293945312,265988,0.0,0.0,2023-04-18,513.3507644653321,13.979106353390856,527.329870818723,499.3716581119412,541.3089771721138,485.3925517585504,18.700487011077602,58.333451816213795,11489106,300184.5938710352,1237820.5574401035,492.27474925141433,36.63770534970009,519.0700822058649,525.5157230247233,515.0619885756726,529.5238166549157,508.6163477568141,535.9694574737741,504.6082541266218,0.012827400083083147,-28.20117127834043,5.785901602018555,5.886994842110095,-0.10109324009154008,54.293122995562,29.478522789114137,524.3443420410156,513.3507644653321,493.33903259277344,,TORNTPOWER.NS,2025-01-15 10:59:14.074671
433,2023-04-17 00:00:00+05:30,529.5073854178813,530.9306723864512,504.3301177266118,510.3667907714844,775065,0.0,0.0,2023-04-17,513.6820419311523,14.258300084359186,527.9403420155115,499.4237418467931,542.1986420998707,485.16544176243394,-12.622785097280133,42.868434187544466,11223118,856024.554522229,1472229.5483323704,492.14452798224846,35.02403870843102,515.2091936281824,526.0882695297531,499.4877148699137,541.8097482880219,488.60863896834303,552.6888241895925,472.8871602100743,0.015314052839825084,-45.50305649137791,5.810123343903172,5.91226815213298,-0.10214480822980843,50.27921459914486,31.007469648243422,522.1259887695312,513.6820419311523,491.5885327148437,,TORNTPOWER.NS,2025-01-15 10:59:14.074671
434,2023-04-13 00:00:00+05:30,527.1025358918425,532.5011652166193,525.6301824396306,529.065673828125,328941,0.0,0.0,2023-04-13,514.0722137451172,14.269569276030477,528.3417830211476,499.8026444690867,542.6113522971782,485.5330751930563,115.84012573675167,105.40283594540638,11998183,376611.2445905719,1626280.7967849055,491.9048859984595,35.687442244955065,529.065673828125,532.5011652166194,525.6301824396307,535.9366566051136,522.1946910511364,539.372147993608,518.7591996626421,0.022302753160028752,-16.463417806662143,6.850306145344689,5.937804354190432,0.9125017911542566,58.25324237457382,32.654027804228804,522.4008178710938,514.0722137451172,489.7772833251953,,TORNTPOWER.NS,2025-01-15 10:59:14.074671
435,2023-04-12 00:00:00+05:30,535.004165652546,535.004165652546,518.2684263665043,525.6792602539062,490381,0.0,0.0,2023-04-12,513.6967651367188,13.949506726015501,527.6462718627344,499.7472584107033,541.5957785887498,485.7977516846878,118.2395417030952,95.15789554635813,11669242,557853.5064473171,1938698.1848334887,491.69631393288967,33.6926735190125,526.3172840909855,534.3661418154667,517.6304025294249,543.0530233770272,509.58154480494375,551.1018811015084,500.8946632433832,0.0013766506988097825,-21.72256758231708,6.236706156076707,5.7096789064018685,0.5270272496748385,57.1081583349152,32.106599468225355,519.0929443359375,513.6967651367188,487.6817559814453,,TORNTPOWER.NS,2025-01-15 10:59:14.074671
436,2023-04-11 00:00:00+05:30,515.3237169518408,539.6666157896177,515.3237169518408,535.1023559570312,1134614,0.0,0.0,2023-04-11,513.7139434814453,13.965242066714373,527.6791855481597,499.74870141473093,541.6444276148741,485.78345934801655,164.85859567834558,110.21229016668377,12159623,1313864.8388856584,2283909.3544300315,491.40956813735727,33.91186941654614,530.03089623283,544.7380755138191,520.3951766760422,554.3737950706069,505.687997395053,569.0809743515961,496.05227783826524,0.017288094345031056,-7.08836222997827,5.690127110367428,5.577922093983158,0.11220501638426938,61.45785024721111,31.517061260221638,516.1678771972656,513.7139434814453,486.13814208984377,,TORNTPOWER.NS,2025-01-15 10:59:14.074671
437,2023-04-10 00:00:00+05:30,511.2011062289696,515.6181665821754,506.3423278584002,510.4158630371094,8723233,0.0,0.0,2023-04-10,513.134814453125,13.253627261667445,526.3884417147925,499.8811871914576,539.6420689764599,486.62755992979015,51.53255798119684,46.47034367789461,11025009,9635346.236984065,2526420.4833161244,490.5395607169103,28.12443143386683,510.7921191592283,515.2419104600565,505.96607173628126,520.0679578830035,501.51628043545315,524.5177491838316,496.6902330125061,-0.011517361743866512,-45.59271367900414,3.976094102138461,5.549870839887091,-1.5737767377486298,52.68738087669961,30.882173959294562,509.3459716796875,513.134814453125,484.5748565673828,,TORNTPOWER.NS,2025-01-15 10:59:14.074671
438,2023-04-06 00:00:00+05:30,512.5262393493003,520.2315314644528,508.50177080127776,511.7409362792969,241931,0.0,0.0,2023-04-06,513.6624069213867,13.349371350193476,527.0117782715802,500.31303557119327,540.3611496217736,486.96366422099976,79.5101244669047,57.55758249392079,19748242,267921.37858861114,749189.0448991393,486.9467023801153,56.953359679786026,513.4914128483425,518.4810548954073,506.7512942322322,525.2211735115176,501.76165218516746,530.2108155585823,495.02153356905717,0.09344830437543213,-43.54111012630602,4.152614112471895,5.943315024324248,-1.790700911852353,53.29399292138364,31.733086790809626,511.3581970214844,513.6624069213867,483.8380572509766,,TORNTPOWER.NS,2025-01-15 10:59:14.074671
439,2023-04-05 00:00:00+05:30,505.45899697264485,515.2746875249431,504.5264943881324,512.5263061523438,488326,0.0,0.0,2023-04-05,513.6329635620117,13.354480820710945,526.9874443827226,500.27848274130076,540.3419252034336,486.92400192058983,54.98383362808671,51.74128299098032,19990173,541616.2656216288,869505.9614767713,486.82177663741004,58.20272996048483,510.7758293551398,517.0251643221472,506.2769711853365,521.5240224919505,500.02763621832906,527.773357458958,495.52877804852574,0.11232574871367736,-42.32512630712854,4.185195183479209,6.3909902522873345,-2.2057950688081256,53.63458939436086,32.387659490820056,509.395068359375,513.6329635620117,482.47675842285156,,TORNTPOWER.NS,2025-01-15 10:59:14.074671
440,2023-04-03 00:00:00+05:30,507.42210727319866,513.3605877498292,503.54489773549204,511.0539245605469,336360,0.0,0.0,2023-04-03,513.0734664916993,13.634750329112617,526.7082168208119,499.4387161625867,540.3429671499244,485.803965833474,29.550946781732115,50.03743679995818,19501847,371994.70727679605,951478.3854405568,486.55767651266274,53.27584301497566,509.31980334862266,515.0947089617532,505.27901894741615,519.1354933629598,499.50411333428553,524.9103989760904,495.463328933079,0.05863412728647306,-44.60480656062984,4.086149746234298,6.942439019489366,-2.8562892732550678,53.11688252362177,33.473175879241985,502.5338928222656,513.0734664916993,481.0177685546875,,TORNTPOWER.NS,2025-01-15 10:59:14.074671
441,2023-03-31 00:00:00+05:30,520.5260461315812,520.5260461315812,497.16471513209706,500.9928283691406,753861,0.0,0.0,2023-03-31,512.8256164550781,13.718191762303737,526.5438082173819,499.10742469277443,540.2619999796856,485.38923293047065,-9.82001979404197,44.066360685207805,19165487,817313.1275890592,1096349.3049814969,486.3830792327548,55.88853615873475,506.22786321093963,515.2910112897822,491.92968029029805,529.5891942104238,482.8665322114555,538.6523422892664,468.5683492908139,0.08163755475501046,-60.182346000073,4.04243749098049,7.656511337803132,-3.6140738468226425,49.53620075415262,34.79089312131536,499.0493103027344,512.8256164550781,480.0473345947266,,TORNTPOWER.NS,2025-01-15 10:59:14.074671
442,2023-03-29 00:00:00+05:30,500.5020535498232,524.6486582164773,498.04813092018577,520.4769897460938,2390188,0.0,0.0,2023-03-29,512.6366622924804,13.914378210273815,526.5510405027543,498.7222840822066,540.465418713028,484.8079058719328,22.36536944611671,65.32300874866284,19919348,2692150.1923697838,1166108.3493296062,486.1459084422384,61.7185057743845,514.3912596275856,530.7343883349854,504.1338610386938,540.991786923877,487.790732331294,557.3349156312769,477.53333374240225,0.12295999917426492,-30.015126989364003,4.916089039226165,8.560029799508792,-3.643940760282627,57.42175014914689,36.2099732281636,500.0505004882813,512.6366622924804,479.3359930419922,,TORNTPOWER.NS,2025-01-15 10:59:14.074671
443,2023-03-28 00:00:00+05:30,478.2694750755808,505.4098807448279,476.6007958639257,501.92529296875,1594416,0.0,0.0,2023-03-28,511.4636856079102,14.204446823109269,525.6681324310194,497.2592387848009,539.8725792541287,483.05479196169165,-83.8746449846541,22.197834970366088,17529160,1731834.608796506,784597.8885695615,484.28298111476374,53.11556039937244,494.64532319250117,512.6898505210766,483.88076564017445,523.4544080734033,465.836238311599,541.4989354019788,455.0716807592723,-0.005377035686896641,-58.73861623147118,4.041246885246494,9.471014989579448,-5.429768104332954,50.4466105228474,37.65317040845796,497.43952026367185,511.4636856079102,478.16841796875,,TORNTPOWER.NS,2025-01-15 10:59:14.074671
444,2023-03-27 00:00:00+05:30,496.1831291729123,496.62484720466455,475.275721468738,478.2204284667969,648980,0.0,0.0,2023-03-27,511.06614990234374,14.591430631326464,525.6575805336702,496.47471927101725,540.2490111649967,481.8832886396908,-169.403307798017,0.8664998830013778,15934744,671622.3292615556,547788.7085128253,483.62039025858047,48.00645211483573,483.3736657133998,491.4716099580616,470.1224842221351,504.72279144932634,462.0245399774733,512.8207356939881,448.77335848620856,-0.09374604967583071,-95.44072648474953,4.687013857310205,10.828457015662687,-6.141443158352482,38.492648391150404,40.38122888818204,498.9707763671875,511.06614990234374,,,TORNTPOWER.NS,2025-01-15 10:59:14.074671
445,2023-03-24 00:00:00+05:30,505.50800208046263,507.7165321866394,491.2752525073234,493.6310119628906,410113,0.0,0.0,2023-03-24,511.5323944091797,13.60210416979033,525.13449857897,497.93029023938936,538.7366027487603,484.32818606959904,-149.24516279446385,31.936742064000995,16583724,438098.39423914946,516830.3033256427,483.70422047497215,55.493388047306645,497.5409322189512,503.806611930579,487.36533225126294,513.9822118982672,481.09965253963514,520.2478916098951,470.9240525719469,-0.07177287295525639,-95.15152791147287,7.777345895867256,12.363817805250806,-4.586471909383549,45.054851740755645,42.43736083425998,507.3828186035156,511.5323944091797,,,TORNTPOWER.NS,2025-01-15 10:59:14.074671
446,2023-03-23 00:00:00+05:30,504.624558841974,514.047656439411,502.0234371447713,505.998779296875,356863,0.0,0.0,2023-03-23,511.51521759033204,13.626095682814297,525.1413132731464,497.88912190751773,538.7674089559606,484.2630262247034,-132.47035940974914,53.009422214483344,16993837,390765.92004865926,536513.2805972659,483.60587087071247,62.21875173935921,507.3566242936858,512.6898114426003,500.66559214796064,519.3808435883254,495.33240499904616,524.7140307372399,488.641372853321,-0.005912448429806027,-83.83970666013208,10.098359814618732,13.51043578259669,-3.412075967977959,51.61355603709576,45.19682605285896,513.7531982421875,511.51521759033204,,,TORNTPOWER.NS,2025-01-15 10:59:14.074671
447,2023-03-22 00:00:00+05:30,509.4342930199845,511.1520387093583,504.0356637105242,507.4220886230469,437653,0.0,0.0,2023-03-22,510.55328063964845,14.67475534756537,525.2280359872138,495.87852529208305,539.9027913347792,481.2037699445177,-196.32395647383208,55.516491734640525,17350700,480579.19725921913,572950.1207344176,483.4111410215738,68.85665844015104,507.5365970143098,511.0375303180954,503.9211553192613,514.6529720131439,500.4202220154757,518.1539053169295,496.8047803204272,-0.007712780651431809,-72.63731148042079,11.698917824451712,14.36345477459118,-2.6645369501394676,52.42707194612029,46.76667325873563,519.6622436523437,510.55328063964845,,,TORNTPOWER.NS,2025-01-15 10:59:14.074671
448,2023-03-21 00:00:00+05:30,521.5566674327015,524.8449595493021,507.4221096908416,509.5815734863281,411254,0.0,0.0,2023-03-21,510.16065521240233,14.866731962700884,525.0273871751032,495.29392324970144,539.8941191378041,480.42719128700054,-163.5780221810487,70.51489671621789,17788353,453512.7902640563,596042.8516032172,483.15231006055285,69.82066724210864,513.9495475754906,520.4769854601395,503.05413560167904,531.372397433951,496.52669771703006,537.8998353186,485.63128574321854,0.04179990568058236,-65.91871035456289,13.43068636060815,15.029589012126044,-1.5989026515178946,53.620830588851234,48.71585718917831,523.8044616699219,510.16065521240233,,,TORNTPOWER.NS,2025-01-15 10:59:14.074671
449,2023-03-20 00:00:00+05:30,523.1762801981821,527.8877994449401,518.3175016364369,520.2806396484375,378019,0.0,0.0,2023-03-20,509.3465866088867,15.338393655198912,524.6849802640857,494.0081929536878,540.0233739192845,478.6697992984889,-10.290749248764097,89.56565551844808,18199607,425615.0570622773,631675.3669380074,482.8818558050166,75.90116005818807,522.1619802432715,526.0064588501061,516.4361610416029,531.7322780517748,512.5916824347682,535.5767566586094,506.8658632330996,0.062491113541753095,-40.100472076696846,15.231703077779002,15.429314675005516,-0.19761159722651378,59.89404148407349,50.3384883058705,525.5221923828125,509.3465866088867,,,TORNTPOWER.NS,2025-01-15 10:59:14.074671
450,2023-03-17 00:00:00+05:30,537.8997812607525,539.8629191485655,523.617965108956,525.48291015625,723764,0.0,0.0,2023-03-17,507.7709030151367,15.768675975362473,523.5395789904992,492.0022270397742,539.3082549658617,476.23355106441176,89.73150536410854,108.58470561232782,18577626,823040.6075759302,683190.4444069399,482.5267366413131,80.63098634068379,529.6545981379239,535.6912311668918,519.4462771272823,545.8995521775335,513.4096440983144,551.9361852065014,503.2013230876728,0.0633026776445685,-25.567241768703298,16.25307094852809,15.478717574312142,0.7743533742159485,63.23238315747529,50.320766211586154,525.7774047851562,507.7709030151367,,,TORNTPOWER.NS,2025-01-15 10:59:14.074671
451,2023-03-16 00:00:00+05:30,524.4522889629055,537.899795840973,523.6179793020559,535.5440063476562,391132,0.0,0.0,2023-03-16,506.06772766113284,15.593541047938146,521.661268709071,490.47418661319466,537.2548097570091,474.88064556525654,120.89411622383373,120.81920807993122,19301390,453298.415648359,648227.9036146923,481.7313215904903,85.98920301527416,532.3539271635617,541.0898750250675,526.8080584861505,546.6357437024787,518.0721106246447,555.3716915639845,512.5262419472334,0.18065659302945283,-4.340008505362057,16.80212785502806,15.285129230758153,1.5169986242699078,70.26822559999434,49.27773979909606,525.8853881835937,506.06772766113284,,,TORNTPOWER.NS,2025-01-15 10:59:14.074671
452,2023-03-15 00:00:00+05:30,518.9064662275272,532.0103881713512,517.2868534433618,528.1331787109375,512885,0.0,0.0,2023-03-15,503.6155471801758,14.534491786342967,518.1500389665188,489.0810553938328,532.6845307528617,474.5465636074899,80.6264740428374,115.42243086754729,18910258,586177.4926012256,696960.2756062755,481.1873865594549,86.43670021749212,525.8101401085502,534.3334267737386,519.6098920457491,540.5336748365396,511.08660538056074,549.056961501728,504.8863573177597,0.4540087563856775,-7.669925983438304,16.259643847453503,14.905879574690676,1.3537642727628274,67.81910471757391,48.241605921278925,523.4805419921875,503.6155471801758,,,TORNTPOWER.NS,2025-01-15 10:59:14.074671
453,2023-03-14 00:00:00+05:30,521.2130665638122,526.8570875294279,515.9616971077143,518.1702270507812,470282,0.0,0.0,2023-03-14,499.2480102539063,19.165697264331275,518.4137075182375,480.082312989575,537.5794047825689,460.91661572524373,56.87613677886416,111.5375899438477,18397373,527347.0264309916,724655.9713575379,480.5567916250785,70.8709557483515,520.3296705626411,524.697644017568,513.8022535958544,531.2250609843547,509.4342801409275,535.5930344392816,502.90686317414077,0.45467695056779267,-25.61451510306457,16.048595925501445,14.567438506499968,1.4811574190014767,64.1313609440278,47.40004713694302,522.0474487304688,499.2480102539063,,,TORNTPOWER.NS,2025-01-15 10:59:14.074671
454,2023-03-13 00:00:00+05:30,526.121021802193,531.4705852186066,518.2194027664991,521.5567016601562,893291,0.0,0.0,2023-03-13,495.39791107177734,22.59238208245221,517.9902931542296,472.8055289893251,540.5826752366818,450.2131469068729,93.32942858341394,,18867655,1008231.304951415,773983.2075891744,480.0877434741021,77.37455836701069,523.7488965484207,529.2783903303423,516.0272078782348,537.0000790005282,510.4977140963132,542.5295727824498,502.77602542612726,0.4755398293519388,-19.092667801401777,16.51642987187364,14.1971491517496,2.3192807201240413,66.54132023228334,46.758528369653305,520.6438171386719,495.39791107177734,,,TORNTPOWER.NS,2025-01-15 10:59:14.074671
455,2023-03-10 00:00:00+05:30,518.2684084369056,526.9552697278701,518.2684084369056,526.0228271484375,367313,0.0,0.0,2023-03-10,491.17835235595703,25.18200434051347,516.3603566964705,465.9963480154436,541.542361036984,440.8143436749301,117.48984065249898,,19760946,418125.4279301296,715421.1832486142,479.0816390554653,78.08609297398382,523.7488351044044,529.2292617719032,520.5424004809387,532.435696395369,515.0619738134399,537.9161230628678,511.85553918997414,0.5085274015338951,-2.572008434989114,16.531633714837824,13.617328971718589,2.914304743119235,69.75062138641721,45.64208181157067,516.5997497558594,491.17835235595703,,,TORNTPOWER.NS,2025-01-15 10:59:14.074671
456,2023-03-09 00:00:00+05:30,520.7223278478936,527.2497853278859,518.3174719389377,523.519775390625,556576,0.0,0.0,2023-03-09,486.55223236083987,26.884861135021026,513.4370934958608,459.66737122581884,540.3219546308819,432.7825100907978,149.0048463748689,,19393633,630555.4095533394,789745.1220782353,478.60862755953696,70.21454030820152,523.0290108858162,527.7405498326947,518.8082364437465,531.9613242747644,514.096697496868,536.6728632216428,509.87592305479836,0.4837499324757696,-7.819025278874041,15.860774250319764,12.88875278593878,2.972021464380985,68.97348020145145,44.65017108902246,512.6145690917969,486.55223236083987,,,TORNTPOWER.NS,2025-01-15 10:59:14.074671
457,2023-03-08 00:00:00+05:30,509.43427741274877,524.6976623743828,507.96192400982176,520.9677124023438,730588,0.0,0.0,2023-03-08,482.1959396362305,27.628008911427678,509.8239485476582,454.5679307248028,537.4519574590859,426.9399218133751,159.08132562819122,,18837057,823662.0037636949,829542.5502094592,477.91225401344695,75.11905443533158,517.8757662621828,527.7896085145437,511.0538701499827,534.6115046267439,501.1400278976217,544.5253468791049,494.3181317854216,0.4929579117952132,-8.260845058920909,15.008068756739249,12.145747419843532,2.8623213368957163,68.19967706418704,43.57326225205118,507.3533630371094,482.1959396362305,,,TORNTPOWER.NS,2025-01-15 10:59:14.074671
458,2023-03-06 00:00:00+05:30,505.5080472055216,515.7654554852307,501.6308375798627,511.1520690917969,475485,0.0,0.0,2023-03-06,477.69236450195314,28.308078443744584,506.0004429456977,449.38428605820855,534.3085213894423,421.07620761446395,150.01978265115184,,18106469,525959.8989855062,831012.6868209002,477.0177239635218,87.37159386151663,509.51612071896346,517.4014038580642,503.2667859526962,523.6507386243316,495.38150281359543,531.5360217634322,489.13216804732815,0.4924765676439655,-9.017655477332058,13.940291884914018,11.430167085619603,2.510124799294415,65.08592060688,42.526992243870446,502.5633117675781,477.69236450195314,,,TORNTPOWER.NS,2025-01-15 10:59:14.074671
459,2023-03-03 00:00:00+05:30,508.94352446568695,513.55691072929,499.47138964457,501.33636474609375,636927,0.0,0.0,2023-03-03,473.59276580810547,29.132450653299536,502.725216461405,444.4603151548059,531.8576671147046,415.3278645015064,135.1674420040288,,17630984,691010.3563576493,907275.8837797487,476.54984336332114,87.30921619542055,504.78822170665126,510.1050537687325,496.01953268401246,518.8737427913713,490.7027006219312,524.1905748534525,481.93401159929243,0.49255925891188335,-15.4228318320887,13.328689520738465,10.802635885795999,2.526053634942466,61.59397219108734,41.832284698033696,499.1278137207031,473.59276580810547,,,TORNTPOWER.NS,2025-01-15 10:59:14.074671
460,2023-03-02 00:00:00+05:30,497.21373686230214,508.4527132590478,495.20153250808806,506.096923828125,818769,0.0,0.0,2023-03-02,469.90196990966797,30.09266893747907,499.99463884714703,439.8093009721889,530.0873077846261,409.71663203470985,157.8854973945617,,18267911,896728.0977686287,961342.2656352734,476.0862255891866,87.14653645989044,503.2503898650869,511.29924722208574,498.048066471126,516.5015706160466,489.99920911412715,524.5504279730455,484.79688572016624,0.5242690535759922,-3.1249539277131624,13.310401474579294,10.171122477060381,3.139278997518913,64.49746427697926,41.19982668094313,496.3696044921875,469.90196990966797,,,TORNTPOWER.NS,2025-01-15 10:59:14.074671
461,2023-03-01 00:00:00+05:30,497.01744929808956,500.15845199962297,493.9255130625538,497.2137451171875,334566,0.0,0.0,2023-03-01,465.9586776733398,30.26683516900791,496.2255128423477,435.69184250433193,526.4923480113556,405.425007335324,101.28874478966225,,17449142,359990.151138866,977495.8076019346,475.34685473922025,86.76132311007035,497.09923672645476,500.2729603903557,494.04002145328656,503.3321756635239,490.8662977893856,506.50589932742486,487.8070825162174,0.5159713051326109,-10.244215642360993,12.616471544151466,9.386302727680652,3.2301688164708136,61.340576551418565,40.79297021041275,493.80771484375,465.9586776733398,,,TORNTPOWER.NS,2025-01-15 10:59:14.074671
462,2023-02-28 00:00:00+05:30,493.82735688868195,504.77184495949484,491.029879321317,497.0174560546875,683583,0.0,0.0,2023-02-28,462.28834075927733,30.72458433106748,493.0129250903448,431.56375642820984,523.7375094214123,400.83917209714235,141.24077867412146,,17114576,735239.083666363,1131872.2217177018,475.1244787311552,88.25691871920962,497.6063934451665,504.1829075690159,490.4409419308381,511.3483590833443,483.86442780698866,517.9248732071937,476.6989762926603,0.5016971371231241,-10.510264983655883,12.411730801057445,8.578760523562948,3.8329702774944963,61.26854946090661,40.8517009210632,491.71697387695315,462.28834075927733,,,TORNTPOWER.NS,2025-01-15 10:59:14.074671
463,2023-02-27 00:00:00+05:30,487.8397728606829,495.49599876257014,483.61903831696947,493.9745788574219,373184,0.0,0.0,2023-02-27,459.1365997314453,30.203200976250724,489.33980070769604,428.93339875519456,519.5430016839467,398.7301977789439,41.69818877674645,,16430993,398926.8835962933,1231030.5062305364,474.65992692054857,87.99935947445447,491.02987197898716,498.44070564100485,486.5637451954042,502.90683242458783,479.1529115333865,510.3176660866055,474.6867847498035,0.5223568726062678,-10.197402277827091,11.980875578538473,7.620517954189324,4.360357624349149,60.222537925012425,40.91494937868676,492.22739868164064,459.1365997314453,,,TORNTPOWER.NS,2025-01-15 10:59:14.074671
464,2023-02-24 00:00:00+05:30,493.9255168983406,497.3610082878618,486.46558674721604,487.5453186035156,260551,0.0,0.0,2023-02-24,455.42808685302737,30.253938949745304,485.68202580277267,425.17414790328206,515.935964752518,394.92020895353676,44.96597540201811,,16057809,274899.16729389405,1439056.411889097,474.43356246131054,86.81025346012437,490.4573045461978,494.44902234517957,483.5536008045338,501.3527260868436,479.56188300555203,505.34444388582534,472.65817926388803,0.5005332990130371,-17.795233268845347,11.547399213399558,6.530428548102035,5.016970665297523,57.99445125434868,41.590779857433596,492.0925231933594,455.42808685302737,,,TORNTPOWER.NS,2025-01-15 10:59:14.074671
465,2023-02-23 00:00:00+05:30,483.9135038722803,496.67390052611324,481.4595814388509,493.2874755859375,683218,0.0,0.0,2023-02-23,452.2652862548828,30.025214423926652,482.29050067880945,422.2400718309562,512.3157151027361,392.2148574070295,50.481297433929655,,16318360,729331.6792354527,1730095.7230378974,474.3253891256984,87.8874271502281,490.4736525169672,499.48772359508354,484.27340450782117,505.6879716042296,475.25933342970484,514.7020426823459,469.0590854205588,0.49199298318284757,-10.596414868981478,11.450642237380634,5.2761858817776535,6.174456355602981,60.8183279024714,41.92217381996174,492.33685302734375,452.2652862548828,,,TORNTPOWER.NS,2025-01-15 10:59:14.074671
466,2023-02-22 00:00:00+05:30,486.85820317002504,495.495998018418,479.54550245085164,486.7600402832031,1563125,9.0,0.0,2023-02-22,450.02584075927734,28.432581724345187,478.45842248362254,421.59325903493215,506.89100420796774,393.16067731058695,49.9200303874913,,15635142,1646547.7003668922,1980286.7339885086,473.9061030469439,86.78255545743933,487.2671802508242,494.98885805079675,479.0383624832304,503.21767581839055,471.31668468325785,510.9393536183631,463.08786691566405,0.47216049066518734,-17.83103978751713,10.58775394803638,3.7325717928769073,6.855182155159472,58.69365204436983,42.32160803968707,491.96323852539064,450.02584075927734,,,TORNTPOWER.NS,2025-01-15 10:59:14.074671
467,2023-02-21 00:00:00+05:30,494.7952283813058,501.7397345885693,489.58686344316027,499.569580078125,898392,0.0,0.0,2023-02-21,448.5347427368164,27.158145559927885,475.6928882967443,421.3765971768885,502.85103385667213,394.21845161696064,84.50170232192698,,17198267,971242.2146185765,2063721.4923939125,473.2211815673677,92.0114992117072,496.96539270328486,504.34392196340946,492.1910508180004,509.1182638486939,484.8125215578758,516.4967931088186,480.03817967259135,0.4627428993854582,-2.583237723811912,9.965428418796137,2.0187762540870393,7.946652164709097,65.12675368804193,42.821068555406,491.91130981445315,448.5347427368164,,,TORNTPOWER.NS,2025-01-15 10:59:14.074671
468,2023-02-20 00:00:00+05:30,490.88891883882246,499.5213222390147,487.12729447071973,493.3002014160156,1255526,0.0,0.0,2023-02-20,447.23505859375,25.13380377586711,472.36886236961715,422.1012548178829,497.5026661454842,396.9674510420158,97.21132371678519,,16299875,1340302.0836688064,2336841.3118377463,472.3887678893756,89.80614873776018,493.3162727085833,499.5052509464469,487.11122317815193,505.7103004768783,480.92224494028835,511.89927871474185,474.71719540985697,0.49364395722640086,-7.606148993566128,7.756126232332747,0.03211321290976499,7.724013019422982,63.298454081993775,42.031670658692285,480.1538818359375,447.23505859375,,,TORNTPOWER.NS,2025-01-15 10:59:14.074671
469,2023-02-17 00:00:00+05:30,490.64777991660844,493.92708882879145,485.24650117417514,488.7669677734375,937022,0.0,0.0,2023-02-17,444.75384826660155,22.676205022484634,467.4300532890862,422.0776432441169,490.1062583115708,399.4014382216323,120.42132676210731,,15044349,991099.6535242455,2585976.1188799813,471.4228515064684,89.33717585789395,489.31351925880136,493.3805373434276,484.6999496888113,497.9941069134177,480.63293160418505,502.0611249980439,476.01936203419496,0.513753730163112,-7.124906481040141,5.427471691654318,-1.8988900419459804,7.326361733600299,61.96051737911649,41.27811750202835,469.727490234375,444.75384826660155,,,TORNTPOWER.NS,2025-01-15 10:59:14.074671
470,2023-02-16 00:00:00+05:30,486.1145812569001,494.21651449219723,482.4976572892149,491.4194030761719,2642615,0.0,0.0,2023-02-16,442.2943405151367,20.18162093889139,462.4759614540281,422.1127195762453,482.6575823929195,401.9310986373539,185.38523136543628,,15981371,2810294.8344172365,2984695.235218915,470.8035992716959,90.88531932469189,489.3778582858613,496.2580592825077,484.53920207952535,501.09671548884364,477.65900108287894,507.97691648549005,472.820344876543,0.4776140376101377,-3.556130262530496,2.8103086355599203,-3.730480475346055,6.540789110905975,63.21226140077717,40.71429192510259,459.4072021484375,442.2943405151367,,,TORNTPOWER.NS,2025-01-15 10:59:14.074671
471,2023-02-15 00:00:00+05:30,476.8552658281303,489.1528077261216,464.60596724540306,486.5003967285156,13087706,0.0,0.0,2023-02-15,440.8499816894531,17.310227373000796,458.1602090624539,423.53975431645233,475.4704364354547,406.2295269434515,304.2048091479967,,13338756,13778832.430143634,3028295.3354193345,468.4953014625444,87.53204289772076,480.0863905666801,495.56681388795715,471.01997340723864,504.6332310473986,455.5395500859616,520.1136543686757,446.4731329265201,0.46582028120929414,-3.6041944920296096,-0.8442582787326387,-5.365677753072548,4.521419474339909,61.88476409638994,40.10709514995178,447.8234069824219,440.8499816894531,,,TORNTPOWER.NS,2025-01-15 10:59:14.074671
472,2023-02-14 00:00:00+05:30,441.3129105607264,442.80792336872446,434.3201913236471,440.7824401855469,417319,0.0,0.0,2023-02-14,439.79624938964844,14.851965062286826,454.64821445193525,424.94428432736163,469.5001795142221,410.09231926507476,111.66285169062351,,251050,398068.7931523735,340661.0617382589,446.08264279056164,43.17170598479986,439.30351829263947,444.2868452616318,435.7991132165545,447.7912503377168,430.81578624756213,452.77457730670915,427.31138117147714,0.05912273527692663,-38.1065924789171,-5.0259719865997,-6.496032621657526,1.470060635057826,44.650041867995306,39.67078300258024,437.80211181640624,439.79624938964844,,,TORNTPOWER.NS,2025-01-15 10:59:14.074671
473,2023-02-13 00:00:00+05:30,437.1655203170412,442.66325622945226,433.0663400382824,441.1682434082031,388405,0.0,0.0,2023-02-13,440.86203918457034,15.668816397219318,456.53085558178964,425.19322278735103,472.199671979009,409.5244063901317,144.56480149664114,,668369,370812.8233361632,326309.1288847302,446.30171358788886,32.10398932710619,438.96594655864595,444.8655530790095,435.26863688783965,448.5628627498158,429.3690303674761,454.4624692701793,425.6717206966698,0.024349118596341354,-57.41789124902976,-5.8011556047644035,-6.863547780421982,1.0623921756575783,44.81053613298751,42.57807050716198,435.8248657226562,440.86203918457034,,,TORNTPOWER.NS,2025-01-15 10:59:14.074671
474,2023-02-10 00:00:00+05:30,432.63230436524174,438.3711686215871,430.9926498881441,437.16552734375,159007,0.0,0.0,2023-02-10,,,,,,,126.42576792986354,,279964,150427.70904175035,315183.205271872,446.5070927300899,49.942938334905946,435.5097819511604,440.02691401417667,432.64839528073367,442.8883006846034,428.1312632177174,447.40543274761967,425.26987654729066,,-64.0738423666639,-6.743725015028247,-7.1291458243363754,0.38542080930812883,42.854250423919844,45.68898012793744,433.42323608398436,,,,TORNTPOWER.NS,2025-01-15 10:59:14.074671
475,2023-02-09 00:00:00+05:30,436.39396656396394,437.9371639858114,432.7287991005659,433.50042724609375,475733,0.0,0.0,2023-02-09,,,,,,,127.9359784359119,,120957,446291.3784366501,356372.0793294024,446.6626421558368,45.831201275574934,434.7221301108237,436.7154611210815,431.50709623583595,439.9304949960692,429.51376522557814,441.92382600632703,426.2987313505904,,-70.16838584624719,-7.4541149503816655,-7.225501026663408,-0.22861392371825762,41.07474647332717,48.44452503613232,431.4942199707031,,,,TORNTPOWER.NS,2025-01-15 10:59:14.074671
476,2023-02-08 00:00:00+05:30,430.89618499594155,437.50310496729867,425.59136346829143,436.3939208984375,216545,0.0,0.0,2023-02-08,,,,,,,37.678268034359384,,596690,204499.63713728043,333892.2545525904,447.35275238541544,36.65976396770158,433.16279644467585,440.73422942106026,428.822487922053,445.0745379436831,421.2510549456686,452.6459709200675,416.9107464230458,,-65.35691483529605,-7.8897313739000765,-7.168347545733843,-0.7213838281662337,42.0318087472145,51.614913721554764,430.2403503417969,,,,TORNTPOWER.NS,2025-01-15 10:59:14.074671
477,2023-02-07 00:00:00+05:30,429.16009798198604,433.1145779817888,421.97446390844686,430.8962097167969,293974,0.0,0.0,2023-02-07,,,,,,,-33.84602966091221,,380145,274124.14171661873,366240.4089064179,447.62068713939266,36.157238391413514,428.6617505356775,435.3490371629082,424.20892308956627,439.80186460901945,417.5216364623356,446.4891512362501,413.06880901622435,,-74.49883154750984,-8.612876300470418,-6.988001588692284,-1.6248747117781344,39.54239903881012,54.97276225933999,427.72296752929685,,,,TORNTPOWER.NS,2025-01-15 10:59:14.074671
478,2023-02-06 00:00:00+05:30,426.2665560524142,433.21103238148356,424.5786582076637,429.16009521484375,155197,0.0,0.0,2023-02-06,,,,,,,-39.711551676083914,,86171,144134.63219745565,389269.47570386773,448.1948533272525,38.700236097545925,428.9832619346637,433.3878656616637,424.7554914878438,437.61563610848356,420.3508877608438,442.02023983548355,416.12311731402394,,-77.38574460193217,-8.866781562804647,-6.58178291074775,-2.2849986520568972,38.76994408836765,58.01904166418565,428.3402526855469,,,,TORNTPOWER.NS,2025-01-15 10:59:14.074671
479,2023-02-03 00:00:00+05:30,428.6296309948648,429.44947304593865,417.7306443511456,427.52044677734375,212893,0.0,0.0,2023-02-03,,,,,,,-67.04077728905602,,-69026,196962.68751657227,450553.18658047076,448.5462116738341,37.57460926059118,424.9001880581427,432.0697317651398,420.35090307034676,436.61901675293575,413.18135936334966,443.78856045993285,408.6320743755537,,-80.11224822456579,-8.886531090709752,-6.010533247733525,-2.8759978429762274,,61.55546492175363,426.46909790039064,,,,TORNTPOWER.NS,2025-01-15 10:59:14.074671
480,2023-02-02 00:00:00+05:30,423.8070400184879,432.1018583650956,420.04544490624806,427.2310791015625,337596,0.0,0.0,2023-02-02,,,,,,,-72.82778069036415,,-281919,312123.0338437337,513950.81134644535,449.09243616700275,,426.4594607909687,432.87347667568935,420.8170632168418,438.51587424981625,414.40304733212116,444.9298901345369,408.76064975799426,,,-8.61569153273291,-5.291533786989468,-3.3241577457434426,,64.88437886264647,425.8228698730469,,,,TORNTPOWER.NS,2025-01-15 10:59:14.074671
481,2023-02-01 00:00:00+05:30,434.0790644116901,443.3866384208537,418.7433135796903,423.8070068359375,469072,0.0,0.0,2023-02-01,,,,,,,-77.8078336929855,,-619515,430202.89797084744,564407.7557221232,450.0317323706429,,428.64565294549385,438.5479923112974,413.904667470134,453.28897778665726,404.00232810433045,463.1913171524608,389.26134262897057,,,-8.109895713424521,-4.460494350553606,-3.6494013628709148,,68.6757848552504,430.0763671875,,,,TORNTPOWER.NS,2025-01-15 10:59:14.074671
482,2023-01-31 00:00:00+05:30,419.5631543949991,436.34567468387894,419.514940518909,433.9826354980469,416986,0.0,0.0,2023-01-31,,,,,,,-88.22016016959601,,-150443,391615.1785805541,597958.9701599422,451.69672286779036,,429.94775023361154,440.3805599483141,423.54982578334415,446.7784843985815,413.1170160686416,457.21129411328405,406.7190916183742,,,-7.002227347188864,-3.5481440098358767,-3.454083337352987,,72.75883746267002,436.70258178710935,,,,TORNTPOWER.NS,2025-01-15 10:59:14.074671
483,2023-01-30 00:00:00+05:30,421.97447573570327,425.5913998134379,415.56046959144123,419.8043212890625,703156,0.0,0.0,2023-01-30,,,,,,,-161.51774576611973,,-567429,638799.0783991717,649544.9180547892,452.7562980546064,,420.31873023131385,425.07699087118647,415.0460606491898,430.3496604533105,410.2878000093172,435.1079210931831,405.0151304271932,,,-6.48012707460731,-2.68462317549763,-3.79550389910968,,76.31799940461524,444.62123413085936,,,,TORNTPOWER.NS,2025-01-15 10:59:14.074671
484,2023-01-27 00:00:00+05:30,449.1737622718594,451.48858782405233,422.45673763824743,424.289306640625,406744,0.0,0.0,2023-01-27,,,,,,,,,135727,373464.16035414,652231.3779686935,456.4528778370483,,432.74487736764155,443.03301709703567,414.00116691123077,461.77672755344645,403.71302718183665,472.06486728284057,384.96931672542587,,,-4.3171476433020075,-1.7357472007202102,-2.5814004425817973,,78.64982029634047,449.39556884765625,,,,TORNTPOWER.NS,2025-01-15 10:59:14.074671
485,2023-01-25 00:00:00+05:30,452.3566178516675,456.3111272208733,444.8816417571037,448.4985656738281,540495,0.0,0.0,2023-01-25,,,,,,,,,542471,524588.0925843191,721923.182372332,458.6848581354485,,449.8971115506017,454.91258134409975,443.48309588033015,461.3265970143713,438.4676260868321,466.34206680786934,432.05361041656056,,,-1.9241702977952855,-1.0903970900747606,-0.8337732077205249,,81.58117525387492,452.45307006835935,,,,TORNTPOWER.NS,2025-01-15 10:59:14.074671
486,2023-01-24 00:00:00+05:30,472.61141766470155,475.6978713498227,455.6359812657425,456.9380798339844,835225,0.0,0.0,2023-01-24,,,,,,,,,1082966,825898.2136862713,771256.9548193353,459.71959341009483,,462.75731081651656,469.87864036729064,449.8167502832104,482.8192009005968,442.69542073243633,489.9405304513709,429.7548601991302,,,-1.2155252632908287,-0.8819537881446293,-0.33357147514619934,,86.74939635764967,455.2598022460937,,,,TORNTPOWER.NS,2025-01-15 10:59:14.074671
487,2023-01-23 00:00:00+05:30,441.31292462441877,475.4084660848906,440.7824542323344,473.5758972167969,2251975,0.0,0.0,2023-01-23,,,,,,,,,1918191,2307909.8725253902,757596.6401026011,460.23751570950145,,463.25560584467394,485.7287574570135,451.10274560445725,497.8816176972302,428.6295939921177,520.3547693095697,416.476733751901,,,-1.120992102110506,-0.7985609193580795,-0.32243118275242655,,92.92602092988541,456.95733642578125,,,,TORNTPOWER.NS,2025-01-15 10:59:14.074671
488,2023-01-20 00:00:00+05:30,437.21374578257695,448.4985600347104,435.4294202204429,443.6759948730469,488458,0.0,0.0,2023-01-20,,,,,,,,,-333784,468984.88715354307,370018.33199690375,446.78952469272525,,442.5346583760667,449.6398965316905,436.570756717423,455.6037981903342,429.46551856179923,462.709036345958,423.50161690315554,,,-2.6215492046321742,-0.7179531236699728,-1.9035960809622015,,99.62182870414235,454.66180419921875,,,,TORNTPOWER.NS,2025-01-15 10:59:14.074671
489,2023-01-19 00:00:00+05:30,458.143688542988,459.0117443817281,438.2265003911448,439.5768127441406,1145506,0.0,0.0,2023-01-19,,,,,,,,,-822242,1089677.1230431048,345276.6932077439,447.66097877473055,,445.6050191723378,452.9835379535308,432.1982939629475,466.3902631629211,424.8197751817545,473.7687819441141,411.4130499723642,,,-1.5583092156030602,-0.2420541034294224,-1.3162551121736379,,99.61751321359212,,,,,TORNTPOWER.NS,2025-01-15 10:59:14.074671
490,2023-01-18 00:00:00+05:30,465.85980839631475,467.7406206388366,461.3748285502273,462.5322265625,138196,0.0,0.0,2023-01-18,,,,,,,,,323264,138325.7900391856,159176.58574890366,463.1039338907253,,463.88255858385463,466.390288617482,460.02449652887265,470.24835067246397,457.5167664952453,472.7560807060913,453.6587044402633,,,0.23027824085841075,0.08700967461398705,0.1432685662444237,,99.61587311554842,,,,,TORNTPOWER.NS,2025-01-15 10:59:14.074671
491,2023-01-17 00:00:00+05:30,462.0017412506471,467.6923622392567,458.3366035114347,465.4257507324219,163214,0.0,0.0,2023-01-17,,,,,,,,,461460,164389.28467633313,164389.28467633313,463.275146273015,,463.8182388277044,469.29987414397414,459.94411541615216,473.1739975555264,454.46248009988244,478.6556328717961,450.5883566883302,,,0.2559626652644056,0.05119253305288112,0.20477013221152446,,100.0,,,,,TORNTPOWER.NS,2025-01-15 10:59:14.074671
492,2023-01-16 00:00:00+05:30,464.94353209277176,467.3066009820023,460.2174237489148,462.0982360839844,298246,0.0,0.0,2023-01-16,,,,,,,,,298246,,,462.0982360839844,,463.2074202716338,466.19741679435276,459.1082395612653,470.29659750472126,456.1182430385463,473.28659402744023,452.0190623281778,,,0.0,0.0,0.0,,,,,,,TORNTPOWER.NS,2025-01-15 10:59:14.074671
