Trading Day,Date,Open,High,Low,Close,Volume,Dividends,Stock Splits,date_only,RollingMean,RollingStd,UpperBand1,LowerBand1,UpperBand2,LowerBand2,CCI_10,CCI_40,OBV,VPT,VPT_signal,VWAP,MFI_14,PP,R1,S1,R2,S2,R3,S3,CMF,%R,macd,macd_signal,macde_histogram,rsi,ADX,sma_5,sma_20,sma_50,sma_100,symbol,created_on
1,2025-09-05 00:00:00+05:30,10.789999961853027,10.789999961853027,10.350000381469727,10.380000114440918,113260,0.0,0.0,2025-09-05,10.094499969482422,0.35289002013490656,10.447389989617328,9.741609949347517,10.800280009752235,9.38871992921261,74.31626128507743,76.5132329343239,14475514,75847.66535236001,157471.50776009666,29.431285896004006,54.76859777130482,10.506666819254557,10.663333257039387,10.223333676656086,10.946666399637857,10.066667238871256,11.103332837422688,9.783334096272785,-0.21122825977624654,-46.28568376813616,0.05318574138139809,-0.03600046485664992,0.08918620623804802,52.58100773723058,15.938862020017822,10.406000137329102,10.094499969482422,10.281599998474121,10.972100028991699,VIPULLTD.NS,2025-09-05 11:40:00.952979
2,2025-09-04 00:00:00+05:30,11.1899995803833,11.1899995803833,10.550000190734863,10.760000228881836,502599,0.0,0.0,2025-09-04,10.136499977111816,0.43018090038676493,10.56668087749858,9.706319076725052,10.996861777885346,9.276138176338286,178.58856420774194,128.12142635433338,14588774,348900.99064747035,177877.4683620308,29.43909448916991,65.94969891117371,10.833333333333334,11.116666475931805,10.476667086283367,11.473332722981771,10.193333943684896,11.756665865580242,9.83666769663493,-0.2448004176620963,-24.57139151436942,0.04316491653704979,-0.05829701641616192,0.10146193295321171,58.05813240732434,16.208056762744942,10.268000030517578,10.136499977111816,10.31359998703003,10.973900032043456,VIPULLTD.NS,2025-09-05 11:40:00.952979
3,2025-09-03 00:00:00+05:30,10.59000015258789,10.800000190734863,10.510000228881836,10.800000190734863,172784,0.0,0.0,2025-09-03,10.16599998474121,0.4911041369099163,10.657104121651127,9.674895847831294,11.148208258561043,9.183791710921378,269.29960193857204,105.23463982969213,15091373,120391.43438425391,135121.5877906709,29.47313060640021,68.44206169471656,10.703333536783854,10.896666844685871,10.606666882832844,10.993333498636881,10.413333574930826,11.186666806538899,10.316666920979817,-0.1774754680623583,-0.0,-0.007743043459170096,-0.08366249965446484,0.07591945619529475,58.6553367609257,15.975024295659168,10.102000045776368,10.16599998474121,10.333399982452393,10.969900026321412,VIPULLTD.NS,2025-09-05 11:40:00.952979
4,2025-09-02 00:00:00+05:30,10.09000015258789,10.289999961853027,9.779999732971191,10.289999961853027,269496,0.0,0.0,2025-09-02,10.166499996185303,0.4917882241693696,10.658288220354672,9.674711772015934,11.150076444524043,9.182923547846563,148.28882613255072,8.673038007801143,14918589,178910.56965932567,138804.1261422751,29.484835173817977,49.90188160637554,10.119999885559082,10.460000038146973,9.949999809265137,10.630000114440918,9.609999656677246,10.970000267028809,9.4399995803833,-0.139342328126279,-34.61536486473599,-0.07674273025108214,-0.10264236370328852,0.02589963345220639,52.92206076413443,16.487802373258283,9.944000053405762,10.166499996185303,10.34779998779297,10.967700023651123,VIPULLTD.NS,2025-09-05 11:40:00.952979
5,2025-09-01 00:00:00+05:30,9.6899995803833,10.079999923706055,9.6899995803833,9.800000190734863,72661,0.0,0.0,2025-09-01,10.167000007629394,0.49192546244311286,10.658925470072507,9.67507454518628,11.15085093251562,9.183149082743167,-51.07533125422214,-34.54052417558064,14649093,45940.504119934645,128777.51526301245,29.50361952608674,44.95357511141092,9.856666564941406,10.023333549499512,9.633333206176758,10.24666690826416,9.466666221618652,10.413333892822266,9.243332862854004,-0.15697122422036114,-72.30764942056958,-0.11369317443189608,-0.1091172720663401,-0.004575902365555981,46.27549976450515,17.24802035556051,9.920000076293945,10.167000007629394,10.367999992370606,10.972800025939941,VIPULLTD.NS,2025-09-05 11:40:00.952979
6,2025-08-29 00:00:00+05:30,10.180000305175781,10.180000305175781,9.520000457763672,9.6899995803833,109674,0.0,0.0,2025-08-29,10.167500019073486,0.49153772631402515,10.659037745387511,9.675962292759461,11.150575471701536,9.184424566445436,-93.87960194329284,-45.4037951751718,14576432,68563.93638573935,149486.7680487819,29.508819743441684,41.84796039195537,9.796666781107584,10.073333104451496,9.413333257039387,10.456666628519693,9.136666933695475,10.733332951863606,8.753333409627277,-0.14277864669733162,-80.769233590752,-0.1110207630164215,-0.1079732964749511,-0.003047466541470395,44.64643995149524,17.476962025943838,9.897999954223632,10.167500019073486,10.402799987792969,10.985100021362305,VIPULLTD.NS,2025-09-05 11:40:00.952979
7,2025-08-28 00:00:00+05:30,9.699999809265137,10.100000381469727,9.699999809265137,9.930000305175781,38802,0.0,0.0,2025-08-28,10.150500059127808,0.5142749831292456,10.664775042257054,9.636225075998562,11.1790500253863,9.121950092869316,-53.076116256485754,-32.84948984980781,14686106,24858.31431235041,169717.47596454254,29.516717952740994,38.40830035837532,9.910000165303549,10.12000052134196,9.719999949137371,10.310000737508139,9.509999593098959,10.52000109354655,9.319999376932781,-0.10031211666093381,-71.17644088904846,-0.09508374036628275,-0.1072114298395835,0.012127689473300743,47.568706748760874,17.72351459404896,9.907999992370605,10.150500059127808,10.435399990081788,10.996400022506714,VIPULLTD.NS,2025-09-05 11:40:00.952979
8,2025-08-26 00:00:00+05:30,10.199999809265137,10.279999732971191,9.800000190734863,10.010000228881836,167277,0.0,0.0,2025-08-26,10.099500036239624,0.583243967833133,10.682744004072756,9.516256068406491,11.26598797190589,8.933012100573357,15.839891608147497,-21.65008418635929,14724908,108028.56827655934,205932.26637759054,29.51947995589087,48.08326544091052,10.03000005086263,10.259999910990398,9.78000036875407,10.509999593098959,9.550000508626303,10.739999453226726,9.300000826517742,-0.07007101709128039,-76.9230531628972,-0.0968752942579183,-0.11024335220790868,0.01336805794999038,48.55234937492629,18.359218447846064,9.889999961853027,10.099500036239624,10.467999992370606,11.00320001602173,VIPULLTD.NS,2025-09-05 11:40:00.952979
9,2025-08-25 00:00:00+05:30,9.880000114440918,10.170000076293945,9.720000267028809,10.170000076293945,159486,0.0,0.0,2025-08-25,10.023500013351441,0.6855753562400537,10.709075369591496,9.337924657111387,11.394650725831548,8.652349300871334,8.843628274211596,-26.663631583179583,14892185,104643.39562373025,230408.19090284832,29.53134732389401,49.95697430562469,10.020000139872232,10.320000012715656,9.87000020345052,10.46999994913737,9.570000330607096,10.769999821980793,9.420000394185383,-0.10900192781383812,-70.4453272473217,-0.10557999901056725,-0.11358536669540627,0.008005367684839018,50.49135158849434,19.251528043402818,9.911999893188476,10.023500013351441,10.503799991607666,11.007200012207031,VIPULLTD.NS,2025-09-05 11:40:00.952979
10,2025-08-22 00:00:00+05:30,9.989999771118164,9.989999771118164,9.619999885559082,9.6899995803833,116932,0.0,0.0,2025-08-22,9.951999998092651,0.7417590533859508,10.693759051478601,9.210240944706701,11.435518104864553,8.46848189132075,-111.58505191324593,-56.88193615466338,14732699,73101.35683441174,261849.3897226278,29.54258256962799,51.931794615863325,9.766666412353516,9.91333293914795,9.543333053588867,10.136666297912598,9.396666526794434,10.283332824707031,9.173333168029785,-0.15626122733172354,-89.87854360434027,-0.13088252265855083,-0.115586708616616,-0.015295814041934822,44.29399251509709,19.954459077042216,9.835999870300293,9.951999998092651,10.537399997711182,11.007600011825561,VIPULLTD.NS,2025-09-05 11:40:00.952979
11,2025-08-21 00:00:00+05:30,10.130000114440918,10.130000114440918,9.699999809265137,9.739999771118164,143490,0.0,0.0,2025-08-21,9.925500011444091,0.7608339747751549,10.686333986219246,9.164666036668937,11.4471679609944,8.403832061893782,-81.92510867989985,-50.667096165786084,14849631,90167.26239727404,309036.3979446818,29.5510326268045,53.56701716821765,9.856666564941406,10.013333320617676,9.583333015441895,10.286666870117188,9.426666259765625,10.443333625793457,9.153332710266113,-0.18688754794482293,-87.85424460314991,-0.11402157572183746,-0.11176275510613229,-0.002258820615705176,44.836873960998425,20.28681635335113,9.960000038146973,9.925500011444091,10.577399997711181,11.014900016784669,VIPULLTD.NS,2025-09-05 11:40:00.952979
12,2025-08-20 00:00:00+05:30,10.119999885559082,10.260000228881836,9.75,9.84000015258789,364542,0.0,0.0,2025-08-20,9.921000003814697,0.7622537059422937,10.683253709756992,9.158746297872403,11.445507415699284,8.39649259193011,-63.08671481104504,-44.54553639779019,14993121,231425.37649191616,363753.68183153373,29.561385595486797,55.02365030845873,9.950000127156576,10.150000254313152,9.640000025431316,10.460000356038412,9.43999989827474,10.660000483194988,9.12999979654948,-0.17842104135604742,-83.8056466007692,-0.09563111584157191,-0.11119804995220599,0.015566934110634076,45.88121019886131,20.78184859025346,10.057999992370606,9.921000003814697,10.613400001525878,11.023900022506714,VIPULLTD.NS,2025-09-05 11:40:00.952979
13,2025-08-19 00:00:00+05:30,9.4399995803833,10.270000457763672,9.4399995803833,10.119999885559082,529900,0.0,0.0,2025-08-19,9.917999982833862,0.7627072153362625,10.680707198170126,9.155292767497599,11.443414413506387,8.392585552161338,-72.0157955988737,-47.74971496516595,15357663,345973.41544243647,396835.7581664381,29.587603508240225,54.42872670975924,9.943333307902018,10.446667035420734,9.616666158040363,10.773334185282389,9.113332430521647,11.276667912801106,8.786665280659992,-0.16782640664255052,-65.56777516477958,-0.08048532044504597,-0.1150897834798645,0.034604463034818525,48.83883925201649,21.39722259608787,10.039999961853027,9.917999982833862,10.642999992370605,11.034100017547608,VIPULLTD.NS,2025-09-05 11:40:00.952979
14,2025-08-18 00:00:00+05:30,10.25,10.630000114440918,9.789999961853027,9.789999961853027,406607,0.0,0.0,2025-08-18,9.909999990463257,0.7613147795125508,10.671314769975808,9.148685210950706,11.43262954948836,8.387370431438155,-65.3850408400668,-38.51118306432746,14827763,256818.2267412374,409551.34384743846,29.62529641214462,59.63944511608843,10.070000012715658,10.350000063578289,9.509999910990398,10.910000165303549,9.229999860127768,11.19000021616618,8.669999758402508,-0.20919549793389652,-61.44927544244271,-0.08745036942779194,-0.12374089923856912,0.03629052981077718,44.95560906728923,22.059933063909543,9.979999923706055,9.909999990463257,10.66260000228882,11.043800020217896,VIPULLTD.NS,2025-09-05 11:40:00.952979
15,2025-08-14 00:00:00+05:30,10.5,10.739999771118164,10.25,10.3100004196167,792829,0.0,0.0,2025-08-14,9.917000007629394,0.7607968010578138,10.677796808687207,9.15620320657158,11.438593609745022,8.395406405513766,-5.322214703978461,-7.9181948936216004,15234370,527359.1821086645,447734.6231239887,29.654809349493195,58.15405934012349,10.433333396911621,10.616666793823242,10.126667022705078,10.923333168029785,9.943333625793457,11.106666564941406,9.636667251586914,-0.17833395862656504,-44.568227292191985,-0.06254274466301801,-0.13281353169126342,0.07027078702824541,50.572149346331685,23.317008525538338,10.045999908447266,9.917000007629394,10.692200012207032,11.059100017547607,VIPULLTD.NS,2025-09-05 11:40:00.952979
16,2025-08-13 00:00:00+05:30,10.029999732971191,10.229999542236328,9.789999961853027,10.229999542236328,847731,0.0,0.0,2025-08-13,9.900499963760376,0.7553841220855838,10.65588408584596,9.145115841674793,11.411268207931544,8.389731719589209,-47.135544456497534,-40.58610655175635,14441541,559502.4349638424,427828.4833778197,29.71109590462815,50.16080471188924,10.083333015441895,10.376666069030762,9.936666488647461,10.523332595825195,9.643333435058594,10.816665649414062,9.49666690826416,-0.11986870375258461,-46.79666389330749,-0.08091798615055446,-0.15038122844832477,0.06946324229777032,49.67393512918648,24.75497274047261,10.11399974822998,9.900499963760376,10.707000007629395,11.067000017166137,VIPULLTD.NS,2025-09-05 11:40:00.952979
17,2025-08-12 00:00:00+05:30,10.229999542236328,10.3100004196167,9.470000267028809,9.75,1411546,0.0,0.0,2025-08-12,9.882999992370605,0.7513925163081714,10.634392508678776,9.131607476062435,11.385785024986948,8.380214959754262,-62.54968001777893,-63.79427142401881,13593810,887907.9677419369,394909.995481314,29.771893361292037,40.82532137054548,9.84333356221517,10.216666857401531,9.37666670481364,10.68333371480306,9.00333340962728,11.056667009989422,8.53666655222575,-0.25962932185350973,-60.167124111542165,-0.0953389591289433,-0.16774703902276733,0.07240807989382403,44.004672805337314,26.080920374738504,10.311999893188476,9.882999992370605,10.722400016784668,11.078000020980834,VIPULLTD.NS,2025-09-05 11:40:00.952979
18,2025-08-11 00:00:00+05:30,10.119999885559082,10.619999885559082,9.739999771118164,9.819999694824219,263703,0.0,0.0,2025-08-11,9.906999969482422,0.7545798157819067,10.66157978526433,9.152420153700515,11.416159601046235,8.397840337918609,-16.23415613504248,-48.36829149794099,15005356,167068.60513059582,271660.5024161582,29.87648014734208,50.03555973171676,10.059999783833822,10.37999979654948,9.499999682108562,10.93999989827474,9.179999669392904,11.259999910990398,8.619999567667644,-0.3080019083085292,-58.21727197090204,-0.06508496265938213,-0.18584905899622334,0.12076409633684121,44.6863528957263,27.508863980871006,10.631999969482422,9.906999969482422,10.752000007629395,11.096200017929077,VIPULLTD.NS,2025-09-05 11:40:00.952979
19,2025-08-08 00:00:00+05:30,10.3100004196167,10.600000381469727,10.109999656677246,10.119999885559082,295748,0.0,0.0,2025-08-08,9.954500007629395,0.7783416578932241,10.732841665522619,9.176158349736172,11.511183323415842,8.397816691842948,18.305096806883792,-32.84867502698953,15269059,193094.821042215,297808.4767375488,29.896071772118933,50.96115440884361,10.276666641235352,10.443333625793457,9.953332901000977,10.766667366027832,9.786665916442871,10.933334350585938,9.463332176208496,-0.2653638227018274,-49.86072105213384,-0.0322584528415053,-0.21604008308043363,0.18378163023892832,47.622173815976005,29.48553912888255,10.830000114440917,9.954500007629395,10.783000011444091,11.116100025177001,VIPULLTD.NS,2025-09-05 11:40:00.952979
20,2025-08-07 00:00:00+05:30,11.020000457763672,11.140000343322754,10.649999618530273,10.649999618530273,568849,0.0,0.0,2025-08-07,9.967000007629395,0.783132170426864,10.750132178056258,9.18386783720253,11.533264348483122,8.400735666775667,68.56044540922358,9.204047325349256,15564807,390854.2989033121,323986.89066138223,29.917760723204168,52.579295284795826,10.8133331934611,10.976666768391926,10.486666043599445,11.30333391825358,10.32333246866862,11.466667493184406,9.996665318806965,-0.23757651417979878,-35.09749791998062,-0.019287281740357543,-0.2619854906401657,0.24269820889980814,53.37472114589597,31.249598153009533,10.866000175476074,9.967000007629395,10.810800018310546,11.135500030517578,VIPULLTD.NS,2025-09-05 11:40:00.952979
21,2025-08-06 00:00:00+05:30,11.699999809265137,11.90999984741211,11.029999732971191,11.220000267028809,979574,0.0,0.0,2025-08-06,9.948000049591064,0.7701922100145207,10.718192259605585,9.177807839576543,11.488384469620105,8.407615629562024,133.53829167233425,54.1384451995393,16133656,709085.1962306127,307270.03860089974,29.95849143993231,60.89391103414164,11.386666615804037,11.743333498636883,10.863333384195965,12.266666730244955,10.506666501363119,12.6233336130778,9.983333269755047,-0.17895586242816078,-19.220043204898115,-0.05458496393013945,-0.32266004286511774,0.2680750789349783,60.696736366967464,32.079538492094464,10.69800033569336,9.948000049591064,10.829600028991699,11.152100038528442,VIPULLTD.NS,2025-09-05 11:40:00.952979
22,2025-08-05 00:00:00+05:30,11.020000457763672,11.350000381469727,10.359999656677246,11.350000381469727,398695,0.0,0.0,2025-08-05,9.912000036239624,0.7229881028298893,10.634988139069513,9.189011933409734,11.357976241899403,8.466023830579845,150.98981664130605,23.85612894191008,17113230,291947.6388445213,206816.2491934715,30.02695342584081,51.47690977469723,11.020000139872232,11.680000623067219,10.689999898274738,12.010000864664713,10.029999415079752,12.6700013478597,9.699999173482258,-0.15869290695270966,-0.0,-0.15508607599599955,-0.38967881259886233,0.23459273660286278,62.51287197425108,32.10932834325755,10.324000358581543,9.912000036239624,10.837200031280517,11.165600032806397,VIPULLTD.NS,2025-09-05 11:40:00.952979
23,2025-08-04 00:00:00+05:30,10.640000343322754,10.8100004196167,10.050000190734863,10.8100004196167,444232,0.0,0.0,2025-08-04,9.8875,0.6786355270064379,10.566135527006438,9.208864472993561,11.244771054012876,8.530228945987123,140.00001756768162,-13.973842863271102,16714535,309816.00686497893,185533.40178070907,30.05476789197406,39.02635488589526,10.55666700998942,11.063333829243977,10.30333360036214,11.316667238871256,9.796666781107584,11.823334058125813,9.543333371480305,-0.24972262173044246,-0.0,-0.29421120686623325,-0.448326996749578,0.15411578988334473,57.62196410484777,32.90989514530144,9.83600025177002,9.8875,10.840200023651123,11.18030002593994,VIPULLTD.NS,2025-09-05 11:40:00.952979
24,2025-08-01 00:00:00+05:30,10.300000190734863,10.300000190734863,9.899999618530273,10.300000190734863,141782,0.0,0.0,2025-08-01,9.896499967575073,0.6925641191895209,10.589064086764594,9.203935848385552,11.281628205954114,8.511371729196032,110.61059921526646,-46.41451862525862,16270303,94216.42755114663,154462.7505096416,30.086754460934657,25.827921784405717,10.166666666666666,10.433333714803059,10.033333142598469,10.566667238871256,9.766666094462076,10.833334287007649,9.633332570393879,-0.34966328600294905,-22.656243306120093,-0.41469397352719994,-0.4868559442204141,0.07216197069321417,52.14661649989974,34.67964951424351,9.372000122070313,9.896499967575073,10.855000019073486,11.194300022125244,VIPULLTD.NS,2025-09-05 11:40:00.952979
25,2025-07-31 00:00:00+05:30,9.65999984741211,9.8100004196167,9.59000015258789,9.8100004196167,83873,0.0,0.0,2025-07-31,9.937499952316283,0.7403333448638162,10.677833297180099,9.197166607452468,11.418166642043916,8.45683326258865,49.896523638001504,-83.70926340708363,16128521,53083.49452867824,169524.33124926535,30.0972564425403,26.452877119934996,9.736666997273764,9.883333841959637,9.663333574930828,9.956667264302572,9.516666730244955,10.103334108988445,9.44333330790202,-0.3653550805153855,-41.79685622803243,-0.5124378874907229,-0.5048964368937177,-0.007541450597005284,45.91194693721785,37.0537187753898,9.060000038146972,9.937499952316283,10.88480001449585,11.207600021362305,VIPULLTD.NS,2025-09-05 11:40:00.952979
26,2025-07-30 00:00:00+05:30,9.25,9.350000381469727,9.180000305175781,9.350000381469727,280669,0.0,0.0,2025-07-30,9.989999914169312,0.7675456585988104,10.757545572768123,9.2224542555705,11.525091231366932,8.454908596971691,-21.536893087296455,-126.19651313011849,16044648,169306.79077849875,198634.5404294121,30.10362817396888,28.738696221873,9.293333689371744,9.406667073567707,9.236666997273762,9.46333376566569,9.123333613077799,9.576667149861652,9.066666920979817,-0.38896367795104286,-59.76560477284115,-0.5815579530991908,-0.5030110742444663,-0.07854687885472444,38.98189346356501,38.35490502273727,8.929999923706054,9.989999914169312,10.92920000076294,11.220300016403199,VIPULLTD.NS,2025-09-05 11:40:00.952979
27,2025-07-29 00:00:00+05:30,8.489999771118164,8.90999984741211,8.460000038146973,8.90999984741211,246396,0.0,0.0,2025-07-29,10.082999897003173,0.7979981990202476,10.88099809602342,9.285001697982926,11.678996295043667,8.487003498962679,-104.19579040999109,-184.32541557615065,15763979,141637.95628406177,205966.4778421404,30.12546337188793,22.9019266052579,8.759999910990397,9.05999978383382,8.609999974568684,9.209999720255533,8.31000010172526,9.509999593098957,8.160000165303547,-0.4739823403209599,-76.95312281721307,-0.6159380643546601,-0.4833743545307852,-0.13256370982387494,31.146284000880286,38.28853255221994,8.989999771118164,10.082999897003173,10.987799987792968,11.232400016784668,VIPULLTD.NS,2025-09-05 11:40:00.952979
28,2025-07-28 00:00:00+05:30,8.699999809265137,9.170000076293945,8.319999694824219,8.489999771118164,690816,0.0,0.0,2025-07-28,10.22749991416931,0.835204897024658,11.062704811193969,9.392295017144653,11.897909708218627,8.557090120119994,-157.57291922593836,-216.18372288239928,15517583,378388.8827022435,222048.60823166004,30.145076919621587,16.657915623107826,8.65999984741211,9.0,8.149999618530273,9.510000228881836,7.809999465942383,9.850000381469727,7.299999237060547,-0.5372103026913844,-94.27609222190361,-0.6072892441328133,-0.4502334270748164,-0.15705581705799687,22.302617101405033,36.45839409586323,9.16399974822998,10.22749991416931,11.060399990081788,11.248000020980834,VIPULLTD.NS,2025-09-05 11:40:00.952979
29,2025-07-25 00:00:00+05:30,8.989999771118164,8.989999771118164,8.699999809265137,8.739999771118164,438189,0.0,0.0,2025-07-25,10.408999919891357,0.8321684271996524,11.24116834709101,9.576831492691705,12.073336774290663,8.744663065492052,-205.1978303085308,-229.96532033152363,16208399,247082.04901332283,182963.53961401418,30.201352404749592,18.38761592471336,8.809999783833822,8.919999758402508,8.62999979654948,9.09999974568685,8.519999821980795,9.209999720255535,8.339999834696453,-0.5068021640459294,-98.4615401544512,-0.5456511373329693,-0.41096947281031715,-0.13468166452265218,24.00692291456562,34.4874757582483,9.457999801635742,10.408999919891357,11.146599998474121,11.273400020599365,VIPULLTD.NS,2025-09-05 11:40:00.952979
30,2025-07-24 00:00:00+05:30,9.649999618530273,9.899999618530273,9.15999984741211,9.15999984741211,418311,0.0,0.0,2025-07-24,10.559999942779541,0.7861030377546182,11.346102980534159,9.773896905024923,12.132206018288777,8.987793867270305,-150.6916016331515,-190.9205094169089,16646588,247208.30297876216,166933.912264187,30.23678738224883,34.799331541670625,9.40666643778483,9.653333028157551,8.913333257039387,10.146666208902994,8.666666666666666,10.393332799275715,8.173333485921223,-0.4947145690981285,-100.0,-0.48308945306146,-0.37729905667965413,-0.10579039638180587,27.25615629536243,32.77135622530329,9.695999908447266,10.559999942779541,11.223800010681153,11.302200021743774,VIPULLTD.NS,2025-09-05 11:40:00.952979
31,2025-07-23 00:00:00+05:30,9.890000343322754,9.890000343322754,9.5,9.649999618530273,165527,0.0,0.0,2025-07-23,10.702499961853027,0.7772277721872105,11.479727734040237,9.925272189665817,12.256955506227449,9.148044417478605,-111.22242087248043,-176.49193457190245,17064899,103053.90237783633,146865.3145855432,30.270061180558812,40.460090805717094,9.679999987284342,9.859999974568684,9.46999963124593,10.070000330607096,9.289999643961588,10.250000317891438,9.079999287923176,-0.43293390635692963,-92.02129737237378,-0.43703564581762144,-0.35085145758420266,-0.08618418823341878,31.939229537846387,31.540354114458555,9.859999847412109,10.702499961853027,11.282200012207031,11.333000020980835,VIPULLTD.NS,2025-09-05 11:40:00.952979
32,2025-07-22 00:00:00+05:30,10.09000015258789,10.09000015258789,9.699999809265137,9.779999732971191,168743,0.0,0.0,2025-07-22,10.81899995803833,0.7857406968246853,11.604740654863015,10.033259261213644,12.3904813516877,9.247518564388958,-87.94326353062665,-170.9668233778392,17230426,106471.38677037164,157818.16763746992,30.28295046668903,39.71945146220314,9.856666564941406,10.013333320617676,9.623332977294922,10.24666690826416,9.466666221618652,10.40333366394043,9.233332633972168,,-92.48554467191133,-0.4197086178531677,-0.32930541052584794,-0.09040320732731977,33.35091072103069,30.79022431353813,9.905999946594239,10.81899995803833,11.324200019836425,11.364200029373169,VIPULLTD.NS,2025-09-05 11:40:00.952979
33,2025-07-21 00:00:00+05:30,9.949999809265137,10.180000305175781,9.649999618530273,9.960000038146973,140277,0.0,0.0,2025-07-21,10.91749997138977,0.7719958742773143,11.689495845667084,10.145504097112456,12.461491719944398,9.373508222835142,-92.13481709315573,-178.03073875272105,17399169,90139.28550652548,170654.86285424448,30.296023881181664,38.83870615798022,9.929999987284342,10.21000035603841,9.679999669392902,10.46000067392985,9.399999300638834,10.740001042683918,9.149998982747395,,-85.44599047131656,-0.4039685915352358,-0.30670460869401794,-0.09726398284121784,35.36034179548747,30.37393573320554,9.995999908447265,10.91749997138977,11.358000030517578,11.399400033950805,VIPULLTD.NS,2025-09-05 11:40:00.952979
34,2025-07-18 00:00:00+05:30,10.319999694824219,10.319999694824219,9.8100004196167,9.930000305175781,144298,0.0,0.0,2025-07-18,10.995499992370606,0.7486161132939452,11.74411610566455,10.24688387907666,12.492732218958496,9.498267765782716,-93.33616855129218,-182.17380214864573,17258892,92443.8183249198,190783.75719117423,30.30680911776045,39.0980066383693,10.020000139872232,10.229999860127766,9.720000584920246,10.529999415079752,9.510000864664713,10.739999135335285,9.210001309712727,,-93.53611905336044,-0.3954231546904179,-0.2823886129837135,-0.1130345417067044,34.75193066854297,29.925624954385828,10.157999992370605,10.995499992370606,11.386600036621093,11.437900037765504,VIPULLTD.NS,2025-09-05 11:40:00.952979
35,2025-07-17 00:00:00+05:30,10.149999618530273,10.149999618530273,9.819999694824219,9.979999542236328,200800,0.0,0.0,2025-07-17,11.06399998664856,0.7075413850515758,11.771541371700135,10.356458601596984,12.47908275675171,9.648917216545408,-117.4734478036929,-205.50006403385404,17403190,129289.28439232631,215368.7419077378,30.317931828479693,39.13562608167076,9.983332951863607,10.146666208902996,9.816666285196941,10.313332875569662,9.653333028157553,10.47666613260905,9.486666361490887,,-91.63500746077878,-0.37553662692693024,-0.25412997755703737,-0.12140664936989287,35.265635772498584,29.755002441133893,10.245999908447265,11.06399998664856,11.406600036621093,11.483400030136108,VIPULLTD.NS,2025-09-05 11:40:00.952979
36,2025-07-16 00:00:00+05:30,10.09000015258789,10.1899995803833,9.760000228881836,9.880000114440918,528700,0.0,0.0,2025-07-16,11.142000007629395,0.6665512325672657,11.80855124019666,10.47544877506213,12.475102472763927,9.808897542494863,-159.36796147155633,-232.5796900793593,17202390,337003.6168067691,236888.60628659063,30.333392013084545,35.49962506154948,9.943333307902018,10.1266663869222,9.696667035420734,10.373332659403482,9.513333956400553,10.556665738423664,9.26666768391927,,-95.43726690732136,-0.3493100635625659,-0.22377831521456415,-0.12553174834800174,33.438359248320836,28.890600919036906,10.304000091552734,11.142000007629395,11.426400051116943,11.531800031661987,VIPULLTD.NS,2025-09-05 11:40:00.952979
37,2025-07-15 00:00:00+05:30,10.770000457763672,10.880000114440918,10.229999542236328,10.229999542236328,611645,0.0,0.0,2025-07-15,11.21399998664856,0.5972251883220749,11.811225174970634,10.616774798326485,12.40845036329271,10.01954961000441,-81.67260561003584,-165.68951466079696,17731090,403685.6819362031,211859.85365654598,30.374411377541776,41.64128389462197,10.446666399637857,10.663333257039387,10.013332684834797,11.096666971842447,9.796665827433268,11.313333829243977,9.363332112630207,,-94.32318065798532,-0.3005911097970859,-0.19239537812756372,-0.1081957316695222,36.81579359077739,27.95970697216323,10.42800006866455,11.21399998664856,11.448600044250488,11.5871000289917,VIPULLTD.NS,2025-09-05 11:40:00.952979
38,2025-07-14 00:00:00+05:30,10.399999618530273,10.880000114440918,10.15999984741211,10.770000457763672,168446,0.0,0.0,2025-07-14,11.280500030517578,0.5544031828570952,11.834903213374673,10.726096847660482,12.389306396231769,10.171693664803387,-67.85242698830754,-145.5698765494946,18342735,117042.80626506207,163903.39658663166,30.421257871370784,51.704689087610106,10.603333473205566,11.046667098999023,10.326666831970215,11.323333740234375,9.883333206176758,11.766667366027832,9.606666564941406,,-70.74235425961348,-0.2681313155196623,-0.16534644521018316,-0.10278487030947914,43.044546859150586,27.81938017141079,10.554000091552734,11.280500030517578,11.475400047302246,11.642800035476684,VIPULLTD.NS,2025-09-05 11:40:00.952979
39,2025-07-11 00:00:00+05:30,10.4399995803833,10.600000381469727,10.25,10.369999885559082,204549,0.0,0.0,2025-07-11,11.332000017166138,0.5523214416998834,11.88432145886602,10.779678575466255,12.436642900565904,10.227357133766372,-107.92892584556107,-183.50281391839678,18174289,136849.87784459535,175618.54416702405,30.433851542552564,55.04700428583457,10.40666675567627,10.563333511352539,10.213333129882812,10.756667137145996,10.056666374206543,10.913333892822266,9.863332748413086,,-88.20962844598142,-0.27569225520096374,-0.13965022763281337,-0.13604202756815037,35.54362996761115,27.668259001369698,10.597999954223633,11.332000017166138,11.503600044250488,11.701500024795532,VIPULLTD.NS,2025-09-05 11:40:00.952979
40,2025-07-10 00:00:00+05:30,10.649999618530273,10.739999771118164,10.100000381469727,10.270000457763672,190746,0.0,0.0,2025-07-10,11.40600004196167,0.5144992749766872,11.920499316938358,10.891500766984983,12.434998591915045,10.377001492008295,-125.60949147537123,-201.2616174363927,17969740,126384.613375264,185310.71074763124,30.449477659738726,54.00255327434877,10.370000203450521,10.640000025431316,10.000000635782879,11.009999593098959,9.730000813802084,11.279999415079754,9.360001246134441,,-92.5764157586979,-0.2418013980576177,-0.10563972074077578,-0.13616167731684192,33.51087522200811,26.426107237023345,10.747999954223634,11.40600004196167,11.542200050354005,11.757700023651124,VIPULLTD.NS,2025-09-05 11:40:00.952979
41,2025-07-09 00:00:00+05:30,11.289999961853027,11.289999961853027,10.390000343322754,10.5,446418,0.0,0.0,2025-07-09,11.476999998092651,0.44241094151031746,11.919410939602969,11.034589056582334,12.361821881113286,10.592178115072016,-99.17970027414282,-153.3858392886939,18160486,302412.1935483875,200042.23509072303,30.46414395032115,56.50337803663754,10.726666768391928,11.063333193461101,10.163333574930828,11.626666386922201,9.826667149861654,11.963332811991375,9.263333956400555,,-94.5000171661377,-0.18489874491609903,-0.0715993014115653,-0.11329944350453373,35.93096318584311,25.088405336958044,10.865999794006347,11.476999998092651,11.580000038146972,11.807800016403199,VIPULLTD.NS,2025-09-05 11:40:00.952979
42,2025-07-08 00:00:00+05:30,11.210000038146973,11.300000190734863,10.75,10.859999656677246,166201,0.0,0.0,2025-07-08,11.528999996185302,0.3779572090316526,11.906957205216955,11.15104278715365,12.284914414248608,10.773085578121997,-83.32064309752273,-119.45861907959159,18606904,116447.92277028499,174449.74547630688,30.49816021924714,67.67763093537644,10.96999994913737,11.189999898274738,10.639999707539875,11.520000139872232,10.419999758402506,11.740000089009602,10.089999516805012,,-85.47490051684886,-0.13189607960036298,-0.043274440535431856,-0.08862163906493112,40.1446585110085,24.109699324047607,11.007999801635743,11.528999996185302,11.618200035095215,11.863700017929077,VIPULLTD.NS,2025-09-05 11:40:00.952979
43,2025-07-07 00:00:00+05:30,11.119999885559082,11.369999885559082,10.800000190734863,10.989999771118164,725756,0.0,0.0,2025-07-07,11.55199999809265,0.3479050880305465,11.899905086123198,11.204094910062103,12.247810174153743,10.856189822031558,-92.48456211082102,-109.2196281271522,18773105,514584.4047669448,188950.20115281234,30.510625564357607,71.43933326990896,11.053333282470703,11.306666374206543,10.736666679382324,11.623332977294922,10.483333587646484,11.876666069030762,10.166666984558105,,-78.21232413632535,-0.09749269277645745,-0.02111903076919907,-0.07637366200725837,41.78789840257635,23.727848245014115,11.195999908447266,11.55199999809265,11.637400035858155,11.916400012969971,VIPULLTD.NS,2025-09-05 11:40:00.952979
44,2025-07-04 00:00:00+05:30,10.630000114440918,11.380000114440918,10.600000381469727,11.119999885559082,138671,0.0,0.0,2025-07-04,11.55750002861023,0.33931629762674503,11.896816326236975,11.218183730983485,12.23613262386372,10.87886743335674,-112.3367425106847,-115.86003009828784,19498861,99485.25833099132,107541.65024927919,30.564883052451222,58.131971361408375,11.033333460489908,11.46666653951009,10.686666806538899,11.8133331934611,10.253333727518717,12.246666272481281,9.906667073567707,,-70.94974775580182,-0.06477181193508486,-0.002025615267384477,-0.06274619666770037,43.43897841966629,23.417313467811525,11.42199993133545,11.55750002861023,11.664200038909913,11.96020001411438,VIPULLTD.NS,2025-09-05 11:40:00.952979
45,2025-07-03 00:00:00+05:30,11.210000038146973,11.210000038146973,10.75,10.859999656677246,217730,0.0,0.0,2025-07-03,11.565000057220459,0.33068509956018116,11.89568515678064,11.234314957660278,12.226370256340822,10.903629858100096,-149.251671114546,-132.79567524637596,19360190,152551.4661450542,109555.74822885115,30.575215352392764,52.05271278719166,10.93999989827474,11.12999979654948,10.669999758402508,11.399999936421713,10.479999860127768,11.589999834696453,10.209999720255535,,-93.29270526526969,-0.03470081952349169,0.013660933899540617,-0.048361753423032304,38.9600171586637,23.082891400054887,11.55,11.565000057220459,11.700400047302246,11.996000013351441,VIPULLTD.NS,2025-09-05 11:40:00.952979
46,2025-07-02 00:00:00+05:30,11.609999656677246,11.779999732971191,11.210000038146973,11.210000038146973,230623,0.0,0.0,2025-07-02,11.57450008392334,0.3115406836588962,11.886040767582235,11.262959400264444,12.197581451241133,10.951418716605547,-74.90734098358926,-43.6793173517498,19577920,166792.50572887564,98806.81874980038,30.591677568926897,65.35110679304825,11.399999936421713,11.589999834696453,11.020000139872234,11.969999631245932,10.830000241597494,12.159999529520672,10.450000445048016,,-89.39391859526732,0.029931016325521753,0.025751372255298693,0.00417964407022306,43.24015019537786,22.160593573809418,11.780000114440918,11.57450008392334,11.732000045776367,12.030100021362305,VIPULLTD.NS,2025-09-05 11:40:00.952979
47,2025-07-01 00:00:00+05:30,12.390000343322754,12.390000343322754,11.699999809265137,11.800000190734863,92288,0.0,0.0,2025-07-01,11.56400008201599,0.3275972668877586,11.89159734890375,11.236402815128232,12.219194615791508,10.908805548240473,67.14101902798623,67.48235538201048,19808543,70257.96242597036,81810.39700503155,30.6088347828012,77.98023463785793,11.963333447774252,12.226667086283367,11.53666655222575,12.653333981831869,11.273332913716635,12.916667620340984,10.846666018168133,,-44.69695929763366,0.07775611683102213,0.02470646123774293,0.0530496555932792,52.22013003121591,22.00560368405018,11.934000015258789,11.56400008201599,11.74600004196167,12.068000020980834,VIPULLTD.NS,2025-09-05 11:40:00.952979
48,2025-06-30 00:00:00+05:30,11.8100004196167,12.34000015258789,11.5,12.119999885559082,122854,0.0,0.0,2025-06-30,11.535500049591064,0.3307642417244611,11.866264291315526,11.204735807866603,12.197028533039987,10.873971566142142,87.50001759165272,74.48210442334478,19900831,96063.9010284179,84698.50564979685,30.61549999188696,84.16940292893038,11.986666679382324,12.473333358764648,11.633333206176758,12.826666831970215,11.146666526794434,13.313333511352539,10.793333053588867,,-17.32284942764543,0.07970253931681448,0.011444047339423127,0.06825849197739135,58.31997473046158,22.999747419495847,11.923999977111816,11.535500049591064,11.737000045776368,12.107900018692016,VIPULLTD.NS,2025-09-05 11:40:00.952979
49,2025-06-27 00:00:00+05:30,11.760000228881836,12.010000228881836,11.760000228881836,11.760000228881836,66889,0.0,0.0,2025-06-27,11.498000049591065,0.30229994990298154,11.800299999494046,11.195700099688084,12.102599949397028,10.893400149785101,58.48448585398477,45.054771205275465,19777977,50749.33260062439,81857.15680514158,30.624229041369617,84.33269919868162,11.84333356221517,11.926666895548504,11.676666895548504,12.09333356221517,11.59333356221517,12.176666895548504,11.426666895548504,,-21.929817957012723,0.04947181423159286,-0.005620575654924714,0.05509238988651757,52.52709553836111,23.90905563445616,11.804000091552734,11.498000049591065,11.71080005645752,12.14610001564026,VIPULLTD.NS,2025-09-05 11:40:00.952979
50,2025-06-26 00:00:00+05:30,12.010000228881836,12.010000228881836,11.979999542236328,12.010000228881836,56477,0.0,0.0,2025-06-26,11.485500049591064,0.29599918606486314,11.781499235655927,11.1895008635262,12.07749842172079,10.893501677461337,101.71535844808845,72.53079051681901,19844866,43760.56664042325,89634.11285627088,30.629077647931812,83.48210279896554,12.0,12.020000457763672,11.989999771118164,12.030000686645508,11.969999313354492,12.05000114440918,11.959999084472656,,-0.0,0.04547226399627746,-0.019393673126554108,0.06486593712283156,57.698177454601556,23.746157465661824,11.71200008392334,11.485500049591064,11.687600059509277,12.190000009536742,VIPULLTD.NS,2025-09-05 11:40:00.952979
51,2025-06-25 00:00:00+05:30,11.979999542236328,11.979999542236328,11.979999542236328,11.979999542236328,81307,0.0,0.0,2025-06-25,11.464500045776367,0.27064199261017463,11.735142038386542,11.193858053166192,12.005784030996717,10.923216060556017,129.2583845798027,64.36773182488469,19788389,62842.440179394216,101102.49941023276,30.63311919111055,84.81406443282299,11.979999542236328,11.979999542236328,11.979999542236328,11.979999542236328,11.979999542236328,11.979999542236328,11.979999542236328,,-0.0,0.015041441892030605,-0.035610157407262,0.0506515992992926,57.22899250406693,24.083562286844256,11.618000030517578,11.464500045776367,11.662600059509277,12.227900009155274,VIPULLTD.NS,2025-09-05 11:40:00.952979
52,2025-06-24 00:00:00+05:30,11.75,11.75,11.670000076293945,11.75,355863,0.0,0.0,2025-06-24,11.445500087738036,0.24463671424008093,11.690136801978117,11.200863373497956,11.934773516218199,10.956226659257874,72.18765456475037,16.962747946888822,19707082,269767.1129032261,110667.51421794239,30.638950050865265,69.48413787454955,11.723333358764648,11.776666641235352,11.696666717529297,11.803333282470703,11.643333435058594,11.856666564941406,11.616666793823242,,-14.159277098062185,-0.021192519418654854,-0.04827305723208515,0.027080537813430297,53.56227155534225,24.340930064458046,11.486000061035156,11.445500087738036,11.634200077056885,12.274300022125244,VIPULLTD.NS,2025-09-05 11:40:00.952979
53,2025-06-23 00:00:00+05:30,11.520000457763672,11.520000457763672,11.069999694824219,11.520000457763672,118371,0.0,0.0,2025-06-23,11.433000087738037,0.2344332876712299,11.667433375409267,11.198566800066807,11.901866663080497,10.964133512395577,-45.8873601013097,-47.92638012626871,19351219,87976.38543135131,70892.61454662145,30.664828510753484,58.94047417983943,11.370000203450521,11.670000712076824,11.219999949137371,11.820000966389975,10.919999440511068,12.120001475016277,10.769999186197918,,-34.51321682753941,-0.04461040103680958,-0.05504319168544272,0.010432790648633145,49.54583692948345,23.786507023162873,11.448000144958495,11.433000087738037,11.60640007019043,12.331800022125243,VIPULLTD.NS,2025-09-05 11:40:00.952979
54,2025-06-20 00:00:00+05:30,11.300000190734863,11.319999694824219,11.300000190734863,11.300000190734863,43060,0.0,0.0,2025-06-20,11.434500074386596,0.2351142299658486,11.669614304352445,11.199385844420748,11.904728534318293,10.9642716144549,-54.94747465673524,-61.01748403033738,19232848,31392.129562131864,66621.67182543899,30.673557069091114,53.61391063065075,11.306666692097982,11.313333193461101,11.293333689371746,11.326666196187338,11.286667188008627,11.333332697550457,11.27333418528239,,-53.98226503534924,-0.05126500059985517,-0.057651389347601,0.00638638874774583,45.34736763721115,22.271812791912513,11.504000091552735,11.434500074386596,11.587600059509278,12.400900020599366,VIPULLTD.NS,2025-09-05 11:40:00.952979
55,2025-06-19 00:00:00+05:30,11.539999961853027,11.539999961853027,11.09000015258789,11.539999961853027,97062,0.0,0.0,2025-06-19,11.459000062942504,0.24565490171738424,11.704654964659888,11.21334516122512,11.950309866377273,10.967690259507735,-25.62434331356911,-49.99683942175825,19275908,72264.22427725032,75429.05739126576,30.676770738170653,54.212614732086635,11.390000025431315,11.689999898274738,11.240000089009602,11.839999834696451,10.940000216166178,12.139999707539875,10.790000279744465,,-32.743349388255965,-0.03734146918758796,-0.05924798653453746,0.021906517346949497,49.52176688547376,21.040381569244488,11.614000129699708,11.459000062942504,11.577600059509278,12.481900014877318,VIPULLTD.NS,2025-09-05 11:40:00.952979
56,2025-06-18 00:00:00+05:30,11.319999694824219,11.359999656677246,11.319999694824219,11.319999694824219,28379,0.0,0.0,2025-06-18,11.483500051498414,0.27663912791542666,11.76013917941384,11.206860923582987,12.036778307329268,10.93022179566756,-24.854305843087566,-61.31499013011104,19178846,20725.82395738174,76220.26566976962,30.683928843336993,50.553960439798246,11.333333015441895,11.34666633605957,11.306666374206543,11.373332977294922,11.293333053588867,11.386666297912598,11.266666412353516,,-52.2123975960658,-0.04258569098673526,-0.06472461587127483,0.02213892488453957,45.23026511349536,19.71422486790969,11.644000053405762,11.483500051498414,11.56740005493164,12.570800018310546,VIPULLTD.NS,2025-09-05 11:40:00.952979
57,2025-06-17 00:00:00+05:30,11.5600004196167,11.600000381469727,11.5600004196167,11.5600004196167,35137,0.0,0.0,2025-06-17,11.531500053405761,0.32571009931127937,11.857210152717041,11.205789954094481,12.18292025202832,10.880079854783203,42.65712366480802,-25.334096056509534,19207225,26205.402241553064,90093.8760978666,30.686046805786628,53.50902416057285,11.573333740234375,11.58666706085205,11.546667098999023,11.613333702087402,11.533333778381348,11.626667022705078,11.506667137145996,,-30.973397553023865,-0.02698795334058346,-0.07025934709240972,0.04327139375182626,49.49261857155416,18.69486703042199,11.688000106811524,11.531500053405761,11.557400054931641,12.672700023651123,VIPULLTD.NS,2025-09-05 11:40:00.952979
58,2025-06-16 00:00:00+05:30,11.800000190734863,11.850000381469727,11.800000190734863,11.800000190734863,72476,0.0,0.0,2025-06-16,11.580500030517578,0.396291635461532,11.97679166597911,11.184208395056046,12.373083301440643,10.787916759594514,112.39362191130085,14.051129573880637,19242362,55175.27831120652,106065.99456194497,30.688637262764228,56.3505127281826,11.816666920979818,11.833333651224773,11.78333346048991,11.866667111714682,11.766666730244955,11.883333841959637,11.733333269755047,,-9.734481905930588,-0.030245649199837743,-0.08107719553036628,0.05083154633052854,54.238816541053225,18.066485791065787,11.639999961853027,11.580500030517578,11.538400039672851,12.762600011825562,VIPULLTD.NS,2025-09-05 11:40:00.952979
59,2025-06-13 00:00:00+05:30,11.850000381469727,11.90999984741211,11.789999961853027,11.850000381469727,227404,0.0,0.0,2025-06-13,11.630500030517577,0.4797419518445817,12.11024198236216,11.150758078672995,12.58998393420674,10.671016126828414,162.31271198640553,22.482276285843778,19314838,173854.03140308036,118788.67362462956,30.69391566746573,51.080854023619594,11.850000063578287,11.910000165303547,11.790000279744465,11.96999994913737,11.730000178019205,12.030000050862629,11.670000394185383,,-5.309686713798991,-0.05759456076309988,-0.09378508211299841,0.03619052134989853,55.26404863838317,17.909209308235184,11.5,11.630500030517577,11.510600032806396,12.840400009155273,VIPULLTD.NS,2025-09-05 11:40:00.952979
60,2025-06-12 00:00:00+05:30,11.6899995803833,11.770000457763672,11.300000190734863,11.6899995803833,138878,0.0,0.0,2025-06-12,11.668000030517579,0.5249822048744313,12.19298223539201,11.143017825643147,12.717964440266442,10.618035620768715,111.19277956074974,-12.273339088999208,19087434,104740.8878531919,105022.33418001686,30.710452717886184,39.91569709390651,11.586666742960611,11.87333329518636,11.403333028157551,12.05666700998942,11.116666475931803,12.343333562215168,10.933332761128742,,-8.080890788957808,-0.09666107146172465,-0.10283271245047303,0.006171640988748381,52.601861570725035,17.739834634417615,11.384000015258788,11.668000030517579,11.477800025939942,12.915300006866454,VIPULLTD.NS,2025-09-05 11:40:00.952979
61,2025-06-11 00:00:00+05:30,11.539999961853027,11.539999961853027,11.539999961853027,11.539999961853027,101793,0.0,0.0,2025-06-11,11.687500047683717,0.5330238916174398,12.220523939301156,11.154476156066277,12.753547830918595,10.621452264448838,93.39182489673368,-15.49333375837297,18948556,75786.53007205851,105092.6957617231,30.720652148832787,33.29765439590305,11.539999961853027,11.539999961853027,11.539999961853027,11.539999961853027,11.539999961853027,11.539999961853027,11.539999961853027,,-39.199981689453125,-0.12945582715127024,-0.10437562269766011,-0.02508020445361013,50.012266053812795,17.10745892393809,11.256000137329101,11.687500047683717,11.452400035858155,12.988100004196166,VIPULLTD.NS,2025-09-05 11:40:00.952979
62,2025-06-10 00:00:00+05:30,11.319999694824219,11.319999694824219,10.869999885559082,11.319999694824219,148716,0.0,0.0,2025-06-10,11.698000049591064,0.532032838301082,12.230032887892147,11.165967211289981,12.762065726193228,10.6339343729889,-42.176007074695065,-61.12307622252714,18846763,108610.64997519233,112419.23718413923,30.728193925072475,26.916795525698774,11.169999758402506,11.46999963124593,11.019999821980793,11.619999567667643,10.71999994913737,11.919999440511067,10.570000012715656,,-57.480333290280335,-0.1547089106083721,-0.09810557158425758,-0.05660333902411453,45.99379295856303,16.905080668991175,11.148000144958496,11.698000049591064,11.43440004348755,13.066300010681152,VIPULLTD.NS,2025-09-05 11:40:00.952979
63,2025-06-09 00:00:00+05:30,11.100000381469727,11.270000457763672,11.100000381469727,11.100000381469727,87699,0.0,0.0,2025-06-09,11.705500078201293,0.5274613731751704,12.232961451376463,11.178038705026124,12.760422824551634,10.650577331850952,-55.614248667799814,-58.22846692009297,18698047,62803.8021583558,113371.38398637593,30.73934931448966,15.921416949970904,11.156667073567709,11.213333765665691,11.043333689371746,11.326667149861654,10.986666997273764,11.383333841959637,10.8733336130778,,-78.66662343343098,-0.16302974251487967,-0.08395473682822893,-0.07907500568665074,41.63717760276715,15.97748525054482,11.130000114440918,11.705500078201293,11.42520004272461,13.150700016021728,VIPULLTD.NS,2025-09-05 11:40:00.952979
64,2025-06-06 00:00:00+05:30,11.270000457763672,11.270000457763672,11.270000457763672,11.270000457763672,203840,0.0,0.0,2025-06-06,11.720000076293946,0.5137478239020409,12.233747900195986,11.206252252391906,12.747495724098028,10.692504428489864,-30.63797462892723,-40.5938547900128,18785746,148211.4124716484,126013.27944338095,30.746008342885943,16.29742672676265,11.270000457763672,11.270000457763672,11.270000457763672,11.270000457763672,11.270000457763672,11.270000457763672,11.270000457763672,,-72.15905334831758,-0.1495461821630748,-0.06418598540656625,-0.08536019675650855,44.1953116553944,15.420283010833177,11.184000015258789,11.720000076293946,11.425000038146973,13.24140001296997,VIPULLTD.NS,2025-09-05 11:40:00.952979
65,2025-06-05 00:00:00+05:30,11.050000190734863,11.050000190734863,10.779999732971191,11.050000190734863,365267,0.0,0.0,2025-06-05,11.70300006866455,0.5346233145731739,12.237623383237725,11.168376754091376,12.772246697810898,10.633753439518204,-140.16303837978438,-76.5760251146039,18581906,260400.02707542945,120463.74618631406,30.761369392499052,20.55374698046404,10.960000038146973,11.140000343322754,10.869999885559082,11.230000495910645,10.6899995803833,11.410000801086426,10.59999942779541,,-87.6712149807828,-0.14675971949671052,-0.04284593621743912,-0.1039137832792714,39.74683897303981,15.167165256852934,11.231999969482422,11.70300006866455,11.426000022888184,13.334600009918212,VIPULLTD.NS,2025-09-05 11:40:00.952979
66,2025-06-04 00:00:00+05:30,11.0,11.100000381469727,11.0,11.0,111341,0.0,0.0,2025-06-04,11.699000072479247,0.5400379884518423,12.23903806093109,11.158962084027404,12.779076049382931,10.618924095575563,-157.80475747546217,-67.94811366952716,18216639,79016.1935483872,85479.67596403521,30.78926738820106,40.15942320316077,11.033333460489908,11.066666920979817,10.96666653951009,11.133333841959635,10.933333079020182,11.166667302449543,10.866666158040363,,-100.0,-0.11930187782259338,-0.016867490397621268,-0.10243438742497211,38.71585717694074,14.201001910226653,11.339999961853028,11.699000072479247,11.427000026702881,13.434300012588501,VIPULLTD.NS,2025-09-05 11:40:00.952979
67,2025-06-03 00:00:00+05:30,11.229999542236328,11.229999542236328,11.15999984741211,11.229999542236328,74909,0.0,0.0,2025-06-03,11.698500061035157,0.540723437249451,12.239223498284607,11.157776623785706,12.779946935534058,10.617053186536255,-120.19505358818041,-45.34156777083324,18327980,54272.7764973795,87095.54656794723,30.79780857088704,46.642866237523066,11.206666310628256,11.253332773844402,11.183333079020183,11.276666005452475,11.136666615804037,11.323332468668621,11.113333384195965,,-96.13261444220866,-0.0774156545034721,0.008741106458621764,-0.08615676096209386,41.76863040470191,13.582366813760618,11.460000038146973,11.698500061035157,11.433600025177002,13.538800020217895,VIPULLTD.NS,2025-09-05 11:40:00.952979
68,2025-06-02 00:00:00+05:30,11.369999885559082,11.5,11.279999732971191,11.369999885559082,23693,0.0,0.0,2025-06-02,11.71550006866455,0.5304662536535766,12.245966322318127,11.185033815010973,12.776432575971704,10.654567561357396,-84.13838272788936,-21.222184505028572,18402889,17379.96176055172,95301.23908558914,30.80349232794374,54.834267886054576,11.383333206176758,11.486666679382324,11.266666412353516,11.603333473205566,11.16333293914795,11.706666946411133,11.046666145324707,,-90.39547839955172,-0.045267101466608395,0.030280296699145226,-0.07554739816575362,43.717000889828384,13.239199836940356,11.514000129699706,11.71550006866455,11.44040002822876,13.645400018692017,VIPULLTD.NS,2025-09-05 11:40:00.952979
69,2025-05-30 00:00:00+05:30,11.510000228881836,11.59000015258789,11.5,11.510000228881836,28272,0.0,0.0,2025-05-30,11.756000089645386,0.5336113082840694,12.289611397929455,11.222388781361317,12.823222706213524,10.688777473077248,-67.0221310444795,-0.08525836206676074,18426582,20994.240417480498,114781.5584168485,30.805277870135566,58.86594446222897,11.533333460489908,11.566666920979817,11.476666768391926,11.623333613077799,11.443333307902018,11.656667073567707,11.386666615804035,,-78.49459994913738,-0.017209259019884016,0.049167146240583624,-0.06637640526046765,45.69632968491155,13.116040591334448,11.550000190734863,11.756000089645386,11.449200038909913,13.755100021362304,VIPULLTD.NS,2025-09-05 11:40:00.952979
70,2025-05-29 00:00:00+05:30,11.59000015258789,11.600000381469727,11.59000015258789,11.59000015258789,70415,0.0,0.0,2025-05-29,11.795500087738038,0.543589179230215,12.339089266968253,11.251910908507822,12.882678446198469,10.708321729277607,-70.00833555551952,9.910487203816132,18454854,52652.249080288864,138228.3879166905,30.807393571606994,62.44125721899539,11.59333356221517,11.596666971842449,11.586666742960613,11.603333791097006,11.583333333333334,11.606667200724285,11.576666514078777,,-72.25132066427666,0.00518611543723857,0.06576124755570054,-0.060575132118461966,46.821160018650154,13.450348362346148,11.6060001373291,11.795500087738038,11.46020004272461,13.868000011444092,VIPULLTD.NS,2025-09-05 11:40:00.952979
71,2025-05-28 00:00:00+05:30,11.600000381469727,11.600000381469727,11.5,11.600000381469727,62457,0.0,0.0,2025-05-28,11.824000072479247,0.5471783885293605,12.371178461008608,11.276821683949887,12.918356849537968,10.729643295420527,-90.43205200835601,9.80268055325389,18525269,46742.01444035198,159622.4226257909,30.81264315824968,58.491758275241395,11.566666920979818,11.633333841959637,11.53333346048991,11.666667302449545,11.466666539510092,11.733334223429363,11.433333079020183,,-58.29785800725117,0.025901623347850844,0.08090503058531602,-0.05500340723746518,46.95531778357573,14.005681037058647,11.694000053405762,11.824000072479247,11.474600048065186,13.98480001449585,VIPULLTD.NS,2025-09-05 11:40:00.952979
72,2025-05-27 00:00:00+05:30,11.5,11.510000228881836,11.3100004196167,11.5,250507,0.0,0.0,2025-05-27,11.864500045776367,0.5595625409054096,12.424062586681776,11.304937504870958,12.983625127587187,10.745374963965547,-115.95553869811015,-0.8527527772804447,18462812,185860.03225806478,187842.52467215064,30.8172994363576,53.47181714540084,11.440000216166178,11.570000012715656,11.37000020345052,11.640000025431315,11.240000406901041,11.769999821980793,11.170000394185383,,-62.553192698183636,0.05104643103522655,0.09465588239468231,-0.043609451359455764,45.50540324434814,14.603731609825955,11.829999923706055,11.864500045776367,11.494000034332275,14.106300010681153,VIPULLTD.NS,2025-09-05 11:40:00.952979
73,2025-05-26 00:00:00+05:30,11.550000190734863,11.699999809265137,11.550000190734863,11.550000190734863,168447,0.0,0.0,2025-05-26,11.880500030517577,0.5531295895621836,12.433629620079762,11.327370440955393,12.986759209641944,10.77424085139321,-87.42135981443127,16.29848298989738,18713319,125520.18594378827,188338.1477756721,30.836095171859796,53.78504973724432,11.600000063578287,11.649999936421711,11.500000317891438,11.74999968210856,11.450000445048014,11.799999554951984,11.350000699361164,,-60.4255253527174,0.09231449615797338,0.10555824523454624,-0.013243749076572858,46.09032209367404,15.046869629369365,12.03799991607666,11.880500030517577,11.52040002822876,14.22510000228882,VIPULLTD.NS,2025-09-05 11:40:00.952979
74,2025-05-23 00:00:00+05:30,11.789999961853027,12.029999732971191,11.779999732971191,11.789999961853027,75840,0.0,0.0,2025-05-23,11.919500017166138,0.5560904197985905,12.475590436964728,11.363409597367548,13.03168085676332,10.807319177568957,-29.394507082700063,43.488411424923385,18881766,57687.3288456087,204042.63823364308,30.848721726645106,53.780337387049286,11.866666475931803,11.953333218892414,11.703333218892414,12.116666475931803,11.616666475931803,12.203333218892414,11.453333218892414,,-50.212770792734545,0.13882715929339007,0.10886918250368945,0.02995797678970062,48.89137598005597,15.978682455052654,12.28799991607666,11.919500017166138,11.533600025177002,14.348200006484985,VIPULLTD.NS,2025-09-05 11:40:00.952979
75,2025-05-22 00:00:00+05:30,12.029999732971191,12.050000190734863,12.029999732971191,12.029999732971191,129646,0.0,0.0,2025-05-22,11.976500034332275,0.5988961369160495,12.575396171248325,11.377603897416225,13.174292308164375,10.778707760500176,13.396895170436029,62.38958910361429,18957606,100622.02228263131,240631.46558065165,30.85434122325161,18.8506114544914,12.036666552225748,12.043333371480305,12.023332913716633,12.05666700998942,12.016666094462076,12.063333829243977,12.003332455952961,,-40.00001623275168,0.17263767995068413,0.10137968830626429,0.07125799164441984,51.81543536766856,16.97632560335124,12.45,11.976500034332275,11.53040002822876,14.473800010681153,VIPULLTD.NS,2025-09-05 11:40:00.952979
76,2025-05-21 00:00:00+05:30,12.279999732971191,12.279999732971191,12.279999732971191,12.279999732971191,434187,0.0,0.0,2025-05-21,11.997000026702882,0.6077750488954534,12.604775075598335,11.389224977807428,13.212550124493788,10.781449928911975,51.64316116787217,90.26706804858179,19087252,343988.1447780368,275633.8264051567,30.863834216902134,18.40297396366772,12.279999732971191,12.279999732971191,12.279999732971191,12.279999732971191,12.279999732971191,12.279999732971191,12.279999732971191,,-29.361720087299737,0.18967332848587048,0.08356519039515933,0.10610813809071115,54.99697093703896,17.528830476929297,12.460000038146973,11.997000026702882,11.511400032043458,14.602000017166137,VIPULLTD.NS,2025-09-05 11:40:00.952979
77,2025-05-20 00:00:00+05:30,12.539999961853027,12.539999961853027,12.539999961853027,12.539999961853027,33696,0.0,0.0,2025-05-20,11.978500032424927,0.6043288967206571,12.582828929145585,11.37417113570427,13.187157825866242,10.769842238983612,94.98290230011486,123.5954959301209,19521439,27261.150884812916,258545.24681193664,30.89527334663734,22.792474885268135,12.539999961853027,12.539999961853027,12.539999961853027,12.539999961853027,12.539999961853027,12.539999961853027,12.539999961853027,,-19.327731765888192,0.18398907049704505,0.05703815587248154,0.1269509146245635,58.463637912582726,17.57366862202049,12.354000091552734,11.978500032424927,11.477000045776368,14.732800025939941,VIPULLTD.NS,2025-09-05 11:40:00.952979
78,2025-05-19 00:00:00+05:30,12.649999618530273,12.970000267028809,12.550000190734863,12.800000190734863,278573,0.0,0.0,2025-05-19,11.919000053405762,0.6047174017348461,12.523717455140607,11.314282651670917,13.128434856875455,10.70956524993607,157.62998101011883,157.7136691957836,19555135,230047.38407313472,316366.27079371753,30.89768355506509,25.5757046274925,12.773333549499512,12.99666690826416,12.576666831970215,13.193333625793457,12.353333473205566,13.416666984558105,12.15666675567627,0.23395458387284984,-8.403352926397584,0.1483177014321253,0.025300427216340658,0.12301727421578465,62.09833857599595,17.018050165897666,12.140000152587891,11.919000053405762,11.435600051879883,14.866200017929078,VIPULLTD.NS,2025-09-05 11:40:00.952979
79,2025-05-16 00:00:00+05:30,12.449999809265137,12.680000305175781,12.0,12.600000381469727,437623,0.0,0.0,2025-05-16,11.819500064849853,0.6157448879876579,12.435244952837511,11.203755176862195,13.050989840825169,10.588010288874537,139.7636921569978,128.25480967614828,19276562,355745.15915741504,337945.9924738632,30.91735105285797,22.669520770299542,12.426666895548502,12.853333791097004,12.173333485921223,13.106667200724283,11.74666659037272,13.533334096272785,11.493333180745442,0.23979916851897,-16.80670585279517,0.07479421847530965,-0.005453891337605505,0.08024810981291515,60.337010645546215,16.396620044936537,11.858000183105469,11.819500064849853,11.40020004272461,15.00230001449585,VIPULLTD.NS,2025-09-05 11:40:00.952979
80,2025-05-15 00:00:00+05:30,11.800000190734863,12.1899995803833,11.789999961853027,12.079999923706055,175855,0.0,0.0,2025-05-15,11.719500064849854,0.6440698028571368,12.36356986770699,11.075430261992716,13.007639670564128,10.431360459135579,84.2856735761501,84.16128047631341,18838939,137053.44429569878,333496.2008029752,30.94867611693581,17.794415769313872,12.019999821980795,12.249999682108562,11.850000063578289,12.419999440511068,11.620000203450521,12.649999300638836,11.450000445048016,0.2000213636210299,-38.655463531776384,-0.0007744143747334675,-0.025515918790834292,0.024741504416100825,55.324698216454024,16.12608192169123,11.52400016784668,11.719500064849854,11.380600032806397,15.145800018310547,VIPULLTD.NS,2025-09-05 11:40:00.952979
81,2025-05-14 00:00:00+05:30,11.520000457763672,11.890000343322754,11.199999809265137,11.75,335751,0.0,0.0,2025-05-14,11.653500080108643,0.6722018860027202,12.325701966111362,10.981298194105923,12.997903852114083,10.309096308103202,4.200326436989867,35.26280160078603,18663084,254520.91935483908,382606.88992979436,30.96165161006661,20.267030961972964,11.613333384195963,12.02666695912679,11.336666425069172,12.30333391825358,10.923332850138346,12.716667493184406,10.646665891011555,0.1818072613616473,-53.68853003643504,-0.046301264162462274,-0.0317012948948595,-0.014599969267602778,51.73005843482843,16.585011899810794,11.30200023651123,11.653500080108643,11.383800029754639,15.300000019073487,VIPULLTD.NS,2025-09-05 11:40:00.952979
82,2025-05-13 00:00:00+05:30,11.399999618530273,11.850000381469727,11.109999656677246,11.470000267028809,224101,0.0,0.0,2025-05-13,11.594000101089478,0.7145435222374298,12.308543623326907,10.879456578852048,13.023087145564338,10.164913056614617,-22.189481122785747,15.988644540832883,18327333,165834.74386073722,414628.3825735331,30.986908525744077,29.535583359441404,11.476666768391928,11.84333388010661,11.103333155314129,12.216667493184408,10.736666043599447,12.58333460489909,10.363332430521648,0.18548156334218704,-65.16392641700729,-0.07138790111414828,-0.0280513025779588,-0.04333659853618948,48.46292352329675,17.593328009746262,11.150000190734863,11.594000101089478,11.404200038909913,15.460000019073487,VIPULLTD.NS,2025-09-05 11:40:00.952979
83,2025-05-12 00:00:00+05:30,11.25,11.449999809265137,11.0600004196167,11.390000343322754,225650,0.0,0.0,2025-05-12,11.5385000705719,0.7659412004528331,12.304441271024732,10.772558870119067,13.070382471477565,10.006617669666234,-54.13392276447619,-6.6841765704662714,18103232,165816.3598368247,476826.792251732,31.00404945523709,29.926341245296285,11.300000190734863,11.539999961853027,11.15000057220459,11.6899995803833,10.910000801086426,11.929999351501465,10.760001182556152,,-68.4426110971708,-0.07484903228067097,-0.01721715294391143,-0.057631879336759534,47.520541677197535,18.748225881546634,11.170000076293945,11.5385000705719,11.440800037384033,15.62850001335144,VIPULLTD.NS,2025-09-05 11:40:00.952979
84,2025-05-09 00:00:00+05:30,10.899999618530273,11.199999809265137,10.619999885559082,10.930000305175781,161590,0.0,0.0,2025-05-09,11.498000049591065,0.795067619005526,12.29306766859659,10.70293243058554,13.088135287602118,9.907864811580012,-125.22546205256747,-46.85517050266086,17877582,113947.0160847327,554579.4003554588,31.02141012114967,30.20579266827353,10.916666666666666,11.21333344777425,10.633333524068195,11.49666659037272,10.336666742960611,11.793333371480305,10.05333360036214,,-87.29506755061313,-0.07026747238977826,-0.002809183109721546,-0.06745828928005672,41.84253698668497,19.680873583259974,11.32800006866455,11.498000049591065,11.489200038909912,15.803600006103515,VIPULLTD.NS,2025-09-05 11:40:00.952979
85,2025-05-08 00:00:00+05:30,11.0,11.289999961853027,10.899999618530273,10.970000267028809,245938,0.0,0.0,2025-05-08,11.491500043869019,0.800468709696188,12.291968753565207,10.69103133417283,13.092437463261394,9.890562624476644,-148.82851295774458,-35.16182164762286,18039172,174060.64036597,664737.4964231404,31.03415289677842,31.067479041672428,11.053333282470703,11.206666946411133,10.816666603088379,11.443333625793457,10.66333293914795,11.596667289733887,10.426666259765625,,-84.95935447879955,-0.018033994645454854,0.014055389210292634,-0.032089383855747486,42.21130449875713,20.209494710115855,11.602000045776368,11.491500043869019,11.560200023651124,15.98920000076294,VIPULLTD.NS,2025-09-05 11:40:00.952979
86,2025-05-07 00:00:00+05:30,11.279999732971191,11.399999618530273,10.989999771118164,10.989999771118164,237856,0.0,0.0,2025-05-07,11.494500017166137,0.7985214452437659,12.293021462409904,10.695978571922371,13.091542907653668,9.897457126678606,-199.73039980966348,-26.919271942913312,18285110,168647.5732618765,787406.710437433,31.053539647770762,31.204392267646682,11.126666386922201,11.263333002726238,10.853333155314129,11.53666623433431,10.716666539510092,11.673332850138348,10.44333330790202,,-84.14636652029446,0.0451745373544874,0.022077735174229503,0.023096802180257895,42.3847365872724,21.209375931636284,11.839999961853028,11.494500017166137,11.637200012207032,16.180500001907347,VIPULLTD.NS,2025-09-05 11:40:00.952979
87,2025-05-06 00:00:00+05:30,11.949999809265137,12.100000381469727,11.569999694824219,11.569999694824219,166623,0.0,0.0,2025-05-06,11.48600001335144,0.805052422518315,12.291052435869755,10.680947590833124,13.09610485838807,9.875895168314809,-95.45665732585208,35.79689584967465,18522966,124376.0038161741,942096.4947313222,31.07230627703801,32.69296669941559,11.74666659037272,11.923333485921223,11.393332799275715,12.276667277018229,11.216665903727213,12.45333417256673,10.863332112630207,,-60.5691342149264,0.123446501597817,0.016303534629165027,0.10714296696865197,47.65759509866279,22.425614594436773,12.123999977111817,11.48600001335144,11.72560001373291,16.382400007247924,VIPULLTD.NS,2025-09-05 11:40:00.952979
88,2025-05-05 00:00:00+05:30,12.050000190734863,12.680000305175781,11.470000267028809,12.180000305175781,5801916,0.0,0.0,2025-05-05,11.438000011444093,0.8280706597041101,12.266070671148203,10.609929351739982,13.094141330852313,9.781858692035872,-1.634607761106754,73.30724721222305,18689589,4559183.138748667,1146526.617460109,31.085093322017453,34.42373058399666,12.110000292460123,12.750000317891438,11.540000279744465,13.320000330607096,10.90000025431315,13.96000035603841,10.330000241597492,,-34.374998835846974,0.16466672845954733,-0.010482207112997965,0.1751489355725453,54.24843913020985,23.602538977070488,12.173999977111816,11.438000011444093,11.810200023651124,16.567900018692015,VIPULLTD.NS,2025-09-05 11:40:00.952979
89,2025-05-02 00:00:00+05:30,12.0,12.460000038146973,11.59000015258789,12.300000190734863,343178,0.0,0.0,2025-05-02,11.349499988555909,0.8391064844326298,12.188606472988539,10.510393504123279,13.02771295742117,9.671287019690649,19.26536934807988,78.39806251233847,24491505,272328.3526100654,293362.48713796947,31.52679570214875,75.92067995797134,12.116666793823242,12.643333435058594,11.773333549499512,12.986666679382324,11.24666690826416,13.513333320617676,10.90333366394043,,-28.14814867142609,0.15487034170305414,-0.05426944100613429,0.20913978270918843,55.654406344541066,24.86999600452218,12.203999900817871,11.349499988555909,11.899400005340576,16.738900022506712,VIPULLTD.NS,2025-09-05 11:40:00.952979
90,2025-04-30 00:00:00+05:30,12.890000343322754,13.0,12.079999923706055,12.15999984741211,374214,0.0,0.0,2025-04-30,11.244999980926513,0.8446269379800541,12.089626918906568,10.400373042946459,12.934253856886622,9.555746104966405,63.65997739416236,110.19701195349525,24148327,293576.915025773,298621.02076994546,31.553403346555452,81.17973506523607,12.413333257039389,12.746666590372723,11.826666514078777,13.333333333333334,11.493333180745443,13.666666666666668,10.906666437784832,,-33.333345107087,0.1281633071763757,-0.10655438668343138,0.23471769385980706,54.37334877281184,26.55827623585294,12.329999923706055,11.244999980926513,11.973199996948242,16.89900001525879,VIPULLTD.NS,2025-09-05 11:40:00.952979
91,2025-04-29 00:00:00+05:30,11.800000190734863,12.40999984741211,11.220000267028809,12.40999984741211,326304,0.0,0.0,2025-04-29,11.157999992370605,0.8349761657383172,11.992976158108922,10.323023826632289,12.82795232384724,9.48804766089397,34.5653570630521,69.64009472732575,24522541,261253.71549741717,299882.04720598855,31.582712954422327,78.96852247075716,12.013333320617676,12.806666374206543,11.616666793823242,13.203332901000977,10.823333740234375,13.996665954589844,10.426667213439941,,-24.074088464217443,0.1058162542508807,-0.16523381014838315,0.2710500643992638,57.1089291575354,27.558857547845744,12.385999870300292,11.157999992370605,12.035599994659425,17.047200012207032,VIPULLTD.NS,2025-09-05 11:40:00.952979
92,2025-04-28 00:00:00+05:30,12.0,12.25,11.710000038146973,11.819999694824219,188313,0.0,0.0,2025-04-28,11.069500017166138,0.7877581059676172,11.857258123133755,10.281741911198521,12.645016229101373,9.493983805230904,36.99563878906191,56.41823422248807,24196237,143603.8453246088,309539.1301331314,31.608012610478752,77.4671777051086,11.926666577657064,12.143333117167156,11.603333155314129,12.466666539510092,11.386666615804037,12.683333079020183,11.063333193461101,,-45.925939792791354,0.050980765971257114,-0.2329963262481991,0.2839770922194562,51.79407791291245,29.504424201376132,12.285999870300293,11.069500017166138,12.10920000076294,17.193400020599366,VIPULLTD.NS,2025-09-05 11:40:00.952979
93,2025-04-25 00:00:00+05:30,12.699999809265137,13.0,12.279999732971191,12.329999923706055,419348,0.0,0.0,2025-04-25,11.02150001525879,0.7686370188454923,11.790137034104282,10.252862996413297,12.558774052949774,9.484225977567805,101.85508031151883,104.77772485185524,24384550,333584.56825847056,351022.95133526204,31.62309332742987,81.52714926549126,12.536666552225748,12.793333371480305,12.073333104451496,13.256666819254557,11.81666628519694,13.513333638509113,11.353332837422688,,-27.03704776423482,0.038108363944312273,-0.30399059930306316,0.34209896324737543,57.514602085152006,30.719134243325044,12.192000007629394,11.02150001525879,12.195399990081787,17.345100021362306,VIPULLTD.NS,2025-09-05 11:40:00.952979
94,2025-04-24 00:00:00+05:30,12.510000228881836,13.0600004196167,12.430000305175781,12.930000305175781,433133,0.0,0.0,2025-04-24,10.95950002670288,0.7049036796778076,11.664403706380687,10.254596347025073,12.369307386058495,9.549692667347266,161.89816234806418,118.10161773211321,24803898,361316.7627214006,355382.54710445984,31.655891800300875,92.44305027381978,12.80666700998942,13.183333714803059,12.55333360036214,13.436667124430338,12.176666895548502,13.813333829243977,11.923333485921223,,-4.814817692843489,-0.02917690610042989,-0.38951534011490696,0.36033843401447707,65.40632561674474,30.824264846436456,11.888000106811523,10.95950002670288,12.256199989318848,17.50130002975464,VIPULLTD.NS,2025-09-05 11:40:00.952979
95,2025-04-23 00:00:00+05:30,12.210000038146973,12.5,12.100000381469727,12.4399995803833,1531821,0.0,0.0,2025-04-23,10.878999996185303,0.5408754268401178,11.419875423025422,10.338124569345185,11.960750849865539,9.797249142505068,196.23848306360745,70.12593545577054,24370765,1229409.8449820871,353898.99320022465,31.68883032942623,91.50713630604582,12.34666665395101,12.593332926432293,12.19333330790202,12.746666272481283,11.946667035420736,12.993332544962566,11.793333689371746,,-2.500017881396275,-0.17397131355851236,-0.4795999486185262,0.3056286350600138,61.388711887000774,30.591450419845604,11.422000122070312,10.878999996185303,12.291599979400635,17.649900035858153,VIPULLTD.NS,2025-09-05 11:40:00.952979
96,2025-04-22 00:00:00+05:30,11.399999618530273,11.90999984741211,11.010000228881836,11.90999984741211,283562,0.0,0.0,2025-04-22,10.812000036239624,0.40267002918055894,11.214670065420183,10.409330007059065,11.617340094600742,10.006659977878506,181.44462467090426,5.3730009052185554,22838944,217885.37914399206,135021.280254759,31.80932363249241,67.9505347367865,11.609999974568685,12.209999720255535,11.310000101725262,12.509999593098959,10.710000356038412,13.109999338785808,10.410000483194988,,-0.0,-0.3084584560660666,-0.5560071073835295,0.24754865131746295,56.29017374415399,31.038267666858097,11.08600025177002,10.812000036239624,12.328199996948243,17.80050004005432,VIPULLTD.NS,2025-09-05 11:40:00.952979
97,2025-04-21 00:00:00+05:30,11.34000015258789,11.350000381469727,11.199999809265137,11.350000381469727,271669,0.0,0.0,2025-04-21,10.783000040054322,0.33455549442196847,11.11755553447629,10.448444545632354,11.452111028898258,10.113889051210386,200.72642412754846,-21.506405930263835,22555382,198931.8228150647,114305.25553245074,31.832409193186983,39.615134456984016,11.300000190734863,11.40000057220459,11.25,11.450000762939453,11.149999618530273,11.55000114440918,11.09999942779541,,-0.0,-0.4237721957859044,-0.6178942702128953,0.19412207442699092,49.784424832081136,32.41560304532399,10.816000366210938,10.783000040054322,12.39,17.955700044631957,VIPULLTD.NS,2025-09-05 11:40:00.952979
98,2025-04-17 00:00:00+05:30,10.8100004196167,10.8100004196167,10.600000381469727,10.8100004196167,77744,0.0,0.0,2025-04-17,10.794000005722046,0.35704041365380784,11.151040419375853,10.436959592068238,11.508080833029661,10.07991917841443,20.73382122481304,-57.914832778375484,22283713,54220.17242726978,93148.61371179725,31.855199919276355,29.98272228265472,10.740000406901041,10.880000432332356,10.670000394185383,10.950000445048014,10.530000368754068,11.090000470479328,10.46000035603841,,-23.655856641115697,-0.5098364727846185,-0.6664247888196431,0.15658831603502454,42.06304466540078,34.862979215594414,10.61800022125244,10.794000005722046,12.478799991607666,18.103600034713747,VIPULLTD.NS,2025-09-05 11:40:00.952979
99,2025-04-16 00:00:00+05:30,10.600000381469727,10.970000267028809,10.600000381469727,10.600000381469727,200533,0.0,0.0,2025-04-16,10.844000005722046,0.423275455319887,11.267275461041933,10.42072455040216,11.69055091636182,9.997449095082272,26.820051048958828,-60.39059284458274,22205969,137138.70170950136,102880.72403292911,31.861903321627405,23.841926423466376,10.723333676656088,10.846666971842449,10.476667086283367,11.09333356221517,10.353333791097006,11.216666857401531,10.106667200724285,,-46.23652164996027,-0.5591182179597993,-0.7055718678283991,0.14645364986859977,38.6569001997687,36.222589007514,10.572000122070312,10.844000005722046,12.581399974822999,18.265800037384032,VIPULLTD.NS,2025-09-05 11:40:00.952979
100,2025-04-15 00:00:00+05:30,10.760000228881836,10.770000457763672,10.760000228881836,10.760000228881836,145424,0.0,0.0,2025-04-15,10.917000007629394,0.4982401288977123,11.415240136527107,10.41875987873168,11.913480265424818,9.92051974983397,53.07030112846818,-60.25799472421009,22406502,100952.40472805896,94316.22961378605,31.87938649661883,21.80482962181921,10.763333638509115,10.766667048136394,10.756666819254558,10.773333867390951,10.75333340962728,10.77666727701823,10.746666590372723,,-33.333333333333336,-0.5930604755565803,-0.742185280295549,0.14912480473896872,40.33454720377298,37.686784168042784,10.61200008392334,10.917000007629394,12.69239995956421,18.44100004196167,VIPULLTD.NS,2025-09-05 11:40:00.952979
101,2025-04-11 00:00:00+05:30,10.5600004196167,10.5600004196167,10.5,10.5600004196167,222586,0.0,0.0,2025-04-11,10.994500017166137,0.5854506803148963,11.579950697481033,10.409049336851242,12.16540137779593,9.823598656536344,-9.206764246157407,-72.29266308582058,22261078,151645.69376779388,92657.18583521782,31.891987605116032,33.199351945940364,10.540000279744467,10.580000559488933,10.520000139872234,10.600000699361166,10.479999860127768,10.640000979105633,10.459999720255535,,-62.29505761915855,-0.6432886467618886,-0.7794664814802911,0.1361778347184025,37.16958277895829,38.762530612250906,10.66599998474121,10.994500017166137,12.793199958801269,18.60590003967285,VIPULLTD.NS,2025-09-05 11:40:00.952979
102,2025-04-09 00:00:00+05:30,10.359999656677246,10.359999656677246,10.359999656677246,10.359999656677246,17935,0.0,0.0,2025-04-09,11.094999980926513,0.6729237839949567,11.76792376492147,10.422076196931556,12.440847548916427,9.7491524129366,-71.5538977547377,-81.50923285749381,22038492,11987.522183387524,77910.05885207381,31.911486829228014,26.707057574675545,10.359999656677246,10.359999656677246,10.359999656677246,10.359999656677246,10.359999656677246,10.359999656677246,10.359999656677246,,-78.68857200479651,-0.6781521779719366,-0.8135109401598916,0.13535876218795495,33.91445781276967,39.37576611459555,10.717999839782715,11.094999980926513,12.914399967193603,18.767700033187865,VIPULLTD.NS,2025-09-05 11:40:00.952979
103,2025-04-08 00:00:00+05:30,10.579999923706055,10.579999923706055,10.579999923706055,10.579999923706055,37078,0.0,0.0,2025-04-08,11.217999982833863,0.7517180493681853,11.969718032202048,10.466281933465678,12.721436081570234,9.714563884097492,-15.705660374196908,-74.51598474706012,22056427,25308.724978785387,94390.69301924537,31.91307427458578,25.65733139449111,10.579999923706055,10.579999923706055,10.579999923706055,10.579999923706055,10.579999923706055,10.579999923706055,10.579999923706055,,-60.9756324491296,-0.6928159847927056,-0.8473506307068802,0.15453464591417465,35.80943134620581,39.49912177998357,10.767999839782714,11.217999982833863,13.057199974060058,18.939500045776366,VIPULLTD.NS,2025-09-05 11:40:00.952979
104,2025-04-07 00:00:00+05:30,10.800000190734863,10.800000190734863,10.800000190734863,10.800000190734863,26401,0.0,0.0,2025-04-07,11.299499988555908,0.7671099387623854,12.066609927318293,10.532390049793523,12.83371986608068,9.765280111031137,33.517569917695496,-68.16734332363208,22093505,18395.535808747834,111661.18502936036,31.916323321971802,25.41078296574392,10.800000190734863,10.800000190734863,10.800000190734863,10.800000190734863,10.800000190734863,10.800000190734863,10.800000190734863,,-52.38094311297608,-0.722759582175275,-0.8859842921854238,0.16322471001014882,37.76904087772126,39.90801233062643,10.733999824523925,11.299499988555908,13.214199981689454,19.123600044250487,VIPULLTD.NS,2025-09-05 11:40:00.952979
105,2025-04-04 00:00:00+05:30,11.029999732971191,11.029999732971191,11.029999732971191,11.029999732971191,53328,0.0,0.0,2025-04-04,11.340999984741211,0.7610927323101666,12.102092717051377,10.579907252431045,12.863185449361545,9.818814520120878,75.28940886558838,-61.72192386467741,22119906,37948.89198450892,134977.5973345135,31.918613514924104,25.09488857719373,11.029999732971191,11.029999732971191,11.029999732971191,11.029999732971191,11.029999732971191,11.029999732971191,11.029999732971191,,-45.614074224860786,-0.771812250847077,-0.926790469687961,0.15497821884088392,39.8880632418544,40.63480577351668,10.615999794006347,11.340999984741211,13.386199970245361,19.316000051498413,VIPULLTD.NS,2025-09-05 11:40:00.952979
106,2025-04-03 00:00:00+05:30,10.819999694824219,10.819999694824219,10.819999694824219,10.819999694824219,31950,0.0,0.0,2025-04-03,11.343499994277954,0.7600988741305966,12.10359886840855,10.583401120147357,12.863697742539147,9.82330224601676,21.708951010127524,-72.19692569958384,22066578,22303.16066126672,159234.77367201465,31.923190647233948,23.021080876763506,10.819999694824219,10.819999694824219,10.819999694824219,10.819999694824219,10.819999694824219,10.819999694824219,10.819999694824219,,-63.265341870340194,-0.8455718762479343,-0.9655350243981818,0.11996314815024756,36.8859112519918,41.72839424992643,10.493999862670899,11.343499994277954,13.574199981689453,19.514000053405763,VIPULLTD.NS,2025-09-05 11:40:00.952979
107,2025-04-02 00:00:00+05:30,10.609999656677246,10.609999656677246,10.609999656677246,10.609999656677246,34205,0.0,0.0,2025-04-02,11.330500030517578,0.7716590025955424,12.102159033113121,10.558841027922035,12.873818035708663,9.787182025326494,-32.77730088856162,-82.9230782924233,22034628,23413.873435912617,193467.6769247016,31.925961443281107,21.259128503927244,10.609999656677246,10.609999656677246,10.609999656677246,10.609999656677246,10.609999656677246,10.609999656677246,10.609999656677246,,-76.92311011744866,-0.9065130311292826,-0.9955258114357437,0.08901278030646109,33.81663398727051,42.402106714495105,10.457999992370606,11.330500030517578,13.787999992370606,19.7257000541687,VIPULLTD.NS,2025-09-05 11:40:00.952979
108,2025-04-01 00:00:00+05:30,10.40999984741211,10.40999984741211,10.100000381469727,10.40999984741211,111808,0.0,0.0,2025-04-01,11.323500061035157,0.7791376397643363,12.102637700799493,10.54436242127082,12.881775340563829,9.765224781506484,-97.89686353215785,-96.95321255502266,22000423,75091.69438319061,235981.12779689883,31.928958128644208,16.236022406064635,10.306666692097982,10.513333002726238,10.203333536783855,10.616666158040365,9.9966672261556,10.823332468668621,9.893334070841473,,-89.23612651818041,-0.9501193085291213,-1.0177790065123589,0.06765969798323757,30.842395669876453,42.61050169009775,10.507999992370605,11.323500061035157,13.98679998397827,19.93450005531311,VIPULLTD.NS,2025-09-05 11:40:00.952979
109,2025-03-28 00:00:00+05:30,10.210000038146973,10.210000038146973,10.210000038146973,10.210000038146973,331136,0.0,0.0,2025-03-28,11.35450005531311,0.7527666018946702,12.10726665720778,10.60173345341844,12.860033259102451,9.84896685152377,-138.08715210276463,-103.8924294564286,21888615,218122.4885568929,276203.48615032586,31.93885141002292,16.711417691626963,10.210000038146973,10.210000038146973,10.210000038146973,10.210000038146973,10.210000038146973,10.210000038146973,10.210000038146973,,-100.0,-0.9718558596129689,-1.0346939310081682,0.06283807139519926,27.830818402189365,42.33198137712927,10.644000053405762,11.35450005531311,14.17019998550415,20.13540005683899,VIPULLTD.NS,2025-09-05 11:40:00.952979
110,2025-03-27 00:00:00+05:30,10.420000076293945,10.420000076293945,10.420000076293945,10.420000076293945,887985,0.0,0.0,2025-03-27,11.425000047683715,0.7044108577466184,12.129410905430333,10.720589189937098,12.833821763176953,10.016178332190478,-135.6855830984111,-100.75011109715635,22219751,596955.0817901863,290723.735548684,31.96847796465012,25.922822839942498,10.420000076293945,10.420000076293945,10.420000076293945,10.420000076293945,10.420000076293945,10.420000076293945,10.420000076293945,,-100.0,-0.9652631921394654,-1.0504034488569678,0.08514025671750236,29.064851457804878,41.52094376924207,10.865999984741212,11.425000047683715,14.352799987792968,20.33730005264282,VIPULLTD.NS,2025-09-05 11:40:00.952979
111,2025-03-26 00:00:00+05:30,10.640000343322754,10.640000343322754,10.640000343322754,10.640000343322754,108640,0.0,0.0,2025-03-26,11.516000032424927,0.685038536601833,12.20103856902676,10.830961495823093,12.886077105628592,10.145922959221261,-116.83629912432954,-97.42176024989573,23107736,74576.10563216679,214165.89898830844,32.04755511978561,34.11031919279587,10.640000343322754,10.640000343322754,10.640000343322754,10.640000343322754,10.640000343322754,10.640000343322754,10.640000343322754,,-100.0,-0.9628792020531751,-1.0716885130363432,0.10880931098316804,30.375048133385818,40.815549936468116,11.002000045776366,11.516000032424927,14.52379997253418,20.54340005874634,VIPULLTD.NS,2025-09-05 11:40:00.952979
112,2025-03-25 00:00:00+05:30,10.859999656677246,10.859999656677246,10.859999656677246,10.859999656677246,323576,0.0,0.0,2025-03-25,11.622500038146972,0.706904844449931,12.329404882596902,10.915595193697042,13.036309727046834,10.20869034924711,-101.87768901730777,-94.20092491735477,23216376,226711.95154251615,249063.34732734386,32.05717081433386,43.33889217779238,10.859999656677246,10.859999656677246,10.859999656677246,10.859999656677246,10.859999656677246,10.859999656677246,10.859999656677246,,-77.3722650602242,-0.9669045864674555,-1.098890840782135,0.13198625431467947,31.7020484529033,40.23500785419661,11.139999961853027,11.622500038146972,14.698199977874756,20.732700052261354,VIPULLTD.NS,2025-09-05 11:40:00.952979
113,2025-03-24 00:00:00+05:30,11.09000015258789,11.09000015258789,11.09000015258789,11.09000015258789,418641,0.0,0.0,2025-03-24,11.744500064849854,0.7755980552522294,12.520098120102084,10.968902009597624,13.295696175354312,10.193303954345396,-87.96293258087786,-90.28425860422952,23539952,299530.8873470679,254651.19627355077,32.08556696337219,26.11270169661546,11.09000015258789,11.09000015258789,11.09000015258789,11.09000015258789,11.09000015258789,11.09000015258789,11.09000015258789,,-62.17103333436857,-0.9790748278817496,-1.1318874043608047,0.1528125764790551,33.10609829374161,39.79196837915903,11.281999969482422,11.744500064849854,14.876199989318847,20.90580005645752,VIPULLTD.NS,2025-09-05 11:40:00.952979
114,2025-03-21 00:00:00+05:30,11.319999694824219,11.319999694824219,10.869999885559082,11.319999694824219,585581,0.0,0.0,2025-03-21,11.880500078201294,0.8854822067417653,12.765982284943059,10.99501787145953,13.651464491684825,10.109535664717763,-98.38676065244512,-91.77692707688776,23958593,427663.01556741085,243431.27350517147,32.12201951808193,26.43856009666942,11.169999758402506,11.46999963124593,11.019999821980793,11.619999567667643,10.71999994913737,11.919999440511067,10.570000012715656,,-54.60525882376192,-1.0024735217460723,-1.1700905484805686,0.1676170267344963,34.525994888809635,39.50841393869315,11.426000022888184,11.880500078201294,15.057799987792968,21.076800060272216,VIPULLTD.NS,2025-09-05 11:40:00.952979
115,2025-03-20 00:00:00+05:30,11.100000381469727,11.199999809265137,11.100000381469727,11.100000381469727,167268,0.0,0.0,2025-03-20,12.0385000705719,1.047338804646266,13.085838875218165,10.991161265925633,14.133177679864431,9.943822461279368,-119.92020235300072,-97.52669717738941,23373012,119785.47508436645,197373.3379896116,32.17266107809292,14.24440444533738,11.133333524068197,11.166666666666668,11.066667238871258,11.233332951863607,11.033334096272787,11.266666094462078,10.966667811075848,,-61.84207843281192,-1.0398934177206964,-1.2119948051641924,0.172101387443496,31.933038308718338,39.203047618191434,11.57400016784668,12.0385000705719,15.243199996948242,21.260100059509277,VIPULLTD.NS,2025-09-05 11:40:00.952979
116,2025-03-19 00:00:00+05:30,11.329999923706055,11.329999923706055,11.329999923706055,11.329999923706055,137955,0.0,0.0,2025-03-19,12.224500036239624,1.1922003454767478,13.416700381716371,11.032299690762876,14.60890072719312,9.840099345286127,-79.5639175673258,-95.81824648087981,23540280,100840.65415966905,216770.30371592287,32.18732495950109,13.771215588144571,11.329999923706055,11.329999923706055,11.329999923706055,11.329999923706055,11.329999923706055,11.329999923706055,11.329999923706055,,-54.27630392220527,-1.0503796640135903,-1.2550201520250663,0.20464048801147605,33.20980986031425,39.05618011911689,11.816000175476074,12.224500036239624,15.441599998474121,21.432000064849852,VIPULLTD.NS,2025-09-05 11:40:00.952979
117,2025-03-18 00:00:00+05:30,11.569999694824219,11.569999694824219,11.569999694824219,11.569999694824219,63289,0.0,0.0,2025-03-18,12.428500032424926,1.3672956450432037,13.79579567746813,11.061204387381723,15.163091322511335,9.693908742338518,-28.259211122655994,-93.35095614611865,23678235,47242.17488295036,245752.71610498632,32.199302346420076,13.37311337377372,11.569999694824219,11.569999694824219,11.569999694824219,11.569999694824219,11.569999694824219,11.569999694824219,11.569999694824219,,-46.38157451004197,-1.070541863593471,-1.3061802740279354,0.23563841043446443,34.54824608444946,39.08119697567728,12.064000129699707,12.428500032424926,15.64400001525879,21.61090005874634,VIPULLTD.NS,2025-09-05 11:40:00.952979
118,2025-03-17 00:00:00+05:30,11.8100004196167,11.8100004196167,11.8100004196167,11.8100004196167,61853,0.0,0.0,2025-03-17,12.640000057220458,1.5433353409210404,14.183335398141498,11.096664716299419,15.72667073906254,9.553329375378377,7.655150525137978,-90.35725502027717,23741524,47127.997158358216,295380.3514104953,32.20473851898678,11.956880151565144,11.8100004196167,11.8100004196167,11.8100004196167,11.8100004196167,11.8100004196167,11.8100004196167,11.8100004196167,,-43.33331117726463,-1.1037715986415684,-1.3650898766365511,0.26131827799498275,35.891436069710466,39.300340128238034,12.314000129699707,12.640000057220458,15.850400009155273,21.79560007095337,VIPULLTD.NS,2025-09-05 11:40:00.952979
119,2025-03-13 00:00:00+05:30,12.0600004196167,12.0600004196167,12.0600004196167,12.0600004196167,104503,0.0,0.0,2025-03-13,12.881500005722046,1.7681457173020505,14.649645723024097,11.113354288419995,16.41779144032615,9.345208571117945,36.514688115414906,-87.59029941134548,23803377,81310.07895814226,357443.4399735295,32.209992290925705,11.589278244923307,12.0600004196167,12.0600004196167,12.0600004196167,12.0600004196167,12.0600004196167,12.0600004196167,12.0600004196167,,-47.65430273106409,-1.153228352036626,-1.4304194461352968,0.2771910940986708,37.293905455059225,39.72940375020888,12.394000053405762,12.881500005722046,16.061000003814698,21.99380005836487,VIPULLTD.NS,2025-09-05 11:40:00.952979
120,2025-03-12 00:00:00+05:30,12.3100004196167,12.3100004196167,12.3100004196167,12.3100004196167,141707,0.0,0.0,2025-03-12,13.07799997329712,1.8864630054962723,14.964462978793392,11.191536967800847,16.850925984289663,9.305073962304576,64.39693410397895,-84.57668634600559,23907880,112542.78899758872,426476.78022737626,32.2187660359409,10.900737617233062,12.3100004196167,12.3100004196167,12.3100004196167,12.3100004196167,12.3100004196167,12.3100004196167,12.3100004196167,,-51.234556757350745,-1.2236960385494395,-1.4997172196599644,0.27602118111052487,38.69803367949243,40.393246013367886,12.307999992370606,13.07799997329712,16.275799980163573,22.20560007095337,VIPULLTD.NS,2025-09-05 11:40:00.952979
121,2025-03-11 00:00:00+05:30,12.979999542236328,12.979999542236328,12.170000076293945,12.569999694824219,783543,0.0,0.0,2025-03-11,13.226499938964844,1.9389911318993167,15.16549107086416,11.287508807065528,17.104482202763478,9.34851767516621,87.46411248624781,-81.2038242565769,24049587,635428.0819923653,504960.27803482313,32.230527828396745,10.843714604061418,12.573333104451498,12.97666613260905,12.166666666666668,13.38333257039388,11.763333638509115,13.786665598551433,11.356667200724285,,-49.80916506371144,-1.3199963941825192,-1.5687225149375954,0.24872612075507616,40.15816326443743,41.3103607174381,12.061999893188476,13.226499938964844,16.494999980926515,22.43240008354187,VIPULLTD.NS,2025-09-05 11:40:00.952979
122,2025-03-10 00:00:00+05:30,12.819999694824219,12.819999694824219,12.819999694824219,12.819999694824219,110985,0.0,0.0,2025-03-10,13.402499961853028,2.0337050234256724,15.4362049852787,11.368794938427357,17.469910008704375,9.335089915001683,103.34094759763673,-78.37254313690066,24833130,91795.33329871402,472343.32704543753,32.29496209551845,11.37320233378702,12.819999694824219,12.819999694824219,12.819999694824219,12.819999694824219,12.819999694824219,12.819999694824219,12.819999694824219,,-48.20144069990084,-1.4488960751773945,-1.6309040451263643,0.18200796994896984,41.558205929140485,42.2980227064368,11.660000038146972,13.402499961853028,16.71859998703003,22.669700078964233,VIPULLTD.NS,2025-09-05 11:40:00.952979
123,2025-03-07 00:00:00+05:30,12.210000038146973,12.210000038146973,12.0,12.210000038146973,390665,0.0,0.0,2025-03-07,13.567999935150146,2.1167913506256557,15.684791285775802,11.45120858452449,17.801582636401456,9.334417233898835,31.937473041460514,-102.00681356082335,24722145,307743.2041872704,567480.3254821184,32.30400694714709,10.073373489910239,12.140000025431315,12.280000050862629,12.070000012715656,12.350000063578287,11.929999987284342,12.490000089009602,11.859999974568684,-0.13627163862423944,-62.541249165338314,-1.616594968645419,-1.6764060376136065,0.05981106896818744,36.5459665325675,43.87628639566233,11.19000015258789,13.567999935150146,16.92979997634888,22.90760008811951,VIPULLTD.NS,2025-09-05 11:40:00.952979
124,2025-03-06 00:00:00+05:30,11.550000190734863,11.630000114440918,11.550000190734863,11.630000114440918,112101,0.0,0.0,2025-03-06,13.725999927520752,2.127997167697205,15.853997095217956,11.598002759823547,17.981994262915162,9.470005592126341,-23.07858560613763,-122.00908658201263,24331480,84111.91244057695,632414.6058058303,32.336910451200175,6.1856392632746235,11.603333473205566,11.65666675567627,11.576666831970215,11.683333396911621,11.523333549499512,11.736666679382324,11.49666690826416,-0.14537000448649176,-76.36363078588492,-1.7467307832060328,-1.6913588048556532,-0.05537197835037966,31.347463145405015,44.744683936215814,10.954000091552734,13.725999927520752,17.16279998779297,23.15000009536743,VIPULLTD.NS,2025-09-05 11:40:00.952979
125,2025-03-05 00:00:00+05:30,10.630000114440918,11.079999923706055,10.239999771118164,11.079999923706055,537420,0.0,0.0,2025-03-05,13.879499912261963,2.079008906283493,15.958508818545456,11.80049100597847,18.037517724828948,9.721482099694978,-77.70065954579678,-149.8945723410412,24219379,384168.6167095558,769490.2791471437,32.346644645260774,9.286288083912382,10.799999872843424,11.359999974568684,10.519999821980793,11.640000025431315,9.959999720255533,12.200000127156574,9.679999669392902,-0.12695659463967968,-84.0559405302082,-1.829757238404163,-1.677515810268058,-0.15224142813610486,26.009903988631265,44.81289535670283,10.952000045776368,13.879499912261963,17.417199993133544,23.39800009727478,VIPULLTD.NS,2025-09-05 11:40:00.952979
126,2025-03-04 00:00:00+05:30,9.9399995803833,10.779999732971191,9.9399995803833,10.5600004196167,3229219,0.0,0.0,2025-03-04,14.038999938964844,1.9725720310437327,16.01157197000858,12.066427907921112,17.98414400105231,10.09385587687738,-111.59671954044983,-165.87750327661206,23681959,2200035.741615113,865820.6947565406,32.39468075949102,4.403252150101736,10.426666577657064,10.913333574930828,10.073333422342937,11.266666730244955,9.586666425069174,11.753333727518719,9.233333269755047,-0.20729716751998684,-91.32866028509657,-1.8541659806172124,-1.6394554532340317,-0.21471052738318064,20.589655964974227,43.99102281555291,11.184000015258789,14.038999938964844,17.692600002288817,23.666400079727172,VIPULLTD.NS,2025-09-05 11:40:00.952979
127,2025-03-03 00:00:00+05:30,11.449999809265137,11.449999809265137,10.470000267028809,10.470000267028809,343406,0.0,0.0,2025-03-03,14.260999917984009,1.802982493762383,16.06398241174639,12.458017424221627,17.866964905508773,10.655034930459243,-117.23684168111697,-160.88207289118867,20452740,231965.22010963218,532266.9330418975,32.69510442064721,6.038425465251748,10.796666781107584,11.12333329518636,10.143333752950031,11.776666323343912,9.816667238871256,12.103332837422688,9.163334210713703,-0.4788569183480622,-100.0,-1.8061110709172823,-1.5857778213882363,-0.22033324952904598,19.64359185513422,42.594814324681764,11.626000022888183,14.260999917984009,17.988600006103514,23.94870008468628,VIPULLTD.NS,2025-09-05 11:40:00.952979
128,2025-02-28 00:00:00+05:30,11.5,11.5,11.029999732971191,11.029999732971191,2214205,0.0,0.0,2025-02-28,14.526999902725219,1.5946491864063372,16.121649089131555,12.932350716318881,17.716298275537895,11.337701529912545,-124.47827075559171,-155.1228380152168,20796146,1575656.8102415164,607342.3612749637,32.72767139387032,11.37291644092572,11.186666488647461,11.34333324432373,10.873332977294922,11.65666675567627,10.716666221618652,11.813333511352539,10.403332710266113,-0.4428621900598183,-100.0,-1.7083572537599672,-1.5306945090059747,-0.17766274475399246,21.095697498327894,41.310733215424214,12.192000007629394,14.526999902725219,18.29679998397827,24.222000074386596,VIPULLTD.NS,2025-09-05 11:40:00.952979
129,2025-02-27 00:00:00+05:30,11.899999618530273,12.229999542236328,11.619999885559082,11.619999885559082,428252,0.0,0.0,2025-02-27,14.772499895095825,1.3931669243535978,16.165666819449424,13.379332970742228,17.55883374380302,11.986166046388629,-125.2446605698739,-143.38589151798516,23010351,321050.8510316422,365263.74903332547,32.93462806446927,22.650675570291398,11.823333104451498,12.026666323343914,11.416666666666668,12.433332761128744,11.213333447774252,12.63666598002116,10.806667009989422,-0.2416146622802305,-100.0,-1.612470007170156,-1.4862788228174764,-0.12619118435267973,22.740266754876714,40.17799756193328,12.748000144958496,14.772499895095825,18.60439998626709,24.471700077056884,VIPULLTD.NS,2025-09-05 11:40:00.952979
130,2025-02-25 00:00:00+05:30,12.890000343322754,12.899999618530273,12.130000114440918,12.239999771118164,356720,0.0,0.0,2025-02-25,14.998999881744385,1.2098406115561664,16.208840493300553,13.789159270188218,17.418681104856717,12.579318658632053,-132.24110432315842,-132.87058553071242,23438603,281693.72376472753,376316.97353374626,32.97402183525658,29.81891661539079,12.423333168029785,12.716666221618652,11.946666717529297,13.19333267211914,11.65333366394043,13.486665725708008,11.176667213439941,-0.12108679794012121,-97.78226500340227,-1.5233799866824587,-1.4547310267293065,-0.06864895995315212,24.612542222196623,39.24476607441229,13.320000076293946,14.998999881744385,18.911000003814696,24.734500093460085,VIPULLTD.NS,2025-09-05 11:40:00.952979
131,2025-02-24 00:00:00+05:30,13.239999771118164,13.239999771118164,12.65999984741211,12.770000457763672,968640,0.0,0.0,2025-02-24,15.17699990272522,1.0312591061728795,16.2082590088981,14.14574079655234,17.23951811507098,13.11448169037946,-147.22743614236015,-126.06340309475681,23795323,798034.4028005302,399972.78597600095,33.005990943134925,38.482328840901246,12.890000025431315,13.12000020345052,12.540000279744465,13.46999994913737,12.31000010172526,13.700000127156574,11.96000035603841,-0.16551749114823672,-97.51691641594147,-1.4472968433224764,-1.4375687867410185,-0.009728056581457922,26.333551125197985,38.50754043016326,13.836000061035156,15.17699990272522,19.216200008392335,25.01110011100769,VIPULLTD.NS,2025-09-05 11:40:00.952979
132,2025-02-21 00:00:00+05:30,13.75,13.989999771118164,13.199999809265137,13.300000190734863,314955,0.0,0.0,2025-02-21,15.369499921798706,0.9105779473290506,16.280077869127755,14.458921974469655,17.190655816456808,13.548344027140605,-153.1531501569336,-115.67732526434291,24763963,270251.7135530906,300457.3817698686,33.0910711402005,42.37632305728066,13.49666659037272,13.793333371480305,13.003333409627277,14.286666552225748,12.706666628519693,14.583333333333332,12.21333344777425,,-97.42929633306129,-1.3801556615945234,-1.4351367725956539,0.054981111001130456,28.162101903598014,38.01189782575447,14.363999938964843,15.369499921798706,19.51579999923706,25.263500089645387,VIPULLTD.NS,2025-09-05 11:40:00.952979
133,2025-02-20 00:00:00+05:30,14.489999771118164,14.800000190734863,13.75,13.8100004196167,601488,0.0,0.0,2025-02-20,15.579499912261962,0.8923090475817541,16.471808959843717,14.687190864680208,17.36411800742547,13.794881817098453,-164.7671883138548,-105.09591104661747,25078918,535906.4214448013,308008.7988240631,33.11816391834204,42.84939327596052,14.120000203450521,14.490000406901043,13.44000021616618,15.170000394185385,13.070000012715658,15.540000597635906,12.390000025431316,,-98.20358033306645,-1.3254800971506757,-1.4488820503459365,0.12340195319526082,30.025005199530256,37.80517533560848,14.863999938964843,15.579499912261962,19.816199989318847,25.492600078582765,VIPULLTD.NS,2025-09-05 11:40:00.952979
134,2025-02-19 00:00:00+05:30,15.180000305175781,15.180000305175781,14.109999656677246,14.479999542236328,163440,0.0,0.0,2025-02-19,15.810499906539917,1.0014488814221194,16.811948787962038,14.809051025117798,17.813397669384155,13.807602143695679,-141.0201010217109,-98.26609706167508,25680406,152684.58872149087,251034.3931688785,33.16877440979627,46.00635675314918,14.589999834696451,15.070000012715656,13.999999364217121,15.660000483194986,13.519999186197916,16.14000066121419,12.929998715718586,,-86.13864159625581,-1.2856230698033428,-1.4797325386447515,0.19410946884140867,32.66053864330274,37.94200616297108,15.429999732971192,15.810499906539917,20.11799997329712,25.699400091171263,VIPULLTD.NS,2025-09-05 11:40:00.952979
135,2025-02-18 00:00:00+05:30,15.5,15.5,14.630000114440918,14.819999694824219,277263,0.0,0.0,2025-02-18,16.056499910354614,1.2345690555468083,17.29106896590142,14.821930854807805,18.52563802144823,13.587361799260997,-84.30235249858531,-93.18868606471702,25843846,265099.1984120034,275621.8442807254,33.18209493169616,63.28223033370681,14.983333269755045,15.336666425069172,14.46666653951009,15.853333155314127,14.113333384195963,16.206666310628254,13.596666653951008,,-74.91751345924143,-1.2810996215665966,-1.5282599058551034,0.24716028428850678,34.06974215937845,38.33690791492692,15.731999778747559,16.056499910354614,20.418199977874757,25.90610011100769,VIPULLTD.NS,2025-09-05 11:40:00.952979
136,2025-02-17 00:00:00+05:30,15.109999656677246,16.0,15.010000228881836,15.40999984741211,152150,0.0,0.0,2025-02-17,16.336999940872193,1.5386942838422608,17.875694224714454,14.798305657029932,19.414388508556716,13.25961137318767,-6.586567348707406,-86.00928948553894,26121109,151266.54688927453,278252.5057479059,33.20432401973439,54.81490103798147,15.473333358764648,15.936666488647461,14.946666717529297,16.463333129882812,14.483333587646484,16.926666259765625,13.956666946411133,,-55.4455595125874,-1.2893825002673438,-1.5900499769272298,0.300667476659886,36.615415995690554,39.13614588358115,15.823999786376953,16.336999940872193,20.723799991607667,26.11260012626648,VIPULLTD.NS,2025-09-05 11:40:00.952979
137,2025-02-14 00:00:00+05:30,17.09000015258789,17.09000015258789,15.800000190734863,15.800000190734863,122674,0.0,0.0,2025-02-14,16.64199995994568,1.9060033199455344,18.548003279891212,14.735996640000144,20.45400659983675,12.82999332005461,92.33670239175642,-72.08178230867414,26273259,125048.33699343297,309998.9954625637,33.216153061220744,49.81360147104074,16.230000178019207,16.66000016530355,15.370000203450523,17.520000139872234,14.94000021616618,17.950000127156578,14.080000241597496,,-45.28301490701224,-1.3385570721123017,-1.665216846092201,0.3266597739798993,38.37542556386204,40.28303120290995,15.95999984741211,16.64199995994568,21.03920000076294,26.312800130844117,VIPULLTD.NS,2025-09-05 11:40:00.952979
138,2025-02-13 00:00:00+05:30,16.100000381469727,16.780000686645508,15.5,16.639999389648438,320529,0.0,0.0,2025-02-13,16.879499912261963,2.083260282002319,18.96276019426428,14.796239630259644,21.0460204762666,12.712979348257324,115.45372398439741,-74.01848758357083,26395933,344103.3783461052,356236.6600798464,33.22549277764366,50.18194725061069,16.30666669209798,17.11333338419596,15.833332697550453,17.58666737874349,15.026666005452473,18.39333407084147,14.553332010904946,,-18.867940371951054,-1.4196433824211567,-1.7468817895871758,0.32723840716601904,42.45702739278667,42.163407994054026,16.02599964141846,16.879499912261963,21.32560001373291,26.5049001121521,VIPULLTD.NS,2025-09-05 11:40:00.952979
139,2025-02-12 00:00:00+05:30,14.949999809265137,16.040000915527344,14.510000228881836,15.989999771118164,368681,0.0,0.0,2025-02-12,17.026499938964843,2.1674949681634517,19.193994907128296,14.859004970801392,21.361489875291745,12.69151000263794,12.784391611588537,-95.43247511054952,26075404,380336.0713300402,359269.98051328165,33.24876477262194,45.74089193599698,15.513333638509115,16.516667048136394,14.986666361490887,17.043334325154625,13.983332951863607,18.046667734781902,13.456665674845379,,-55.324076067028315,-1.5846758768395688,-1.8286913913786802,0.2440155145391114,37.6955006359295,43.81388144128472,15.771999740600586,17.026499938964843,21.57840003967285,26.684100131988526,VIPULLTD.NS,2025-09-05 11:40:00.952979
140,2025-02-11 00:00:00+05:30,16.09000015258789,16.450000762939453,15.279999732971191,15.279999732971191,97387,0.0,0.0,2025-02-11,17.19399995803833,2.21216112261718,19.406161080655508,14.981838835421149,21.61832220327269,12.769677712803968,27.323133380768503,-95.96233662380635,25706723,96004.7312254753,354003.45780909195,33.27666449334853,47.70773652110898,15.670000076293945,16.0600004196167,14.889999389648438,16.840001106262207,14.499999046325684,17.23000144958496,13.719998359680176,,-72.08239484430993,-1.7079421250376008,-1.889695270013458,0.18175314497585715,31.98722781651675,44.63731092405996,15.513999748229981,17.19399995803833,21.824800033569336,26.869800148010253,VIPULLTD.NS,2025-09-05 11:40:00.952979
141,2025-02-10 00:00:00+05:30,16.299999237060547,16.780000686645508,15.579999923706055,16.09000015258789,293139,0.0,0.0,2025-02-10,17.378499937057494,2.1979590032492484,19.576458940306743,15.180540933808246,21.774417943555992,12.982581930558997,75.5020460185226,-89.75786952428318,25804110,304297.1970793205,418503.1394549961,33.28435257322714,47.25257403871181,16.150000254313152,16.72000058492025,15.519999821980797,17.350001017252605,14.949999491373699,17.920001347859703,14.319999059041344,,-61.98501802426869,-1.7699581189730615,-1.9351335562574221,0.16517543728436057,35.42552658897317,46.09118637317625,15.311999893188476,17.378499937057494,22.05880002975464,27.066100149154664,VIPULLTD.NS,2025-09-05 11:40:00.952979
142,2025-02-07 00:00:00+05:30,15.369999885559082,16.1299991607666,15.0,16.1299991607666,350193,0.0,0.0,2025-02-07,17.541999959945677,2.2185927248136155,19.760592684759292,15.323407235132063,21.979185409572906,13.104814510318446,20.64523530272407,-101.93950751178014,26097249,364426.63200686104,447054.6250489149,33.306490813972026,41.69166452463015,15.7533327738444,16.5066655476888,15.3766663869222,16.883331934611,14.623333613077799,17.636664708455402,14.246667226155598,,-70.38627909372273,-1.9023126052773343,-1.976427415578512,0.07411481030117772,35.60100332005027,47.89413892542251,15.093999862670898,17.541999959945677,22.27760004043579,27.260600156784058,VIPULLTD.NS,2025-09-05 11:40:00.952979
143,2025-02-06 00:00:00+05:30,14.5,15.430000305175781,14.0600004196167,15.369999885559082,322873,0.0,0.0,2025-02-06,17.72350001335144,2.2453209059322834,19.968820919283722,15.478179107419157,22.214141825216007,13.232858201486874,-72.57778608552051,-122.12021777016358,25747056,320165.0305193629,467711.62330942834,33.332951074511556,50.4489147390052,14.953333536783854,15.846666653951008,14.476666768391926,16.323333422342934,13.583333651224772,17.21666653951009,13.106666882832844,,-82.55659663953584,-2.046882833165146,-1.9949561181538062,-0.05192671501133961,29.434101815008106,48.97558937951451,15.026000022888184,17.72350001335144,22.494800052642823,27.457800149917603,VIPULLTD.NS,2025-09-05 11:40:00.952979
144,2025-02-05 00:00:00+05:30,14.59000015258789,14.800000190734863,14.300000190734863,14.699999809265137,466966,0.0,0.0,2025-02-05,17.963500022888184,2.2370357860890877,20.20053580897727,15.726464236799096,22.43757159506636,13.489428450710008,-109.60679592242596,-133.8430841475417,25424183,442864.5232860202,504598.27150694473,33.35850036733627,49.621037659517015,14.600000063578287,14.899999936421711,14.399999936421711,15.100000063578287,14.100000063578287,15.399999936421711,13.899999936421711,,-93.8524613657659,-2.1261147442940214,-1.9819744394009713,-0.14414030489305008,23.431874288318383,49.107456868117474,15.139999961853027,17.963500022888184,22.74640007019043,27.659600143432616,VIPULLTD.NS,2025-09-05 11:40:00.952979
145,2025-02-04 00:00:00+05:30,14.850000381469727,15.210000038146973,14.25,14.270000457763672,412238,0.0,0.0,2025-02-04,18.25800004005432,2.171534954835782,20.4295349948901,16.08646508521854,22.601069949725883,13.914930130382757,-115.69365849272039,-138.99318795156933,24957217,379524.93217468314,520031.7085621758,33.396961827810635,49.66811623188851,14.576666831970215,14.90333366394043,13.943333625793457,15.536666870117188,13.616666793823242,15.863333702087402,12.983333587646484,,-99.72676969129093,-2.1293568844483453,-1.9459393631777089,-0.18341752127063637,19.34334853289721,48.21287536003751,15.429999923706054,18.25800004005432,23.008200092315676,27.858300142288208,VIPULLTD.NS,2025-09-05 11:40:00.952979
146,2025-02-03 00:00:00+05:30,15.59000015258789,15.59000015258789,15.0,15.0,233222,0.0,0.0,2025-02-03,18.595500040054322,2.0396348716127393,20.635134911667063,16.55586516844158,22.6747697832798,14.516230296828844,-90.25908765023782,-131.84169758926433,25369455,225698.70967741965,555158.4026590489,33.43183157523861,60.29327629756462,15.196666717529297,15.393333435058594,14.803333282470703,15.786666870117188,14.606666564941406,15.983333587646484,14.213333129882812,,-100.0,-2.0588964022336818,-1.9000849828600495,-0.1588114193736323,21.121251661030797,47.24947988979754,15.735999870300294,18.595500040054322,23.2728000831604,28.060100145339966,VIPULLTD.NS,2025-09-05 11:40:00.952979
147,2025-02-01 00:00:00+05:30,15.899999618530273,16.200000762939453,15.350000381469727,15.789999961853027,262953,0.0,0.0,2025-02-01,18.918000078201295,1.9491229623832156,20.86712304058451,16.96887711581808,22.816246002967727,15.019754153434864,-80.16543188463628,-125.3049056279667,25602677,267872.76515929966,637523.3259044562,33.450861670692454,61.17341560976754,15.780000368754068,16.21000035603841,15.359999974568684,16.630000750223793,14.929999987284342,17.060000737508137,14.509999593098957,,-88.10975920012305,-2.0093841276149504,-1.8603821280166413,-0.14900199959830918,23.270582332036213,46.52508444263017,16.060000038146974,18.918000078201295,23.521400089263917,28.256700143814086,VIPULLTD.NS,2025-09-05 11:40:00.952979
148,2025-01-31 00:00:00+05:30,16.350000381469727,16.81999969482422,15.34000015258789,15.9399995803833,1473752,0.0,0.0,2025-01-31,19.223000049591064,1.910778591042122,21.133778640633185,17.312221458548944,23.04455723167531,15.40144286750682,-85.6302086110498,-125.91094527737629,25865630,1515587.5007476825,729935.9660907453,33.47144420385771,62.714947869729556,16.03333314259847,16.726666132609047,15.246666590372719,17.513332684834797,14.55333360036214,18.206665674845375,13.76666704813639,,-85.82317946320343,-1.9933512248747505,-1.823131628117064,-0.1702195967576865,23.6957233818691,45.90175580212962,16.40200004577637,19.223000049591064,23.728400077819824,28.440000133514403,VIPULLTD.NS,2025-09-05 11:40:00.952979
149,2025-01-30 00:00:00+05:30,15.699999809265137,16.59000015258789,15.010000228881836,16.149999618530273,1039349,0.0,0.0,2025-01-30,19.543000078201295,1.8674499760899188,21.410450054291214,17.675550102111377,23.277900030381133,15.808100126021458,-111.96067281607344,-134.0617025004354,27339382,1082934.5776464415,533523.082426511,33.58670906930036,53.53174388275846,15.916666666666666,16.823333104451496,15.243333180745442,17.49666659037272,14.336666742960611,18.40333302815755,13.663333257039387,,-82.62195910888433,-1.9573946493296788,-1.7805767289276422,-0.1768179204020366,24.272195358812496,45.23047880466749,16.900000190734865,19.543000078201295,23.950200099945068,28.62560013771057,VIPULLTD.NS,2025-09-05 11:40:00.952979
150,2025-01-29 00:00:00+05:30,15.779999732971191,17.239999771118164,15.779999732971191,15.800000190734863,715909,0.0,0.0,2025-01-29,19.87550005912781,1.8230178205371765,21.698517879664987,18.05248223859063,23.52153570020216,16.229464418053457,-134.107374209331,-135.01743582383136,26300033,729765.3120354078,396170.20862152823,33.66793583845821,62.51092324375101,16.273333231608074,16.766666730244957,15.306666692097984,17.733333269755047,14.813333193461101,18.22666676839193,13.846666653951011,,-99.65456894826522,-1.9023836639519018,-1.736372248827133,-0.1660114151247689,21.309446103092554,44.18187504457766,17.550000190734863,19.87550005912781,24.18960012435913,28.812500143051146,VIPULLTD.NS,2025-09-05 11:40:00.952979
151,2025-01-28 00:00:00+05:30,16.6200008392334,16.6200008392334,16.6200008392334,16.6200008392334,74798,0.0,0.0,2025-01-28,20.249000072479248,1.7055231345238344,21.95452320700308,18.543476937955415,23.660046341526918,16.837953803431578,-169.32497379977568,-136.14311844945178,27015942,80202.76275954719,312771.43276805826,33.725453499231406,71.68664446522251,16.6200008392334,16.6200008392334,16.6200008392334,16.6200008392334,16.6200008392334,16.6200008392334,16.6200008392334,,-100.0,-1.7686592971482042,-1.6948693950459406,-0.07378990210226366,23.291912354525863,43.347031483667685,18.476000213623045,20.249000072479248,24.418600120544433,29.01620012283325,VIPULLTD.NS,2025-09-05 11:40:00.952979
152,2025-01-27 00:00:00+05:30,17.5,18.3799991607666,17.5,17.5,203415,0.0,0.0,2025-01-27,20.60550003051758,1.6513613959636149,22.256861426481194,18.954138634553964,23.90822282244481,17.302777238590348,-148.09920082326985,-121.22368797475346,27090740,229662.0967741939,370913.60027018597,33.73120842410779,72.4284376066598,17.793333053588867,18.086666107177734,17.206666946411133,18.67333221435547,16.913333892822266,18.966665267944336,16.32666778564453,,-100.0,-1.651411356590323,-1.6764219195203747,0.02501056293005166,25.671906569998427,42.807886568429566,19.454000091552736,20.60550003051758,24.62100009918213,29.206100120544434,VIPULLTD.NS,2025-09-05 11:40:00.952979
153,2025-01-24 00:00:00+05:30,18.43000030517578,18.43000030517578,18.43000030517578,18.43000030517578,87692,0.0,0.0,2025-01-24,20.89949998855591,1.5917201919402597,22.49122018049617,19.307779796615648,24.08294037243643,17.71605960467539,-127.13540549028625,-115.20987533443297,27294155,104268.61850074046,406226.47614418395,33.746072792896264,75.52709209171216,18.43000030517578,18.43000030517578,18.43000030517578,18.43000030517578,18.43000030517578,18.43000030517578,18.43000030517578,,-100.0,-1.5629436628214108,-1.6826745602528874,0.11973089743147658,28.533012767179486,42.657360534127235,20.063999938964844,20.89949998855591,24.821800117492675,29.389100112915038,VIPULLTD.NS,2025-09-05 11:40:00.952979
154,2025-01-23 00:00:00+05:30,19.399999618530273,19.399999618530273,19.399999618530273,19.399999618530273,126044,0.0,0.0,2025-01-23,21.171000003814697,1.6113051313323958,22.782305135147094,19.5596948724823,24.393610266479488,17.948389741149906,-49.93635311494195,-101.81736132958312,27381847,157758.29367213117,481715.94055504474,33.7521219034532,74.23910815194549,19.399999618530273,19.399999618530273,19.399999618530273,19.399999618530273,19.399999618530273,19.399999618530273,19.399999618530273,,-76.61537757286659,-1.517588180963049,-1.7126072846107563,0.19501910364770736,31.985509086619302,43.0232038783156,20.293999862670898,21.171000003814697,25.033000106811524,29.54600009918213,VIPULLTD.NS,2025-09-05 11:40:00.952979
155,2025-01-22 00:00:00+05:30,21.049999237060547,21.049999237060547,20.43000030517578,20.43000030517578,301875,0.0,0.0,2025-01-22,21.41850004196167,1.7025407632140246,23.121040805175696,19.715959278747647,24.82358156838972,18.013418515533623,72.01426057681823,-81.8581080616996,27507891,397890.73174999666,562705.3522757731,33.76027399501002,72.15156811037295,20.636666615804035,20.84333292643229,20.223333994547524,21.2566655476888,20.01666768391927,21.463331858317055,19.603335062662758,,-51.62160685325687,-1.5320558951874368,-1.761362060522683,0.22930616533524617,36.31857392735168,44.070691350032725,20.28199996948242,21.41850004196167,25.245800132751466,29.71020009994507,VIPULLTD.NS,2025-09-05 11:40:00.952979
156,2025-01-21 00:00:00+05:30,21.56999969482422,21.56999969482422,20.530000686645508,21.510000228881836,1075696,0.0,0.0,2025-01-21,21.639500045776366,1.8481213615652041,23.48762140734157,19.79137868421116,25.335742768906773,17.94325732264596,121.07474144856862,-74.52994381421486,27809766,1492788.4649166006,603909.0074072172,33.778432837617856,76.46195582018014,21.203333536783855,21.876666386922203,20.836667378743492,22.243332544962566,20.163334528605144,22.916665395100914,19.79666837056478,,-31.009592680182557,-1.6288054470051527,-1.8186886018564943,0.18988315485134155,41.836840076359685,46.0454860579098,19.989999771118164,21.639500045776366,25.453800125122072,29.87080011367798,VIPULLTD.NS,2025-09-05 11:40:00.952979
157,2025-01-20 00:00:00+05:30,19.899999618530273,20.549999237060547,19.899999618530273,20.549999237060547,144396,0.0,0.0,2025-01-20,21.832000064849854,2.0258815868648363,23.857881651714692,19.806118477985017,25.883763238579526,17.780236891120182,29.820227237238324,-97.1624230384004,26734070,191441.14127965155,381689.1430298713,33.838275904292395,62.98028081197437,20.333332697550457,20.76666577657064,20.116666158040367,20.98333231608073,19.683333079020183,21.416665395100914,19.466666539510094,,-58.74731302838283,-1.8343589498185047,-1.8661593905693294,0.03180044075082478,33.49655724981608,48.261684052300666,19.559999847412108,21.832000064849854,25.663400115966798,30.025900115966795,VIPULLTD.NS,2025-09-05 11:40:00.952979
158,2025-01-17 00:00:00+05:30,19.579999923706055,19.59000015258789,19.34000015258789,19.579999923706055,354997,0.0,0.0,2025-01-17,22.098500061035157,2.192115698477482,24.29061575951264,19.906384362557674,26.48273145799012,17.714268664080194,-53.58176429100319,-121.60368691543637,26589674,448441.3698655412,429251.1434674262,33.846982401945276,84.79938430227241,19.503333409627277,19.666666666666664,19.416666666666664,19.753333409627277,19.253333409627277,19.916666666666664,19.166666666666664,,-81.60468841914783,-1.9751908527135242,-1.8741095007570356,-0.1010813519564886,23.158348610405582,49.24043335658844,19.40200004577637,22.098500061035157,25.88220012664795,30.18220012664795,VIPULLTD.NS,2025-09-05 11:40:00.952979
159,2025-01-16 00:00:00+05:30,19.34000015258789,19.34000015258789,18.639999389648438,19.34000015258789,1109875,0.0,0.0,2025-01-16,22.44000005722046,2.3080613418035014,24.74806139902396,20.131938715416958,27.056122740827462,17.823877373613456,-91.2999729947133,-139.51205232011438,26234677,1384837.5915711946,424453.5868678974,33.87000087990584,82.88385478946412,19.106666564941406,19.573333740234375,18.873332977294922,19.80666732788086,18.406665802001953,20.273334503173828,18.17333221435547,,-86.30135656889297,-2.0300409952152165,-1.8488391627679133,-0.18120183244730326,20.312266245617224,48.647149294294906,19.520000076293947,22.44000005722046,26.100600128173827,30.33110013961792,VIPULLTD.NS,2025-09-05 11:40:00.952979
160,2025-01-15 00:00:00+05:30,18.969999313354492,18.969999313354492,18.969999313354492,18.969999313354492,89339,0.0,0.0,2025-01-15,22.820500087738036,2.395723135368025,25.216223223106063,20.42477695237001,27.611946358474086,18.029053817001987,-116.74496348009295,-154.16286020067923,25124802,109339.40442940511,184357.58569207307,33.94366495116169,72.58672473838233,18.969999313354492,18.969999313354492,18.969999313354492,18.969999313354492,18.969999313354492,18.969999313354492,18.969999313354492,,-100.0,-2.0458712608805136,-1.8035387046560873,-0.2423325562244263,15.85048589818156,47.528615476630016,19.770000076293947,22.820500087738036,26.321800117492675,30.466000156402586,VIPULLTD.NS,2025-09-05 11:40:00.952979
161,2025-01-14 00:00:00+05:30,19.360000610351562,19.360000610351562,19.360000610351562,19.360000610351562,53474,0.0,0.0,2025-01-14,23.24700012207031,2.4331441118874357,25.680144233957748,20.813856010182874,28.113288345845184,18.380711898295438,-117.0506795787449,-158.95386530537894,25214141,66790.75307341554,203112.13100774004,33.949778065215746,72.87173363488857,19.360000610351562,19.360000610351562,19.360000610351562,19.360000610351562,19.360000610351562,19.360000610351562,19.360000610351562,,-100.0,-1.9987012719838475,-1.7429555655999804,-0.25574570638386707,16.769483988585606,45.599156641120736,20.18000030517578,23.24700012207031,26.563000144958497,30.613000144958495,VIPULLTD.NS,2025-09-05 11:40:00.952979
162,2025-01-13 00:00:00+05:30,19.760000228881836,19.760000228881836,19.760000228881836,19.760000228881836,34842,0.0,0.0,2025-01-13,23.666500091552734,2.4509101781266964,26.117410269679432,21.215589913426037,28.568320447806126,18.764679735299342,-118.49105136375863,-164.41779590701736,25267615,44417.93083707754,237192.47549132115,33.95334414255995,73.10503576500093,19.760000228881836,19.760000228881836,19.760000228881836,19.760000228881836,19.760000228881836,19.760000228881836,19.760000228881836,,-100.0,-1.946435258297921,-1.6790191390040135,-0.2674161192939075,17.749585228773427,43.64748766014785,20.59800033569336,23.666500091552734,26.76720012664795,30.756000137329103,VIPULLTD.NS,2025-09-05 11:40:00.952979
163,2025-01-10 00:00:00+05:30,20.170000076293945,20.170000076293945,20.170000076293945,20.170000076293945,103468,0.0,0.0,2025-01-10,24.094500064849854,2.4800561449651575,26.57455620981501,21.614443919884696,29.05461235478017,19.13438777491954,-122.8139546383672,-169.2577790493928,25302457,134641.90760606353,285386.111654882,33.95560491261581,71.7748452509072,20.170000076293945,20.170000076293945,20.170000076293945,20.170000076293945,20.170000076293945,20.170000076293945,20.170000076293945,,-100.0,-1.8894213811113723,-1.6121651091805362,-0.277256271930836,18.795112463848994,41.68079852264806,21.02400016784668,24.094500064849854,26.935400123596192,30.879000148773194,VIPULLTD.NS,2025-09-05 11:40:00.952979
164,2025-01-09 00:00:00+05:30,20.59000015258789,20.59000015258789,20.59000015258789,20.59000015258789,30061,0.0,0.0,2025-01-09,24.53100004196167,2.5208955422239248,27.051895584185594,22.010104499737743,29.57279112640952,19.489208957513817,-127.64314490731259,-174.0056256355527,25405925,39932.644812061,323072.16266708664,33.96212879234048,70.24211076708258,20.59000015258789,20.59000015258789,20.59000015258789,20.59000015258789,20.59000015258789,20.59000015258789,20.59000015258789,,-100.0,-1.8281775175478003,-1.5428510411978271,-0.2853264763499732,19.91072929945952,39.70753376358604,21.45800018310547,24.53100004196167,27.095800132751464,30.99760013580322,VIPULLTD.NS,2025-09-05 11:40:00.952979
165,2025-01-08 00:00:00+05:30,21.020000457763672,21.020000457763672,21.020000457763672,21.020000457763672,22524,0.0,0.0,2025-01-08,24.976000022888183,2.573581069316317,27.549581092204498,22.402418953571868,30.123162161520817,19.82883788425555,-132.59625546409484,-177.23865416281978,25435986,30545.45098778514,393857.042130843,33.963967606128534,69.81601598987594,21.020000457763672,21.020000457763672,21.020000457763672,21.020000457763672,21.020000457763672,21.020000457763672,21.020000457763672,,-100.0,-1.7634307979605417,-1.4715194221103336,-0.2919113758502081,21.101470363024674,37.73755387041189,21.9,24.976000022888183,27.277000122070312,31.100200138092042,VIPULLTD.NS,2025-09-05 11:40:00.952979
166,2025-01-07 00:00:00+05:30,21.450000762939453,21.450000762939453,21.450000762939453,21.450000762939453,26468,0.0,0.0,2025-01-07,25.430000019073486,2.63904087512746,28.069040894200946,22.790959143946026,30.708081769328405,20.151918268818566,-136.71120286535842,-179.0210308192902,25458510,36628.29807699886,484684.93991660746,33.965301408398226,68.27188836521701,21.450000762939453,21.450000762939453,21.450000762939453,21.450000762939453,21.450000762939453,21.450000762939453,21.450000762939453,,-100.0,-1.6961652431205252,-1.3985415781477812,-0.29762366497274395,22.342182632985796,35.78231707492523,22.35,25.430000019073486,27.422400131225587,31.19290014266968,VIPULLTD.NS,2025-09-05 11:40:00.952979
167,2025-01-06 00:00:00+05:30,21.889999389648438,21.889999389648438,21.889999389648438,21.889999389648438,130365,0.0,0.0,2025-01-06,25.9164999961853,2.760765175473431,28.677265171658732,23.15573482071187,31.438030347132162,20.39496964523844,-132.55406386614143,-178.32280459606216,25484978,184109.01744719502,596699.1003765096,33.96681703959184,59.55495644863812,21.889999389648438,21.889999389648438,21.889999389648438,21.889999389648438,21.889999389648438,21.889999389648438,21.889999389648438,,-100.0,-1.6266939909468974,-1.3241356619045952,-0.3025583290423022,23.664240506675483,33.850779689803076,22.809999847412108,25.9164999961853,27.577800102233887,31.29050012588501,VIPULLTD.NS,2025-09-05 11:40:00.952979
168,2025-01-03 00:00:00+05:30,22.34000015258789,22.34000015258789,22.34000015258789,22.34000015258789,203440,0.0,0.0,2025-01-03,26.32800006866455,2.7423072185573774,29.07030728722193,23.585692850107172,31.812614505779305,20.843385631549797,-116.69552894737781,-175.50825922786223,25615343,293216.1052285476,699846.6211088382,33.97402485678035,60.27581030560934,22.34000015258789,22.34000015258789,22.34000015258789,22.34000015258789,22.34000015258789,22.34000015258789,22.34000015258789,,-100.0,-1.5564360557043209,-1.2484960796440194,-0.30793997606030143,25.073238776784976,31.957133865185487,23.107999801635742,26.32800006866455,27.740800132751463,31.39830011367798,VIPULLTD.NS,2025-09-05 11:40:00.952979
169,2025-01-02 00:00:00+05:30,22.799999237060547,22.799999237060547,22.799999237060547,22.799999237060547,88616,0.0,0.0,2025-01-02,26.67500009536743,2.6486015444637827,29.323601639831214,24.026398550903647,31.972203184294997,21.377797006439863,-103.20923913080003,-172.5707098491831,25818783,130351.27305750713,801504.2500789107,33.98487064838571,61.92454889859688,22.799999237060547,22.799999237060547,22.799999237060547,22.799999237060547,22.799999237060547,22.799999237060547,22.799999237060547,,-100.0,-1.4872205007862007,-1.171511085628944,-0.3157094151572568,26.575186602752282,30.117651308936118,23.411999893188476,26.67500009536743,27.92660011291504,31.518800106048584,VIPULLTD.NS,2025-09-05 11:40:00.952979
170,2025-01-01 00:00:00+05:30,23.270000457763672,23.270000457763672,23.270000457763672,23.270000457763672,72015,0.0,0.0,2025-01-01,26.950500106811525,2.507108828166844,29.457608934978367,24.443391278644683,31.964717763145213,21.936282450477837,-90.40765269118367,-167.24704126268543,25907399,108115.42470747442,969292.4943342615,33.989414398688865,62.27878854154318,23.270000457763672,23.270000457763672,23.270000457763672,23.270000457763672,23.270000457763672,23.270000457763672,23.270000457763672,,-93.98997288635354,-1.421372912266584,-1.0925837318396296,-0.32878918042695426,28.176540896643743,28.350932955549204,23.722000122070312,26.950500106811525,28.135400161743163,31.652800121307372,VIPULLTD.NS,2025-09-05 11:40:00.952979
171,2024-12-31 00:00:00+05:30,23.75,23.75,22.90999984741211,23.75,3141846,0.0,0.0,2024-12-31,27.136000061035155,2.3529699792175323,29.48897004025269,24.78303008181762,31.84194001947022,22.43006010260009,-94.52304013313665,-170.6054419682961,25979414,4814118.8709677495,1184586.7617409583,33.992954443229394,61.397649575506385,23.46999994913737,24.030000050862633,23.189999898274742,24.31000010172526,22.62999979654948,24.870000203450523,22.34999974568685,,-87.23404008620751,-1.361820090939247,-1.010386436732891,-0.3514336542063561,29.884242782524467,26.67819527201729,24.038000106811523,27.136000061035155,28.369800186157228,31.793800106048582,VIPULLTD.NS,2025-09-05 11:40:00.952979
172,2024-12-30 00:00:00+05:30,23.3799991607666,23.3799991607666,23.3799991607666,23.3799991607666,57593,0.0,0.0,2024-12-30,27.30000009536743,2.2147971983635473,29.51479729373098,25.08520289700388,31.729594492094524,22.870405698640337,-117.89516431241687,-187.33518986344083,22837568,86872.53494619566,277203.7344342604,34.14269092511162,0.0,23.3799991607666,23.3799991607666,23.3799991607666,23.3799991607666,23.3799991607666,23.3799991607666,23.3799991607666,,-100.0,-1.3122134777792063,-0.9225280231813018,-0.3896854545979045,26.704610920853185,24.876785458982923,24.360000228881837,27.30000009536743,28.620800170898438,31.937200107574462,VIPULLTD.NS,2025-09-05 11:40:00.952979
173,2024-12-27 00:00:00+05:30,23.860000610351562,23.860000610351562,23.860000610351562,23.860000610351562,345415,0.0,0.0,2024-12-27,27.48050012588501,2.016762564908733,29.49726269079374,25.463737560976277,31.514025255702474,23.446974996067542,-119.18765777074812,-183.64660327266915,22895161,531716.2652144901,324786.5343062766,34.145575783421585,37.67794905219515,23.860000610351562,23.860000610351562,23.860000610351562,23.860000610351562,23.860000610351562,23.860000610351562,23.860000610351562,,-100.0,-1.1923804816455714,-0.8251066595318257,-0.3672738221137457,28.24773057922647,23.159898918705867,24.860000228881837,27.48050012588501,28.885400199890135,32.06630012512207,VIPULLTD.NS,2025-09-05 11:40:00.952979
174,2024-12-26 00:00:00+05:30,24.350000381469727,24.350000381469727,24.350000381469727,24.350000381469727,53283,0.0,0.0,2024-12-26,27.685000133514404,1.8289384707347252,29.51393860424913,25.856061662779677,31.342877074983853,24.027123192044954,-120.49250862395863,-176.3747412395058,23240576,83705.87550489376,273054.1015792232,34.16213738713034,48.81867694083713,24.350000381469727,24.350000381469727,24.350000381469727,24.350000381469727,24.350000381469727,24.350000381469727,24.350000381469727,,-100.0,-1.0681644326662507,-0.7332882040033893,-0.3348762286628614,29.884667469607535,21.547863789080505,25.370000076293945,27.685000133514404,29.137200202941894,32.20980010986328,VIPULLTD.NS,2025-09-05 11:40:00.952979
175,2024-12-24 00:00:00+05:30,24.850000381469727,24.850000381469727,24.850000381469727,24.850000381469727,28665,0.0,0.0,2024-12-24,27.857000160217286,1.651991211575093,29.50899137179238,26.20500894864219,31.16098258336747,24.5530177370671,-121.80982123863292,-166.01919952608614,23293859,45956.468447408435,320391.1580978055,34.164575157363714,55.06334796714266,24.850000381469727,24.850000381469727,24.850000381469727,24.850000381469727,24.850000381469727,24.850000381469727,24.850000381469727,,-100.0,-0.9412034923760828,-0.6495691468376739,-0.29163434553840895,31.620916719480846,20.063414993225805,25.89000015258789,27.857000160217286,29.378800201416016,32.368600101470946,VIPULLTD.NS,2025-09-05 11:40:00.952979
176,2024-12-23 00:00:00+05:30,25.360000610351562,25.360000610351562,25.360000610351562,25.360000610351562,100861,0.0,0.0,2024-12-23,27.9895001411438,1.4971323614339365,29.486632502577738,26.492367779709863,30.983764864011672,24.99523541827593,-122.87134433346102,-154.53743642050887,23322524,165021.61429423693,388999.8305104048,34.16582028400983,68.26136953596314,25.360000610351562,25.360000610351562,25.360000610351562,25.360000610351562,25.360000610351562,25.360000610351562,25.360000610351562,,-100.0,-0.8136367810594933,-0.5766605604530717,-0.23697622060642165,33.462258383780565,18.731930831328,26.420000076293945,27.9895001411438,29.640200157165527,32.54360008239746,VIPULLTD.NS,2025-09-05 11:40:00.952979
177,2024-12-20 00:00:00+05:30,25.8799991607666,25.8799991607666,25.8799991607666,25.8799991607666,167262,0.0,0.0,2024-12-20,28.09300012588501,1.3721137783224793,29.465113904207488,26.72088634756253,30.837227682529967,25.34877256924005,-116.62631463832648,-138.1142861291444,23423385,279273.5754598806,444994.3845644467,34.16996405670009,63.10136940686435,25.8799991607666,25.8799991607666,25.8799991607666,25.8799991607666,25.8799991607666,25.8799991607666,25.8799991607666,,-100.0,-0.6882121992476833,-0.5174165053014662,-0.17079569394621708,35.414766227737616,17.581686360142452,26.897999954223632,28.09300012588501,29.908800163269042,32.730600090026854,VIPULLTD.NS,2025-09-05 11:40:00.952979
178,2024-12-19 00:00:00+05:30,26.40999984741211,26.40999984741211,26.40999984741211,26.40999984741211,47696,0.0,0.0,2024-12-19,28.1060001373291,1.3511142923870785,29.457114429716178,26.754885844942024,30.80822872210326,25.403771552554943,-118.68807995536233,-117.80682978584505,23590647,81267.8292078819,486424.5868405882,34.17643834278127,59.51729368292609,26.40999984741211,26.40999984741211,26.40999984741211,26.40999984741211,26.40999984741211,26.40999984741211,26.40999984741211,,-87.03703049606152,-0.5684152479651452,-0.4747175818149119,-0.09369766615023328,37.484815884690335,16.64412824597847,27.386000061035155,28.1060001373291,30.14720016479492,32.91590009689331,VIPULLTD.NS,2025-09-05 11:40:00.952979
179,2024-12-18 00:00:00+05:30,26.950000762939453,26.950000762939453,26.950000762939453,26.950000762939453,106207,0.0,0.0,2024-12-18,28.137000179290773,1.3168308162362763,29.45383099552705,26.820169363054497,30.770661811763325,25.50333854681822,-127.8801128515622,-94.56973052242503,23638343,184663.143937388,587713.7762487647,34.1781683284433,56.95218709324843,26.950000762939453,26.950000762939453,26.950000762939453,26.950000762939453,26.950000762939453,26.950000762939453,26.950000762939453,,-77.94610680958722,-0.4586235332962936,-0.4512931652773535,-0.007330368018940048,39.679092217031815,15.954177567613726,27.88400001525879,28.137000179290773,30.33900016784668,33.1098000907898,VIPULLTD.NS,2025-09-05 11:40:00.952979
180,2024-12-17 00:00:00+05:30,27.5,28.0,27.190000534057617,27.5,594146,0.0,0.0,2024-12-17,28.19550018310547,1.2869732121576887,29.48247339526316,26.90852697094778,30.769446607420846,25.621553758790093,-102.8544149883834,-67.82784296359118,23744550,1054130.0000000014,688476.4343266088,34.18175536216788,60.08626283267065,27.56333351135254,27.93666648864746,27.126667022705078,28.373332977294922,26.753334045410156,28.746665954589844,26.316667556762695,,-68.68686122691314,-0.3642899352374087,-0.4494605732726185,0.0851706380352098,42.00459568676405,15.550551563089472,28.391999816894533,28.19550018310547,30.55800018310547,33.30820009231567,VIPULLTD.NS,2025-09-05 11:40:00.952979
181,2024-12-16 00:00:00+05:30,27.75,27.75,27.75,27.75,49475,0.0,0.0,2024-12-16,28.18300018310547,1.295271278616565,29.478271461722034,26.887728904488906,30.7735427403386,25.592457625872342,-78.30651173013975,-62.04284366874221,24338696,88576.20967741948,597063.0429082606,34.20035674410905,68.53636025320293,27.75,27.75,27.75,27.75,27.75,27.75,27.75,,-64.47810739656246,-0.292161390838622,-0.47075323278142095,0.17859184194279892,43.07002093084005,15.26797723181731,28.911999893188476,28.18300018310547,30.806000213623047,33.504700107574465,VIPULLTD.NS,2025-09-05 11:40:00.952979
182,2024-12-13 00:00:00+05:30,28.31999969482422,28.31999969482422,28.31999969482422,28.31999969482422,45468,0.0,0.0,2024-12-13,28.132500171661377,1.3322039915370931,29.46470416319847,26.800296180124285,30.79690815473556,25.468092188587192,-31.835218160413838,-41.83714391824953,24388171,83074.43523382384,724184.7512159708,34.20185240000727,75.52715151761028,28.31999969482422,28.31999969482422,28.31999969482422,28.31999969482422,28.31999969482422,28.31999969482422,28.31999969482422,,-54.882153801001905,-0.22000952125474882,-0.5154011932671206,0.2953916720123718,45.514141898107184,15.32090803355358,29.59799995422363,28.132500171661377,31.01120018005371,33.686700115203855,VIPULLTD.NS,2025-09-05 11:40:00.952979
183,2024-12-12 00:00:00+05:30,28.899999618530273,28.899999618530273,28.899999618530273,28.899999618530273,46475,0.0,0.0,2024-12-12,28.093500232696535,1.3378313444728718,29.431331577169406,26.755668888223664,30.769162921642277,25.417837543750792,7.671135511957885,-24.670328651851467,24433639,86653.38595298042,884462.3302115076,34.20310604537799,82.49809133330825,28.899999618530273,28.899999618530273,28.899999618530273,28.899999618530273,28.899999618530273,28.899999618530273,28.899999618530273,,-39.703708224826386,-0.18043611997089215,-0.5892491112702135,0.40881299129932136,48.092814852382844,15.755489268543553,29.95800018310547,28.093500232696535,31.16900016784668,33.85220010757446,VIPULLTD.NS,2025-09-05 11:40:00.952979
184,2024-12-11 00:00:00+05:30,29.489999771118164,29.489999771118164,29.489999771118164,29.489999771118164,114446,0.0,0.0,2024-12-11,28.098000240325927,1.3408349044825225,29.43883514480845,26.757165335843403,30.77967004929097,25.416330431360883,42.135551534976265,-9.792254835215685,24480114,217742.74282615448,1083914.5662761393,34.204261622863534,81.12365878022152,29.489999771118164,29.489999771118164,29.489999771118164,29.489999771118164,29.489999771118164,29.489999771118164,29.489999771118164,,-30.962965223524307,-0.1841574983895633,-0.6914523590950439,0.5072948607054806,50.81211081184368,16.622419891308994,30.034000396728516,28.098000240325927,31.28080020904541,33.99810012817383,VIPULLTD.NS,2025-09-05 11:40:00.952979
185,2024-12-10 00:00:00+05:30,31.280000686645508,31.280000686645508,29.899999618530273,30.100000381469727,384087,0.0,0.0,2024-12-10,28.125500297546388,1.3760642856446719,29.501564583191062,26.749436011901714,30.877628868835732,25.373371726257044,102.2136158303215,12.807803872866337,24594560,745872.1836462955,1300457.5221386356,34.20679264972772,76.10972610596656,30.426666895548504,30.953334172566734,29.5733331044515,31.806667963663738,29.04666582743327,32.33333524068197,28.193332036336265,0.2211913968526795,-21.9259191442419,-0.2442378009624342,-0.8182760742714139,0.5740382733089797,53.72870349111926,17.824804564777278,29.79800033569336,28.125500297546388,31.394000244140624,34.161000118255615,VIPULLTD.NS,2025-09-05 11:40:00.952979
186,2024-12-09 00:00:00+05:30,31.0,31.579999923706055,30.75,31.18000030517578,1099778,0.0,0.0,2024-12-09,28.162000274658205,1.439417428322454,29.601417702980658,26.72258284633575,31.040835131303112,25.283165418013297,188.57264110451206,25.85261309787516,24978647,2212327.6371371397,1439103.8567617207,34.21420571810782,79.2617508109357,31.170000076293945,31.59000015258789,30.760000228881836,32.0,30.34000015258789,32.420000076293945,29.93000030517578,0.20931706094916458,-5.92592027452257,-0.377534039352291,-0.9617856425986588,0.5842516032463678,59.32720316170979,18.821197272334047,29.17400016784668,28.162000274658205,31.501400260925294,34.33820011138916,VIPULLTD.NS,2025-09-05 11:40:00.952979
187,2024-12-06 00:00:00+05:30,29.75,30.399999618530273,28.510000228881836,30.1200008392334,402438,0.0,0.0,2024-12-06,28.20250024795532,1.5368967216981244,29.739396969653445,26.665603526257197,31.27629369135157,25.128706804559073,167.27800929247886,-16.910290526134652,23878869,782027.9288864147,1245797.911667866,34.22996970891257,77.16063617423612,29.676666895548504,30.84333356221517,28.953334172566734,31.56666628519694,27.786667505900066,32.73333295186361,27.063334782918297,0.25262327521775807,-5.026908341791414,-0.6488370334231952,-1.1078485434102507,0.45901150998705553,55.05943031509107,19.249892509593394,28.344000244140624,28.20250024795532,31.58640026092529,34.48400009155274,VIPULLTD.NS,2025-09-05 11:40:00.952979
188,2024-12-05 00:00:00+05:30,28.8799991607666,29.489999771118164,28.31999969482422,29.280000686645508,398482,0.0,0.0,2024-12-05,28.27100019454956,1.6530033093503076,29.92400350389987,26.617996885199254,31.577006813250176,24.964993575848947,165.15398762015016,-34.58767924671484,23476431,752745.3699107028,1361740.4073632287,34.23779823716329,73.07283380238451,29.03000005086263,29.74000040690104,28.570000330607094,30.200000127156574,27.859999974568684,30.910000483194985,27.40000025431315,0.24524980669970622,-4.506418269289803,-0.8819623279223272,-1.2226014209070144,0.3406390929846872,51.29912826942659,20.477523144194652,27.71800003051758,28.27100019454956,31.68420021057129,34.664500064849854,VIPULLTD.NS,2025-09-05 11:40:00.952979
189,2024-12-04 00:00:00+05:30,27.0,28.31999969482422,26.889999389648438,28.309999465942383,1512621,0.0,0.0,2024-12-04,28.332000160217284,1.7135975867525224,30.045597746969808,26.61840257346476,31.759195333722328,24.90480498671224,69.66891942974415,-62.382187728466356,23077949,2762729.0130434386,1513989.16672636,34.247166519627676,69.20914627182162,27.839999516805012,28.789999643961586,27.359999338785805,29.269999821980793,26.40999921162923,30.219999949137367,25.929999033610024,0.23971967157978552,-23.85120843273528,-1.0843429955804034,-1.3077611941531861,0.22341819857278278,46.49898811042852,21.639625474477253,27.452000045776366,28.332000160217284,31.789800224304198,34.851500053405765,VIPULLTD.NS,2025-09-05 11:40:00.952979
190,2024-12-03 00:00:00+05:30,26.360000610351562,27.5,26.0,26.979999542236328,541460,0.0,0.0,2024-12-03,28.43650016784668,1.7748187423286614,30.211318910175343,26.66168142551802,31.986137652504006,24.886862683189356,-60.68270382789491,-84.5266877718897,21565328,942489.7130412456,1201804.2051470901,34.29006068632705,55.57817103000519,26.826666514078777,27.653333028157554,26.153333028157554,28.326666514078777,25.326666514078777,29.153333028157554,24.653333028157554,0.14194853630189713,-58.25243149932798,-1.2314917150797449,-1.3636157437963816,0.13212402871663675,38.821660124061644,21.9207500586909,27.34800033569336,28.43650016784668,31.914800262451173,35.04660005569458,VIPULLTD.NS,2025-09-05 11:40:00.952979
191,2024-12-02 00:00:00+05:30,26.899999618530273,27.8700008392334,25.639999389648438,27.030000686645508,516364,0.0,0.0,2024-12-02,28.63900022506714,1.8300758569181819,30.46907608198532,26.808924368148958,32.299151938903506,24.978848511230776,-65.30499597061261,-85.6796987454308,22106788,900472.2112618738,1266632.8281735512,34.30901468469351,56.106188323294106,26.84666697184245,28.05333455403646,25.8233331044515,29.07666842142741,24.616665522257488,30.28333600362142,23.59333165486654,0.1580974836272536,-68.20808181092276,-1.2702428602089242,-1.396646750975541,0.12640389076661673,39.01711066827976,21.456637273161707,27.452000427246094,28.63900022506714,32.073400268554686,35.24460004806519,VIPULLTD.NS,2025-09-05 11:40:00.952979
192,2024-11-29 00:00:00+05:30,28.0,28.600000381469727,26.549999237060547,26.989999771118164,322124,0.0,0.0,2024-11-29,28.766000175476073,1.8004338066347276,30.5664339821108,26.965566368841344,32.36686778874553,25.16513256220662,4.2075449180137605,-78.02752129033635,21590424,560911.399114302,1358172.9824014707,34.327058034386745,54.77880929988961,27.37999979654948,28.210000356038414,26.159999211629234,29.43000094095866,25.3299986521403,30.260001500447594,24.109998067220054,0.1676784347649152,-71.8383334299027,-1.3055343199341642,-1.428247723667195,0.12271340373303086,38.78818031694168,20.95682350413027,27.53200035095215,28.766000175476073,32.24360027313232,35.45270004272461,VIPULLTD.NS,2025-09-05 11:40:00.952979
193,2024-11-28 00:00:00+05:30,28.489999771118164,28.940000534057617,27.600000381469727,27.950000762939453,336071,0.0,0.0,2024-11-28,28.825000190734862,1.7580056672462097,30.58300585798107,27.066994523488653,32.34101152522728,25.308988856242443,93.21720389114775,-66.50522316264377,21912548,606011.9165420543,1557488.3782232627,34.33842136921091,60.069761994995204,28.163333892822266,28.726667404174805,27.386667251586914,29.503334045410156,26.823333740234375,30.066667556762695,26.046667098999023,0.19442438002174453,-59.32202336116603,-1.3269977756299376,-1.4589260746004529,0.13192829897051528,42.329499477577,20.90605969630646,27.362000274658204,28.825000190734862,32.42080024719238,35.684200038909914,VIPULLTD.NS,2025-09-05 11:40:00.952979
194,2024-11-27 00:00:00+05:30,27.520000457763672,28.5,27.450000762939453,27.790000915527344,473287,0.0,0.0,2024-11-27,28.837000179290772,1.7525292274183726,30.589529406709143,27.0844709518724,32.34205863412752,25.331941724454026,41.789007362850825,-73.75624741338912,21576477,848557.8169875621,1795357.4936435646,34.34876058500589,59.9102836014058,27.913333892822266,28.376667022705078,27.32666778564453,28.963333129882812,26.86333465576172,29.426666259765625,26.276668548583984,0.18941186453987918,-61.40807089468078,-1.4289170283193542,-1.4919081493430815,0.06299112102372728,41.50295996298628,21.47878604122739,27.178000259399415,28.837000179290772,32.57280021667481,35.90830003738403,VIPULLTD.NS,2025-09-05 11:40:00.952979
195,2024-11-26 00:00:00+05:30,26.889999389648438,28.049999237060547,26.559999465942383,27.5,1711828,0.0,0.0,2024-11-26,28.93000011444092,1.7433723526134344,30.673372467054353,27.186627761827484,32.416744819667784,25.44325540921405,-29.156076680756765,-86.65938386649013,21103190,3037114.1935483925,2032057.412807565,34.36374363878782,56.441043302092964,27.369999567667644,28.179999669392906,26.689999898274742,28.85999933878581,25.87999979654948,29.66999944051107,25.200000127156578,0.22480323852771214,-65.18904759145637,-1.5219967376490118,-1.507655929599013,-0.01434080804999871,40.05704967902738,21.727276586082603,27.244000244140626,28.93000011444092,32.70840019226074,36.13530004501343,VIPULLTD.NS,2025-09-05 11:40:00.952979
196,2024-11-25 00:00:00+05:30,26.190000534057617,27.440000534057617,24.829999923706055,27.43000030517578,3134781,0.0,0.0,2024-11-25,28.969500160217287,1.7180326816979603,30.687532841915246,27.251467478519327,32.405565523613205,25.533434796821368,-83.22792290765652,-105.14492743137798,19391362,5547551.212042541,1780793.217622358,34.42092816305887,50.09529042927042,26.566666920979817,28.30333391825358,25.693333307902016,29.17666753133138,23.956666310628254,30.91333452860514,23.083332697550453,0.19779217830415693,-66.10169027891305,-1.589545718706276,-1.5040707275865133,-0.08547499111976276,39.723105650344074,21.615147522593496,27.194000244140625,28.969500160217287,32.847400207519534,36.341200046539306,VIPULLTD.NS,2025-09-05 11:40:00.952979
197,2024-11-22 00:00:00+05:30,26.75,27.239999771118164,25.670000076293945,26.139999389648438,247932,0.0,0.0,2024-11-22,29.059000110626222,1.6798116249628936,30.738811735589117,27.379188485663327,32.41862336055201,25.699376860700436,-99.19808533613929,-114.43153954380318,16256581,418125.311527376,839103.719017312,34.52924011564285,31.840118482891953,26.349999745686848,27.02999941507975,25.45999972025553,27.919999440511067,24.78000005086263,28.59999910990397,23.890000025431313,-0.12019293008372635,-93.11860441281728,-1.6450509484680218,-1.4827019798065724,-0.16234896866144943,33.371191794914566,20.968840707902963,27.0560001373291,29.059000110626222,32.99200019836426,36.52490003585815,VIPULLTD.NS,2025-09-05 11:40:00.952979
198,2024-11-21 00:00:00+05:30,28.850000381469727,29.399999618530273,26.709999084472656,27.030000686645508,862287,0.0,0.0,2024-11-21,29.254000186920166,1.54400149282216,30.798001679742327,27.709998694098005,32.34200317256449,26.165997201275847,-59.91851671571711,-95.65661531461923,16504513,1503717.3033603572,944348.320889796,34.53953264457339,34.92061949374154,27.713333129882812,28.71666717529297,26.02666664123535,30.40333366394043,25.023332595825195,31.406667709350586,23.336666107177734,-0.16677613899898047,-84.28350548943185,-1.5641439032478992,-1.44211473764121,-0.1220291656066892,35.787192006004915,20.683743080472002,27.336000442504883,29.254000186920166,33.151600189208985,36.71340005874634,VIPULLTD.NS,2025-09-05 11:40:00.952979
199,2024-11-19 00:00:00+05:30,27.700000762939453,28.3799991607666,27.309999465942383,28.1200008392334,207634,0.0,0.0,2024-11-19,29.48400011062622,1.5378739534158974,31.021874064042116,27.946126157210323,32.55974801745801,26.408252203794426,-62.69053367757464,-96.9786115503823,17366800,376688.27446796116,804506.0752721557,34.57171283777946,38.147796373950996,27.93666648864746,28.56333351135254,27.49333381652832,29.00666618347168,26.866666793823242,29.633333206176758,26.4233341217041,-0.15318240847854925,-67.48843320855727,-1.5245108609165747,-1.4116074462395376,-0.11290341467703713,38.99804075128481,20.934116111655936,27.728000259399415,29.48400011062622,33.30100017547608,36.87430004119873,VIPULLTD.NS,2025-09-05 11:40:00.952979
200,2024-11-18 00:00:00+05:30,26.5,28.0,26.010000228881836,27.25,157856,0.0,0.0,2024-11-18,29.74000015258789,1.714833166212097,31.454833318799984,28.025166986375794,33.16966648501209,26.310333820163695,-117.39170784442786,-119.71389938626754,17159166,277521.032258065,911460.5254732042,34.57837700284947,34.6639889987205,27.086666742960613,28.16333325703939,26.173333485921226,29.076666514078777,25.09666697184245,30.153333028157554,24.183333714803062,-0.22507388839097145,-80.89368544146306,-1.5580184071879053,-1.3833815925702782,-0.17463681461762715,34.652655998620006,20.336373773566113,28.112000274658204,29.74000015258789,33.43540016174316,37.041800022125244,VIPULLTD.NS,2025-09-05 11:40:00.952979
201,2024-11-14 00:00:00+05:30,26.25,28.15999984741211,26.15999984741211,26.739999771118164,450254,0.0,0.0,2024-11-14,30.12700023651123,1.976698961900463,32.10369919841169,28.150301274610765,34.08039816031216,26.173602312710305,-172.22514851576526,-129.61137550476252,17001310,776760.7649641973,1069945.398776989,34.58413647103415,35.72249886367506,27.019999821980793,27.879999796549477,25.879999796549477,29.019999821980793,25.019999821980793,29.879999796549477,23.879999796549477,-0.25216562078736326,-90.85173643932315,-1.491629979880674,-1.3397223889158714,-0.15190759096480266,32.016606684786865,19.352481665738253,28.828000259399413,30.12700023651123,33.61380012512207,37.21490003585816,VIPULLTD.NS,2025-09-05 11:40:00.952979
202,2024-11-13 00:00:00+05:30,28.809999465942383,28.989999771118164,27.540000915527344,27.540000915527344,406755,0.0,0.0,2024-11-13,30.60500020980835,2.2513610147075864,32.856361224515936,28.35363919510076,35.10772223922352,26.102278180393178,-167.44122352552927,-118.33102391409449,17451564,722711.8111222802,1143241.5572301866,34.6017599180106,35.561252687694335,28.02333386739095,28.506666819254555,27.056667963663735,29.47333272298177,26.57333501180013,29.956665674845375,25.606669108072914,-0.23651002261832468,-99.19998168945312,-1.33380492571289,-1.3017454911746706,-0.03205943453821947,34.01524554720969,18.358516898105258,29.878000259399414,30.60500020980835,33.791200141906735,37.397900047302244,VIPULLTD.NS,2025-09-05 11:40:00.952979
203,2024-11-12 00:00:00+05:30,29.920000076293945,29.979999542236328,28.530000686645508,28.989999771118164,1336695,0.0,0.0,2024-11-12,31.05850019454956,2.5011204475061506,33.55962064205571,28.55737974704341,36.06074108956186,26.05625929953726,-78.56775053486113,-101.99654378407082,17858319,2500050.822197088,1248373.9937571632,34.61612196279594,34.188973446456345,29.166666666666668,29.803332646687828,28.353333791097008,30.616665522257488,27.716667811075848,31.253331502278648,26.903334935506187,-0.20861505950500855,-70.20000457763672,-1.190319856557874,-1.2937306325401157,0.10341077598224158,38.008562722383964,17.925169979456218,30.66800003051758,31.05850019454956,33.956400108337405,37.57200004577637,VIPULLTD.NS,2025-09-05 11:40:00.952979
204,2024-11-11 00:00:00+05:30,30.829999923706055,31.75,29.280000686645508,30.040000915527344,387639,0.0,0.0,2024-11-11,31.431500244140626,2.7228416851270816,34.15434192926771,28.708658559013543,36.87718361439479,25.985816873886463,15.781260158135753,-82.1105808479999,19195014,751269.413864137,935454.7866471817,34.65397705520457,38.55926634161208,30.356667200724285,31.433333714803062,28.96333440144857,32.82666651407878,27.886667887369793,33.903333028157554,26.493335088094078,-0.1884325458406771,-49.199981689453125,-1.1313832559697516,-1.319583326535676,0.18820007056592436,41.266106850049646,17.977012921480732,30.970000076293946,31.431500244140626,34.05900009155273,37.7181000328064,VIPULLTD.NS,2025-09-05 11:40:00.952979
205,2024-11-08 00:00:00+05:30,32.45000076293945,32.5,30.389999389648438,30.829999923706055,668934,0.0,0.0,2024-11-08,31.751000213623048,2.918819136421801,34.66981935004485,28.83218107720125,37.58863848646665,25.913361940779446,79.57350371618811,-66.49018887445045,19582653,1330531.301223511,981501.1298429428,34.662997623015215,37.44227858572354,31.239999771118164,32.09000015258789,29.979999542236328,33.35000038146973,29.1299991607666,34.20000076293945,27.869998931884766,-0.20834569357859703,-39.454546841708094,-1.142193580712071,-1.3666333441771568,0.22443976346508565,43.894382509186755,18.45637893559083,31.04199981689453,31.751000213623048,34.17460006713867,37.87390001296997,VIPULLTD.NS,2025-09-05 11:40:00.952979
206,2024-11-07 00:00:00+05:30,32.25,32.25,30.110000610351562,31.989999771118164,830919,0.0,0.0,2024-11-07,32.10550012588501,3.216450220143551,35.32195034602856,28.88904990574146,38.53840056617211,25.672599685597906,107.75680627497619,-65.36881261940061,20251587,1714909.5883753407,894243.5869978006,34.675973017753044,37.44551119434196,31.450000127156574,32.789999643961586,30.65000025431315,33.58999951680501,29.310000737508137,34.929999033610024,28.51000086466471,-0.2494311274370823,-43.45087471407782,-1.2165310415177721,-1.422743285043428,0.20621224352565592,48.06870556342636,19.655885482317554,31.08199996948242,32.10550012588501,34.28780010223389,38.00010002136231,VIPULLTD.NS,2025-09-05 11:40:00.952979
207,2024-11-06 00:00:00+05:30,30.5,32.0,29.84000015258789,31.489999771118164,264003,0.0,0.0,2024-11-06,32.445500183105466,3.5461075624968372,35.9916077456023,28.89939262060863,39.53771530809914,25.35328505811179,119.36798709162896,-78.06544127638466,19420668,536351.8973919047,689077.0866534156,34.687315004741556,22.374991311588687,31.109999974568684,32.37999979654948,30.219999949137367,33.26999982198079,28.950000127156574,34.539999643961586,28.060000101725258,-0.29078479159693343,-55.118109729409646,-1.4075156385593246,-1.474296345924842,0.06678070736551733,46.01382294328404,20.777531321599195,30.59799995422363,32.445500183105466,34.388400115966796,38.09410001754761,VIPULLTD.NS,2025-09-05 11:40:00.952979
208,2024-11-05 00:00:00+05:30,30.700000762939453,31.0,29.0,30.5,300619,0.0,0.0,2024-11-05,32.76100015640259,3.732429521100279,36.49342967750287,29.02857063530231,40.225859198603146,25.29614111420203,57.098998420054215,-108.38208500957099,19156665,591540.6129032269,727258.3839687932,34.69161042985067,17.060204387100598,30.166666666666668,31.333333333333336,29.333333333333336,32.16666666666667,28.166666666666668,33.333333333333336,27.333333333333336,-0.27560753398139415,-68.35442885166742,-1.5814653781267758,-1.4909915227662212,-0.09047385536055463,41.77812938211422,21.820794998211262,29.93400001525879,32.76100015640259,34.482200126647946,38.18530002593994,VIPULLTD.NS,2025-09-05 11:40:00.952979
209,2024-11-04 00:00:00+05:30,31.469999313354492,31.600000381469727,30.0,30.399999618530273,245437,0.0,0.0,2024-11-04,33.03600015640259,3.7595917383981994,36.795591894800786,29.276408418004387,40.555183633198986,25.516816679606187,64.45954577515528,-104.05499352404743,18856046,481373.2068627889,761187.8267351848,34.69803248533417,25.417034731125923,30.666666666666668,31.333333333333336,29.73333295186361,32.2666670481364,29.06666628519694,32.93333371480306,28.133332570393883,-0.3265278686115186,-71.76241977342853,-1.682712182718518,-1.4683730589260824,-0.2143391237924357,41.34649498160648,22.26915807181229,29.472000122070312,33.03600015640259,34.56160015106201,38.294500007629395,VIPULLTD.NS,2025-09-05 11:40:00.952979
210,2024-11-01 00:00:00+05:30,31.040000915527344,31.040000915527344,29.700000762939453,31.030000686645508,359002,0.0,0.0,2024-11-01,33.41100025177002,3.8556423439537943,37.266642595723816,29.555357907816227,41.122284939677606,25.69971556386243,27.733953692979398,-115.12358932358983,19101483,718698.8584843309,831141.4817032837,34.70341555590061,21.409004933880027,30.59000078837077,31.480000813802086,30.140000661214195,31.93000094095866,29.25000063578288,32.820000966389976,28.800000508626304,-0.3985332339136766,-65.62803768935588,-1.776994611896253,-1.4147882779779735,-0.3622063339182795,43.22097276915711,23.283649095787997,29.322000122070314,33.41100025177002,34.6102001953125,38.39670000076294,VIPULLTD.NS,2025-09-05 11:40:00.952979
211,2024-10-31 00:00:00+05:30,28.18000030517578,29.56999969482422,28.100000381469727,29.56999969482422,201167,0.0,0.0,2024-10-31,33.85450029373169,4.071452040651399,37.92595233438309,29.78304825308029,41.99740437503449,25.71159621242889,-46.09007140935985,-172.35685190430652,18742481,383774.7179747557,859252.1375080219,34.71015747437414,15.400633386236208,29.079999923706055,30.059999465942383,28.59000015258789,30.549999237060547,27.610000610351562,31.529998779296875,27.1200008392334,-0.12586983442791008,-80.74418888535611,-1.932826090629142,-1.3242366944984034,-0.6085893961307385,37.082807820372224,24.001174144942308,28.77400016784668,33.85450029373169,34.663000144958495,38.50090000152588,VIPULLTD.NS,2025-09-05 11:40:00.952979
212,2024-10-30 00:00:00+05:30,27.799999237060547,28.350000381469727,27.5,28.170000076293945,258313,0.0,0.0,2024-10-30,34.27650022506714,4.041282054934951,38.31778228000209,30.23521817013219,42.35906433493704,26.19393611519724,-82.14107293087224,-228.87165072573887,18541314,469463.047077918,978121.4923913383,34.71544919256893,10.640708821153325,28.00666681925456,28.513333638509117,27.66333325703939,28.856667200724285,27.156666437784832,29.363334019978844,26.813332875569664,0.18078344315610723,-94.63570867689275,-1.9592643848028075,-1.1720893454657186,-0.7871750393370889,30.381394174914533,23.70222362502243,28.704000091552736,34.27650022506714,34.744800148010256,38.61970001220703,VIPULLTD.NS,2025-09-05 11:40:00.952979
213,2024-10-29 00:00:00+05:30,29.799999237060547,29.799999237060547,28.15999984741211,28.190000534057617,250285,0.0,0.0,2024-10-29,34.678500175476074,3.794207821577139,38.47270799705321,30.884292353898935,42.26691581863035,27.090084532321796,-79.06830821424352,-235.36237997447876,18799627,455195.76023655623,1105286.1037196934,34.724113297862395,26.464414721875713,28.71666653951009,29.27333323160807,27.633333841959633,30.356665929158527,27.076667149861652,30.913332621256508,25.993334452311196,0.3005724020871391,-96.40522488790432,-1.8255488386274301,-0.9752955856314462,-0.8502532529959839,30.4243810743434,22.35701861725426,29.078000259399413,34.678500175476074,34.82260017395019,38.74450002670288,VIPULLTD.NS,2025-09-05 11:40:00.952979
214,2024-10-28 00:00:00+05:30,29.0,29.700000762939453,28.049999237060547,29.649999618530273,249466,0.0,0.0,2024-10-28,34.99350023269653,3.4752860559182386,38.46878628861477,31.518214176778294,41.94407234453301,28.042928120860054,-84.30351349014575,-251.51466128181292,19049912,477204.3099894377,1267808.6895904776,34.73250435763549,29.880894520864928,29.133333206176758,30.21666717529297,28.566665649414062,30.783334732055664,27.48333168029785,31.866668701171875,26.916664123535156,0.0436248486883254,-84.47712942823493,-1.6286623308246675,-0.7627322723824503,-0.8659300584422172,33.651960753317795,21.157747298753403,29.76599998474121,34.99350023269653,34.89940013885498,38.86160003662109,VIPULLTD.NS,2025-09-05 11:40:00.952979
215,2024-10-25 00:00:00+05:30,29.299999237060547,29.299999237060547,27.75,28.290000915527344,457110,0.0,0.0,2024-10-25,35.268500328063965,3.2398314042462624,38.508331732310225,32.028668923817705,41.74816313655649,28.78883751957144,-122.5064490865776,-316.64166249734694,18800446,834299.5044191434,1465459.7844907376,34.73901825290784,26.716379077255638,28.446666717529297,29.143333435058594,27.593334197998047,29.996665954589844,26.89666748046875,30.69333267211914,26.0433349609375,0.036652016463458385,-95.58822841930373,-1.4956990248991175,-0.546249757771896,-0.9494492671272216,26.948726766873023,19.783272845745632,30.484000396728515,35.268500328063965,34.92340015411377,38.97210004806519,VIPULLTD.NS,2025-09-05 11:40:00.952979
216,2024-10-24 00:00:00+05:30,28.530000686645508,30.43000030517578,28.530000686645508,29.219999313354492,641128,0.0,0.0,2024-10-24,35.62750034332275,2.7928213556857195,38.42032169900847,32.834678987637034,41.21314305469419,30.041857631951313,-138.60454808922066,-310.52223803965006,19257556,1208629.6593401527,1623249.854508636,34.75419878450467,23.86623156839768,29.393333435058594,30.25666618347168,28.356666564941406,31.293333053588867,27.49333381652832,32.15666580200195,26.456666946411133,0.043384547220477195,-94.81204084708644,-1.168864328760833,-0.3088874409900906,-0.8599768877707423,28.79607577163418,17.983263686092783,31.824000549316406,35.62750034332275,34.96340015411377,39.10420003890991,VIPULLTD.NS,2025-09-05 11:40:00.952979
217,2024-10-23 00:00:00+05:30,30.8700008392334,31.479999542236328,30.040000915527344,30.040000915527344,560834,0.0,0.0,2024-10-23,35.93800039291382,2.353629924078225,38.29163031699205,33.584370468835594,40.64526024107027,31.23074054475737,-161.01424692922953,-286.40632518250663,19898684,1086932.5079650895,1726904.9033007566,34.77253072681365,46.31586109404157,30.520000457763672,31.0,29.560001373291016,31.959999084472656,29.080001831054688,32.439998626708984,28.12000274658203,0.025853700311949685,-100.0,-0.824297562600691,-0.09389321904740495,-0.730404343553286,30.508359692023333,16.294994699773962,33.240000534057614,35.93800039291382,35.003200149536134,39.219000053405765,VIPULLTD.NS,2025-09-05 11:40:00.952979
218,2024-10-22 00:00:00+05:30,31.989999771118164,33.0,31.56999969482422,31.6299991607666,526138,0.0,0.0,2024-10-22,36.186500263214114,1.9206858543275267,38.107186117541644,34.265814408886584,40.02787197186917,32.34512855455906,-188.81969674696387,-228.62079540967667,20459518,1073660.9353837061,1886898.0021346733,34.78628370880477,65.28738885024276,32.06666628519694,32.56333287556966,31.133332570393875,33.49666659037272,30.636665980021156,33.99333318074544,29.703332265218094,0.07998686057843592,-99.4152100053614,-0.4514160642823697,0.08870786684091655,-0.5401239311232863,34.16632259124947,15.00692442008603,34.55400047302246,36.186500263214114,35.05580009460449,39.31810005187988,VIPULLTD.NS,2025-09-05 11:40:00.952979
219,2024-10-21 00:00:00+05:30,35.439998626708984,35.439998626708984,33.2400016784668,33.2400016784668,614667,0.0,0.0,2024-10-21,36.333000373840335,1.647105907873904,37.98010628171424,34.68589446596643,39.62721218958814,33.03878855809253,-195.3088677991305,-121.37615333722961,20985656,1318163.362045044,2090207.2688224148,34.79491211577851,72.66379813017727,33.973333994547524,34.70666631062825,32.50666936238606,36.17333094278971,31.773337046305336,36.90666325887044,30.306672414143875,0.09319753809190572,-100.0,-0.12376585097743487,0.22373884962173812,-0.347504700599173,38.50752587157186,14.242968173155518,35.518000793457034,36.333000373840335,35.11100009918213,39.39380006790161,VIPULLTD.NS,2025-09-05 11:40:00.952979
220,2024-10-18 00:00:00+05:30,36.38999938964844,36.38999938964844,34.47999954223633,34.9900016784668,793641,0.0,0.0,2024-10-18,36.399000358581546,1.539582378951119,37.93858273753266,34.85941797963043,39.47816511648379,33.319835600679305,-129.1168534446504,-36.69767192839987,21600323,1791580.6401354908,2283218.2455167575,34.79989395039909,41.58360069731189,35.28666687011719,36.09333419799805,34.18333435058594,37.1966667175293,33.37666702270508,38.003334045410156,32.27333450317383,0.10030449356630962,-85.1805472354855,0.13904009614670088,0.31061502477153136,-0.17157492862483048,44.1724015935456,14.227267224009749,36.15600051879883,36.399000358581546,35.17020008087158,39.44590005874634,VIPULLTD.NS,2025-09-05 11:40:00.952979
221,2024-10-17 00:00:00+05:30,36.79999923706055,36.97999954223633,35.709999084472656,36.29999923706055,427754,0.0,0.0,2024-10-17,36.395000267028806,1.5435347225904996,37.938534989619306,34.851465544438305,39.48206971220981,33.307930821847805,-77.24171231214659,29.598794736300174,22393964,1001772.2499128786,2406127.6468620743,34.7991042393249,41.59663061195279,36.32999928792318,36.9499994913737,35.67999903361003,37.59999974568685,35.05999883015951,38.219999949137375,34.40999857584636,0.10566690891191168,-68.86675974588329,0.3010561936594769,0.353508756927739,-0.05245256326826209,49.20384221168845,14.91218375806162,36.741999816894534,36.395000267028806,35.217800025939944,39.488000049591065,VIPULLTD.NS,2025-09-05 11:40:00.952979
222,2024-10-16 00:00:00+05:30,36.0,37.77000045776367,36.0,36.61000061035156,480547,0.0,0.0,2024-10-16,36.35700035095215,1.5553068436459108,37.91230719459806,34.80169350730624,39.46761403824397,33.246386663660324,-60.490380095778036,60.30804463461565,22821718,1135021.0298904926,2757216.4960993733,34.795736316037626,41.86810588296167,36.79333368937174,37.586667378743485,35.81666692097981,38.563334147135414,35.02333323160807,39.35666783650716,34.04666646321614,0.10319516017648095,-65.00622085237316,0.3749095257096329,0.36662189774480447,0.008287627964828403,50.46699086888786,15.675459212279993,37.24000015258789,36.35700035095215,35.25360004425049,39.52500005722046,VIPULLTD.NS,2025-09-05 11:40:00.952979
223,2024-10-15 00:00:00+05:30,36.0,37.380001068115234,36.0,36.45000076293945,237305,0.0,0.0,2024-10-15,36.319000244140625,1.5580819819901477,37.877082226130774,34.760918262150476,39.43516420812092,33.20283628016033,-61.32203399620897,54.20614092606205,22341171,558049.5116806038,3162765.3626515935,34.791151199108974,43.913501418983664,36.61000061035156,37.220001220703125,35.84000015258789,37.9900016784668,35.22999954223633,38.60000228881836,34.459999084472656,0.09766115610998431,-66.99874632841446,0.43325328489352444,0.36454999075359734,0.0687032941399271,49.84996942862558,16.300144369178724,37.47799987792969,36.319000244140625,35.247200050354,39.56690004348755,VIPULLTD.NS,2025-09-05 11:40:00.952979
224,2024-10-14 00:00:00+05:30,38.25,38.25,36.20000076293945,36.43000030517578,427784,0.0,0.0,2024-10-14,36.27400016784668,1.5670701973508594,37.84107036519754,34.70692997049582,39.4081405625484,33.13985977314496,-24.886524151043083,77.01616648369563,22103866,1005430.4032612474,3813944.325394341,34.78907833787658,51.179581973769245,36.960000356038414,37.719999949137375,35.67000071207683,39.00999959309896,34.91000111897787,39.76999918619792,33.62000147501628,0.1084470848866019,-67.24781795111393,0.5171440935954053,0.3473741672186155,0.16976992637678973,49.777353739225525,17.196656565870583,37.3879997253418,36.27400016784668,35.28240001678467,39.61840002059937,VIPULLTD.NS,2025-09-05 11:40:00.952979
225,2024-10-11 00:00:00+05:30,39.9900016784668,39.9900016784668,37.70000076293945,37.91999816894531,1046579,0.0,0.0,2024-10-11,36.1810001373291,1.611876521990973,37.79287665932007,34.56912361533813,39.404753181311044,32.957247093347156,60.60605410576827,161.47198279341472,22531650,2560404.7589455913,4516072.805927614,34.78537367928131,50.96173609178418,38.53666687011719,39.37333297729492,37.08333206176758,40.82666778564453,36.246665954589844,41.663333892822266,34.793331146240234,0.11886997300023439,-43.58977848391959,0.6186839756738536,0.3049316856244181,0.3137522900494355,55.3185231663233,18.039673748479977,37.68199996948242,36.1810001373291,35.35840000152588,39.67210000991821,VIPULLTD.NS,2025-09-05 11:40:00.952979
226,2024-10-10 00:00:00+05:30,38.79999923706055,39.5,37.90999984741211,38.790000915527344,1235358,0.0,0.0,2024-10-10,36.00750026702881,1.6015612958192174,37.60906156284803,34.40593897120959,39.21062285866724,32.80437767539038,84.9615358524104,178.82981606655702,23578229,3091583.093613167,5004989.81767312,34.76796368204388,51.80061587319139,38.733333587646484,39.55666732788086,37.96666717529297,40.323333740234375,37.143333435058594,41.14666748046875,36.37666702270508,0.11293940691766696,-33.89075252867189,0.5925695809079912,0.2264936131120592,0.366075967795932,58.87176687217662,17.979141418786146,38.07800064086914,36.00750026702881,35.44700000762939,39.70090002059936,VIPULLTD.NS,2025-09-05 11:40:00.952979
227,2024-10-09 00:00:00+05:30,35.099998474121094,37.79999923706055,35.099998474121094,37.79999923706055,280220,0.0,0.0,2024-10-09,35.80100021362305,1.4859973645563016,37.28699757817935,34.315002849066744,38.77299494273565,32.829005484510446,15.202303020998105,95.50153408153,22342871,683375.2120134917,5483341.498688107,34.74142149785394,49.74471261884488,36.8999989827474,38.6999994913737,35.99999872843425,39.59999974568685,34.199998219807945,41.400000254313156,33.299997965494796,0.08928370787695822,-44.92755903636593,0.4644748264927401,0.1349746211630762,0.32950020532966384,55.87709106862599,18.14676699120692,37.922000122070315,35.80100021362305,35.55240001678467,39.713000011444095,VIPULLTD.NS,2025-09-05 11:40:00.952979
228,2024-10-08 00:00:00+05:30,36.0,37.599998474121094,36.0,36.0,356402,0.0,0.0,2024-10-08,35.61700019836426,1.4529140098997082,37.06991420826397,34.16408618846455,38.522828218163674,32.711172178564844,6.618501797726268,81.72951264453484,22062651,827772.3870967753,6683333.07035676,34.73683620603327,47.76427123615146,36.53333282470703,37.06666564941406,35.46666717529297,38.133331298828125,34.93333435058594,38.666664123535156,33.866668701171875,0.07241380736385904,-64.994437432169,0.39093739218140655,0.052599569830660234,0.33833782235074633,49.69275758649597,19.211485699167703,37.604000091552734,35.61700019836426,35.684600028991696,39.728500003814695,VIPULLTD.NS,2025-09-05 11:40:00.952979
229,2024-10-07 00:00:00+05:30,40.54999923706055,41.83000183105469,37.900001525878906,37.900001525878906,1196564,0.0,0.0,2024-10-07,35.542000198364256,1.4707091715471807,37.012709369911434,34.07129102681708,38.48341854145862,32.600581855269894,134.3363561190011,222.16536854112962,22419053,2925792.0919878604,8147223.241171756,34.73442309668899,49.95903447371358,39.210001627604164,40.52000172932942,36.59000142415364,43.140001932779946,35.28000132242838,44.450002034505204,32.66000111897786,0.04543184150258839,-43.812706469929815,0.4681365505057187,-0.03198488575702636,0.5001214362627451,57.60681169850906,19.780908859200135,37.30200042724609,35.542000198364256,35.88060001373291,39.770000019073485,VIPULLTD.NS,2025-09-05 11:40:00.952979
230,2024-10-04 00:00:00+05:30,39.88999938964844,39.90999984741211,38.5,39.900001525878906,2958686,0.0,0.0,2024-10-04,35.38900012969971,1.368079277128665,36.757079406828375,34.020920852571045,38.12515868395704,32.65284157544238,227.10857835847906,246.82954875496256,23615617,7616230.704167531,9452581.02846773,34.713988755304655,56.209933555388766,39.436667124430336,40.37333424886067,38.96333440144856,40.846666971842446,38.02666727701823,41.78333409627278,37.553334554036454,0.035574241726966646,-0.14182017893908117,0.37276052641006174,-0.15701524482271262,0.5297757712327744,68.22762813648109,18.982123737363814,36.752000427246095,35.38900012969971,36.05840000152588,39.785000019073486,VIPULLTD.NS,2025-09-05 11:40:00.952979
231,2024-10-03 00:00:00+05:30,37.9900016784668,38.02000045776367,36.209999084472656,38.0099983215332,5212561,0.0,0.0,2024-10-03,35.20249996185303,0.8922577911210144,36.09475775297404,34.31024217073202,36.98701554409506,33.417984379611,240.15756060146785,145.42142981789343,20656931,12782544.184573531,9911668.609542778,34.62987017182064,51.4218356487044,37.41333262125651,38.61666615804036,36.806664784749344,39.223333994547524,35.60333124796549,40.426667531331375,34.99666341145833,-0.001814017760257296,-0.1938398551597848,0.04803273000864294,-0.2894591876309062,0.33749191763954917,62.09531909099615,19.100150485262255,35.86600036621094,35.20249996185303,36.20340000152588,39.77250001907348,VIPULLTD.NS,2025-09-05 11:40:00.952979
232,2024-10-01 00:00:00+05:30,36.0,36.209999084472656,35.0099983215332,36.209999084472656,3220899,0.0,0.0,2024-10-01,35.08250007629395,0.6122592174949415,35.69475929378889,34.470240858799,36.30701851128383,33.857981641304065,122.26349277970883,58.483278711960686,15444370,7524435.473624456,9193949.715785088,34.53043609402656,40.2030215227561,35.80999883015951,36.60999933878581,35.40999857584636,37.00999959309896,34.609998067220054,37.810000101725265,34.209997812906906,-0.10422444069220312,-14.974628381551188,-0.18230834116835126,-0.37383216704079353,0.19152382587244227,54.29387896847298,20.49536344997897,35.35000076293945,35.08250007629395,36.362200050354005,39.77140005111694,VIPULLTD.NS,2025-09-05 11:40:00.952979
233,2024-09-30 00:00:00+05:30,35.84000015258789,35.84000015258789,33.79999923706055,34.4900016784668,15504840,0.0,0.0,2024-09-30,35.06200008392334,0.5784512751738925,35.64045135909723,34.48354880874945,36.218902634271124,33.90509753357555,-82.2758651253326,-3.17821185156286,12223471,34500771.45963612,9611328.276325246,34.49934104518752,39.40698728321649,34.710000356038414,35.62000147501628,33.58000055948894,36.75000127156576,32.66999944051107,37.660002390543625,31.539999643961593,-0.1098792570902043,-58.629400095077,-0.2971798128712919,-0.42171312350890405,0.12453331063761214,44.08202405350995,20.50095039489732,35.11000061035156,35.06200008392334,36.53540004730225,39.78130006790161,VIPULLTD.NS,2025-09-05 11:40:00.952979
234,2024-09-27 00:00:00+05:30,35.900001525878906,35.900001525878906,34.400001525878906,35.150001525878906,785949,0.0,0.0,2024-09-27,35.04349994659424,0.603099475526611,35.64659942212085,34.440400471067626,36.24969889764746,33.837300995541014,-17.656073358219675,14.567925531825823,27728311,1782329.583823422,3388967.4804975265,34.50025482669613,62.94622519747883,35.150001525878906,35.900001525878906,34.400001525878906,36.650001525878906,33.650001525878906,37.400001525878906,32.900001525878906,-0.10446085832084143,-41.87812909366053,-0.2703536978256693,-0.4528464511683071,0.18249275334263776,47.8948777855019,20.111063903336174,35.124000549316406,35.04349994659424,36.715400047302246,39.80140005111694,VIPULLTD.NS,2025-09-05 11:40:00.952979
235,2024-09-26 00:00:00+05:30,36.0,36.0,34.04999923706055,35.470001220703125,218943,0.0,0.0,2024-09-26,35.07699985504151,0.6274432230770328,35.70444307811854,34.44955663196448,36.331886301195574,33.82211340888744,-0.5282538423538207,7.062413747689465,28514260,501026.35337189777,3790626.9546660525,34.49701624089187,54.62672537715527,35.173333485921226,36.296667734781906,34.34666697184245,37.12333424886068,33.22333272298177,38.24666849772136,32.396666208903,-0.11855389209640502,-33.756306597201714,-0.29691185826503386,-0.4984696395039665,0.20155778123893264,49.83553626127869,20.08499811309583,35.00600051879883,35.07699985504151,36.92799999237061,39.80790002822876,VIPULLTD.NS,2025-09-05 11:40:00.952979
236,2024-09-25 00:00:00+05:30,35.0099983215332,36.59000015258789,35.0,35.43000030517578,1723591,0.0,0.0,2024-09-25,35.12799987792969,0.6984991051653858,35.82649898309508,34.4295007727643,36.52499808826046,33.73100166759892,77.43153133049182,18.62047367861643,28295317,3939795.46167731,4613027.104989591,34.495663366112005,49.79019142665228,35.673333485921226,36.34666697184245,34.75666681925456,37.26333363850912,34.083333333333336,37.93666712443034,33.16666666666667,-0.16567047915616015,-34.77155861419939,-0.35793080849561676,-0.5488590848136996,0.19092827631808285,49.59849229695768,20.05692726206777,34.89400024414063,35.12799987792969,37.174999961853025,39.80420000076294,VIPULLTD.NS,2025-09-05 11:40:00.952979
237,2024-09-24 00:00:00+05:30,35.47999954223633,35.47999954223633,34.0,35.0099983215332,5058484,0.0,0.0,2024-09-24,35.20749988555908,0.815384181655751,36.02288406721483,34.39211570390333,36.838268248870584,33.57673152224758,-32.867620467214635,-21.77071880801146,26571726,11425646.216096953,4781335.015817661,34.48532294741918,48.93384938325826,34.82999928792318,35.65999857584636,34.17999903361003,36.30999883015951,33.34999974568685,37.13999811808269,32.6999994913737,-0.11398379507853518,-45.4315111531524,-0.4266908772086637,-0.5965911538932203,0.16990027668455654,47.16424168223723,20.660867260882956,34.91600036621094,35.20749988555908,37.38159992218018,39.79589998245239,VIPULLTD.NS,2025-09-05 11:40:00.952979
238,2024-09-23 00:00:00+05:30,35.849998474121094,35.849998474121094,32.86000061035156,34.560001373291016,634710,0.0,0.0,2024-09-23,35.265999984741214,0.8420051530180368,36.10800513775925,34.42399483172318,36.950010290777286,33.58198967870514,-82.23431133058214,-39.715875031305075,21513242,1415198.6110736495,3120257.2157478384,34.46770920435132,40.756840832325835,34.423333485921226,35.98666636149089,32.99666849772136,37.41333134969076,31.433335622151695,38.97666422526042,30.006670633951828,0.030239901534409953,-56.85275747521172,-0.4668957565324092,-0.6390662230643595,0.17217046653195023,44.49729424824973,20.217818381220148,35.08400039672851,35.265999984741214,37.64479991912842,39.78530000686646,VIPULLTD.NS,2025-09-05 11:40:00.952979
239,2024-09-20 00:00:00+05:30,35.75,35.75,34.310001373291016,34.560001373291016,497789,0.0,0.0,2024-09-20,35.26149997711182,0.8462068886033934,36.10770686571521,34.41529308850843,36.953913754318606,33.56908619990503,-21.9532881175535,-30.54964859266507,22147952,1109908.937007044,3546521.866916385,34.46731880056873,48.02587570013787,34.87333424886068,35.43666712443034,33.99666849772136,36.313332875569664,33.433335622151695,36.87666575113933,32.556669871012375,0.04178575641622666,-67.87873883767304,-0.46697812596800503,-0.6821088396973469,0.2151307137293419,44.49729424824973,19.740688818506356,35.28199996948242,35.26149997711182,37.91319988250732,39.77269998550415,VIPULLTD.NS,2025-09-05 11:40:00.952979
240,2024-09-19 00:00:00+05:30,35.5,36.400001525878906,34.70000076293945,34.90999984741211,264205,0.0,0.0,2024-09-19,35.175,0.9967234185962741,36.17172341859627,34.17827658140372,37.16844683719255,33.18155316280745,39.69067121959029,-22.894896602903003,22645741,595057.8393345502,4155675.09939372,34.46701029685657,42.97449486765806,35.33666737874349,35.97333399454753,34.27333323160808,37.036668141682945,33.63666661580404,37.673334757486984,32.573332468668625,0.042319445186657235,-57.27272201832211,-0.4600081576549826,-0.7358915181296823,0.27588336047469975,46.05635202742755,20.168916150983538,35.283999633789065,35.175,38.178399848937985,39.75509996414185,VIPULLTD.NS,2025-09-05 11:40:00.952979
241,2024-09-18 00:00:00+05:30,36.29999923706055,36.650001525878906,34.5099983215332,35.540000915527344,1264061,0.0,0.0,2024-09-18,35.11299991607666,1.0511552319850892,36.16415514806175,34.06184468409157,37.21531038004684,33.01068945210648,59.672171170595064,-21.60671708656048,22909946,2898369.619179514,5045829.4144085115,34.46622629070459,41.89612090688352,35.56666692097982,36.62333552042644,34.483332316080734,37.70667012532552,33.42666371663412,38.76333872477214,32.34332911173503,0.04036588285510777,-41.714259556361604,-0.4785842122259183,-0.8048623582483573,0.326278146022439,48.921283731418434,20.916430635928315,35.19199981689453,35.11299991607666,38.41579982757568,39.73399995803833,VIPULLTD.NS,2025-09-05 11:40:00.952979
242,2024-09-17 00:00:00+05:30,36.0,36.79999923706055,35.25,35.849998474121094,1335620,0.0,0.0,2024-09-17,35.018999862670896,1.094141775140979,36.11314163781187,33.92485808752992,37.207283412952854,32.83071631238894,107.4498894687799,-16.761060752059937,24174007,3089159.674968108,5582694.363215761,34.45705650571961,39.66956301584156,35.96666590372721,36.68333180745442,35.133332570393875,37.51666514078776,34.416666666666664,38.23333104451497,33.58333333333333,0.058702498643446316,-47.19105457930754,-0.5571614749799707,-0.886431894753967,0.3292704197739963,50.35242189482154,21.721446235099613,35.01599960327148,35.018999862670896,38.66179981231689,39.70209993362427,VIPULLTD.NS,2025-09-05 11:40:00.952979
243,2024-09-16 00:00:00+05:30,34.70000076293945,36.20000076293945,34.58000183105469,35.54999923706055,4046712,0.0,0.0,2024-09-16,34.82950000762939,1.258501358650323,36.08800136627971,33.57099864897907,37.34650272493004,32.31249729032874,63.76820779831095,-29.057174491755955,22838387,9281329.581458319,6206078.035277674,34.444373259123296,54.55978990224035,35.4433339436849,36.30666605631511,34.68666712443034,37.063332875569664,33.82333501180013,37.926664988199875,33.06666819254558,0.06402657557249863,-53.9326093124888,-0.6798524046556764,-0.968749499697466,0.2888970950417896,49.012047356100794,23.11452026873055,34.66999969482422,34.82950000762939,38.94759983062744,39.661099948883056,VIPULLTD.NS,2025-09-05 11:40:00.952979
244,2024-09-13 00:00:00+05:30,34.45000076293945,35.0,33.869998931884766,34.56999969482422,916522,0.0,0.0,2024-09-13,34.65349998474121,1.391539388996776,36.045039373737985,33.26196059574443,37.43657876273476,31.870421206747658,-87.01663705095214,-47.927826011593496,18791675,2044139.6942128853,5437265.148732511,34.41300614066236,60.07225182479439,34.47999954223633,35.09000015258789,33.959999084472656,35.61000061035156,33.349998474121094,36.220001220703125,32.82999801635742,0.06024755342175194,-75.95506716009125,-0.7970878002927648,-1.0409737734579134,0.2438859731651486,44.46402443618727,24.128459847114293,34.45999984741211,34.65349998474121,39.24379985809326,39.62959997177124,VIPULLTD.NS,2025-09-05 11:40:00.952979
245,2024-09-12 00:00:00+05:30,36.0,36.0,33.56999969482422,34.45000076293945,3208285,0.0,0.0,2024-09-12,34.46750001907348,1.6312567441371042,36.09875676321059,32.83624327493638,37.73001350734769,31.204986530799275,-67.23481451594888,-46.531524582350976,17875153,7130672.303079183,6285546.512362418,34.41199085472313,61.71975939688697,34.673333485921226,35.776667277018234,33.34666697184245,37.10333379109701,32.243333180745445,38.206667582194015,30.91666666666667,0.059898347319506516,-78.65167190865988,-0.8385924382701191,-1.1019452667492005,0.26335282847908137,43.895005020014274,24.13971550217637,34.513999938964844,34.46750001907348,39.562199897766114,39.608899974823,VIPULLTD.NS,2025-09-05 11:40:00.952979
246,2024-09-11 00:00:00+05:30,34.790000915527344,35.65999984741211,34.150001525878906,34.65999984741211,2801227,0.0,0.0,2024-09-11,34.25950002670288,1.8798780103227142,36.139378037025594,32.37962201638017,38.01925604734831,30.49974400605745,-59.54448452256004,-46.07155457291912,21083438,6263904.993068826,6074265.064683226,34.411110458979344,65.22185907114533,34.823333740234375,35.496665954589844,33.98666763305664,36.33333206176758,33.31333541870117,37.00666427612305,32.47666931152344,0.06305738123471051,-60.58933205567912,-0.8672069293847358,-1.1677834738689707,0.300576544484235,44.63821731911587,24.151836976858604,34.85799942016602,34.25950002670288,39.834999885559085,39.591399974823,VIPULLTD.NS,2025-09-05 11:40:00.952979
247,2024-09-10 00:00:00+05:30,35.09000015258789,35.349998474121094,33.68000030517578,34.119998931884766,1115811,0.0,0.0,2024-09-10,34.08699998855591,1.9959012733634556,36.08290126191937,32.09109871519245,38.07880253528282,30.095197441828997,-111.37804005508225,-54.449742900287305,18282211,2456223.8792377627,6026855.082586826,34.40597314817051,63.67457189924579,34.38333257039388,35.086664835611984,33.41666666666667,36.053330739339195,32.71333440144857,36.756663004557296,31.74666849772136,0.048540800437719425,-70.53409973852114,-0.9113843781555389,-1.2429276099900295,0.33154323183449064,42.30572463804118,24.49384116843313,35.04799957275391,34.08699998855591,40.05779987335205,39.565799961090086,VIPULLTD.NS,2025-09-05 11:40:00.952979
248,2024-09-09 00:00:00+05:30,35.400001525878906,35.400001525878906,34.06999969482422,34.5,4474098,0.0,0.0,2024-09-09,34.01449995040893,2.020819220060544,36.03531917046948,31.993680730348387,38.05613839053002,29.972861510287846,-117.76100378424329,-52.657322740447974,19398022,9958476.193548402,6919512.883424091,34.40834388942278,65.94476865847574,34.65666707356771,35.2433344523112,33.913332621256515,35.9866689046224,33.32666524251302,36.57333628336589,32.58333079020183,0.03726656767882871,-58.974348942285935,-0.9009541371259857,-1.3258134179486523,0.42485928082266655,43.503398473914295,24.597682965996206,35.38399963378906,34.01449995040893,40.27519992828369,39.55109998703003,VIPULLTD.NS,2025-09-05 11:40:00.952979
249,2024-09-06 00:00:00+05:30,36.45000076293945,36.70000076293945,34.36000061035156,34.84000015258789,2871321,0.0,0.0,2024-09-06,34.00899991989136,2.0195776083543384,36.0285775282457,31.98942231153702,38.04815513660004,29.96984470318268,-42.07313326457318,-46.290528270267124,23872120,6453988.650201868,6159772.055893013,34.40519240426876,73.19192565175707,35.300000508626304,36.240000406901046,33.900000254313156,37.640000661214195,32.960000356038414,38.58000055948894,31.560000101725265,-0.0057865446630751835,-44.87735170846687,-0.911373795286984,-1.432028238154319,0.520654442867335,44.55127521433391,24.914759932500775,35.30799942016601,34.00899991989136,40.44759990692139,39.53909997940063,VIPULLTD.NS,2025-09-05 11:40:00.952979
250,2024-09-05 00:00:00+05:30,36.29999923706055,36.5,34.79999923706055,36.16999816894531,1221200,0.0,0.0,2024-09-05,34.07699995040893,2.071264854238212,36.14826480464714,32.005735096170724,38.21952965888536,29.93447024193251,23.50106118857944,-41.76007983159445,26743441,2849729.146059102,6086217.9073158,34.39538129818542,78.94985962577745,35.82333246866862,36.84666570027669,35.146664937337235,37.52333323160807,34.123331705729164,38.54666646321614,33.44666417439778,0.015298213575989407,-25.035196078641775,-0.9443902848496961,-1.5621918488711526,0.6178015640214565,48.822959609850514,25.406468046064035,35.50399932861328,34.07699995040893,40.64819988250733,39.53019998550415,VIPULLTD.NS,2025-09-05 11:40:00.952979
251,2024-09-04 00:00:00+05:30,35.70000076293945,36.5,35.0,35.61000061035156,913948,0.0,0.0,2024-09-04,34.13699998855591,2.150934001401277,36.28793398995718,31.98606598715463,38.438867991358464,29.835131985753353,25.177535906649034,-45.51630809392432,25522241,2099721.8605051376,6895340.097629975,34.378185659563634,77.24528763028808,35.70333353678385,36.406667073567704,34.906667073567704,37.20333353678385,34.20333353678385,37.906667073567704,33.406667073567704,-0.0032496885894529944,-27.46478904770028,-1.1033371059030728,-1.7166422398765164,0.6133051339734437,46.829719238129776,26.160639066330468,35.56800003051758,34.13699998855591,40.81599994659424,39.51500001907348,VIPULLTD.NS,2025-09-05 11:40:00.952979
252,2024-09-03 00:00:00+05:30,34.189998626708984,35.81999969482422,33.5,35.79999923706055,3002200,0.0,0.0,2024-09-03,34.26099996566772,2.3062019821599384,36.56720194782766,31.954797983507785,38.873403929987596,29.648596001347844,-0.9772621304487872,-56.00670909636291,26436189,6934113.400613118,8094244.656911183,34.36918747749826,74.56920681040891,35.039999643961586,36.57999928792317,34.259999593098954,37.359999338785805,32.71999994913737,38.89999898274739,31.939999898274735,0.10141977791718718,-25.234758337598002,-1.2349686989674282,-1.8699685233698773,0.6349998244024491,47.411486083064815,27.072546162677543,35.85,34.26099996566772,41.00459995269775,39.50540002822876,VIPULLTD.NS,2025-09-05 11:40:00.952979
253,2024-09-02 00:00:00+05:30,35.81999969482422,36.72999954223633,34.02000045776367,34.119998931884766,3791463,0.0,0.0,2024-09-02,34.285500049591064,2.3259305447700163,36.61143059436108,31.959569504821047,38.9373611391311,29.63363896005103,8.776820126026351,-59.77896687394792,23433989,8346110.549050373,8384277.4709856985,34.3340105371876,68.55484417949009,34.95666631062826,35.89333216349284,33.18333307902019,37.666665395100914,32.2466672261556,38.6033312479655,30.47333399454753,,-44.95307071920024,-1.4034973654610567,-2.0287184794704896,0.6252211140094328,41.438207470634225,27.6064592440858,35.92600021362305,34.285500049591064,41.187599983215335,39.48740003585815,VIPULLTD.NS,2025-09-05 11:40:00.952979
254,2024-08-30 00:00:00+05:30,36.95000076293945,37.0,35.5,35.81999969482422,1039192,0.0,0.0,2024-08-30,34.490000057220456,2.484975929939606,36.974975987160065,32.00502412728085,39.459951917099666,29.520048197341243,67.13899105344865,-49.72835199652258,27225452,2401539.1692170203,8393819.20146953,34.34086823140819,73.83399048094466,36.106666564941406,36.71333312988281,35.21333312988281,37.606666564941406,34.606666564941406,38.21333312988281,33.71333312988281,,-25.00001119335992,-1.4325454407581404,-2.1850237579728478,0.7524783172147074,46.389218402460834,28.412138228059938,35.99600067138672,34.490000057220456,41.37719997406006,39.470200061798096,VIPULLTD.NS,2025-09-05 11:40:00.952979
255,2024-08-29 00:00:00+05:30,37.02000045776367,37.95000076293945,36.29999923706055,36.4900016784668,2925846,0.0,0.0,2024-08-29,34.71050004959106,2.7865588304389908,37.49705888003005,31.92394121915207,40.283617710469045,29.13738238871308,116.44444981737254,-43.61468751502265,28264644,6888008.093608741,9891889.209532656,34.327762306314064,68.52393992892551,36.913333892822266,37.526668548583984,35.87666702270508,38.56333541870117,35.26333236694336,39.17667007446289,34.22666549682617,,-17.136138568422993,-1.6154548631968026,-2.3731433372765247,0.7576884740797221,48.51035468490814,29.982075097395892,35.39800109863281,34.71050004959106,41.57319995880127,39.42100006103516,VIPULLTD.NS,2025-09-05 11:40:00.952979
256,2024-08-28 00:00:00+05:30,37.25,37.81999969482422,36.18000030517578,37.02000045776367,11802373,0.0,0.0,2024-08-28,35.00349988937378,3.252623428649756,38.25612331802353,31.750876460724022,41.50874674667329,28.498253032074267,154.29371927396133,-45.19589743974321,31190490,28188635.733077295,10642859.488513634,34.27244104435369,72.06687230960964,37.006666819254555,37.83333333333333,36.19333394368489,38.64666620890299,35.36666742960612,39.473332722981766,34.553334554036454,,-18.562227455834236,-1.8911428060232751,-2.562565455796455,0.6714226497731799,50.1962844276635,32.08701536777777,34.83400039672851,35.00349988937378,41.71239994049072,39.35060005187988,VIPULLTD.NS,2025-09-05 11:40:00.952979
257,2024-08-27 00:00:00+05:30,36.189998626708984,36.189998626708984,35.630001068115234,36.18000030517578,10024320,0.0,0.0,2024-08-27,35.35549993515015,3.814704845758208,39.17020478090836,31.540795089391942,42.984909626666564,27.726090243633735,159.87181226086147,-59.02554455709364,19388117,23398703.2683342,6256415.427372718,33.956241878424166,58.465379045518425,36.0,36.369998931884766,35.810001373291016,36.55999755859375,35.44000244140625,36.929996490478516,35.250003814697266,,-29.467082390288585,-2.267650085239083,-2.7304211182397498,0.4627710330006667,47.51164009114655,34.283530329921064,34.162000274658205,35.35549993515015,41.79979991912842,39.260900039672855,VIPULLTD.NS,2025-09-05 11:40:00.952979
258,2024-08-26 00:00:00+05:30,34.470001220703125,34.470001220703125,33.93000030517578,34.470001220703125,763832,0.0,0.0,2024-08-26,35.766999912261966,4.31889978267182,40.08589969493379,31.448100129590145,44.40479947760561,27.129200346918324,113.38540088057863,-81.62320836006431,9363797,1698663.8691878798,1970843.4671323476,33.71533010304438,48.706051262187586,34.290000915527344,34.650001525878906,34.11000061035156,34.83000183105469,33.75,35.19000244140625,33.56999969482422,,-47.33541195144293,-2.6326078733705316,-2.846113876489916,0.2135060031193845,41.5564787912513,35.727057532854275,33.33800048828125,35.766999912261966,41.88839992523194,39.16660003662109,VIPULLTD.NS,2025-09-05 11:40:00.952979
259,2024-08-23 00:00:00+05:30,33.849998474121094,34.25,32.52000045776367,32.83000183105469,460435,0.0,0.0,2024-08-23,36.33349981307983,4.850205847044899,41.18370566012473,31.483293966034935,46.033911507169634,26.633088118990035,35.283044484395575,-99.52572436621072,8599965,975231.0898762373,2038888.3666184645,33.70904849221327,46.389533106219424,33.20000076293945,33.880001068115234,32.150001525878906,34.93000030517578,31.470001220703125,35.61000061035156,30.420001983642578,,-64.47229222256148,-2.8915674366230206,-2.899490377269762,0.007922940646741594,34.98762471363199,36.14472453541104,32.85,36.33349981307983,42.02739986419678,39.08340002059936,VIPULLTD.NS,2025-09-05 11:40:00.952979
260,2024-08-22 00:00:00+05:30,34.9900016784668,34.9900016784668,33.09000015258789,33.66999816894531,752315,0.0,0.0,2024-08-22,37.031499767303465,5.302855620417968,42.33435538772143,31.728644146885497,47.6372110081394,26.425788526467528,42.38479544864911,-98.14968575676113,9060400,1634222.236933556,2304802.685804021,33.71348131373911,43.6530807697006,33.916666666666664,34.74333318074544,32.84333165486653,35.81666819254557,32.01666514078776,36.643334706624344,30.943330128987625,,-59.112841846755096,-3.0177874309487436,-2.901471112431447,-0.1163163185172964,36.963584369480735,36.43986168076808,32.45399971008301,37.031499767303465,42.18319980621338,39.02909999847412,VIPULLTD.NS,2025-09-05 11:40:00.952979
261,2024-08-21 00:00:00+05:30,32.099998474121094,33.65999984741211,32.099998474121094,33.65999984741211,1015053,0.0,0.0,2024-08-21,37.705499935150144,5.6952618220224975,43.40076175717264,32.01023811312765,49.09602357919514,26.314976291105147,-5.794563137864037,-115.30970917645885,8308085,2204302.1822654996,2472447.7980216374,33.71384256871545,37.98971132913508,33.13999938964844,34.18000030517578,32.619998931884766,34.70000076293945,31.579998016357422,35.7400016784668,31.05999755859375,,-69.72083627331689,-3.216390132249707,-2.872392032802123,-0.34399809944758397,36.92420557894924,36.958457791997695,31.778000259399413,37.705499935150144,42.33879985809326,38.980900020599364,VIPULLTD.NS,2025-09-05 11:40:00.952979
262,2024-08-20 00:00:00+05:30,33.38999938964844,33.38999938964844,31.020000457763672,32.060001373291016,406396,0.0,0.0,2024-08-20,38.31999998092651,5.895304349184235,44.21530433011075,32.424695631742274,50.110608679294984,26.52939128255804,-42.721178641706494,-138.3025934223678,7293032,840584.2785870963,2539484.2019606717,33.71445295470695,30.91008681947379,32.15666707356771,33.29333368937175,30.923334757486984,34.526666005452476,29.786668141682945,35.663332621256515,28.55333582560222,,-83.10853487691783,-3.420943905548434,-2.7863925079402265,-0.6345513976082073,30.471054956720735,36.60757376553335,31.288000106811523,38.31999998092651,42.49459987640381,38.91930002212524,VIPULLTD.NS,2025-09-05 11:40:00.952979
263,2024-08-19 00:00:00+05:30,31.440000534057617,32.38999938964844,30.84000015258789,32.029998779296875,711319,0.0,0.0,2024-08-19,38.9604998588562,5.875227905268633,44.83572776412483,33.08527195358757,50.71095566939347,27.210044048318935,-62.71051331886481,-158.31255796023234,6886636,1469906.2388187551,2964209.1828040653,33.72199636923032,29.254897909405898,31.753332773844402,32.666665395100914,31.116666158040367,33.30333201090495,30.203333536783855,34.21666463216146,29.56666692097982,,-83.85093962399876,-3.4734266306455126,-2.627754658538174,-0.8456719721073385,30.34698530021413,36.039380501477744,31.409999465942384,38.9604998588562,42.66639987945557,38.86070001602173,VIPULLTD.NS,2025-09-05 11:40:00.952979
264,2024-08-16 00:00:00+05:30,30.489999771118164,31.600000381469727,29.43000030517578,30.850000381469727,583310,0.0,0.0,2024-08-16,39.533500003814694,5.720534176546672,45.254034180361366,33.81296582726802,50.97456835690804,28.092431650721352,-107.63063288570862,-194.1505018152109,6175317,1160975.078871944,3337784.9188003927,33.735607945395984,26.707537632643906,30.626667022705078,31.823333740234375,29.65333366394043,32.79666709899902,28.456666946411133,33.99333381652832,27.483333587646484,,-91.72494120675593,-3.4850379454802933,-2.416336665511339,-1.0687012799689541,25.490911722798273,34.718901450802996,31.881999588012697,39.533500003814694,42.82379993438721,38.800900020599364,VIPULLTD.NS,2025-09-05 11:40:00.952979
265,2024-08-14 00:00:00+05:30,31.790000915527344,32.689998626708984,29.84000015258789,30.290000915527344,1226698,0.0,0.0,2024-08-14,40.27999992370606,5.497540371975984,45.777540295682044,34.78245955173007,51.275080667658024,29.28491917975409,-131.69999555931506,-216.3093108138364,5592007,2397205.389875846,3881987.3787825047,33.75477059119037,26.861774801818,30.93999989827474,32.039999643961586,29.190001169840492,33.78999837239583,28.090001424153645,34.88999811808268,26.3400026957194,,-97.43589297719637,-3.33088837839216,-2.1491613455191003,-1.1817270328730598,23.129193311955547,32.7165718633087,32.95199966430664,40.27999992370606,43.0207999420166,38.74090002059936,VIPULLTD.NS,2025-09-05 11:40:00.952979
266,2024-08-13 00:00:00+05:30,31.200000762939453,32.400001525878906,31.030000686645508,31.209999084472656,2288750,0.0,0.0,2024-08-13,41.1564998626709,5.210932466275282,46.36743232894618,35.94556739639562,51.57836479522146,30.734634930120336,-148.49623437578776,-236.62224719158021,6818705,4608508.7357797995,4253182.876009169,33.80384314932509,32.60373525718627,31.546667098999023,32.06333351135254,30.69333267211914,32.91666793823242,30.176666259765625,33.43333435058594,29.323331832885742,,-98.9927342508459,-3.027910752241162,-1.853729587300835,-1.174181164940327,24.304413173267363,30.633602380409016,34.36799926757813,41.1564998626709,43.244999923706054,38.699500007629396,VIPULLTD.NS,2025-09-05 11:40:00.952979
267,2024-08-12 00:00:00+05:30,33.04999923706055,34.13999938964844,32.66999816894531,32.66999816894531,1107530,0.0,0.0,2024-08-12,41.883999824523926,4.743953063103658,46.627952887627586,37.140046761420265,51.37190595073124,32.39609369831661,-123.43806831918693,-232.25612840805672,9107455,2334387.2949711,4164351.4110665107,33.874247541181205,36.972164060914224,33.15999857584635,33.64999898274739,32.179997762044266,34.62999979654948,31.689997355143227,35.120000203450516,30.70999654134114,,-100.0,-2.6847360240009266,-1.5601842960657528,-1.1245517279351738,26.271501574568305,28.607195821692233,35.74399948120117,41.883999824523926,43.43479995727539,38.65540000915527,VIPULLTD.NS,2025-09-05 11:40:00.952979
268,2024-08-09 00:00:00+05:30,37.040000915527344,37.2599983215332,34.38999938964844,34.38999938964844,3789249,0.0,0.0,2024-08-09,42.658999824523924,4.414093286584545,47.07309311110847,38.24490653793938,51.487186397693016,33.83081325135483,-89.98127475860997,-207.52918384203747,10214985,8407243.277240396,4621842.440090363,33.89027525149145,39.83866764404201,35.346665700276695,36.30333201090495,33.43333307902019,38.21666463216146,32.47666676839193,39.17333094278972,30.56333414713542,,-100.0,-2.348478349588369,-1.2790463640819594,-1.0694319855064096,28.823473949251323,26.751044992469147,36.46800003051758,42.658999824523924,43.58040000915528,38.604700031280515,VIPULLTD.NS,2025-09-05 11:40:00.952979
269,2024-08-08 00:00:00+05:30,38.75,38.75,35.5,36.20000076293945,1143386,0.0,0.0,2024-08-08,43.33849983215332,4.109696082419964,47.44819591457328,39.22880374973335,51.55789199699325,35.119107667313386,-75.72171187217585,-187.98531993461444,14004234,2670359.617569958,3675492.2308028545,33.86643431160536,47.82651622605767,36.81666692097982,38.13333384195964,34.88333384195964,40.06666692097982,33.56666692097982,41.38333384195964,31.63333384195964,,-88.01109143694329,-2.0517776843932296,-1.011688367705357,-1.0400893166878726,31.84631801821122,25.138063488064994,37.23199996948242,43.33849983215332,43.676600036621096,38.551300029754636,VIPULLTD.NS,2025-09-05 11:40:00.952979
270,2024-08-07 00:00:00+05:30,38.5,39.0,36.5099983215332,37.369998931884766,513798,0.0,0.0,2024-08-07,43.91949977874756,3.8612575617578004,47.78075734050536,40.058242216989754,51.642014902263156,36.19698465523196,-76.98885052207945,-178.20563641989887,15147620,1238750.36846481,3926775.384111078,33.83235032756347,49.768880538164396,37.62666575113932,38.74333318074544,36.25333150227864,40.11666742960612,35.136664072672524,41.233334859212235,33.763329823811844,,-79.90299618953256,-1.8190810939842876,-0.7516660385333888,-1.067415055450899,33.98569953332034,23.674221300536104,38.0379997253418,43.91949977874756,43.72160003662109,38.49480001449585,VIPULLTD.NS,2025-09-05 11:40:00.952979
271,2024-08-06 00:00:00+05:30,34.470001220703125,38.099998474121094,34.470001220703125,38.09000015258789,5361498,0.0,0.0,2024-08-06,44.38999977111816,3.584586723144089,47.974586494262255,40.80541304797407,51.55917321740634,37.220826324829986,-110.96997153591218,-209.04915747328,15661418,13175449.008909676,4598781.638022644,33.80897787637243,44.91982217399637,36.88666661580404,39.30333201090495,35.673334757486984,40.51666386922201,33.25666936238607,42.93332926432292,32.043337504069015,,-74.9133828459703,-1.6088242017813172,-0.484812274670664,-1.1240119271106532,35.34240983089731,22.359314675708436,39.033999633789065,44.38999977111816,43.758200073242186,38.4356000328064,VIPULLTD.NS,2025-09-05 11:40:00.952979
272,2024-08-05 00:00:00+05:30,36.290000915527344,36.290000915527344,36.290000915527344,36.290000915527344,121118,0.0,0.0,2024-08-05,44.87749977111817,3.337154160892942,48.21465393201111,41.54034561022522,51.551808092904054,38.20319144933228,-166.93308738370516,-239.52016406239335,10299920,283572.40844431275,2454614.7953008856,33.491981704409945,41.43978329410056,36.290000915527344,36.290000915527344,36.290000915527344,36.290000915527344,36.290000915527344,36.290000915527344,36.290000915527344,,-100.0,-1.386164752412192,-0.2038092928930007,-1.1823554595191914,28.738499027839566,20.368683235290884,40.22799987792969,44.87749977111817,43.79640007019043,38.354700031280515,VIPULLTD.NS,2025-09-05 11:40:00.952979
273,2024-08-02 00:00:00+05:30,38.209999084472656,39.79999923706055,38.209999084472656,38.209999084472656,1482576,0.0,0.0,2024-08-02,45.56999969482422,2.864969943181515,48.43496963800573,42.705029751642705,51.299939581187246,39.84005980846119,-186.6008197536136,-181.15268523767878,10421038,3654788.877591046,2997375.3920150287,33.48729349679878,40.807323158753135,38.73999913533529,39.26999918619792,37.67999903361003,40.32999928792318,37.1499989827474,40.85999933878581,36.08999888102214,-0.178707050072314,-100.0,-0.9028180362758889,0.09177957198679709,-0.994597608262686,31.973015134407788,18.66556961126076,41.85199966430664,45.56999969482422,43.8866000366211,38.30730001449585,VIPULLTD.NS,2025-09-05 11:40:00.952979
274,2024-08-01 00:00:00+05:30,43.38999938964844,43.400001525878906,40.22999954223633,40.22999954223633,1571175,0.0,0.0,2024-08-01,46.177499771118164,2.4851810869502677,48.662680858068434,43.692318684167894,51.1478619450187,41.20713759721763,-172.58564888999305,-108.63932650603117,11903614,4077959.324566017,2833022.0206210245,33.38840284067188,40.56294712760999,41.28666687011719,42.34333419799805,39.17333221435547,44.456668853759766,38.11666488647461,45.513336181640625,36.00333023071289,-0.10640920024163854,-100.0,-0.45939943852361864,0.3404289740524686,-0.7998284125760873,35.922875949333886,17.369158734751565,43.369999694824216,46.177499771118164,43.95440002441406,38.254200038909914,VIPULLTD.NS,2025-09-05 11:40:00.952979
275,2024-07-31 00:00:00+05:30,45.0,45.0,41.849998474121094,42.349998474121094,2263406,0.0,0.0,2024-07-31,46.69049987792969,2.239688737776495,48.930188615706186,44.45081114015319,51.169877353482676,42.2111224023767,-129.26207798355153,-54.816163333133865,13474789,6184209.073955915,2521787.6946347766,33.233137218138644,46.64182075165173,43.06666564941406,44.28333282470703,41.133331298828125,46.21666717529297,39.916664123535156,47.43333435058594,37.98332977294922,0.03748880637700543,-90.21228701459887,-0.08366810559746796,0.5403860771964903,-0.6240541827939583,40.839647010765155,16.641624753908864,44.68199996948242,46.69049987792969,43.98580001831055,38.15090003967285,VIPULLTD.NS,2025-09-05 11:40:00.952979
276,2024-07-30 00:00:00+05:30,44.900001525878906,45.529998779296875,43.630001068115234,44.060001373291016,330184,0.0,0.0,2024-07-30,46.97749996185303,2.0102261566824886,48.98772611853552,44.967273805170535,50.997952275218005,42.95704764848805,-74.65964038470317,-13.77314615197638,15738195,938574.676996048,1606182.3498044917,32.92500522762294,58.50079395918515,44.40666707356771,45.18333307902019,43.283335367838546,46.30666478474935,42.50666936238607,47.08333079020183,41.383337656656906,0.19323941839810801,-70.04715739810642,0.1898617835026215,0.6963996228949799,-0.5065378393923584,45.50451004555249,16.486192656631516,45.64200057983398,46.97749996185303,43.954800033569335,38.01240005493164,VIPULLTD.NS,2025-09-05 11:40:00.952979
277,2024-07-29 00:00:00+05:30,46.59000015258789,46.59000015258789,43.810001373291016,44.40999984741211,359646,0.0,0.0,2024-07-29,47.064499855041504,1.912596817412168,48.97709667245367,45.15190303762934,50.88969348986584,43.239306220217166,-55.39141645079173,4.133880497159234,16068379,1030443.7938788646,1773084.2680066025,32.86983285861428,58.640801617208034,44.936667124430336,46.06333287556966,43.28333409627278,47.71666590372721,42.15666834513346,48.84333165486653,40.50333531697591,0.17330802064864453,-65.9198166785951,0.36877685927308335,0.8230340827430694,-0.4542572234699861,46.514299076552376,17.122625524745708,46.02000045776367,47.064499855041504,43.873600006103516,37.84330003738403,VIPULLTD.NS,2025-09-05 11:40:00.952979
278,2024-07-26 00:00:00+05:30,47.38999938964844,47.38999938964844,45.369998931884766,45.79999923706055,285740,0.0,0.0,2024-07-26,47.093499946594235,1.8742417052101774,48.96774165180441,45.21925824138406,50.84198335701459,43.34501653617388,14.119899029185543,40.234455466446676,16428025,844315.5988385613,1958744.3865385368,32.807212854681296,57.45334475242563,46.186665852864586,47.003332773844406,44.983332316080734,48.20666631062826,44.166665395100914,49.02333323160808,42.96333185831706,0.41712078616778697,-61.020045922286485,0.5577852980843545,0.9365983886105659,-0.37881309052621137,50.660057139016395,17.894231089007206,46.1120002746582,47.093499946594235,43.772399978637694,37.65820003509521,VIPULLTD.NS,2025-09-05 11:40:00.952979
279,2024-07-25 00:00:00+05:30,47.150001525878906,48.900001525878906,45.5099983215332,46.790000915527344,1072874,0.0,0.0,2024-07-25,46.95949993133545,2.05835017694908,49.017850108284534,44.90114975438637,51.07620028523361,42.84279957743729,53.3846417777078,65.18530397872165,16713765,3238695.1898222943,2237351.5834635305,32.750955996572735,54.498957897879755,47.06666692097982,48.62333552042644,45.233332316080734,50.45667012532552,43.67666371663412,52.01333872477214,41.84332911173503,0.41690291572651916,-52.00363681718045,0.6544282033685036,1.0313016612421186,-0.37687345787361504,53.83330679674203,19.037387786375188,45.650000762939456,46.95949993133545,43.65940002441406,37.447200050354006,VIPULLTD.NS,2025-09-05 11:40:00.952979
280,2024-07-24 00:00:00+05:30,47.0,47.33000183105469,45.869998931884766,47.150001525878906,310627,0.0,0.0,2024-07-24,46.86349983215332,2.1107777027420336,48.97427753489536,44.75272212941129,51.08505523763739,42.641944426669255,34.3143520481627,60.99914018406342,17786639,944907.324127691,1987015.6818738396,32.51894587215634,57.56976138135906,46.78333409627279,47.69666926066081,46.23666636149089,48.24333699544271,45.32333119710287,49.156672159830734,44.77666346232097,0.4490022977906904,-51.00085191601423,0.6707446637186294,1.1255200257105225,-0.45477536199189306,54.99651199899198,20.19584361713883,45.44800033569336,46.86349983215332,43.5116000366211,37.21480003356933,VIPULLTD.NS,2025-09-05 11:40:00.952979
281,2024-07-23 00:00:00+05:30,45.4900016784668,46.36000061035156,43.11000061035156,45.95000076293945,266704,0.0,0.0,2024-07-23,46.73399982452393,2.1708703637435245,48.90487018826745,44.5631294607804,51.07574055201098,42.39225909703688,-63.46933359674673,25.09315345692896,17476012,790648.3228050984,2247542.7713103765,32.44860325899211,59.60550867438331,45.140000661214195,47.17000071207683,43.92000071207683,48.390000661214195,41.890000661214195,50.42000071207683,40.67000071207683,0.38636258451951105,-61.44472472754292,0.6460172738486492,1.2392138662084957,-0.5931965923598466,51.770928880743675,21.27604280677868,45.581999969482425,46.73399982452393,43.341600036621095,36.967800025939944,VIPULLTD.NS,2025-09-05 11:40:00.952979
282,2024-07-22 00:00:00+05:30,43.0,45.099998474121094,41.52000045776367,44.869998931884766,242120,0.0,0.0,2024-07-22,46.68849983215332,2.197539980792167,48.886039812945484,44.490959851361154,51.083579793737655,42.29341987056898,-143.5845640168481,-2.575513355085692,17209308,700898.3317024488,2611766.3834366957,32.392639311888836,60.92334957776436,43.82999928792318,46.13999811808269,42.560000101725265,47.4099973042806,40.25000127156576,49.71999613444011,38.98000208536784,0.3611137533365299,-70.84422021796567,0.7227524744735518,1.3875130142984573,-0.6647605398249055,48.69798738856347,21.91324305246555,45.54399948120117,46.68849983215332,43.180600051879885,36.72230001449585,VIPULLTD.NS,2025-09-05 11:40:00.952979
283,2024-07-19 00:00:00+05:30,45.0,46.0,43.4900016784668,43.4900016784668,408124,0.0,0.0,2024-07-19,46.69249992370605,2.1941257802446783,48.88662570395073,44.498374143461376,51.08075148419541,42.30424836321669,-159.22408826337744,10.096396588785957,16967188,1145116.9964530717,3089483.3963702573,32.34551003659926,65.44943178750295,44.32666778564453,45.163333892822266,42.65333557128906,46.836666107177734,41.81666946411133,47.67333221435547,40.14333724975586,0.3557675832935517,-99.79035153205726,0.9164098059915347,1.5537031492546836,-0.6372933432631489,44.50242641349876,21.867098671794363,46.20399932861328,46.69249992370605,43.027200088500976,36.477600021362306,VIPULLTD.NS,2025-09-05 11:40:00.952979
284,2024-07-18 00:00:00+05:30,46.0,47.63999938964844,45.41999816894531,45.779998779296875,866466,0.0,0.0,2024-07-18,46.69799976348877,2.185797892271642,48.88379765576041,44.51220187121712,51.06959554803205,42.326403978945486,-85.23786910550102,54.18171634808047,17375312,2559149.188535633,3575574.9963495536,32.27409925925017,77.47714398561692,46.279998779296875,47.13999938964844,44.91999816894531,48.5,44.05999755859375,49.36000061035156,42.69999694824219,0.3532421061202394,-74.07787690173049,1.2863736977263045,1.7130264850704706,-0.4266527873441661,50.9190681846545,22.64817732119916,47.10199890136719,46.69799976348877,42.88740005493164,36.23720001220703,VIPULLTD.NS,2025-09-05 11:40:00.952979
285,2024-07-16 00:00:00+05:30,43.470001220703125,48.040000915527344,43.470001220703125,47.81999969482422,3475384,0.0,0.0,2024-07-16,46.68999977111817,2.1896240494387076,48.87962382055687,44.50037572167946,51.06924786999558,42.310751672240755,-91.88116214954334,60.43694062151203,18241778,10722120.117380468,3829681.4483030336,32.087832632580636,80.19634056115436,46.4433339436849,49.41666666666667,44.84666697184245,51.01333363850912,41.87333424886068,53.98666636149089,40.276667277018234,,-49.95186652156865,1.515019061339423,1.8196896819065123,-0.30467062056708927,57.81466965508308,24.305208387452286,47.50999908447265,46.68999977111817,42.687800064086915,35.96490001678467,VIPULLTD.NS,2025-09-05 11:40:00.952979
286,2024-07-15 00:00:00+05:30,45.7599983215332,46.099998474121094,45.7599983215332,45.7599983215332,290245,0.0,0.0,2024-07-15,46.471499824523924,2.286809605817408,48.758309430341335,44.184690218706514,51.04511903615874,41.89788061288911,-134.15258182543025,51.0384503146556,14766394,856878.1105053824,2106571.781033675,31.16660808605552,74.15217504319477,45.873331705729164,45.986665089925125,45.646664937337235,46.213331858317055,45.533331553141274,46.326665242513016,45.306664784749344,,-69.77863740033689,1.5838903979006602,1.8958573370482843,-0.3119669391476241,51.67870837988543,26.08970338187873,47.301998901367185,46.471499824523924,42.433400039672854,35.66370002746582,VIPULLTD.NS,2025-09-05 11:40:00.952979
287,2024-07-12 00:00:00+05:30,48.380001068115234,50.0,45.58000183105469,48.16999816894531,1272120,0.0,0.0,2024-07-12,46.25299987792969,2.5517902182334318,48.80479009616312,43.70120965969626,51.35658031439655,41.149419441462825,-23.987130908068973,98.81262936680342,15056639,3953420.5206889557,2418995.1986657484,31.094890749152235,77.0023148672759,47.916666666666664,50.25333150227864,45.83333333333333,52.33666483561198,43.49666849772135,54.673329671223954,41.413335164388016,,-46.58325733310423,1.850947162566051,1.9738490718351902,-0.12290190926913924,61.37691281645134,26.654475037674576,47.71799926757812,46.25299987792969,42.21020004272461,35.37510004043579,VIPULLTD.NS,2025-09-05 11:40:00.952979
288,2024-07-11 00:00:00+05:30,48.400001525878906,48.900001525878906,47.5,47.97999954223633,213509,0.0,0.0,2024-07-11,45.875,2.800675794117875,48.67567579411787,43.07432420588213,51.47635158823575,40.27364841176425,5.3935626662310066,109.79477534964944,13784519,660913.6595008615,2035388.8681599465,30.71900890983523,85.120519822384,48.12666702270508,48.753334045410156,47.35333251953125,49.526668548583984,46.72666549682617,50.15333557128906,45.953330993652344,,-48.41192564754398,1.927467623830907,2.004574549152475,-0.07710692532156793,60.83890776272366,27.262690666993176,48.11199951171875,45.875,41.92580009460449,35.05440006256104,VIPULLTD.NS,2025-09-05 11:40:00.952979
289,2024-07-10 00:00:00+05:30,47.25,48.099998474121094,46.0,47.81999969482422,316915,0.0,0.0,2024-07-10,45.54699993133545,2.9226542596936618,48.46965419102911,42.62434567164179,51.39230845072277,39.701691411948126,-10.027182050917853,98.78458930506176,13571010,977733.8840829189,2379007.6703247176,30.654998697300098,83.30369668177767,47.3066660563151,48.613332112630204,46.51333363850911,49.406664530436196,45.20666758219401,50.7133305867513,44.413335164388016,,-49.95186652156865,2.0149449333257152,2.0238512804828668,-0.00890634715715155,60.407654594430895,26.59920902563573,48.587999725341795,45.54699993133545,41.63220008850098,34.733600063323976,VIPULLTD.NS,2025-09-05 11:40:00.952979
290,2024-07-09 00:00:00+05:30,48.5,48.5,46.5,46.779998779296875,287473,0.0,0.0,2024-07-09,45.18699989318848,3.067770156137381,48.254770049325856,42.1192297370511,51.32254020546324,39.051459580913715,-2.237732834966997,104.65832833130389,13254095,867612.038005215,2729326.116885167,30.559992676365624,80.3659340167778,47.25999959309896,48.01999918619792,46.01999918619792,49.25999959309896,45.25999959309896,50.01999918619792,44.01999918619792,,-59.96150056027222,2.1121704897978972,2.026077867272155,0.08609262252574235,57.588702225310165,26.176401348242255,49.12200012207031,45.18699989318848,41.331800079345705,34.42140007019043,VIPULLTD.NS,2025-09-05 11:40:00.952979
291,2024-07-08 00:00:00+05:30,49.9900016784668,52.5,47.630001068115234,47.84000015258789,516126,0.0,0.0,2024-07-08,44.92049999237061,3.1524437804785252,48.072943772849136,41.76805621189208,51.22538755332766,38.61561243141356,64.85341582026247,161.921757810482,13541568,1592997.9302422334,3194754.6366051547,30.47814647721181,82.21033749814058,49.323333740234375,51.016666412353516,46.14666748046875,54.19333267211914,44.45333480834961,55.88666534423828,41.276668548583984,,-49.75936932292974,2.307070413783201,2.0045547116407194,0.3025157021424816,61.74971766232338,25.35985483092648,49.38400039672852,44.92049999237061,41.052200088500975,34.11360008239746,VIPULLTD.NS,2025-09-05 11:40:00.952979
292,2024-07-05 00:00:00+05:30,50.27000045776367,51.18000030517578,48.15999984741211,50.13999938964844,764307,0.0,0.0,2024-07-05,44.601000022888186,3.164768330246267,47.765768353134455,41.43623169264192,50.93053668338072,38.27146336239565,96.61849508761313,190.28803058840364,14057694,2472409.8395809093,3595193.8131958847,30.319418051116436,85.72141601273415,49.826666514078774,51.49333318074544,48.473332722981766,52.846666971842446,46.8066660563151,54.51333363850911,45.453332265218094,,-24.720066528864386,2.417251690095064,1.9289257861050988,0.4883259039899652,72.27085005585039,23.63223202446525,48.976000213623045,44.601000022888186,40.74240005493164,33.78770008087158,VIPULLTD.NS,2025-09-05 11:40:00.952979
293,2024-07-04 00:00:00+05:30,52.5,53.0099983215332,48.52000045776367,50.36000061035156,1689137,0.0,0.0,2024-07-04,44.12650012969971,2.9975980319700777,47.124098161669785,41.12890209772963,50.12169619363986,38.13130406575955,160.95207995807507,233.7621294783574,14822001,5488060.6678043585,3875889.806599628,30.047394210193648,91.08091044365777,50.62999979654948,52.73999913533528,48.25000127156575,55.11999766031901,46.140001932779946,57.22999699910481,43.76000340779622,,-22.064929904530914,2.295177010055113,1.8068443101076075,0.4883326999475055,73.38136253251659,22.156338482781223,47.94600067138672,44.12650012969971,40.37460006713867,33.4403000831604,VIPULLTD.NS,2025-09-05 11:40:00.952979
294,2024-07-03 00:00:00+05:30,50.400001525878906,50.4900016784668,48.15999984741211,50.4900016784668,818420,0.0,0.0,2024-07-03,43.60350017547607,2.7554965970201293,46.3589967724962,40.848003578455945,49.11449336951633,38.09250698143581,216.88918491387858,237.3691407227003,16511138,2665937.2370123137,3472847.091298445,29.41201970034422,89.76614462971408,49.71333440144857,51.26666895548503,48.93666712443034,52.04333623250326,47.38333257039388,53.59667078653972,46.606665293375656,,-0.0,2.082442231146011,1.684761135120731,0.3976810960252801,74.00532611678133,20.29368871957648,46.49800033569336,43.60350017547607,40.015400085449215,33.09120007514954,VIPULLTD.NS,2025-09-05 11:40:00.952979
295,2024-07-02 00:00:00+05:30,47.0,48.09000015258789,46.11000061035156,48.09000015258789,641429,0.0,0.0,2024-07-02,43.114000129699704,2.299618600175698,45.4136187298754,40.814381529524006,47.7132373300511,38.51476292934831,209.23655078342932,192.92090947478297,15692718,1990085.2069596355,3674574.5548699778,29.087652495387143,89.30699840794755,47.43000030517578,48.75,46.77000045776367,49.40999984741211,45.45000076293945,50.72999954223633,44.790000915527344,,-0.0,1.7657219585442832,1.5853408611144109,0.1803810974298723,69.56960457923459,19.08323521440763,45.373999786376956,43.114000129699704,39.65560005187988,32.740800056457516,VIPULLTD.NS,2025-09-05 11:40:00.952979
296,2024-07-01 00:00:00+05:30,44.9900016784668,47.22999954223633,44.9900016784668,45.79999923706055,1167568,0.0,0.0,2024-07-01,42.78450012207031,2.001968551064031,44.786468673134344,40.78253157100628,46.788437224198375,38.78056301994225,127.39563334450754,162.78016898040568,15051289,3449975.0651107356,4095696.891847563,28.85566885503539,87.68085756528825,46.006666819254555,47.02333196004231,44.78333409627278,48.246664683024086,43.766668955485024,49.263329823811844,42.54333623250325,,-21.136094495648624,1.5698344574052285,1.5402455867569427,0.02958887064828586,64.14939694009212,18.79132076927051,44.668000030517575,42.78450012207031,39.34780006408691,32.41290005683899,VIPULLTD.NS,2025-09-05 11:40:00.952979
297,2024-06-28 00:00:00+05:30,43.439998626708984,45.0,43.25,44.9900016784668,5892644,0.0,0.0,2024-06-28,42.52950019836426,1.9208151634883284,44.45031536185259,40.60868503487593,46.37113052534092,38.687869871387605,9.885206553186782,119.7659303206601,13883721,17103875.06132953,4257127.34853177,28.470573877953157,86.26142475246739,44.413333892822266,45.57666778564453,43.82666778564453,46.163333892822266,42.663333892822266,47.32666778564453,42.07666778564453,,-31.83619477633376,1.5207841187275335,1.5328483690948713,-0.012064250367337825,61.92172928818239,18.912568735071783,44.51600036621094,42.52950019836426,39.073800048828126,32.111400060653686,VIPULLTD.NS,2025-09-05 11:40:00.952979
298,2024-06-27 00:00:00+05:30,46.0,46.0,42.619998931884766,43.119998931884766,256676,0.0,0.0,2024-06-27,42.27750015258789,1.9116093563689862,44.189109508956875,40.365890796218906,46.10071886532586,38.45428143984992,-0.7389488560575523,107.41475455733863,7991077,714056.054570353,1045440.4203323302,26.330262095180043,66.95057081174139,43.91333262125651,45.20666631062825,41.826665242513016,47.29333368937174,40.533331553141274,48.586667378743485,38.44666417439778,,-56.53900616297879,1.5147151246952149,1.5358644316867056,-0.021149306991490757,56.069956259299005,20.32390102441437,44.508000183105466,42.27750015258789,38.827000045776366,31.817000045776368,VIPULLTD.NS,2025-09-05 11:40:00.952979
299,2024-06-26 00:00:00+05:30,44.959999084472656,45.900001525878906,43.54999923706055,44.869998931884766,238742,0.0,0.0,2024-06-26,42.08150024414063,2.01864513335234,44.100145377492964,40.06285511078829,46.11879051084531,38.04420997743595,44.56791914224516,136.37864764075502,8247753,691119.5667739387,1128286.5117728245,26.234969551199526,72.42294261974236,44.77333323160807,45.996667226155594,43.646664937337235,47.12333552042643,42.42333094278971,48.346669514973954,41.296662648518875,,-30.48194775613155,1.668161681246069,1.5411517584345782,0.1270099228114907,64.71177899840686,21.843797336014077,44.604000091552734,42.08150024414063,38.63060005187988,31.548800048828124,VIPULLTD.NS,2025-09-05 11:40:00.952979
300,2024-06-25 00:00:00+05:30,46.7400016784668,46.7400016784668,44.5,44.560001373291016,851362,0.0,0.0,2024-06-25,41.76050033569336,2.061870382873985,43.82237071856734,39.698629952819374,45.884241101441326,37.63675956994539,72.10168038755047,153.107591347036,8009011,2447528.508978571,1237578.2480225458,26.136071569359167,75.92837204426792,45.26666768391927,46.033335367838546,43.79333368937175,47.50666936238607,43.026666005452476,48.27333704630534,41.55333201090495,,-34.216856727377014,1.666996110750631,1.5093992777317053,0.15759683301892569,63.793877422005586,22.927392646321966,44.75400009155273,41.76050033569336,38.412200088500974,31.265100059509276,VIPULLTD.NS,2025-09-05 11:40:00.952979
301,2024-06-24 00:00:00+05:30,44.5,46.75,44.0,45.040000915527344,684382,0.0,0.0,2024-06-24,41.49250030517578,2.0268896539317995,43.51938995910758,39.465610651243985,45.54627961303938,37.43872099731218,90.4701087639352,154.0814338052337,8860373,1988681.6713916443,935090.6827835394,25.780667025700936,66.33158739557942,45.26333363850912,46.526667277018234,43.776667277018234,48.01333363850912,42.51333363850912,49.276667277018234,41.026667277018234,,-28.43373183883048,1.6707763730725276,1.4700000694769737,0.20077630359555387,66.27240610819646,23.379535635651433,44.53199996948242,41.49250030517578,38.214000091552734,30.98850004196167,VIPULLTD.NS,2025-09-05 11:40:00.952979
302,2024-06-21 00:00:00+05:30,43.9900016784668,45.779998779296875,43.0,44.95000076293945,279612,0.0,0.0,2024-06-21,41.24050025939941,1.869844742135997,43.11034500153541,39.370655517263415,44.9801897436714,37.50081077512742,88.62610924221225,137.6953883780691,8175991,810874.8137630352,671692.9356315132,25.477310313668255,56.95830626539376,44.576666514078774,46.15333302815755,43.37333424886067,47.35666529337565,41.7966677347819,48.93333180745442,40.5933354695638,,-29.518070627944898,1.6030287786572401,1.4198059935780851,0.18322278507915501,66.04270418209944,23.86645885492932,43.80199966430664,41.24050025939941,38.00620010375977,30.7071000289917,VIPULLTD.NS,2025-09-05 11:40:00.952979
303,2024-06-20 00:00:00+05:30,46.0,47.400001525878906,43.5099983215332,43.599998474121094,463018,0.0,0.0,2024-06-20,41.03300018310547,1.6543815725752893,42.68738175568076,39.37861861053018,44.34176332825605,37.72423703795489,130.99652330380619,145.23461652010937,7896379,1302424.780225202,636897.4660986327,25.351185834636667,65.33164078751693,44.836666107177734,46.163333892822266,42.27333068847656,48.72666931152344,40.94666290283203,50.05333709716797,38.38332748413086,,-45.78315246466121,1.5008666647946995,1.374000297308296,0.12686636748640345,62.48390502331922,24.915079040381134,42.933999633789064,41.03300018310547,37.787200088500974,30.43160001754761,VIPULLTD.NS,2025-09-05 11:40:00.952979
304,2024-06-19 00:00:00+05:30,45.619998931884766,45.619998931884766,45.619998931884766,45.619998931884766,155266,0.0,0.0,2024-06-19,40.93300018310547,1.548081940606277,42.481082123711744,39.3849182424992,44.029164064318024,37.836836301892916,247.86005737080671,167.09638191611091,8359397,456982.88736503426,470515.6375669904,25.153337103445576,83.56656974758549,45.619998931884766,45.619998931884766,45.619998931884766,45.619998931884766,45.619998931884766,45.619998931884766,45.619998931884766,,-0.0,1.4802825676907645,1.342283705436695,0.13799886225406954,73.13311443835074,25.69002206042176,42.497999572753905,40.93300018310547,37.56320014953613,30.173600025177002,VIPULLTD.NS,2025-09-05 11:40:00.952979
305,2024-06-18 00:00:00+05:30,42.0,43.45000076293945,41.400001525878906,43.45000076293945,263682,0.0,0.0,2024-06-18,40.74200019836426,1.1142310637922412,41.8562312621565,39.62776913457202,42.970462325948745,38.513538070779774,209.20458964028236,104.4205254368107,8204131,739160.2000757045,473898.82511747937,25.078656819082777,83.31068405600992,42.76666768391927,44.13333384195964,42.08333460489909,44.81666692097982,40.716668446858726,46.18333307902019,40.033335367838546,,-0.0,1.232560723017471,1.3077839898731773,-0.07522326685570624,67.62989251777589,24.835195953266517,41.497999572753905,40.74200019836426,37.26880016326904,29.895900039672853,VIPULLTD.NS,2025-09-05 11:40:00.952979
306,2024-06-14 00:00:00+05:30,41.38999938964844,41.38999938964844,41.0,41.38999938964844,87527,0.0,0.0,2024-06-14,40.609500122070315,0.9150115855828036,41.52451170765312,39.69448853648751,42.43952329323592,38.77947695090471,56.71632667004731,73.0238694989656,7940449,233725.32106953315,407583.48137792305,24.964104581123923,77.9387929786946,41.25999959309896,41.51999918619792,41.129999796549484,41.6499989827474,40.87000020345052,41.90999857584636,40.740000406901046,,-17.078696762479844,1.1104384730210128,1.3265898065871036,-0.21615133356609073,60.49726250230937,25.000792899387875,41.097999572753906,40.609500122070315,36.98880016326904,29.637400035858153,VIPULLTD.NS,2025-09-05 11:40:00.952979
307,2024-06-13 00:00:00+05:30,40.61000061035156,41.79999923706055,40.61000061035156,40.61000061035156,147082,0.0,0.0,2024-06-13,40.54000015258789,0.9053462324093121,41.44534638499721,39.63465392017858,42.350692617406516,38.72930768776927,26.80859470476454,69.68911749044376,7852922,385354.845791725,451048.02145502047,24.930036076434035,74.86696011955694,41.006666819254555,41.40333302815755,40.21333440144856,42.19666544596354,39.81666819254557,42.59333165486653,39.02333577473958,,-34.60675621345499,1.1401390840614596,1.3806276399786264,-0.24048855591716678,57.17987515819099,26.637827309464,41.10999984741211,40.54000015258789,36.722000160217284,29.401500034332276,VIPULLTD.NS,2025-09-05 11:40:00.952979
308,2024-06-12 00:00:00+05:30,41.41999816894531,41.43000030517578,39.83000183105469,41.41999816894531,428724,0.0,0.0,2024-06-12,40.477000045776364,0.9432644288438006,41.42026447462017,39.53373561693256,42.363528903463965,38.59047118808876,22.575942305093324,69.73145873216964,8000004,1145661.1158053507,467471.31537084427,24.87519538905043,69.32649300072781,40.893333435058594,41.9566650390625,40.356666564941406,42.49333190917969,39.2933349609375,43.556663513183594,38.75666809082031,,-16.404567006217526,1.2377080933688234,1.4407497789579178,-0.2030416855890944,62.218275757003816,28.400787443392133,41.11800003051758,40.477000045776364,36.44480014801025,29.174900035858155,VIPULLTD.NS,2025-09-05 11:40:00.952979
309,2024-06-11 00:00:00+05:30,40.619998931884766,41.0,40.619998931884766,40.619998931884766,129998,0.0,0.0,2024-06-11,40.413500213623045,0.9188736202479354,41.33237383387098,39.49462659337511,42.25124745411892,38.57575297312717,22.4931644869427,69.49274330749961,7571280,340678.6207191718,297923.86526221765,24.704788197331013,46.914036742162224,40.746665954589844,40.87333297729492,40.49333190917969,41.12666702270508,40.36666488647461,41.253334045410156,40.11333084106445,,-34.382074869207344,1.2641003518876772,1.4915102003551914,-0.22740984846751422,58.89668081610538,30.579146496754696,40.8140007019043,40.413500213623045,36.13940017700195,28.941200046539308,VIPULLTD.NS,2025-09-05 11:40:00.952979
310,2024-06-10 00:00:00+05:30,41.45000076293945,42.150001525878906,41.45000076293945,41.45000076293945,71760,0.0,0.0,2024-06-10,40.35250034332275,0.9445791058134032,41.297079449136156,39.40792123750935,42.24165855494956,38.463342131695946,107.9304153820038,91.89336185160626,7701278,191900.13256442192,287235.1763979791,24.654927762863604,36.48632859203696,41.68333435058594,41.91666793823242,41.21666717529297,42.38333511352539,40.983333587646484,42.616668701171875,40.516666412353516,,-23.469352007193432,1.3575252084611336,1.5483626624720699,-0.19083745401093632,64.34665292747476,32.28494575867487,40.83000106811524,40.35250034332275,35.875000190734866,28.716500053405763,VIPULLTD.NS,2025-09-05 11:40:00.952979
311,2024-06-07 00:00:00+05:30,41.45000076293945,41.45000076293945,40.599998474121094,41.45000076293945,108857,0.0,0.0,2024-06-07,40.212500381469724,0.9801814902194511,41.192681871689174,39.23231889125027,42.172863361908625,38.25213740103082,93.8888636341719,85.63681662438798,7773038,291104.69245492306,311068.93735636835,24.62583245019255,49.53511254947624,41.166666666666664,41.733334859212235,40.883332570393875,42.016668955485024,40.316664377848305,42.583337148030594,40.033330281575516,,-23.469352007193432,1.3748261670996271,1.5960720259748038,-0.22124585887517667,64.34665292747476,33.36862970752473,40.84000091552734,40.212500381469724,35.62300018310547,28.48500003814697,VIPULLTD.NS,2025-09-05 11:40:00.952979
312,2024-06-06 00:00:00+05:30,40.650001525878906,40.650001525878906,39.099998474121094,40.650001525878906,167296,0.0,0.0,2024-06-06,40.0350004196167,1.062283497580921,41.09728391719762,38.97271692203578,42.15956741477854,37.91043342445486,20.329130567050747,68.30524287768145,7664181,438747.26808215794,316059.99858172965,24.58150308932634,53.549744087676295,40.13333384195963,41.16666920979817,39.61666615804036,41.683336893717446,38.58333079020182,42.716672261555985,38.06666310628255,,-39.79587467545864,1.3761459373701328,1.6513834906935978,-0.275237553323465,61.37636069065333,35.01475823928189,40.69000091552734,40.0350004196167,35.34400016784668,28.252500038146973,VIPULLTD.NS,2025-09-05 11:40:00.952979
313,2024-06-05 00:00:00+05:30,39.900001525878906,39.900001525878906,39.900001525878906,39.900001525878906,61423,0.0,0.0,2024-06-05,39.86250038146973,1.2248383305748995,41.08733871204463,38.63766205089483,42.31217704261953,37.41282372031993,-9.736460704411064,66.84141388412498,7496885,158114.69636929443,285388.18120662257,24.51617130139118,56.65388120338537,39.900001525878906,39.900001525878906,39.900001525878906,39.900001525878906,39.900001525878906,39.900001525878906,39.900001525878906,,-55.102004274019954,1.4357727508759055,1.720192879024464,-0.28442012814855855,58.356156753674014,37.382726590187865,40.550000762939455,39.86250038146973,35.055000152587894,28.02800003051758,VIPULLTD.NS,2025-09-05 11:40:00.952979
314,2024-06-04 00:00:00+05:30,40.70000076293945,40.70000076293945,40.70000076293945,40.70000076293945,124435,0.0,0.0,2024-06-04,39.692500305175784,1.4369439747643136,41.129444279940095,38.25555633041147,42.566388254704414,36.818612355647154,35.82448078921459,86.95483610253147,7558308,326742.23193137924,317206.5524159546,24.49317235276518,44.028890885275466,40.70000076293945,40.70000076293945,40.70000076293945,40.70000076293945,40.70000076293945,40.70000076293945,40.70000076293945,,-38.77548160575475,1.5642226446692646,1.7912979110616036,-0.227075266392339,63.2553476718136,39.22027157764152,40.41000061035156,39.692500305175784,34.778000106811525,27.812500019073486,VIPULLTD.NS,2025-09-05 11:40:00.952979
315,2024-06-03 00:00:00+05:30,41.5,41.5,41.5,41.5,28922,0.0,0.0,2024-06-03,39.447500228881836,1.657000435009652,41.104500663891486,37.790499793872186,42.76150109890114,36.13349935886253,73.33334525426636,107.81161964553424,7682743,77436.32258064527,314822.6325370984,24.44393775359936,46.87224879650654,41.5,41.5,41.5,41.5,41.5,41.5,41.5,,-22.44895893748954,1.626189286184058,1.848066727659688,-0.22187744147563015,68.60343993800583,40.4138807335639,39.960000610351564,39.447500228881836,34.46100009918213,27.589500007629393,VIPULLTD.NS,2025-09-05 11:40:00.952979
316,2024-05-31 00:00:00+05:30,40.70000076293945,40.70000076293945,40.70000076293945,40.70000076293945,57613,0.0,0.0,2024-05-31,39.12750015258789,1.8468661025108173,40.97436625509871,37.280634050077076,42.821232357609524,35.43376794756626,29.815797539380533,97.22311598064535,7653821,151280.58993259573,374169.2100262117,24.431886182357477,49.11150712178506,40.70000076293945,40.70000076293945,40.70000076293945,40.70000076293945,40.70000076293945,40.70000076293945,40.70000076293945,,-38.77548160575475,1.6020983298343907,1.9035360880285956,-0.30143775819420493,65.9285389038802,40.83208886118101,39.50000076293945,39.12750015258789,34.15400009155273,27.356000003814696,VIPULLTD.NS,2025-09-05 11:40:00.952979
317,2024-05-30 00:00:00+05:30,39.95000076293945,39.95000076293945,39.95000076293945,39.95000076293945,47208,0.0,0.0,2024-05-30,38.82250003814697,2.0643896191604445,40.886889657307414,36.758110418986526,42.95127927646786,34.69372079982608,-16.285478729329235,87.4865065637279,7596208,121674.81522689344,429891.3650496157,24.40895607947088,52.43044446888367,39.95000076293945,39.95000076293945,39.95000076293945,39.95000076293945,39.95000076293945,39.95000076293945,39.95000076293945,,-54.08161120431606,1.625768191948211,1.978895527577147,-0.35312733562893595,63.19911828377893,41.744878809222094,39.36000061035156,38.82250003814697,33.87600006103516,27.125,VIPULLTD.NS,2025-09-05 11:40:00.952979
318,2024-05-29 00:00:00+05:30,39.20000076293945,39.20000076293945,37.70000076293945,39.20000076293945,152141,0.0,0.0,2024-05-29,38.52250003814697,2.312919968087059,40.83542000623403,36.209580070059914,43.14833997432109,33.896660101972856,-101.8837408129121,67.69102852446647,7549000,384769.50426286313,506945.5025052962,24.39098616622483,54.329275707685014,38.70000076293945,39.70000076293945,38.20000076293945,40.20000076293945,37.20000076293945,41.20000076293945,36.70000076293945,,-69.38774080287737,1.7053035731098802,2.0671773614843807,-0.36187378837450046,60.24162584240508,43.206135509291286,39.53000030517578,38.52250003814697,33.62900005340576,26.897999992370604,VIPULLTD.NS,2025-09-05 11:40:00.952979
319,2024-05-28 00:00:00+05:30,38.45000076293945,38.45000076293945,38.45000076293945,38.45000076293945,54598,0.0,0.0,2024-05-28,38.22749996185303,2.582505752596909,40.810005714449936,35.64499420925612,43.392511467046845,33.06248845665921,-146.69800594889955,67.19537090279469,7396859,135438.26720354648,537489.5020659044,24.335594554595126,54.93713049568559,38.45000076293945,38.45000076293945,38.45000076293945,38.45000076293945,38.45000076293945,38.45000076293945,38.45000076293945,,-76.85184204038353,1.8551586660652006,2.157645808578006,-0.3024871425128053,57.035420754544674,45.30548115574013,40.00999984741211,38.22749996185303,33.42600002288818,26.682499980926515,VIPULLTD.NS,2025-09-05 11:40:00.952979
320,2024-05-27 00:00:00+05:30,39.20000076293945,39.20000076293945,39.20000076293945,39.20000076293945,39821,0.0,0.0,2024-05-27,37.944999885559085,2.8518647171238642,40.79686460268295,35.09313516843522,43.64872931980681,32.24127045131136,-104.75781937990759,85.99034827054133,7451457,100708.59550845249,638002.3107814939,24.31662337815286,59.6689533290971,39.20000076293945,39.20000076293945,39.20000076293945,39.20000076293945,39.20000076293945,39.20000076293945,39.20000076293945,,-55.737681338871525,2.0927737674085236,2.233267594206207,-0.1404938267976834,61.65205600579481,47.56631492883889,40.67999954223633,37.944999885559085,33.267999992370605,26.474999980926512,VIPULLTD.NS,2025-09-05 11:40:00.952979
321,2024-05-24 00:00:00+05:30,40.0,40.0,40.0,40.0,64235,0.0,0.0,2024-05-24,37.624999809265134,3.0554310439730084,40.68043085323814,34.569568765292125,43.73586189721115,31.514137721319116,-29.563364926538437,107.32894653211935,7491278,165767.74193548402,772325.7395997543,24.30201861466133,62.240958651024954,40.0,40.0,40.0,40.0,40.0,40.0,40.0,,-33.7662273322672,2.29142077189492,2.2683910509056275,0.023029720989292457,67.02566531289206,49.264774518713836,40.99999923706055,37.624999809265134,33.112999992370604,26.265499973297118,VIPULLTD.NS,2025-09-05 11:40:00.952979
322,2024-05-23 00:00:00+05:30,40.79999923706055,41.5,40.79999923706055,40.79999923706055,239295,0.0,0.0,2024-05-23,37.24249973297119,3.2170303847974377,40.45953011776863,34.02546934817375,43.67656050256606,30.808438963376314,59.41929501461738,134.6954049854613,7555513,629886.1817698331,923965.2390158218,24.27713093554078,64.40150185754946,41.03333282470703,41.266666412353516,40.56666564941406,41.733333587646484,40.33333206176758,41.96666717529297,39.86666488647461,,-23.37662273322672,2.4322428335057182,2.262633620658304,0.16960921284741426,72.92806375166305,50.23407011689237,40.99999923706055,37.24249973297119,32.91299999237061,26.041499977111815,VIPULLTD.NS,2025-09-05 11:40:00.952979
323,2024-05-22 00:00:00+05:30,41.599998474121094,42.599998474121094,41.0,41.599998474121094,499237,0.0,0.0,2024-05-22,36.78999977111816,3.324969582156408,40.11496935327457,33.465030188961755,43.43993893543097,30.140060606805346,110.36160878394426,156.73730630550605,7794808,1339887.6411757944,997485.0033273189,24.178965063894005,70.20105223853291,41.73333231608073,42.466664632161454,40.86666615804036,43.33333079020182,40.13333384195963,44.06666310628255,39.266667683919266,,-11.62790903985827,2.4968977779256036,2.22023131744645,0.27666646047915355,79.42257819471389,50.33000663641827,40.709999084472656,36.78999977111816,32.727999992370606,25.80949998855591,VIPULLTD.NS,2025-09-05 11:40:00.952979
324,2024-05-21 00:00:00+05:30,41.79999923706055,42.400001525878906,41.79999923706055,41.79999923706055,501583,0.0,0.0,2024-05-21,36.329999923706055,3.260263402346926,39.590263326052984,33.069736521359125,42.850526728399906,29.809473119012203,136.23619090906428,171.79521085553125,8294045,1352656.0656337135,911884.3438652,23.96032040065525,80.97438045015463,42.0,42.20000076293945,41.599998474121094,42.60000228881836,41.39999771118164,42.80000305175781,40.999996185302734,,-6.703935616440107,2.463056111026539,2.1510647023266616,0.3119914086998774,81.09915580689254,50.18829772748911,40.41999969482422,36.329999923706055,32.55400005340576,25.562000007629393,VIPULLTD.NS,2025-09-05 11:40:00.952979
325,2024-05-17 00:00:00+05:30,40.79999923706055,40.79999923706055,40.75,40.79999923706055,296328,0.0,0.0,2024-05-17,35.86499996185303,3.0982213848219753,38.963221346675006,32.766778577031054,42.06144273149698,29.66855719220908,100.03044893938115,157.8103706045347,7792462,780011.7531561089,801691.4134230715,23.73249657570446,78.42590115382887,40.78333282470703,40.81666564941406,40.766666412353516,40.83333206176758,40.733333587646484,40.86666488647461,40.71666717529297,,-1.960803868750505,2.362712445524963,2.073066850151692,0.28964559537327084,79.0454232080325,49.025957980253,39.94000015258789,35.86499996185303,32.316000061035155,25.321000022888185,VIPULLTD.NS,2025-09-05 11:40:00.952979
326,2024-05-16 00:00:00+05:30,40.0,40.099998474121094,39.900001525878906,40.0,338979,0.0,0.0,2024-05-16,35.46000003814697,2.9447816696549696,38.404781707801945,32.515218368492,41.34956337745691,29.570436698837035,82.72247856806233,150.76420667113433,7496134,874784.5161290329,807111.3284898121,23.60274847399579,77.18476174948647,40.0,40.099998474121094,39.900001525878906,40.19999694824219,39.80000305175781,40.29999542236328,39.70000457763672,,-11.656448896639978,2.2969283215793723,2.0006554513083743,0.296272870270998,77.20550750665042,48.283404014190204,39.51000061035156,35.46000003814697,32.070000076293944,25.089000034332276,VIPULLTD.NS,2025-09-05 11:40:00.952979
327,2024-05-15 00:00:00+05:30,39.349998474121094,40.95000076293945,39.349998474121094,39.349998474121094,797865,0.0,0.0,2024-05-15,35.064999961853026,2.8314079834669625,37.896407945319986,32.233591978386066,40.72781592878695,29.4021839949191,93.1022614084617,155.556235764482,7157155,2025547.5182293323,790193.0315800069,23.45890325244854,75.26804953132054,39.88333257039388,40.41666666666667,38.81666437784831,41.48333485921224,38.28333028157552,42.01666895548503,37.21666208902995,,-19.631926248575926,2.2566905677295495,1.9265872337406247,0.3301033339889248,75.58833990506167,47.75074433743835,39.09000091552734,35.064999961853026,31.81300006866455,24.868000030517578,VIPULLTD.NS,2025-09-05 11:40:00.952979
328,2024-05-14 00:00:00+05:30,40.150001525878906,40.150001525878906,40.150001525878906,40.150001525878906,64399,0.0,0.0,2024-05-14,34.73000011444092,2.69059824543347,37.42059835987439,32.03940186900745,40.11119660530786,29.34880362357398,121.69896512675535,169.3077857615514,7955020,166814.19021065018,481354.40991767554,23.123863699994917,100.0,40.150001525878906,40.150001525878906,40.150001525878906,40.150001525878906,40.150001525878906,40.150001525878906,40.150001525878906,,-0.0,2.2349970700049084,1.8440614002433933,0.39093566976151517,82.25785788013016,47.17711083939789,38.66000137329102,34.73000011444092,31.544000091552736,24.65100004196167,VIPULLTD.NS,2025-09-05 11:40:00.952979
329,2024-05-13 00:00:00+05:30,39.400001525878906,39.400001525878906,39.400001525878906,39.400001525878906,174893,0.0,0.0,2024-05-13,34.3875,2.3827164958215414,36.77021649582154,32.00478350417846,39.152932991643084,29.62206700835692,122.50711804842334,164.27497045009423,7890621,444566.7397977771,559989.4648444318,23.09484033339175,99.41283028357506,39.400001525878906,39.400001525878906,39.400001525878906,39.400001525878906,39.400001525878906,39.400001525878906,39.400001525878906,,-0.0,2.0945710478206223,1.7463274828030144,0.3482435650176079,80.78166910110092,45.4818214555027,37.93000106811523,34.3875,31.235000076293947,24.424000034332277,VIPULLTD.NS,2025-09-05 11:40:00.952979
330,2024-05-10 00:00:00+05:30,38.650001525878906,38.650001525878906,38.650001525878906,38.650001525878906,304388,0.0,0.0,2024-05-10,34.11499996185303,2.0704757743270625,36.185475736180095,32.044524187525965,38.25595151050715,29.974048413198904,128.03124469560512,159.5899827067281,7715728,759006.2364167251,588845.1461060955,23.019006111414317,99.42049781826292,38.650001525878906,38.650001525878906,38.650001525878906,38.650001525878906,38.650001525878906,38.650001525878906,38.650001525878906,,-0.0,1.956910897481336,1.6592665915486122,0.29764430593272384,79.1725537220761,43.858037943292196,37.210000610351564,34.11499996185303,30.91800003051758,24.211000022888182,VIPULLTD.NS,2025-09-05 11:40:00.952979
331,2024-05-09 00:00:00+05:30,37.900001525878906,37.900001525878906,37.900001525878906,37.900001525878906,208203,0.0,0.0,2024-05-09,33.91499996185303,1.782525059943761,35.697525021796785,32.13247490190927,37.48005008174055,30.349949841965504,132.80726357252163,153.6245670370319,7411340,509089.9366253273,546304.873528438,22.891446960900662,77.61131429616323,37.900001525878906,37.900001525878906,37.900001525878906,37.900001525878906,37.900001525878906,37.900001525878906,37.900001525878906,,-0.0,1.8248776611002526,1.584855515065431,0.24002214603482153,77.41676178157319,42.33032096885231,36.5,33.91499996185303,30.59400001525879,24.0075,VIPULLTD.NS,2025-09-05 11:40:00.952979
332,2024-05-08 00:00:00+05:30,37.20000076293945,37.20000076293945,37.20000076293945,37.20000076293945,212825,0.0,0.0,2024-05-08,33.752499961853026,1.5304347684830655,35.282934730336095,32.22206519336996,36.813369498819156,30.691630424886895,137.95064068840674,148.08255707817534,7203137,510780.0104756514,555608.6077542157,22.807199989003966,76.21674224866848,37.20000076293945,37.20000076293945,37.20000076293945,37.20000076293945,37.20000076293945,37.20000076293945,37.20000076293945,,-0.0,1.7020490832926498,1.5248499785567255,0.17719910473592426,75.63674351624887,40.92725479995539,35.83999938964844,33.752499961853026,30.263999977111816,23.812499980926514,VIPULLTD.NS,2025-09-05 11:40:00.952979
333,2024-05-07 00:00:00+05:30,36.5,36.5,36.5,36.5,404987,0.0,0.0,2024-05-07,33.59249992370606,1.3011406995868342,34.89364062329289,32.291359224119226,36.19478132287973,30.990218524532388,144.26527031769615,139.34740175310756,6990312,953679.06451613,566815.7570738568,22.724139303975033,66.80831568764702,36.5,36.5,36.5,36.5,36.5,36.5,36.5,,-0.0,1.5879421295209966,1.4805502023727444,0.10739192714825219,73.71277336942244,39.662897914042226,35.189999389648435,33.59249992370606,29.927999954223633,23.63049997329712,VIPULLTD.NS,2025-09-05 11:40:00.952979
334,2024-05-06 00:00:00+05:30,35.79999923706055,35.79999923706055,34.900001525878906,35.79999923706055,244399,0.0,0.0,2024-05-06,33.3875,1.1307745748423088,34.51827457484231,32.2567254251577,35.64904914968462,31.125950850315384,137.03461716780743,121.10430514522136,6585325,564482.8395831207,470099.9302132884,22.57117748488443,51.92545037271175,35.5,36.099998474121094,35.20000076293945,36.39999771118164,34.60000228881836,36.999996185302734,34.30000305175781,,-0.0,1.486730390670715,1.453702220585681,0.03302817008503389,71.63260874149343,38.569152711375764,34.54999923706055,33.3875,29.58699996948242,23.458499965667723,VIPULLTD.NS,2025-09-05 11:40:00.952979
335,2024-05-03 00:00:00+05:30,35.099998474121094,35.099998474121094,35.0,35.099998474121094,165589,0.0,0.0,2024-05-03,33.14250001907349,1.1112197520363967,34.253719771109886,32.03128026703709,35.36493952314628,30.920060515000696,157.2580314368866,116.87462862905878,6340926,374978.94498911256,446504.2028708303,22.481936636328548,46.22723004700752,35.06666564941406,35.133331298828125,35.03333282470703,35.166664123535156,34.96666717529297,35.23332977294922,34.93333435058594,,-0.0,1.40356194575536,1.4454451780644224,-0.041883232309062324,69.38286639083393,37.68240494085295,33.949999237060545,33.14250001907349,29.24199996948242,23.28449996948242,VIPULLTD.NS,2025-09-05 11:40:00.952979
336,2024-05-02 00:00:00+05:30,34.599998474121094,34.599998474121094,34.0,34.599998474121094,320474,0.0,0.0,2024-05-02,32.860000133514404,1.2910217140580746,34.15102184757248,31.56897841945633,35.442043561630555,30.277956705398253,168.14151449931347,104.87210785486289,6175337,715380.6394190643,464385.51734125975,22.423999532804107,42.737712768918,34.3999989827474,34.799997965494796,34.1999994913737,34.99999745686849,33.800000508626304,35.39999643961589,33.60000101725261,,-0.0,1.3447545126948093,1.4559159861416877,-0.11116147344687843,67.68293010747877,37.04409745604748,33.48999938964844,32.860000133514404,28.89400001525879,23.117999992370606,VIPULLTD.NS,2025-09-05 11:40:00.952979
337,2024-04-30 00:00:00+05:30,33.95000076293945,33.95000076293945,33.45000076293945,33.95000076293945,337018,0.0,0.0,2024-04-30,32.532500171661376,1.6162235735702193,34.14872374523159,30.916276598091155,35.764947318801816,29.30005302452094,154.6485748001346,92.5318002632297,5854863,738178.1520725382,401636.7368218086,22.314828703813152,38.330207611440485,33.78333409627279,34.116667429606125,33.616667429606125,34.28333409627279,33.28333409627279,34.616667429606125,33.116667429606125,,-20.289872699710415,1.2983305338113098,1.4837063545034073,-0.18537582069209746,65.36132669851355,36.59719660830041,33.039999389648436,32.532500171661376,28.54000003814697,22.957000007629393,VIPULLTD.NS,2025-09-05 11:40:00.952979
338,2024-04-29 00:00:00+05:30,33.29999923706055,33.45000076293945,33.29999923706055,33.29999923706055,39252,0.0,0.0,2024-04-29,32.172500133514404,2.0322063964178576,34.20470652993226,30.140293737096545,36.23691292635012,28.10808734067869,138.84136949099593,84.343087833003,5517845,84328.4883905227,317501.3830091262,22.204077240972847,41.93111283594314,33.34999974568685,33.400000254313156,33.24999872843425,33.50000127156576,33.199998219807945,33.55000178019206,33.09999720255534,,-39.13049247177954,1.2832370243145412,1.5300503096764317,-0.2468132853618905,62.88553210363343,36.44611835934231,32.599999237060544,32.172500133514404,28.18300003051758,22.802000007629395,VIPULLTD.NS,2025-09-05 11:40:00.952979
339,2024-04-26 00:00:00+05:30,32.79999923706055,33.400001525878906,32.79999923706055,32.79999923706055,123072,0.0,0.0,2024-04-26,31.815000152587892,2.4160704003818947,34.23107055296979,29.398929752205998,36.64714095335168,26.982859351824104,79.7719748069401,78.4930481557871,5478593,260436.22620022707,375794.60666377697,22.191762352388476,52.97563022665143,33.0,33.20000076293945,32.599998474121094,33.60000228881836,32.39999771118164,33.80000305175781,31.999996185302734,,-53.62324289001401,1.3084850749421335,1.5917536310169043,-0.28326855607477075,60.88876770532512,36.55136985849468,32.41999969482422,31.815000152587892,27.835000038146973,22.656000022888183,VIPULLTD.NS,2025-09-05 11:40:00.952979
340,2024-04-25 00:00:00+05:30,32.79999923706055,32.95000076293945,32.79999923706055,32.79999923706055,83712,0.0,0.0,2024-04-25,31.54500017166138,2.595284530975967,34.140284702637345,28.94971564068541,36.73556923361331,26.354431109709445,27.664324478483138,77.90324787932477,5601665,177145.38942792357,404634.2017796644,22.154718026296564,56.43661968126335,32.84999974568685,32.900000254313156,32.74999872843425,33.00000127156576,32.699998219807945,33.05000178019206,32.59999720255534,,-44.578352014619014,1.3702271234737964,1.6625707700355967,-0.29234364656180034,60.88876770532512,36.69114822651562,32.35999984741211,31.54500017166138,27.511000061035155,22.514000034332277,VIPULLTD.NS,2025-09-05 11:40:00.952979
341,2024-04-24 00:00:00+05:30,32.349998474121094,32.349998474121094,31.200000762939453,32.349998474121094,48652,0.0,0.0,2024-04-24,31.347500228881835,2.644581459321579,33.99208168820341,28.702918769560256,36.63666314752499,26.058337310238677,-80.29439254394991,59.73760398554008,5517953,101541.42746857685,461506.40486759954,22.129372759509604,58.17312701844331,31.966665903727215,32.733331044514976,31.583333333333336,33.11666361490886,30.816668192545574,33.88332875569662,30.433335622151695,,-52.27277850314799,1.4285146382836658,1.7356566816760468,-0.30714204339238105,59.184729170885916,37.0740120981104,32.34000015258789,31.347500228881835,27.175000076293944,22.369000034332274,VIPULLTD.NS,2025-09-05 11:40:00.952979
342,2024-04-23 00:00:00+05:30,31.75,31.75,31.75,31.75,17824,0.0,0.0,2024-04-23,31.105000305175782,2.7673333337762163,33.872333638952,28.337666971399564,36.639666972728214,25.57033363762335,-106.75564782376338,58.05204874450837,5469301,36510.45161290326,551497.6492173552,22.11521053230644,58.52908017488443,31.75,31.75,31.75,31.75,31.75,31.75,31.75,,-46.031761890272975,1.5258144158936169,1.812442192524142,-0.2866277766305252,56.857510643774695,37.80558225669508,32.29000015258789,31.105000305175782,26.833000106811525,22.23600004196167,VIPULLTD.NS,2025-09-05 11:40:00.952979
343,2024-04-22 00:00:00+05:30,32.400001525878906,33.0,32.400001525878906,32.400001525878906,250491,0.0,0.0,2024-04-22,30.827500343322754,2.9700913786296863,33.79759172195244,27.857408964693068,36.767683100582126,24.887317586063382,-56.746852095993574,80.13951561214381,5487125,523607.01820767374,680244.4486184681,22.11031701306591,59.743218988764895,32.6000010172526,32.8000005086263,32.200002034505204,33.199999491373696,32.00000254313151,33.39999898274739,31.60000356038411,,-28.662412025088553,1.6863599745895925,1.8840991366817732,-0.19773916209218068,60.317165971188864,38.92670315804047,32.470000457763675,30.827500343322754,26.506000099182128,22.10850004196167,VIPULLTD.NS,2025-09-05 11:40:00.952979
344,2024-04-19 00:00:00+05:30,32.5,32.54999923706055,32.150001525878906,32.5,742215,0.0,0.0,2024-04-19,30.510000228881836,3.1283343773071586,33.63833460618899,27.381665851574677,36.76666898349615,24.25333147426752,-60.355046206990195,79.33833412317858,5737616,1556257.258064518,719403.8062211667,22.036343010416562,54.659438051098505,32.40000025431315,32.64999898274739,32.25000127156575,32.79999796549479,32.00000254313151,33.04999669392903,31.85000356038411,,-26.543221214231924,1.802340729392732,1.9335339272048182,-0.13119319781208616,60.84607320648021,39.527192326333726,32.65,30.510000228881836,26.167000064849855,21.984500026702882,VIPULLTD.NS,2025-09-05 11:40:00.952979
345,2024-04-18 00:00:00+05:30,32.70000076293945,32.70000076293945,32.70000076293945,32.70000076293945,44174,0.0,0.0,2024-04-18,30.12750024795532,3.333185753063408,33.46068600101873,26.794314494891914,36.79387175408214,23.461128741828507,-19.234951927941506,88.62560961265218,6479831,93192.89249690897,510190.44326032884,21.80859775977664,63.019668757693616,32.70000076293945,32.70000076293945,32.70000076293945,32.70000076293945,32.70000076293945,32.70000076293945,32.70000076293945,,-22.67442144143177,1.9136747137819086,1.9663322266578396,-0.05265751287593101,61.85334596891244,40.40129587875281,32.94000015258789,30.12750024795532,25.826000061035156,21.855000019073486,VIPULLTD.NS,2025-09-05 11:40:00.952979
346,2024-04-16 00:00:00+05:30,32.099998474121094,32.099998474121094,32.0,32.099998474121094,331842,0.0,0.0,2024-04-16,29.800000190734863,3.388448213625132,33.188448404359995,26.41155197710973,36.57689661798513,23.0231037634846,-27.189671094413093,79.73132630914513,6435657,687234.0447515681,614439.8309511838,21.794470770655867,57.197378512083375,32.06666564941406,32.133331298828125,32.03333282470703,32.166664123535156,31.96666717529297,32.23332977294922,31.933334350585938,0.2466711467887218,-29.651190384836315,2.007523835115201,1.979496604876822,0.02802723023837883,60.0091291977964,40.83778897312657,33.33000030517578,29.800000190734863,25.478000049591063,21.72050001144409,VIPULLTD.NS,2025-09-05 11:40:00.952979
347,2024-04-15 00:00:00+05:30,32.650001525878906,32.70000076293945,32.650001525878906,32.650001525878906,512992,0.0,0.0,2024-04-15,29.535000228881835,3.406306524628389,32.941306753510226,26.128693704253447,36.34761327813861,22.722387179625056,16.631920783586967,94.16063805275648,6767499,1080592.876307335,596241.2775010878,21.69306723613477,62.58840030311898,32.66666793823242,32.68333435058594,32.63333511352539,32.71666717529297,32.616668701171875,32.733333587646484,32.583335876464844,0.1434711227134899,-23.255807764148862,2.156353256249549,1.972489797317227,0.1838634589323218,62.58455746447508,41.58256583766046,33.84000091552734,29.535000228881835,25.149000072479247,21.58550003051758,VIPULLTD.NS,2025-09-05 11:40:00.952979
348,2024-04-12 00:00:00+05:30,33.29999923706055,33.400001525878906,33.29999923706055,33.29999923706055,97317,0.0,0.0,2024-04-12,29.282500171661376,3.349952273077598,32.63245244473897,25.932547898583778,35.98240471781657,22.58259562550618,47.239751940294404,108.7762994370643,7280491,209074.58230664677,475153.37779952586,21.523825281199365,73.45263573243145,33.333333333333336,33.366667429606125,33.266665140787765,33.433335622151695,33.233331044514976,33.466669718424484,33.166662851969406,,-15.69769685496037,2.2600610288734444,1.9265239325841466,0.33353709628929784,65.67782048278593,41.79702863008704,34.11000061035156,29.282500171661376,24.807000045776366,21.44050001144409,VIPULLTD.NS,2025-09-05 11:40:00.952979
349,2024-04-10 00:00:00+05:30,33.95000076293945,34.5,33.95000076293945,33.95000076293945,17876,0.0,0.0,2024-04-10,29.070000171661377,3.213721054856771,32.283721226518146,25.856279116804608,35.497442281374916,22.642558061947835,77.37583365309578,124.23509678022889,7377808,39154.20733150363,541673.0766727456,21.489217341466563,76.92095527070421,34.13333384195963,34.31666692097981,33.766667683919266,34.68333307902018,33.583334604899086,34.86666615804036,33.21666844685872,,-7.253892769469777,2.294580129406249,1.843139658511822,0.45144047089442707,68.83709614514441,41.41756705895655,33.93000106811523,29.070000171661377,24.467000045776366,21.285500011444093,VIPULLTD.NS,2025-09-05 11:40:00.952979
350,2024-04-09 00:00:00+05:30,34.650001525878906,34.650001525878906,33.95000076293945,34.650001525878906,117721,0.0,0.0,2024-04-09,28.90000009536743,3.026462658947551,31.926462754314983,25.87353743641988,34.952925413262534,22.84707477747233,102.72805772166157,131.44521834194074,7395684,263163.4083630965,667302.794008056,21.48248706319395,78.51567860702033,34.41666793823242,34.88333511352539,34.18333435058594,35.116668701171875,33.71666717529297,35.583335876464844,33.483333587646484,,-0.0,2.239993371033563,1.730279540788215,0.5097138302453481,72.31566979306666,40.37608781367154,33.3200008392334,28.90000009536743,24.118000030517578,21.12300001144409,VIPULLTD.NS,2025-09-05 11:40:00.952979
351,2024-04-08 00:00:00+05:30,34.650001525878906,34.650001525878906,33.400001525878906,34.650001525878906,496684,0.0,0.0,2024-04-08,28.74000005722046,2.781120892957662,31.521120950178123,25.958879164262797,34.30224184313578,23.177758271305137,130.06809209359258,131.3160491213173,7513405,1110329.1198632037,768337.6404192959,21.435484388900317,73.1877589810149,34.23333485921224,35.06666819254558,33.81666819254558,35.48333485921224,32.98333485921224,36.31666819254558,32.56666819254558,,-0.0,2.0672270162967123,1.6028510832268779,0.4643759330698345,72.31566979306666,39.25449478028768,32.28000068664551,28.74000005722046,23.762999992370606,20.956499996185304,VIPULLTD.NS,2025-09-05 11:40:00.952979
352,2024-04-05 00:00:00+05:30,34.0,34.0,33.79999923706055,34.0,704472,0.0,0.0,2024-04-05,28.507499980926514,2.433714853668775,30.94121483459529,26.07378512725774,33.37492968826406,23.640070273588965,178.40723708279523,128.7197977610197,7016721,1545293.4193548404,682839.7705583188,21.233421377423856,65.69810944553929,33.93333307902018,34.06666692097981,33.86666615804036,34.13333384195963,33.73333231608073,34.266667683919266,33.66666539510091,,-0.0,1.8147121073336763,1.4867570999594193,0.327955007374257,71.14833482707111,38.046625359720444,30.960000228881835,28.507499980926514,23.407999954223634,20.79799997329712,VIPULLTD.NS,2025-09-05 11:40:00.952979
353,2024-04-04 00:00:00+05:30,31.299999237060547,32.400001525878906,30.5,32.400001525878906,424973,0.0,0.0,2024-04-04,28.38499994277954,2.1923972924095074,30.577397235189046,26.192602650370034,32.769794527598556,24.000205357960525,164.89018987781026,99.97743263667127,6312249,888330.6999004742,467226.3583591883,20.950401966044012,48.30001939260674,31.76666768391927,33.03333536783854,31.133333841959633,33.66666920979817,29.866666158040363,34.933336893717446,29.233332316080727,,-0.0,1.527936167992813,1.404768348115855,0.1231678198769579,68.07104719525931,36.90869338397964,29.510000228881836,28.38499994277954,23.075999946594237,20.637499980926513,VIPULLTD.NS,2025-09-05 11:40:00.952979
354,2024-04-03 00:00:00+05:30,30.799999237060547,30.899999618530273,30.25,30.899999618530273,263143,0.0,0.0,2024-04-03,28.409999942779542,2.2428601740989658,30.652860116878507,26.167139768680578,32.89572029097747,23.924279594581613,165.62909217708446,87.27272407158279,5887276,524588.2967496077,361950.2729738668,20.79520731631623,37.21745078698701,30.683333079020183,31.116666158040367,30.466666539510094,31.333332697550457,30.03333346048991,31.76666577657064,29.81666692097982,,-0.0,1.2952011231366143,1.3739763931466156,-0.07877527001000129,64.80299063241225,36.11985855241904,28.25999984741211,28.409999942779542,22.78399990081787,20.48549997329712,VIPULLTD.NS,2025-09-05 11:40:00.952979
355,2024-04-02 00:00:00+05:30,29.25,29.450000762939453,28.350000381469727,29.450000762939453,92894,0.0,0.0,2024-04-02,28.35999994277954,2.19506640708951,30.55506634986905,26.164933535690032,32.750132756958564,23.969867128600523,123.48996825331417,68.15482125106246,5624133,176498.60457241934,321290.7670299316,20.709680021640057,27.57999955990084,29.08333396911621,29.816667556762695,28.71666717529297,30.183334350585938,27.983333587646484,30.916667938232422,27.616666793823242,,-14.814801732861676,1.1253329410802628,1.3936702106491157,-0.26833726956885284,61.24211307195425,35.746038551590175,27.559999847412108,28.35999994277954,22.52299991607666,20.356499977111817,VIPULLTD.NS,2025-09-05 11:40:00.952979
356,2024-04-01 00:00:00+05:30,27.950000762939453,28.049999237060547,26.799999237060547,28.049999237060547,116637,0.0,0.0,2024-04-01,28.312499904632567,2.1804681686414975,30.492968073274064,26.13203173599107,32.67343624191556,23.951563567349574,51.899354936521654,51.60550771291409,5531239,211075.33942019573,357488.8076443096,20.683486122647835,35.705572192642066,27.63333257039388,28.46666590372721,27.21666590372721,28.88333257039388,26.38333257039388,29.71666590372721,25.96666590372721,,-60.73620852306382,1.0336026113302381,1.460754528041329,-0.4271519167110909,57.37593853096984,35.87642168185363,27.439999771118163,28.312499904632567,22.285999908447266,20.24699996948242,VIPULLTD.NS,2025-09-05 11:40:00.952979
357,2024-03-28 00:00:00+05:30,27.450000762939453,27.450000762939453,26.549999237060547,26.75,223012,0.0,0.0,2024-03-28,28.267499923706055,2.195406539546195,30.46290646325225,26.07209338415986,32.658313002798444,23.876686844613666,-2.1231423193135175,44.84632833833078,5414602,384875.54838709714,394092.17470033804,20.6556620495262,27.352087998784114,26.916666666666668,27.28333409627279,26.383332570393883,27.816668192545574,26.01666514078776,28.183335622151695,25.483331044514976,,-76.6871201538423,1.0383782847091076,1.5675425072191018,-0.5291642225099942,53.36481838261628,36.613555593978504,27.329999923706055,28.267499923706055,22.080999908447264,20.14299997329712,VIPULLTD.NS,2025-09-05 11:40:00.952979
358,2024-03-27 00:00:00+05:30,26.049999237060547,28.75,26.049999237060547,26.149999618530273,226480,0.0,0.0,2024-03-27,28.22499990463257,2.2342137937549915,30.45921369838756,25.990786110877576,32.693427492142554,23.756572317122586,-2.1164351950493603,48.04959804817056,5191590,382093.6718454672,396396.3312786482,20.611329269029632,27.699786648921346,26.983332951863606,27.916666666666664,25.21666590372721,29.68333371480306,24.283332188924152,30.616667429606117,22.516665140787758,,-84.04908836922152,1.156789817386361,1.6998335628466004,-0.5430437454602393,51.40495384300523,37.68582862235517,27.220000076293946,28.22499990463257,21.904999923706054,20.043999977111817,VIPULLTD.NS,2025-09-05 11:40:00.952979
359,2024-03-26 00:00:00+05:30,30.25,30.25,27.399999618530273,27.399999618530273,382938,0.0,0.0,2024-03-26,28.152499961853028,2.3267029097602365,30.479202871613264,25.825797052092792,32.805905781373504,23.499094142332556,70.73299088007782,67.42165268337394,5418070,676935.5518658551,399971.99613694346,20.570107572898973,44.83888856375267,28.349999745686848,29.299999872843422,26.449999491373696,31.200000127156574,25.49999936421712,32.15000025431315,23.59999910990397,,-71.97803153664593,1.3499562897105264,1.8355944992116602,-0.4856382095011338,55.953968726572526,38.84058419137619,27.2,28.152499961853028,21.74299991607666,19.94299997329712,VIPULLTD.NS,2025-09-05 11:40:00.952979
360,2024-03-22 00:00:00+05:30,28.700000762939453,28.850000381469727,28.700000762939453,28.850000381469727,15719,0.0,0.0,2024-03-22,27.95999994277954,2.541580664236508,30.50158060701605,25.41841927854303,33.04316127125256,22.87683861430652,62.30608388458924,76.31721286017633,5801008,29257.62296750471,330731.10720471555,20.48306481752044,79.50861650082159,28.8000005086263,28.90000025431315,28.750000635782875,28.950000127156574,28.650000890096027,29.049999872843422,28.600001017252602,,-56.04395788658235,1.4537079657966139,1.9570040515869436,-0.5032960857903297,61.849484030038404,39.09042930211572,26.690000152587892,27.95999994277954,21.55799991607666,19.829499969482423,VIPULLTD.NS,2025-09-05 11:40:00.952979
361,2024-03-21 00:00:00+05:30,26.950000762939453,27.5,26.950000762939453,27.5,47865,0.0,0.0,2024-03-21,27.63999996185303,2.812126032294945,30.452125994147973,24.827873929558084,33.26425202644292,22.01574789726314,-16.013474997129055,61.94964019042875,5785289,84921.77419354847,406099.4782640182,20.478685474942317,79.58780546200762,27.316666920979817,27.68333307902018,27.133333841959633,27.866666158040363,26.76666768391927,28.233332316080727,26.583334604899086,,-70.87912629183565,1.4217125673779982,2.082828073034526,-0.6611155056565279,58.02606745652535,39.91860913137299,26.15,27.63999996185303,21.346999893188478,19.698999967575073,VIPULLTD.NS,2025-09-05 11:40:00.952979
362,2024-03-20 00:00:00+05:30,27.0,27.100000381469727,25.0,26.200000762939453,167550,0.0,0.0,2024-03-20,27.33499994277954,3.1398165188712617,30.4748164616508,24.19518342390828,33.61463298052206,21.055366905037015,-67.60727867969321,50.14369819408605,5737424,283213.5566342264,486393.9042816356,20.467476992749347,79.99601474729,26.100000381469727,27.200000762939453,25.100000381469727,28.200000762939453,24.0,29.30000114440918,23.0,,-85.1648315947467,1.4921622453446943,2.248106949448658,-0.7559447041039635,53.894353794609216,41.43025626343689,26.00999984741211,27.33499994277954,21.160999908447266,19.57449996948242,VIPULLTD.NS,2025-09-05 11:40:00.952979
363,2024-03-19 00:00:00+05:30,25.0,26.049999237060547,25.0,26.049999237060547,208330,0.0,0.0,2024-03-19,27.044999885559083,3.4976271156818255,30.54262700124091,23.547372769877256,34.04025411692273,20.049745654195434,-92.09839420201116,47.9217647891747,5569874,350128.7961972148,537188.9911934879,20.435263764816796,80.37059647672967,25.6999994913737,26.399998982747398,25.34999974568685,26.749998728434246,24.650000254313152,27.449998219807945,24.300000508626304,,-86.81319994189923,1.6877808905527942,2.4370931254746484,-0.7493122349218542,53.40291146453563,43.25392080639017,26.289999771118165,27.044999885559083,21.000999908447266,19.455999965667726,VIPULLTD.NS,2025-09-05 11:40:00.952979
364,2024-03-18 00:00:00+05:30,26.0,26.950000762939453,24.850000381469727,24.850000381469727,246536,0.0,0.0,2024-03-18,26.714999961853028,3.8862138234903556,30.601213785343383,22.828786138362673,34.48742760883374,18.942572314872315,-121.2121089706779,48.73051234452599,5361544,395252.88348684047,583954.0399425561,20.395757118502225,79.91580223569132,25.5500005086263,26.250000635782875,24.15000025431315,27.650000890096027,23.450000127156574,28.350001017252602,22.049999872843422,,-100.0,1.9274324746095246,2.6244211842051115,-0.6969887095955869,49.396011500017224,45.751732665028555,26.889999771118163,26.714999961853028,20.84699993133545,19.343999977111817,VIPULLTD.NS,2025-09-05 11:40:00.952979
365,2024-03-15 00:00:00+05:30,27.299999237060547,27.899999618530273,25.5,26.149999618530273,134526,0.0,0.0,2024-03-15,26.39999990463257,4.280648084454386,30.680647989086957,22.11935182017818,34.96129607354134,17.838703735723797,-130.3488708941028,63.685166363090694,5608080,226958.37733434886,631129.329056485,20.358356853656947,82.54661112189868,26.516666412353516,27.53333282470703,25.133333206176758,28.91666603088379,24.116666793823242,29.933332443237305,22.733333587646484,,-84.32433669631546,2.3232373070265666,2.798668361604008,-0.47543105457744117,54.07348695270094,48.44168389740835,28.02999954223633,26.39999990463257,20.71799991607666,19.24999997138977,VIPULLTD.NS,2025-09-05 11:40:00.952979
366,2024-03-14 00:00:00+05:30,26.25,28.5,26.25,26.799999237060547,327190,0.0,0.0,2024-03-14,25.977499961853027,4.7028119993610575,30.680311961214084,21.27468796249197,35.38312396057514,16.571875963130914,-130.14354090273864,75.96093304966428,5742606,565722.0484112161,732172.066987019,20.331699147591365,84.15281655269199,27.183333079020183,28.116666158040367,25.866666158040367,29.433333079020183,24.933333079020183,30.366666158040367,23.616666158040367,,-68.750004584972,2.666756640228389,2.9175261252483677,-0.25076948501997887,56.56014141669445,50.93677873489753,29.089999771118165,25.977499961853027,20.55799991607666,19.145999975204468,VIPULLTD.NS,2025-09-05 11:40:00.952979
367,2024-03-13 00:00:00+05:30,27.600000381469727,27.600000381469727,27.600000381469727,27.600000381469727,45741,0.0,0.0,2024-03-13,25.482499980926512,5.114666121367968,30.59716610229448,20.367833859558544,35.71183222366245,15.253167738190577,-109.78517262497591,86.27595630140924,6069796,81448.4914483102,773784.5716309698,20.258468276072282,88.31982291164364,27.600000381469727,27.600000381469727,27.600000381469727,27.600000381469727,27.600000381469727,27.600000381469727,27.600000381469727,,-55.21739462147588,3.002144965908368,2.9802184965033622,0.021926469405005644,59.69761435457496,53.14905195712855,29.729999923706053,25.482499980926512,20.373999938964843,19.03599998474121,VIPULLTD.NS,2025-09-05 11:40:00.952979
368,2024-03-12 00:00:00+05:30,29.049999237060547,30.0,29.049999237060547,29.049999237060547,92894,0.0,0.0,2024-03-12,24.907499980926513,5.496273244164354,30.403773225090866,19.41122673676216,35.90004646925522,13.914953492597805,-15.132597657671226,116.19143446755093,6115537,174101.33091145195,946868.5916766346,20.24683011675706,89.06368690599761,29.366666158040363,29.68333307902018,28.733332316080727,30.316666920979817,28.41666539510091,30.633333841959633,27.783331553141274,,-39.04383329926449,3.307268619171854,2.9747368791521107,0.33253174001974317,65.84492470253716,54.61419862551744,30.519999694824218,24.907499980926513,20.16699993133545,18.921999988555907,VIPULLTD.NS,2025-09-05 11:40:00.952979
369,2024-03-11 00:00:00+05:30,32.70000076293945,33.0,29.899999618530273,30.549999237060547,342872,0.0,0.0,2024-03-11,24.25,5.755089327163313,30.00508932716331,18.49491067283669,35.76017865432662,12.739821345673374,58.212474754554655,151.66681714954927,6208431,675789.6347360925,1140060.4068679302,20.218397352250776,90.43019491734279,31.149999618530273,32.39999961853027,29.299999237060547,34.25,28.049999237060547,35.5,26.19999885559082,,-25.09226006435999,3.5050063088726446,2.8916039441471746,0.61340236472547,73.07301857934344,55.07958765827872,31.29000015258789,24.25,19.938999938964844,18.7985000038147,VIPULLTD.NS,2025-09-05 11:40:00.952979
370,2024-03-07 00:00:00+05:30,28.5,31.5,28.5,31.450000762939453,431626,0.0,0.0,2024-03-07,23.55250005722046,5.7965615510265796,29.34906160824704,17.75593850619388,35.14562315927362,11.9593769551673,51.90039910831082,157.79507457527228,6551303,875783.0986648075,1256128.0999008894,20.093744983867197,90.06372305155882,30.483333587646484,32.46666717529297,29.46666717529297,33.483333587646484,27.483333587646484,35.46666717529297,26.46666717529297,,-17.24137931034483,3.5573370432793787,2.738253352965807,0.8190836903135716,77.833310063461,54.868081696792174,31.160000228881835,23.55250005722046,19.681999969482423,18.656000003814697,VIPULLTD.NS,2025-09-05 11:40:00.952979
371,2024-03-06 00:00:00+05:30,31.0,31.549999237060547,30.0,30.0,163367,0.0,0.0,2024-03-06,22.780000019073487,5.71764123255798,28.497641251631467,17.062358786515507,34.215282484189444,11.344717553957526,63.653478245277206,176.40980832222982,6119677,316194.1935483874,1351214.35020991,19.918602944048633,97.10600555046642,30.516666412353516,31.03333282470703,29.483333587646484,32.06666564941406,28.96666717529297,32.58333206176758,27.933334350585938,,-25.649353062086917,3.4818006810956916,2.533482430387414,0.9483182507082777,75.43971482027874,55.00954348828883,30.570000076293944,22.780000019073487,19.41799995422363,18.49699999809265,VIPULLTD.NS,2025-09-05 11:40:00.952979
372,2024-03-05 00:00:00+05:30,31.299999237060547,33.95000076293945,31.299999237060547,31.549999237060547,616678,0.0,0.0,2024-03-05,22.042500019073486,5.688545182545469,27.731045201618954,16.35395483652802,33.41959038416442,10.665409653982548,114.54956850150418,231.3899269978134,6283044,1255238.0922265833,1609969.3893752904,19.859409279238168,100.0,32.266666412353516,33.233333587646484,30.583332061767578,34.91666793823242,29.61666488647461,35.88333511352539,27.933330535888672,,-14.769240159254808,3.475139797360672,2.296402867710344,1.178736929650328,84.49634893622508,53.77066350006487,30.0,22.042500019073486,19.169999961853026,18.34550000190735,VIPULLTD.NS,2025-09-05 11:40:00.952979
373,2024-03-04 00:00:00+05:30,32.900001525878906,32.900001525878906,30.399999618530273,32.900001525878906,3636333,0.0,0.0,2024-03-04,21.23500003814697,5.407210222377205,26.642210260524177,15.827789815769766,32.04942048290138,10.420579593392562,138.95757052198712,266.82907246891745,6899722,7718410.403135737,1698652.2136624667,19.594425647854088,100.0,32.066667556762695,33.73333549499512,31.233333587646484,34.56666946411133,29.566665649414062,36.23333740234375,28.73333168029785,,-0.0,3.261306774423357,2.0017186352977623,1.2595881391255945,93.58247362347622,51.052972522270935,28.870000076293945,21.23500003814697,18.89099998474121,18.17800001144409,VIPULLTD.NS,2025-09-05 11:40:00.952979
374,2024-03-01 00:00:00+05:30,29.899999618530273,29.899999618530273,29.899999618530273,29.899999618530273,41034,0.0,0.0,2024-03-01,20.362499952316284,4.799612732922008,25.16211268523829,15.562887219394277,29.9617254181603,10.763274486472268,128.25835594157473,268.4795462246685,3263389,79155.9086675337,193712.66629414904,17.541699495787046,94.44102051377688,29.899999618530273,29.899999618530273,29.899999618530273,29.899999618530273,29.899999618530273,29.899999618530273,29.899999618530273,,-0.0,2.805167197302964,1.6868216005163634,1.1183455967866007,91.7523860288157,48.1979777332244,27.229999923706053,20.362499952316284,18.56999996185303,18.0025,VIPULLTD.NS,2025-09-05 11:40:00.952979
375,2024-02-29 00:00:00+05:30,28.5,28.5,28.5,28.5,189323,0.0,0.0,2024-02-29,19.63999996185303,4.355383833363582,23.99538379521661,15.284616128489446,28.350767628580194,10.929232295125864,128.13067690085586,285.48501025356046,3222355,348110.03225806484,222351.85570080287,17.520147226101322,90.40182224570815,28.5,28.5,28.5,28.5,28.5,28.5,28.5,,-0.0,2.4741225144815964,1.4072352013197131,1.0668873131618832,90.5894943216186,45.39071256847135,25.95999984741211,19.63999996185303,18.325999984741213,17.859000005722045,VIPULLTD.NS,2025-09-05 11:40:00.952979
376,2024-02-28 00:00:00+05:30,27.149999618530273,27.149999618530273,27.149999618530273,27.149999618530273,304754,0.0,0.0,2024-02-28,18.97999997138977,3.9205396780202006,22.90053964940997,15.059460293369568,26.82107932743017,11.138920615349369,127.61903793092758,300.5909518693971,3033032,533811.0312093924,190912.31156148738,17.431083903299,90.08250098503902,27.149999618530273,27.149999618530273,27.149999618530273,27.149999618530273,27.149999618530273,27.149999618530273,27.149999618530273,,-0.0,2.1506770494446172,1.1405133730292423,1.010163676415375,89.2297481089035,42.53924140941871,24.75,18.97999997138977,18.107999992370605,17.727500009536744,VIPULLTD.NS,2025-09-05 11:40:00.952979
377,2024-02-27 00:00:00+05:30,25.899999618530273,25.899999618530273,25.899999618530273,25.899999618530273,24580,0.0,0.0,2024-02-27,18.40499997138977,3.4775180508627797,21.88251802225255,14.92748192052699,25.36003607311533,11.449963869664211,127.99998982747393,311.4724006891578,2728278,41072.38649183708,105187.63164951112,17.30250366537848,87.91602906209431,25.899999618530273,25.899999618530273,25.899999618530273,25.899999618530273,25.899999618530273,25.899999618530273,25.899999618530273,,-0.0,1.8369374075428588,0.8879724539253984,0.9489649536174605,87.70192290891292,39.67109701557852,23.6,18.40499997138977,17.922999992370606,17.617500009536744,VIPULLTD.NS,2025-09-05 11:40:00.952979
378,2024-02-26 00:00:00+05:30,24.700000762939453,24.700000762939453,24.700000762939453,24.700000762939453,36418,0.0,0.0,2024-02-26,17.8875,3.04690856025534,20.93440856025534,14.84059143974466,23.98131712051068,11.79368287948932,127.94802561698528,312.4607869897046,2703698,58033.84695385354,121216.44293892963,17.29331982093618,79.55396290248716,24.700000762939453,24.700000762939453,24.700000762939453,24.700000762939453,24.700000762939453,24.700000762939453,24.700000762939453,,-0.0,1.5305292689331438,0.6507312155210332,0.8797980534121106,85.92165219144468,36.812478842750366,22.5,17.8875,17.757999992370607,17.52850001335144,VIPULLTD.NS,2025-09-05 11:40:00.952979
379,2024-02-23 00:00:00+05:30,23.549999237060547,23.549999237060547,23.549999237060547,23.549999237060547,48712,0.0,0.0,2024-02-23,17.467499923706054,2.6053727328262175,20.072872656532272,14.862127190879836,22.678245389358487,12.256754458053619,130.78877984177325,306.98794621258094,2667280,74010.81050552869,137012.09193519864,17.281579005192427,75.57128268262522,23.549999237060547,23.549999237060547,23.549999237060547,23.549999237060547,23.549999237060547,23.549999237060547,23.549999237060547,,-0.0,1.233225868628388,0.4307817021680054,0.8024441664603825,83.83992331999389,34.00544792345938,21.45,17.467499923706054,17.612999992370604,17.46050000190735,VIPULLTD.NS,2025-09-05 11:40:00.952979
380,2024-02-22 00:00:00+05:30,22.450000762939453,22.450000762939453,22.450000762939453,22.450000762939453,115689,0.0,0.0,2024-02-22,17.114999961853027,2.1815676184728714,19.2965675803259,14.933432343380154,21.478135198798768,12.751864724907284,137.10626978770398,283.974315562456,2618568,167562.46053314226,152762.41229261612,17.26825991944533,74.6009224391616,22.450000762939453,22.450000762939453,22.450000762939453,22.450000762939453,22.450000762939453,22.450000762939453,22.450000762939453,,-0.0,0.9471599098985806,0.23017066055290972,0.7169892493456709,81.39663872559774,31.30453975434626,20.45,17.114999961853027,17.50400001525879,17.41350001335144,VIPULLTD.NS,2025-09-05 11:40:00.952979
381,2024-02-21 00:00:00+05:30,21.399999618530273,21.399999618530273,21.399999618530273,21.399999618530273,121858,0.0,0.0,2024-02-21,16.83749990463257,1.7839839238464301,18.621483828479,15.05351598078614,20.40546775232543,13.26953205693971,142.37241846696142,250.5062884640601,2502879,168242.65506547515,149062.4002324846,17.24197871702458,66.12919283354205,21.399999618530273,21.399999618530273,21.399999618530273,21.399999618530273,21.399999618530273,21.399999618530273,21.399999618530273,,-0.0,0.674891071401909,0.050923348216492,0.6239677231854169,78.51776946219519,28.780320976569463,19.5,16.83749990463257,17.42099998474121,17.361999998092653,VIPULLTD.NS,2025-09-05 11:40:00.952979
382,2024-02-20 00:00:00+05:30,20.399999618530273,20.399999618530273,20.399999618530273,20.399999618530273,72180,0.0,0.0,2024-02-20,16.612499904632568,1.4261537664425725,18.03865367107514,15.186346138189995,19.464807437517713,13.760192371747422,149.63031802311806,207.24608988359685,2381021,94998.19177196882,144267.33652423695,17.219645845990804,50.84262896478199,20.399999618530273,20.399999618530273,20.399999618530273,20.399999618530273,20.399999618530273,20.399999618530273,20.399999618530273,,-0.0,0.41948803373962207,-0.10506858257986222,0.5245566163194842,75.11171569281338,26.524145211393,18.6,16.612499904632568,17.360999984741213,17.305500001907347,VIPULLTD.NS,2025-09-05 11:40:00.952979
383,2024-02-19 00:00:00+05:30,19.450000762939453,19.450000762939453,19.450000762939453,19.450000762939453,189624,0.0,0.0,2024-02-19,16.46249990463257,1.134840087548676,17.597339992181244,15.327659817083893,18.732180079729922,14.192819729535216,163.48133770344282,157.75776080012565,2308841,237947.54481752485,156584.62271230397,17.209495519106664,45.762313888995436,19.450000762939453,19.450000762939453,19.450000762939453,19.450000762939453,19.450000762939453,19.450000762939453,19.450000762939453,,-0.0,0.1846237198577647,-0.23620773665973327,0.420831456517498,71.0646550427728,24.654591982593743,17.74000015258789,16.46249990463257,17.332999992370606,17.245000009536742,VIPULLTD.NS,2025-09-05 11:40:00.952979
384,2024-02-16 00:00:00+05:30,18.549999237060547,18.549999237060547,18.549999237060547,18.549999237060547,152742,0.0,0.0,2024-02-16,16.379999828338622,0.9513701005428975,17.33136992888152,15.428629727795725,18.282740029424417,14.477259627252828,177.57520550721372,102.12624708245065,2119217,182797.6763527165,136243.89218599873,17.190550994444965,31.43133719327176,18.549999237060547,18.549999237060547,18.549999237060547,18.549999237060547,18.549999237060547,18.549999237060547,18.549999237060547,,-0.0,-0.025310608650340072,-0.3414156007891077,0.31610499213876764,66.2346156593073,23.326355058663186,17.029999923706054,16.379999828338622,17.329999961853026,17.186500005722046,VIPULLTD.NS,2025-09-05 11:40:00.952979
385,2024-02-15 00:00:00+05:30,17.700000762939453,17.700000762939453,17.700000762939453,17.700000762939453,66710,0.0,0.0,2024-02-15,16.344999885559083,0.8773314973436539,17.222331382902738,15.46766838821543,18.09966288024639,14.590336890871775,178.41168662608544,40.01295872451087,1966475,76178.51941262532,124605.44614431928,17.18122846766303,24.184713803104856,17.700000762939453,17.700000762939453,17.700000762939453,17.700000762939453,17.700000762939453,17.700000762939453,17.700000762939453,,-0.0,-0.2050701576211189,-0.42044184882379954,0.21537169120268063,60.44397862593016,22.74276029479803,16.64000015258789,16.344999885559083,17.326999969482422,17.138000011444092,VIPULLTD.NS,2025-09-05 11:40:00.952979
386,2024-02-14 00:00:00+05:30,16.899999618530273,16.899999618530273,16.899999618530273,16.899999618530273,37409,0.0,0.0,2024-02-14,16.339999866485595,0.8694523210078734,17.20945218749347,15.470547545477721,18.078904508501342,14.601095224469848,160.05286443961194,-22.058556652330672,1899765,40787.87649868385,136712.17782724276,17.179670053494203,18.880774353372118,16.899999618530273,16.899999618530273,16.899999618530273,16.899999618530273,16.899999618530273,16.899999618530273,16.899999618530273,,-20.833336644703014,-0.3483977583578266,-0.4742847716244697,0.1258870132666431,53.47012345167351,23.1738040342353,16.3,16.339999866485595,17.341999969482423,17.1,VIPULLTD.NS,2025-09-05 11:40:00.952979
387,2024-02-13 00:00:00+05:30,16.299999237060547,16.649999618530273,15.149999618530273,16.100000381469727,120152,0.0,0.0,2024-02-13,16.38499984741211,0.9216831829731549,17.306683030385265,15.463316664438956,18.22836621335842,14.541633481465801,42.20312027149372,-95.49411580492882,1862356,124803.04811834532,160693.25315938247,17.180141975305,16.94040629839529,15.966666539510092,16.78333346048991,15.28333346048991,17.466666539510094,14.466666539510092,18.28333346048991,13.78333346048991,-0.3572162395630818,-55.102039227531826,-0.4478337744977381,-0.5057565249411304,0.057922750443392346,44.361542581950744,24.929869832107613,15.970000076293946,16.38499984741211,17.373999977111815,17.075500001907347,VIPULLTD.NS,2025-09-05 11:40:00.952979
388,2024-02-12 00:00:00+05:30,16.950000762939453,17.200000762939453,15.800000190734863,15.899999618530273,86606,0.0,0.0,2024-02-12,16.477499866485594,0.9824077834097485,17.459907649895342,15.495092083075846,18.44231543330509,14.512684299666097,114.83084059814645,-75.70630959979414,1742204,88840.99141693123,169665.80441964176,17.186027961667417,16.99531393536722,16.300000190734863,16.800000190734863,15.399999618530273,17.700000762939453,14.899999618530273,18.200000762939453,13.999999046325684,-0.3942399208328253,-68.96552631319327,-0.48956884341336604,-0.5202372125519785,0.030668369138612483,41.712751547554404,26.317572063707736,15.829999923706055,16.477499866485594,17.42099998474121,17.060999994277953,VIPULLTD.NS,2025-09-05 11:40:00.952979
389,2024-02-09 00:00:00+05:30,16.799999237060547,16.799999237060547,16.100000381469727,16.600000381469727,259309,0.0,0.0,2024-02-09,16.58499984741211,1.0322560581271327,17.617255905539242,15.552743789284978,18.649511963666377,14.520487731157845,148.76032406478964,-64.21768508354002,1828810,277711.58057538944,189872.0076703194,17.191099214731185,16.885115338901002,16.5,16.899999618530273,16.200000762939453,17.19999885559082,15.80000114440918,17.599998474121094,15.500001907348633,-0.3881795286958574,-49.20633094500962,-0.5158876240323131,-0.5279043048366315,0.012016680804318391,49.348049096225104,27.533362860041837,15.739999961853027,16.58499984741211,17.477000007629396,17.04449999809265,VIPULLTD.NS,2025-09-05 11:40:00.952979
390,2024-02-08 00:00:00+05:30,15.699999809265137,16.0,15.600000381469727,16.0,142061,0.0,0.0,2024-02-08,16.662499809265135,1.0900114245441028,17.752511233809237,15.572488384721032,18.842522658353342,14.48247696017693,12.428338432663951,-120.8609096975947,1569501,146643.61290322593,167912.11444405187,17.198161619735878,12.623400890026616,15.866666793823242,16.133333206176758,15.733333587646484,16.266666412353516,15.466667175292969,16.53333282470703,15.333333969116211,-0.4507227980697773,-70.14925713049395,-0.610706628537999,-0.5309084750377111,-0.07979815350028785,40.71019936437428,29.636882534432313,15.509999847412109,16.662499809265135,17.517000007629395,17.024999990463257,VIPULLTD.NS,2025-09-05 11:40:00.952979
391,2024-02-07 00:00:00+05:30,15.600000381469727,15.600000381469727,15.149999618530273,15.25,178243,0.0,0.0,2024-02-07,16.777499771118165,1.1367629887981923,17.914262759916358,15.640736782319973,19.05102574871455,14.50397379352178,-79.90865665043988,-177.13009137440494,1427440,175368.11290322593,173229.23982925832,17.206055985832563,6.675114522044055,15.333333333333334,15.516667048136394,15.066666285196941,15.783334096272787,14.88333257039388,15.966667811075848,14.616665522257488,-0.44637046642251355,-92.53731428262348,-0.6637596099416214,-0.5109589366626391,-0.15280067327898228,26.07804639098981,29.702422602708957,15.369999885559082,16.777499771118165,17.562999992370607,17.017999992370605,VIPULLTD.NS,2025-09-05 11:40:00.952979
392,2024-02-06 00:00:00+05:30,15.600000381469727,15.600000381469727,15.25,15.399999618530273,82511,0.0,0.0,2024-02-06,16.924999809265138,1.1193865814817336,18.044386390746872,15.805613227783404,19.163772972228607,14.686226646301671,-78.40863197075436,-189.2836135988653,1605683,81978.6689370679,172694.52156076638,17.222361177947104,6.953087141140159,15.416666666666666,15.583333333333332,15.233332951863606,15.766667048136393,15.06666628519694,15.933333714803059,14.883332570393879,-0.4486022528467361,-88.0597142393523,-0.6477629026486618,-0.47275876834289354,-0.17500413430576822,27.33067979591442,28.259582974141264,15.449999809265137,16.924999809265138,17.638999977111816,17.020999994277954,VIPULLTD.NS,2025-09-05 11:40:00.952979
393,2024-02-05 00:00:00+05:30,15.550000190734863,15.899999618530273,15.25,15.449999809265137,118606,0.0,0.0,2024-02-05,17.064999866485596,1.093413332231259,18.158413198716854,15.971586534254337,19.251826530948115,14.878173202023078,-78.78787937170114,-200.22963264408165,1688194,118223.39854049691,195373.48471669102,17.229420412593747,6.917331449852085,15.53333314259847,15.816666285196941,15.166666666666668,16.183332761128746,14.883333524068197,16.466665903727215,14.516667048136394,-0.4646042043404997,-87.14286259242466,-0.6322403700962802,-0.4290077347664514,-0.20323263532982883,27.743155963803005,26.85153108578261,15.479999923706055,17.064999866485596,17.71099998474121,17.0225,VIPULLTD.NS,2025-09-05 11:40:00.952979
394,2024-02-02 00:00:00+05:30,15.649999618530273,15.899999618530273,15.25,15.449999809265137,152542,0.0,0.0,2024-02-02,17.209999895095827,1.0597418394582374,18.269741734554064,16.15025805563759,19.3294835740123,15.090516216179353,-94.19954043961846,-225.41010882738345,1806800,152049.9271551564,214661.00626073952,17.239384132469993,6.270344293621903,15.53333314259847,15.816666285196941,15.166666666666668,16.183332761128746,14.883333524068197,16.466665903727215,14.516667048136394,-0.46717720091119036,-87.14286259242466,-0.6077116862933103,-0.3781995759339941,-0.22951211035931618,27.743155963803005,25.33516751370406,15.649999809265136,17.209999895095827,17.80199998855591,17.023500003814696,VIPULLTD.NS,2025-09-05 11:40:00.952979
395,2024-02-01 00:00:00+05:30,16.25,16.399999618530273,15.0,15.300000190734863,391435,0.0,0.0,2024-02-01,17.357499885559083,1.0058088302085675,18.36330871576765,16.351691055350514,19.369117545976216,15.345882225141947,-114.28570823063924,-251.75911532058515,1654258,386384.2306232455,230313.77603713528,17.252363938620018,6.093263373287627,15.566666603088379,16.133333206176758,14.733333587646484,16.966666221618652,14.166666984558105,17.53333282470703,13.333333969116211,-0.446447635454385,-91.4285659790039,-0.5670997852683968,-0.320821548344165,-0.24627823692423179,24.80771326239301,23.702160589927164,15.859999847412109,17.357499885559083,17.883999977111817,17.024000005722044,VIPULLTD.NS,2025-09-05 11:40:00.952979
396,2024-01-31 00:00:00+05:30,15.550000190734863,15.899999618530273,15.5,15.649999618530273,116212,0.0,0.0,2024-01-31,17.499999856948854,0.8947214400736224,18.394721297022475,16.605278416875233,19.2894427370961,15.710556976801609,-136.61775743974692,-269.0709169655655,2045693,117336.62939797687,191296.1623906077,17.289394097969986,16.373668099790805,15.683333079020182,15.866666158040363,15.46666653951009,16.083332697550453,15.283333460489908,16.266665776570637,15.066666920979817,-0.19924733321960464,-95.00001271565755,-0.4917391346271849,-0.259251989113107,-0.2324871455140779,27.202068896869577,21.943537748936663,16.17999973297119,17.499999856948854,17.96299997329712,,VIPULLTD.NS,2025-09-05 11:40:00.952979
397,2024-01-30 00:00:00+05:30,16.299999237060547,16.799999237060547,15.5,15.550000190734863,424247,0.0,0.0,2024-01-30,17.597499895095826,0.7816102382161999,18.379110133312025,16.815889656879627,19.160720371528225,16.034279418663427,-146.6666887808549,-266.3892203184724,1929481,425615.5439302386,209786.0456387654,17.29867781856877,15.152011576439918,15.949999809265137,16.399999618530273,15.100000381469727,17.249999046325684,14.65000057220459,17.69999885559082,13.80000114440918,-0.1989813418510875,-98.43749441206589,-0.42227371291295057,-0.2011302027345875,-0.22114351017836306,25.288985831495864,20.049636227869964,16.42999973297119,17.597499895095826,18.02199998855591,,VIPULLTD.NS,2025-09-05 11:40:00.952979
398,2024-01-29 00:00:00+05:30,16.5,16.75,16.200000762939453,16.299999237060547,108111,0.0,0.0,2024-01-29,17.682499885559082,0.6237145895596458,18.30621447511873,17.058785295999435,18.929929064678372,16.43507070643979,-136.89671168594782,-228.9206083129773,2353728,113690.91725921638,155828.6710658971,17.335591595587957,17.299311449687778,16.416666666666668,16.633332570393883,16.083333333333336,16.966665903727215,15.866667429606121,17.18333180745443,15.533334096272789,-0.12782282618190374,-96.15390258431219,-0.31709040793664656,-0.14584432518999674,-0.17124608274664982,30.954114132164037,18.01004997441352,16.799999618530272,17.682499885559082,18.073999977111818,,VIPULLTD.NS,2025-09-05 11:40:00.952979
399,2024-01-25 00:00:00+05:30,17.399999618530273,17.399999618530273,16.25,16.5,276419,0.0,0.0,2024-01-25,17.749999904632567,0.5326201899507957,18.28262009458336,17.217379714681773,18.81524028453416,16.684759524730975,-149.61963787070744,-202.66137441511012,2461839,294252.48387096793,166363.10951756727,17.341192539206574,15.96949953010646,16.71666653951009,17.18333307902018,16.033333460489906,17.866666158040363,15.566666920979817,18.333332697550453,14.883333841959633,-0.11636638062921888,-91.2280713495527,-0.25148304615911243,-0.1030328045033343,-0.14845024165577814,32.77199432074124,16.625776080305716,17.099999618530273,17.749999904632567,18.103999977111815,,VIPULLTD.NS,2025-09-05 11:40:00.952979
400,2024-01-24 00:00:00+05:30,17.25,17.450000762939453,16.700000762939453,16.899999618530273,73270,0.0,0.0,2024-01-24,17.80999994277954,0.44473535176948575,18.254735294549025,17.365264591010057,18.699470646318513,16.92052923924057,-157.70597160542047,-169.8744348697932,2738258,79887.9336806267,134390.7659292171,17.35298795540582,17.447514485189345,17.016667048136394,17.333333333333336,16.583333333333336,17.766667048136394,16.266667048136394,18.083333333333336,15.833333333333336,-0.1002189506706806,-84.61540154451201,-0.18337243771586387,-0.06592024408938975,-0.11745219362647412,36.783892208654215,15.200390478134697,17.36999969482422,17.80999994277954,18.127999992370604,,VIPULLTD.NS,2025-09-05 11:40:00.952979
401,2024-01-23 00:00:00+05:30,17.149999618530273,17.899999618530273,16.5,16.899999618530273,104903,0.0,0.0,2024-01-23,17.877499961853026,0.39949807573996826,18.276998037592993,17.47800188611306,18.676496113332963,17.07850381037309,-203.65421803843168,-166.88085743069635,2811528,114378.10709565692,148016.47399136468,17.354677930859648,28.965518136610555,17.099999745686848,17.699999491373696,16.299999872843422,18.49999936421712,15.700000127156574,19.09999910990397,14.900000254313149,-0.06311601255373996,-84.61540154451201,-0.13278575088672184,-0.03655719568277121,-0.09622855520395063,36.783892208654215,14.288044572138393,17.50999984741211,17.877499961853026,18.15,,VIPULLTD.NS,2025-09-05 11:40:00.952979
402,2024-01-19 00:00:00+05:30,18.149999618530273,18.149999618530273,17.299999237060547,17.399999618530273,94373,0.0,0.0,2024-01-19,17.9125,0.3347720811780836,18.247272081178085,17.577727918821918,18.58204416235617,17.242955837643834,-124.93010129141886,-86.61357647247418,2916431,105941.30090319732,156426.0657152916,17.357119591432372,58.281168967997374,17.616666158040363,17.93333307902018,17.083332697550453,18.46666653951009,16.766665776570637,18.783333460489906,16.233332316080727,-0.06358127351753333,-94.44442678382018,-0.06600755712991457,-0.012500056881783548,-0.05350750024813103,42.37499246753977,13.30551821183468,17.689999771118163,17.9125,18.187999992370607,,VIPULLTD.NS,2025-09-05 11:40:00.952979
403,2024-01-18 00:00:00+05:30,18.350000381469727,18.350000381469727,17.5,17.799999237060547,133733,0.0,0.0,2024-01-18,17.92250003814697,0.3213764750590259,18.243876513205997,17.601123563087945,18.565252988265023,17.27974708802892,-65.6028848485575,-45.861904505961114,3010804,153577.24503031094,169047.25691831514,17.35691143054308,60.66500430117795,17.883333206176758,18.266666412353516,17.41666603088379,18.733333587646484,17.03333282470703,19.116666793823242,16.566665649414062,-0.008491785379932436,-76.4706212343906,-0.0287535430453687,0.0008768181802492076,-0.029630361225617907,47.7687130356436,13.575138462673385,17.8,17.92250003814697,18.19900001525879,,VIPULLTD.NS,2025-09-05 11:40:00.952979
404,2024-01-17 00:00:00+05:30,17.549999237060547,17.899999618530273,17.399999618530273,17.850000381469727,72294,0.0,0.0,2024-01-17,17.875000095367433,0.40082140081868206,18.275821496186115,17.47417869454875,18.676642897004797,17.07335729373007,-141.20374509580793,-74.08784089170409,3144537,83254.70500503051,172914.75989031617,17.353842248776317,58.24237386882818,17.71666653951009,18.033333460489906,17.533333460489906,18.21666653951009,17.21666653951009,18.533333460489906,17.033333460489906,-0.029724292181865865,-62.5,-0.02001535800381049,0.008284408486653684,-0.028299766490464173,48.48504100064501,14.268816981488879,17.85,17.875000095367433,18.18700004577637,,VIPULLTD.NS,2025-09-05 11:40:00.952979
405,2024-01-16 00:00:00+05:30,17.799999237060547,18.200000762939453,17.5,17.600000381469727,73210,0.0,0.0,2024-01-16,17.86750011444092,0.40271270274608495,18.270212817187005,17.464787411694832,18.672925519933088,17.06207470894875,-162.2638983506486,-69.83705860858016,3072243,83128.77599531609,195329.77361163756,17.351977390334852,58.39917189283984,17.766667048136394,18.03333409627279,17.333333333333336,18.466667811075848,17.06666628519694,18.733334859212242,16.633332570393883,-0.047180349755116605,-75.0,-0.013448925346903451,0.015359350109269728,-0.028808275456173177,44.630007553460246,13.90405583916825,17.90999984741211,17.86750011444092,18.190000038146973,,VIPULLTD.NS,2025-09-05 11:40:00.952979
406,2024-01-15 00:00:00+05:30,17.600000381469727,18.5,17.600000381469727,17.799999237060547,80696,0.0,0.0,2024-01-15,17.86750011444092,0.40271270274608495,18.270212817187005,17.464787411694832,18.672925519933088,17.06207470894875,-112.3187744776077,-45.449305799134365,3145453,92670.24118927991,223380.02301571792,17.351029753303617,60.70165831605856,17.96666653951009,18.333332697550453,17.43333307902018,18.866666158040363,17.066666920979817,19.233332316080727,16.533333460489906,-0.0426141366824527,-65.00005722045898,0.019783081999392493,0.02256141897331302,-0.002778336973920527,47.25704752182999,13.694160507417024,18.049999618530272,17.86750011444092,18.208000030517578,,VIPULLTD.NS,2025-09-05 11:40:00.952979
407,2024-01-12 00:00:00+05:30,18.100000381469727,18.5,17.799999237060547,17.950000762939453,197276,0.0,0.0,2024-01-12,17.872500133514404,0.40245122251759985,18.274951356032002,17.470048910996805,18.677402578549604,17.067597688479204,-40.74073812435372,-31.247269650477755,3226149,228458.3451941707,256057.4684723274,17.349130943878237,63.669471913951014,18.083333333333332,18.366667429606117,17.666666666666664,18.783334096272785,17.38333257039388,19.06666819254557,16.96666590372721,-0.030099212758208777,-57.49998092651367,0.04233352105124055,0.02325600321679315,0.019077517834447402,49.277094127933196,13.647865870532794,18.129999923706055,17.872500133514404,18.205000038146974,,VIPULLTD.NS,2025-09-05 11:40:00.952979
408,2024-01-11 00:00:00+05:30,18.5,18.5,17.899999618530273,18.049999237060547,191622,0.0,0.0,2024-01-11,17.857500076293945,0.4049933619265548,18.2624934382205,17.45250671436739,18.667486800147056,17.047513352440834,6.15642397109867,-22.280094456494304,3423425,223146.9002454205,262957.24929186655,17.34285352915054,68.43844742924851,18.149999618530273,18.399999618530273,17.799999237060547,18.75,17.549999237060547,19.0,17.19999885559082,0.0026502040417409737,-52.500057220458984,0.05579062196968465,0.018486623758181296,0.037303998211503354,50.616496120219345,13.960022215499581,18.179999923706056,17.857500076293945,18.18300003051758,,VIPULLTD.NS,2025-09-05 11:40:00.952979
409,2024-01-10 00:00:00+05:30,18.450000762939453,18.450000762939453,18.0,18.149999618530273,199562,0.0,0.0,2024-01-10,17.82750015258789,0.41214284033368737,18.239642992921578,17.415357312254205,18.651785833255268,17.003214471920515,26.122136865466793,-13.724297310102378,3615047,233680.6596047187,272909.83655347803,17.3356039949991,69.60663860669234,18.200000127156574,18.40000025431315,17.949999491373696,18.650000890096027,17.74999936421712,18.850001017252602,17.499998728434242,0.006477883399016826,-31.14755431095024,0.06232614202804143,0.009160624205305458,0.05316551782273597,51.92711172554024,14.47813746654976,18.24000015258789,17.82750015258789,18.143000030517577,,VIPULLTD.NS,2025-09-05 11:40:00.952979
410,2024-01-09 00:00:00+05:30,18.450000762939453,18.700000762939453,17.399999618530273,18.299999237060547,264084,0.0,0.0,2024-01-09,17.825000190734862,0.4102308829344422,18.235231073669304,17.41476930780042,18.645461956603747,17.004538424865977,15.730265802916524,-21.332911529405497,3814609,311789.4837754774,282717.13079066784,17.32681516980218,64.94907820306216,18.133333206176758,18.866666793823242,17.566665649414062,19.433334350585938,16.833332061767578,20.166667938232422,16.266664505004883,0.025696257403615586,-26.22953587658896,0.059900730260615376,-0.0041307552503785355,0.06403148551099391,53.86994885847425,15.213795103298747,18.29000015258789,17.825000190734862,18.101000022888183,,VIPULLTD.NS,2025-09-05 11:40:00.952979
411,2024-01-08 00:00:00+05:30,18.700000762939453,18.799999237060547,18.100000381469727,18.200000762939453,99754,0.0,0.0,2024-01-08,17.825000190734862,0.4102308829344422,18.235231073669304,17.41476930780042,18.645461956603747,17.004538424865977,71.88079619047475,9.230166684871568,3550525,117130.50813588793,275449.04254446545,17.312715741141055,70.15746057754025,18.366666793823242,18.633333206176758,17.933334350585938,19.066665649414062,17.666667938232422,19.333332061767578,17.233335494995117,-0.022416238988213252,-29.50817314216496,0.04111519169918054,-0.020138626628127012,0.06125381832730756,52.77617523880825,16.006041789028423,18.260000228881836,17.825000190734862,18.05100004196167,,VIPULLTD.NS,2025-09-05 11:40:00.952979
412,2024-01-05 00:00:00+05:30,18.700000762939453,19.100000381469727,17.950000762939453,18.200000762939453,253811,0.0,0.0,2024-01-05,17.835000133514406,0.4221185356501842,18.25711866916459,17.41288159786422,18.679237204814775,16.990763062214036,100.39223306867581,15.071372417303387,3650279,298023.2512027373,315028.6761466098,17.307833253446148,71.58844504178671,18.416667302449543,18.883333841959633,17.73333422342936,19.566666920979817,17.26666768391927,20.033333460489906,16.583334604899086,-0.02157758182930692,-29.50817314216496,0.02628938687563931,-0.0354520812099539,0.06174146808559321,52.77617523880823,16.321757779909753,18.14000015258789,17.835000133514406,17.98800003051758,,VIPULLTD.NS,2025-09-05 11:40:00.952979
413,2024-01-04 00:00:00+05:30,18.399999618530273,18.75,18.200000762939453,18.350000381469727,77333,0.0,0.0,2024-01-04,17.875000095367433,0.4908369005085274,18.36583699587596,17.384163194858907,18.85667389638449,16.893326294350377,119.17101831976743,19.133569847734954,3904090,91552.29545162575,319280.03238257795,17.295164670372248,79.4353500789535,18.43333371480306,18.666666666666664,18.116667429606117,18.983332951863606,17.883334477742512,19.21666590372721,17.56666819254557,0.015157321035968332,-20.68965744036579,0.006909539989809588,-0.050887448231352196,0.057796988221161784,54.44584326030889,16.661759616243494,17.95,17.875000095367433,17.911000022888185,,VIPULLTD.NS,2025-09-05 11:40:00.952979
414,2024-01-03 00:00:00+05:30,18.299999237060547,18.950000762939453,18.0,18.399999618530273,275858,0.0,0.0,2024-01-03,17.92250003814697,0.5775341769728838,18.500034215119854,17.34496586117409,19.07756839209274,16.767431684201203,149.04012441903228,23.498152523085114,3981423,327470.13514635654,376211.966615316,17.290581099706415,78.02903956943199,18.450000127156574,18.90000025431315,17.949999491373696,19.400000890096027,17.49999936421712,19.850001017252602,16.999998728434242,0.07127634779704065,-18.965546724755267,-0.03277991640851141,-0.06533669528664264,0.03255677887813123,54.98426764833115,17.587267828961696,17.809999847412108,17.92250003814697,17.841000022888185,,VIPULLTD.NS,2025-09-05 11:40:00.952979
415,2024-01-02 00:00:00+05:30,18.100000381469727,18.450000762939453,17.549999237060547,18.149999618530273,1354811,0.0,0.0,2024-01-02,17.92250003814697,0.5775341769728838,18.500034215119854,17.34496586117409,19.07756839209274,16.767431684201203,101.85174906511375,-27.4133623828185,3705565,1586439.9440761697,388397.4244825558,17.27311404619763,71.3316775117058,18.049999872843426,18.550000508626304,17.649998982747398,18.950001398722332,17.14999834696452,19.45000203450521,16.749997456868492,0.08397879866050756,-20.754748215730363,-0.08802194959249832,-0.07347589000617544,-0.01454605958632288,52.81795008259333,18.583968981119757,17.670000076293945,17.92250003814697,17.78200002670288,,VIPULLTD.NS,2025-09-05 11:40:00.952979
416,2024-01-01 00:00:00+05:30,17.399999618530273,17.950000762939453,17.399999618530273,17.600000381469727,64272,0.0,0.0,2024-01-01,17.937500095367433,0.587562749487139,18.52506284485457,17.349937345880296,19.11262559434171,16.762374596393155,3.33812234974672,-80.12458340027625,2350754,72979.82093663373,88886.79458415232,17.199626909315153,33.92650979980496,17.650000254313152,17.90000089009603,17.34999974568685,18.200001398722332,17.099999109903973,18.45000203450521,16.79999860127767,-0.10903649899398268,-41.509424456082066,-0.13279361405393075,-0.0698393751095947,-0.06295423894433605,47.67378207270271,19.53938884102587,17.690000152587892,17.937500095367433,17.734000034332276,,VIPULLTD.NS,2025-09-05 11:40:00.952979
417,2023-12-29 00:00:00+05:30,17.600000381469727,17.899999618530273,17.100000381469727,17.25,46038,0.0,0.0,2023-12-29,17.982500076293945,0.5947741644512823,18.57727424074523,17.38772591184266,19.17204840519651,16.79295174739138,-66.12687088486086,-109.03080617043706,2286482,51235.83870967744,92863.53799603196,17.198028798631228,26.484827977529704,17.416666666666668,17.73333295186361,16.933333714803062,18.216665903727215,16.61666742960612,18.533332188924156,16.133334477742515,-0.09595652229738967,-61.90475613802658,-0.13393629575155686,-0.05410081537351068,-0.07983548037804618,44.07048504881013,19.60928390250683,17.690000152587892,17.982500076293945,17.698000030517576,,VIPULLTD.NS,2025-09-05 11:40:00.952979
418,2023-12-28 00:00:00+05:30,18.0,18.0,17.450000762939453,17.649999618530273,63426,0.0,0.0,2023-12-28,18.04250011444092,0.5772607850861046,18.619760899527023,17.465239329354816,19.19702168461313,16.88797854426871,5.5809139624808175,-67.5826561973764,2332520,72223.7984390259,103270.46281762059,17.197879779358242,25.62432991761972,17.700000127156574,17.949999491373696,17.40000025431315,18.24999936421712,17.150000890096027,18.499998728434242,16.850001017252602,-0.0693396923935942,-52.23880002163559,-0.09890020223859963,-0.03414194527899913,-0.0647582569596005,47.54498832969448,19.583946641462,17.760000228881836,18.04250011444092,17.677000045776367,,VIPULLTD.NS,2025-09-05 11:40:00.952979
419,2023-12-27 00:00:00+05:30,18.450000762939453,18.700000762939453,17.649999618530273,17.700000762939453,79545,0.0,0.0,2023-12-27,18.095000171661376,0.5873444075842387,18.682344579245616,17.507655764077136,19.269688986829852,16.9203113564929,101.01011794095169,-21.953131606507082,2395946,90835.26197987222,111032.12891226925,17.196086685115414,31.872524192760324,18.016667048136394,18.383334477742515,17.333333333333336,19.066668192545574,16.966665903727215,19.433335622151695,16.283332188924156,-0.027916883929554076,-53.52109876140581,-0.09193879945622285,-0.017952381039098998,-0.07398641841712386,47.98409244810174,20.032060524526365,17.600000381469727,18.095000171661376,17.65800006866455,,VIPULLTD.NS,2025-09-05 11:40:00.952979
420,2023-12-26 00:00:00+05:30,17.350000381469727,18.350000381469727,17.25,18.25,126425,0.0,0.0,2023-12-26,18.14000015258789,0.5899596918718565,18.72995984445975,17.550040460716033,19.319919536331604,16.96008076884418,76.54316075819301,-21.874379851087898,2475491,148855.24193548394,116081.3456453685,17.193567749170718,35.711684941247725,17.950000127156574,18.65000025431315,17.549999872843422,19.0500005086263,16.849999745686848,19.750000635782875,16.449999491373696,0.019034294587968233,-38.02816750061653,-0.08655743739701904,0.0005442235651819671,-0.08710166096220101,52.982138465432705,20.797973251454486,17.600000381469727,18.14000015258789,17.630000038146974,,VIPULLTD.NS,2025-09-05 11:40:00.952979
421,2023-12-22 00:00:00+05:30,18.0,18.450000762939453,17.399999618530273,17.600000381469727,72158,0.0,0.0,2023-12-22,18.142500114440917,0.5905559854494501,18.733056099890366,17.55194412899147,19.323612085339818,16.961388143542017,17.80539734696072,-26.49004889725473,2349066,81934.24693716729,107887.87157283965,17.185107434752368,33.785268435532544,17.816666920979817,18.23333422342936,17.18333307902018,18.866668065388996,16.766665776570637,19.28333536783854,16.133331934611,-0.10184113327865918,-56.33801000739836,-0.1325227784499603,0.02231963880573222,-0.15484241725569253,46.9141030205805,20.991325180911904,17.47000045776367,18.142500114440917,17.57600004196167,,VIPULLTD.NS,2025-09-05 11:40:00.952979
422,2023-12-21 00:00:00+05:30,16.799999237060547,17.649999618530273,16.049999237060547,17.600000381469727,147032,0.0,0.0,2023-12-21,18.215000057220458,0.6091622776738073,18.824162334894265,17.60583777954665,19.43332461256807,16.996675501872843,-133.33343968249912,-77.52349138372881,2421224,166952.4681347263,114376.27773175773,17.183202315910645,29.226447986066205,17.099999745686848,18.15000025431315,16.549999872843422,18.700000127156574,15.499999364217121,19.750000635782875,14.949999491373696,-0.057780281610491216,-56.33801000739836,-0.12534930905718156,0.061030243119655346,-0.1863795521768369,46.9141030205805,21.391812871896803,17.530000305175783,18.215000057220458,17.52100004196167,,VIPULLTD.NS,2025-09-05 11:40:00.952979
423,2023-12-20 00:00:00+05:30,17.799999237060547,18.0,16.850000381469727,16.850000381469727,121193,0.0,0.0,2023-12-20,18.285000038146972,0.6151805594025641,18.900180597549536,17.669819478744408,19.5153611569521,17.054638919341844,-118.79961366342337,-55.642402996570326,2274192,131748.52233751366,101232.23013101556,17.17926571219595,34.61542008028232,17.233333587646484,17.616666793823242,16.46666717529297,18.383333206176758,16.08333396911621,18.766666412353516,15.316667556762695,-0.18177323582824115,-100.0,-0.11426586250041026,0.10762513116386456,-0.22189099366427484,39.093764896127944,20.233117077098385,17.54000015258789,18.285000038146972,17.46500003814697,,VIPULLTD.NS,2025-09-05 11:40:00.952979
424,2023-12-19 00:00:00+05:30,17.799999237060547,17.850000381469727,17.600000381469727,17.700000762939453,40186,0.0,0.0,2023-12-19,18.442500019073485,0.6314716007001413,19.073971619773626,17.811028418373343,19.705443220473768,17.179556817673202,-67.35156888382363,-13.424395059729171,2395385,45889.82133287001,93603.15707939104,17.181849173229097,35.556381679922026,17.71666717529297,17.83333396911621,17.58333396911621,17.96666717529297,17.46666717529297,18.08333396911621,17.33333396911621,-0.1070676120643766,-73.07689768323199,-0.024480754976963226,0.16309787957993324,-0.18757863455689647,46.26652354551548,19.956590130197142,17.660000228881835,18.442500019073485,17.435000038146974,,VIPULLTD.NS,2025-09-05 11:40:00.952979
425,2023-12-18 00:00:00+05:30,17.950000762939453,18.25,17.5,17.600000381469727,45883,0.0,0.0,2023-12-18,18.534999942779542,0.6521420543544416,19.187141997133985,17.8828578884251,19.839284051488427,17.230715834070658,-71.92354924664237,-4.36790611385833,2355199,52099.40758083714,105531.49101602129,17.180497594479675,42.97593256742781,17.78333346048991,18.06666692097982,17.31666692097982,18.53333346048991,17.03333346048991,18.81666692097982,16.56666692097982,-0.13608388246031633,-76.92306563699199,0.007130152010237367,0.20999253821915734,-0.20286238620891997,45.16748408655152,20.884358974684076,17.74000015258789,18.534999942779542,17.39200002670288,,VIPULLTD.NS,2025-09-05 11:40:00.952979
426,2023-12-15 00:00:00+05:30,17.649999618530273,18.25,17.5,17.899999618530273,53391,0.0,0.0,2023-12-15,18.617499923706056,0.6316799609068036,19.24917988461286,17.98581996279925,19.880859845519662,17.35414000189245,-74.6943653095694,5.230820778499041,2401082,61657.99223438388,118889.51187481733,17.17924447706625,42.808648210323625,17.883333206176758,18.266666412353516,17.516666412353516,18.633333206176758,17.133333206176758,19.016666412353516,16.766666412353516,0.12948565598435663,-65.384635135264,0.05734218182783124,0.2607081347713873,-0.20336595294355608,47.89651751013293,21.883494653362316,17.879999923706055,18.617499923706056,17.34700002670288,,VIPULLTD.NS,2025-09-05 11:40:00.952979
427,2023-12-14 00:00:00+05:30,17.450000762939453,18.200000762939453,17.0,17.649999618530273,128083,0.0,0.0,2023-12-14,18.652499961853028,0.6088112394295235,19.261311201282552,18.043688722423504,19.870122440712073,17.434877482993983,-147.18620080253567,-8.465602851429297,2347691,145849.34846065892,133197.39178492568,17.176730431601836,35.637891204480454,17.616666793823242,18.233333587646484,17.03333282470703,18.816667556762695,16.41666603088379,19.433334350585938,15.833332061767578,0.14879685492083608,-76.36365023526278,0.09121459541670163,0.31154962300727634,-0.22033502759057472,45.34100095119354,22.95948692270811,17.979999923706053,18.652499961853028,17.31200002670288,,VIPULLTD.NS,2025-09-05 11:40:00.952979
428,2023-12-13 00:00:00+05:30,18.5,18.5,17.200000762939453,17.450000762939453,133266,0.0,0.0,2023-12-13,18.677499961853027,0.5747938319879198,19.252293793840945,18.10270612986511,19.827087625828867,17.527912297877187,-193.95475232659928,-0.6586123718181556,2219608,150031.7291402509,130034.40261599235,17.172736814692055,34.08984712410515,17.71666717529297,18.233333587646484,16.933334350585938,19.016666412353516,16.416667938232422,19.53333282470703,15.63333511352539,0.1470768632119969,-90.19607549811734,0.15782072197492525,0.36663337990492,-0.20881265792999476,43.27420381251725,24.024541438512927,18.25,18.677499961853027,17.299000034332277,,VIPULLTD.NS,2025-09-05 11:40:00.952979
429,2023-12-12 00:00:00+05:30,18.399999618530273,18.600000381469727,17.600000381469727,18.100000381469727,61367,0.0,0.0,2023-12-12,18.69499988555908,0.5397123663104112,19.234712251869492,18.15528751924867,19.774424618179903,17.61557515293826,-145.3252540750044,22.668675865211743,2352874,71660.82086513888,125035.0709849277,17.17028092240032,34.89043295372062,18.100000381469727,18.600000381469727,17.600000381469727,19.100000381469727,17.100000381469727,19.600000381469727,16.600000381469727,0.1748142859901489,-77.77777777777777,0.26040238157394313,0.4188365443874187,-0.15843416281347555,48.8484427147017,25.47754536497577,18.61999969482422,18.69499988555908,17.308000011444094,,VIPULLTD.NS,2025-09-05 11:40:00.952979
430,2023-12-11 00:00:00+05:30,18.399999618530273,19.200000762939453,17.950000762939453,18.299999237060547,146759,0.0,0.0,2023-12-11,18.674999904632568,0.5695103246615197,19.244510229294086,18.10548957997105,19.814020553955608,17.535979255309528,-50.21169979907226,45.60441127571764,2414241,173270.2960020496,138378.6335148749,17.16647326046302,45.18187823572004,18.483333587646484,19.016666412353516,17.766666412353516,19.733333587646484,17.233333587646484,20.266666412353516,16.516666412353516,0.16464437077006377,-80.769233590752,0.3237773866360101,0.4584450850907875,-0.13466769845477744,50.71492661745909,27.18670474619378,18.679999542236327,18.674999904632568,17.32300001144409,,VIPULLTD.NS,2025-09-05 11:40:00.952979
431,2023-12-08 00:00:00+05:30,19.399999618530273,19.399999618530273,18.299999237060547,18.399999618530273,83174,0.0,0.0,2023-12-08,18.659999942779542,0.583681491257184,19.243681434036727,18.076318451522358,19.82736292529391,17.492636960265173,19.92739351108165,59.23929667411111,2561000,98735.58504978304,129655.71789308124,17.155261278334816,60.913876484267156,18.6999994913737,19.09999974568685,17.999999364217125,19.799999872843426,17.599999109903973,20.200000127156578,16.899998982747398,0.03888507329582724,-76.92306563699199,0.3803140226931063,0.4921120097044819,-0.11179798701137555,51.630869271130656,28.412059115837778,18.70999984741211,18.659999942779542,17.30300001144409,,VIPULLTD.NS,2025-09-05 11:40:00.952979
432,2023-12-07 00:00:00+05:30,19.299999237060547,19.600000381469727,18.649999618530273,19.0,83939,0.0,0.0,2023-12-07,18.679999923706056,0.5811511820034543,19.26115110570951,18.098848741702604,19.842302287712965,17.517697559699148,122.12223048549762,80.59584710276852,2644174,102892.96774193548,137385.7511039058,17.14824425005944,78.04842798229443,19.083333333333332,19.51666704813639,18.566666285196938,20.033334096272785,18.13333257039388,20.466667811075844,17.616665522257485,0.15364706827000868,-53.846131273983985,0.43708719306550137,0.5200615064573257,-0.08297431339182437,57.40739762415046,29.068378198908302,18.729999923706053,18.679999923706056,17.250000019073486,,VIPULLTD.NS,2025-09-05 11:40:00.952979
433,2023-12-06 00:00:00+05:30,18.799999237060547,19.299999237060547,18.399999618530273,19.299999237060547,149829,0.0,0.0,2023-12-06,18.627499961853026,0.597907361093086,19.22540732294611,18.02959260075994,19.823314684039197,17.431685239666855,82.2040426100938,79.08740809239546,2728113,186561.26359287385,146008.94694439837,17.137648958579874,79.16422236289063,18.99999936421712,19.59999910990397,18.699999491373696,19.899998982747395,18.099999745686848,20.499998728434242,17.799999872843422,0.18674427054898265,-42.307700772256005,0.4440605752450253,0.5408050848052818,-0.09674450956025649,60.55280620930146,29.060063245041906,18.620000076293945,18.627499961853026,17.15700002670288,,VIPULLTD.NS,2025-09-05 11:40:00.952979
434,2023-12-05 00:00:00+05:30,18.950000762939453,19.100000381469727,17.950000762939453,18.399999618530273,83292,0.0,0.0,2023-12-05,18.522500038146973,0.6552368010966233,19.177736839243597,17.86726323705035,19.83297364034022,17.212026435953725,-54.726341499188294,57.345102466386386,2578284,98875.66246623379,135870.8677822795,17.11533658975813,78.5198419872579,18.483333587646484,19.016666412353516,17.866666793823242,19.633333206176758,17.33333396911621,20.16666603088379,16.71666717529297,0.10918247092377555,-75.47170897742346,0.416715047639439,0.5649912121953459,-0.14827616455590686,53.447384366675315,29.40949274139896,18.500000381469725,18.522500038146973,17.043000049591065,,VIPULLTD.NS,2025-09-05 11:40:00.952979
435,2023-12-04 00:00:00+05:30,18.399999618530273,18.700000762939453,18.200000762939453,18.450000762939453,37172,0.0,0.0,2023-12-04,18.50250005722046,0.6652015918039428,19.1677016490244,17.837298465416517,19.832903240828344,17.172096873612574,-67.29824753006655,58.388453246181726,2661576,44246.67279741841,145119.66911129092,17.1079249439423,76.12218297344575,18.450000762939453,18.700000762939453,18.200000762939453,18.950000762939453,17.950000762939453,19.200000762939453,17.700000762939453,0.009907566105592161,-69.64283524726739,0.46402694748997675,0.6020602533343226,-0.1380333058443458,53.948684038225984,30.032287955148785,18.54000053405762,18.50250005722046,16.94900005340576,,VIPULLTD.NS,2025-09-05 11:40:00.952979
436,2023-12-01 00:00:00+05:30,18.450000762939453,18.649999618530273,18.25,18.5,33945,0.0,0.0,2023-12-01,18.505000019073485,0.6650878483815921,19.170087867455077,17.839912170691893,19.83517571583667,17.1748243223103,-78.04233813411967,61.96172573967525,2698748,40515.0,170337.91818975902,17.104460490171732,75.47281894548337,18.46666653951009,18.68333307902018,18.283333460489906,18.866666158040363,18.066666920979817,19.083332697550453,17.883333841959633,0.07798853273338908,-65.51723684340337,0.5126454497811999,0.636568579795409,-0.12392313001420918,54.42267071099766,31.221027108749837,18.510000228881836,18.505000019073485,16.858000030517577,,VIPULLTD.NS,2025-09-05 11:40:00.952979
437,2023-11-30 00:00:00+05:30,18.799999237060547,18.899999618530273,17.799999237060547,18.450000762939453,82131,0.0,0.0,2023-11-30,18.4625,0.6920363059971578,19.154536305997155,17.770463694002842,19.846572611994315,17.078427388005682,-91.26985136163269,61.083056883425165,2664803,97762.38791361163,202793.64773719874,17.101162990829984,63.041514915443,18.383333206176758,18.96666717529297,17.866666793823242,19.483333587646484,17.28333282470703,20.066667556762695,16.766666412353516,0.1183546728240389,-67.24134869297274,0.5622003430074649,0.6675493622989612,-0.10534901929149632,54.04777790286554,32.56713974000613,18.620000076293945,18.4625,16.77700002670288,,VIPULLTD.NS,2025-09-05 11:40:00.952979
438,2023-11-29 00:00:00+05:30,18.649999618530273,18.850000381469727,18.299999237060547,18.700000762939453,119971,0.0,0.0,2023-11-29,18.382499980926514,0.7803969791190172,19.162896960045533,17.602103001807496,19.943293939164548,16.82170602268848,-48.78046180245452,75.03284664758816,2746934,144739.21235681348,229051.4626930955,17.093407244133406,68.62778191873593,18.616666793823242,18.933334350585938,18.383333206176758,19.166667938232422,18.066665649414062,19.483335494995117,17.833332061767578,0.17584725154769706,-58.62065790382358,0.6220516032423973,0.6938866171218352,-0.07183501387943791,56.19378853758515,34.01679949674367,18.729999923706053,18.382499980926514,16.7010000038147,,VIPULLTD.NS,2025-09-05 11:40:00.952979
439,2023-11-28 00:00:00+05:30,18.799999237060547,18.799999237060547,18.25,18.600000381469727,48792,0.0,0.0,2023-11-28,18.249999904632567,0.9335838423866244,19.183583747019192,17.316416062245942,20.117167589405817,16.382832219859317,-39.48220528172965,72.81424595875953,2626963,58550.401200817476,250129.525277166,17.079798997663254,68.9534384976043,18.549999872843426,18.84999974568685,18.300000508626304,19.099999109903973,18.00000063578288,19.399998982747398,17.750001271565758,0.1580731443422617,-56.249996274708366,0.6646331166758728,0.7118453705916946,-0.047212253915821845,55.53806971882576,34.74947187935654,18.989999771118164,18.249999904632567,16.611999988555908,,VIPULLTD.NS,2025-09-05 11:40:00.952979
440,2023-11-24 00:00:00+05:30,19.75,19.75,18.100000381469727,18.299999237060547,154054,0.0,0.0,2023-11-24,18.122499847412108,1.0501221567099202,19.17262200412203,17.072377690702186,20.222744160831947,16.02225553399227,-7.78728638509498,81.63598886379033,2578171,181883.1020945887,298024.3062962531,17.074544051430543,66.7166571974252,18.71666653951009,19.333332697550453,17.68333307902018,20.366666158040363,17.066666920979817,20.983332316080727,16.033333460489906,0.15649705735797367,-64.61539635291466,0.7189286810395998,0.72364843407065,-0.004719753031050211,53.60341001383065,35.59003885188274,19.179999542236327,18.122499847412108,16.53299997329712,,VIPULLTD.NS,2025-09-05 11:40:00.952979
441,2023-11-23 00:00:00+05:30,18.75,19.299999237060547,18.700000762939453,19.049999237060547,177943,0.0,0.0,2023-11-23,17.997499895095824,1.1698486900946607,19.167348585190485,16.827651205001164,20.337197275285146,15.657802514906503,28.050977976549962,100.7244030487487,2732225,218697.67833808158,327059.6073466692,17.061021614180177,73.69243713052865,19.016666412353516,19.333332061767578,18.733333587646484,19.61666488647461,18.416667938232422,19.933330535888672,18.13333511352539,0.20463746153670875,-41.538473275991585,0.8070961650752828,0.7248283723284126,0.08226779274687024,59.626369861381,36.49526482229557,19.36999969482422,17.997499895095824,16.472999992370607,,VIPULLTD.NS,2025-09-05 11:40:00.952979
442,2023-11-22 00:00:00+05:30,19.700000762939453,19.850000381469727,19.0,19.0,91553,0.0,0.0,2023-11-22,17.79749994277954,1.3135402788777226,19.111040221657266,16.483959663901818,20.424580500534987,15.170419385024097,63.62614112283039,119.82762212233709,2554282,112226.2580645161,354150.089598816,17.035343309005288,78.8143168192243,19.28333346048991,19.56666692097982,18.716666539510094,20.133333841959637,18.433333079020183,20.416667302449547,17.866666158040367,0.23387456220045685,-43.07691133939303,0.8338848959228571,0.704261424141695,0.12962347178116207,59.34357547151279,36.507333858004436,19.279999923706054,17.79749994277954,16.403000011444092,,VIPULLTD.NS,2025-09-05 11:40:00.952979
443,2023-11-21 00:00:00+05:30,19.850000381469727,20.399999618530273,19.549999237060547,20.0,192443,0.0,0.0,2023-11-21,17.564999961853026,1.4892685459196813,19.054268507772708,16.075731415933344,20.54353705369239,14.586462870013664,163.40619025496744,162.26534209049268,2645835,248313.54838709676,414631.04748239095,17.022205915637883,81.52624669295207,19.983332951863606,20.416666666666664,19.566666285196938,20.833333333333332,19.13333257039388,21.26666704813639,18.71666590372721,0.24073271551984832,-12.30768057016226,0.8604721368560497,0.6718555561964044,0.18861658065964537,68.21746172606177,36.00390184428792,19.10999984741211,17.564999961853026,16.334000015258788,,VIPULLTD.NS,2025-09-05 11:40:00.952979
444,2023-11-20 00:00:00+05:30,20.0,20.200000762939453,19.200000762939453,19.549999237060547,360349,0.0,0.0,2023-11-20,17.307499980926515,1.4913146437678355,18.79881462469435,15.816185337158679,20.290129268462188,14.324870693390844,177.70351945657632,156.42339250373976,2453392,454504.68871455034,456210.4222562145,16.979754287870303,81.98751359738893,19.650000254313152,20.09999974568685,19.09999974568685,20.650000254313152,18.650000254313152,21.09999974568685,18.09999974568685,0.21065143244871004,-16.250038146972656,0.7829895568863314,0.6247014110314929,0.15828814585483852,66.09920881009901,34.454888380094594,18.66999969482422,17.307499980926515,16.245000019073487,,VIPULLTD.NS,2025-09-05 11:40:00.952979
445,2023-11-17 00:00:00+05:30,18.549999237060547,19.5,18.0,19.25,1047220,0.0,0.0,2023-11-17,17.102500009536744,1.4479999305062417,18.550499940042986,15.654500079030502,19.998499870549228,14.20650014852426,129.44698215992565,127.78381680454974,2093043,1300579.6774193547,456636.8556416305,16.90926125442441,81.16922931001,18.916666666666668,19.833333333333336,18.333333333333336,20.416666666666668,17.416666666666668,21.333333333333336,16.833333333333336,0.2384884513263585,-6.329114229666516,0.7162431537769187,0.5851293745677832,0.13111377920913547,64.64032201572533,32.89427778499614,18.3,17.102500009536744,16.164000034332275,,VIPULLTD.NS,2025-09-05 11:40:00.952979
446,2023-11-16 00:00:00+05:30,18.149999618530273,18.899999618530273,17.899999618530273,18.600000381469727,233821,0.0,0.0,2023-11-16,16.927500009536743,1.3849258434058123,18.312425852942557,15.542574166130931,19.697351696348367,14.15764832272512,68.26057911522226,111.4098819345547,1045823,280585.2057545569,245651.15019719937,16.706533954551315,76.45780369705616,18.46666653951009,19.033333460489906,18.033333460489906,19.46666653951009,17.46666653951009,20.033333460489906,17.033333460489906,0.12589246366609078,-22.78480156933756,0.64948074202497,0.5523509297654994,0.0971298122594706,61.28868395428757,31.61602381714252,18.05,16.927500009536743,,,VIPULLTD.NS,2025-09-05 11:40:00.952979
447,2023-11-15 00:00:00+05:30,18.399999618530273,18.600000381469727,17.75,18.149999618530273,68465,0.0,0.0,2023-11-15,16.7875,1.3479881800358173,18.135488180035818,15.439511819964185,19.483476360071634,14.091523639928367,23.49207687090121,101.93659599513201,812002,80170.30476662419,236917.63630785997,16.66919664605167,75.75443390140889,18.166666666666668,18.583333333333336,17.73333295186361,19.016667048136394,17.31666628519694,19.433333714803062,16.883332570393883,0.08291737156678079,-28.723413537346598,0.618179120591364,0.5280684767006317,0.09011064389073231,58.77676664319334,30.63294604406881,18.089999771118165,16.7875,,,VIPULLTD.NS,2025-09-05 11:40:00.952979
448,2023-11-13 00:00:00+05:30,18.0,18.0,17.600000381469727,17.799999237060547,64587,0.0,0.0,2023-11-13,16.69000005722046,1.314353871740398,18.004353928960857,15.375646185480061,19.318707800701254,14.061292313739663,-13.392885019189894,88.38081883167409,743537,74170.87424025996,276104.4691931689,16.660596959482465,76.3999169327156,17.799999872843426,17.999999364217125,17.59999974568685,18.1999994913737,17.400000254313152,18.399998982747398,17.200000127156578,0.06465654125480373,-32.38096691313244,0.6130554664606933,0.5055408157279486,0.10751465073274469,56.74989906658536,29.785387909124886,18.05,16.69000005722046,,,VIPULLTD.NS,2025-09-05 11:40:00.952979
449,2023-11-10 00:00:00+05:30,18.350000381469727,18.350000381469727,17.5,17.700000762939453,63217,0.0,0.0,2023-11-10,16.635000133514403,1.288215777645808,17.92321591116021,15.346784355868595,19.21143168880602,14.058568578222786,14.14584915051002,96.41017550407845,678950,72189.73859553183,326587.8679313962,16.6543203551354,76.28300406019221,17.850000381469727,18.200000762939453,17.350000381469727,18.700000762939453,17.0,19.05000114440918,16.5,0.07452327516054195,-33.96224853363582,0.6316766519008539,0.47866215304476245,0.15301449885609142,56.17826225212549,29.325639839093903,17.93000030517578,16.635000133514403,,,VIPULLTD.NS,2025-09-05 11:40:00.952979
450,2023-11-09 00:00:00+05:30,19.399999618530273,19.5,17.899999618530273,18.0,534133,0.0,0.0,2023-11-09,16.56500005722046,1.2651294286203176,17.830129485840775,15.299870628600141,19.095258914461095,14.034741199979823,79.89690081125309,136.8275998089291,742167,620283.4838709678,390187.40026536223,16.648651656230705,73.89254258999448,18.46666653951009,19.033333460489906,17.43333307902018,20.066666920979817,16.866666158040363,20.633333841959633,15.833332697550453,0.11399854034778838,-28.30188577393277,0.6557948882581215,0.4404085283307396,0.21538635992738187,58.32574627135246,28.83052653290669,17.99000015258789,16.56500005722046,,,VIPULLTD.NS,2025-09-05 11:40:00.952979
451,2023-11-08 00:00:00+05:30,18.200000762939453,18.799999237060547,18.200000762939453,18.799999237060547,407560,0.0,0.0,2023-11-08,16.4425000667572,1.2371736016544193,17.67967366841162,15.205326465102782,18.91684727006604,13.968152863448363,96.07704004554336,155.5189015726001,1276300,494330.8186487998,332663.3793639608,16.583783806331752,85.35504042573021,18.599999745686848,18.999998728434242,18.40000025431315,19.19999821980794,18.000001271565754,19.599997202555336,17.800001780192055,0.27642590486324864,-10.679632685433617,0.6471918737586897,0.3865619383488942,0.2606299354097955,64.42381209307554,27.654126112657014,18.09000015258789,16.4425000667572,,,VIPULLTD.NS,2025-09-05 11:40:00.952979
452,2023-11-07 00:00:00+05:30,17.200000762939453,18.049999237060547,17.200000762939453,17.950000762939453,165691,0.0,0.0,2023-11-07,16.24500012397766,1.1534730223770682,17.39847314635473,15.091527101600594,18.551946168731796,13.938054079223525,55.50291313124146,115.96461776866431,868740,191880.87589756135,292246.519542751,16.499523710273998,81.96347757127656,17.733333587646484,18.266666412353516,17.416667938232422,18.583332061767578,16.88333511352539,19.11666488647461,16.566669464111328,0.1803081777694553,-27.184455591836326,0.54758366709423,0.32140445449644534,0.22617921259778467,60.3319928363953,26.865255776451892,17.860000228881837,16.24500012397766,,,VIPULLTD.NS,2025-09-05 11:40:00.952979
453,2023-11-06 00:00:00+05:30,18.350000381469727,18.350000381469727,17.149999618530273,17.200000762939453,181106,0.0,0.0,2023-11-06,16.08750009536743,1.1230684635279409,17.21056855889537,14.96443163183949,18.333637022423314,13.841363168311549,59.55813034796805,113.42080816752836,703049,200969.2476240589,317337.93045404844,16.476752118417803,77.83505903882912,17.566666920979817,17.98333422342936,16.783333460489906,18.76666768391927,16.366666158040363,19.183334986368813,15.583332697550453,0.10973027700370187,-41.7475607698799,0.49547022696614107,0.2648596513469992,0.2306105756191419,56.204942281066934,26.609927771065255,17.64000015258789,16.08750009536743,,,VIPULLTD.NS,2025-09-05 11:40:00.952979
454,2023-11-03 00:00:00+05:30,19.200000762939453,19.350000381469727,17.799999237060547,18.0,572819,0.0,0.0,2023-11-03,15.995000076293945,1.1026164033007149,17.09761647959466,14.89238367299323,18.200232882895374,13.789767269692515,121.87317790316615,176.81494920949277,884155,665209.1612903227,346430.10116154584,16.464124506134855,80.02716936864164,18.383333206176758,18.96666717529297,17.41666603088379,19.933334350585938,16.833332061767578,20.51666831970215,15.86666488647461,0.13907684906430004,-26.213596727656757,0.4951057433632684,0.20720700744221365,0.28789873592105475,62.662215987353854,26.334959149879644,17.40999984741211,15.995000076293945,,,VIPULLTD.NS,2025-09-05 11:40:00.952979
455,2023-11-02 00:00:00+05:30,18.5,18.5,18.049999237060547,18.5,339248,0.0,0.0,2023-11-02,15.872500085830689,0.999404321913931,16.87190440774462,14.873095763916758,17.87130872965855,13.873691442002826,169.86135517281048,193.68305631588393,1456974,404908.9032258065,266735.3361293516,16.37435170432895,77.49293632162237,18.349999745686848,18.65000025431315,18.199999491373696,18.8000005086263,17.899998982747395,19.100001017252602,17.749998728434242,0.2608018724593271,-0.0,0.4083496880799409,0.13523232346194997,0.2731173646179909,67.1387653046784,25.012369486637326,17.019999694824218,15.872500085830689,,,VIPULLTD.NS,2025-09-05 11:40:00.952979
456,2023-11-01 00:00:00+05:30,17.450000762939453,17.649999618530273,17.25,17.649999618530273,231203,0.0,0.0,2023-11-01,15.715000104904174,0.7897533338029683,16.50475343870714,14.925246771101206,17.29450677251011,14.135493437298237,173.99174446098448,,1117726,263273.08785826166,232191.94435523785,16.29812969659285,75.41158746397096,17.516666412353516,17.78333282470703,17.383333206176758,17.91666603088379,17.116666793823242,18.183332443237305,16.983333587646484,0.1137910286461082,-0.0,0.24184610687507835,0.06695298230745224,0.17489312456762612,62.961899005753416,24.205579939815962,16.47999973297119,15.715000104904174,,,VIPULLTD.NS,2025-09-05 11:40:00.952979
457,2023-10-31 00:00:00+05:30,16.25,16.850000381469727,16.200000762939453,16.850000381469727,358902,0.0,0.0,2023-10-31,15.640000104904175,0.6562652583058991,16.296265363210075,14.983734846598276,16.952530621515972,14.327469588292377,126.8951777391528,,886523,390161.21528453217,224421.65847948188,16.264265158096062,74.75005101301133,16.633333841959637,17.06666692097982,16.416667302449547,17.28333346048991,15.983334223429363,17.716666539510094,15.766667683919273,0.01082553910849706,-10.16946632058524,0.1087188911306427,0.0232297011655457,0.085489189965097,58.33338845235043,24.091281768039728,15.95999984741211,15.640000104904175,,,VIPULLTD.NS,2025-09-05 11:40:00.952979
458,2023-10-30 00:00:00+05:30,16.700000762939453,16.700000762939453,15.550000190734863,16.049999237060547,210198,0.0,0.0,2023-10-30,15.64750008583069,0.6715015282743451,16.319001614105034,14.975998557556345,16.990503142379378,14.304497029281999,64.52305993070347,,527621,217656.62836333245,182986.7692782193,16.240566754965844,63.46964471588752,16.10000006357829,16.649999936421715,15.499999364217125,17.25000063578288,14.949999491373699,17.800000508626304,14.349998792012535,-0.1263084697803378,-37.28815093529594,0.015416261120915209,0.0018574036742714471,0.013558857446643762,52.86368913588541,24.844374658419444,15.45999984741211,15.64750008583069,,,VIPULLTD.NS,2025-09-05 11:40:00.952979
459,2023-10-27 00:00:00+05:30,16.350000381469727,16.350000381469727,15.649999618530273,16.049999237060547,220083,0.0,0.0,2023-10-27,15.740000104904174,0.8369114665658935,16.576911571470067,14.90308863833828,17.41382303803596,14.066177171772388,42.565563168083,,737819,227892.3859412901,174319.304506941,16.245191993549295,54.3587943301508,16.016666412353516,16.383333206176758,15.683332443237305,16.71666717529297,15.316665649414062,17.08333396911621,14.983331680297852,-0.21146482472399178,-37.28815093529594,-0.02548496703489178,-0.0015323106873894933,-0.023952656347502287,52.86368913588541,25.83615487235444,15.220000076293946,15.740000104904174,,,VIPULLTD.NS,2025-09-05 11:40:00.952979
460,2023-10-26 00:00:00+05:30,15.5,15.800000190734863,14.800000190734863,15.800000190734863,157091,0.0,0.0,2023-10-26,15.880000162124634,1.088020829724792,16.968020991849425,14.791979332399842,18.05604182157422,13.70395850267505,-22.97550409102071,,517736,160131.4729008213,160926.03414835373,16.25028162025837,45.333834532536805,15.46666685740153,16.133333524068195,15.133333524068195,16.466666857401528,14.46666685740153,17.133333524068195,14.133333524068195,0.12192558620623502,-45.76269542646863,-0.07746479752172242,0.004455853399486079,-0.0819206509212085,51.13526025733236,27.332021593318583,15.100000190734864,15.880000162124634,,,VIPULLTD.NS,2025-09-05 11:40:00.952979
461,2023-10-25 00:00:00+05:30,14.25,15.050000190734863,14.25,15.050000190734863,201061,0.0,0.0,2023-10-25,15.955000114440917,1.1329861501646423,17.08798626460556,14.822013964276275,18.220972414770202,13.689027814111633,-93.84058309037091,,360645,195223.74763544145,161124.67446023686,16.25882107654309,32.394447932175254,14.783333460489908,15.316666920979817,14.516666730244953,15.583333651224772,13.983333269755045,16.11666711171468,13.71666653951009,,-71.18642588382177,-0.11821990475654864,0.024936016129788203,-0.14315592088633686,45.575915201852624,29.194978796018486,15.09000015258789,15.955000114440917,,,VIPULLTD.NS,2025-09-05 11:40:00.952979
462,2023-10-23 00:00:00+05:30,15.0,15.0,14.199999809265137,14.350000381469727,86050,0.0,0.0,2023-10-23,15.990000104904174,1.1142142596371696,17.104214364541345,14.875785845267005,18.218428624178514,13.761571585629834,-126.50048039479537,,159584,79665.64727906258,152599.9061664357,16.288892662369634,24.379206149868708,14.516666730244955,14.833333651224773,14.03333346048991,15.316666920979818,13.716666539510092,15.633333841959637,13.233333269755047,,-94.91523451176236,-0.09474394500785621,0.060724996351372414,-0.15546894135922862,39.62266594098568,30.031193863034,15.240000152587891,15.990000104904174,,,VIPULLTD.NS,2025-09-05 11:40:00.952979
463,2023-10-20 00:00:00+05:30,15.800000190734863,15.800000190734863,14.699999809265137,14.850000381469727,213811,0.0,0.0,2023-10-20,15.990000104904174,1.1142142596371696,17.104214364541345,14.875785845267005,18.218428624178514,13.761571585629834,-74.05127978804535,,245634,204844.73752015643,170833.470888279,16.30975772599236,23.30698931669822,15.116666793823242,15.533333778381348,14.433333396911621,16.21666717529297,14.016666412353516,16.633334159851074,13.333333015441895,,-86.7924365338648,0.005687286870870167,0.09959223169117956,-0.0939049448203094,42.72225701389671,30.847850810821054,15.610000228881836,15.990000104904174,,,VIPULLTD.NS,2025-09-05 11:40:00.952979
464,2023-10-19 00:00:00+05:30,15.75,15.800000190734863,15.300000190734863,15.449999809265137,54678,0.0,0.0,2023-10-19,15.927500104904174,1.2122699286828005,17.139770033586974,14.715230176221374,18.352039962269775,13.502960247538574,-30.184580006345353,,459445,54501.61868199996,162330.65423030962,16.349862544099466,23.32191226178483,15.516666730244955,15.733333269755047,15.233333269755047,16.016666730244957,15.016666730244955,16.233333269755047,14.733333269755047,,-70.76923663799579,0.08494110212664552,0.1230684678962569,-0.038127365769611385,46.801885555114495,32.30744963944986,15.980000305175782,15.927500104904174,,,VIPULLTD.NS,2025-09-05 11:40:00.952979
465,2023-10-18 00:00:00+05:30,16.200000762939453,16.200000762939453,15.699999809265137,15.75,46378,0.0,0.0,2023-10-18,15.840000104904174,1.3079311758514722,17.147931280755646,14.532068929052702,18.455862456607118,13.22413775320123,17.907248977197156,,514123,47126.03225806452,189287.91311738704,16.356229572387743,20.386269980458835,15.883333524068197,16.066667238871258,15.566666285196941,16.383334477742515,15.38333257039388,16.566668192545574,15.066665331522625,,-71.26437033603972,0.12603216282840535,0.13260030933865974,-0.006568146510254391,48.97313468488721,34.668543089600576,16.150000190734865,15.840000104904174,,,VIPULLTD.NS,2025-09-05 11:40:00.952979
466,2023-10-17 00:00:00+05:30,16.799999237060547,16.799999237060547,15.75,15.800000190734863,116823,0.0,0.0,2023-10-17,15.747500085830689,1.3781637679057706,17.12566385373646,14.369336317924919,18.50382762164223,12.991172550019147,48.11215885668064,,560501,119084.09176014319,224828.38333221767,16.359889827005347,52.92414104871763,16.116666475931805,16.48333295186361,15.433333714803062,17.16666571299235,15.066667238871258,17.533332188924156,14.383334477742515,,-71.1111068725586,0.14718612080861604,0.13424234596622334,0.012943774842392702,49.32729317516459,36.87164435964607,16.110000228881837,15.747500085830689,,,VIPULLTD.NS,2025-09-05 11:40:00.952979
467,2023-10-16 00:00:00+05:30,17.0,17.149999618530273,16.049999237060547,16.200000762939453,109669,0.0,0.0,2023-10-16,15.680000066757202,1.4081902852012933,17.088190351958495,14.271809781555909,18.49638063715979,12.863619496354616,84.60751906410559,,677324,114621.79894650368,251264.45622523627,16.368536493709648,55.34550025756299,16.46666653951009,16.883333841959633,15.783333460489906,17.566666920979817,15.366666158040363,17.98333422342936,14.68333307902018,,-62.222205268012154,0.1671152433653198,0.13100640225562515,0.036108841109694645,52.12764885108818,39.170019346836554,15.920000267028808,15.680000066757202,,,VIPULLTD.NS,2025-09-05 11:40:00.952979
468,2023-10-13 00:00:00+05:30,16.649999618530273,17.100000381469727,16.100000381469727,16.700000762939453,302460,0.0,0.0,2023-10-13,15.602500009536744,1.420662794341631,17.023162803878375,14.181837215195113,18.443825598220005,12.761174420853482,83.42250358278129,,786993,325876.2729521721,285425.1205449194,16.371015834384032,58.48785446769371,16.633333841959637,17.166667302449547,16.166667302449547,17.633333841959637,15.633333841959637,18.166667302449547,15.166667302449547,,-47.42266095170004,0.15070451447662947,0.1219791919782015,0.028725322498427963,55.80490255853326,41.20578863801909,15.640000152587891,15.602500009536744,,,VIPULLTD.NS,2025-09-05 11:40:00.952979
469,2023-10-12 00:00:00+05:30,16.299999237060547,16.299999237060547,16.0,16.299999237060547,157803,0.0,0.0,2023-10-12,15.47999997138977,1.4266633120762298,16.906663283466,14.05333665931354,18.33332659554223,12.626673347237311,15.55184295380656,,484533,165947.66320037842,275312.3324431062,16.357103757353293,57.284830133334694,16.1999994913737,16.399998982747398,16.09999974568685,16.499998728434246,15.900000254313152,16.699998219807945,15.800000508626304,,-49.54130013636668,0.07816798257404045,0.11479786135359452,-0.036629878779554065,53.360844971007,43.32592332119975,15.370000076293945,15.47999997138977,,,VIPULLTD.NS,2025-09-05 11:40:00.952979
470,2023-10-11 00:00:00+05:30,14.899999618530273,15.550000190734863,14.600000381469727,15.550000190734863,197625,0.0,0.0,2023-10-11,15.397499990463256,1.4244550715689366,16.821955062032192,13.97304491889432,18.24641013360113,12.548589847325383,-62.1984437265792,,326730,198262.5024318695,302653.4997537882,16.35839207471465,57.27085168736808,15.233333587646484,15.866666793823242,14.916666984558105,16.18333339691162,14.283333778381348,16.81666660308838,13.966667175292969,,-61.60713525451011,0.023508967269039616,0.12395533104848304,-0.10044636377944342,48.39180364273799,46.547558163928834,15.220000267028809,15.397499990463256,,,VIPULLTD.NS,2025-09-05 11:40:00.952979
471,2023-10-10 00:00:00+05:30,14.800000190734863,15.350000381469727,14.5,14.850000381469727,230230,0.0,0.0,2023-10-10,15.384999990463257,1.4241432820307869,16.809143272494044,13.96085670843247,18.23328655452483,12.536713426401683,-95.16396815583923,,129105,220575.19921456612,328751.2490842678,16.381896419819864,54.31812650113892,14.90000025431315,15.300000508626301,14.450000127156574,15.750000635782877,14.049999872843424,16.150000890096027,13.599999745686848,,-71.55171520786564,0.027036210308057917,0.1490669219933439,-0.12203071168528598,43.14169970466065,49.17620972190897,15.180000305175781,15.384999990463257,,,VIPULLTD.NS,2025-09-05 11:40:00.952979
472,2023-10-09 00:00:00+05:30,15.350000381469727,15.899999618530273,14.649999618530273,14.800000190734863,212228,0.0,0.0,2023-10-09,15.419999980926514,1.4188950142004106,16.838894995126925,14.001104966726103,18.257790009327337,12.582209952525693,-85.67179014484324,,-101125,202643.5122889857,355795.26155169326,16.435604676331934,54.698216690187586,15.116666475931803,15.583333333333332,14.333333333333332,16.3666664759318,13.866666475931803,16.833333333333332,13.083333333333332,,-72.41378743356549,0.10008188586430933,0.1795745999146654,-0.07949271405035607,42.75544777362975,51.696123670037736,15.44000015258789,15.419999980926514,,,VIPULLTD.NS,2025-09-05 11:40:00.952979
473,2023-10-06 00:00:00+05:30,15.899999618530273,15.899999618530273,15.0,15.350000381469727,188103,0.0,0.0,2023-10-06,15.457499980926514,1.4115384194082525,16.869038400334766,14.045961561518261,18.28057681974302,12.634423142110009,-56.22846625592637,,111103,186282.6530164903,394083.19886737014,16.490230554076742,55.00795428524258,15.416666666666666,15.833333333333332,14.933333714803059,16.316666285196938,14.516667048136393,16.733332951863606,14.033334096272785,,-62.93102583618737,0.19701035462818162,0.1994477784272544,-0.0024374237990727743,45.943369392141236,54.57508058496438,15.880000114440918,15.457499980926514,,,VIPULLTD.NS,2025-09-05 11:40:00.952979
474,2023-10-05 00:00:00+05:30,15.25,16.100000381469727,14.800000190734863,15.550000190734863,582995,0.0,0.0,2023-10-05,15.46749997138977,1.4114452020347483,16.87894517342452,14.056054769355022,18.290390375459268,12.644609567320273,-36.84660542115466,,299206,584875.6362062885,446033.3353300901,16.525012635876294,57.35529431403968,15.483333587646484,16.166666984558105,14.866666793823242,16.783333778381348,14.183333396911621,17.46666717529297,13.566666603088379,,-59.48275337604807,0.26395647608488026,0.20005713437702258,0.06389934170785769,47.129945883049444,58.064279590357316,16.38999996185303,15.46749997138977,,,VIPULLTD.NS,2025-09-05 11:40:00.952979
475,2023-10-04 00:00:00+05:30,16.700000762939453,16.950000762939453,15.350000381469727,15.350000381469727,286631,0.0,0.0,2023-10-04,15.464999961853028,1.4113356602748468,16.876335622127876,14.05366430157818,18.287671282402723,12.642328641303335,-6.33481602372937,,-283789,283857.15866716445,411322.76011104044,16.626818962869702,62.53043537149012,15.883333841959635,16.416667302449543,14.816666920979817,17.48333422342936,14.283333460489908,18.01666768391927,13.21666653951009,,-62.93102583618737,0.3259715067937101,0.18408229895005812,0.141889207843652,45.83085297784777,61.82187851924201,17.05,15.464999961853028,,,VIPULLTD.NS,2025-09-05 11:40:00.952979
476,2023-10-03 00:00:00+05:30,16.950000762939453,16.950000762939453,16.149999618530273,16.149999618530273,197908,0.0,0.0,2023-10-03,,,,,,,23.24958692161708,,2842,206207.36287123157,443189.16047200933,16.695912871632007,63.675118619907025,16.416666666666668,16.683333714803062,15.883332570393883,17.216667811075848,15.616665522257488,17.483334859212242,15.083331425984703,,-49.1379359956302,0.4201275272228919,0.14860999698914512,0.2715175302337468,50.43370062473524,66.4747939445829,17.439999771118163,,,,VIPULLTD.NS,2025-09-05 11:40:00.952979
477,2023-09-29 00:00:00+05:30,17.649999618530273,17.75,17.0,17.0,185682,0.0,0.0,2023-09-29,,,,,,,63.16680525841016,,200750,203651.22580645164,502434.60987220367,16.71710195631234,63.98920610656316,17.25,17.5,16.75,18.0,16.5,18.25,16.0,,-34.4827574867131,0.4555223932554604,0.08073061443070843,0.37479177882475195,55.9806025045976,70.6826916108003,17.35999984741211,,,,VIPULLTD.NS,2025-09-05 11:40:00.952979
478,2023-09-28 00:00:00+05:30,18.850000381469727,18.850000381469727,17.899999618530273,17.899999618530273,405784,0.0,0.0,2023-09-28,,,,,,,123.18841616312746,,386432,468615.0609810122,577130.4558886416,16.70641053403544,69.09290881114217,18.21666653951009,18.533333460489906,17.583332697550453,19.166667302449543,17.266665776570637,19.48333422342936,16.633331934611,,-18.965523194756237,0.4102245342697515,-0.012967330275479569,0.42319186454523106,62.768062292570846,73.91754764756251,16.829999923706055,,,,VIPULLTD.NS,2025-09-05 11:40:00.952979
479,2023-09-27 00:00:00+05:30,19.0,19.0,17.049999237060547,18.850000381469727,1918189,0.0,0.0,2023-09-27,,,,,,,189.71991928064216,,792216,2332765.3794665188,604259.3046155489,16.598956603009213,72.58955906140358,18.299999872843426,19.550000508626304,17.59999974568685,20.25000063578288,16.349999109903973,21.500001271565758,15.649998982747398,,-2.5862002344394477,0.2573776988302221,-0.11876529641178733,0.37614299524200945,71.23352165725046,75.67857844832203,15.970000076293946,,,,VIPULLTD.NS,2025-09-05 11:40:00.952979
480,2023-09-26 00:00:00+05:30,17.299999237060547,17.299999237060547,17.299999237060547,17.299999237060547,135767,0.0,0.0,2023-09-26,,,,,,,251.19615117296343,,-1125973,151533.48363987094,172132.78590280638,14.931304153198404,45.382509478522934,17.299999237060547,17.299999237060547,17.299999237060547,17.299999237060547,17.299999237060547,17.299999237060547,17.299999237060547,,-0.0,-0.03577291105730929,-0.21280104522228968,0.1770281341649804,63.84615384615385,77.57507315683226,14.939999961853028,,,,VIPULLTD.NS,2025-09-05 11:40:00.952979
481,2023-09-25 00:00:00+05:30,14.149999618530273,15.75,14.149999618530273,15.75,264674,0.0,0.0,2023-09-25,,,,,,,103.755837896866,,-1261740,268942.93548387097,177282.61146854024,14.80022767850403,41.779839658989175,15.216666539510092,16.28333346048991,14.683333079020183,16.81666692097982,13.616666158040365,17.883333841959637,13.083332697550457,,-22.727271413671815,-0.2579008835691212,-0.25705807876353476,-0.0008428048055864612,,81.10851629042038,14.260000038146973,,,,VIPULLTD.NS,2025-09-05 11:40:00.952979
482,2023-09-22 00:00:00+05:30,13.600000381469727,14.699999809265137,13.550000190734863,14.350000381469727,177693,0.0,0.0,2023-09-22,,,,,,,-41.22805966344782,,-1526414,164509.33017964519,154367.53046470755,14.685378502240122,,14.200000127156576,14.850000063578289,13.700000445048016,15.34999974568685,13.050000508626303,15.999999682108562,12.550000826517742,,,-0.3857329707325352,-0.25684737756213816,-0.12888559317039705,,87.13150135671812,14.0,,,,VIPULLTD.NS,2025-09-05 11:40:00.952979
483,2023-09-21 00:00:00+05:30,14.199999809265137,14.199999809265137,13.399999618530273,13.600000381469727,184085,0.0,0.0,2023-09-21,,,,,,,-108.00406158954068,,-1704107,161519.74646599064,151832.08053597313,14.715011345514768,,13.733333269755045,14.066666920979817,13.266666730244953,14.533333460489908,12.933333079020182,14.86666711171468,12.46666653951009,,,-0.40567359003751946,-0.22462597926953892,-0.18104761076798054,,89.94721621141551,14.05999984741211,,,,VIPULLTD.NS,2025-09-05 11:40:00.952979
484,2023-09-20 00:00:00+05:30,14.25,14.25,13.199999809265137,13.699999809265137,158234,0.0,0.0,2023-09-20,,,,,,,-140.54646681406396,,-1520022,139858.4367625329,149410.16405346873,14.827357333057355,,13.716666539510092,14.233333269755047,13.183333079020183,14.766666730244955,12.666666348775228,15.28333346048991,12.13333288828532,,,-0.35119341945015314,-0.17936407657754377,-0.17182934287260937,,89.98953749398821,14.189999771118163,,,,VIPULLTD.NS,2025-09-05 11:40:00.952979
485,2023-09-18 00:00:00+05:30,14.600000381469727,14.600000381469727,13.600000381469727,13.899999618530273,202031,0.0,0.0,2023-09-18,,,,,,,-139.34836032434808,,-1361788,181176.18212459935,151798.0958762027,14.934254075344342,,14.033333460489908,14.46666653951009,13.46666653951009,15.033333460489908,13.033333460489908,15.46666653951009,12.46666653951009,,,-0.28596960803481153,-0.13640674085939145,-0.14956286717542008,,90.03511425983572,14.379999732971191,,,,VIPULLTD.NS,2025-09-05 11:40:00.952979
486,2023-09-15 00:00:00+05:30,14.649999618530273,14.850000381469727,13.75,14.449999809265137,190187,0.0,0.0,2023-09-15,,,,,,,,,-1159757,177303.36217578765,144453.57431410352,15.076713761249762,,14.350000063578287,14.950000127156574,13.849999745686848,15.450000445048014,13.24999968210856,16.0500005086263,12.749999364217121,,,-0.2178274426953024,-0.09901602406553642,-0.11881141862976599,,90.26096165983586,14.65999984741211,,,,VIPULLTD.NS,2025-09-05 11:40:00.952979
487,2023-09-14 00:00:00+05:30,15.100000381469727,15.100000381469727,14.550000190734863,14.649999618530273,51185,0.0,0.0,2023-09-14,,,,,,,,,-969570,48378.07938544981,136241.12734868246,15.170084544143474,,14.766666730244955,14.983333269755047,14.433333079020183,15.316666920979818,14.216666539510092,15.53333346048991,13.88333288828532,,,-0.18145109157246608,-0.06931316940809491,-0.11213792216437117,,90.58518677375048,14.879999923706055,,,,VIPULLTD.NS,2025-09-05 11:40:00.952979
488,2023-09-13 00:00:00+05:30,14.75,15.350000381469727,14.0,14.25,151613,0.0,0.0,2023-09-13,,,,,,,,,-1020755,139386.14516129033,158206.88933949062,15.191809058895775,,14.533333460489908,15.066666920979817,13.71666653951009,15.883333841959635,13.183333079020182,16.416667302449543,12.366666158040363,,,-0.1518260309477899,-0.04127868886700212,-0.11054734208078779,,91.66270095425129,15.060000038146972,,,,VIPULLTD.NS,2025-09-05 11:40:00.952979
489,2023-09-12 00:00:00+05:30,15.300000190734863,15.75,14.300000190734863,14.649999618530273,214310,0.0,0.0,2023-09-12,,,,,,,,,-869142,202557.51085465954,162912.07538404068,15.324791316360566,,14.899999936421713,15.499999682108562,14.049999872843426,16.34999974568685,13.450000127156576,16.9499994913737,12.600000063578289,,,-0.07220267982385487,-0.013641853346805163,-0.0585608264770497,,92.82310084094446,15.320000076293946,,,,VIPULLTD.NS,2025-09-05 11:40:00.952979
490,2023-09-11 00:00:00+05:30,15.649999618530273,16.200000762939453,14.550000190734863,15.300000190734863,187914,0.0,0.0,2023-09-11,,,,,,,,,-654832,185489.3055381775,153000.71651638596,15.493056232087685,,15.350000381469727,16.15000057220459,14.5,17.000000953674316,13.699999809265137,17.80000114440918,12.84999942779541,,,-0.008560583924616338,0.0009983532724572627,-0.0095589371970736,,94.57918289254319,15.490000152587891,,,,VIPULLTD.NS,2025-09-05 11:40:00.952979
491,2023-09-08 00:00:00+05:30,16.049999237060547,16.5,14.600000381469727,15.550000190734863,324266,0.0,0.0,2023-09-08,,,,,,,,,-466918,325312.02334508585,144878.5692609381,15.547078874277148,,15.550000190734863,16.5,14.600000381469727,17.449999809265137,13.65000057220459,18.399999618530273,12.700000762939453,,,0.00903508225841776,0.003388087571725663,0.005646994686692096,,97.11190357035692,,,,,VIPULLTD.NS,2025-09-05 11:40:00.952979
492,2023-09-07 00:00:00+05:30,16.299999237060547,16.299999237060547,14.0,15.550000190734863,244959,0.0,0.0,2023-09-07,,,,,,,,,-142652,245749.1933369175,99770.20573990114,15.544351041427179,,15.28333314259847,16.56666628519694,14.266667048136394,17.58333237965902,12.983333905537924,18.866665522257488,11.966667811075848,,,0.006804759685810069,0.001976338900052639,0.0048284207857574295,,100.0,,,,,VIPULLTD.NS,2025-09-05 11:40:00.952979
493,2023-09-06 00:00:00+05:30,15.5,16.450000762939453,14.199999809265137,15.550000190734863,63072,0.0,0.0,2023-09-06,,,,,,,,,102307,63275.45884064705,63275.45884064705,15.53082498783103,,15.40000025431315,16.600000699361164,14.349999745686848,17.650001207987465,13.149999300638834,18.85000165303548,12.099998792012531,,,0.0038461685180664062,0.0007692337036132813,0.003076934814453125,,100.0,,,,,VIPULLTD.NS,2025-09-05 11:40:00.952979
494,2023-09-05 00:00:00+05:30,14.899999618530273,15.899999618530273,14.899999618530273,15.5,39235,0.0,0.0,2023-09-05,,,,,,,,,39235,,,15.5,,15.433333079020182,15.96666653951009,14.96666653951009,16.43333307902018,14.433333079020182,16.96666653951009,13.96666653951009,,,0.0,0.0,0.0,,,,,,,VIPULLTD.NS,2025-09-05 11:40:00.952979
