Trading Day,Date,Open,High,Low,Close,Volume,Dividends,Stock Splits,date_only,RollingMean,RollingStd,UpperBand1,LowerBand1,UpperBand2,LowerBand2,CCI_10,CCI_40,OBV,VPT,VPT_signal,VWAP,MFI_14,PP,R1,S1,R2,S2,R3,S3,CMF,%R,macd,macd_signal,macde_histogram,rsi,ADX,sma_5,sma_20,sma_50,sma_100,symbol,created_on
1,2025-01-10 00:00:00+05:30,1120.3499755859375,1134.0,1059.8499755859375,1066.9000244140625,3437,0.0,0.0,2025-01-10,1059.0699981689454,41.801180222521765,1100.871178391467,1017.2688179464236,1142.672358613989,975.4676377239018,55.1561907065167,0.47868690286589466,157505,6824.546498566083,3548.989894175824,945.2094738148143,52.59255387908374,1086.9166666666667,1113.983357747396,1039.8333333333335,1161.0666910807292,1012.7666422526042,1188.1333821614585,965.683308919271,-0.08908054906453147,-45.428640338213825,-9.919765293296223,-15.147193967745048,5.227428674448825,49.12109668619131,16.526150897990117,1052.7500122070312,1059.0699981689454,1098.8299938964844,1158.6194976806642,YUKEN.BO,2025-01-10 11:06:40.026759
2,2025-01-09 00:00:00+05:30,1016.0,1149.9000244140625,1016.0,1126.8499755859375,4825,0.0,0.0,2025-01-09,1062.6999969482422,45.50510252055,1108.2050994687922,1017.1948944276921,1153.7102019893423,971.6897919071422,89.24219679409127,18.54854724866505,160942,10118.91521994001,2730.100743078259,944.8922709140624,67.5663098065938,1097.5833333333333,1179.1666666666665,1045.266642252604,1231.4833577473958,963.6833089192708,1313.066691080729,911.3666178385415,0.11022085088836424,-24.940969205471184,-11.223363650837882,-16.454051136357254,5.230687485519372,56.980420630921266,16.164233414233667,1057.4400024414062,1062.6999969482422,1099.2789929199218,1160.4619976806641,YUKEN.BO,2025-01-10 11:06:40.026759
3,2025-01-08 00:00:00+05:30,1027.5,1027.5,980.0,1004.5499877929688,748,0.0,0.0,2025-01-08,1063.3799957275392,46.60255267939103,1109.9825484069302,1016.7774430481481,1156.5851010863212,970.1748903687571,-69.8104129903838,-154.7366540082684,156117,1398.439526004735,882.8971238628205,944.2239875375759,40.267143519806226,1004.0166625976562,1028.0333251953125,980.5333251953125,1051.5166625976562,956.5166625976562,1075.5333251953125,933.0333251953125,-0.2205018236091735,-77.44151156563396,-18.626475471725826,-17.761723007737096,-0.8647524639887294,38.27108504708005,15.774476124034411,1051.4700073242188,1063.3799957275392,1099.4479943847657,1162.0399981689452,YUKEN.BO,2025-01-10 11:06:40.026759
4,2025-01-07 00:00:00+05:30,1044.0999755859375,1052.0,1036.449951171875,1038.550048828125,49,0.0,0.0,2025-01-07,1071.0524963378907,48.97840043330336,1120.030896771194,1022.0740959045874,1169.0092972044974,973.095695471284,-4.132851663677575,-93.61441033430812,156865,94.70961048024884,754.0115233273419,944.1896201623271,58.13782915083341,1042.3333333333333,1048.2167154947915,1032.6666666666665,1057.8833821614583,1026.7832845052083,1063.7667643229165,1017.1166178385415,-0.11984204327502361,-62.84607556570523,-15.777786876862365,-17.545534891739916,1.7677480148775508,43.11112991203689,16.687288025675347,1067.4,1071.0524963378907,1101.9379956054688,1164.7194982910157,YUKEN.BO,2025-01-10 11:06:40.026759
5,2025-01-06 00:00:00+05:30,1100.0,1100.0,1017.2000122070312,1026.9000244140625,373,0.0,0.0,2025-01-06,1076.9849914550782,51.93106533261926,1128.9160567876975,1025.053926122459,1180.8471221203167,973.1228607898397,7.604243154629045,-87.70296507197916,156816,712.8653997516203,918.8370015391151,944.1860985428386,56.7531373580719,1048.0333455403645,1078.8666788736978,996.066691080729,1130.8333333333333,965.2333577473958,1161.6666666666665,913.2667032877603,-0.19235016899597446,-67.8471602860308,-15.240035719069965,-17.9874718954593,2.7474361763893356,40.72603928938256,17.10133351088212,1074.37998046875,1076.9849914550782,1104.008994140625,1167.0774975585937,YUKEN.BO,2025-01-10 11:06:40.026759
6,2025-01-03 00:00:00+05:30,1106.449951171875,1106.449951171875,1084.0,1090.3499755859375,105,0.0,0.0,2025-01-03,1082.5674926757813,52.26367428887503,1134.8311669646564,1030.3038183869062,1187.0948412535313,978.0401440980312,84.84617382580912,-10.711191801194255,157189,213.0716932668701,970.3299019859887,944.1625931611161,58.20760148548603,1093.5999755859375,1103.199951171875,1080.75,1116.0499267578125,1071.1500244140625,1125.64990234375,1058.300048828125,-0.19239056642893165,-40.60957090140783,-13.173290760828422,-18.674330939556633,5.501040178728211,51.68479970037168,17.54722864879711,1071.569970703125,1082.5674926757813,1107.2979931640625,1169.447996826172,YUKEN.BO,2025-01-10 11:06:40.026759
7,2025-01-02 00:00:00+05:30,1162.550048828125,1162.550048828125,1064.300048828125,1097.0,567,0.0,0.0,2025-01-02,1084.9699951171874,53.72424991699884,1138.6942450341862,1031.2457452001886,1192.418494951185,977.5214952831898,113.7352722143231,11.441416878984555,157294,1157.6045534334069,1159.6444541657684,944.1508977962704,56.07113463800825,1107.9500325520833,1151.6000162760415,1053.3500162760415,1206.2000325520833,1009.7000325520833,1249.8500162760415,955.1000162760415,-0.15871887489645356,-37.75486997504619,-16.57649444090339,-20.049590984238684,3.473096543335295,53.07469504157343,16.377956120655284,1049.769970703125,1084.9699951171874,1109.9019946289063,1170.5824975585938,YUKEN.BO,2025-01-10 11:06:40.026759
8,2025-01-01 00:00:00+05:30,1077.300048828125,1095.0,1047.0999755859375,1084.199951171875,819,0.0,0.0,2025-01-01,1086.3699951171875,54.41462933477415,1140.7846244519617,1031.9553657824133,1195.1992537867359,977.5407364476392,53.51556401053395,-45.993845008856475,156727,1652.5850708006599,1160.1544293488587,944.0848363315988,50.4182867900676,1075.4333089192708,1103.766642252604,1055.8666178385415,1123.3333333333333,1027.5332845052083,1151.6666666666665,1007.966593424479,-0.14507794224525117,-43.249633448373075,-21.337394065400986,-20.917865120072506,-0.41952894532848006,50.70538221113889,15.118739551887163,1028.4499755859374,1086.3699951171875,1111.9649951171875,1171.6144970703126,YUKEN.BO,2025-01-10 11:06:40.026759
9,2024-12-31 00:00:00+05:30,1015.0499877929688,1079.300048828125,1007.8499755859375,1073.449951171875,667,0.0,0.0,2024-12-31,1088.7574951171875,55.353840738422946,1144.1113358556104,1033.4036543787647,1199.4651765940334,978.0498136403417,9.773975249920912,-84.72766163276042,155908,1332.5336178301577,1037.046768985908,943.997309270496,38.74521427892721,1053.5333251953125,1099.2166748046875,1027.7666015625,1124.9833984375,982.083251953125,1170.666748046875,956.3165283203125,-0.2003543535537789,-47.864358605395516,-25.848883562701758,-20.812982883740386,-5.035900678961372,48.68480671048172,14.807097108855121,1017.9699951171875,1088.7574951171875,1114.2429956054686,1173.2034973144532,YUKEN.BO,2025-01-10 11:06:40.026759
10,2024-12-30 00:00:00+05:30,978.2999877929688,1024.199951171875,968.8499755859375,1012.8499755859375,331,0.0,0.0,2024-12-30,1091.242498779297,55.744684103973455,1146.9871828832704,1035.4978146753235,1202.7318669872438,979.7531305713501,-85.42330718324985,-175.34938341557748,155241,623.94118826419,963.1750567748458,943.9314174949394,26.04236555006034,1001.9666341145834,1035.0832926432292,979.7333170572917,1057.316609700521,946.6166585286459,1090.4332682291667,924.3833414713542,-0.21096875690744343,-73.87851970784865,-30.1745953651141,-19.55400771400004,-10.620587651114061,34.666688114082746,14.754740879063243,1011.4199951171875,1091.242498779297,1116.9719970703125,1175.190498046875,YUKEN.BO,2025-01-10 11:06:40.026759
11,2024-12-27 00:00:00+05:30,1002.0499877929688,1002.0499877929688,952.0,981.3499755859375,993,0.0,0.0,2024-12-27,1093.625,53.17701997174143,1146.8020199717414,1040.4479800282586,1199.9790399434828,987.2709600565172,-148.14402648226002,-234.1880278576137,154910,1813.609175976639,1047.9835239025097,943.9140047054877,33.86601507969,978.4666544596354,1004.9333089192708,954.883321126302,1028.516642252604,928.4166666666666,1054.9832967122395,904.8333333333333,-0.2328129862088617,-88.10537970174772,-29.28744704132805,-16.898860801221524,-12.388586240106527,24.743768476863224,15.831795358615677,1017.4800048828125,1093.625,1121.0789965820313,1178.065498046875,YUKEN.BO,2025-01-10 11:06:40.026759
12,2024-12-26 00:00:00+05:30,1032.0,1034.75,984.0999755859375,990.4000244140625,594,0.0,0.0,2024-12-26,1097.5674987792968,46.976366094762525,1144.5438648740594,1050.5911326845342,1191.5202309688218,1003.6147665897718,-166.13064542011978,-214.8706945806726,155903,1094.8827848943035,856.5771108839771,943.8856077467935,41.536734274001894,1003.0833333333334,1022.0666910807292,971.4166666666667,1053.733357747396,952.4333089192709,1072.7167154947917,920.7666422526042,-0.2823922018884436,-97.06496710386013,-24.60560642918813,-13.80171424119489,-10.803892187993238,25.788699401039466,16.576107402566937,1039.3,1097.5674987792968,1125.47599609375,1181.2694982910157,YUKEN.BO,2025-01-10 11:06:40.026759
13,2024-12-24 00:00:00+05:30,1039.4000244140625,1060.0,1023.4500122070312,1031.800048828125,354,0.0,0.0,2024-12-24,1100.9024963378906,40.94869007298831,1141.8511864108789,1059.9538062649024,1182.7998764838671,1019.005116191914,-145.39001324671742,-164.01149131778342,156497,679.7815075325075,797.0006923813954,943.8644920891674,49.60827746354931,1038.4166870117188,1053.3833618164062,1016.8333740234375,1074.9666748046875,1001.86669921875,1089.933349609375,980.2833862304688,-0.26404840128275825,-95.2367158000289,-19.129912175063964,-11.100741194196578,-8.029170980867386,31.426106454888597,17.57858576106037,1058.15,1100.9024963378906,1129.48099609375,1184.8294982910156,YUKEN.BO,2025-01-10 11:06:40.026759
14,2024-12-23 00:00:00+05:30,1064.050048828125,1064.050048828125,1027.9000244140625,1040.699951171875,84,0.0,0.0,2024-12-23,1101.8174926757813,39.5022402110411,1141.3197328868223,1062.3152524647403,1180.8219730978635,1022.8130122536991,-165.93793910587834,-166.29713149171587,156851,162.695432287989,826.3054885936173,943.8406954361622,50.99976796952675,1044.2166748046875,1060.5333251953125,1024.38330078125,1080.36669921875,1008.066650390625,1096.683349609375,988.2332763671875,-0.2593280245105286,-92.50808979403445,-15.906792206016235,-9.09344844897973,-6.813343757036504,32.86001928522816,17.596128212688026,1069.9199951171875,1101.8174926757813,1132.3849951171876,1187.8069982910156,YUKEN.BO,2025-01-10 11:06:40.026759
15,2024-12-20 00:00:00+05:30,1184.949951171875,1184.949951171875,1039.699951171875,1043.1500244140625,397,0.0,0.0,2024-12-20,1102.1099975585937,39.04487158181482,1141.1548691404084,1063.065125976779,1180.1997407222234,1024.020254394964,-74.25698560656483,-75.72207708085087,156935,770.7398590927438,992.2080026700243,943.834475350002,53.47559672125777,1089.2666422526042,1138.8333333333335,993.5833333333335,1234.5166422526042,944.0166422526042,1284.0833333333335,848.3333333333335,-0.29048212870319184,-97.83082541149311,-12.415715473346609,-7.390112509720604,-5.025602963626005,33.247800247861804,17.48682811300292,1081.1800048828125,1102.1099975585937,1134.1799951171874,1190.8209985351561,YUKEN.BO,2025-01-10 11:06:40.026759
16,2024-12-19 00:00:00+05:30,1076.0,1103.550048828125,1076.0,1090.449951171875,9,0.0,0.0,2024-12-19,1103.7199951171874,37.101224579000714,1140.821219696188,1066.6187705381867,1177.9224442751888,1029.517545959186,-87.20701733704637,-78.40410294452994,157332,18.264962578573577,1047.5750385643444,943.8043233883345,61.42781277696744,1090.0,1104.0,1076.449951171875,1117.550048828125,1062.449951171875,1131.550048828125,1048.89990234375,-0.25025173446438786,-75.3391644021739,-7.999257544411876,-6.133711768814103,-1.8655457755977727,42.168976083078825,17.037397064191367,1094.4800048828124,1103.7199951171874,1135.448994140625,1194.1514978027344,YUKEN.BO,2025-01-10 11:06:40.026759
17,2024-12-18 00:00:00+05:30,1092.0,1140.0,1084.25,1084.6500244140625,1499,0.0,0.0,2024-12-18,1102.479998779297,37.97228436957539,1140.4522831488723,1064.5077144097215,1178.4245675184477,1026.5354300401461,-74.85366419185289,-53.87446019593253,157323,3025.9503872320024,1304.902557560787,943.80331408331,57.06901646191233,1102.9666748046875,1121.683349609375,1065.933349609375,1158.7166748046875,1047.2166748046875,1177.433349609375,1010.183349609375,-0.2674122941381367,-76.19363979027545,-6.881978322993518,-5.667325324914659,-1.2146529980788596,40.34643314597235,18.335974960645082,1104.2900146484376,1102.479998779297,1136.6699951171875,1196.667498779297,YUKEN.BO,2025-01-10 11:06:40.026759
18,2024-12-17 00:00:00+05:30,1092.0,1100.0,1055.0,1090.6500244140625,210,0.0,0.0,2024-12-17,1104.2149963378906,37.90741978867329,1142.1224161265638,1066.3075765492174,1180.0298359152373,1028.400156760544,-159.88174648280503,-102.79359520712761,158822,426.26065514162366,874.6406001429829,943.641670942289,48.85928986665592,1081.8833414713542,1108.7666829427085,1063.7666829427085,1126.8833414713542,1036.8833414713542,1153.7666829427085,1018.7666829427085,-0.19209735262117925,-72.18696199394824,-4.776045043317254,-5.363662075394943,0.5876170320776897,41.605970695297444,19.508876735686606,1115.45,1104.2149963378906,1138.3979956054689,1198.8294982910156,YUKEN.BO,2025-01-10 11:06:40.026759
19,2024-12-16 00:00:00+05:30,1111.9000244140625,1113.0999755859375,1097.0,1097.0,187,0.0,0.0,2024-12-16,1105.4424926757813,37.84247324862081,1143.284965924402,1067.6000194271605,1181.1274391730228,1029.7575461785398,-155.04798993721403,-64.31115690695408,159032,381.78492326639696,986.7355863933227,943.6180313447067,51.34425862514803,1102.3666585286458,1107.7333170572915,1091.633341471354,1118.4666341145833,1086.2666829427083,1123.833292643229,1075.5333658854165,-0.14953110128682126,-67.9465776293823,-2.5983570558028077,-5.510566333414366,2.9122092776115585,42.922807276105694,20.1152805094938,1128.9199951171875,1105.4424926757813,1140.318994140625,1201.2894982910157,YUKEN.BO,2025-01-10 11:06:40.026759
20,2024-12-13 00:00:00+05:30,1122.0,1129.300048828125,1100.0,1109.6500244140625,350,0.0,0.0,2024-12-13,1107.2549926757813,38.28238670575128,1145.5373793815327,1068.97260597003,1183.8197660872838,1030.6902192642788,-113.36142271520087,-45.907201689979836,159219,722.810763912359,1137.973252175054,943.596065046382,53.66122392838307,1112.9833577473958,1125.9667154947915,1096.6666666666665,1142.2834065755208,1083.6833089192708,1155.2667643229165,1067.3666178385415,-0.0778726407729257,-56.125968873031496,-0.3962638634968698,-6.238618652817256,5.842354789320386,45.59211132260913,21.375711636311934,1140.9599853515624,1107.2549926757813,1142.2419946289062,1204.3789978027344,YUKEN.BO,2025-01-10 11:06:40.026759
21,2024-12-12 00:00:00+05:30,1133.300048828125,1140.550048828125,1125.800048828125,1139.5,195,0.0,0.0,2024-12-12,1107.982489013672,38.46809472855672,1146.4505837422287,1069.5143942851153,1184.9186784707854,1031.0462995565586,12.681112702520723,-5.439218343139679,159569,413.54186386840905,1241.7638742407278,943.5515430459648,51.33863950288027,1135.2833658854167,1144.7666829427085,1130.0166829427085,1150.0333658854167,1120.5333658854167,1159.5166829427085,1115.2666829427085,0.043379429395118164,-36.86995519782689,1.1832509838052374,-7.6992073501473515,8.882458333952588,52.78473615620634,22.640071134909956,1146.739990234375,1107.982489013672,1143.2299951171874,1208.0814978027345,YUKEN.BO,2025-01-10 11:06:40.026759
22,2024-12-11 00:00:00+05:30,1159.1500244140625,1169.9000244140625,1131.0,1140.449951171875,645,0.0,0.0,2024-12-11,1107.2374877929688,37.96659109885688,1145.2040788918257,1069.2708966941118,1183.1706699906824,1031.304305595255,54.69417565345077,13.99530265144383,159764,1369.0095746190227,1448.8193768338074,943.5222679229523,57.18966166095279,1147.1166585286458,1163.2333170572915,1124.333292643229,1186.0166829427083,1108.2166341145833,1202.133341471354,1085.4332682291665,0.01928409809869284,-34.59943550630564,0.2478102611482882,-9.919821933635498,10.167632194783787,53.03198265718406,23.172975968667277,1146.5199951171876,1107.2374877929688,1143.9199951171875,1211.5459973144532,YUKEN.BO,2025-01-10 11:06:40.026759
23,2024-12-10 00:00:00+05:30,1141.0999755859375,1161.699951171875,1133.0999755859375,1158.0,1206,0.0,0.0,2024-12-10,1107.8199890136718,38.58726793531559,1146.4072569489874,1069.2327210783562,1184.994524884303,1030.6454531430406,72.20579489747062,18.63413525274007,160409,2599.120454998026,1468.7718273875034,943.4249027977063,59.89979041509083,1150.9333089192708,1168.766642252604,1140.1666666666665,1179.5332845052083,1122.3333333333333,1197.3666178385415,1111.566691080729,0.059933259877969096,-24.183976261127597,-1.047147828894822,-12.461729982331443,11.414582153436621,57.66545243965189,23.572505712409477,1143.4300048828125,1107.8199890136718,1144.8999951171875,1215.0374975585937,YUKEN.BO,2025-01-10 11:06:40.026759
24,2024-12-09 00:00:00+05:30,1183.5,1198.75,1154.550048828125,1157.199951171875,1054,0.0,0.0,2024-12-09,1107.6449890136719,38.354952408302985,1145.9999414219749,1069.2900366053689,1184.354893830278,1030.9350841970659,125.47393605011052,51.88736917813451,159203,2269.967072416178,1186.1846704848726,943.2263549259312,75.04459252697508,1170.1666666666667,1185.7832845052085,1141.5833333333335,1214.3666178385417,1125.9667154947917,1229.9832356770835,1097.3833821614585,-0.03445087151800636,-24.65878268731454,-4.417634619236651,-15.315375520690596,10.897740901453945,57.508307397091905,24.189099546882545,1138.2199951171874,1107.6449890136719,1145.7499951171876,1218.110997314453,YUKEN.BO,2025-01-10 11:06:40.026759
25,2024-12-06 00:00:00+05:30,1158.25,1170.0,1134.4000244140625,1138.550048828125,373,0.0,0.0,2024-12-06,1108.877490234375,40.37407302708344,1149.2515632614584,1068.5034172072917,1189.625636288542,1028.1293441802081,105.30121972379199,13.06940251761333,158149,790.3719119669868,915.2390700020462,943.0531777087194,63.6226545305563,1147.6500244140625,1160.9000244140625,1125.300048828125,1183.25,1112.050048828125,1196.5,1089.7000732421875,0.05359841548863802,-22.504437332289804,-8.587152525022248,-18.03981074605408,9.452658221031832,53.79557639198557,24.16619699078084,1131.410009765625,1108.877490234375,1146.7929956054688,1221.8684973144532,YUKEN.BO,2025-01-10 11:06:40.026759
26,2024-12-05 00:00:00+05:30,1136.050048828125,1144.75,1124.199951171875,1138.4000244140625,609,0.0,0.0,2024-12-05,1111.277490234375,43.533783196216895,1154.8112734305919,1067.743707038158,1198.3450566268086,1024.2099238419412,109.29366501401854,-7.547713958158726,157776,1290.276326169762,946.455859510811,942.9971680392399,65.74484354267699,1135.7833251953125,1147.36669921875,1126.816650390625,1156.3333740234375,1115.2332763671875,1167.916748046875,1106.2666015625,0.11502088610008933,-9.98751357606508,-11.958557756529672,-20.402975301312036,8.444417544782365,53.76540577136645,24.75966271948759,1115.8,1111.277490234375,1148.3969946289062,1224.4364965820312,YUKEN.BO,2025-01-10 11:06:40.026759
27,2024-12-04 00:00:00+05:30,1128.3499755859375,1131.050048828125,1116.0,1125.0,131,0.0,0.0,2024-12-04,1112.184991455078,44.311170529452276,1156.4961619845303,1067.8738209256258,1200.8073325139826,1023.5626503961735,116.851735179102,-29.6230835924763,157167,274.2801372064076,860.5007428460733,942.9057218178928,49.958543139554635,1124.0166829427083,1132.0333658854165,1116.9833170572915,1139.0667317708333,1108.9666341145833,1147.0834147135415,1101.9332682291665,0.07817617669771564,-21.14025738898614,-16.07901269008198,-22.514079687507625,6.435066997425643,51.11762617717509,26.009528952166274,1100.1599853515625,1112.184991455078,1149.9299951171874,1225.7374963378907,YUKEN.BO,2025-01-10 11:06:40.026759
28,2024-12-03 00:00:00+05:30,1134.0,1146.199951171875,1120.800048828125,1131.949951171875,280,0.0,0.0,2024-12-03,1115.402490234375,47.51137326673405,1162.913863501109,1067.8911169676408,1210.425236767843,1020.3797437009068,140.06182394693124,-15.557006712164862,157298,589.8693035935423,1007.0558942559896,942.8873890145062,48.421168558876865,1132.9833170572917,1145.1665852864585,1119.7666829427085,1158.3832194010417,1107.5834147135417,1170.5664876302085,1094.3667805989585,0.10598218041079391,-16.12375161082474,-19.791122849228714,-24.12284643686403,4.331723587635317,52.56749044825735,27.709430072347786,1086.57998046875,1115.402490234375,1152.2129956054687,1227.0224963378905,YUKEN.BO,2025-01-10 11:06:40.026759
29,2024-12-02 00:00:00+05:30,1056.25,1148.0,1056.199951171875,1123.1500244140625,882,0.0,0.0,2024-12-02,1117.2099914550781,48.84300655094147,1166.0529980060196,1068.3669849041366,1214.896004556961,1019.5239783531952,89.42724465141598,-59.115249835205915,157018,1843.6432851522184,1111.3525419216014,942.8466961444681,42.39320741466718,1109.1166585286458,1162.0333658854165,1070.2333170572915,1200.9167073567708,1017.3166097005208,1253.8334147135415,978.4332682291665,0.11607999789579569,-33.52413279852415,-24.92834812522642,-25.205777333772858,0.2774292085464367,50.93114193826581,29.407148568791982,1070.2099853515624,1117.2099914550781,1154.9499975585939,1227.4889965820312,YUKEN.BO,2025-01-10 11:06:40.026759
30,2024-11-29 00:00:00+05:30,1076.4000244140625,1076.4000244140625,1049.0,1060.5,630,0.0,0.0,2024-11-29,1118.094989013672,49.11589245123804,1167.21088146491,1068.9790965624338,1216.3267739161479,1019.8632041111958,-76.93338399611686,-142.95379197620144,156136,1243.4312052224532,928.2798561139472,942.7243693411264,33.916807460603465,1061.9666748046875,1074.933349609375,1047.5333251953125,1089.36669921875,1034.566650390625,1102.3333740234375,1020.13330078125,0.1104869330362041,-79.49848187767326,-30.2611915156931,-25.275134635909467,-4.986056879783632,36.434176652312345,31.235460795731882,1054.889990234375,1118.094989013672,1158.257998046875,1228.0994958496094,YUKEN.BO,2025-01-10 11:06:40.026759
31,2024-11-28 00:00:00+05:30,1149.9000244140625,1149.9000244140625,1050.4000244140625,1060.199951171875,149,0.0,0.0,2024-11-28,1122.3699890136718,47.53449789530273,1169.9044869089746,1074.835491118369,1217.4389848042772,1027.3009932230664,-9.300190673728514,-109.83213741487641,155506,293.9981436673359,849.4920188368205,942.6672667521348,37.36152900348933,1086.8333333333333,1123.266642252604,1023.766642252604,1186.3333333333333,987.3333333333333,1222.766642252604,924.266642252604,0.21368905562182938,-82.26238939748514,-30.460266004895175,-24.02862041596356,-6.431645588931616,36.350562225751,32.09667107512365,1057.8599853515625,1122.3699890136718,1161.8369970703125,1229.048995361328,YUKEN.BO,2025-01-10 11:06:40.026759
32,2024-11-27 00:00:00+05:30,1099.949951171875,1099.949951171875,1057.0999755859375,1057.0999755859375,148,0.0,0.0,2024-11-27,1123.827490234375,45.94834788757947,1169.7758381219546,1077.8791423467956,1215.7241860095342,1031.930794459216,-62.524088947234375,-145.54651653881302,155357,291.17113417473087,988.3654876291915,942.6537878494363,49.52389879588655,1071.38330078125,1085.6666259765625,1042.816650390625,1114.2332763671875,1028.5333251953125,1128.5166015625,999.9666748046875,0.132686439265871,-86.22018016415123,-30.224072231408627,-22.420709018730655,-7.803363212677972,35.536937327988554,33.05467069137502,1058.95,1123.827490234375,1165.4789990234376,1230.5369958496094,YUKEN.BO,2025-01-10 11:06:40.026759
33,2024-11-26 00:00:00+05:30,1099.949951171875,1099.949951171875,1040.0,1050.0999755859375,139,0.0,0.0,2024-11-26,1127.7374938964845,43.2173567807256,1170.95485067721,1084.5201371157589,1214.1722074579357,1041.3027803350333,-99.13603676748077,-172.9436830513415,155209,271.6539276566426,1162.6640759928066,942.6407495144532,46.69673792943327,1063.3499755859375,1086.699951171875,1026.75,1123.2999267578125,1003.4000244140625,1146.64990234375,966.800048828125,0.14801464339093662,-89.81268767099087,-29.158431513232244,-20.46986821556116,-8.688563297671084,33.76155686156561,32.274235589743846,1071.4,1127.7374938964845,1169.0889990234375,1232.3599963378906,YUKEN.BO,2025-01-10 11:06:40.026759
34,2024-11-25 00:00:00+05:30,1095.0999755859375,1095.0999755859375,1038.050048828125,1046.550048828125,695,0.0,0.0,2024-11-25,1131.6849975585938,39.168691486762796,1170.8536890453565,1092.516306071831,1210.0223805321193,1053.3476145850682,-126.89411735161563,-194.46974506077606,155070,1353.6779252602935,1385.4166130768476,942.6292504086913,49.139830372177876,1059.9000244140625,1081.75,1024.7000732421875,1116.949951171875,1002.85009765625,1138.7999267578125,967.650146484375,0.14859187338260285,-91.63456460330119,-26.66290011627575,-18.297727391143386,-8.365172725132364,32.89118325444862,31.433767018756424,1084.4199951171875,1131.6849975585938,1172.9580004882812,1233.8349963378905,YUKEN.BO,2025-01-10 11:06:40.026759
35,2024-11-22 00:00:00+05:30,1129.949951171875,1129.949951171875,1030.25,1075.3499755859375,742,0.0,0.0,2024-11-22,1136.4624938964844,33.68082721021152,1170.1433211066958,1102.781666686273,1203.8241483169074,1069.1008394760613,-113.32292819039894,-173.70668630561792,155765,1484.992549792533,1393.3512850309862,942.5736183324743,54.61112049802242,1078.5166422526042,1126.7832845052085,1027.0833333333335,1178.2165934244792,978.8166910807292,1226.4832356770835,927.3833821614585,0.1458708481234768,-76.85399987846219,-22.71426637256559,-16.206434209860294,-6.507832162705295,36.504642379643116,30.344018222770927,1101.7599853515626,1136.4624938964844,1177.3559985351562,1235.9304956054686,YUKEN.BO,2025-01-10 11:06:40.026759
36,2024-11-21 00:00:00+05:30,1080.3499755859375,1101.8499755859375,1061.449951171875,1065.6500244140625,326,0.0,0.0,2024-11-21,1142.2624938964843,32.5727203117737,1174.835214208258,1109.6897735847106,1207.4079345200316,1077.117053272937,-141.87619034223454,-192.66539332773283,155023,646.5509277744395,1370.4409688405992,942.4976887645204,53.712697057872276,1076.316650390625,1091.183349609375,1050.7833251953125,1116.7166748046875,1035.9166259765625,1131.5833740234375,1010.38330078125,0.14873580354676613,-89.55350562360096,-20.15101949695486,-14.57947616918397,-5.57154332777089,34.24539177787442,29.170442596325007,1111.52998046875,1142.2624938964843,1180.435,1237.84599609375,YUKEN.BO,2025-01-10 11:06:40.026759
37,2024-11-19 00:00:00+05:30,1132.550048828125,1150.4000244140625,1115.0,1119.3499755859375,716,0.0,0.0,2024-11-19,1150.0074951171875,31.80402983443057,1181.8115249516181,1118.203465282757,1213.6155547860487,1086.3994354483264,-37.99876149100723,-90.65399255734044,155349,1491.5899769849782,1551.413479107139,942.4667391206187,63.33044367191759,1128.25,1141.5,1106.0999755859375,1163.6500244140625,1092.8499755859375,1176.9000244140625,1070.699951171875,0.1991103367771455,-59.39345324406874,-15.608670055996527,-13.186590337241245,-2.422079718755281,41.91146888283992,28.3355094222278,1123.319970703125,1150.0074951171875,1184.2739990234375,1239.6524963378906,YUKEN.BO,2025-01-10 11:06:40.026759
38,2024-11-18 00:00:00+05:30,1110.5999755859375,1119.050048828125,1082.0999755859375,1115.199951171875,601,0.0,0.0,2024-11-18,1154.0474975585937,32.82039425853301,1186.8678918171267,1121.2271033000607,1219.6882860756598,1088.4067090415276,-109.50996502072867,-146.3165239718736,154633,1247.377062375712,1566.369354637679,942.3690525459173,53.25991553368184,1105.4499918619792,1128.800008138021,1091.8499348958335,1142.4000651041667,1068.4999186197917,1165.7500813802085,1054.899861653646,0.24683487952828276,-61.72427386816675,-14.845222855999964,-12.581070407552422,-2.2641524484475415,40.96308575017143,28.337163163970658,1129.869970703125,1154.0474975585937,1186.6630004882813,1241.0264965820313,YUKEN.BO,2025-01-10 11:06:40.026759
39,2024-11-14 00:00:00+05:30,1129.949951171875,1140.0,1103.0,1133.25,769,0.0,0.0,2024-11-14,1158.1924987792968,32.890772633476764,1191.0832714127735,1125.30172614582,1223.9740440462504,1092.4109535123432,-85.3244430365559,-108.90554857879096,155234,1621.8945239095174,1646.1174277031705,942.2888972146401,57.54334606288985,1125.4166666666667,1147.8333333333335,1110.8333333333335,1162.4166666666667,1088.4166666666667,1184.8333333333335,1073.8333333333335,0.21896278877888212,-51.586640476900556,-13.234136947710113,-12.015032295440538,-1.219104652269575,43.854797237407716,27.16685549355805,1137.72998046875,1158.1924987792968,1189.0760009765625,1242.350997314453,YUKEN.BO,2025-01-10 11:06:40.026759
40,2024-11-13 00:00:00+05:30,1120.0,1132.6500244140625,1047.050048828125,1124.199951171875,1522,0.0,0.0,2024-11-13,1162.025,34.268317586438506,1196.2933175864387,1127.7566824135615,1230.561635172877,1093.4883648271232,-177.2734246029562,-163.11808823972007,154465,3184.4083532016607,1652.1731536515838,942.1755096041632,52.488406704081356,1101.3000081380208,1155.5499674479165,1069.949991861979,1186.8999837239583,1015.7000325520833,1241.149943033854,984.3500162760415,0.17032461942107555,-56.66951188994813,-12.748597874749976,-11.710256132373143,-1.0383417423768329,41.94681177674929,26.251053476782207,1147.4499755859374,1162.025,1191.4330004882813,1243.7249975585937,YUKEN.BO,2025-01-10 11:06:40.026759
41,2024-11-12 00:00:00+05:30,1142.949951171875,1151.5,1110.4000244140625,1124.5999755859375,369,0.0,0.0,2024-11-12,1166.725,35.23987352433231,1201.9648735243322,1131.4851264756676,1237.2047470486646,1096.2452529513353,-103.37713954223317,-113.73314066417447,155987,772.3158998380076,1269.1143537640644,941.9613441646551,56.36892851407057,1128.8333333333333,1147.266642252604,1106.1666666666665,1169.9333089192708,1087.7333577473958,1188.3666178385415,1065.066691080729,0.07800636900913471,-60.23375169643739,-11.04250746683033,-11.450670696778936,0.408163229948606,42.00539782937092,24.980249546289777,1159.9199951171875,1166.725,1194.6010009765625,1245.4189978027343,YUKEN.BO,2025-01-10 11:06:40.026759
42,2024-11-11 00:00:00+05:30,1146.0,1170.0,1123.800048828125,1152.0999755859375,708,0.0,0.0,2024-11-11,1170.554998779297,34.57695596905805,1205.131954748355,1135.978042810239,1239.7089107174131,1101.4010868411808,-14.887901266784963,-77.3524767426696,156356,1518.0775754400713,1393.3139672455786,941.9092309407278,57.472513563071885,1148.6333414713542,1173.4666341145835,1127.2666829427085,1194.8332926432292,1102.4333902994792,1219.6665852864585,1081.0667317708335,0.1059041941463654,-43.75187934169084,-8.730280372214565,-11.552711504266087,2.8224311320515216,46.11734572408245,24.80232133220018,1166.310009765625,1170.554998779297,1197.5030004882813,1247.0924975585938,YUKEN.BO,2025-01-10 11:06:40.026759
43,2024-11-08 00:00:00+05:30,1176.75,1177.800048828125,1148.9000244140625,1154.5,349,0.0,0.0,2024-11-08,1172.4825012207032,34.56851979733748,1207.0510210180407,1137.9139814233656,1241.619540815378,1103.3454616260283,26.64045667090532,-56.594707411735186,157064,749.8767770875273,1362.1230651969554,941.7940942860929,64.83688656182267,1160.4000244140625,1171.9000244140625,1143.0,1189.300048828125,1131.5,1200.800048828125,1114.0999755859375,0.10883607262060377,-43.959243085880644,-8.345985374226075,-12.258319287278965,3.9123339130528905,46.48611918266268,24.9244822781596,1173.760009765625,1172.4825012207032,1199.9830004882813,1248.4324975585937,YUKEN.BO,2025-01-10 11:06:40.026759
44,2024-11-07 00:00:00+05:30,1199.0999755859375,1199.0999755859375,1161.8499755859375,1181.8499755859375,66,0.0,0.0,2024-11-07,1173.6075012207032,34.317705729096005,1207.925206949799,1139.2897954916073,1242.2429126788952,1104.9720897625111,92.80062334968649,-18.205924778490218,157413,145.1699830258363,1515.1846372243124,941.7366444203301,67.85716440943014,1180.9333089192708,1200.016642252604,1162.766642252604,1218.1833089192708,1143.6833089192708,1237.266642252604,1125.516642252604,0.14022500535466637,-28.034948712700146,-7.963883040697965,-13.236402765542186,5.272519724844221,50.78323567223442,25.69474703597795,1176.4800048828124,1173.6075012207032,1203.805,1249.913497314453,YUKEN.BO,2025-01-10 11:06:40.026759
45,2024-11-06 00:00:00+05:30,1117.8499755859375,1225.0999755859375,1117.8499755859375,1186.550048828125,1793,0.0,0.0,2024-11-06,1171.0375,35.56974706621443,1206.6072470662143,1135.4677529337855,1242.1769941324287,1099.898005867571,99.61729238837698,-29.559305050801395,157479,3959.4684890881217,1857.6883007739314,941.7243794518976,66.81844434521426,1176.5,1235.1500244140625,1127.9000244140625,1283.75,1069.25,1342.4000244140625,1020.6500244140625,0.1109604537131144,-25.298370405749637,-10.047569572285283,-14.554532696753242,4.506963124467958,51.54353370905229,26.88187045159321,1168.2800048828126,1171.0375,1205.835,1251.0634973144531,YUKEN.BO,2025-01-10 11:06:40.026759
46,2024-11-04 00:00:00+05:30,1189.3499755859375,1189.3499755859375,1148.0,1156.550048828125,366,0.0,0.0,2024-11-04,1167.0399963378907,38.13472370676254,1205.1747200446532,1128.9052726311281,1243.3094437514158,1090.7705489243656,48.359890736620386,-54.39030441767969,155686,787.8001453759995,1332.2432536953836,941.3841698687063,56.76800596835361,1164.6333414713542,1181.2666829427085,1139.916707356771,1205.9833170572917,1123.2833658854167,1222.616658528646,1098.5667317708335,0.018939444444049103,-42.76561931404658,-13.025969851392574,-15.68127347787023,2.6553036264776555,46.824968399158074,28.160311053025023,1160.1699951171875,1167.0399963378907,1207.405,1252.0469970703125,YUKEN.BO,2025-01-10 11:06:40.026759
47,2024-11-01 00:00:00+05:30,1127.800048828125,1200.0,1127.800048828125,1189.3499755859375,548,0.0,0.0,2024-11-01,1166.7874938964844,38.22445017290491,1205.0119440693893,1128.5630437235795,1243.2363942422942,1090.3385935506747,52.46193939643712,-43.17522455568655,156052,1212.9999037869472,1468.3540307752296,941.3231196818757,63.65436807749409,1172.3833414713542,1216.9666341145835,1144.7666829427085,1244.5832926432292,1100.1833902994792,1289.1665852864585,1072.5667317708335,-0.04338822510549872,-25.51137750799006,-13.687316120076957,-16.345099384489643,2.6577832644126858,51.96199681745772,28.269135262444554,1146.72998046875,1166.7874938964844,1209.8559985351562,1253.6649963378907,YUKEN.BO,2025-01-10 11:06:40.026759
48,2024-10-31 00:00:00+05:30,1179.699951171875,1182.1500244140625,1144.0,1168.0999755859375,356,0.0,0.0,2024-10-31,1165.8724975585938,37.873350343082976,1203.7458479016768,1127.9991472155107,1241.6191982447597,1090.1257968724278,23.410157570025145,-60.05598122488277,155504,773.9279883326642,1532.1925625223002,941.2177061617697,63.61788081145923,1164.75,1185.5,1147.3499755859375,1202.9000244140625,1126.5999755859375,1223.6500244140625,1109.199951171875,-0.08303497719789542,-37.585241144353695,-17.556951991433607,-17.00954520059281,-0.547406790840796,48.567524171738995,28.386330564896355,1135.9199951171875,1165.8724975585938,1211.1469995117188,1254.1939965820313,YUKEN.BO,2025-01-10 11:06:40.026759
49,2024-10-29 00:00:00+05:30,1136.300048828125,1145.0,1125.75,1140.8499755859375,525,0.0,0.0,2024-10-29,1166.8024963378907,38.15822038016904,1204.9607167180598,1128.6442759577217,1243.1189370982288,1090.4860555775526,-41.48378043403251,-114.8807851578677,155148,1114.700974478099,1721.7587060697092,941.155046574394,64.38294443727719,1137.1999918619792,1148.6499837239585,1129.3999837239585,1156.4499918619792,1117.9499918619792,1167.8999837239585,1110.1499837239585,-0.1324018261622513,-53.06819568980824,-20.15244106928526,-16.872693502882612,-3.279747566402648,43.84233384429551,27.84189293514317,1128.110009765625,1166.8024963378907,1213.235,1254.2874963378906,YUKEN.BO,2025-01-10 11:06:40.026759
50,2024-10-28 00:00:00+05:30,1080.0,1159.949951171875,1058.25,1146.0,1861,0.0,0.0,2024-10-28,1169.417498779297,38.07806387162698,1207.4955626509238,1131.33943490767,1245.573626522551,1093.2613710360429,-79.8283953546608,-150.50147966291334,155673,3969.186729777295,1873.5231389676117,941.0736810866922,63.056412369995925,1121.3999837239583,1184.5499674479165,1082.8500162760415,1223.0999348958333,1019.7000325520833,1286.2499186197915,981.1500651041665,-0.13930500000353738,-50.14204545454545,-20.486401463363563,-16.05275661128195,-4.433644852081613,44.560774070779004,25.65796386784128,1128.360009765625,1169.417498779297,1215.6430004882814,1253.7149963378906,YUKEN.BO,2025-01-10 11:06:40.026759
51,2024-10-25 00:00:00+05:30,1130.0,1144.75,1079.449951171875,1089.3499755859375,1413,0.0,0.0,2024-10-25,1170.070001220703,37.766198752959845,1207.8361999736628,1132.3038024677433,1245.6023987266228,1094.5376037147832,-131.56664308136823,-190.8267255788102,153812,2864.7064757748226,1349.6072412651906,940.7772759587021,55.99116027555054,1104.5166422526042,1129.5833333333335,1064.2832845052085,1169.8166910807292,1039.2165934244792,1194.8833821614585,998.9832356770835,-0.3019912611638755,-93.60463740870358,-21.110771319843252,-14.944345398261547,-6.166425921581705,33.41588932377016,23.306040256900776,1137.4300048828125,1170.070001220703,1218.4090014648436,1254.167996826172,YUKEN.BO,2025-01-10 11:06:40.026759
52,2024-10-24 00:00:00+05:30,1131.4000244140625,1142.449951171875,1122.5999755859375,1135.300048828125,341,0.0,0.0,2024-10-24,1174.3025024414062,32.639071369156014,1206.9415738105622,1141.6634310722502,1239.5806451797182,1109.0243597030942,-125.2817513592773,-147.79507260228758,155225,720.5026383619312,970.8324326377826,940.6139331630699,62.33991991450006,1133.4499918619792,1144.300008138021,1124.4500325520835,1153.2999674479167,1113.6000162760417,1164.1499837239585,1104.600056966146,-0.260089981884778,-76.55702218326886,-16.011124696529578,-13.402738917866118,-2.608385778663459,39.37820971471674,21.047903600188246,1163.67001953125,1174.3025024414062,1221.6450024414062,1254.9169970703124,YUKEN.BO,2025-01-10 11:06:40.026759
53,2024-10-23 00:00:00+05:30,1144.949951171875,1149.550048828125,1113.4000244140625,1129.050048828125,370,0.0,0.0,2024-10-23,1177.0099975585938,31.45800361381618,1208.46800117241,1145.5519939447777,1239.9260047862263,1114.0939903309613,-202.17826662331532,-160.73662292296288,154884,777.4732543038327,1033.4148812067453,940.5622649537743,45.08736357359478,1130.6667073567708,1147.933390299479,1111.7833658854165,1166.8167317708333,1094.5166829427083,1184.0834147135415,1075.633341471354,-0.2254886777619419,-81.39261212524178,-13.764824873918542,-12.750642473200253,-1.0141824007182887,37.980554718161024,19.280006841387333,1176.6400146484375,1177.0099975585938,1224.632001953125,1255.60599609375,YUKEN.BO,2025-01-10 11:06:40.026759
54,2024-10-22 00:00:00+05:30,1183.8499755859375,1183.8499755859375,1135.0,1142.0999755859375,735,0.0,0.0,2024-10-22,1180.5824951171876,29.734688755476018,1210.3171838726637,1150.8478063617115,1240.0518726281396,1121.1131176062356,-190.74514821070815,-122.64651652003568,155254,1562.2912531654085,1097.4002879324735,940.5079719260025,36.96014324515511,1153.6499837239583,1172.2999674479165,1123.449991861979,1202.4999593098958,1104.8000081380208,1221.149943033854,1074.6000162760415,-0.2566051898174097,-71.29595699347195,-10.064792148395327,-12.49709687302068,2.4323047246253537,39.757765770178054,17.37611802421712,1190.45,1180.5824951171876,1227.5010009765624,1256.3349951171874,YUKEN.BO,2025-01-10 11:06:40.026759
55,2024-10-21 00:00:00+05:30,1219.4000244140625,1219.4000244140625,1186.050048828125,1191.3499755859375,168,0.0,0.0,2024-10-21,1183.9449951171875,28.945882436351525,1212.890877553539,1154.999112680836,1241.8367599898907,1126.0532302444844,24.548019798541656,-44.01181568374641,155989,372.493914438991,981.1775466242395,940.3925553081965,45.48304849354459,1198.933349609375,1211.816650390625,1178.4666748046875,1232.2833251953125,1165.5833740234375,1245.1666259765625,1145.11669921875,-0.2532014557061688,-40.448292699353445,-6.460352246435605,-13.105173054177019,6.644820807741414,47.555952413854634,15.693541682753645,1204.010009765625,1183.9449951171875,1230.1460009765624,1257.371495361328,YUKEN.BO,2025-01-10 11:06:40.026759
56,2024-10-18 00:00:00+05:30,1177.0999755859375,1230.0,1150.0,1220.550048828125,668,0.0,0.0,2024-10-18,1185.3149963378905,29.94594661317034,1215.2609429510608,1155.3690497247203,1245.2068895642312,1125.4231031115498,40.30123641379114,-44.31457275021303,156157,1517.4087876939116,1133.3484546705517,940.3597099605526,50.459163635520184,1200.183349609375,1250.36669921875,1170.36669921875,1280.183349609375,1120.183349609375,1330.36669921875,1090.36669921875,-0.2412065196317378,-20.310311153017242,-6.59807158034414,-14.76637825611237,8.16830667576823,53.312953787769125,14.95970209566176,1209.3800048828125,1185.3149963378905,1231.5980004882813,1257.3454956054688,YUKEN.BO,2025-01-10 11:06:40.026759
57,2024-10-17 00:00:00+05:30,1198.0999755859375,1205.449951171875,1194.9000244140625,1200.1500244140625,147,0.0,0.0,2024-10-17,1185.0399963378907,29.628921304081402,1214.668917641972,1155.4110750338093,1244.2978389460534,1125.782153729728,47.6689091741351,-47.0002701706617,155489,328.3397120582913,1037.3333714147116,940.2138217402386,51.9733598098173,1200.1666666666667,1205.433308919271,1194.8833821614585,1210.7165934244792,1189.6167399088542,1215.9832356770835,1184.333455403646,-0.24972792526719173,-34.3792935075431,-9.550188068361877,-16.808454925054427,7.258266856692551,49.33398204865729,14.169413309562808,1205.5099853515626,1185.0399963378907,1231.2630004882812,1257.2839953613282,YUKEN.BO,2025-01-10 11:06:40.026759
58,2024-10-16 00:00:00+05:30,1219.9000244140625,1220.0999755859375,1181.050048828125,1198.0999755859375,107,0.0,0.0,2024-10-16,1186.9899963378907,31.874027345462896,1218.8640236833537,1155.1159689924277,1250.7380510288165,1123.241941646965,55.732542111431165,-50.2667232104358,155342,238.58732993320018,1214.5817862538167,940.1840348972238,46.70306364976533,1199.75,1218.449951171875,1179.4000244140625,1238.7999267578125,1160.7000732421875,1257.4998779296875,1140.35009765625,-0.2771129055244062,-35.79312028556034,-11.175998621054532,-18.623021639227563,7.447023018173031,48.92782139343497,14.538037156786045,1203.6099853515625,1186.9899963378907,1231.2639990234375,1258.020994873047,YUKEN.BO,2025-01-10 11:06:40.026759
59,2024-10-15 00:00:00+05:30,1214.5,1229.4000244140625,1209.5,1209.9000244140625,251,0.0,0.0,2024-10-15,1190.525,36.722749866152085,1227.2477498661522,1153.802250133848,1263.9704997323042,1117.079500267696,96.64555544097071,-24.481610363782785,155449,565.1890600188875,1458.5804003339708,940.162520035426,42.532344236882736,1216.2666829427083,1223.0333658854165,1203.133341471354,1236.1667073567708,1196.3666585286458,1242.933390299479,1183.2333170572915,-0.31007028574829654,-27.65515557650862,-12.886296737701059,-20.484777393770816,7.598480656069757,51.11809938470133,14.935016684564916,1199.389990234375,1190.525,1232.1639990234376,1259.9754956054687,YUKEN.BO,2025-01-10 11:06:40.026759
60,2024-10-14 00:00:00+05:30,1216.1500244140625,1234.25,1202.3499755859375,1218.199951171875,786,0.0,0.0,2024-10-14,1194.457501220703,42.64101935843478,1237.0985205791378,1151.8164818622683,1279.7395399375725,1109.1754625038336,122.35332775214702,-22.916251948701433,155700,1782.0162653453908,1681.9282354127415,940.1097269983819,41.42734188384573,1218.2666422526042,1234.183308919271,1202.2832845052085,1250.1666666666667,1186.3666178385417,1266.0833333333335,1170.383260091146,-0.26574327185900626,-21.931068157327587,-16.042875699848764,-22.38439755778825,6.341521857939487,52.657731305621645,15.891646548668497,1183.4999755859376,1194.457501220703,1233.4089990234374,1261.3644958496093,YUKEN.BO,2025-01-10 11:06:40.026759
61,2024-10-11 00:00:00+05:30,1188.050048828125,1210.0999755859375,1178.0,1201.199951171875,529,0.0,0.0,2024-10-11,1195.520001220703,43.519452761486974,1239.03945398219,1152.0005484592161,1282.558906743677,1108.4810956977292,85.50980965943612,-62.15376538830484,154914,1182.6099205770906,1656.906227929579,939.9391831277079,31.79756762073977,1196.4333089192708,1214.8666178385415,1182.766642252604,1228.5332845052083,1164.3333333333333,1246.966593424479,1150.6666666666665,-0.28583449684260365,-33.65520608836207,-20.658596465415712,-23.969778022273122,3.3111815568574094,49.78102026956674,16.921863325395428,1161.17998046875,1195.520001220703,1235.0519995117188,1261.5824963378907,YUKEN.BO,2025-01-10 11:06:40.026759
62,2024-10-10 00:00:00+05:30,1195.0,1197.949951171875,1176.0,1190.6500244140625,521,0.0,0.0,2024-10-10,1197.5750061035155,44.75463088409716,1242.3296369876127,1152.8203752194183,1287.08426787171,1108.0657443353211,69.04386245619828,-80.26234852269265,154385,1154.4958827741063,1775.4803047677012,939.8313041035851,31.909317291467318,1188.1999918619792,1200.3999837239585,1178.4500325520835,1210.1499430338542,1166.2500406901042,1222.3499348958335,1156.5000813802085,-0.2987947579338282,-40.931017645474135,-24.5808662870063,-24.79757341148747,0.21670712448116802,47.95874583361615,17.620036134093887,1151.239990234375,1197.5750061035155,1237.0630004882812,1262.2564965820313,YUKEN.BO,2025-01-10 11:06:40.026759
63,2024-10-09 00:00:00+05:30,1151.0,1182.449951171875,1150.0999755859375,1177.0,212,0.0,0.0,2024-10-09,1199.9225036621094,45.59570076731118,1245.5182044294206,1154.3268028947982,1291.1139051967318,1108.731102127487,-2.721726117057963,-118.03453445777625,153864,464.39000479247926,1930.7264102661,939.7292615165626,25.51025002575892,1169.8499755859375,1189.5999755859375,1157.25,1202.199951171875,1137.5,1221.949951171875,1124.9000244140625,-0.3082828355585141,-50.3448275862069,-28.191114919000483,-24.85175019260776,-3.3393647263927235,45.58656639325118,17.93929230311894,1147.3199951171875,1199.9225036621094,1240.1780004882812,1262.6424963378906,YUKEN.BO,2025-01-10 11:06:40.026759
64,2024-10-08 00:00:00+05:30,1187.800048828125,1187.800048828125,1114.75,1130.449951171875,509,0.0,0.0,2024-10-08,1203.2500061035157,46.258351572504736,1249.5083576760205,1156.991654531011,1295.766709248525,1110.7333029585063,-106.04725727694768,-173.94215691407328,153652,1070.8771743213629,2297.310511634505,939.6899757045493,22.39036505705974,1144.3333333333333,1173.9166666666665,1100.8666178385415,1217.3833821614583,1071.2832845052083,1246.9667154947915,1027.8165690104165,-0.3435601089253947,-86.06627551596671,-31.041868491623063,-24.016909011009577,-7.024959480613486,36.40726481026816,17.708395540627613,1149.2599853515626,1203.2500061035157,1243.2290014648438,1263.0324963378907,YUKEN.BO,2025-01-10 11:06:40.026759
65,2024-10-07 00:00:00+05:30,1128.5,1169.0999755859375,1105.0,1106.5999755859375,674,0.0,0.0,2024-10-07,1210.0500061035157,44.97160026207039,1255.021606365586,1165.0784058414454,1299.9932066276565,1120.1068055793748,-192.45580692936943,-223.5702641838732,153143,1388.101082095867,2603.9188459627903,939.614112110722,24.515663226165344,1126.8999837239583,1148.7999674479165,1084.699991861979,1190.9999593098958,1062.8000081380208,1212.899943033854,1020.6000162760415,-0.29719316403114976,-99.17463204155618,-29.636891082717057,-22.2606691408562,-7.376221941860855,30.85808322096031,17.459737488713877,1161.8,1210.0500061035157,1247.462001953125,1263.8339965820312,YUKEN.BO,2025-01-10 11:06:40.026759
66,2024-10-04 00:00:00+05:30,1185.0,1186.5,1140.0,1151.5,1926,0.0,0.0,2024-10-04,1216.185009765625,37.93508423653511,1254.1200940021602,1178.2499255290898,1292.0551782386951,1140.3148412925548,-122.8184252202147,-183.63349036451908,153817,4127.535004002451,2907.8732869295213,939.5261295214407,29.179462120061487,1159.3333333333333,1178.6666666666665,1132.1666666666665,1205.8333333333333,1112.8333333333333,1225.1666666666665,1085.6666666666665,-0.28096504432057473,-92.87484618310998,-25.040189212355244,-20.41661365539099,-4.623575556964255,36.412601712446936,16.50788304056314,1172.2900146484376,1216.185009765625,1252.8540014648438,1264.9849963378906,YUKEN.BO,2025-01-10 11:06:40.026759
67,2024-10-03 00:00:00+05:30,1186.699951171875,1192.949951171875,1153.75,1171.050048828125,2028,0.0,0.0,2024-10-03,1221.490008544922,35.770121587406706,1257.2601301323286,1185.7198869575152,1293.0302517197354,1149.9497653701085,-96.5711686398147,-166.2133835088459,155743,4419.915302067547,2602.9578576612885,939.206497618398,35.791786547349886,1172.5833333333333,1191.4166666666665,1152.2167154947915,1211.7832845052083,1133.3833821614583,1230.6166178385415,1113.0167643229165,-0.2479238650475506,-87.54194372961226,-23.19759317346825,-19.260719766149926,-3.9368734073183234,39.27059134709903,16.273624223242155,1176.7900146484376,1221.490008544922,1256.6650024414062,1265.6299963378906,YUKEN.BO,2025-01-10 11:06:40.026759
68,2024-10-01 00:00:00+05:30,1250.0,1250.0,1180.0,1186.699951171875,823,0.0,0.0,2024-10-01,1224.877508544922,33.90115290894172,1258.7786614538636,1190.9763556359803,1292.6798143628055,1157.0752027270385,6.275682483881395,-97.77797628152638,157771,1817.6543479498089,2148.718496559724,938.8378048886441,42.09644294384401,1205.566650390625,1231.13330078125,1161.13330078125,1275.566650390625,1135.566650390625,1301.13330078125,1091.13330078125,-0.2088262261015855,-77.0316013671217,-22.412416793519924,-18.276501414320343,-4.135915379199581,41.70372927164053,16.37077684376095,1180.4699951171874,1224.877508544922,1259.2610009765624,1266.4599963378905,YUKEN.BO,2025-01-10 11:06:40.026759
69,2024-09-30 00:00:00+05:30,1165.0,1215.0,1159.0999755859375,1193.1500244140625,758,0.0,0.0,2024-09-30,1227.335009765625,32.74989602518838,1260.0849057908135,1194.5851137404366,1292.8348018160018,1161.8352177152483,-61.41144025735358,-144.2693670954156,158594,1683.1964249182088,2231.484533712203,938.677741498728,36.206956801312906,1189.0833333333333,1219.066691080729,1163.1666666666665,1244.9833577473958,1133.1833089192708,1274.9667154947915,1107.266642252604,-0.1876050127413548,-72.69978660243697,-22.608849283447398,-17.242522569520446,-5.366326713926952,42.71660629227616,17.20262319476376,1183.2300048828124,1227.335009765625,1262.2600024414062,1267.0649963378905,YUKEN.BO,2025-01-10 11:06:40.026759
70,2024-09-27 00:00:00+05:30,1188.0,1219.4000244140625,1152.5,1159.050048828125,995,0.0,0.0,2024-09-27,1230.2325073242187,32.12378086031184,1262.3562881845305,1198.1087264639068,1294.4800690448424,1165.984945603595,-97.92748015101259,-186.14898827057553,157836,2146.3266116340155,2368.556560910701,938.5262982058,38.87270781550194,1176.9833577473958,1201.4667154947915,1134.566691080729,1243.8833821614583,1110.0833333333333,1268.366739908854,1067.6666666666665,-0.2575321955185188,-95.60104247537893,-23.153018559048178,-15.900940891038704,-7.252077668009473,34.962015586731624,16.80159597199822,1186.4699951171874,1230.2325073242187,1266.5160009765625,1267.9574963378907,YUKEN.BO,2025-01-10 11:06:40.026759
71,2024-09-26 00:00:00+05:30,1190.5,1190.9000244140625,1164.75,1174.0,988,0.0,0.0,2024-09-26,1236.4100036621094,29.485936659405173,1265.8959403215144,1206.9240670027043,1295.3818769809197,1177.438130343299,-116.53731636366332,-201.38395155288157,158831,2158.7163528913215,2424.1140482298724,938.3538898905564,38.21494429002344,1176.5500081380208,1188.3500162760415,1162.199991861979,1202.7000325520833,1150.3999837239583,1214.500040690104,1136.0499674479165,-0.18141027701016582,-87.02186008776721,-20.140585891178716,-14.087921474036335,-6.052664417142381,37.0011581457542,16.36972050132764,1198.4099853515625,1236.4100036621094,1272.9330004882813,1269.8929956054687,YUKEN.BO,2025-01-10 11:06:40.026759
72,2024-09-25 00:00:00+05:30,1206.6500244140625,1207.5,1155.0,1189.449951171875,1191,0.0,0.0,2024-09-25,1241.195001220703,26.43191528630957,1267.6269165070125,1214.7630859343935,1294.0588317933223,1188.3311706480838,-130.66205214177546,-194.2775431216071,159819,2636.504240928405,2490.46347206451,938.1708126929673,38.316562794851336,1183.9833170572917,1212.9666341145835,1160.4666341145835,1236.4833170572917,1131.4833170572917,1265.4666341145835,1107.9666341145835,-0.18635174733259974,-76.46861651167464,-17.450942501649024,-12.57475536975074,-4.876187131898284,39.19488808976603,14.715277448863034,1206.6199951171875,1241.195001220703,1279.1719995117187,1272.2979956054687,YUKEN.BO,2025-01-10 11:06:40.026759
73,2024-09-24 00:00:00+05:30,1218.0,1227.550048828125,1200.0,1200.5,569,0.0,0.0,2024-09-24,1245.5275024414063,24.537482029577,1270.0649844709833,1220.9900204118294,1294.6024665005602,1196.4525383822524,-98.63361043187724,-138.34105287191994,161010,1271.290994969094,2453.953279848536,937.9352577841056,42.96128863568175,1209.3500162760417,1218.7000325520835,1191.1499837239585,1236.9000651041667,1181.7999674479167,1246.2500813802085,1163.5999348958335,-0.23392661743315843,-81.23990733669666,-15.264561800138608,-11.355708586776167,-3.908853213362441,40.801431083045884,12.93356954620884,1216.560009765625,1245.5275024414063,1285.175,1273.26849609375,YUKEN.BO,2025-01-10 11:06:40.026759
74,2024-09-23 00:00:00+05:30,1201.300048828125,1228.0,1201.300048828125,1209.3499755859375,1986,0.0,0.0,2024-09-23,1252.7825012207031,31.09746666114953,1283.8799678818527,1221.6850345595535,1314.9774345430021,1190.5875678984041,-112.16037666825784,-134.96079633516214,161579,4469.940932907705,2749.6188510683965,937.8176144887237,38.23168985474711,1212.8833414713542,1224.4666341145835,1197.7666829427085,1239.5832926432292,1186.1833902994792,1251.1665852864585,1171.0667317708335,-0.1469120781172189,-74.11432733105508,-13.322313107790478,-10.378495283435555,-2.943817824354923,42.084291036716934,12.007153049643636,1230.22001953125,1252.7825012207031,1290.4719995117186,1274.4804956054688,YUKEN.BO,2025-01-10 11:06:40.026759
75,2024-09-20 00:00:00+05:30,1229.699951171875,1233.0,1205.25,1218.75,541,0.0,0.0,2024-09-20,1256.4825012207032,30.04223555713701,1286.5247367778402,1226.4402656635662,1316.5669723349772,1196.3980301064291,-117.98163914716811,-123.33959837616526,163565,1227.1070006187429,2319.538330608569,937.3923108928069,40.25765867032738,1219.0,1232.75,1205.0,1246.75,1191.25,1260.5,1177.25,-0.13024467391486838,-66.54587413398437,-11.505381497144981,-9.642540827346824,-1.8628406697981568,43.431095464549195,11.041803107305778,1246.0600341796876,1256.4825012207032,1296.9439990234375,1275.1344958496093,YUKEN.BO,2025-01-10 11:06:40.026759
76,2024-09-19 00:00:00+05:30,1250.0,1250.0,1177.199951171875,1215.050048828125,1861,0.0,0.0,2024-09-19,1258.7975036621094,28.737156330859086,1287.5346599929685,1230.0603473312503,1316.2718163238276,1201.3231910003913,-162.0793528492705,-137.89409375864687,163024,4208.342521661295,2592.6461631060256,937.2722118325146,33.21642218966912,1214.0833333333333,1250.9667154947915,1178.1666666666665,1286.8833821614583,1141.2832845052083,1323.7667643229165,1105.3666178385415,-0.20116830059285248,-69.52489908565262,-9.930594468276922,-9.176830659897286,-0.7537638083796363,42.76157885895542,10.095389804958069,1250.2000244140625,1258.7975036621094,1300.4759985351564,1275.7694958496095,YUKEN.BO,2025-01-10 11:06:40.026759
77,2024-09-18 00:00:00+05:30,1268.800048828125,1287.6500244140625,1227.5,1239.1500244140625,1301,0.0,0.0,2024-09-18,1262.0,27.12921306750814,1289.129213067508,1234.870786932492,1316.2584261350162,1207.7415738649838,-4.297928226579238,-57.37180129484001,164885,3000.3486654385847,2188.7220734672082,936.8637366398518,33.74878821784576,1251.433349609375,1275.36669921875,1215.2166748046875,1311.5833740234375,1191.2833251953125,1335.5167236328125,1155.066650390625,-0.22552771869961805,-72.51021281617784,-7.399537180022207,-8.988389707802376,1.588852527780169,46.0586263346963,9.076175479352843,1255.6500244140625,1262.0,1301.5449975585936,1275.4134948730468,YUKEN.BO,2025-01-10 11:06:40.026759
78,2024-09-17 00:00:00+05:30,1288.550048828125,1298.8499755859375,1268.550048828125,1268.800048828125,879,0.0,0.0,2024-09-17,1262.7375,26.671984046736245,1289.4094840467362,1236.0655159532637,1316.0814680934725,1209.3935319065274,155.5189224754497,4.40370347668694,166186,2075.6427253671623,1985.8154254743642,936.5526623233071,35.98819677679445,1278.7333577473958,1288.9166666666665,1258.616739908854,1309.0332845052083,1248.4334309895833,1319.216593424479,1228.3168131510415,-0.2665700250998625,-54.85373290031731,-6.42038510837142,-9.385602839747417,2.965217731375997,50.507502693631544,9.240855256358545,1255.3400146484375,1262.7375,1301.8319970703126,1273.3594946289063,YUKEN.BO,2025-01-10 11:06:40.026759
79,2024-09-16 00:00:00+05:30,1243.550048828125,1301.4000244140625,1234.8499755859375,1288.550048828125,776,0.0,0.0,2024-09-16,1262.9224975585937,26.7290176959528,1289.6515152545464,1236.193479862641,1316.3805329504994,1209.464462166688,196.32497828198115,-8.729422407460875,167065,1860.9450648438558,1963.3586005011648,936.3214979405603,29.986164501322833,1274.933349609375,1315.0167236328125,1248.4666748046875,1341.4833984375,1208.38330078125,1381.5667724609375,1181.9166259765625,-0.23210442363402675,-38.10934275536457,-7.98957334365241,-10.126907272591415,2.1373339289390056,53.71677842893946,9.098929923961629,1250.2900146484376,1262.9224975585937,1300.0279956054687,1270.823994140625,YUKEN.BO,2025-01-10 11:06:40.026759
80,2024-09-13 00:00:00+05:30,1241.5,1255.0,1235.050048828125,1239.449951171875,656,0.0,0.0,2024-09-13,1261.5574951171875,26.039573712585895,1287.5970688297734,1235.5179214046016,1313.6366425423594,1209.4783476920156,-19.229772356940206,-76.35706969731703,166289,1513.2245343520972,1988.9619844154918,936.105015045079,32.54445778857209,1243.1666666666667,1251.2832845052085,1231.3333333333335,1263.1166178385417,1223.2167154947917,1271.2332356770835,1211.3833821614585,-0.23914506048166007,-81.88714574617877,-11.822631412403553,-10.661240754826167,-1.1613906575773854,45.76078875122121,8.946087258303411,1245.8699951171875,1261.5574951171875,1297.9409936523436,1268.7094934082031,YUKEN.BO,2025-01-10 11:06:40.026759
81,2024-09-12 00:00:00+05:30,1243.1500244140625,1252.0,1225.0,1242.300048828125,238,0.0,0.0,2024-09-12,1263.8,25.966610413074076,1289.766610413074,1237.833389586926,1315.733220826148,1211.866779173852,-54.22448027358495,-81.42842400419579,166945,550.2676724471378,2107.8963469313403,935.9473252448125,33.921736500787944,1239.7666829427083,1254.5333658854165,1227.5333658854165,1266.7666829427083,1212.7666829427083,1281.5333658854165,1200.5333658854165,-0.20015181275932073,-79.72716188037383,-11.715360815910572,-10.37089309043182,-1.3444677254787507,46.18873117986425,8.89591689123616,1243.8400146484375,1263.8,1296.2609936523438,1266.2784936523437,YUKEN.BO,2025-01-10 11:06:40.026759
82,2024-09-11 00:00:00+05:30,1255.0,1257.449951171875,1221.6500244140625,1237.5999755859375,756,0.0,0.0,2024-09-11,1264.242498779297,25.65447549862475,1289.8969742779218,1238.5880232806721,1315.5514497765464,1212.9335477820475,-71.80502187116744,-81.08232645264879,166707,1741.2961009630549,2497.3035155523908,935.8895364506624,28.37556144910357,1238.8999837239583,1256.149943033854,1220.3500162760415,1274.6999104817708,1203.1000569661458,1291.9498697916665,1184.550089518229,-0.2223508221769774,-83.28917399212163,-11.68120791509341,-10.034776159062133,-1.6464317560312764,45.406927523928196,8.72247336593669,1246.9,1264.242498779297,1295.5949926757812,1263.2519934082031,YUKEN.BO,2025-01-10 11:06:40.026759
83,2024-09-10 00:00:00+05:30,1266.449951171875,1277.0,1238.0,1243.550048828125,1292,0.0,0.0,2024-09-10,1266.5950012207031,25.23661485220253,1291.8316160729057,1241.3583863685005,1317.068230925108,1216.1217715162982,-24.36885996029702,-62.98845716786536,167463,2990.173046962997,2686.3053691997247,935.7086452813006,30.798731341488605,1252.8500162760417,1267.7000325520835,1228.7000325520835,1291.8500162760417,1213.8500162760417,1306.7000325520835,1189.7000325520835,-0.22163063033381059,-78.77983299627914,-10.997607852845249,-9.623168220054314,-1.374439632790935,46.195900866399086,8.535688030998799,1247.1400146484375,1266.5950012207031,1295.6309936523437,1259.9749938964844,YUKEN.BO,2025-01-10 11:06:40.026759
84,2024-09-09 00:00:00+05:30,1257.9000244140625,1273.5,1218.0,1266.449951171875,789,0.0,0.0,2024-09-09,1268.042498779297,24.669117760913387,1292.7116165402103,1243.3733810183835,1317.3807343011238,1218.70426325747,-39.4387325018149,-64.45184192444418,168755,1859.6686708592276,2610.3384497589063,935.3928977251302,20.642586175694944,1252.6499837239583,1287.2999674479165,1231.7999674479165,1308.1499837239583,1197.1499837239583,1342.7999674479165,1176.2999674479165,-0.20736498689572064,-61.42484184973365,-10.541754261351343,-9.27955831185658,-1.2621959494947639,49.25448047896283,8.821889978117001,1245.6,1268.042498779297,1294.7119921875,1256.789493408203,YUKEN.BO,2025-01-10 11:06:40.026759
85,2024-09-06 00:00:00+05:30,1257.4000244140625,1257.449951171875,1217.300048828125,1229.300048828125,905,0.0,0.0,2024-09-06,1268.4375,24.705496498416057,1293.142996498416,1243.732003501584,1317.8484929968322,1219.0265070031678,-97.10617855301349,-85.45904403116451,167966,2070.508501337957,2798.0058944838256,935.1854052198719,25.91947329888498,1234.683349609375,1252.066650390625,1211.916748046875,1274.833251953125,1194.533447265625,1292.216552734375,1171.766845703125,-0.2761143620995879,-89.5793822749585,-12.053693390015042,-8.964009324482888,-3.089684065532154,43.632579930087296,9.014181290588061,1242.5300048828126,1268.4375,1294.5049926757813,1252.455493774414,YUKEN.BO,2025-01-10 11:06:40.026759
86,2024-09-05 00:00:00+05:30,1244.949951171875,1261.699951171875,1242.699951171875,1257.5999755859375,253,0.0,0.0,2024-09-05,1270.1699951171875,22.97050375345706,1293.1404988706445,1247.1994913637304,1316.1110026241015,1224.2289876102734,-65.91257452331685,-67.77894399235394,168871,592.1525193905672,2979.8802427702926,934.9738127921098,21.81489672920472,1253.9999593098958,1265.2999674479165,1246.2999674479165,1272.9999593098958,1234.9999593098958,1284.2999674479165,1227.2999674479165,-0.19047878854543795,-68.13191184660673,-10.148099416495143,-8.191588308099847,-1.9565111083952953,47.34263926246507,8.687876298128808,1253.189990234375,1270.1699951171875,1295.2569921875,1248.502493286133,YUKEN.BO,2025-01-10 11:06:40.026759
87,2024-09-04 00:00:00+05:30,1231.550048828125,1253.199951171875,1215.550048828125,1238.800048828125,2143,0.0,0.0,2024-09-04,1267.479998779297,27.268141797327246,1294.748140576624,1240.2118569819697,1322.0162823739515,1212.9437151846423,-150.23893091980102,-88.03473930484222,168618,4940.761893813739,3576.8121736152234,934.9089131424416,23.537858530910796,1235.8500162760417,1256.1499837239585,1218.5000813802085,1273.4999186197917,1198.2001139322917,1293.7998860677085,1180.8501790364585,-0.2049060298630138,-82.37968275583893,-10.34171659447793,-7.702460531001024,-2.639256063476906,44.42780232521473,9.04373680334155,1255.6099853515625,1267.479998779297,1295.0309936523438,1244.3009936523438,YUKEN.BO,2025-01-10 11:06:40.026759
88,2024-09-03 00:00:00+05:30,1251.550048828125,1257.6500244140625,1223.1500244140625,1235.8499755859375,1221,0.0,0.0,2024-09-03,1265.5499938964845,30.57092399513089,1296.1209178916154,1234.9790699013536,1326.6918418867463,1204.4081459062227,-179.75838643653123,-84.55202791298576,166475,2808.3546881260095,3235.824743565594,934.3902288721092,24.59180815832167,1238.8833414713542,1254.616658528646,1220.116658528646,1273.3833414713542,1204.3833414713542,1289.116658528646,1185.616658528646,-0.2762380217500832,-88.26088886487155,-8.581404640224491,-7.042646515131797,-1.538758125092694,43.975936742620654,9.154335643518525,1263.069970703125,1265.5499938964845,1295.3899926757813,1240.4734930419922,YUKEN.BO,2025-01-10 11:06:40.026759
89,2024-09-02 00:00:00+05:30,1265.0,1298.0,1247.0999755859375,1251.0999755859375,1785,0.0,0.0,2024-09-02,1265.9124938964844,30.24142383335394,1296.1539177298384,1235.6710700631304,1326.3953415631922,1205.4296462297766,-106.06073392451502,-52.82754691595776,167696,4156.24151476383,3342.6922574254895,934.0967813717244,25.931372191867467,1265.3999837239583,1283.699991861979,1232.7999674479165,1316.3000081380208,1214.4999593098958,1334.6000162760415,1181.899943033854,-0.28370155152686344,-76.2055528964921,-5.907113112211164,-6.6579569838586234,0.7508438716474597,45.76209841823562,9.480266599471431,1285.019970703125,1265.9124938964844,1295.6259936523438,1236.1849932861328,YUKEN.BO,2025-01-10 11:06:40.026759
90,2024-08-30 00:00:00+05:30,1269.6500244140625,1290.0,1262.550048828125,1282.5999755859375,1539,0.0,0.0,2024-08-30,1266.9649963378906,30.064554627786972,1297.0295509656776,1236.9004417101037,1327.0941055934645,1206.8358870823167,-30.76357219097296,-35.641932016922276,169481,3673.6720754610333,3139.304943090904,933.6450234807031,27.692561834573894,1278.3833414713542,1294.2166341145835,1266.7666829427085,1305.8332926432292,1250.9333902994792,1321.6665852864585,1239.3167317708335,-0.2982774053453331,-51.30436712574111,-3.895601790555247,-6.845667951770489,2.9500661612152417,49.62836370922255,9.906965935702909,1291.469970703125,1266.9649963378906,1296.0169946289063,1231.8649932861329,YUKEN.BO,2025-01-10 11:06:40.026759
91,2024-08-29 00:00:00+05:30,1333.5,1333.5,1260.0999755859375,1269.699951171875,384,0.0,0.0,2024-08-29,1267.8524963378907,30.803300056190373,1298.655796394081,1237.0491962817002,1329.4590964502713,1206.24589622551,28.079251471406366,-22.431995737740017,167942,907.4085502850687,3005.7131599983713,933.2157383797451,50.9674686920012,1287.7666422526042,1315.433308919271,1242.0332845052085,1361.1666666666667,1214.3666178385417,1388.8333333333335,1168.633260091146,-0.3249707398464541,-61.50201488389328,-4.363506207668934,-7.5831844920743,3.219678284405366,47.95631775401627,9.894392650853817,1287.9599853515624,1267.8524963378907,1296.2369946289064,1227.1209936523437,YUKEN.BO,2025-01-10 11:06:40.026759
92,2024-08-28 00:00:00+05:30,1325.5,1325.5,1270.75,1276.0999755859375,616,1.5,0.0,2024-08-28,1269.4549987792968,31.72438044382567,1301.1793792231224,1237.7306183354713,1332.9037596669482,1206.0062378916455,52.3414617595986,-17.44277204174921,168326,1462.9717920812031,3530.2893124266966,933.1124225007784,55.68765097017005,1290.7833251953125,1310.816650390625,1256.066650390625,1345.5333251953125,1236.0333251953125,1365.566650390625,1201.316650390625,-0.3430478542345128,-48.67078948813663,-3.6259949705026884,-8.388104063175641,4.762109092672953,48.70106026956682,9.880852190247104,1289.839990234375,1269.4549987792968,1296.6819946289063,1222.6009942626954,YUKEN.BO,2025-01-10 11:06:40.026759
93,2024-08-26 00:00:00+05:30,1304.4000244140625,1347.5,1292.5,1345.5999755859375,1223,0.0,0.0,2024-08-26,1272.9700012207031,36.09312982174648,1309.0631310424496,1236.8768713989566,1345.1562608641962,1200.78374157721,253.9575326010186,21.456788332069564,168942,3062.7600072653995,4047.11869251307,932.9434001276686,59.95440864542108,1328.5333251953125,1364.566650390625,1309.566650390625,1383.5333251953125,1273.5333251953125,1419.566650390625,1254.566650390625,-0.3092061262248292,-1.1140567986452383,-3.2571232156597034,-9.578631336343879,6.321508120684175,57.743449314920326,9.558296583395043,1285.4,1272.9700012207031,1296.8819946289063,1218.0219946289062,YUKEN.BO,2025-01-10 11:06:40.026759
94,2024-08-23 00:00:00+05:30,1281.3499755859375,1299.699951171875,1275.0,1283.3499755859375,916,0.0,0.0,2024-08-23,1272.1675048828124,34.538213001784726,1306.705717884597,1237.6292918810277,1341.2439308863818,1203.091078879243,105.48547371221265,-17.428776107925504,167719,2187.8176432026894,4293.208363824988,932.5392660557659,47.83843495063342,1286.0166422526042,1297.0332845052085,1272.3333333333335,1310.7165934244792,1261.3166910807292,1321.7332356770835,1247.6333821614585,-0.34868892981746086,-24.911807044581916,-9.580202208085666,-11.159008366514922,1.5788061584292556,50.02631592881832,8.560808616815974,1270.7800048828126,1272.1675048828124,1296.0219946289062,1212.7859948730468,YUKEN.BO,2025-01-10 11:06:40.026759
95,2024-08-22 00:00:00+05:30,1290.4000244140625,1318.6500244140625,1259.949951171875,1265.050048828125,2127,0.0,0.0,2024-08-22,1275.1050048828124,37.87639153072982,1312.9813964135421,1237.2286133520827,1350.857787944272,1199.3522218213527,72.5411266740732,-21.400093051856054,166803,5007.785721823416,4819.556043980562,932.2817541976634,41.982333355016884,1281.2166748046875,1302.4833984375,1243.7833251953125,1339.916748046875,1222.5166015625,1361.1834716796875,1185.083251953125,-0.3540946259636174,-37.82635700852941,-11.399823005841654,-11.553709906122235,0.15388690028058072,47.40427504281528,8.548141616983282,1266.360009765625,1275.1050048828124,1296.2919946289062,1207.6109948730468,YUKEN.BO,2025-01-10 11:06:40.026759
96,2024-08-21 00:00:00+05:30,1298.9000244140625,1298.9000244140625,1270.0999755859375,1279.0999755859375,226,0.0,0.0,2024-08-21,1280.6625,43.98514740752323,1324.6476474075232,1236.6773525924766,1368.6327948150463,1192.6922051849535,92.6258134990842,-19.36440249052026,168930,538.0014792047475,4772.498624519849,931.7135829762935,39.84228739231364,1282.6999918619792,1295.300008138021,1266.499959309896,1311.5000406901042,1253.8999430338542,1324.100056966146,1237.699910481771,-0.3112035070765125,-34.54021630805671,-11.754498922186713,-11.592181631192378,-0.16231729099433423,49.24637376195716,8.534500232548075,1270.210009765625,1280.6625,1296.688994140625,1202.4709942626953,YUKEN.BO,2025-01-10 11:06:40.026759
97,2024-08-20 00:00:00+05:30,1279.0,1280.0,1250.0,1253.9000244140625,2687,0.0,0.0,2024-08-20,1283.8100036621095,46.07032652671838,1329.8803301888279,1237.739677135391,1375.9506567155463,1191.6693506086726,-2.4975879752550174,-39.004897869531135,168704,6270.4847679510485,5831.122910848623,931.6505497061227,35.8694010739044,1261.3000081380208,1272.6000162760415,1242.6000162760415,1291.3000081380208,1231.3000081380208,1302.6000162760415,1212.6000162760415,-0.25957876503614846,-50.688850263071025,-13.414198012106908,-11.551602308443796,-1.8625957036631124,45.73432848568117,8.995555465511032,1264.62001953125,1283.8100036621095,1297.473994140625,1197.0684942626954,YUKEN.BO,2025-01-10 11:06:40.026759
98,2024-08-19 00:00:00+05:30,1280.0,1305.0,1250.5,1272.5,1964,0.0,0.0,2024-08-19,1286.1575012207031,45.66039607689802,1331.8178972976011,1240.4971051438051,1377.4782933744991,1194.8367090669071,62.03822080794833,-24.80959362179189,171391,4651.251406988169,5721.282446573017,930.9538487453835,36.38487593856799,1276.0,1301.5,1247.0,1330.5,1221.5,1356.0,1192.5,-0.23991837763299945,-55.151360277223596,-12.854056988909633,-11.085953382528018,-1.7681036063816151,48.01133642022711,9.402647987667153,1270.77001953125,1286.1575012207031,1297.2409936523438,1191.8269940185546,YUKEN.BO,2025-01-10 11:06:40.026759
99,2024-08-16 00:00:00+05:30,1309.949951171875,1309.949951171875,1223.0999755859375,1261.25,4279,0.0,0.0,2024-08-16,1289.3650024414062,46.88719379942234,1336.2521962408287,1242.4778086419838,1383.1393900402509,1195.5906148425615,35.45401319110281,-35.04823878942402,169427,10044.168867431496,5988.790206469229,930.4132634298559,36.31616216133064,1264.7666422526042,1306.433308919271,1219.5833333333335,1351.6166178385417,1177.9166666666667,1393.2832845052085,1132.733357747396,-0.34705191947663067,-60.43180966546841,-13.773964077690152,-10.643927480932613,-3.13003659675754,46.51578001029781,9.852732128632404,1270.77001953125,1289.3650024414062,1295.3399926757813,1186.5174938964844,YUKEN.BO,2025-01-10 11:06:40.026759
100,2024-08-14 00:00:00+05:30,1221.0,1289.050048828125,1221.0,1284.300048828125,734,0.0,0.0,2024-08-14,1296.6,53.07614342673724,1349.676143426737,1243.5238565732627,1402.7522868534743,1190.4477131465255,24.983754764169934,-35.736613463656504,173706,1754.4180987777572,4974.9455412286625,929.2684635316003,38.387675843212726,1264.7833658854167,1308.5667317708335,1240.5166829427085,1332.8334147135417,1196.7333170572917,1376.6167805989585,1172.4666341145835,-0.42804089861097305,-49.612732666936346,-13.63507294017927,-9.861418331743227,-3.7736546084360434,49.209003799953166,10.337438126594984,1273.3900146484375,1296.6,1291.7869921875,1181.2844940185546,YUKEN.BO,2025-01-10 11:06:40.026759
101,2024-08-13 00:00:00+05:30,1284.6500244140625,1284.6500244140625,1243.25,1251.1500244140625,1159,0.0,0.0,2024-08-13,1306.3799987792968,66.90885617133083,1373.2888549506276,1239.471142607966,1440.1977111219585,1172.562286436635,-2.5145814097578296,-41.48362853670859,172972,2698.7544075973615,5780.0774018413895,929.0576033975011,35.75570703115062,1259.683349609375,1276.11669921875,1234.7166748046875,1301.0833740234375,1218.2833251953125,1317.5167236328125,1193.316650390625,-0.447026380274621,-65.1724683236063,-15.520738748102758,-8.918004679634215,-6.602734068468543,44.95266327856731,10.379610090734044,1269.3199951171875,1306.3799987792968,1289.9269921875,1175.7384936523438,YUKEN.BO,2025-01-10 11:06:40.026759
102,2024-08-12 00:00:00+05:30,1256.5999755859375,1289.949951171875,1251.949951171875,1284.6500244140625,111,0.0,0.0,2024-08-12,1318.1199951171875,76.60478654227953,1394.724781659467,1241.515208574908,1471.3295682017465,1164.9104220326285,17.61974325327485,-27.152622426717073,174131,265.38620750055236,6550.408150402396,928.7552583595946,42.154505159437576,1275.5166422526042,1299.0833333333335,1261.0833333333335,1313.5166422526042,1237.5166422526042,1337.0833333333335,1223.0833333333335,-0.4429838717187002,-53.58756708473745,-14.435024556133612,-7.267321162517078,-7.167703393616534,48.789301279998256,10.864409574805382,1259.85,1318.1199951171875,1288.1889916992188,1170.6904931640624,YUKEN.BO,2025-01-10 11:06:40.026759
103,2024-08-09 00:00:00+05:30,1275.050048828125,1290.1500244140625,1270.0,1272.5,515,0.0,0.0,2024-08-09,1328.3674926757812,85.12606556748756,1413.4935582432688,1243.2414271082937,1498.6196238107564,1158.1153615408061,6.592172546849806,-26.148638254998993,174020,1219.6509544800947,8121.663636127857,928.7232603821057,45.61712188213678,1277.5500081380208,1285.1000162760415,1264.949991861979,1297.7000325520833,1257.3999837239583,1305.250040690104,1244.7999674479165,-0.36012842624735164,-58.82351703407868,-16.12551131708028,-5.475395314112944,-10.650116002967337,47.2737556291002,11.560125395612047,1242.9599853515624,1328.3674926757812,1286.579990234375,1164.9334930419923,YUKEN.BO,2025-01-10 11:06:40.026759
104,2024-08-08 00:00:00+05:30,1297.0,1314.699951171875,1257.449951171875,1274.3499755859375,7131,0.0,0.0,2024-08-08,1338.009991455078,89.28545646089643,1427.2954479159746,1248.7245349941816,1516.5809043768709,1159.4390785332853,3.5711718450409027,-22.387789398244497,174535,16912.573280100776,9847.166806539797,928.5797964047695,43.872023557092106,1282.1666259765625,1306.88330078125,1249.63330078125,1339.4166259765625,1224.9166259765625,1364.13330078125,1192.38330078125,-0.40429446684514697,-58.02628574915543,-16.84892739725433,-2.8128663133711096,-14.036061083883219,47.47239265745411,12.230753057000374,1237.07998046875,1338.009991455078,1285.1689892578124,1159.5169927978516,YUKEN.BO,2025-01-10 11:06:40.026759
105,2024-08-07 00:00:00+05:30,1225.0,1263.949951171875,1200.800048828125,1263.949951171875,2135,0.0,0.0,2024-08-07,1350.939990234375,97.8912540791156,1448.8312443134907,1253.0487361552593,1546.7224983926062,1155.1574820761439,-63.86125516840388,-61.28158084830118,167404,5022.249645278261,8080.815188149551,926.5701764327243,25.94580363491869,1242.8999837239583,1284.9999186197915,1221.8500162760415,1306.0498860677083,1179.7500813802083,1348.1498209635415,1158.7001139322915,0.45355304600980656,-62.508088044213586,-17.70202698340654,0.6961489575996955,-18.398175941006237,46.294416582444526,12.952967461572419,1236.639990234375,1350.939990234375,1284.5969897460936,1154.1954931640626,YUKEN.BO,2025-01-10 11:06:40.026759
106,2024-08-06 00:00:00+05:30,1225.0,1259.949951171875,1176.949951171875,1203.800048828125,1908,0.0,0.0,2024-08-06,1357.509991455078,96.13940986660644,1453.6494013216845,1261.3705815884716,1549.788811188291,1165.2311717218652,-121.72447461136287,-93.01935109592064,165269,4274.676630416579,8845.456573867374,925.9820790271184,19.26680898483974,1213.566650390625,1250.183349609375,1167.183349609375,1296.566650390625,1130.566650390625,1333.183349609375,1084.183349609375,0.49465836213372927,-91.13712125272033,-17.501795609998226,5.295692942851254,-22.79748855284948,38.9404806635662,13.195674917157454,1243.9199951171875,1357.509991455078,1283.0929907226562,1149.165493774414,YUKEN.BO,2025-01-10 11:06:40.026759
107,2024-08-05 00:00:00+05:30,1224.949951171875,1240.0,1187.550048828125,1200.199951171875,5745,0.0,0.0,2024-08-05,1360.7449890136718,91.6801259508347,1452.4251149645065,1269.064863062837,1544.1052409153413,1177.3847371120023,-180.72936015196734,-102.15894335715537,163361,12832.58583096334,9988.151559730071,925.5486199381991,15.660534306217997,1209.25,1230.949951171875,1178.5,1261.699951171875,1156.800048828125,1283.39990234375,1126.050048828125,0.5026098797289742,-96.35134002730827,-11.056406035795817,10.995065081063624,-22.05147111685944,38.47225676786891,13.375861977618605,1263.5099853515626,1360.7449890136718,1283.304990234375,1144.7929931640624,YUKEN.BO,2025-01-10 11:06:40.026759
108,2024-08-02 00:00:00+05:30,1261.4000244140625,1293.050048828125,1220.0,1243.0999755859375,3128,0.0,0.0,2024-08-02,1363.4099914550782,87.44453825004922,1450.8545297051273,1275.965453205029,1538.2990679551767,1188.5209149549796,-170.04238205478208,-60.08556695650198,169106,7236.7462084729195,9277.042991921753,924.2522581812336,24.00700467898963,1252.0500081380208,1284.1000162760415,1211.0499674479165,1325.1000569661458,1178.9999593098958,1357.1500651041665,1137.9999186197915,0.5378002281813133,-93.1372616573349,-2.282277856681503,16.507932860278483,-18.790210716959987,42.03945620257203,13.172595608184364,1292.75,1363.4099914550782,1284.7779907226563,1140.5839935302733,YUKEN.BO,2025-01-10 11:06:40.026759
109,2024-08-01 00:00:00+05:30,1289.0,1333.0,1261.4000244140625,1272.1500244140625,3885,0.0,0.0,2024-08-01,1360.184991455078,93.1203600532923,1453.3053515083702,1267.0646314017858,1546.4257115616626,1173.9442713484934,-125.88720311579641,-17.82795340678867,172234,9198.13742086989,9787.11718778396,923.4307307509794,20.863355244632785,1288.8500162760417,1316.300008138021,1244.7000325520835,1360.4499918619792,1217.2500406901042,1387.8999837239585,1173.100056966146,0.5484570428261436,-92.60945093997908,4.760842602415778,21.205485539518477,-16.4446429371027,44.64218763909646,13.442739175155868,1310.0400146484376,1360.184991455078,1287.7869921875,1136.0744940185548,YUKEN.BO,2025-01-10 11:06:40.026759
110,2024-07-31 00:00:00+05:30,1301.75,1329.0,1285.0,1300.3499755859375,3403,0.0,0.0,2024-07-31,1355.7874877929687,99.36388359142731,1455.151371384396,1256.4236042015414,1554.5152549758234,1157.059720610114,-97.41992785788678,2.366390023887729,176119,8235.55255340025,9934.362129512478,922.3112128965466,33.60977385682767,1304.7833251953125,1324.566650390625,1280.566650390625,1348.7833251953125,1260.7833251953125,1368.566650390625,1236.566650390625,0.5707646520485864,-84.25366607453596,10.845047432847423,25.31664627379415,-14.471598840946726,47.28079858378455,14.418284957217455,1324.0300048828126,1355.7874877929687,1289.3199926757814,1131.7039935302735,YUKEN.BO,2025-01-10 11:06:40.026759
111,2024-07-30 00:00:00+05:30,1346.4000244140625,1390.0,1292.5999755859375,1301.75,2030,0.0,0.0,2024-07-30,1348.5424865722657,108.48294938812589,1457.0254359603916,1240.0595371841398,1565.5083853485175,1131.5765877960139,-57.81781224893979,26.218993283856797,179522,4918.0638661586745,10359.064523540535,921.2451439491596,81.07309469847675,1328.1166585286458,1363.633341471354,1266.2333170572915,1425.5166829427083,1230.7166341145833,1461.0333658854165,1168.833292643229,0.5411061940420965,-83.82055720707656,15.693086495293528,28.934545984030827,-13.241459488737298,47.40997817036022,15.165899748739244,1339.2,1348.5424865722657,1288.1129931640626,1126.0869940185546,YUKEN.BO,2025-01-10 11:06:40.026759
112,2024-07-29 00:00:00+05:30,1350.0,1360.0,1316.5999755859375,1346.4000244140625,1830,0.0,0.0,2024-07-29,1343.9049865722657,112.49675936505484,1456.4017459373206,1231.4082272072108,1568.8985053023753,1118.911467842156,-47.93356580631158,40.37397986695397,181552,4585.5954787360715,11719.314687886,920.6039720985674,83.6506658628509,1341.0,1365.4000244140625,1322.0,1384.4000244140625,1297.5999755859375,1408.800048828125,1278.5999755859375,0.507941020315678,-70.00771129398686,21.524390367869273,32.24491085621515,-10.720520488345876,51.58377131759945,15.836305726133755,1347.260009765625,1343.9049865722657,1287.4499926757812,1120.4324938964844,YUKEN.BO,2025-01-10 11:06:40.026759
113,2024-07-26 00:00:00+05:30,1342.0999755859375,1365.0,1317.4000244140625,1329.550048828125,2103,0.0,0.0,2024-07-26,1338.5549865722655,114.89068222651278,1453.4456687987783,1223.6643043457527,1568.3363510252912,1108.77362211924,-59.67668684838561,39.783320237528244,179722,5203.726983014146,13502.744490173483,919.9561867240428,83.61090072282224,1337.3166910807292,1357.233357747396,1309.6333821614585,1384.9166666666667,1289.7167154947917,1404.8333333333335,1262.033406575521,0.5108938245555549,-71.78917549366943,24.26674837049586,34.92504097830162,-10.658292607805755,50.04258595829645,17.028310702403868,1338.15,1338.5549865722655,1285.1069921875,1114.450493774414,YUKEN.BO,2025-01-10 11:06:40.026759
114,2024-07-25 00:00:00+05:30,1371.050048828125,1386.800048828125,1328.75,1342.0999755859375,1247,0.0,0.0,2024-07-25,1331.9574829101562,119.1448021071631,1451.1022850173192,1212.812680802993,1570.2470871244823,1093.66787869583,-56.598124200656606,55.69703002236658,181825,3114.740442505094,15577.498866963317,919.2388367692179,84.8080515982259,1352.5500081380208,1376.3500162760415,1318.2999674479165,1410.6000569661458,1294.4999593098958,1434.4000651041665,1260.2499186197915,0.49957740306098203,-59.02226885216399,29.069586918375308,37.589614130253054,-8.520027211877746,51.16908467841427,18.299503684047956,1339.5699951171875,1331.9574829101562,1282.8359912109374,1108.8009930419921,YUKEN.BO,2025-01-10 11:06:40.026759
115,2024-07-24 00:00:00+05:30,1342.050048828125,1409.0,1342.050048828125,1376.199951171875,2952,0.0,0.0,2024-07-24,1327.6574829101562,120.30572563128085,1447.963208541437,1207.3517572788753,1568.268934172718,1087.0460316475944,-46.99303360309545,79.28160532437487,183072,7560.811856447408,18693.18847307787,918.7992406613284,84.30633624790232,1375.75,1409.449951171875,1342.5,1442.699951171875,1308.800048828125,1476.39990234375,1275.550048828125,0.49083817193532314,-47.61328404377849,33.54224974340059,39.719620933222494,-6.177371189821905,54.25027761456211,19.49988811296506,1352.339990234375,1327.6574829101562,1280.2059912109376,1102.7549932861327,YUKEN.BO,2025-01-10 11:06:40.026759
116,2024-07-23 00:00:00+05:30,1350.0,1350.0,1249.449951171875,1342.050048828125,2281,0.0,0.0,2024-07-23,1322.1924865722656,120.46699889054847,1442.659485462814,1201.7254876817171,1563.1264843533625,1081.2584887911687,-101.60842488110633,29.25216772433817,180120,5697.240296935994,21476.282627235487,917.6708151393163,84.2401992191053,1313.8333333333333,1378.2167154947915,1277.6666666666665,1414.3833821614583,1213.2832845052083,1478.7667643229165,1177.1166178385415,0.49667982901591967,-55.2124242594255,35.402066677683024,41.263963730677965,-5.861897052994941,51.5364774243385,20.600605570649474,1373.0800048828125,1322.1924865722656,1277.1159912109374,1096.3744940185547,YUKEN.BO,2025-01-10 11:06:40.026759
117,2024-07-22 00:00:00+05:30,1318.0,1338.0,1285.0,1300.8499755859375,2078,0.0,0.0,2024-07-22,1317.4049865722657,121.5341829357216,1438.9391695079873,1195.870803636544,1560.4733524437088,1074.3366207008226,-93.77249155760863,25.863725375572162,177839,5030.872330726655,25421.043209810356,916.8602875627593,81.34835510740436,1307.9499918619792,1330.8999837239585,1277.8999837239585,1360.9499918619792,1254.9499918619792,1383.8999837239585,1224.8999837239585,0.4813605717928839,-62.82644008849323,40.6100489428884,42.7294379939267,-2.119389051038304,48.086710286001974,21.773123377024366,1401.8599853515625,1317.4049865722657,1274.594990234375,1090.1369934082031,YUKEN.BO,2025-01-10 11:06:40.026759
118,2024-07-19 00:00:00+05:30,1340.0,1409.0,1335.699951171875,1336.6500244140625,8165,0.0,0.0,2024-07-19,1315.1999877929688,122.2483049995949,1437.4482927925637,1192.951682793374,1559.6965977921586,1070.703377793779,-36.73114149258792,72.7731834891401,179917,20311.61423471605,30518.58592958128,916.1910045616679,79.50982591977912,1360.4499918619792,1385.2000325520835,1311.8999837239585,1433.7500406901042,1287.1499430338542,1458.5000813802085,1238.5999348958335,0.48936708679593816,-54.55279717932066,50.720123617755235,43.259285256686276,7.460838361068959,51.01685888733879,23.37684846543019,1439.6099853515625,1315.1999877929688,1273.6589916992189,1084.5939935302733,YUKEN.BO,2025-01-10 11:06:40.026759
119,2024-07-18 00:00:00+05:30,1465.4000244140625,1479.9000244140625,1405.949951171875,1405.949951171875,5752,0.0,0.0,2024-07-18,1310.7499877929688,123.0436715179338,1433.7936593109025,1187.706316275035,1556.8373308288365,1064.6626447571011,26.006634554522453,134.03369868750414,188082,15050.789380759395,33070.328853297586,913.2915982035901,83.20102041304767,1430.5999755859375,1455.25,1381.2999267578125,1504.550048828125,1356.64990234375,1529.2000732421875,1307.349853515625,0.5243213798640747,-38.53709702263506,59.36983375450768,41.394075666419035,17.975758088088647,57.292009577799924,24.35567837209884,1465.3499755859375,1310.7499877929688,1271.869990234375,1078.6624932861328,YUKEN.BO,2025-01-10 11:06:40.026759
120,2024-07-16 00:00:00+05:30,1534.25,1534.25,1465.4000244140625,1479.9000244140625,1116,0.0,0.0,2024-07-16,1303.9849914550782,121.24026329614689,1425.225254751225,1182.7447281589314,1546.465518047372,1061.5044648627845,69.70200235780311,197.259770191353,193834,3073.739880107406,37575.213721432134,910.8866327056069,84.58791226211848,1493.183349609375,1520.9666748046875,1452.11669921875,1562.0333251953125,1424.3333740234375,1589.816650390625,1383.2667236328125,0.5592131222496223,-21.446715329290843,62.7195481314061,36.90013614439687,25.819411987009232,65.24390481143809,24.20485560407306,1490.7499755859376,1303.9849914550782,1269.3989916992186,1072.0149938964844,YUKEN.BO,2025-01-10 11:06:40.026759
121,2024-07-15 00:00:00+05:30,1537.0,1556.5999755859375,1457.9000244140625,1485.949951171875,2984,0.0,0.0,2024-07-15,1294.669989013672,113.95086470243834,1408.6208537161103,1180.7191243112336,1522.5717184185487,1066.7682596087952,88.4088660893198,227.90480459631942,194950,8252.272125964377,46200.58218176331,910.3471937180343,85.39603644262021,1500.1499837239583,1542.399943033854,1443.699991861979,1598.8499348958333,1401.4500325520833,1641.099894205729,1345.000040690104,0.5648432795218704,-20.04853473291509,58.77493965628946,30.445283147644563,28.3296565086449,65.93917339416767,22.826226553242808,1473.8399658203125,1294.669989013672,1266.8529907226562,1064.7109936523439,YUKEN.BO,2025-01-10 11:06:40.026759
122,2024-07-12 00:00:00+05:30,1440.050048828125,1538.5999755859375,1410.0,1489.5999755859375,8582,0.0,0.0,2024-07-12,1284.969989013672,104.69222221270446,1389.6622112263765,1180.2777668009674,1494.3544334390808,1075.585544588263,101.23744236616636,238.0096129309484,197934,23791.877038578077,55687.65969571304,908.8844117147621,85.3933624932027,1479.3999837239583,1548.7999674479165,1420.199991861979,1607.9999593098958,1350.8000081380208,1677.399943033854,1291.6000162760415,0.5759288676208416,-19.204988436185175,52.23828996341922,23.362869020483338,28.875420942935882,66.33518637327242,21.34154911388715,1430.3499755859375,1284.969989013672,1265.4239916992187,1057.248994140625,YUKEN.BO,2025-01-10 11:06:40.026759
123,2024-07-11 00:00:00+05:30,1535.0,1572.699951171875,1458.0,1465.3499755859375,6898,0.0,0.0,2024-07-11,1274.794989013672,92.99292542699403,1367.787914440666,1181.8020635866778,1460.78083986766,1088.809138159684,153.53788586500042,294.36789261099267,189352,18812.005255254866,63661.60535999677,904.608824885164,90.02439194306476,1498.6833089192708,1539.3666178385415,1424.6666666666665,1613.3832600911458,1383.9833577473958,1654.0665690104165,1309.9667154947915,0.5409657621460074,-24.809333880256542,42.71843621035282,16.14401378474937,26.57442242560345,65.03987836231508,19.89304981182739,1383.12998046875,1274.794989013672,1261.3619921875,1049.1129943847657,YUKEN.BO,2025-01-10 11:06:40.026759
124,2024-07-10 00:00:00+05:30,1460.25,1534.8499755859375,1331.1500244140625,1532.949951171875,110813,0.0,0.0,2024-07-10,1266.657489013672,81.89966122147854,1348.5571502351504,1184.7578277921934,1430.456811456629,1102.8581665707147,222.13018989332528,291.50639924295723,196250,316147.11892740335,74874.00538618224,901.2706651420561,89.1673252536045,1466.316650390625,1601.4832763671875,1397.7833251953125,1670.0166015625,1262.61669921875,1805.1832275390625,1194.0833740234375,0.5861137026076734,-0.48120160353130564,32.27114714452773,9.500408178348502,22.77073896617923,72.2342022798782,17.348869185595586,1325.77998046875,1266.657489013672,1258.4889916992188,1041.075994873047,YUKEN.BO,2025-01-10 11:06:40.026759
125,2024-07-09 00:00:00+05:30,1272.550048828125,1395.3499755859375,1257.75,1395.3499755859375,16698,0.0,0.0,2024-07-09,1254.852490234375,53.63437947672822,1308.4868697111033,1201.2181107576466,1362.1212491878314,1147.5837312809185,216.7906692096354,153.4499766619673,85437,43362.882703561976,14555.727000876954,834.4724886599615,59.98592365056106,1349.4833170572917,1441.2166341145835,1303.616658528646,1487.0832926432292,1211.8833414713542,1578.816609700521,1166.0166829427085,0.03255745528857735,-0.0,11.748921167022672,3.807723436803695,7.941197730218978,64.89462733320433,14.868119614626304,1256.02998046875,1254.852490234375,1253.3249926757812,1032.6824951171875,YUKEN.BO,2025-01-10 11:06:40.026759
126,2024-07-08 00:00:00+05:30,1265.0,1281.949951171875,1234.0,1268.5,1464,0.0,0.0,2024-07-08,1249.3299926757813,43.04809911427308,1292.3780917900544,1206.2818935615082,1335.4261909043275,1163.2337944472351,93.39453158434928,29.785027638360496,68739,3456.2256442668277,7353.938075205697,825.3903993098007,41.273752958781095,1261.4833170572917,1288.9666341145835,1241.0166829427085,1309.4332682291667,1213.5333658854167,1336.9165852864585,1193.0667317708335,-0.23826900850028276,-28.41225626740947,-1.1522481505171527,1.8224240042489508,-2.9746721547661035,54.62774842269435,13.455542855894324,1208.0499755859375,1249.3299926757813,1251.0629931640624,1025.6679956054688,YUKEN.BO,2025-01-10 11:06:40.026759
127,2024-07-05 00:00:00+05:30,1182.0,1263.0,1182.0,1253.5,3223,0.0,0.0,2024-07-05,1251.822491455078,45.58488655736282,1297.4073780124409,1206.2376048977153,1342.9922645698036,1160.6527183403525,25.407564945596384,-13.479735439712888,67275,7518.915147467822,8328.366182940414,824.7604254275188,40.64270774486564,1232.8333333333333,1283.6666666666665,1202.6666666666665,1313.8333333333333,1151.8333333333333,1364.6666666666665,1121.6666666666665,-0.1458420443141949,-36.768802228412255,-5.159395391017142,2.5660920429404763,-7.7254874339576185,53.122366718179755,13.60205650049527,1196.1499755859375,1251.822491455078,1249.2819921875,1019.9679956054688,YUKEN.BO,2025-01-10 11:06:40.026759
128,2024-07-04 00:00:00+05:30,1190.0,1190.0,1160.0,1178.5999755859375,2703,0.0,0.0,2024-07-04,1251.259991455078,45.63248277456264,1296.8924742296408,1205.6275086805153,1342.5249570042033,1159.9950259059528,-110.242346695178,-101.81198091212914,64052,5929.021338965424,8530.728941808562,823.4142997245655,31.991495213516842,1176.1999918619792,1192.3999837239585,1162.3999837239585,1206.1999918619792,1146.1999918619792,1222.3999837239585,1132.3999837239585,-0.22909642834710206,-78.49583532816852,-8.734312761187311,4.497463901429881,-13.231776662617193,44.59972810059842,14.120848638176852,1193.32998046875,1251.259991455078,1244.8869921875,1014.3544958496094,YUKEN.BO,2025-01-10 11:06:40.026759
129,2024-07-03 00:00:00+05:30,1161.5,1200.0,1154.949951171875,1184.199951171875,2545,0.0,0.0,2024-07-03,1251.202490234375,45.729481571946565,1296.9319718063216,1205.4730086624286,1342.661453378268,1159.743527090482,-132.50379254416913,-102.92672181670133,66755,5608.973206765276,9181.155842519345,822.4765686589637,45.447357243278155,1179.7166341145833,1204.4833170572915,1159.4332682291665,1224.7666829427083,1134.6665852864583,1249.5333658854165,1114.3832194010415,-0.19867079032079107,-81.3462923485416,-5.802434675229506,7.805408067084178,-13.607842742313684,45.16986442201019,14.056138510023542,1197.12998046875,1251.202490234375,1241.6199926757813,1009.3629962158203,YUKEN.BO,2025-01-10 11:06:40.026759
130,2024-07-02 00:00:00+05:30,1218.1500244140625,1232.9000244140625,1140.0,1155.449951171875,7010,0.0,0.0,2024-07-02,1246.1724914550782,57.5041276016015,1303.6766190566798,1188.6683638534766,1361.1807466582811,1131.1642362518753,-182.7807267239201,-115.17356754255515,64210,15074.38824569523,10074.201501457863,821.5751592345631,45.9562049078556,1176.1166585286458,1212.2333170572915,1119.333292643229,1269.0166829427083,1083.2166341145833,1305.133341471354,1026.4332682291665,-0.23630994070570024,-93.47965631751991,-2.512339347501211,11.207368752662598,-13.719708100163809,41.611600059670806,13.986450679704593,1211.5099853515626,1246.1724914550782,1239.4779931640626,1004.4974969482422,YUKEN.BO,2025-01-10 11:06:40.026759
131,2024-07-01 00:00:00+05:30,1239.300048828125,1263.5999755859375,1202.0999755859375,1209.0,7061,0.0,0.0,2024-07-01,1247.9649963378906,55.03296299420867,1302.9979593320993,1192.932033343682,1358.030922326308,1137.8990703494733,-111.09279984837045,-44.01880146277082,71220,15887.773957704221,8824.15481539852,819.2676117996934,48.50769432415742,1224.8999837239583,1247.699991861979,1186.199991861979,1286.3999837239583,1163.3999837239583,1309.199991861979,1124.699991861979,-0.20148558962809013,-89.38267081407103,4.569484812203882,14.63729577770355,-10.067810965499667,46.87268980738511,13.911402247053415,1233.8,1247.9649963378906,1236.2959936523437,999.8699975585937,YUKEN.BO,2025-01-10 11:06:40.026759
132,2024-06-28 00:00:00+05:30,1207.3499755859375,1245.8499755859375,1207.3499755859375,1239.4000244140625,2151,0.0,0.0,2024-06-28,1245.7274963378907,57.55259144092653,1303.2800877788172,1188.174904896964,1360.8326792197438,1130.6223134560375,-123.41578480725258,-38.66023755285898,78281,4961.608017784997,7058.250029822096,816.5353915887903,51.76585750733796,1230.8666585286458,1254.383341471354,1215.883341471354,1269.3666585286458,1192.3666585286458,1292.883341471354,1177.383341471354,-0.1607774227232122,-73.20383089192582,8.293262680386988,17.154248519078465,-8.860985838691477,50.21976439645866,14.890555299619244,1241.260009765625,1245.7274963378907,1230.908994140625,994.7904974365234,YUKEN.BO,2025-01-10 11:06:40.026759
133,2024-06-27 00:00:00+05:30,1269.9000244140625,1273.0999755859375,1189.050048828125,1197.5999755859375,3332,0.0,0.0,2024-06-27,1243.9674926757812,58.2897764343275,1302.2572691101086,1185.6777162414537,1360.547045544436,1127.3879398071263,-175.292014303434,-57.47287002704168,76130,7426.553451350908,7582.41053283137,815.630381872669,58.723830448773676,1219.9166666666667,1250.7832845052085,1166.733357747396,1303.9665934244792,1135.8667399088542,1334.833211263021,1082.6834309895835,-0.1783228912497003,-95.44974390557638,9.94122947568485,19.369494978751334,-9.428265503066484,45.22587426414576,15.72359020127293,1244.7300048828124,1243.9674926757812,1224.318994140625,989.0789971923828,YUKEN.BO,2025-01-10 11:06:40.026759
134,2024-06-26 00:00:00+05:30,1290.0,1292.800048828125,1242.050048828125,1256.0999755859375,3228,0.0,0.0,2024-06-26,1244.184991455078,58.11551280224465,1302.3005042573227,1186.0694786528334,1360.4160170595674,1127.9539658505887,-52.89020629072679,3.229027408689453,79462,7546.199337322648,7621.374803201485,814.359844510679,74.08547173504851,1263.6500244140625,1285.25,1234.5,1314.4000244140625,1212.9000244140625,1336.0,1183.75,-0.160760687459026,-76.03020617179088,16.017173144015032,21.726561354517955,-5.709388210502922,52.005867881025615,16.62070471074613,1254.7400146484374,1244.184991455078,1218.8669946289062,983.8879974365234,YUKEN.BO,2025-01-10 11:06:40.026759
135,2024-06-25 00:00:00+05:30,1255.949951171875,1279.0999755859375,1236.25,1266.9000244140625,3514,0.0,0.0,2024-06-25,1243.6674926757812,58.04987422003007,1301.7173668958112,1185.6176184557512,1359.7672411158414,1127.567744235721,-77.39123401736819,-1.3039528200262909,82690,8285.422161195165,7640.168669671193,812.9317538067866,74.0635953238153,1260.75,1285.25,1242.4000244140625,1303.5999755859375,1217.9000244140625,1328.0999755859375,1199.550048828125,-0.09479619219046445,-29.05225660937718,17.792174156589,23.153908407143685,-5.3617342505546866,53.37764945574464,17.043881657203634,1257.6500244140625,1243.6674926757812,1210.405994873047,978.2574975585937,YUKEN.BO,2025-01-10 11:06:40.026759
136,2024-06-24 00:00:00+05:30,1258.1500244140625,1292.550048828125,1236.949951171875,1246.300048828125,1979,0.0,0.0,2024-06-24,1239.759991455078,59.02576564843393,1298.785757103512,1180.7342258066442,1357.8115227519459,1121.7084601582103,-111.89825855609688,-4.667703072121681,79176,4590.277553652986,7478.8552967902,811.3284575500713,69.06003834560761,1258.6000162760417,1280.2500813802085,1224.6499837239585,1314.2001139322917,1202.9999186197917,1335.8501790364585,1169.0498860677085,-0.11154587374820671,-34.49047719253695,18.73149376299989,24.494341969782354,-5.762848206782465,51.0927635334707,17.769529588737285,1262.9900146484374,1239.759991455078,1201.7479943847657,972.5309973144531,YUKEN.BO,2025-01-10 11:06:40.026759
137,2024-06-21 00:00:00+05:30,1257.699951171875,1271.3499755859375,1234.5,1256.75,853,0.0,0.0,2024-06-21,1238.164990234375,59.2702349179234,1297.4352251522982,1178.8947553164517,1356.7054600702218,1119.6245203985281,-177.75640182157463,-6.371217662579021,81155,1995.1174402465274,8200.999732574503,810.4615797595204,69.10268865720704,1254.1999918619792,1273.8999837239585,1237.050008138021,1291.0499674479167,1217.3500162760417,1310.749959309896,1200.2000325520835,-0.1260114100252532,-31.731777828121228,21.679082464322846,25.93505402147797,-4.255971557155124,52.30012545242077,18.53546359719057,1272.1199951171875,1238.164990234375,1193.5709936523438,967.0269970703125,YUKEN.BO,2025-01-10 11:06:40.026759
138,2024-06-20 00:00:00+05:30,1268.050048828125,1299.449951171875,1243.5,1247.6500244140625,3809,0.0,0.0,2024-06-20,1239.0199890136719,59.674401340057834,1298.6943903537297,1179.345587673614,1358.3687916937874,1119.6711863335563,-125.1399641105566,11.662241493165782,80302,8844.520482646509,9752.470305656496,810.0778821762361,69.17864735744608,1263.5333251953125,1283.566650390625,1227.61669921875,1319.4832763671875,1207.5833740234375,1339.5166015625,1171.666748046875,-0.17764125342014445,-34.134094973170626,24.095256406448243,26.99904691076675,-2.9037905043185077,51.370913887120196,19.755413854536513,1277.989990234375,1239.0199890136719,1185.5569934082032,961.7494970703125,YUKEN.BO,2025-01-10 11:06:40.026759
139,2024-06-19 00:00:00+05:30,1319.5,1319.5,1266.699951171875,1270.6500244140625,1518,0.0,0.0,2024-06-19,1246.314990234375,68.9776357157034,1315.2926259500784,1177.3373545186716,1384.2702616657818,1108.3597188029682,22.52897831028327,41.10605126106766,84111,3589.783529710587,9979.457761408992,808.3915016301432,71.45149543339781,1285.6166585286458,1304.5333658854165,1251.7333170572915,1338.4167073567708,1232.8166097005208,1357.3334147135415,1198.9332682291665,-0.0905864058583614,-28.062288096949885,27.7198213005654,27.724994536846374,-0.005173236280974436,53.832076222884155,20.891841722776146,1288.97998046875,1246.314990234375,1176.7439929199218,956.4004968261719,YUKEN.BO,2025-01-10 11:06:40.026759
140,2024-06-18 00:00:00+05:30,1280.0,1303.199951171875,1273.050048828125,1293.5999755859375,983,0.0,0.0,2024-06-18,1250.2224914550782,72.54979864322577,1322.772290098304,1177.6726928118524,1395.3220887415298,1105.1228941686265,39.18094379106907,48.55618938224328,85629,2366.595620386222,11576.876319333593,807.6804204312749,73.94968623562461,1289.9499918619792,1306.8499348958335,1276.7000325520835,1320.0998942057292,1259.8000895182292,1336.9998372395835,1246.5501302083335,-0.0740519079698685,-22.003693691109845,29.6752139104492,27.72628784591662,1.948926064532582,56.332732234728724,21.65694637155274,1294.219970703125,1250.2224914550782,1167.7129919433594,950.8359967041016,YUKEN.BO,2025-01-10 11:06:40.026759
141,2024-06-14 00:00:00+05:30,1298.949951171875,1305.800048828125,1260.4000244140625,1291.949951171875,4758,0.0,0.0,2024-06-14,1247.5424926757812,71.84971073199831,1319.3922034077796,1175.6927819437828,1391.241914139778,1103.8430712117845,41.61656857103608,47.845245972557834,84646,11440.385727344032,13879.446494070435,807.1958987433704,75.169801559555,1286.0500081380208,1311.699991861979,1266.2999674479165,1331.4500325520833,1240.6499837239583,1357.1000162760415,1220.899943033854,-0.08849829722677247,-22.43928628168536,29.468862077230142,27.23905632978347,2.2298057474466724,56.196890149289445,22.744554928867956,1292.47998046875,1247.5424926757812,1158.0049926757813,945.1574969482422,YUKEN.BO,2025-01-10 11:06:40.026759
142,2024-06-13 00:00:00+05:30,1308.4000244140625,1376.949951171875,1260.050048828125,1286.0999755859375,8539,0.0,0.0,2024-06-13,1246.3749938964843,71.27757891422608,1317.6525728107104,1175.0974149822582,1388.9301517249364,1103.8198360680321,70.2161228647761,69.08696488506209,79888,20438.653614481475,14489.211685752034,804.8449543929163,75.50595126993272,1307.6999918619792,1355.3499348958335,1238.4500325520835,1424.5998942057292,1190.8000895182292,1472.2498372395835,1121.5501302083335,-0.10037943443461768,-23.983630715964434,28.920673694005245,26.681604892921797,2.239068801083448,55.74363652574575,23.915825682899726,1297.7599853515626,1246.3749938964843,1148.5199938964843,939.6579974365235,YUKEN.BO,2025-01-10 11:06:40.026759
143,2024-06-12 00:00:00+05:30,1320.0,1324.25,1276.0,1302.5999755859375,2771,0.0,0.0,2024-06-12,1243.5324951171874,70.74154854528813,1314.2740436624756,1172.7909465718992,1385.0155922077636,1102.0493980266112,78.35758331223724,65.34715876046371,88427,6717.661736249241,13001.851203569673,800.6194820715316,67.87093536578395,1300.9499918619792,1325.8999837239585,1277.6499837239585,1349.1999918619792,1252.6999918619792,1374.1499837239585,1229.3999837239585,-0.0815970963420054,-10.94047888988675,28.35676837934011,26.12183769265093,2.2349306866891787,57.2964064816307,25.177194187241636,1288.989990234375,1243.5324951171874,1139.1619946289063,934.0924975585938,YUKEN.BO,2025-01-10 11:06:40.026759
144,2024-06-11 00:00:00+05:30,1272.1500244140625,1325.050048828125,1256.5,1296.8499755859375,3749,0.0,0.0,2024-06-11,1239.2024963378906,69.5765615294627,1308.7790578673532,1169.625934808428,1378.3556193968159,1100.0493732789653,90.33758386760282,61.46510393317261,85656,9048.481828397955,14572.89857039978,799.1851308168723,58.777011296327444,1292.8000081380208,1329.1000162760415,1260.5499674479165,1361.3500569661458,1224.2499593098958,1397.6500651041665,1191.9999186197915,-0.09978901663694385,-12.953539291768125,25.58015069042267,25.563105020978632,0.017045669444037514,56.90798084741341,26.905032442761716,1263.9599853515624,1239.2024963378906,1129.5499951171876,928.4109979248046,YUKEN.BO,2025-01-10 11:06:40.026759
145,2024-06-10 00:00:00+05:30,1332.0,1340.0,1273.0,1284.9000244140625,3692,0.0,0.0,2024-06-10,1234.8899963378906,68.47972407397634,1303.3697204118669,1166.4102722639143,1371.8494444858434,1097.9305481899378,130.05289427168634,67.13850985061012,81907,8828.797781397363,15954.002755900236,797.2537552403678,66.7598717006725,1299.3000081380208,1325.6000162760415,1258.6000162760415,1366.3000081380208,1232.3000081380208,1392.6000162760415,1191.6000162760415,-0.09588199928439738,-33.05707567561868,22.203948487332582,25.55884360361762,-3.3548951162850393,56.13805892572564,28.7657813333218,1221.3099853515625,1234.8899963378906,1118.9299951171874,922.8374981689453,YUKEN.BO,2025-01-10 11:06:40.026759
146,2024-06-07 00:00:00+05:30,1277.199951171875,1332.0,1260.4000244140625,1318.3499755859375,9447,0.0,0.0,2024-06-07,1231.7299926757812,67.50175104790038,1299.2317437236816,1164.2282416278808,1366.733494771582,1096.7264905799805,191.04692069904874,70.57597543437942,85599,23179.02536764581,17735.303999525953,795.3828838777341,71.39684755507795,1303.5833333333333,1346.766642252604,1275.1666666666665,1375.1833089192708,1231.9833577473958,1418.3666178385415,1203.566691080729,-0.08470478560936331,-25.248051961745695,18.721852244434785,26.39756738268888,-7.675715138254095,58.87208592038312,30.956974044236443,1202.589990234375,1231.7299926757812,1108.2529943847655,917.374497680664,YUKEN.BO,2025-01-10 11:06:40.026759
147,2024-06-06 00:00:00+05:30,1225.9000244140625,1295.1500244140625,1218.0,1242.25,22452,0.0,0.0,2024-06-06,1226.6124938964845,64.39756323079628,1291.0100571272808,1162.2149306656881,1355.407620358077,1097.8173674348918,134.7526730587137,43.328362069750675,76152,51908.03381837825,16374.373657495986,790.1981070796405,65.83143188276411,1251.8000081380208,1285.6000162760415,1208.449991861979,1328.9500325520833,1174.6499837239583,1362.750040690104,1131.2999674479165,-0.19206146826046058,-43.01389296169924,10.685736071912288,28.316496167252403,-17.630760095340115,54.15539409946587,33.25200508141066,1171.7699951171876,1226.6124938964845,1096.6629943847656,911.585498046875,YUKEN.BO,2025-01-10 11:06:40.026759
148,2024-06-05 00:00:00+05:30,1070.5,1182.0,998.1500244140625,1177.449951171875,3576,0.0,0.0,2024-06-05,1227.2024963378906,64.60210303611832,1291.8045993740088,1162.6003933017723,1356.4067024101273,1097.9982902656538,-142.29644010151682,-21.7401074432802,53700,7836.290115420468,7490.958617275419,779.2897196495031,52.88720608932323,1119.1999918619792,1240.249959309896,1056.3999837239585,1303.0499674479167,935.3500162760417,1424.0999348958335,872.550008138021,-0.15113972269985987,-58.14172126132396,7.729861657647689,32.724186191087426,-24.994324533439737,49.58369663996024,35.2259383767556,1164.1599853515625,1227.2024963378906,1086.4129943847656,906.582998046875,YUKEN.BO,2025-01-10 11:06:40.026759
149,2024-06-04 00:00:00+05:30,1177.3499755859375,1180.0999755859375,1072.199951171875,1083.5999755859375,4143,0.0,0.0,2024-06-04,1230.6899963378905,63.650580656977155,1294.3405769948677,1167.0394156809134,1357.9911576518448,1103.3888350239363,-146.51657762917816,-20.035087612661776,50124,8355.154013703162,7404.625742739156,777.7535294185666,52.69957860038679,1111.9666341145833,1151.7333170572915,1043.833292643229,1219.8666585286458,1004.0666097005208,1259.633341471354,935.9332682291665,-0.23615624628369855,-96.78238135959366,10.210150562493027,38.972767324447354,-28.762616761954327,41.775108550370355,35.50524226095517,1169.0599853515625,1230.6899963378905,1077.6949951171875,902.4004986572265,YUKEN.BO,2025-01-10 11:06:40.026759
150,2024-06-03 00:00:00+05:30,1209.0,1209.0,1177.550048828125,1191.300048828125,2194,0.0,0.0,2024-06-03,1240.6299987792968,54.30852979895829,1294.938528578255,1186.3214689803385,1349.2470583772133,1132.0129391813803,-56.67923873964541,20.051193062997072,54267,4864.389280525135,7166.993674998153,776.3802667469427,58.86845044796647,1192.61669921875,1207.683349609375,1176.2333984375,1224.066650390625,1161.166748046875,1239.13330078125,1144.783447265625,-0.22774976390564497,-70.12520395094332,22.47377333833424,46.163421514935926,-23.689648176601686,50.032672809617225,36.63133769582948,1201.489990234375,1240.6299987792968,1070.7819958496093,898.5204986572265,YUKEN.BO,2025-01-10 11:06:40.026759
151,2024-05-31 00:00:00+05:30,1207.550048828125,1211.1500244140625,1159.0,1164.25,823,0.0,0.0,2024-05-31,1248.6949951171875,58.41857139591537,1307.113566513103,1190.276423721272,1365.5321379090183,1131.8578523253568,-84.14560169510565,16.785631332629094,52073,1783.2680219720212,7742.644773616406,775.3913268579826,53.643017768589495,1178.1333414713542,1197.2666829427085,1145.116658528646,1230.2833658854167,1125.9833170572917,1249.416707356771,1092.9666341145835,-0.2829699686725416,-78.19021494054623,27.22758962842545,52.085833559086346,-24.858243930660898,47.61785403269968,39.434997474650906,1200.97998046875,1248.6949951171875,1061.5499951171876,893.6544982910157,YUKEN.BO,2025-01-10 11:06:40.026759
152,2024-05-30 00:00:00+05:30,1201.5999755859375,1221.0,1187.5,1204.199951171875,1588,0.0,0.0,2024-05-30,1261.2074951171876,65.72308314904195,1326.9305782662295,1195.4844119681457,1392.6536614152715,1129.7613288191037,-69.33255815830773,29.61778802737596,52896,3558.931616598588,9232.488961527502,775.0433509182159,51.01288640297344,1204.2333170572917,1220.9666341145835,1187.4666341145835,1237.7333170572917,1170.7333170572917,1254.4666341145835,1153.9666341145835,-0.13372288941682905,-66.27907950110587,35.565395753684925,58.300394541751565,-22.73499878806664,50.99784117243969,42.45432339030475,1211.0099853515626,1261.2074951171876,1053.1919946289063,889.1619982910156,YUKEN.BO,2025-01-10 11:06:40.026759
153,2024-05-29 00:00:00+05:30,1241.949951171875,1242.0,1185.0,1201.949951171875,2419,0.0,0.0,2024-05-29,1265.3224975585938,64.53156524581256,1329.8540628044063,1200.7909323127813,1394.3856280502189,1136.2593670669687,-72.75033732187983,33.955062346929246,51308,5411.190113705213,10650.878297759731,774.3010595425081,48.35281861194952,1209.6499837239583,1234.2999674479165,1177.2999674479165,1266.6499837239583,1152.6499837239583,1291.2999674479165,1120.2999674479165,-0.14549845929410313,-66.94992023939464,41.76697968116264,63.98414423876822,-22.217164557605585,50.81525971813704,45.235692548004394,1224.939990234375,1265.3224975585938,1043.2869958496094,884.2389990234375,YUKEN.BO,2025-01-10 11:06:40.026759
154,2024-05-28 00:00:00+05:30,1091.0999755859375,1256.75,1091.0999755859375,1245.75,4720,0.0,0.0,2024-05-28,1271.3099975585938,63.89443179091661,1335.2044293495103,1207.4155657676772,1399.098861140427,1143.5211339767604,-94.91701241678685,32.02811177476467,53727,10943.177268637437,11960.800343773359,773.1713231496967,48.535253571471046,1197.8666585286458,1304.633341471354,1138.9833170572915,1363.5166829427083,1032.2166341145833,1470.2833658854165,973.333292643229,-0.171667471398215,-53.89087264253091,49.295644259809706,69.53843537816961,-20.242791118359904,54.484909251220145,48.231013179373235,1263.260009765625,1271.3099975585938,1033.8649963378907,879.3479992675781,YUKEN.BO,2025-01-10 11:06:40.026759
155,2024-05-27 00:00:00+05:30,1190.1500244140625,1221.9000244140625,1156.9000244140625,1188.75,4795,0.0,0.0,2024-05-27,1272.7599975585938,63.612287792366956,1336.3722853509607,1209.1477097662269,1399.9845731433277,1145.53542197386,-109.69795028307223,31.50884139404509,49007,10608.39498106354,12215.206112557338,770.7227424086876,40.95660651181246,1189.183349609375,1221.4666748046875,1156.4666748046875,1254.183349609375,1124.183349609375,1286.4666748046875,1091.4666748046875,-0.1901919785732706,-88.18620976625978,53.87407146061378,74.59913315775958,-20.725061697145804,50.13322052746843,51.45674309007814,1283.87001953125,1272.7599975585938,1023.7939965820312,873.8474993896484,YUKEN.BO,2025-01-10 11:06:40.026759
156,2024-05-24 00:00:00+05:30,1276.0,1276.0,1202.75,1214.4000244140625,4225,0.0,0.0,2024-05-24,1277.4349975585938,60.471484346339736,1337.9064819049336,1216.963513212254,1398.3779662512732,1156.4920288659143,-55.497652902991284,48.099917045776,53802,9549.02478355188,12616.908895430788,768.5107505085471,40.58814695386677,1231.0500081380208,1259.3500162760415,1186.1000162760415,1304.3000081380208,1157.8000081380208,1332.6000162760415,1112.8500162760415,-0.14092717143120087,-82.9325417735826,64.53320823345166,79.78039858204602,-15.247190348594359,52.21945228667694,53.815493903134424,1294.12001953125,1277.4349975585938,1015.2379968261719,868.4679992675781,YUKEN.BO,2025-01-10 11:06:40.026759
157,2024-05-23 00:00:00+05:30,1324.8499755859375,1341.300048828125,1261.5999755859375,1273.8499755859375,8491,0.0,0.0,2024-05-23,1275.6874938964843,62.847264336491754,1338.534758232976,1212.8402295599926,1401.3820225694678,1149.9929652235007,40.54078115595756,70.89580843021412,58027,20130.18026123837,13383.879923400513,766.4220619718283,55.827082877682685,1292.25,1322.9000244140625,1243.199951171875,1371.9500732421875,1212.5499267578125,1402.60009765625,1163.4998779296875,-0.03195177845256044,-66.99216147126883,74.67621869375421,83.59219616919461,-8.9159774754404,57.3563154742118,55.45641853326778,1304.960009765625,1275.6874938964843,1006.28099609375,862.8584991455078,YUKEN.BO,2025-01-10 11:06:40.026759
158,2024-05-22 00:00:00+05:30,1366.0999755859375,1426.5,1292.0,1393.550048828125,9478,0.0,0.0,2024-05-22,1263.6824951171875,82.93744269742596,1346.6199378146134,1180.7450524197616,1429.5573805120393,1097.8076097223357,185.31218173566194,99.8800733102937,66518,24581.581194221042,11697.304838941047,761.5996867689668,69.49247205924654,1370.683349609375,1449.36669921875,1314.86669921875,1505.183349609375,1236.183349609375,1583.86669921875,1180.36669921875,-0.003966681730500499,-28.669740277656736,80.67596842988473,85.82119053805471,-5.145222108169975,70.28250528081318,55.89476729543011,1296.0400146484376,1263.6824951171875,996.3899963378906,856.7074993896484,YUKEN.BO,2025-01-10 11:06:40.026759
159,2024-05-21 00:00:00+05:30,1369.9000244140625,1381.5999755859375,1310.050048828125,1348.800048828125,3480,0.0,0.0,2024-05-21,1244.7674926757813,94.14192684136873,1338.9094195171501,1150.6255658344126,1433.051346358519,1056.4836389930438,249.1130069353824,97.47905074842527,57040,8735.692874292947,8476.235750121046,754.8239083184244,62.322497663704596,1346.8166910807292,1383.5833333333335,1312.033406575521,1418.3666178385417,1275.2667643229167,1455.133260091146,1240.4834798177085,-0.08644236694726892,-42.99661829839403,75.34645946320165,87.1074960650972,-11.76103660189554,67.76021146947029,55.598271479670146,1260.5300048828126,1244.7674926757813,984.3619958496093,849.5104986572265,YUKEN.BO,2025-01-10 11:06:40.026759
160,2024-05-17 00:00:00+05:30,1294.0,1294.0,1230.0,1240.0,1823,0.0,0.0,2024-05-17,1231.1824890136718,97.8693873046054,1329.0518763182772,1133.3131017090664,1426.9212636228826,1035.443714404461,18.163980660248278,72.5422236769679,53560,4207.0618202397145,8411.37146907807,752.4763258547065,66.7843745680928,1254.6666666666667,1279.3333333333335,1215.3333333333335,1318.6666666666667,1190.6666666666667,1343.3333333333335,1151.3333333333335,-0.04152085501580946,-77.82935635897077,71.78865693065745,90.04775521557107,-18.25909828491362,60.11816259178077,55.59080528108795,1232.889990234375,1231.1824890136718,974.0879943847656,842.7884979248047,YUKEN.BO,2025-01-10 11:06:40.026759
161,2024-05-16 00:00:00+05:30,1234.550048828125,1288.5,1221.9000244140625,1268.5999755859375,2107,0.0,0.0,2024-05-16,1218.9999877929688,110.99791761895503,1329.9979054119237,1108.0020701740139,1440.995823030879,997.0041525550587,-4.637300860367154,77.9315341028756,55383,4974.618427083519,9462.448881287659,751.4648509852535,72.06636712510677,1259.6666666666667,1297.433308919271,1230.8333333333335,1326.2666422526042,1193.0666910807292,1364.0332845052085,1164.233357747396,-0.01675932197396134,-68.6729683899028,76.86104096781173,94.61252978679947,-17.75148881898774,63.810146709541925,56.34338314416607,1229.22998046875,1218.9999877929688,964.0609948730469,837.282998046875,YUKEN.BO,2025-01-10 11:06:40.026759
162,2024-05-15 00:00:00+05:30,1290.0,1290.0,1221.5,1229.25,2996,0.0,0.0,2024-05-15,1202.552490234375,126.54436632661296,1329.096856560988,1076.008123907762,1455.6412228876009,949.4637575811491,-37.04792215374862,78.17611254412274,53276,6854.133608470125,10584.406494838693,750.2218142857538,75.80216829501713,1246.9166666666667,1272.3333333333335,1203.8333333333335,1315.4166666666667,1178.4166666666667,1340.8333333333335,1135.3333333333335,0.00279943689914413,-81.2710086209356,79.37400413240425,99.0504019915464,-19.676397859142142,60.72894050347965,57.20880825588638,1218.7099853515624,1202.552490234375,953.4149951171875,831.382998046875,YUKEN.BO,2025-01-10 11:06:40.026759
163,2024-05-14 00:00:00+05:30,1236.8499755859375,1269.9000244140625,1200.0,1216.0,2802,0.0,0.0,2024-05-14,1186.5849914550781,142.18030522965554,1328.7652966847336,1044.4046862254227,1470.9456019143893,902.224380995767,-68.30202177536648,76.85983935128574,50280,6341.21160613443,11516.974716430834,748.5789368467393,78.71077175674255,1228.6333414713542,1257.2666829427085,1187.366658528646,1298.5333658854167,1158.7333170572917,1327.166707356771,1117.4666341145835,-0.03198045050288287,-57.87021615213365,85.26409844428713,103.96950145633193,-18.705403012044798,59.65492404402877,58.140804530046715,1223.6699951171875,1186.5849914550781,943.7939953613281,825.9024981689453,YUKEN.BO,2025-01-10 11:06:40.026759
164,2024-05-13 00:00:00+05:30,1210.449951171875,1231.4000244140625,1170.75,1210.5999755859375,3441,0.0,0.0,2024-05-13,1172.0349914550782,153.45442658560455,1325.4894180406827,1018.5805648694736,1478.9438446262873,865.1261382838691,-113.81260014590855,73.46823919494048,47478,7752.75167296559,12810.915494004934,747.0748464128287,78.58801239234602,1204.25,1237.75,1177.0999755859375,1264.9000244140625,1143.5999755859375,1298.4000244140625,1116.449951171875,0.04723048984428019,-59.0401922233896,92.81824800352706,108.64585220934312,-15.827604205816058,59.23299411459131,59.32755496781694,1229.9099853515625,1172.0349914550782,934.7659948730469,820.5859979248047,YUKEN.BO,2025-01-10 11:06:40.026759
165,2024-05-10 00:00:00+05:30,1245.8499755859375,1252.8499755859375,1206.75,1221.699951171875,3617,0.0,0.0,2024-05-10,1153.1574920654298,170.7126447970205,1323.8701368624502,982.4448472684093,1494.5827816594708,811.7322024713887,-106.85538601913713,85.51583786800516,50919,8224.00953588391,14075.45644926477,745.2358745262338,77.22345131972675,1227.0999755859375,1247.449951171875,1201.3499755859375,1273.199951171875,1181.0,1293.5499267578125,1155.25,0.04407013622892306,-55.27596630508055,101.61533207085449,112.60275326079712,-10.987421189942623,60.43945960456745,60.9736772664635,1244.2699951171876,1153.1574920654298,925.3039953613281,815.2949981689453,YUKEN.BO,2025-01-10 11:06:40.026759
166,2024-05-09 00:00:00+05:30,1244.1500244140625,1285.550048828125,1208.949951171875,1216.0,4693,0.0,0.0,2024-05-09,1133.772494506836,184.01390225118746,1317.7863967580233,949.7585922556485,1501.800299009211,765.7446900044611,-108.09377282138149,94.5385683427949,47302,10620.737354599889,15538.318177609985,743.2405629456949,80.82288472847398,1236.8333333333333,1264.7167154947915,1188.1166178385415,1313.4334309895833,1160.2332356770833,1341.3168131510415,1111.5165201822915,0.045971913606124494,-52.77612892130698,110.24545980282028,115.34960855828277,-5.104148755462489,60.051470789630294,61.916768591758114,1270.45,1133.772494506836,915.6329968261718,809.928998413086,YUKEN.BO,2025-01-10 11:06:40.026759
167,2024-05-08 00:00:00+05:30,1247.449951171875,1305.0999755859375,1240.8499755859375,1254.050048828125,2519,0.0,0.0,2024-05-08,1114.8449951171874,194.29248900701342,1309.137484124201,920.552506110174,1503.4299731312142,726.2600171031606,-33.996862974380214,111.8020701512293,51995,5879.136950027952,16767.71338336251,740.6577735036981,85.81431597628381,1266.6666666666667,1292.483357747396,1228.233357747396,1330.9166666666667,1202.4166666666667,1356.733357747396,1163.983357747396,0.06227572929716999,-41.622738840398554,120.1856115629032,116.62564574714838,3.559965815754822,63.93846904476071,62.881419139005324,1310.15,1114.8449951171874,905.6789965820312,804.6899981689453,YUKEN.BO,2025-01-10 11:06:40.026759
168,2024-05-07 00:00:00+05:30,1283.0999755859375,1313.3499755859375,1235.0,1247.199951171875,4513,0.0,0.0,2024-05-07,1094.9449920654297,199.59412247626636,1294.539114541696,895.3508695891633,1494.1332370179625,695.756747112897,-5.627057030279349,120.67423040821674,49476,10475.43240067254,19489.857491696144,739.147863216059,82.6616480625146,1265.1833089192708,1295.3666178385415,1217.016642252604,1343.5332845052083,1186.8333333333333,1373.716593424479,1138.6666666666665,0.0773924912344128,-39.11458032888751,127.3436705747406,115.73565429320968,11.608016281530922,63.54400182620169,63.18667981285662,1316.639990234375,1094.9449920654297,895.5289953613282,799.0524975585937,YUKEN.BO,2025-01-10 11:06:40.026759
169,2024-05-06 00:00:00+05:30,1360.0,1360.0,1261.3499755859375,1282.4000244140625,4905,0.0,0.0,2024-05-06,1072.934994506836,206.0863905267852,1279.021385033621,866.8486039800507,1485.1077755604063,660.7622134532655,34.66014447171772,145.06179421576422,53989,11706.66172727543,21743.463764452044,736.4566901637816,86.774379809372,1301.25,1341.1500244140625,1242.5,1399.9000244140625,1202.5999755859375,1439.800048828125,1143.8499755859375,0.09352774854681346,-33.27805659034995,135.253336494304,112.83365022282695,22.419686271477048,67.04337310202328,63.51542207700416,1331.539990234375,1072.934994506836,885.4549963378906,793.417998046875,YUKEN.BO,2025-01-10 11:06:40.026759
170,2024-05-03 00:00:00+05:30,1450.300048828125,1483.0999755859375,1315.199951171875,1352.5999755859375,14109,0.0,0.0,2024-05-03,1049.7699920654297,207.33708609807155,1257.1070781635012,842.4329059673582,1464.444164261573,635.0958198692866,88.68469955472743,193.38977728831193,58894,35516.98964477171,24252.6642737462,733.2954160757407,91.33883863227017,1383.63330078125,1452.066650390625,1284.1666259765625,1551.5333251953125,1215.7332763671875,1619.9666748046875,1116.2666015625,0.11296826026528646,-19.9816268379003,139.86413888270658,107.22872865495768,32.635410227748906,74.65708139972803,63.28712881287704,1330.0099853515626,1049.7699920654297,874.63099609375,787.4649975585937,YUKEN.BO,2025-01-10 11:06:40.026759
171,2024-05-02 00:00:00+05:30,1306.5,1415.1500244140625,1290.0,1414.5,11144,0.0,0.0,2024-05-02,1022.5499938964844,201.13051122991746,1223.6805051264018,821.4194826665669,1424.8110163563192,620.2889714366495,98.71811581312653,213.47552184713652,73003,29336.925309247803,21436.58293098982,722.8055334386149,89.64814455703566,1373.2166748046875,1456.433349609375,1331.2833251953125,1498.36669921875,1248.066650390625,1581.5833740234375,1206.13330078125,0.177785226010081,-0.10862707011066497,136.73457797846572,99.06987609802043,37.66470188044529,82.31067492569828,61.768517751743,1315.939990234375,1022.5499938964844,862.5689965820312,780.7944976806641,YUKEN.BO,2025-01-10 11:06:40.026759
172,2024-04-30 00:00:00+05:30,1374.0,1375.0,1260.800048828125,1286.5,2290,0.0,0.0,2024-04-30,992.709994506836,183.4101479208609,1176.120142427697,809.299846585975,1359.5302903485579,625.8896986651141,88.7953554011308,211.85031692409743,61859,5482.969282590254,19461.497336425324,713.4261346900217,87.86092014655742,1307.433349609375,1354.066650390625,1239.86669921875,1421.63330078125,1193.2333984375,1468.2666015625,1125.666748046875,0.10865496487547194,-21.196104808046933,124.55984111364432,89.6537006279091,34.90614048573522,77.97514633429397,60.305145738292865,1268.92998046875,992.709994506836,849.0739965820312,773.5464978027344,YUKEN.BO,2025-01-10 11:06:40.026759
173,2024-04-29 00:00:00+05:30,1295.0,1412.8499755859375,1285.800048828125,1321.699951171875,11947,0.0,0.0,2024-04-29,969.2949951171875,173.55755719235123,1142.8525523095386,795.7374379248363,1316.41010950189,622.179880732485,129.5314073336825,261.64209011431683,64149,29387.475332369602,22956.12934988409,711.8248169318731,88.7288618120477,1340.1166585286458,1394.4332682291665,1267.383341471354,1467.1665852864583,1213.0667317708333,1521.483194986979,1140.3334147135415,0.11384001356192776,-15.291063269121329,119.69127889862818,80.92716550647529,38.76411339215289,83.18114044520918,58.84437872444645,1218.37998046875,969.2949951171875,836.8639965820313,767.510498046875,YUKEN.BO,2025-01-10 11:06:40.026759
174,2024-04-26 00:00:00+05:30,1307.0,1307.0,1233.550048828125,1274.75,9577,0.0,0.0,2024-04-26,944.3099975585938,155.14744226525397,1099.4574398238478,789.1625552933398,1254.6048820891017,634.0151130280858,140.23167756606557,268.498084470715,52202,22720.874769562965,21348.292854262712,702.8026915603785,87.60945709880377,1271.7666829427083,1309.9833170572915,1236.5333658854165,1345.2166341145833,1198.3167317708333,1383.4332682291665,1163.0834147135415,0.1738802902438424,-12.785738649823442,108.17787785795144,71.23613715843707,36.94174069951437,81.6650106379315,56.62030733211547,1157.089990234375,944.3099975585938,823.662998046875,761.1849987792968,YUKEN.BO,2025-01-10 11:06:40.026759
175,2024-04-25 00:00:00+05:30,1222.949951171875,1342.1500244140625,1178.0,1282.25,14946,0.0,0.0,2024-04-25,918.8649963378906,138.99115278056334,1057.856149118454,779.8738435573273,1196.8473018990173,640.8826907767639,171.5389032416624,315.31044492389384,61779,35667.13500168522,21005.14737543765,695.9387189522553,85.77501928058798,1267.4666748046875,1356.933349609375,1192.7833251953125,1431.61669921875,1103.316650390625,1521.0833740234375,1028.63330078125,0.17547541253386295,-11.193127474794984,96.42203568858861,62.00070198355848,34.42133370503013,82.77179547699764,54.439716106153575,1117.5599853515625,918.8649963378906,812.0399975585938,755.2324987792969,YUKEN.BO,2025-01-10 11:06:40.026759
176,2024-04-24 00:00:00+05:30,1061.699951171875,1223.25,1021.5499877929688,1179.449951171875,17852,0.0,0.0,2024-04-24,892.3049957275391,114.49128076020075,1006.7962764877399,777.8137149673383,1121.2875572479406,663.3224342071376,131.81710748821519,274.67009067274716,46833,39186.541442325804,17339.650468875756,684.7480948976857,82.99628711986317,1141.4166463216145,1261.2833048502603,1059.583292643229,1343.1166585286458,939.7166341145833,1462.9833170572915,857.8832804361978,0.16038314059478162,-10.522534253003004,79.17141903707704,53.39536855730094,25.776050479776103,79.18056492262725,52.09138709357922,1060.37998046875,892.3049957275391,800.272998046875,749.3009985351563,YUKEN.BO,2025-01-10 11:06:40.026759
177,2024-04-23 00:00:00+05:30,1038.949951171875,1120.1500244140625,1024.800048828125,1033.75,2500,0.0,0.0,2024-04-23,870.2749969482422,97.45352870317866,967.7285256514209,772.8214682450636,1065.1820543545996,675.3679395418849,103.75255015927424,239.05448553849882,28981,4809.789513776481,11877.92772551324,673.2070018216133,78.25719000596864,1059.5666910807292,1094.3333333333335,998.983357747396,1154.9166666666667,964.2167154947917,1189.683308919271,903.6333821614585,0.07379266392739812,-27.590617173262647,66.0100825415168,46.951355937356915,19.05872660415988,71.30975862643125,49.88982900700956,1012.4199951171875,870.2749969482422,790.6539990234374,744.3304992675781,YUKEN.BO,2025-01-10 11:06:40.026759
178,2024-04-22 00:00:00+05:30,1113.0,1114.0,1010.2000122070312,1015.25,6284,0.0,0.0,2024-04-22,855.0749969482422,94.26977330536552,949.3447702536077,760.8052236428766,1043.6145435589733,666.5354503375112,124.57060013224988,254.37446026137772,26481,11873.52618852377,13644.96227844743,672.025226852659,77.09850999043631,1046.4833374023438,1082.7666625976562,978.9666748046875,1150.2833251953125,942.683349609375,1186.566650390625,875.1666870117188,0.09911180973567384,-32.16612377850163,62.508668393044445,42.18667428631694,20.3219941067275,69.97126981791035,47.95708802791534,987.65,855.0749969482422,783.8219995117188,740.8934991455078,YUKEN.BO,2025-01-10 11:06:40.026759
179,2024-04-19 00:00:00+05:30,1011.9500122070312,1087.6500244140625,977.0,1077.0999755859375,7244,0.0,0.0,2024-04-19,841.3899963378906,89.54132368230961,930.9313200202002,751.8486726555809,1020.4726437025098,662.3073489732714,162.65017283445127,289.3691671086864,32765,14521.283278159473,14087.821300928343,669.1739099784724,85.45150739565518,1047.25,1117.5,1006.8499755859375,1157.9000244140625,936.5999755859375,1228.1500244140625,896.199951171875,0.18267099143049367,-3.66766832355229,58.90066590912079,37.106175759635065,21.794490149485725,81.82164310996882,45.907635113825,969.6,841.3899963378906,777.1059997558593,737.5334991455078,YUKEN.BO,2025-01-10 11:06:40.026759
180,2024-04-18 00:00:00+05:30,994.0,1046.800048828125,932.7999877929688,996.3499755859375,15407,0.0,0.0,2024-04-18,824.4324981689454,73.17061007841603,897.6031082473614,751.2618880905293,970.7737183257774,678.0912780121133,157.64216771054168,264.77430858284754,25521,28569.361671921713,13979.455806620559,665.2296124676233,83.922162719741,991.9833374023438,1051.1666870117188,937.1666259765625,1105.9833984375,877.9832763671875,1165.166748046875,823.1665649414062,0.1175420445393077,-18.765135343198697,47.2976095892833,31.65755322226363,15.640056367019668,77.12494608448007,43.83895950030303,920.7900024414063,824.4324981689454,769.5170007324218,733.5684991455078,YUKEN.BO,2025-01-10 11:06:40.026759
181,2024-04-16 00:00:00+05:30,880.0,951.7999877929688,880.0,939.6500244140625,5580,0.0,0.0,2024-04-16,811.1,63.90302690809096,875.003026908091,747.1969730919091,938.906053816182,683.2939461838181,121.19089060833245,205.46659050651317,10114,9758.22591302728,10331.97934029527,658.2771588240736,78.72847112987662,923.8166707356771,967.6333414713542,895.8333536783855,995.6166585286459,852.0166829427084,1039.433329264323,824.0333658854167,0.10761431968341888,-19.352759589810443,39.67820248904775,27.747539130508713,11.930663358539036,72.49077426843523,41.848782326047086,888.3200073242188,811.1,763.4440014648437,730.3819995117187,YUKEN.BO,2025-01-10 11:06:40.026759
182,2024-04-15 00:00:00+05:30,950.0,985.0999755859375,895.4500122070312,909.9000244140625,11434,0.0,0.0,2024-04-15,801.4349975585938,57.75973445103405,859.1947320096278,743.6752631075597,916.9544664606618,685.9155286565257,196.08484059488327,239.8378309963465,4534,19362.543412932733,10475.417697112265,656.1210745203217,88.93204105113082,930.1500040690104,964.8499959309895,875.2000325520833,1019.7999674479166,840.5000406901041,1054.4999593098958,785.550069173177,0.05023825244485989,-30.87026219563223,34.90595370356664,24.76487329087395,10.141080412692688,69.47818758587472,40.462634701602944,867.8800048828125,801.4349975585938,758.6720007324219,727.7374993896484,YUKEN.BO,2025-01-10 11:06:40.026759
183,2024-04-12 00:00:00+05:30,830.0,946.9500122070312,830.0,925.0,18651,0.0,0.0,2024-04-12,791.3874969482422,55.32550408724433,846.7130010354865,736.0619928609979,902.0385051227308,680.7364887737535,230.24473007532467,219.42900464084568,15968,32108.0843162609,8253.636268157146,652.0727400386568,85.0758044873172,900.6500040690104,971.3000081380208,854.3499959309895,1017.6000162760416,783.6999918619791,1088.250020345052,737.3999837239583,0.24451756343126088,-10.307589081371509,31.19707527816172,22.22960318770078,8.96747209046094,73.25938862687076,38.33523066233062,857.1099975585937,791.3874969482422,753.8390002441406,725.4594989013672,YUKEN.BO,2025-01-10 11:06:40.026759
184,2024-04-10 00:00:00+05:30,840.4000244140625,840.4000244140625,816.75,833.0499877929688,1147,0.0,0.0,2024-04-10,781.6799957275391,47.063839940850755,828.7438356683899,734.6161557866883,875.8076756092406,687.5523158458376,21.701972940497114,117.29578591516868,-2683,1778.2999660698504,2290.024256131208,644.7811529426353,64.89063263766367,830.0666707356771,843.3833414713542,819.7333170572917,853.7166951497396,806.4166463216146,867.0333658854167,796.0832926432292,-0.10485660247945597,-29.86641765981445,24.488785224624166,19.987735165085542,4.501050059538624,61.3725079718022,36.37330682902572,833.5099975585938,781.6799957275391,748.9090002441407,723.0459991455078,YUKEN.BO,2025-01-10 11:06:40.026759
185,2024-04-09 00:00:00+05:30,858.0,858.0,833.0499877929688,834.0,1148,0.0,0.0,2024-04-09,777.1374969482422,46.221550385280395,823.3590473335225,730.9159465629618,869.580597718803,684.6943961776814,93.47082348719076,146.46333525047885,-1536,1781.8801039918915,2417.955328646547,644.4713189853039,69.78450176625535,841.6833292643229,850.316670735677,825.3666585286458,866.6333414713541,816.7333170572916,875.2666829427083,800.4166463216145,-0.17425701837869975,-29.26208424171007,24.584781960944838,18.862472650200885,5.722309310743952,61.635361436244644,35.74543892864395,830.7199951171875,777.1374969482422,746.1090002441406,721.5974993896484,YUKEN.BO,2025-01-10 11:06:40.026759
186,2024-04-08 00:00:00+05:30,858.2000122070312,858.2000122070312,832.9500122070312,837.4500122070312,1961,0.0,0.0,2024-04-08,773.4849975585937,44.339644879919064,817.8246424385128,729.1453526786746,862.1642873184319,684.8057077987555,101.98356018997796,161.81113283010393,-388,3056.377731891363,2576.9741348102107,644.1586247169516,75.74106915044618,842.8666788736979,852.7833455403645,827.5333455403645,868.1166788736979,817.6166788736979,878.0333455403645,802.2833455403645,-0.1431349792105634,-26.76099861193003,24.241628368709257,17.431895322514894,6.8097330461943635,62.53859224312965,34.15690801268769,825.5599975585938,773.4849975585937,743.3140002441406,720.0969995117188,YUKEN.BO,2025-01-10 11:06:40.026759
187,2024-04-05 00:00:00+05:30,815.0,880.0,815.0,856.0499877929688,4404,0.0,0.0,2024-04-05,769.9399963378906,41.71287106791912,811.6528674058097,728.2271252699716,853.3657384737289,686.5142542020524,115.98245244668504,191.75999568945085,1573,7016.4425832399265,2457.1232355399225,643.6123402256242,80.4949323875304,850.3499959309896,885.6999918619792,820.6999918619792,915.3499959309896,785.3499959309896,950.6999918619792,755.6999918619792,-0.07652581598439548,-14.968757629394531,23.095216455704417,15.729462060966302,7.365754394738115,67.48986092090371,32.44618241088864,821.6099975585937,769.9399963378906,740.4830004882813,718.5574993896485,YUKEN.BO,2025-01-10 11:06:40.026759
188,2024-04-04 00:00:00+05:30,829.0,829.0,807.0,807.0,763,0.0,0.0,2024-04-04,766.1024963378907,36.589802525677534,802.6922988635682,729.5126938122131,839.2821013892458,692.9228912865356,52.065414099928546,136.23775831657807,-2831,1145.9577673527426,1317.293398614921,642.2553620328681,73.62740799868658,814.3333333333334,821.6666666666667,799.6666666666667,836.3333333333334,792.3333333333334,843.6666666666667,777.6666666666667,-0.21786897274933037,-30.897551128447226,19.445718510049574,13.888023462281772,5.557695047767801,59.67136308632717,30.60386253202812,814.0400024414063,766.1024963378907,737.9420007324219,716.8799993896484,YUKEN.BO,2025-01-10 11:06:40.026759
189,2024-04-03 00:00:00+05:30,819.0499877929688,831.8499755859375,809.25,819.0999755859375,793,0.0,0.0,2024-04-03,765.3599975585937,35.85959546608575,801.2195930246794,729.500402092508,837.0791884907652,693.6408066264222,73.65105823156654,158.76282329865933,-2068,1208.8728955097833,1360.1273064304655,642.0728418950287,72.76668282741038,820.066650390625,830.88330078125,808.2833251953125,842.6666259765625,797.4666748046875,853.4832763671875,785.683349609375,-0.34217101718938225,-19.020613331739227,19.309303748480033,12.498599700339822,6.810704048140211,63.150257889238816,29.48777009134496,817.0400024414063,765.3599975585937,736.0570007324219,715.6589996337891,YUKEN.BO,2025-01-10 11:06:40.026759
190,2024-04-02 00:00:00+05:30,812.25,812.25,808.2000122070312,808.2000122070312,12,0.0,0.0,2024-04-02,766.1599975585938,37.27224199949542,803.4322395580892,728.8877555590983,840.7044815575846,691.615513559603,71.75587569066664,148.5790121616129,-2861,18.049727042309584,1397.940909160636,641.8687675803155,69.16298400796065,809.5500081380209,810.9000040690105,806.8500162760417,813.5999959309896,805.5000203450521,814.9499918619792,802.800028483073,0.03688683194495752,-26.756568967115527,17.65042204530289,10.79592368830477,6.8544983569981195,61.26105056348888,28.166224276865847,806.3900024414063,766.1599975585938,733.9590014648437,714.2595001220703,YUKEN.BO,2025-01-10 11:06:40.026759
191,2024-04-01 00:00:00+05:30,834.0,834.0,811.4500122070312,817.7000122070312,383,0.0,0.0,2024-04-01,762.6824981689454,36.37723131183619,799.0597294807816,726.3052668571091,835.4369607926177,689.928035545273,115.83839948833537,185.28220539678915,-2849,582.8587467380434,1742.9137046902174,641.8658659773843,52.65921426271542,821.0500081380209,830.6500040690105,808.1000162760417,843.5999959309896,798.5000203450521,853.1999918619792,785.550028483073,0.05622785862717221,-20.0141996598666,16.332601378622826,9.08229909905524,7.250302279567586,63.91288250238906,27.1323113085876,794.9599975585937,762.6824981689454,732.3100012207032,712.9675,YUKEN.BO,2025-01-10 11:06:40.026759
192,2024-03-28 00:00:00+05:30,809.0,845.9000244140625,800.0,818.2000122070312,2567,0.0,0.0,2024-03-28,758.6124969482422,34.39749685236353,793.0099938006058,724.2150000958786,827.4074906529693,689.8175032435151,166.29887630022392,199.49693102881602,-2466,3908.911971528213,2032.9274441782609,641.7679109429322,56.077499749976894,821.3666788736979,842.7333577473958,796.8333333333333,867.2667032877604,775.4666544596354,888.6333821614583,750.9333089192708,0.050541221639572774,-19.65933811737981,13.462321867818446,7.269723529163343,6.1925983386551025,64.04838004602519,25.857354557817764,779.189990234375,758.6124969482422,730.7960009765625,711.5779998779296,YUKEN.BO,2025-01-10 11:06:40.026759
193,2024-03-27 00:00:00+05:30,781.25,830.0,777.9500122070312,822.0,1559,0.0,0.0,2024-03-27,755.1124969482422,31.450308230627698,786.5628051788699,723.6621887176145,818.0131134094976,692.2118804869868,234.57937725744026,186.24913143314203,101,2385.0004903798917,1563.9313123407724,641.1066804882408,32.128570476835066,809.9833374023438,842.0166625976562,789.9666748046875,862.0333251953125,757.933349609375,894.066650390625,737.9166870117188,0.001225774081655067,-6.4,9.534277314321685,5.721573944499567,3.8127033698221178,65.02118734862609,24.48432421083487,761.4999877929688,755.1124969482422,729.0230004882812,710.1934997558594,YUKEN.BO,2025-01-10 11:06:40.026759
194,2024-03-26 00:00:00+05:30,750.25,790.8499755859375,750.25,765.8499755859375,775,0.0,0.0,2024-03-26,752.2424957275391,27.380988327951858,779.623484055491,724.8615073995873,807.0044723834428,697.4805190716354,198.47747722307338,94.37643272376516,-1458,1104.6277400984347,1358.6640178309926,640.6940059726451,20.3044897190251,768.9833170572916,787.7166341145833,747.1166585286458,809.5832926432291,728.3833414713541,828.3166097005208,706.5166829427083,0.03892685096383516,-39.63295341769668,3.9864900000929993,4.768398102044037,-0.7819081019510374,55.81245028721356,23.29459230745008,745.4099853515625,752.2424957275391,727.2720007324219,708.9534997558594,YUKEN.BO,2025-01-10 11:06:40.026759
195,2024-03-22 00:00:00+05:30,741.5,760.4500122070312,741.5,751.0499877929688,661,0.0,0.0,2024-03-22,750.8249969482422,27.373290411300843,778.198287359543,723.4517065369414,805.5715777708439,696.0784161256405,125.74541943981535,54.1517009608862,-2233,923.9337739520264,1422.1730872641322,640.5519089170353,11.170747690875928,751.0,760.5,741.5499877929688,769.9500122070312,732.0499877929688,779.4500122070312,722.5999755859375,0.04325197425233706,-67.04830927157872,2.3531663734111135,4.9638751275317965,-2.610708754120683,52.769125767512506,22.844832983373387,739.8299926757812,750.8249969482422,726.7450012207031,708.0740002441406,YUKEN.BO,2025-01-10 11:06:40.026759
196,2024-03-21 00:00:00+05:30,735.9000244140625,741.5999755859375,734.0,738.8499755859375,123,0.0,0.0,2024-03-21,750.1799987792969,27.519301729580363,777.6993005088772,722.6606970497165,805.2186022384576,695.1413953201361,-0.2630297083513192,26.196678077435397,-2894,169.1343873755751,1546.7329155921586,640.4448041630578,57.287201923134035,738.1499837239584,742.2999674479167,734.6999918619792,745.7499593098959,730.5500081380209,749.8999430338542,727.1000162760417,0.04996811272195055,-78.5759648190269,1.6839377041119405,5.616552316061966,-3.932614611950026,50.14062180996588,23.17344967187862,735.5599975585938,750.1799987792969,726.4960009765625,707.4295001220703,YUKEN.BO,2025-01-10 11:06:40.026759
197,2024-03-20 00:00:00+05:30,742.0,742.0,722.7999877929688,729.75,445,0.0,0.0,2024-03-20,749.1524993896485,28.336119744206123,777.4886191338546,720.8163796454423,805.8247388780608,692.4802599012362,-52.26119523195872,11.710277603449002,-3017,604.3724438082253,1891.1325476463044,640.4270518914359,55.175643199263256,731.5166625976562,740.2333374023438,721.0333251953125,750.7166748046875,712.316650390625,759.433349609375,701.8333129882812,0.029152662934518184,-84.33544303797468,2.0031243569271737,6.599705969049473,-4.596581612122299,48.141690433135395,24.115786440116363,737.0599975585938,749.1524993896485,726.5080017089844,707.2450006103516,YUKEN.BO,2025-01-10 11:06:40.026759
198,2024-03-19 00:00:00+05:30,739.3499755859375,748.6500244140625,737.9000244140625,741.5499877929688,47,0.0,0.0,2024-03-19,749.9924987792969,27.97741764686499,777.9699164261618,722.0150811324319,805.9473340730268,694.0376634855669,-15.886676768080203,37.82571133234597,-2572,64.86476215553155,2212.822573605824,640.3687157766027,54.41177777792179,742.7000122070312,747.5,736.75,753.4500122070312,731.9500122070312,758.25,726.0,0.03868730359393151,-76.86709633356408,3.277639343511396,7.748851372080047,-4.471212028568651,50.58352388908242,25.130610652064703,732.9,749.9924987792969,726.7530017089844,707.5895007324219,YUKEN.BO,2025-01-10 11:06:40.026759
199,2024-03-18 00:00:00+05:30,721.0,740.6500244140625,721.0,737.9500122070312,197,0.0,0.0,2024-03-18,750.0899993896485,27.949831453045764,778.0398308426943,722.1401679366027,805.98966229574,694.190336483557,-56.97981599564896,17.134280629185586,-2619,270.5600748303583,2749.8120264683967,640.3617359860106,58.08362641664845,733.2000122070312,745.4000244140625,725.75,752.8500366210938,713.5499877929688,765.050048828125,706.0999755859375,0.0341085859030164,-79.14556189428401,3.6976235309136882,8.86665437922221,-5.169030848308521,49.86310019152428,25.63140583401866,730.7599975585938,750.0899993896485,727.1060021972656,708.0665008544922,YUKEN.BO,2025-01-10 11:06:40.026759
200,2024-03-15 00:00:00+05:30,749.0,749.0,720.0,729.7000122070312,1284,0.0,0.0,2024-03-15,750.2524993896484,27.88490720342859,778.137406593077,722.3675921862198,806.0223137965056,694.4826849827912,-68.82508106860742,16.45519439810502,-2816,1743.7327212653267,3369.625014377906,640.3335109916401,61.214989898796226,732.9000040690104,745.8000081380208,716.8000081380208,761.9000040690104,703.9000040690104,774.8000081380208,687.8000081380208,0.013730594282654374,-84.3670808816258,4.53384900990136,10.158912091299339,-5.625063081397979,48.25790827768735,26.39198024315705,731.6099975585937,750.2524993896484,726.2590014648438,708.7940008544922,YUKEN.BO,2025-01-10 11:06:40.026759
201,2024-03-14 00:00:00+05:30,730.25,754.75,729.0,746.3499755859375,1065,0.0,0.0,2024-03-14,751.2424987792969,27.46514776684919,778.7076465461461,723.7773510124476,806.1727943129953,696.3122032455984,-44.56043848314753,41.432585180249504,-1532,1479.3218456231439,3776.0980876560507,640.1647277855014,62.60761173302768,743.3666585286459,757.7333170572917,731.9833170572917,769.1166585286459,717.6166585286459,783.4833170572917,706.2333170572917,0.03321235915003785,-73.82912937598893,6.348276342697432,11.565177861648834,-5.216901518951403,51.33815383741008,27.21106037607532,737.8599975585937,751.2424987792969,725.7590014648438,709.0350006103515,YUKEN.BO,2025-01-10 11:06:40.026759
202,2024-03-13 00:00:00+05:30,730.5499877929688,730.5499877929688,705.0,708.9500122070312,1008,0.0,0.0,2024-03-13,750.9125,27.566489244762177,778.4789892447621,723.3460107552379,806.0454784895244,695.7795215104757,-111.80988501407485,-25.63998679912216,-2597,1329.9848269624679,4350.292148164277,639.9981242876023,61.46134883646794,714.8333333333334,724.6666666666667,699.116678873698,740.3833211263021,689.2833455403646,750.2166544596355,673.5666910807292,0.050812686268624216,-97.49999227403086,6.935338029298691,12.869403241386685,-5.934065212087994,43.86461624329999,27.777055502139394,741.9,750.9125,725.132001953125,708.8495007324219,YUKEN.BO,2025-01-10 11:06:40.026759
203,2024-03-12 00:00:00+05:30,740.75,742.0,723.25,730.8499755859375,208,0.0,0.0,2024-03-12,749.2649993896484,30.979672763046057,780.2446721526945,718.2853266266023,811.2243449157405,687.3056538635564,-94.94322082661245,12.91162162901319,-1589,282.9189982619179,5105.3689784647295,639.8955774127301,61.01374353326719,732.0333251953125,740.816650390625,722.066650390625,750.7833251953125,713.2833251953125,759.566650390625,703.316650390625,0.07209791719883515,-88.21764698452486,11.265203733107796,14.352919544408683,-3.087715811300887,47.86140218611836,28.986242672992454,755.9699951171875,749.2649993896484,725.1910021972657,708.9610003662109,YUKEN.BO,2025-01-10 11:06:40.026759
204,2024-03-11 00:00:00+05:30,760.5999755859375,761.0499877929688,734.2999877929688,742.2000122070312,3370,0.0,0.0,2024-03-11,745.8050018310547,36.51452590680412,782.3195277378588,709.2904759242506,818.834053644663,672.7759500174465,-68.1080873924367,44.71931288480678,-1381,4655.018357155823,6310.981473515432,639.8676560844146,60.61470606938706,745.8499959309896,757.4000040690105,730.6500040690105,772.5999959309896,719.0999959309896,784.1500040690105,703.9000040690105,0.06849934545084344,-80.64085289507534,14.481244434257292,15.124848497233904,-0.6436040629766122,50.05634258845801,29.65842454513319,768.2300048828125,745.8050018310547,724.8310021972657,708.8065008544922,YUKEN.BO,2025-01-10 11:06:40.026759
205,2024-03-07 00:00:00+05:30,790.0,790.0,751.0,760.9500122070312,541,0.0,0.0,2024-03-07,743.375,38.3386379784842,781.7136379784843,705.0363620215157,820.0522759569684,666.6977240430316,1.148865166676993,94.77923491354065,1989,766.167866338597,6724.972252605335,639.3561422936965,62.678678458908315,767.3166707356771,783.6333414713542,744.6333414713542,806.3166707356771,728.3166707356771,822.6333414713542,705.6333414713542,0.09852134688880061,-68.12416295654647,17.261531658132412,15.285749512978056,1.9757821451543567,53.8442314143441,29.985917859526793,786.8099975585938,743.375,723.9010021972656,708.5105004882812,YUKEN.BO,2025-01-10 11:06:40.026759
206,2024-03-06 00:00:00+05:30,775.7000122070312,782.6500244140625,750.2999877929688,766.5499877929688,4491,0.0,0.0,2024-03-06,740.0225006103516,39.63071588584054,779.6532164961922,700.391784724511,819.2839323820326,660.7610688386706,8.636021235761964,96.79320206970762,2530,6406.990441397569,8214.673349172019,639.2584923374533,63.72693567464768,766.5,782.7000122070312,750.3499755859375,798.8500366210938,734.1499633789062,815.050048828125,717.9999389648438,0.10036690027154191,-64.3858611926792,18.713012548425354,14.791803976689465,3.921208571735889,54.99845697178511,29.721356206344247,782.35,740.0225006103516,721.6980017089844,707.9630004882813,YUKEN.BO,2025-01-10 11:06:40.026759
207,2024-03-05 00:00:00+05:30,794.2999877929688,805.7999877929688,775.7000122070312,779.2999877929688,2528,0.0,0.0,2024-03-05,736.6200012207031,40.151128731359336,776.7711299520624,696.4688724893438,816.9222586834218,656.3177437579844,68.24702494564397,149.42797345952584,7021,3666.50497814533,8666.594076115629,638.4041921055356,69.78720804889221,786.9333292643229,798.1666463216145,768.066670735677,817.0333048502604,756.8333536783854,828.266621907552,737.9666951497395,0.10526252803556702,-55.87451203447957,19.73630469043644,13.811501833755491,5.92480285668095,57.60930513487729,29.573961880028683,776.3,736.6200012207031,719.4360021972657,707.3765008544922,YUKEN.BO,2025-01-10 11:06:40.026759
208,2024-03-04 00:00:00+05:30,828.0999755859375,844.75,787.0499877929688,792.1500244140625,6940,0.0,0.0,2024-03-04,732.2625030517578,40.00420465214855,772.2667077039064,692.2582983996092,812.2709123560549,652.2540937474607,150.78666463338237,208.40302037077802,9549,10231.456221525865,9916.616350608203,637.8698898689325,78.71186278008761,807.9833374023438,828.9166870117188,771.2166748046875,865.683349609375,750.2833251953125,886.61669921875,713.5166625976562,0.14179982417659723,-34.485262290732905,19.491711983004734,12.330301119585252,7.161410863419482,60.28765793330568,28.46039449814025,770.0800048828125,732.2625030517578,717.0250024414063,706.7240008544921,YUKEN.BO,2025-01-10 11:06:40.026759
209,2024-03-01 00:00:00+05:30,753.5,863.0,753.5,835.0999755859375,23947,0.0,0.0,2024-03-01,726.6275024414062,39.050554780006316,765.6780572214126,687.5769476613999,804.7286120014189,648.5263928813936,276.18281218446197,248.9122869868275,16489,37218.60790794087,9837.906382878786,636.2468608422715,87.42865136524624,817.1999918619791,880.8999837239583,771.3999837239583,926.6999918619791,707.6999918619791,990.3999837239583,661.8999837239583,0.24740821868105006,-11.933287369872804,17.61769631939717,10.539948403730381,7.077747915666787,70.45376582181703,26.809964193529648,764.5699951171875,726.6275024414062,714.6590014648438,706.0025006103516,YUKEN.BO,2025-01-10 11:06:40.026759
210,2024-02-29 00:00:00+05:30,738.1500244140625,742.0,725.0,738.6500244140625,1812,0.0,0.0,2024-02-29,719.7550048828125,30.00242366769001,749.7574285505025,689.7525812151225,779.7598522181925,659.7501575474325,-60.49616019759493,42.93977707227247,-7458,2490.9639928032225,2992.731001613265,628.7565729628498,76.75642408779453,735.2166748046875,745.433349609375,728.433349609375,752.2166748046875,718.2166748046875,762.433349609375,711.433349609375,0.09261827344950524,-35.91919202026024,10.72153416013316,8.770511424813684,1.9510227353194765,54.43027761824385,25.03257771164131,745.05,719.7550048828125,711.4890014648438,704.9290008544922,YUKEN.BO,2025-01-10 11:06:40.026759
211,2024-02-28 00:00:00+05:30,757.1500244140625,758.0,726.5,736.2999877929688,1160,0.0,0.0,2024-02-28,717.4575042724609,30.237780287236582,747.6952845596975,687.2197239852244,777.9330648469341,656.9819436979877,-25.1904897970871,58.75003114614645,-9270,1589.5834133688923,3118.1727538157756,628.4424609167921,79.06587688997985,740.2666625976562,754.0333251953125,722.5333251953125,771.7666625976562,708.7666625976562,785.5333251953125,691.0333251953125,0.06196228265852172,-37.295091779657355,11.228768190424717,8.282755740983815,2.946012449440902,53.86420270784862,25.42316958108561,744.95,717.4575042724609,710.5050012207031,704.9030004882812,YUKEN.BO,2025-01-10 11:06:40.026759
212,2024-02-27 00:00:00+05:30,776.6500244140625,779.0999755859375,743.0999755859375,748.2000122070312,4504,0.0,0.0,2024-02-27,715.6950042724609,30.108735455703197,745.8037397281641,685.5862688167576,775.9124751838673,655.4775333610545,120.84281415491299,107.39799619116626,-8110,6271.719590398197,3500.3200889274963,628.2447373445069,81.32997523586268,756.7999877929688,770.5,734.5,792.7999877929688,720.7999877929688,806.5,698.5,0.0804332119377197,-30.3278638730097,11.93949160567172,7.546252628623588,4.3932389770481315,57.20561935066187,25.779825320713304,741.35,715.6950042724609,709.3510009765625,704.7355004882812,YUKEN.BO,2025-01-10 11:06:40.026759
213,2024-02-26 00:00:00+05:30,740.7000122070312,770.0,732.0999755859375,764.5999755859375,4667,0.0,0.0,2024-02-26,711.6975036621094,30.863908176892142,742.5614118390015,680.8335954852173,773.4253200158937,649.9696873083251,100.31486915708368,110.23475959166001,-3606,6641.139771671776,2807.470213559821,627.3847936290766,78.35879731559106,755.566650390625,779.0333251953125,741.13330078125,793.4666748046875,717.6666259765625,816.933349609375,703.2332763671875,0.15817474820911204,-20.72601109138943,11.496559458570232,6.447942884361554,5.048616574208678,62.138534006911584,25.45107741545192,741.0199951171875,711.6975036621094,708.0110009765625,704.4290002441406,YUKEN.BO,2025-01-10 11:06:40.026759
214,2024-02-23 00:00:00+05:30,729.0,743.0499877929688,726.0499877929688,737.5,150,0.0,0.0,2024-02-23,707.3925048828125,29.04785358048293,736.4403584632955,678.3446513023296,765.4882120437784,649.2967977218467,32.41907135262267,58.17769207384627,-8273,205.88458136358813,1849.0528240318322,626.3578883698298,74.55942900994859,735.5333251953125,745.0166625976562,728.0166625976562,752.5333251953125,718.5333251953125,762.0166625976562,711.0166625976562,0.05329451573907772,-36.59250847005793,9.140133885062028,5.185788740809385,3.9543451442526427,56.36501652491881,25.31571014134383,736.8,707.3925048828125,706.4060009765625,704.0380004882812,YUKEN.BO,2025-01-10 11:06:40.026759
215,2024-02-22 00:00:00+05:30,718.7999877929688,740.0,713.2000122070312,738.1500244140625,455,0.0,0.0,2024-02-22,705.1700042724609,28.314246469904077,733.484250742365,676.8557578025568,761.798497212269,648.5415113326528,27.67403500380932,46.254805148539,-8123,625.0670055214038,2259.844884698893,626.3311481612428,73.1006180220187,730.4500122070312,747.7000122070312,720.9000244140625,757.25,703.6500244140625,774.5,694.1000366210938,0.0410283579505642,-36.2119320880207,8.653645195093873,4.197202454746224,4.456442740347649,56.557099809279826,25.87444998916552,737.5400024414063,705.1700042724609,705.2860009765625,703.8175006103515,YUKEN.BO,2025-01-10 11:06:40.026759
216,2024-02-21 00:00:00+05:30,761.0,761.0,713.7999877929688,718.2999877929688,1427,0.0,0.0,2024-02-21,702.9750030517578,27.306678060796177,730.281681112554,675.6683249909615,757.5883591733501,648.3616469301654,34.722951069362935,51.28153651953841,-8578,1907.657358498371,2668.5393544932654,626.2494826898222,73.36535650547101,731.0333251953125,748.2666625976562,701.066650390625,778.2333374023438,683.8333129882812,795.4666748046875,653.8666381835938,0.02882951142149563,-47.833734219034035,7.835658858899819,3.083091769659311,4.752567089240508,51.90982016362212,26.560639323364363,739.8099975585938,702.9750030517578,704.225,703.5555004882813,YUKEN.BO,2025-01-10 11:06:40.026759
217,2024-02-20 00:00:00+05:30,747.7999877929688,748.5,731.9000244140625,746.5499877929688,598,0.0,0.0,2024-02-20,701.8550048828125,27.103651836917567,728.9586567197301,674.7513530458949,756.0623085566476,647.6477012089774,65.90979590205272,85.14321664296754,-7151,830.8652904753974,2858.759853491989,626.0381542203068,78.02373010442783,742.3166707356771,752.7333170572917,736.1333414713542,758.9166463216146,725.7166951497396,769.3332926432292,719.5333658854167,0.0625121327605782,-31.293920390567852,8.62459421904839,1.8949499973491832,6.729644221699207,60.45647294150275,27.277537885394615,744.1,701.8550048828125,703.7009997558594,703.5350006103515,YUKEN.BO,2025-01-10 11:06:40.026759
218,2024-02-19 00:00:00+05:30,779.0,779.0,718.5999755859375,743.5,1399,0.0,0.0,2024-02-19,700.977505493164,25.834860245347766,726.8123657385117,675.1426452478163,752.6472259838596,649.3077850024684,93.0908527528981,102.32942355694242,-7749,1935.8389654699668,3365.7334942461366,625.9221011159524,80.27695238786129,747.0333251953125,775.4666748046875,715.066650390625,807.433349609375,686.63330078125,835.86669921875,654.6666259765625,0.0317314019269309,-33.07962765693237,6.7217979116772995,0.21253894192438127,6.509258969752918,59.7928109408627,27.383934378114873,729.9900024414062,700.977505493164,702.5759997558594,703.2800006103515,YUKEN.BO,2025-01-10 11:06:40.026759
219,2024-02-16 00:00:00+05:30,780.0,780.0,727.9500122070312,741.2000122070312,2216,0.0,0.0,2024-02-16,699.4400054931641,24.022479644202054,723.4624851373661,675.4175258489621,747.4849647815682,651.39504620476,132.65462330725023,115.53300929081414,-9148,3056.861159334393,3723.207126440179,625.6566107151964,86.2562868730476,749.7166748046875,771.4833374023438,719.433349609375,801.7666625976562,697.6666870117188,823.5333251953125,667.3833618164062,0.039786533537012676,-34.42622482165619,4.484174196067556,-1.4147758005138482,5.898949996581404,59.314673595002425,27.498515216429,713.6200073242187,699.4400054931641,701.3809997558594,703.0970007324219,YUKEN.BO,2025-01-10 11:06:40.026759
220,2024-02-15 00:00:00+05:30,741.5499877929688,756.0,720.0,749.5,1279,0.0,0.0,2024-02-15,698.0900054931641,22.24507121555493,720.335076708719,675.8449342776091,742.5801479242739,653.5998630620543,166.1155188201973,101.16040564716197,-6932,1784.0734145377621,3889.793618216625,625.2418702433389,83.00529022647844,741.8333333333334,763.6666666666667,727.6666666666667,777.8333333333334,705.8333333333334,799.6666666666667,691.6666666666667,0.06705567820052022,-29.566746843806808,1.7779096883281227,-2.8895132996591992,4.667422987987322,61.77638429487869,27.292714506289265,704.1,698.0900054931641,700.2989990234375,703.0150006103515,YUKEN.BO,2025-01-10 11:06:40.026759
221,2024-02-14 00:00:00+05:30,670.0499877929688,800.0,657.5499877929688,739.75,13927,0.0,0.0,2024-02-14,696.9025054931641,19.862561066439046,716.7650665596032,677.039944426725,736.6276276260422,657.177383360286,187.44065837605723,80.9457009755287,-8211,19174.016173562482,4416.2236691363405,624.9839071703684,82.33897681109842,732.4333292643229,807.316670735677,664.8666585286458,874.8833414713541,589.9833170572916,949.7666829427083,522.4166463216145,0.015797224458844468,-35.27517816513584,-2.531290027529394,-4.056369046656029,1.5250790191266352,59.963925258654825,27.544641154819196,692.9800048828125,696.9025054931641,699.0199987792969,702.7550006103515,YUKEN.BO,2025-01-10 11:06:40.026759
222,2024-02-13 00:00:00+05:30,661.8499755859375,676.0,629.2000122070312,676.0,929,0.0,0.0,2024-02-13,697.015005493164,20.122687393145842,717.1376928863099,676.8923181000182,737.2603802794557,656.7696307068724,-158.80325442922273,-119.30600777630829,-22138,1168.7804803133001,726.7755430298049,622.3295241141432,39.82293153858976,660.4000040690104,691.5999959309895,644.8000081380208,707.1999918619791,613.6000162760416,738.3999837239583,598.000020345052,-0.15456840550859033,-53.594448068964596,-7.049791329990285,-4.4376388014376875,-2.6121525285525973,43.77820495471577,27.81594677631297,684.7300048828125,697.015005493164,698.0189990234375,702.631000366211,YUKEN.BO,2025-01-10 11:06:40.026759
223,2024-02-12 00:00:00+05:30,675.6500244140625,697.2000122070312,652.0,661.6500244140625,513,0.0,0.0,2024-02-12,699.6925048828125,20.732688362840644,720.4251932456532,678.9598165199718,741.1578816084938,658.2271281571312,-154.52082642443028,-94.65329399487838,-23067,631.7077978807922,616.274308708931,622.2465936436904,43.25261715491705,670.2833455403646,688.5666910807292,643.366678873698,715.4833577473959,625.0833333333334,733.7667032877605,598.1666666666667,-0.3084325528496649,-82.21666829804126,-6.449618128898919,-3.784600669299538,-2.665017459599381,38.58883145262959,28.022577160028494,687.960009765625,699.6925048828125,698.1569995117187,702.953500366211,YUKEN.BO,2025-01-10 11:06:40.026759
224,2024-02-09 00:00:00+05:30,688.2999877929688,700.0,636.7000122070312,693.5999755859375,852,0.0,0.0,2024-02-09,703.3325042724609,20.08259923980772,723.4151035122686,683.2499050326533,743.4977027520764,663.1673057928455,-128.76805833130254,-77.85329784855305,-22554,1099.813899185758,612.4159364159657,622.2129436417174,54.36165927795448,676.7666625976562,716.8333129882812,653.5333251953125,740.066650390625,613.4666748046875,780.13330078125,590.2333374023438,-0.30806278769683065,-59.44407104092575,-4.170237902691042,-3.1183463043996924,-1.0518915982913497,47.689343896780585,28.96010175468633,691.5200073242188,703.3325042724609,698.7069995117188,703.7329998779297,YUKEN.BO,2025-01-10 11:06:40.026759
225,2024-02-08 00:00:00+05:30,698.4500122070312,705.0,691.9000244140625,693.9000244140625,229,0.0,0.0,2024-02-08,705.6275054931641,21.48552765396276,727.1130331471269,684.1419778392013,748.5985608010897,662.6564501852386,56.855186779342326,-19.318136612379448,-21702,295.7351355655601,490.5664457235175,622.111550397933,60.47050429681034,696.933349609375,701.9666748046875,688.86669921875,710.0333251953125,683.8333740234375,715.066650390625,675.7667236328125,-0.466580066707595,-72.26084833559783,-4.335341169356866,-2.855373404826855,-1.479967764530011,47.78760580683133,29.96974362585631,692.3300170898438,705.6275054931641,698.425,704.3170001220703,YUKEN.BO,2025-01-10 11:06:40.026759
226,2024-02-07 00:00:00+05:30,705.0,705.0,698.5,698.5,81,0.0,0.0,2024-02-07,707.8625030517578,22.50225224123428,730.3647552929921,685.3602508105236,752.8670075342263,662.8579985692893,109.53371550230774,-7.4148729984075,-21473,105.29844778919569,539.2742732630069,622.0841342694312,66.52639233119838,700.6666666666666,702.8333333333333,696.3333333333333,707.1666666666666,694.1666666666666,709.3333333333333,689.8333333333333,-0.4336100816611731,-68.26086956521739,-4.510586657943463,-2.485381463694352,-2.025205194249111,49.2319228850976,31.228300688363447,692.0900146484375,707.8625030517578,698.3289990234375,704.9714996337891,YUKEN.BO,2025-01-10 11:06:40.026759
227,2024-02-06 00:00:00+05:30,667.9500122070312,697.9500122070312,667.9500122070312,692.1500244140625,555,0.0,0.0,2024-02-06,709.9100036621094,23.448650347073677,733.358654009183,686.4613533150357,756.8073043562567,663.012702967962,-65.17312600251763,-49.37240599729058,-21554,714.9303954765564,647.7682296314596,622.0738103846439,53.48269719301733,686.0166829427084,704.0833536783855,674.0833536783855,716.0166829427084,656.0166829427084,734.0833536783855,644.0833536783855,-0.4319494011122548,-73.78258746603261,-5.119639664552778,-1.9790801651320742,-3.1405594994207044,47.185812365235044,32.230532966931925,692.6000122070312,709.9100036621094,698.0069995117187,705.1539996337891,YUKEN.BO,2025-01-10 11:06:40.026759
228,2024-02-05 00:00:00+05:30,697.6500244140625,699.5999755859375,670.2000122070312,679.4500122070312,464,0.0,0.0,2024-02-05,712.4025024414062,24.101806939976306,736.5043093813825,688.3006955014299,760.6061163213589,664.1988885614536,-83.61779875735343,-59.800471426649466,-22109,586.7404522740654,630.9776881701853,622.0088811301655,47.7639247159527,683.0833333333334,695.9666544596355,666.5666910807292,712.4832967122396,653.6833699544271,725.3666178385417,637.166727701823,-0.5675385184887062,-84.82607634171195,-5.196465393118615,-1.193940290276898,-4.002525102841717,42.91292465221706,33.57259389416742,687.8200073242188,712.4025024414062,697.9649987792968,705.5879992675781,YUKEN.BO,2025-01-10 11:06:40.026759
229,2024-02-02 00:00:00+05:30,691.6500244140625,709.0,678.9500122070312,697.6500244140625,384,0.0,0.0,2024-02-02,716.3900024414063,24.945395145442575,741.3353975868489,691.4446072959637,766.2807927322915,666.4992121505211,-32.17346822033285,-24.155878022146425,-21645,498.5851946167498,642.0369971442151,621.9643509641095,55.101994317369936,695.2000122070312,711.4500122070312,681.4000244140625,725.25,665.1500244140625,741.5,651.3500366210938,-0.16042448103085016,-71.70632983010913,-3.9653325041032303,-0.19330901456646876,-3.7720234895367617,48.090322639728484,34.90726451594386,687.6300048828125,716.3900024414063,697.9609985351562,706.2668713378906,YUKEN.BO,2025-01-10 11:06:40.026759
230,2024-02-01 00:00:00+05:30,715.75,719.8499755859375,691.0,692.7000122070312,177,0.0,0.0,2024-02-01,716.2875,25.030518578074194,741.3180185780742,691.2569814219258,766.3485371561484,666.2264628438517,-16.77512010778853,-6.603110487132116,-22029,228.18600323807527,677.8999477760814,621.9157620744138,56.1431480820711,701.1833292643229,711.3666585286458,682.5166829427083,730.0333048502604,672.3333536783854,740.2166341145833,653.6667073567708,-0.15878654108531745,-75.6349109468006,-4.121453984706363,0.7496968578177217,-4.871150842524085,46.458925693051754,35.920947249708945,686.7099975585937,716.2875,697.6199975585937,706.809692993164,YUKEN.BO,2025-01-10 11:06:40.026759
231,2024-01-31 00:00:00+05:30,662.0,708.2999877929688,662.0,701.0499877929688,219,0.0,0.0,2024-01-31,716.8875,24.575030800888538,741.4625308008885,692.3124691991115,766.0375616017772,667.7374383982229,-64.07733968645071,-36.90320163573979,-21852,285.73513158981393,790.3284339105828,621.8948098322053,63.91421842039431,690.4499918619791,718.8999837239583,672.5999959309895,736.7499796549479,644.1500040690104,765.199971516927,626.3000081380208,-0.1534621289452191,-69.00794619605655,-3.7713893147147246,1.9674845684487428,-5.738873883163468,48.864398582709974,36.40857023276326,687.0199951171875,716.8875,697.3199975585937,707.5438604736328,YUKEN.BO,2025-01-10 11:06:40.026759
232,2024-01-30 00:00:00+05:30,730.0,730.0499877929688,666.0,668.25,1119,0.0,0.0,2024-01-30,717.5850006103516,24.29827409913923,741.8832747094908,693.2867265112124,766.18154880863,668.9884524120731,-88.53445755468762,-43.53134606242287,-22071,1391.6806662532674,916.4767594907751,621.8658094892976,60.47701097453367,688.0999959309896,710.1999918619792,646.1500040690105,752.1499837239584,624.0500081380209,774.249979654948,582.1000162760417,-0.13838653059465195,-98.15573770491804,-4.088404275011499,3.4022030392396094,-7.490607314251108,36.95855583967923,37.26364721532124,685.9900024414062,717.5850006103516,696.802998046875,708.0796533203124,YUKEN.BO,2025-01-10 11:06:40.026759
233,2024-01-29 00:00:00+05:30,694.4000244140625,694.5,672.5,678.5,453,0.0,0.0,2024-01-29,719.7675018310547,21.424072536951584,741.1915743680063,698.3434292941031,762.6156469049579,676.9193567571515,-139.37895108909981,-61.35532172508845,-20952,572.0297208605933,797.6757828001518,621.7788146429241,53.238221448217736,681.8333333333334,691.1666666666667,669.1666666666667,703.8333333333334,659.8333333333334,713.1666666666667,647.1666666666667,-0.06490675271668526,-94.8051948051948,-1.202032141917016,5.274854867802387,-6.476887009719403,39.6364728428022,37.9919389981595,698.1400024414063,719.7675018310547,697.0799975585937,708.8890051269532,YUKEN.BO,2025-01-10 11:06:40.026759
234,2024-01-25 00:00:00+05:30,697.9000244140625,702.1500244140625,690.0,693.0499877929688,539,0.0,0.0,2024-01-25,721.4850006103516,19.203448454215845,740.6884490645674,702.2815521561357,759.8918975187833,683.0781037019199,-135.88569568452408,-24.643181131584324,-20499,695.2225740820668,854.0872982850412,621.7357156794136,73.51474897222265,695.0666707356771,700.1333414713542,687.9833170572917,707.2166951497396,682.9166463216146,712.2833658854167,675.8332926432292,-0.050587964280676904,-90.42858305431548,1.502141757907225,6.894076620232237,-5.391934862325012,43.82177193089283,39.872862464067495,704.9900024414062,721.4850006103516,697.182998046875,709.8086254882812,YUKEN.BO,2025-01-10 11:06:40.026759
235,2024-01-24 00:00:00+05:30,687.2999877929688,702.5,683.0,694.25,318,0.0,0.0,2024-01-24,721.6175018310547,19.005041934494034,740.6225437655487,702.6124598965607,759.6275857000428,683.6074179620666,-202.67338074785388,-28.623592866366483,-19960,410.8786246735494,893.8034793357849,621.6711827523617,81.93569973785769,693.25,703.5,684.0,712.75,673.75,723.0,664.5,-0.024747274518379762,-89.28571428571429,3.508590729466846,8.24206033581349,-4.7334696063466435,44.17902933410341,41.0320488391302,709.2200073242187,721.6175018310547,697.0859985351562,710.5118231201172,YUKEN.BO,2025-01-10 11:06:40.026759
236,2024-01-23 00:00:00+05:30,777.0,777.0,689.7999877929688,695.9000244140625,338,0.0,0.0,2024-01-23,719.4450012207031,24.09890335977072,743.5439045804738,695.3460978609324,767.6428079402446,671.2471945011617,-111.84546781068713,52.43242012473078,-19642,437.7580004223386,1014.5346930013436,621.6324137099195,78.64009425974407,720.9000040690104,752.000020345052,664.8000081380208,808.1000162760416,633.6999918619791,839.2000325520833,577.5999959309895,-0.03248373807792243,-87.71426246279762,5.906109941915815,9.425427737400149,-3.5193177954843335,44.64372621103809,42.28040339689003,715.5200073242188,719.4450012207031,696.8799987792969,710.7270385742188,YUKEN.BO,2025-01-10 11:06:40.026759
237,2024-01-19 00:00:00+05:30,721.5,746.75,721.5,729.0,868,0.0,0.0,2024-01-19,717.3225006103515,27.857965113465692,745.1804657238172,689.4645354968859,773.0384308372829,661.6065703834201,-38.28597447061097,89.32842572281903,-19304,1177.654222089043,1158.7288661460948,621.5902235797345,78.90238436715074,732.4166666666666,743.3333333333333,718.0833333333333,757.6666666666666,707.1666666666666,768.5833333333333,692.8333333333333,-0.01865489512528619,-56.19047619047619,8.723672136136997,10.305257186271232,-1.581585050134235,55.52256283087946,43.29472820743202,724.7400024414062,717.3225006103515,696.6319982910156,711.1954602050781,YUKEN.BO,2025-01-10 11:06:40.026759
238,2024-01-17 00:00:00+05:30,718.2999877929688,732.0999755859375,706.25,712.75,158,0.0,0.0,2024-01-17,713.8100006103516,30.60175338608517,744.4117539964368,683.2082472242664,775.013507382522,652.6064938381812,-183.08347877660756,48.26168773467713,-20172,209.58724689690212,1153.9975271603578,621.4332985248078,78.63195422405039,717.0333251953125,727.816650390625,701.9666748046875,742.88330078125,691.183349609375,753.6666259765625,676.11669921875,-0.023310338366512535,-71.66666666666667,8.938982620484808,10.70065344880479,-1.761670828319982,49.964248061745465,42.65081213648142,724.85,713.8100006103516,695.817998046875,711.1515795898438,YUKEN.BO,2025-01-10 11:06:40.026759
239,2024-01-16 00:00:00+05:30,775.0,775.0,709.3499755859375,714.2000122070312,585,0.0,0.0,2024-01-16,711.8649993896485,31.88210048835342,743.7470998780019,679.982898901295,775.6292003663553,648.1007984129416,-90.70712002840808,99.83102521196874,-20014,777.5821085290105,1390.1000972262216,621.4090071795729,75.3464356138168,732.8499959309896,756.3500162760417,690.6999918619792,798.5000203450521,667.1999715169271,822.0000406901042,625.0499674479167,0.010072415039285626,-70.28570265997024,10.679584943316854,11.141071155884784,-0.4614862125679302,50.487020980495544,42.258965310553435,729.1900024414062,711.8649993896485,695.2609985351562,710.0625122070312,YUKEN.BO,2025-01-10 11:06:40.026759
240,2024-01-15 00:00:00+05:30,733.0,742.6500244140625,716.5,725.75,1403,0.0,0.0,2024-01-15,709.9849975585937,32.83161167690884,742.8166092355026,677.1533858816848,775.6482209124114,644.321774204776,-55.65419720146448,92.3400652389678,-19429,1895.0263602191874,1543.2295944005243,621.3175255349057,75.26978662635777,728.3000081380209,740.1000162760417,713.9499918619792,754.4500325520834,702.1499837239584,766.2500406901042,687.7999674479167,-0.00184845462647904,-59.285714285714285,12.603467246200012,11.256442709026766,1.3470245371732457,54.72193365737801,41.65289814418056,734.25,709.9849975585937,694.5599987792968,709.0173809814453,YUKEN.BO,2025-01-10 11:06:40.026759
241,2024-01-12 00:00:00+05:30,738.0,745.0,733.5999755859375,742.0,304,0.0,0.0,2024-01-12,708.1699981689453,32.91747707804301,741.0874752469883,675.2525210909023,774.0049523250314,642.3350440128593,28.796253343255458,137.229352044366,-18026,419.8054079007624,1455.2804029458584,621.0700150839124,81.90120134797324,740.1999918619791,746.8000081380208,735.3999837239583,751.6000162760416,728.7999674479166,758.2000325520833,723.9999593098958,0.06802973415483658,-33.57664233576642,13.738159165792808,10.919686574733454,2.818472591059354,61.45666717951731,41.71427857119707,736.8199951171875,708.1699981689453,693.6249987792969,707.833275756836,YUKEN.BO,2025-01-10 11:06:40.026759
242,2024-01-11 00:00:00+05:30,788.0,788.0,728.2000122070312,729.5499877929688,616,0.0,0.0,2024-01-11,704.9999969482421,32.53870950063814,737.5387064488802,672.461287447604,770.0774159495185,639.9225779469658,69.5673770792677,177.84380564601156,-18330,836.3851371161019,1714.1491517071322,621.0078808470042,82.68650777672805,748.5833333333334,768.9666544596355,709.1666666666667,808.3833211263021,688.7833455403646,828.7666422526042,649.366678873698,0.05617390032744906,-42.52455948784648,13.382375954274607,10.215068426968614,3.1673075273059936,57.75809797928136,40.69071056381227,736.3099975585938,704.9999969482421,692.3599987792969,706.5870611572266,YUKEN.BO,2025-01-10 11:06:40.026759
243,2024-01-10 00:00:00+05:30,748.0499877929688,749.9500122070312,733.5499877929688,734.4500122070312,227,0.0,0.0,2024-01-10,702.5824981689453,32.4146132734013,734.9971114423466,670.167884895544,767.4117247157479,637.7532716221427,44.84709478957365,164.34857171345507,-17714,310.28346990399984,1933.59015535489,620.8947568509317,80.35422709220691,739.3166707356771,745.0833536783855,728.683329264323,755.7166951497396,722.9166463216146,761.483378092448,712.2833048502605,0.07985418393034593,-29.477607785779718,13.950239924246375,9.423241545142115,4.52699837910426,59.85724698359023,39.58840655585941,738.8,702.5824981689453,691.3639990234375,705.4104064941406,YUKEN.BO,2025-01-10 11:06:40.026759
244,2024-01-09 00:00:00+05:30,748.0,765.0,736.0,739.5,1679,0.0,0.0,2024-01-09,700.0774963378906,31.751354438511434,731.828850776402,668.3261418993792,763.5802052149135,636.5747874608677,81.1476641129638,212.18025701583312,-17487,2310.7843331520808,2339.4168267176124,620.8511278064194,79.00296206702977,746.8333333333334,757.6666666666667,728.6666666666667,775.8333333333334,717.8333333333334,786.6666666666667,699.6666666666667,0.08381733536247654,-25.290220708433075,13.983332452230684,8.29149195036605,5.691840501864634,62.01415605344178,39.228542847192976,743.75,700.0774963378906,690.6349987792969,704.3066192626953,YUKEN.BO,2025-01-10 11:06:40.026759
245,2024-01-08 00:00:00+05:30,743.8499755859375,744.2000122070312,725.9500122070312,738.5999755859375,358,0.0,0.0,2024-01-08,697.1774963378906,30.588621241888813,727.7661175797795,666.5888750960017,758.3547388216682,636.000253854113,63.425311817920665,195.8384119437745,-19166,492.11075383668094,2346.574950108995,620.5129906847429,70.81677751671668,736.25,746.5499877929688,728.2999877929688,754.5,718.0,764.7999877929688,710.0499877929688,0.10553205243977347,-26.03650976005992,13.316484959929767,6.868531824899891,6.447953135029876,61.78627885248314,38.680057765054,734.9699951171875,697.1774963378906,689.4029992675781,703.2477282714843,YUKEN.BO,2025-01-10 11:06:40.026759
246,2024-01-05 00:00:00+05:30,756.8499755859375,756.8499755859375,734.1500244140625,739.4500122070312,277,0.0,0.0,2024-01-05,694.5024963378906,29.077522029888033,723.5800183677787,665.4249743080026,752.6575403976667,636.3474522781146,108.96244928905669,257.87601676623905,-18808,381.2054749659199,2810.1909991770735,620.4411901653782,73.30081656184724,743.4833374023438,752.816650390625,730.11669921875,766.1832885742188,720.7833862304688,775.5166015625,707.416748046875,0.09280960696235707,-25.331669964725116,12.349591939203151,5.25654354114242,7.093048398060731,62.11305755017756,38.622019239045414,728.1900024414062,694.5024963378906,688.3629992675782,702.1498895263671,YUKEN.BO,2025-01-10 11:06:40.026759
247,2024-01-04 00:00:00+05:30,764.5499877929688,770.0,737.7999877929688,742.0,4905,0.0,0.0,2024-01-04,692.1349945068359,27.08459951350271,719.2195940203386,665.0503949933333,746.3041935338414,637.9657954798305,142.14728184385757,338.83884913412015,-18531,6773.50501892513,3417.4373802298614,620.385174974947,69.54715380893386,749.9333292643229,762.066670735677,729.8666585286458,782.1333414713541,717.7333170572916,794.2666829427083,697.6666463216145,0.10282724143757657,-23.217251797905774,10.84084511757112,3.4832814416272377,7.357563675943883,63.04186854106699,38.02753766366048,723.3,692.1349945068359,687.9819995117188,701.0270678710938,YUKEN.BO,2025-01-10 11:06:40.026759
248,2024-01-03 00:00:00+05:30,695.0,767.0,686.5499877929688,759.2000122070312,6382,0.0,0.0,2024-01-03,689.5499938964844,24.410027058595634,713.96002095508,665.1399668378887,738.3700480136756,640.7299397792931,134.63953000495178,331.8341076021625,-13626,9017.445915483147,2578.420470556044,619.3630423015111,58.80681402217291,737.5833333333334,788.616678873698,708.1666666666667,818.0333455403646,657.1333211263021,869.0666910807292,627.7166544596355,0.299129039349403,-6.632644058049843,8.493801599392896,1.6438905226412666,6.84991107675163,69.55643196721738,37.15171214250855,717.2800048828125,689.5499938964844,688.4259997558594,699.9881274414063,YUKEN.BO,2025-01-10 11:06:40.026759
249,2024-01-02 00:00:00+05:30,704.8499755859375,708.0,683.0,695.5999755859375,1138,0.0,0.0,2024-01-02,685.7774932861328,18.091897954702038,703.8693912408348,667.6855953314307,721.9612891955369,649.5936973767286,31.30372386599337,71.58761326502693,-20008,1473.2361267190722,968.6641093242681,617.8169481783885,30.534227618570256,695.5333251953125,708.066650390625,683.066650390625,720.5333251953125,670.5333251953125,733.066650390625,658.066650390625,0.052751960168677434,-37.44080373037742,3.6662401110420433,-0.06858724654664072,3.734827357588684,52.81430798100072,36.27168188341869,708.0099975585938,685.7774932861328,689.0269995117187,698.6463299560547,YUKEN.BO,2025-01-10 11:06:40.026759
250,2024-01-01 00:00:00+05:30,718.5,723.25,692.2000122070312,704.7000122070312,278,0.0,0.0,2024-01-01,685.3524932861328,17.948279438675712,703.3007727248086,667.4042138474571,721.2490521634843,649.4559344087813,74.05126023742142,163.4648800421781,-18870,364.6024770715886,842.521104975567,617.6632950910092,29.82815932994157,706.7166748046875,721.2333374023438,690.183349609375,737.7666625976562,675.6666870117188,752.2833251953125,659.1333618164062,0.030769782289908853,-25.118475186742018,3.6935893861998466,-1.0022940859438116,4.695883472143658,56.9774125465136,36.99015154709957,708.0300048828125,685.3524932861328,691.3290002441406,697.9135620117188,YUKEN.BO,2025-01-10 11:06:40.026759
251,2023-12-29 00:00:00+05:30,711.5,719.5499877929688,692.7000122070312,715.0,644,0.0,0.0,2023-12-29,684.3949920654297,17.363073802120436,701.7580658675502,667.0319182633093,719.1211396696706,649.6688444611889,102.5468283490588,196.50893935465496,-18592,856.9637453982172,962.0007619515615,617.6212736335075,27.94625621172132,709.0833333333334,725.4666544596355,698.616678873698,735.9333089192709,682.2333577473959,752.316630045573,671.7667032877605,0.001303284348907278,-7.475303992252233,2.77642554267743,-2.176264953979726,4.952690496657156,62.12421873899918,37.12949909144715,697.25,684.3949920654297,692.3109997558594,697.2071661376954,YUKEN.BO,2025-01-10 11:06:40.026759
252,2023-12-28 00:00:00+05:30,701.9500122070312,717.25,689.7000122070312,711.9000244140625,1023,0.0,0.0,2023-12-28,683.1299926757813,15.873716382769013,699.0037090585503,667.2562762930123,714.8774254413194,651.3825599102432,123.06838809071583,191.7864624841872,-19236,1355.3928224605595,988.2600160898975,617.5122401789678,22.508090537031507,706.2833455403646,722.866678873698,695.3166910807292,733.8333333333334,678.7333577473959,750.4166666666667,667.7667032877605,0.01621007186063698,-11.84762724631443,0.5457181036681504,-3.414437578144015,3.9601556818121653,61.14328201760093,37.4035600090823,684.9400024414062,683.1299926757813,692.5669995117188,696.2978790283203,YUKEN.BO,2025-01-10 11:06:40.026759
253,2023-12-27 00:00:00+05:30,706.7999877929688,720.2999877929688,701.5,712.8499755859375,539,0.0,0.0,2023-12-27,681.6799926757812,14.359685386142464,696.0396780619237,667.3203072896388,710.3993634480662,652.9606219034963,180.92513851696438,242.44110004899272,-18213,715.0846312535232,896.4768144972319,617.3440601680775,24.216118456369614,711.5499877929688,721.5999755859375,702.7999877929688,730.3499755859375,692.75,740.3999633789062,684.0,-0.037997843538693496,-10.507780049499623,-2.013231220443231,-4.404476498597056,2.391245278153825,61.59724233451459,37.773121913611746,674.3099975585938,681.6799926757812,692.7309985351562,695.552446899414,YUKEN.BO,2025-01-10 11:06:40.026759
254,2023-12-26 00:00:00+05:30,660.4000244140625,719.9000244140625,651.0,695.7000122070312,1019,0.0,0.0,2023-12-26,680.4949951171875,12.510963357801751,693.0059584749893,667.9840317593857,705.516921832791,655.473068401584,93.90535407197065,44.09124405958477,-18752,1319.3703952766339,941.824860308159,617.2543152440708,22.216817496854105,688.8666788736979,726.7333577473958,657.8333333333333,757.7667032877604,619.9666544596354,795.6333821614583,588.9333089192708,-0.061200264047152,-41.650911104786665,-5.352514088385078,-5.002287818135512,-0.350226270249566,56.13827225086256,37.410717343577204,666.5099975585938,680.4949951171875,692.7819995117187,694.7305877685546,YUKEN.BO,2025-01-10 11:06:40.026759
255,2023-12-22 00:00:00+05:30,652.4000244140625,655.3499755859375,650.5499877929688,650.7999877929688,138,0.0,0.0,2023-12-22,679.6849945068359,11.988229599047926,691.6732241058838,667.696764907788,703.6614537049318,655.70853530874,-133.7610796191176,-288.2853183479308,-19771,167.14645206119175,847.4384765660403,617.114708506849,12.765075520795648,652.2333170572916,653.9166463216145,649.1166585286458,657.0333048502604,647.4333292643229,658.7166341145833,644.316670735677,-0.0895065205303844,-98.23571038482544,-7.857697820048884,-4.91473125057312,-2.9429665694757636,32.97640611414967,37.03084087468448,662.689990234375,679.6849945068359,693.1199987792969,693.8549731445313,YUKEN.BO,2025-01-10 11:06:40.026759
256,2023-12-21 00:00:00+05:30,651.4500122070312,657.0999755859375,649.4000244140625,653.4500122070312,453,0.0,0.0,2023-12-21,681.5999938964844,10.030451351766436,691.6304452482509,671.5695425447179,701.6608966000173,661.5390911929516,-186.9789819639881,-308.8379923940261,-19633,550.9105793355036,1017.5114826922523,617.106587927959,18.235130323983896,653.3166707356771,657.2333170572917,649.5333658854167,661.0166219075521,645.6167195638021,664.9332682291667,641.8334147135417,-0.051607486067654015,-94.97519972738631,-6.524064014202622,-4.178989608204179,-2.345074405998443,33.959194562467104,39.03554428505069,670.4199951171875,681.5999938964844,694.2279992675781,693.520259399414,YUKEN.BO,2025-01-10 11:06:40.026759
257,2023-12-20 00:00:00+05:30,678.0,678.0,655.9000244140625,658.75,611,0.0,0.0,2023-12-20,683.047494506836,7.532045753613682,690.5795402604497,675.5154487532222,698.1115860140633,667.9834029996086,-190.96331100863586,-203.18508432351857,-19180,749.0872039020481,1134.1617085314394,617.0778049576301,14.979232394829396,664.2166748046875,672.5333251953125,650.433349609375,686.316650390625,642.11669921875,694.63330078125,628.3333740234375,-0.17308022399513637,-94.6843853820598,-4.978746409402447,-3.5927210067045676,-1.3860254026978795,35.94889443065763,41.19445565006046,675.4499877929687,683.047494506836,695.3169995117188,693.17203125,YUKEN.BO,2025-01-10 11:06:40.026759
258,2023-12-19 00:00:00+05:30,679.25,679.6500244140625,659.75,673.8499755859375,1668,0.0,0.0,2023-12-19,684.6124938964844,5.0658025943663825,689.6782964908507,679.546691302118,694.7440990852172,674.4808887077515,-159.5446200959919,-123.98244403538878,-18569,2091.846453958193,1230.4303346887873,617.0332430973397,25.186418025011776,671.0833333333334,682.4166666666667,662.5166422526042,690.9833577473959,651.1833089192709,702.3166910807292,642.6166178385417,-0.07220513702447472,-74.61797264327242,-3.4468045403006045,-3.246214656030097,-0.2005898842705074,42.54333782478354,43.09601598940478,679.939990234375,684.6124938964844,696.4229992675781,692.8871765136719,YUKEN.BO,2025-01-10 11:06:40.026759
259,2023-12-18 00:00:00+05:30,691.5499877929688,692.0,676.0,676.5999755859375,852,0.0,0.0,2023-12-18,684.8824951171875,4.582870221057455,689.465365338245,680.2996248961301,694.0482355593025,675.7167546750726,-62.72793175628197,-54.72610382599799,-16901,1072.8576752176648,1015.0763048714359,616.8668950545759,28.07343845364575,681.5333251953125,687.066650390625,671.066650390625,697.5333251953125,665.5333251953125,703.066650390625,655.066650390625,-0.11347039117489438,-70.96348759343854,-2.920349219530749,-3.1960671849624696,0.27571796543172056,43.90535039787216,44.89256286237914,682.039990234375,684.8824951171875,697.3459997558593,692.4847857666016,YUKEN.BO,2025-01-10 11:06:40.026759
260,2023-12-15 00:00:00+05:30,672.25,691.2000122070312,654.75,689.4500122070312,1444,0.0,0.0,2023-12-15,685.0824951171875,4.2796405010606255,689.3621356182481,680.8028546161269,693.6417761193087,676.5232141150663,-107.31761420480103,-66.37202422412172,-16049,1852.8510877471047,1000.6309622848786,616.7774307328148,24.836966214338716,678.4666748046875,702.183349609375,665.7333374023438,714.9166870117188,642.0166625976562,738.6333618164062,629.2833251953125,-0.07587587152938667,-56.15918950889655,-2.4729124949158177,-3.2649966763203992,0.7920841814045816,50.988142562979334,45.6897636345402,683.0199951171875,685.0824951171875,698.3690002441406,692.0628857421875,YUKEN.BO,2025-01-10 11:06:40.026759
261,2023-12-14 00:00:00+05:30,685.0499877929688,685.0499877929688,676.75,678.5999755859375,269,0.0,0.0,2023-12-14,684.4949951171875,4.451574865836036,688.9465699830236,680.0434202513514,693.3981448488596,675.5918453855154,-107.46462523543939,-61.01093176222391,-17493,339.73215943559893,787.575930919322,616.5924881288146,27.919744714083436,680.1333211263021,683.5166422526042,675.2166544596355,688.4333089192709,671.8333333333334,691.816630045573,666.9166666666667,-0.15333097608406998,-87.91737259765137,-3.1281234390404506,-3.4630177216715445,0.3348942826310939,43.89141199071725,46.576881767503366,682.1499877929688,684.4949951171875,699.3009997558594,691.6653198242187,YUKEN.BO,2025-01-10 11:06:40.026759
262,2023-12-13 00:00:00+05:30,686.0499877929688,686.0499877929688,680.5999755859375,681.2000122070312,66,0.0,0.0,2023-12-13,684.3249969482422,4.743867628257176,689.0688645764993,679.581129319985,693.8127322047566,674.8372616917278,-94.13252070084371,-54.038264497312674,-17224,83.67372868985886,899.5368737902526,616.563077687542,27.231248995137165,682.6166585286459,684.6333414713542,679.183329264323,688.0666707356771,677.1666463216146,690.0833536783855,673.7333170572917,-0.2633026055310836,-83.78377067092069,-2.8510319739250463,-3.5467412923293176,0.6957093184042713,45.35264231776779,45.78229360754037,684.8499877929687,684.3249969482422,700.12,691.3108251953125,YUKEN.BO,2025-01-10 11:06:40.026759
263,2023-12-12 00:00:00+05:30,692.1500244140625,692.1500244140625,676.6500244140625,684.3499755859375,1397,0.0,0.0,2023-12-12,684.3699951171875,4.716856754125478,689.086851871313,679.653138363062,693.8037086254385,674.9362816089365,-71.9856490949498,-49.85679678737226,-17158,1779.2837079943984,1103.502660065351,616.5555548729862,43.921203460796065,684.3833414713541,692.1166585286458,676.6166585286458,699.8833414713541,668.8833414713541,707.6166585286458,661.1166585286458,-0.3027499076538012,-82.52621554989942,-2.709137689999693,-3.7206686219303853,1.0115309319306922,47.117348850110204,44.58457446458747,686.6699829101562,684.3699951171875,700.8469995117188,691.0217309570312,YUKEN.BO,2025-01-10 11:06:40.026759
264,2023-12-11 00:00:00+05:30,693.5,696.5499877929688,679.9500122070312,681.5,985,0.0,0.0,2023-12-11,684.3349975585937,4.7196090136311515,689.0546065722249,679.6153885449626,693.774215585856,674.8957795313314,-58.479937988125016,-46.28955252634279,-18555,1249.3169452320537,934.5573980830889,616.388131058348,62.099082607154585,686.0,692.0499877929688,675.4500122070312,702.5999755859375,669.4000244140625,708.6499633789062,658.8500366210938,-0.36957743969626855,-86.25654889441721,-2.7966461336544626,-3.9735513549130577,1.176905221258595,45.33017328217387,43.294723079868966,686.5499877929688,684.3349975585937,701.67,690.6077386474609,YUKEN.BO,2025-01-10 11:06:40.026759
265,2023-12-08 00:00:00+05:30,690.0499877929688,693.9500122070312,681.7000122070312,685.0999755859375,383,0.0,0.0,2023-12-08,684.6699981689453,4.745502549429006,689.4155007183743,679.9244956195163,694.1610032678034,675.1789930700872,-38.411180472126574,-45.02898035206404,-17570,488.34108743926674,855.8675112958475,616.2745567391411,64.41692873268352,686.9166666666666,692.133321126302,679.883321126302,699.1666666666666,674.6666666666666,704.383321126302,667.633321126302,-0.30163608745364007,-81.54454047092922,-2.5856306192085867,-4.267777660227706,1.6821470410191193,47.2012000331689,41.640161799116456,687.6699829101562,684.6699981689453,702.3490002441406,689.9305633544922,YUKEN.BO,2025-01-10 11:06:40.026759
266,2023-12-07 00:00:00+05:30,686.0999755859375,695.0499877929688,686.0999755859375,692.0999755859375,290,0.0,0.0,2023-12-07,684.6125,4.746985042627723,689.3594850426276,679.8655149573723,694.1064700852554,675.1185299147445,10.119373740921155,-33.33778725534632,-17187,373.5402213172923,947.7491172599927,616.2278449993888,66.74800268969894,691.0833129882812,696.066650390625,687.1166381835938,700.0333251953125,682.13330078125,705.0166625976562,678.1666259765625,-0.28232634800356615,-72.38223973387402,-2.630833645249595,-4.688314420482485,2.0574807752328903,51.00214815445999,39.90136816933961,687.7599853515625,684.6125,702.8860009765625,689.1229907226563,YUKEN.BO,2025-01-10 11:06:40.026759
267,2023-12-06 00:00:00+05:30,728.75,728.75,682.75,690.2999877929688,295,0.0,0.0,2023-12-06,684.1825012207031,4.4106382131563535,688.5931394338595,679.7718630075467,693.0037776470158,675.3612247943904,88.29260577029669,-4.446715151143995,-17477,378.9923306721207,1091.3013412456678,616.1888344628521,66.17762162912175,700.5999959309896,718.4499918619792,672.4499918619792,746.5999959309896,654.5999959309896,764.4499918619792,626.4499918619792,-0.2879627705218221,-74.73824394561801,-3.3382400400257666,-5.202684614290708,1.8644445742649411,50.041559266197034,37.70510178800944,687.2799926757813,684.1825012207031,703.3690014648438,688.3208361816406,YUKEN.BO,2025-01-10 11:06:40.026759
268,2023-12-05 00:00:00+05:30,679.9500122070312,691.0,679.9500122070312,683.75,243,0.0,0.0,2023-12-05,684.0825012207031,4.285538185269663,688.3680394059727,679.7969630354335,692.6535775912424,675.5114248501637,-58.29422178449318,-54.18196910081689,-17772,309.2246829314065,1269.3785938890546,616.150052084351,52.18562260145426,684.9000040690104,689.8499959309895,678.8000081380208,695.9499918619791,673.8500162760416,700.8999837239583,667.750020345052,-0.2792814102895875,-83.3115236575066,-4.016083671302567,-5.668795757856942,1.6527120865543745,46.497345049046345,35.33989183888465,685.8,684.0825012207031,703.9840014648438,687.5196997070312,YUKEN.BO,2025-01-10 11:06:40.026759
269,2023-12-04 00:00:00+05:30,730.0,730.0,674.7000122070312,687.0999755859375,563,0.0,0.0,2023-12-04,684.1400024414063,4.288556207255159,688.4285586486615,679.8514462341511,692.7171148559166,675.562890026896,82.9860846513005,-18.99049414650434,-17529,719.9442507246373,1509.4170716284664,616.1209000589388,57.75767006728265,697.2666625976562,719.8333129882812,664.5333251953125,752.566650390625,641.9666748046875,775.13330078125,609.2333374023438,-0.2639153613964689,-78.92674026034202,-4.178004618534146,-6.081973779495535,1.9039691609613891,48.1185674711414,33.36029994989533,686.8800048828125,684.1400024414063,704.8130017089844,686.7695794677734,YUKEN.BO,2025-01-10 11:06:40.026759
270,2023-12-01 00:00:00+05:30,692.0,700.0,675.4500122070312,685.5499877929688,2478,0.0,0.0,2023-12-01,683.7425048828125,4.367469013104989,688.1099738959174,679.3750358697075,692.4774429090224,675.0075668566025,-10.383044637283648,-50.504505015773354,-18092,3161.6294581887278,1706.7852768544235,616.0499114005734,51.976480455270725,687.0,698.5499877929688,674.0,711.5499877929688,662.4500122070312,723.0999755859375,649.4500122070312,-0.2612892514062416,-80.95551944576262,-4.651931235672578,-6.5579660697358815,1.9060348340633038,47.329555417953564,31.22843176175298,685.360009765625,683.7425048828125,705.7310021972656,685.9964477539063,YUKEN.BO,2025-01-10 11:06:40.026759
271,2023-11-30 00:00:00+05:30,684.75,692.0,683.0,689.7000122070312,1363,0.0,0.0,2023-11-30,683.415005493164,4.469193775855718,687.8841992690197,678.9458117173083,692.3533930448755,674.4766179414526,13.837747989207264,-49.08644310866139,-15614,1749.551091120809,1343.0742315208472,615.7426182995424,61.846116743936356,688.2333374023438,693.4666748046875,684.4666748046875,697.2333374023438,679.2333374023438,702.4666748046875,675.4666748046875,-0.2666883261423392,-75.5235520532252,-5.0355668001909635,-7.034474778251706,1.9989079780607426,49.18939227788974,29.504016966713138,686.0700073242188,683.415005493164,706.4900024414062,685.1908685302734,YUKEN.BO,2025-01-10 11:06:40.026759
272,2023-11-29 00:00:00+05:30,685.0,688.7999877929688,681.4000244140625,682.9000244140625,372,0.0,0.0,2023-11-29,682.8675048828125,4.327184544785546,687.194689427598,678.540320338027,691.5218739723836,674.2131357932413,-15.003156667077196,-61.797361572570516,-16977,472.79253204934196,1241.455016620857,615.5623160404934,64.08418532025098,684.3666788736979,687.3333333333333,679.933369954427,691.7666422526041,676.9667154947916,694.7332967122395,672.5334065755208,-0.3166442308507494,-82.58638893208845,-5.85915463493393,-7.534201772766892,1.675047137832962,45.95831424967746,27.82381791614451,684.610009765625,682.8675048828125,707.2430017089844,684.414711303711,YUKEN.BO,2025-01-10 11:06:40.026759
273,2023-11-28 00:00:00+05:30,679.5,733.9000244140625,679.5,689.1500244140625,365,0.0,0.0,2023-11-28,682.7100036621093,4.3829072428671765,687.0929109049765,678.3270964192421,691.4758181478437,673.944189176375,135.9459909113923,-18.87113603448724,-16605,468.1415408787925,1433.6206377637357,615.5174813629679,64.93476329982992,700.8500162760416,722.2000325520833,667.8000081380208,755.2500406901041,646.4499918619791,776.6000569661458,613.3999837239583,-0.3228914026804016,-74.58383186502562,-6.15512579776032,-7.952963557225131,1.7978377594648114,48.595723533667375,26.084617573484795,686.0400024414063,682.7100036621093,707.7500012207031,683.6990625,YUKEN.BO,2025-01-10 11:06:40.026759
274,2023-11-24 00:00:00+05:30,671.0,693.0499877929688,671.0,679.5,268,0.0,0.0,2023-11-24,683.1525024414062,5.396790758967746,688.549293200374,677.7557116824385,693.9460839593418,672.3589209234707,-45.22956824526084,-73.74593669037131,-16970,338.9181249608818,1674.9904119849714,615.4693465537033,65.04776193901438,681.1833292643229,691.3666585286458,669.316670735677,703.2333170572916,659.1333414713541,713.4166463216145,647.2666829427083,-0.30835365409315557,-86.93981123655918,-7.056329395655439,-8.402422997091334,1.3460936014358946,43.98718235211689,24.211632589082026,684.0599975585938,683.1525024414062,708.7590002441407,682.8220208740235,YUKEN.BO,2025-01-10 11:06:40.026759
275,2023-11-23 00:00:00+05:30,682.4000244140625,690.0,680.5499877929688,689.0999755859375,503,0.0,0.0,2023-11-23,683.0725036621094,5.465207727910228,688.5377113900196,677.6072959341992,694.0029191179299,672.1420882062889,13.6955326890839,-62.5112031461437,-16702,645.0906682536337,2009.0084837409938,615.438597778221,67.1978455174823,686.5499877929688,692.5499877929688,683.0999755859375,696.0,677.0999755859375,702.0,673.6499633789062,-0.2915825651420636,-74.6479148415392,-7.152847818913983,-8.738946397450306,1.5860985785363226,47.95904263850758,23.187380027614044,684.2799926757813,683.0725036621094,710.2090002441406,682.1273864746094,YUKEN.BO,2025-01-10 11:06:40.026759
276,2023-11-22 00:00:00+05:30,729.7999877929688,747.4000244140625,674.9500122070312,682.4000244140625,2743,0.0,0.0,2023-11-22,682.9475036621094,5.3474123356208105,688.2949159977302,677.6000913264886,693.642328333351,672.2526789908678,210.46949643585634,-23.025928356817726,-17205,3483.656946497478,2349.987937612834,615.3721463178125,69.32982334385412,701.5833536783854,728.2166951497395,655.7666829427083,774.0333658854166,629.1333414713541,800.6667073567708,583.316670735677,-0.4238919282080141,-83.22659349745348,-8.113496307626633,-9.135471042084385,1.0219747344577517,44.72444853810337,21.450527912592463,682.0,682.9475036621094,711.6140002441406,681.3482391357422,YUKEN.BO,2025-01-10 11:06:40.026759
277,2023-11-21 00:00:00+05:30,681.5999755859375,695.0,681.0,690.0499877929688,3620,0.0,0.0,2023-11-21,684.8475036621094,9.930000085345545,694.777503747455,674.9175035767638,704.7075038328005,664.9875034914182,92.03792302789489,-60.59111843453452,-14462,4649.001250542552,2066.5706853916727,615.0407712896634,61.52031759113492,688.6833292643229,696.3666585286458,682.3666585286458,702.6833292643229,674.6833292643229,710.3666585286458,668.3666585286458,-0.43253474639837614,-48.51115065692325,-8.560642040526659,-9.390964725698822,0.8303226851721632,47.87965260067008,19.580071788723068,680.5599975585938,684.8475036621094,712.3009997558594,680.6650604248047,YUKEN.BO,2025-01-10 11:06:40.026759
278,2023-11-20 00:00:00+05:30,684.75,686.0,672.5,679.25,465,0.0,0.0,2023-11-20,688.5550048828125,20.350011764401163,708.9050166472136,668.2049931184113,729.2550284116148,647.8549813540101,-76.13519290178694,-90.1674927256915,-18082,587.8318859156245,1420.963044103953,614.5481598012669,50.990434777661946,679.25,686.0,672.5,692.75,665.75,699.5,659.0,-0.5314232897001129,-75.31013592821174,-9.756822864048104,-9.598545396991863,-0.1582774670562408,42.56821060818078,19.21599323740118,678.9699951171875,688.5550048828125,713.2109997558593,679.7965002441406,YUKEN.BO,2025-01-10 11:06:40.026759
279,2023-11-17 00:00:00+05:30,683.9500122070312,685.7999877929688,676.5499877929688,680.5999755859375,217,0.0,0.0,2023-11-17,694.0550048828125,30.189084401655506,724.2440892844679,663.865920481157,754.4331736861235,633.6768360795014,-58.59630760249592,-90.23078905765368,-17617,274.86674718877856,1629.2458336510351,614.4935315314945,54.0702905712294,680.9833170572916,685.4166463216145,676.1666463216145,690.2333170572916,671.7333170572916,694.6666463216145,666.9166463216145,-0.5391769471018004,-86.00620706753097,-10.076830986309005,-9.558976030227804,-0.5178549560812016,43.077756788829035,19.215950876102106,679.85,694.0550048828125,714.572744140625,679.0544201660156,YUKEN.BO,2025-01-10 11:06:40.026759
280,2023-11-16 00:00:00+05:30,674.9000244140625,680.2999877929688,674.5,677.7000122070312,417,0.0,0.0,2023-11-16,700.5600067138672,39.66634160292717,740.2263483167944,660.89366511094,779.8926899197215,621.2273235080129,-139.21476451641084,-105.48449157931745,-17834,525.9495506214153,1967.840605266599,614.4674746438411,55.568536657389956,677.5,680.5,674.7000122070312,683.2999877929688,671.7000122070312,686.2999877929688,668.9000244140625,-0.20089054925561944,-89.59749298568111,-10.466811238632317,-9.429512291207502,-1.0372989474248158,41.68538533038703,18.950401776697685,681.3700073242187,700.5600067138672,715.9993884277344,678.4316955566406,YUKEN.BO,2025-01-10 11:06:40.026759
281,2023-11-15 00:00:00+05:30,684.6500244140625,684.6500244140625,674.2999877929688,675.2000122070312,3520,0.0,0.0,2023-11-15,704.3650054931641,40.98607619108278,745.3510816842469,663.3789293020812,786.3371578753296,622.3928531109985,-144.79582868871475,-110.88167975523497,-18251,4423.29235626457,2328.3133689278948,614.4195427313724,54.66605774670578,678.0500081380209,681.800028483073,671.4499918619792,688.4000447591146,667.6999715169271,692.1500651041667,661.0999552408855,-0.19628472098565994,-74.81257842911776,-10.521913634386806,-9.170187554351298,-1.3517260800355082,40.52073370864822,18.889833713446365,682.6200073242187,704.3650054931641,717.7677233886719,677.6187091064453,YUKEN.BO,2025-01-10 11:06:40.026759
282,2023-11-13 00:00:00+05:30,709.5,709.5999755859375,678.0,682.0999755859375,1924,0.0,0.0,2023-11-13,706.995004272461,40.70275697355255,747.6977612460136,666.2922472989084,788.400518219566,625.5894903253559,138.6138472024098,-81.80516952369572,-14731,2442.4385254798212,1804.5686220937262,614.0281230597808,44.41152258983964,689.8999837239584,701.7999674479167,670.1999918619792,721.4999593098959,658.3000081380209,733.3999430338542,638.6000162760417,-0.13618474405210532,-67.91606246633306,-10.186826343581629,-8.832256034342421,-1.3545703092392074,42.70667654087498,18.82460656840648,684.2800048828125,706.995004272461,719.35630859375,676.7328289794922,YUKEN.BO,2025-01-10 11:06:40.026759
283,2023-11-10 00:00:00+05:30,686.8499755859375,690.4500122070312,683.6500244140625,683.6500244140625,1571,0.0,0.0,2023-11-10,708.8950042724609,40.36501344607712,749.260017718538,668.5299908263838,789.6250311646152,628.1649773803067,-1.7961800101871548,-100.05541962998238,-12807,1998.8516298116913,1645.1011462472025,613.78766464511,27.581641583729123,685.9166870117188,688.183349609375,681.3833618164062,692.7166748046875,679.11669921875,694.9833374023438,674.5833740234375,-0.10144483241472649,-71.37385971206773,-10.283009063979648,-8.49361345703262,-1.7893956069470285,43.19271419837689,18.547364547012066,685.5200073242188,708.8950042724609,720.6980126953125,675.6940405273438,YUKEN.BO,2025-01-10 11:06:40.026759
284,2023-11-09 00:00:00+05:30,681.5499877929688,689.9000244140625,680.9500122070312,688.2000122070312,1118,0.0,0.0,2023-11-09,710.4825042724609,39.94203369195062,750.4245379644116,670.5404705805103,790.3665716563621,630.5984368885597,-10.890415358526361,-104.38056487057196,-11236,1431.9472491187773,1556.66352535608,613.5855763163055,27.02683364916774,686.3500162760416,691.750020345052,682.8000081380208,695.3000284830729,677.4000040690104,700.7000325520833,673.8499959309895,-0.06846667037105714,-73.10804963763461,-10.403005248714067,-8.046264555295863,-2.356740693418203,44.57553440480903,18.9713226505346,685.7700073242188,710.4825042724609,722.4342529296875,674.8590130615235,YUKEN.BO,2025-01-10 11:06:40.026759
285,2023-11-08 00:00:00+05:30,694.9500122070312,703.0999755859375,669.2999877929688,683.9500122070312,2523,0.0,0.0,2023-11-08,711.7025024414063,39.596757825146234,751.2992602665526,672.10574461626,790.8960180916988,632.5089867911138,-5.553578487194257,-112.1661470485281,-12354,3211.5312485126483,1587.8425944154055,613.4316611546283,35.10855307618502,685.4499918619791,701.5999959309895,667.8000081380208,719.2499796549479,651.6500040690104,735.3999837239583,634.000020345052,-0.09448769896546642,-80.43226962130764,-10.8471202944055,-7.457079381941311,-3.3900409124641886,42.99253856492974,19.449564868644313,683.960009765625,711.7025024414063,723.9376477050781,673.9704943847656,YUKEN.BO,2025-01-10 11:06:40.026759
286,2023-11-07 00:00:00+05:30,680.9500122070312,689.9000244140625,675.9500122070312,683.5,114,0.0,0.0,2023-11-07,712.8150024414062,39.08525427600046,751.9002567174067,673.7297481654058,790.9855109934072,634.6444938894053,-36.20122853272595,-126.18535021083123,-14877,145.01532831881957,1181.9204308910948,613.1018521064461,53.533646238407314,683.1166788736979,690.2833455403645,676.3333333333333,697.0666910807291,669.1666666666666,704.2333577473958,662.383321126302,-0.08852355747028838,-80.69164265129683,-10.832811219655923,-6.609569153825264,-4.223242065830659,42.83200341703875,19.96459494968554,682.9700073242187,712.8150024414062,724.5740783691406,673.011099243164,YUKEN.BO,2025-01-10 11:06:40.026759
287,2023-11-06 00:00:00+05:30,694.75,697.3499755859375,680.1500244140625,688.2999877929688,434,0.0,0.0,2023-11-06,714.0350036621094,38.49846512037639,752.5334687824858,675.536538541733,791.0319339028622,637.0380734213566,-19.511448009389788,-116.96326377220805,-14763,555.9529401153814,1441.1467065341635,613.086972171303,54.57541897832567,688.5999959309896,697.0499674479167,679.8500162760417,705.7999471028646,671.4000447591146,714.2499186197917,662.6500651041667,-0.09464659242832454,-77.92507908186239,-10.606038380539303,-5.553758637367599,-5.052279743171704,44.06095966713476,21.001513425372217,682.0200073242188,714.0350036621094,725.7589221191406,672.0442175292969,YUKEN.BO,2025-01-10 11:06:40.026759
288,2023-11-03 00:00:00+05:30,692.75,692.75,672.0999755859375,684.9000244140625,734,0.0,0.0,2023-11-03,715.3225036621094,38.02011972461781,753.3426233867272,677.3023839374916,791.362743111345,639.2822642128738,-55.09598690531985,-143.46249484603405,-15197,935.6076874572831,1662.445148138859,613.0264008155086,55.82758025874722,683.25,694.4000244140625,673.75,703.9000244140625,662.5999755859375,715.050048828125,653.0999755859375,-0.11432585411683034,-79.8847121532781,-10.627728946727075,-4.290688701574672,-6.337040245152402,42.98496422526403,21.94051146108073,680.310009765625,715.3225036621094,726.4851611328126,671.0443194580079,YUKEN.BO,2025-01-10 11:06:40.026759
289,2023-11-02 00:00:00+05:30,680.7999877929688,692.8499755859375,676.25,679.1500244140625,249,0.0,0.0,2023-11-02,717.0775024414063,37.346043183418644,754.4235456248249,679.7314592579877,791.7695888082436,642.385416074569,-58.83577392837571,-152.92904609061756,-15931,314.7281635835517,1844.1545133092527,612.9283746349515,54.075834061293676,682.75,689.25,672.6500244140625,699.3499755859375,666.1500244140625,705.8499755859375,656.050048828125,-0.12306627508739196,-83.19883319074208,-10.159628369958114,-2.7064286402865716,-7.453199729671542,41.209099938901495,23.110006672644623,682.9300048828125,717.0775024414063,724.8640258789062,670.065435180664,YUKEN.BO,2025-01-10 11:06:40.026759
290,2023-11-01 00:00:00+05:30,683.1500244140625,691.2000122070312,670.0,679.0,750,0.0,0.0,2023-11-01,719.5075012207031,36.315229965121496,755.8227311858246,683.1922712555817,792.1379611509461,646.8770412904602,-70.67006386839185,-170.75569980494794,-16180,947.7669881076358,2226.5111007406776,612.8977213651802,53.96333017071354,680.0666707356771,690.1333414713542,668.933329264323,701.2666829427084,658.8666585286459,711.3333536783855,647.7333170572917,-0.11868544866351892,-83.28530259365995,-8.84009614106526,-0.8431287078686859,-7.996967433196574,41.16470872603357,24.211309117571382,682.6800048828125,719.5075012207031,723.4747631835937,669.3338446044922,YUKEN.BO,2025-01-10 11:06:40.026759
291,2023-10-31 00:00:00+05:30,689.5999755859375,691.5,677.0,678.75,146,0.0,0.0,2023-10-31,722.3600006103516,35.18910101337669,757.5491016237282,687.1708995969749,792.7382026371049,651.9817985835982,-81.57321423744256,-168.48793004098414,-16930,184.43071007166705,2546.197128898938,612.8054299951709,55.4228947246135,682.4166666666666,687.8333333333333,673.3333333333333,696.9166666666666,667.9166666666666,702.3333333333333,658.8333333333333,-0.1227061266404817,-83.42939481268012,-7.001979047521104,1.1561131504304576,-8.15809219795156,41.09587573018554,25.447576539438955,684.2,722.3600006103516,722.041552734375,668.6956536865234,YUKEN.BO,2025-01-10 11:06:40.026759
292,2023-10-30 00:00:00+05:30,750.0499877929688,750.0499877929688,677.0499877929688,679.75,396,0.0,0.0,2023-10-30,724.4,33.67805457647661,758.0780545764766,690.7219454235234,791.7561091529532,657.0438908470468,-61.890629788121764,-104.22534409828437,-16784,500.97371747825537,3136.6387336057555,612.7875019330129,54.780200535310236,702.2833251953125,727.5166625976562,654.5166625976562,775.2833251953125,629.2833251953125,800.5166625976562,581.5166625976562,-0.12388749547375509,-82.85302593659942,-4.51792035885444,3.1956361999183476,-7.713556558772787,41.275234916812565,26.537418833487838,692.5300048828125,724.4,720.8141235351562,668.1528619384766,YUKEN.BO,2025-01-10 11:06:40.026759
293,2023-10-27 00:00:00+05:30,686.0,710.4500122070312,685.9500122070312,698.0,678,0.0,0.0,2023-10-27,726.2899993896484,32.06233571165103,758.3523351012994,694.2276636779974,790.4146708129505,662.1653279663464,-75.31595268040967,-122.94121036974335,-16388,880.7560933137163,3795.5549876376303,612.7380880881307,53.36893746569999,698.1333414713541,710.316670735677,685.816670735677,722.6333414713541,673.6333414713541,734.816670735677,661.316670735677,-0.12674121168939909,-72.3342939481268,-1.367604002018311,5.124025339611544,-6.491629341629855,44.57181713588085,27.709446787970073,709.4200073242188,726.2899993896484,719.4568139648437,667.5411340332031,YUKEN.BO,2025-01-10 11:06:40.026759
294,2023-10-26 00:00:00+05:30,650.0,692.9500122070312,650.0,677.9000244140625,664,0.0,0.0,2023-10-26,727.6649993896484,31.36739976138064,759.032399151029,696.2975996282678,790.3997989124097,664.9301998668872,-137.20079372298997,-212.2843996754875,-17066,837.7303869343816,4524.2547112186085,612.63022927831,50.03086357055332,673.6166788736979,697.2333577473958,654.2833455403645,716.5666910807291,630.6666666666666,740.183369954427,611.3333333333333,-0.1188187561677853,-83.91929428584294,0.8891283639616177,6.746932675019007,-5.857804311057389,39.64166755326433,29.584253197432723,727.6700073242188,727.6649993896484,717.9782397460938,666.8423022460937,YUKEN.BO,2025-01-10 11:06:40.026759
295,2023-10-25 00:00:00+05:30,723.25,729.0,681.2999877929688,686.5999755859375,6766,0.0,0.0,2023-10-25,729.5424987792969,29.286708577175034,758.8292073564719,700.255790202122,788.115915933647,670.9690816249469,-103.72531684281,-136.26795740322905,-16402,8645.822537459775,5445.885792289665,612.5492657220265,50.76839671098389,698.9666544596354,716.633321126302,668.9333089192708,746.6666666666666,651.2666422526041,764.3333333333333,621.2332967122395,-0.1274339783425163,-96.27286403797743,5.744501058960736,8.211383752783354,-2.466882693822617,41.11137175197088,31.025859685554483,754.2300048828125,729.5424987792969,717.0924572753906,666.5212780761718,YUKEN.BO,2025-01-10 11:06:40.026759
296,2023-10-23 00:00:00+05:30,762.2000122070312,767.5499877929688,710.5,720.4000244140625,5642,0.0,0.0,2023-10-23,730.8100006103516,27.843376566780957,758.6533771771326,702.9666240435706,786.4967537439135,675.1232474767897,-25.279608368080808,-15.70965967662299,-9636,7564.44972186249,4645.901605997137,611.6012951341288,61.64476829346324,732.8166707356771,755.1333414713542,698.0833536783855,789.8666585286459,675.7666829427084,812.183329264323,641.0333658854167,0.03943599149381235,-83.48176160804655,11.016998165797986,8.828104426239006,2.1888937395589796,47.458964280143675,33.30567226062745,767.6700073242188,730.8100006103516,715.9367797851562,665.7566424560547,YUKEN.BO,2025-01-10 11:06:40.026759
297,2023-10-20 00:00:00+05:30,786.5999755859375,792.0499877929688,757.8499755859375,764.2000122070312,1804,0.0,0.0,2023-10-20,730.6024993896484,27.940334579982583,758.542833969631,702.6621648096658,786.4831685496135,674.7218302296833,69.25597340636124,125.24457265175135,-3994,2565.748675820958,3916.2645770307986,610.4273398580114,77.31817865293638,771.3666585286459,784.8833414713542,750.683329264323,805.5666707356771,737.1666463216146,819.0833536783855,716.4833170572917,0.1550742900018828,-48.016184447747975,14.271675286694176,8.280880991349262,5.990794295344914,58.28828072983777,34.708944084970405,769.15,730.6024993896484,714.0721362304688,664.7054504394531,YUKEN.BO,2025-01-10 11:06:40.026759
298,2023-10-19 00:00:00+05:30,810.0,823.5,778.8499755859375,789.25,3401,0.0,0.0,2023-10-19,728.4449981689453,26.854329271998935,755.2993274409442,701.5906688969463,782.1536567129432,674.7363396249474,156.17498491869796,228.73734710275093,-2190,4995.647225003042,4253.893552333258,609.8949726573558,83.96542702244875,797.1999918619791,815.5500081380208,770.8999837239583,841.8500162760416,752.5499674479166,860.2000325520833,726.2499593098958,0.19921791251515897,-27.732793522267208,13.908775601462821,6.783182417513034,7.125593183949787,66.32563562890388,33.96452074043326,760.3299926757812,728.4449981689453,711.5502551269532,663.0589300537109,YUKEN.BO,2025-01-10 11:06:40.026759
299,2023-10-18 00:00:00+05:30,767.7000122070312,816.4500122070312,752.0,810.7000122070312,10957,0.0,0.0,2023-10-18,725.2424987792969,22.722706764883,747.9652055441799,702.5197920144138,770.6879123090629,679.7970852495308,255.387078623244,222.50604263274508,1211,16531.885212825688,4068.4551341658116,608.716662453557,81.53310017008164,793.0500081380209,834.1000162760417,769.6500040690105,857.5000203450521,728.5999959309896,898.550028483073,705.1999918619792,0.30129888647682307,-4.937741002360165,10.76637075816268,5.001784121525587,5.764586636637093,74.49300668167317,31.860481794284002,745.5599975585938,725.2424987792969,708.2656604003906,660.8302703857422,YUKEN.BO,2025-01-10 11:06:40.026759
300,2023-10-17 00:00:00+05:30,736.4500122070312,770.0,721.9500122070312,753.7999877929688,626,0.0,0.0,2023-10-17,721.3574981689453,10.919403976464915,732.2769021454102,710.4380941924804,743.1963061218752,699.5186902160154,212.70315056871036,76.8000845228084,-9746,878.2153005113162,952.5976145008424,604.3491166133352,58.47272451109291,748.5833333333334,775.2166544596355,727.1666666666667,796.6333211263021,700.5333455403646,823.2666422526042,679.116678873698,-0.14896056253017967,-23.142874581473215,4.467512282969778,3.5606374623663126,0.9068748206034658,63.387787789218756,29.707489735579262,725.939990234375,721.3574981689453,704.4981237792969,658.3316705322266,YUKEN.BO,2025-01-10 11:06:40.026759
301,2023-10-16 00:00:00+05:30,711.9500122070312,743.0,711.9500122070312,727.7999877929688,1381,0.0,0.0,2023-10-16,719.8424987792969,7.852606000229704,727.6951047795266,711.9898927790672,735.5477107797562,704.1372867788375,52.0648798819511,14.825016254664611,-10372,1870.579896083086,971.1931929982239,604.1642579198099,57.289942512155314,727.5833333333334,743.2166544596355,712.1666666666667,758.6333211263021,696.5333455403646,774.2666422526042,681.116678873698,-0.1774673917769168,-57.06565591819498,1.9391653928886399,3.333918757215446,-1.3947533643268062,55.09175789447771,28.322505354534968,716.4199951171875,719.8424987792969,702.1033325195312,656.3086724853515,YUKEN.BO,2025-01-10 11:06:40.026759
302,2023-10-13 00:00:00+05:30,700.0999755859375,730.9000244140625,700.0999755859375,720.0999755859375,563,0.0,0.0,2023-10-13,719.8199981689453,7.829214687889542,727.6492128568349,711.9907834810557,735.4784275447244,704.1615687931662,-41.61549582601487,-7.035383759592426,-11753,754.5216937723582,746.3465172270083,603.8259661255204,39.50825005783791,717.0333251953125,733.9666748046875,703.1666259765625,747.8333740234375,686.2332763671875,764.7667236328125,672.3665771484375,-0.11151433728517161,-68.9575666626448,1.2333399746348732,3.6826070982971473,-2.449267123662274,52.10743999841942,27.615189163770427,712.4400024414062,719.8199981689453,700.0287585449219,654.478247680664,YUKEN.BO,2025-01-10 11:06:40.026759
303,2023-10-11 00:00:00+05:30,717.2000122070312,737.75,714.5,715.4000244140625,149,0.0,0.0,2023-10-11,719.2274993896484,8.244298904660221,727.4717982943087,710.9832004849882,735.7160971989689,702.7389015803279,0.9297954784651001,12.190818266428735,-12316,198.38359634408587,744.302723090671,603.6961198344688,38.940604965653456,722.5500081380209,730.6000162760417,707.3500162760417,745.8000081380209,699.3000081380209,753.8500162760417,684.1000162760417,-0.20581284663660027,-76.21617851110038,1.069317119007792,4.294923879212716,-3.225606760204924,50.23294888766847,27.27786098859001,711.2300048828125,719.2274993896484,698.3738952636719,652.6683843994141,YUKEN.BO,2025-01-10 11:06:40.026759
304,2023-10-10 00:00:00+05:30,713.5,724.3499755859375,711.8499755859375,712.5999755859375,278,0.0,0.0,2023-10-10,720.4374969482421,9.354163621229153,729.7916605694713,711.083333327013,739.1458241907004,701.7291697057839,-58.974344316649976,2.9994480620650807,-12465,368.6898137635565,880.7825047773173,603.6630964560716,39.46377519204408,716.2666422526041,720.6833089192708,708.1833089192708,728.7666422526041,703.7666422526041,733.1833089192708,695.6833089192708,-0.21183200385221163,-80.54057824565638,1.3059903644275437,5.101325569263947,-3.7953352048364035,49.13156375335154,25.816654907003763,712.15,720.4374969482421,696.6791760253906,650.8131213378906,YUKEN.BO,2025-01-10 11:06:40.026759
305,2023-10-09 00:00:00+05:30,710.0499877929688,710.2999877929688,701.0,706.2000122070312,559,0.0,0.0,2023-10-09,722.4074981689453,11.515787619835539,733.9232857887808,710.8917105491097,745.4390734086163,699.3759229292742,-158.04043210945588,-13.069493300153635,-12743,734.7000485836187,1008.8056775307575,603.6029754527501,34.043195381538595,705.8333333333334,710.6666666666667,701.366678873698,715.1333211263021,696.5333455403646,719.9666544596355,692.0666910807292,-0.27226735924074,-90.42469157215251,1.8649784895236508,6.050159370473048,-4.185180880949397,46.62443252064021,24.668985030772735,715.1800048828125,722.4074981689453,694.5899475097656,649.0113311767578,YUKEN.BO,2025-01-10 11:06:40.026759
306,2023-10-06 00:00:00+05:30,714.9500122070312,718.4000244140625,703.7000122070312,707.9000244140625,605,0.0,0.0,2023-10-06,725.0649963378906,13.534501782945114,738.5994981208357,711.5304945549456,752.1339999037809,697.9959927720004,-132.93768896830875,-1.5160467179347754,-12184,797.0725297638566,1077.3320847675423,603.488993698129,46.30004288651421,710.0000203450521,716.300028483073,701.6000162760417,724.7000325520834,695.3000081380209,731.0000406901042,686.9000040690105,-0.11362563339594861,-87.79919009411196,3.1826948538266606,7.096454590710397,-3.913759736883736,47.19820327815605,23.94148920993411,721.15,725.0649963378906,692.81251953125,647.2235949707032,YUKEN.BO,2025-01-10 11:06:40.026759
307,2023-10-05 00:00:00+05:30,758.9000244140625,758.9500122070312,700.0,714.0499877929688,1704,0.0,0.0,2023-10-05,725.5074951171875,13.08083940509952,738.588334522287,712.4266557120881,751.6691739273866,699.3458163069885,5.482259693917953,25.077715996685434,-11579,2264.481340630686,1147.3969735184635,603.3633001532994,51.35950930966218,724.3333333333334,748.6666666666667,689.7166544596355,783.2833455403646,665.3833211263021,807.616678873698,630.7666422526042,-0.12695891769373213,-78.30117715371621,4.654123014191441,8.07489452493133,-3.4207715107398897,49.23349677474068,22.94851689795683,723.4799926757812,725.5074951171875,691.0270629882813,645.4862854003907,YUKEN.BO,2025-01-10 11:06:40.026759
308,2023-10-04 00:00:00+05:30,734.2000122070312,737.0,718.7999877929688,720.0,89,0.0,0.0,2023-10-04,726.5824951171875,12.972690984803153,739.5551861019907,713.6098041323843,752.5278770867938,700.6371131475812,13.405158659175386,28.481708958041835,-9875,119.2595161471523,868.1258817404077,602.9867253710003,66.04142868121947,725.2666625976562,731.7333374023438,713.5333251953125,743.4666748046875,707.066650390625,749.933349609375,695.3333129882812,-0.13242740728200356,-59.86622073578595,5.86180171985427,8.930087402616303,-3.068285682762033,51.21766514152936,21.879162100442834,724.1799926757812,726.5824951171875,689.3513537597656,643.6465209960937,YUKEN.BO,2025-01-10 11:06:40.026759
309,2023-10-03 00:00:00+05:30,731.0499877929688,735.25,719.7000122070312,727.75,204,0.0,0.0,2023-10-03,727.9493560791016,13.66437294177718,741.6137290208787,714.2849831373244,755.2781019626559,700.6206101955472,42.24781167263407,33.82398084743965,-9786,276.30129567294597,1055.3424731387215,602.9659289514168,54.90996813596937,727.5666707356771,735.433329264323,719.8833414713542,743.1166585286459,712.0166829427084,750.9833170572917,704.3333536783855,-0.14076997508314376,-49.49832775919732,6.733195198080807,9.697158823306811,-2.963963625226004,53.842125952661405,21.533783390415554,725.2799926757813,727.9493560791016,687.6235717773437,641.7812188720703,YUKEN.BO,2025-01-10 11:06:40.026759
310,2023-09-29 00:00:00+05:30,728.5,764.75,720.9000244140625,736.0499877929688,920,0.0,0.0,2023-09-29,729.1584655761719,14.678097416594962,743.8365629927669,714.480368159577,758.5146604093618,699.802270742982,169.90941100488703,53.599975693994054,-9582,1260.2760326461027,1250.1027675051655,602.9150744143468,52.38289176315011,740.5666707356771,760.2333170572917,716.3833414713542,784.4166463216146,696.7166951497396,804.0832926432292,672.5333658854167,-0.13941390213911606,-38.39466515990803,6.983567224021044,10.438149729613311,-3.454582505592267,56.73313047078049,21.232296141318223,722.8199951171875,729.1584655761719,685.7567712402343,639.8758758544922,YUKEN.BO,2025-01-10 11:06:40.026759
311,2023-09-28 00:00:00+05:30,748.9000244140625,748.9000244140625,716.4500122070312,719.5499877929688,200,0.0,0.0,2023-09-28,730.6618041992188,16.80649351067166,747.4682977098904,713.8553106885471,764.2747912205621,697.0488171778754,67.68153114812672,39.171535769484585,-10502,267.83140882608865,1247.5594512199311,602.669931632069,61.54436986652788,728.3000081380209,740.1500040690105,707.6999918619792,760.7500203450521,695.8499959309896,772.6000162760417,675.249979654948,-0.11685874257216258,-71.72249971964713,6.380884622712415,11.301795356011377,-4.920910733298962,51.972825504197964,20.830567188180105,718.0,730.6618041992188,684.0296398925781,637.8161114501953,YUKEN.BO,2025-01-10 11:06:40.026759
312,2023-09-27 00:00:00+05:30,740.0,740.0,713.9500122070312,717.5499877929688,710,0.0,0.0,2023-09-27,732.4157684326171,17.40560333061285,749.82137176323,715.0101651020043,767.2269750938428,697.6045617713914,20.419891180111055,35.41015056403761,-10702,948.1587342769195,1492.4914618183916,602.6231275634805,74.21816557256585,723.8333333333334,733.7166544596355,707.6666666666667,749.8833211263021,697.7833455403646,759.7666422526042,681.616678873698,-0.12174103972627419,-73.63637531773325,7.137588191904911,12.532023039336117,-5.3944348474312065,51.370627465883075,21.012070591274757,717.3400024414062,732.4157684326171,682.501650390625,635.9398266601562,YUKEN.BO,2025-01-10 11:06:40.026759
313,2023-09-26 00:00:00+05:30,725.0499877929688,732.0499877929688,713.4500122070312,725.5,892,0.0,0.0,2023-09-26,733.9975280761719,17.420991572348036,751.4185196485199,716.5765365038238,768.839511220868,699.1555449314758,25.303807821987796,37.18437436245301,-9992,1204.4057246654968,1628.5746437037596,602.4595171604141,70.46046733139319,723.6666666666666,733.883321126302,715.2833455403645,742.2666422526041,705.0666910807291,752.4832967122395,696.683369954427,-0.1606369031654606,-66.02870813397129,8.195222485918066,13.880631751193919,-5.685409265275853,53.86349546310885,21.583809552525967,718.0400024414063,733.9975280761719,681.1964624023437,634.1289923095703,YUKEN.BO,2025-01-10 11:06:40.026759
314,2023-09-25 00:00:00+05:30,723.0499877929688,724.4000244140625,709.9500122070312,715.4500122070312,405,0.0,0.0,2023-09-25,736.2456298828125,19.088024807054243,755.3336546898668,717.1576050757583,774.421679496921,698.069580268704,-61.12085453585963,30.633416536975357,-10884,539.2682588128953,1734.6168734633252,602.2390614521915,63.45166028537352,716.6000162760416,723.250020345052,708.8000081380208,731.0500284830729,702.1500040690104,737.7000325520833,694.3499959309895,-0.08499085458375409,-75.64592133298444,8.642189092167655,15.30198406751288,-6.659794975345225,51.07663664766126,22.547681281269423,717.9800048828125,736.2456298828125,679.5454772949219,632.2596350097656,YUKEN.BO,2025-01-10 11:06:40.026759
315,2023-09-22 00:00:00+05:30,701.9500122070312,715.5,701.9500122070312,711.9500122070312,1804,0.0,0.0,2023-09-22,738.6416168212891,19.3460811917308,757.9876980130199,719.2955356295582,777.3337792047506,699.9494544378275,-109.4741814769029,24.799936491120484,-11289,2390.322915326039,2033.4540271259325,602.1468881014844,64.06253294161213,709.8000081380209,717.6500040690105,704.1000162760417,723.3499959309896,696.2500203450521,731.1999918619792,690.550028483073,0.033801104621988765,-78.99520362963517,10.073271058686373,16.966932811349185,-6.893661752662812,50.10193595401037,23.92914408379522,721.4900024414062,738.6416168212891,677.5121264648437,630.4113641357421,YUKEN.BO,2025-01-10 11:06:40.026759
316,2023-09-21 00:00:00+05:30,723.6500244140625,724.9000244140625,715.9500122070312,716.25,694,0.0,0.0,2023-09-21,738.8326934814453,19.085699380107773,757.9183928615531,719.7469941013375,777.0040922416608,700.6612947212298,-70.79968806222239,37.50230566663565,-9485,925.1127050192899,1944.2368050759055,601.7472277966087,66.83727113325253,719.0333455403646,722.116678873698,713.1666666666667,727.9833577473959,710.0833333333334,731.0666910807292,704.2166544596355,-0.04342551493151335,-74.88038277511961,12.097561287658209,18.690348249514887,-6.592786961856678,51.26716142373262,25.711778893785187,723.8,738.8326934814453,675.35998046875,628.4622406005859,YUKEN.BO,2025-01-10 11:06:40.026759
317,2023-09-20 00:00:00+05:30,735.3499755859375,738.9500122070312,720.5499877929688,721.0499877929688,227,0.0,0.0,2023-09-20,740.1573028564453,18.340677819085656,758.4979806755309,721.8166250373597,776.8386584946167,703.475947218274,-36.73467158400168,48.58113034429537,-8791,304.62235477990936,2199.0178300900593,601.5866728112285,69.73769332817464,726.8499959309896,733.1500040690105,714.749979654948,745.2500203450521,708.4499715169271,751.550028483073,696.3499552408855,-0.18567933999289224,-70.28709302108254,14.082486172599943,20.338544989979056,-6.256058817379113,52.53358981662388,27.067512596654062,726.0199951171875,740.1573028564453,673.2726708984375,626.3542434692383,YUKEN.BO,2025-01-10 11:06:40.026759
318,2023-09-18 00:00:00+05:30,721.1500244140625,730.5,718.1500244140625,725.2000122070312,938,0.0,0.0,2023-09-18,740.335400390625,18.161792290035205,758.4971926806602,722.1736081005897,776.6589849706953,704.0118158105546,-56.910612832576405,48.57074177847905,-8564,1265.9926405531348,2672.6166989175963,601.5318567313661,70.78034484702081,724.6166788736979,731.0833333333333,718.7333577473958,736.9666544596354,712.2667032877604,743.4333089192708,706.3833821614583,0.16448913116539995,-66.31577779231459,15.937694444580075,21.90255969432383,-5.964865249743756,53.596508501674705,28.29521144933474,723.4599975585937,740.335400390625,671.0553979492188,624.147801208496,YUKEN.BO,2025-01-10 11:06:40.026759
319,2023-09-15 00:00:00+05:30,726.0,744.0,726.0,733.0,1766,0.0,0.0,2023-09-15,734.2675628662109,35.490409515397594,769.7579723816085,698.7771533508134,805.2483818970061,663.2867438354158,-18.20804963114682,62.1300204196062,-7626,2409.157614593218,3024.272713508712,601.2969299635813,67.47208868607756,734.3333333333334,742.6666666666667,724.6666666666667,752.3333333333334,716.3333333333334,760.6666666666667,706.6666666666667,0.16410565314534922,-58.85167464114833,17.662728472554818,23.39377600675977,-5.731047534204951,55.55839780096033,29.959570509674165,726.339990234375,734.2675628662109,668.7261572265625,621.9972528076172,YUKEN.BO,2025-01-10 11:06:40.026759
320,2023-09-14 00:00:00+05:30,721.0,738.2000122070312,716.7999877929688,723.5,532,0.0,0.0,2023-09-14,728.1019073486328,45.12569897308892,773.2276063217217,682.9762083755439,818.3533052948106,637.850509402455,-65.71190149172143,56.16784770220818,-9392,716.3424825853809,3178.051488237585,600.8241985818064,75.06173036827798,726.1666666666666,735.5333455403645,714.133321126302,747.5666910807291,704.7666422526041,756.933369954427,692.7332967122395,0.16904220307298876,-67.94258373205741,18.83549705190353,24.826537890311002,-5.991040838407471,53.639137750923865,31.381762028249398,730.139990234375,728.1019073486328,666.2618933105468,619.4095950317383,YUKEN.BO,2025-01-10 11:06:40.026759
321,2023-09-13 00:00:00+05:30,692.6500244140625,735.0999755859375,690.0,727.3499755859375,1494,0.0,0.0,2023-09-13,722.2938812255859,52.60476714525981,774.8986483708456,669.6891140803261,827.5034155161055,617.0843469350663,-129.94912419958905,49.13060557683885,-8860,2022.3884019988259,3793.478739650636,600.6914077103204,78.95623750471114,717.4833170572916,744.9666341145833,699.8666585286458,762.5832926432291,672.3833414713541,790.0666097005208,654.7666829427083,0.17011226565485504,-64.25839656848086,20.987215959525884,26.32429809991287,-5.337082140386986,54.52526137030277,33.13089888840228,737.3099853515625,722.2938812255859,663.8917346191406,616.9643856811523,YUKEN.BO,2025-01-10 11:06:40.026759
322,2023-09-12 00:00:00+05:30,740.4000244140625,740.4000244140625,702.2000122070312,708.25,2315,0.0,0.0,2023-09-12,716.7953094482422,57.56229938351234,774.3576088317545,659.2330100647298,831.9199082152668,601.6707106812175,-179.54543216547845,51.16534290297748,-10354,3051.4630711684717,4236.251324063588,600.3052141350336,72.31766428283046,716.9500122070312,731.7000122070312,693.5,755.1500244140625,678.75,769.9000244140625,655.2999877929688,0.1636339196084948,-91.36650179420037,23.04491581446473,27.658568635009615,-4.6136528205448855,50.779440311552456,35.12779968791776,735.189990234375,716.7953094482422,661.5864208984375,614.5555950927734,YUKEN.BO,2025-01-10 11:06:40.026759
323,2023-09-11 00:00:00+05:30,756.7999877929688,756.7999877929688,733.2999877929688,739.5999755859375,814,0.0,0.0,2023-09-11,711.9770355224609,62.164418550698045,774.141454073159,649.8126169717628,836.305872623857,587.6481984210649,-67.7359225808287,85.41412470831166,-8039,1120.448328306666,4532.448387287367,599.7927903309267,83.5135246949995,743.2333170572916,753.1666463216145,729.6666463216145,766.7333170572916,719.7333170572916,776.6666463216145,706.1666463216145,0.17781660432488597,-58.15679048265606,27.21128798471409,28.811981840145833,-1.600693855431743,58.06975554529621,36.76260447527749,740.6499877929688,711.9770355224609,659.6481237792968,612.4476846313477,YUKEN.BO,2025-01-10 11:06:40.026759
324,2023-09-08 00:00:00+05:30,740.5,794.5,740.5,752.0,3994,0.0,0.0,2023-09-08,706.2006011962891,64.77529309431021,770.9758942905993,641.4253081019789,835.7511873849095,576.6500150076687,75.93024663195341,114.93619085581966,-7225,5589.80221026495,5385.448402032543,599.5590379481796,89.2267409084759,762.3333333333334,784.1666666666667,730.1666666666667,816.3333333333334,708.3333333333334,838.1666666666667,676.1666666666667,0.1558312974842159,-23.582539670905668,29.0457170618771,29.21215530400377,-0.16643824212667013,61.3022223486156,37.00063477036438,742.1974365234375,706.2006011962891,656.8850415039062,610.0707263183593,YUKEN.BO,2025-01-10 11:06:40.026759
325,2023-09-07 00:00:00+05:30,700.0999755859375,791.0,700.0999755859375,759.3499755859375,8244,0.0,0.0,2023-09-07,700.2811462402344,65.77145999014635,766.0526062303808,634.5096862500881,831.8240662205271,568.7382262599417,-14.810913191546222,109.01508503689857,-3231,11650.65940702997,5334.3599499744405,598.298112496992,88.60925152848468,750.1499837239584,800.1999918619792,709.2999674479167,841.0500081380209,659.2499593098959,891.1000162760417,618.3999430338542,0.1832933188164499,-16.626992411612402,29.733041020467795,29.253764864535434,0.47927615593236084,63.23978351160782,36.85786665490831,742.1838745117187,700.2811462402344,654.0457727050781,607.5422976684571,YUKEN.BO,2025-01-10 11:06:40.026759
326,2023-09-06 00:00:00+05:30,764.9500122070312,764.9500122070312,707.0999755859375,716.75,1044,0.8,0.0,2023-09-06,693.7544525146484,66.07730141999552,759.8317539346439,627.6771510946529,825.9090553546395,561.5998496746573,-128.40981786978435,90.9525920728489,-11475,1392.6395998627356,3755.2850857105577,595.500662860328,87.42114533485727,729.5999959309896,752.1000162760417,694.249979654948,787.4500325520834,671.7499593098959,809.9500528971355,636.3999430338542,0.16638391467189614,-38.109928311170044,29.43866211398074,29.133945825552345,0.30471628842839493,55.70498524677795,36.787992628753905,743.5372314453125,693.7544525146484,651.0824780273438,604.9458630371093,YUKEN.BO,2025-01-10 11:06:40.026759
327,2023-09-05 00:00:00+05:30,768.014679034724,768.2644074288913,724.5619384496055,735.5499877929688,2261,0.0,0.0,2023-09-05,689.2753448486328,67.45825931985222,756.733604168485,621.8170855287806,824.1918634883373,554.3588262089283,-78.17924669372472,116.67116288249439,-10431,3095.1613591781093,4345.946457172513,595.233365437188,88.31848361208992,742.7921112238218,761.0222839980382,717.3198150187524,786.4945802031077,699.089642244536,804.7247529773241,673.6173460394665,0.17529827682695373,-28.08839702507676,32.811179713927004,29.057766753445243,3.7534129604817608,60.81301824503232,37.38571231680083,751.1130859375,689.2753448486328,649.02912109375,602.90728515625,YUKEN.BO,2025-01-10 11:06:40.026759
328,2023-09-04 00:00:00+05:30,736.8985601338787,784.1471602724494,735.6499181589227,747.3372192382812,825,0.0,0.0,2023-09-04,684.4031433105469,67.45911626281882,751.8622595733657,616.944027047728,819.3213758361845,549.4849107849092,40.08982110080597,146.9356669467319,-8170,1147.4693665920788,4658.642731671114,594.5602291083463,91.04116993660186,755.7114325565511,775.7729469541796,727.2757048406529,804.2086746700778,707.2141904430244,824.2701890677063,678.7784627271262,0.19423249951448193,-21.805089290706775,34.78037118100622,28.119413513324805,6.660957667681412,64.24354157779429,37.07774075381422,753.8401245117187,684.4031433105469,646.3820007324218,600.6662228393554,YUKEN.BO,2025-01-10 11:06:40.026759
329,2023-09-01 00:00:00+05:30,729.2568397049006,775.1569304477333,729.2568397049006,751.9321899414062,602,0.0,0.0,2023-09-01,678.2872955322266,66.99625738667135,745.283552918898,611.2910381455553,812.2798103055693,544.2947807588839,39.91100354165381,158.80300622247023,-7345,842.4530528561824,5536.436072940874,594.292333177855,89.10598548578042,752.1153200313466,774.9738003577927,729.07370961496,798.0154107741794,706.2152292885139,820.8738911006254,683.1736188721272,0.20084935227947048,-19.355691814115247,35.613693959682905,26.45417409640445,9.159519863278454,65.58092380043095,36.09429314286919,758.465087890625,678.2872955322266,643.5360961914063,598.2283740234375,YUKEN.BO,2025-01-10 11:06:40.026759
330,2023-08-31 00:00:00+05:30,750.6835336947562,774.1580021469541,744.4403240000227,766.1167602539062,895,0.0,0.0,2023-08-31,671.8068450927734,65.75471103411627,737.5615561268896,606.0521340586572,803.316267161006,540.2974230245409,59.65966430988703,194.92191623051423,-6743,1276.1112539855446,6709.931827962047,594.0903697236085,86.41550027229444,761.571695466961,778.7030669338994,748.985388786968,791.2893736138925,731.8540173200296,808.4207450808309,719.2677106400365,0.19139152783967003,-11.794457374395359,35.68846322132208,24.164294130584835,11.524169090737246,69.74601313438859,35.217432136182126,760.7526000976562,671.8068450927734,640.8640026855469,595.8224908447265,YUKEN.BO,2025-01-10 11:06:40.026759
331,2023-08-30 00:00:00+05:30,748.13633422315,768.9636578752838,748.13633422315,754.6292724609375,1127,0.0,0.0,2023-08-30,665.2040283203125,62.327001329859385,727.531029650172,602.8770269904531,789.8580309800313,540.5500256605937,62.48373465253899,214.85624524521057,-7638,1582.8075153869909,8068.3869714561715,593.7620806852439,86.40306517219408,757.2430881864572,766.3498421497643,745.5225184976305,778.070411838591,736.4157645343233,787.1771658018981,724.6951948454966,0.18756352605265886,-17.91798360130637,33.84649098429077,21.283251857900524,12.563239126390243,68.22772492645113,33.36509305103481,750.6835571289063,665.2040283203125,637.4696948242188,593.1384100341797,YUKEN.BO,2025-01-10 11:06:40.026759
332,2023-08-29 00:00:00+05:30,762.220990613848,768.5141339376569,748.1862670898438,749.1851806640625,2197,0.0,0.0,2023-08-29,658.6761291503906,59.2280185289562,717.9041476793468,599.4481106214344,777.132166208303,540.2200920924781,72.46219979097758,246.1981167678936,-8765,3063.3017219865264,9689.781835473466,593.3745781468164,86.5164390193138,755.2951938971877,762.4041207045316,742.0762538567185,775.6230607450008,734.9673270493746,782.7319875523447,721.7483870089054,0.19319199471724557,-20.820014010451185,32.106726221273675,18.142442076302963,13.964284144970712,67.51091624532833,31.45194383336132,748.3061401367188,658.6761291503906,634.1093493652344,590.5622116088867,YUKEN.BO,2025-01-10 11:06:40.026759
333,2023-08-28 00:00:00+05:30,769.2133941512124,788.2426857570299,743.8410256664046,770.4620361328125,10001,0.0,0.0,2023-08-28,653.0847106933594,55.38789108089997,708.4726017742594,597.6968196124594,763.8604928551594,542.3089285315594,99.72571216404997,324.80056978594575,-6568,14340.53029524233,11346.401863845202,592.6394646449559,88.71106623776402,767.5152491854157,791.1894727044267,746.7878126138014,811.916909276041,723.1135890947903,835.5911327950521,702.3861525231761,0.23410239438093478,-9.478162350871358,29.928995130114004,14.651371040060283,15.27762409005372,73.53720749086372,29.398378229786722,743.3914916992187,653.0847106933594,630.690068359375,588.3216488647461,YUKEN.BO,2025-01-10 11:06:40.026759
334,2023-08-25 00:00:00+05:30,718.1689126097457,773.9082767887585,702.3360961806145,763.3697509765625,7295,0.0,0.0,2023-08-25,646.0948120117188,48.14267521260571,694.2374872243245,597.9521367991131,742.3801624369302,549.8094615865074,104.97185087694938,336.90347744259225,-16569,10364.080627449992,10597.869755995918,588.7365725131609,87.00776489304768,746.538041315312,790.7399864500094,719.1678058418654,818.1102219234559,674.965860707168,862.3121670581534,647.5956252337214,0.24083234443952975,-10.73972701408685,24.59192190465967,10.831965017546853,13.759956887112818,72.78564679481897,27.186846041321772,710.0677368164063,646.0948120117188,627.2837731933594,585.9232577514648,YUKEN.BO,2025-01-10 11:06:40.026759
335,2023-08-24 00:00:00+05:30,750.3339933976423,754.1298529768052,712.7248710493353,715.7715454101562,3524,0.0,0.0,2023-08-24,638.333251953125,40.078250169650346,678.4115021227753,598.2550017834747,718.4897522924257,558.1767516138243,118.42090940605534,345.77035777780816,-23864,4694.408399774681,10656.3170381324,585.8952701970043,84.97729510045772,727.5420898120989,742.3593085748624,700.9543266473926,768.9470717395687,686.137107884629,783.7642905023323,659.5493447199227,0.183559648357209,-36.84930077938199,18.08472863284271,7.391975795768649,10.692752837074064,66.93059398029946,25.002548836170707,679.3311645507813,638.333251953125,624.0033410644531,583.614768371582,YUKEN.BO,2025-01-10 11:06:40.026759
336,2023-08-23 00:00:00+05:30,774.1580320928939,782.9484594893406,732.203661321408,742.7421875,19409,0.0,0.0,2023-08-23,633.4111053466797,35.893857856369934,669.3049632030496,597.5172474903098,705.1988210594196,561.6233896339398,232.9558786021954,520.703820866084,-20340,26829.451394970063,12146.794197721829,584.8664061596088,89.00877000073584,752.6314361035829,773.0592108857578,722.3144127178252,803.3762342715155,701.8866379356504,823.8040090536904,671.5696145498927,0.23639228036746235,-22.054794121779075,14.167240391634436,4.718787586500133,9.448452805134304,75.47374337690115,22.94145726911987,657.6447509765625,633.4111053466797,621.4481201171875,581.7103396606445,YUKEN.BO,2025-01-10 11:06:40.026759
337,2023-08-22 00:00:00+05:30,614.2819208911021,724.6119384765625,614.2819208911021,724.6119384765625,28828,0.0,0.0,2023-08-22,627.205355834961,25.104060772105406,652.3094166070664,602.1012950628556,677.4134773791718,576.9972342907502,268.0805721926267,334.99721150660054,-39749,38876.80250685564,8476.12989840977,577.6638698378778,83.17757799794589,687.8352659480757,761.3886110050494,651.058593419589,798.1652835335361,577.5052483626154,871.7186285905098,540.7285758341286,0.5695471988470101,-0.0,6.280813568032727,2.3566743852165573,3.9241391828161696,73.35042146699973,19.734688831421863,632.572021484375,627.205355834961,618.3295129394531,579.5446951293945,YUKEN.BO,2025-01-10 11:06:40.026759
338,2023-08-21 00:00:00+05:30,610.4860614419871,610.4860614419871,600.6467260551709,603.84326171875,114,0.0,0.0,2023-08-21,622.4879852294922,10.38801929244767,632.8760045219399,612.0999659370445,643.2640238143875,601.7119466445969,-106.09562650890027,-91.04711925776957,-68577,128.11489224762457,875.9617462983036,566.9827196748297,36.85160300684012,604.9920164053027,609.3373067554345,599.4979713686183,614.8313517921189,595.1526810184865,619.1766421422507,589.6586359818021,-0.18695903192345145,-93.81042599922232,-2.125811606361708,1.3756395895125149,-3.501451195874223,42.62713207799812,17.11750848217591,610.0265380859375,622.4879852294922,615.6034777832032,577.4884310913086,YUKEN.BO,2025-01-10 11:06:40.026759
339,2023-08-18 00:00:00+05:30,612.6836304399635,616.4795508843079,606.7900767979374,609.6868896484375,369,0.0,0.0,2023-08-18,623.9763671875,9.684757074578863,633.6611242620789,614.2916101129211,643.3458813366577,604.6068530383424,-94.9665893507254,-57.881069681189004,-68463,418.70077273737763,1062.9234598109733,566.9721215008569,43.1842547366784,610.9855057768942,615.180934755851,605.4914606694806,620.6749798632646,601.2960316905238,624.8704088422214,595.8019865831102,-0.22443844526463902,-84.87569370660991,-0.962745192788816,2.2510023884810706,-3.2137475812698866,44.95424338649748,18.07257091474064,614.0721435546875,623.9763671875,615.2668444824219,576.7846963500976,YUKEN.BO,2025-01-10 11:06:40.026759
340,2023-08-17 00:00:00+05:30,617.2786801958481,621.4741295699863,602.0951810636018,607.3394775390625,297,0.0,0.0,2023-08-17,625.2125213623046,9.336417926671432,634.548939288976,615.8761034356332,643.8853572156476,606.5396855089617,-136.24878266343532,-62.36900945217375,-68832,335.705534204537,1223.979131579372,566.9323315627404,42.405502474110925,610.3029293908835,618.5106777181652,599.1317292117807,629.681877897268,590.923980884499,637.8896262245497,579.7527807053962,-0.20111907859051567,-89.5522404078251,-0.03458950192930388,3.054439283798542,-3.089028785727846,43.80800263840851,19.329958621203918,618.8569458007812,625.2125213623046,615.1929260253906,576.107932434082,YUKEN.BO,2025-01-10 11:06:40.026759
341,2023-08-16 00:00:00+05:30,616.4795543778187,618.3275201555263,610.1863499048732,617.3785400390625,193,0.0,0.0,2023-08-16,627.3302185058594,9.85788808698552,637.188106592845,617.4723304188739,647.0459946798304,607.6144423318884,-140.40314406364547,-29.63218340152666,-68535,221.75804199728327,1446.0475309230808,566.9020129580091,41.48577904362422,615.2974700331539,620.4085901614346,612.2674199107815,623.438640283807,607.1562997825008,628.5497604120877,604.1262496601285,-0.17109752205910012,-69.83016592821244,1.385439650957096,3.826696480230503,-2.441256829273407,47.75287235328216,20.6840684589336,623.1522705078125,627.3302185058594,615.3497546386719,575.4356637573242,YUKEN.BO,2025-01-10 11:06:40.026759
342,2023-08-14 00:00:00+05:30,625.3698552606463,625.3698552606463,602.5447035898302,611.884521484375,1823,0.0,0.0,2023-08-14,628.6188171386718,10.16810614354013,638.786923282212,618.4507109951317,648.9550294257521,608.2826048515916,-216.0701989885189,-35.35885829842155,-68728,2075.9967812359337,1752.1199031545302,566.8773892660953,39.78282613107121,613.2663601116172,623.9880166334043,601.1628649625882,636.0915117824334,590.4412084408011,646.8131683042204,578.337713291772,-0.2264324548884212,-80.81915514832978,2.1938202194107816,4.437010687548854,-2.2431904681380725,45.249525380385116,21.493190943573065,625.1101318359375,628.6188171386718,615.4916003417969,574.6560116577149,YUKEN.BO,2025-01-10 11:06:40.026759
343,2023-08-11 00:00:00+05:30,621.3742100732619,638.3058082608043,620.3253629576831,624.0712890625,3474,0.0,0.0,2023-08-11,630.6391204833984,10.66993034774763,641.309050831146,619.9691901356508,651.9789811788937,609.2992597879031,-43.29869943293861,42.49895054817393,-66905,4034.916549202304,1671.1506836341794,566.6690456646369,42.03728295869921,627.5674867603292,634.8096105629753,616.8291652598541,645.5479320634504,609.587041457208,652.7900558660965,598.8487199567329,-0.16856480947167174,-56.443508031188124,3.73663019547746,4.997808304583372,-1.261178109105912,50.20964889572276,22.364553619338647,630.3544189453125,630.6391204833984,615.6254541015625,573.9298013305664,YUKEN.BO,2025-01-10 11:06:40.026759
344,2023-08-10 00:00:00+05:30,652.2905978818501,652.2905978818501,621.0246135768422,633.6109008789062,990,0.0,0.0,2023-08-10,631.5830932617188,10.891133154260052,642.4742264159788,620.6919601074587,653.3653595702389,609.8008269531987,115.01098520757571,84.94385052840973,-63431,1167.4233484665385,1080.209217242148,566.1581655954552,52.77358695366483,635.6420374458662,650.2594613148902,618.9934770098823,666.9080217508741,604.3760531408583,681.5254456198982,587.7274927048744,0.22640164677746538,-37.362631188289456,4.455066915543057,5.313102831859849,-0.8580359163167923,54.55552333881142,21.72244978774702,630.5442138671875,631.5830932617188,615.7063647460938,573.0362728881836,YUKEN.BO,2025-01-10 11:06:40.026759
345,2023-08-09 00:00:00+05:30,638.3057801214071,643.6499434078113,615.2808342059457,628.8161010742188,2120,0.0,0.0,2023-08-09,630.5916717529296,11.577679691799093,642.1693514447287,619.0139920611306,653.7470311365279,607.4363123693314,33.13719335828361,58.17373413690915,-64421,2481.0187951694475,1058.4056844360505,565.9866522463589,53.13906330814415,629.2489595626586,643.2170849193715,614.8479757175058,657.6180687645242,600.879850360793,671.5861941212371,586.4788665156402,0.24969107130933,-39.79592512275483,4.367875387109166,5.527611810939047,-1.159736423829881,52.644514300474185,20.962003894615325,628.286669921875,630.5916717529296,615.9500988769531,572.0498452758789,YUKEN.BO,2025-01-10 11:06:40.026759
346,2023-08-08 00:00:00+05:30,635.4088834501018,635.4088834501018,620.3253132639117,627.1678466796875,372,0.0,0.0,2023-08-08,629.3680023193359,12.983225112208707,642.3512274315447,616.3847772071272,655.3344525437533,603.4015520949185,20.328818449897497,54.10632720051304,-66541,434.2074442097748,702.7524067527012,565.6426720189598,36.232882596176516,627.634014464567,634.9427156652224,619.8591454790322,642.7175846507572,612.5504442783769,650.0262858514126,604.7755752928421,0.27167696938742864,-43.53752577402771,4.662279011210671,5.817545916896517,-1.1552669056858456,51.99886469294133,20.592365967376864,629.3355346679688,629.3680023193359,615.5765051269532,571.1458285522461,YUKEN.BO,2025-01-10 11:06:40.026759
347,2023-08-07 00:00:00+05:30,625.0701475306129,644.2992331717863,625.0202140473916,638.10595703125,482,0.0,0.0,2023-08-07,628.6038360595703,13.556647170858849,642.1604832304291,615.0471888887115,655.717130401288,601.4905417178526,135.52680789257786,96.31658104332168,-66169,572.4141714221329,769.8886473884327,565.5835093741089,33.92864777188984,635.808468083476,646.5967221195604,627.3177029951656,655.0874872078707,616.5294489590813,665.8757412439551,608.0386838707709,0.27310947804612234,-29.637004432665673,5.130892356510799,6.106362643317978,-0.9754702868071794,56.76367715344186,20.66153497951652,628.7162231445312,628.6038360595703,615.3387646484375,570.2647872924805,YUKEN.BO,2025-01-10 11:06:40.026759
348,2023-08-04 00:00:00+05:30,622.0734563017261,628.8161232307292,620.3253574682809,625.020263671875,327,0.0,0.0,2023-08-04,627.2078552246094,13.958226331054455,641.1660815556638,613.2496288935549,655.1243078867183,599.2914025625005,-1.3808462114783482,50.292112865324434,-66651,380.3753722292319,819.2572663800074,565.4930376802515,26.796645149446576,624.7205814569617,629.1158054456424,620.6250396831941,633.21134721941,616.2298156945134,637.6065712080907,612.1342739207458,0.2793934585633287,-61.34233122819385,4.575880508574414,6.3502302150197725,-1.7743497064453582,51.86284271873825,20.31945159259981,628.5663940429688,627.2078552246094,614.5676049804688,569.2498916625976,YUKEN.BO,2025-01-10 11:06:40.026759
349,2023-08-03 00:00:00+05:30,634.4100114870248,639.3047125802568,620.3253539255304,622.3231811523438,939,0.0,0.0,2023-08-03,626.3937408447266,14.554624510927452,640.948365355654,611.8391163337992,655.5029898665815,597.2844918228717,15.538929170826624,65.97180294515731,-66978,1087.5572069542854,928.9777399177012,565.4426151842297,43.61620759151943,627.317749219377,634.3101445132236,615.3307858584972,646.2971078741034,608.3383905646506,653.28950316795,596.3514272037708,0.2693536434581534,-65.93029126299837,5.084708162767356,6.793817641631111,-1.7091094788637546,50.79459110072594,20.877610020436784,629.6951538085938,626.3937408447266,613.3948803710938,568.2140182495117,YUKEN.BO,2025-01-10 11:06:40.026759
350,2023-07-28 00:00:00+05:30,636.0582520588969,642.4013292034717,627.2678243341456,634.0604248046875,282,0.0,0.0,2023-07-28,625.7669219970703,15.002223781845498,640.7691457789158,610.7646982152248,655.7713695607613,595.7624744333793,87.17683772009833,104.80477331906482,-66039,332.7746961706412,889.3328731585552,565.3039242452334,74.0221378844994,634.5765261141016,641.8852278940576,626.7517230247315,649.7100309834277,619.4430212447755,657.0187327633837,611.6182181554054,0.3064300276095388,-45.9642707924511,5.924742480850568,7.22109501134705,-1.2963525304964811,55.793767449250815,21.47870371195353,626.8582275390625,625.7669219970703,612.1652172851562,567.2500662231446,YUKEN.BO,2025-01-10 11:06:40.026759
351,2023-07-26 00:00:00+05:30,621.4741380173666,631.313412865146,620.2254959824277,624.0712890625,337,0.0,0.0,2023-07-26,624.3135040283203,15.554372630006037,639.8678766583263,608.7591313983143,655.4222492883323,593.2047587683082,-26.42122293576014,64.40055350177543,-66321,391.41245742117934,1028.4724174055336,565.2535394387427,74.07692067627244,625.2033993033579,630.181302624288,619.0933857415697,636.2913161860762,614.1154824206395,641.2692195070064,608.0054688588514,0.29879496350272355,-49.49898348903387,5.754531475652698,7.54518314397117,-1.7906516683184721,52.06610651019255,21.549361814672217,623.511865234375,624.3135040283203,610.5140124511719,566.3105880737305,YUKEN.BO,2025-01-10 11:06:40.026759
352,2023-07-24 00:00:00+05:30,617.3785394846566,637.8063348380796,614.2819317061847,637.3568115234375,1258,0.0,0.0,2023-07-24,623.7141540527343,15.793306812050806,639.5074608647851,607.9208472406835,655.3007676768359,592.1275404286328,-5.064779536480988,86.70126850112996,-65984,1492.223285172661,1187.737407401622,565.201986252107,74.63391137878197,629.8150260225672,645.3481203389497,621.8237172070548,653.3394291544621,606.2906228906722,668.8725234708446,598.2993140751598,0.3121724860389541,-31.730149151324817,6.433198459127766,7.992846061050788,-1.5596476019230217,58.12028846635345,22.291881050277397,622.423046875,623.7141540527343,608.9277368164062,565.6597952270508,YUKEN.BO,2025-01-10 11:06:40.026759
353,2023-07-21 00:00:00+05:30,614.8812401759533,630.6640625,614.8812401759533,630.6640625,181,0.0,0.0,2023-07-21,622.4130706787109,15.681708567237457,638.0947792459484,606.7313621114735,653.7764878131859,591.049653544236,-42.50088783982308,63.5624329849388,-67242,212.44533491060673,1111.615937958862,564.965129090112,73.75186890954392,625.4031217253178,635.9250032746822,620.1421809506355,641.1859440493645,609.620299401271,651.707825598729,604.3593586265888,0.26936465541637006,-40.68142291650673,5.89620248410381,8.382757961531542,-2.486555477427732,55.71320545474579,23.0915171501599,621.00458984375,622.4130706787109,606.9628735351563,564.8751486206055,YUKEN.BO,2025-01-10 11:06:40.026759
354,2023-07-20 00:00:00+05:30,619.2764601420982,622.0234723718876,602.2949299943095,608.1385498046875,594,0.0,0.0,2023-07-20,620.9521606445312,16.2241916626941,637.1763523072253,604.7279689818371,653.4005439699195,588.503777319143,-142.42576061721968,-9.199124220838717,-67423,672.2944392147614,1336.408588720926,564.9340847408324,72.29180061517108,610.8189840569615,619.3430381196135,599.6144957420355,630.5475264345396,591.0904416793835,639.0715804971916,579.8859533644575,0.25990441872786857,-70.80836031259359,5.778482882266303,9.004396830888474,-3.2259139486221713,46.00902273480244,24.389641923617084,621.5939575195313,620.9521606445312,604.9470666503906,564.1489389038086,YUKEN.BO,2025-01-10 11:06:40.026759
355,2023-07-19 00:00:00+05:30,617.6782086585139,625.769445510985,617.32861328125,617.32861328125,288,0.0,0.0,2023-07-19,621.0470611572266,16.150680445661173,637.1977416028877,604.8963807115655,653.348422048549,588.7457002659042,-75.2351000914188,30.425618490399447,-66829,330.8867942638847,1502.4371260974672,564.8669828536877,74.52137019227828,620.142224024495,622.95583476774,614.5150025380051,628.58305625423,611.7013917947601,631.396666997475,606.0741703082701,0.2823443861085313,-58.51703221855743,7.75863505320558,9.810875318044017,-2.052240264838437,50.17316806894754,26.180570687884373,626.8482421875,621.0470611572266,603.43271484375,563.5780606079102,YUKEN.BO,2025-01-10 11:06:40.026759
356,2023-07-17 00:00:00+05:30,630.4643603318269,630.4643603318269,617.6782171258089,618.627197265625,1070,0.0,0.0,2023-07-17,620.739892578125,16.283001591901755,637.0228941700268,604.4568909862232,653.3058957619286,588.1738893943215,-45.7771029484817,41.40450799309229,-66541,1231.9223289148417,1795.3247090558627,564.8274479133,75.57741316913491,622.2565915744203,626.8349660230317,614.0488228170137,635.0427347804383,609.4704483684023,639.6211092290497,601.2626796109957,0.2824690396068768,-56.78023008978866,9.271192792501097,10.323935384253625,-1.0527425917525282,50.776826937858026,27.181379052195076,633.3212036132812,620.739892578125,601.6346704101562,562.9552383422852,YUKEN.BO,2025-01-10 11:06:40.026759
357,2023-07-14 00:00:00+05:30,629.7151360999131,632.9616051878974,620.2753907118516,630.2645263671875,887,0.0,0.0,2023-07-14,620.5126403808594,16.345634883765317,636.8582752646247,604.167005497094,653.20391014839,587.8213706133287,-11.365548910274553,69.27471271365543,-65471,1040.4399603833947,1936.1753040911178,564.676395210689,78.16051788476136,627.8338407556455,635.3922907994394,622.7060763233936,640.5200552316912,615.1476262795998,648.0785052754851,610.0198618473479,0.3119741266741817,-41.2157858952114,10.939361584615312,10.587121032191757,0.3522405524235559,56.42079008519927,28.231947953367442,638.2258666992187,620.5126403808594,599.9455078125,562.1900704956055,YUKEN.BO,2025-01-10 11:06:40.026759
358,2023-07-10 00:00:00+05:30,637.1070985704629,646.3470496124339,632.3123253586693,633.6109008789062,1065,0.0,0.0,2023-07-10,619.1591125488281,16.614217336546375,635.7733298853746,602.5448952122817,652.3875472219208,585.9306778757355,35.90688223542784,118.62191706134946,-64584,1255.8645112291554,2160.1091400180485,564.5233832637758,77.65973961880519,637.4234252833365,642.5345252080037,628.4998009542392,651.4581495371011,623.388701029572,656.5692494617683,614.4650767004746,0.27782544924686725,-36.740149012620435,11.763274648082984,10.499060894085867,1.264213753997117,58.14806317983015,29.17078526981225,642.6310791015625,619.1591125488281,597.9416882324218,561.3245120239258,YUKEN.BO,2025-01-10 11:06:40.026759
359,2023-07-07 00:00:00+05:30,633.0614642354728,638.4056273566683,629.2656049277116,634.4099731445312,1011,0.0,0.0,2023-07-07,617.7306671142578,16.534241838939057,634.2649089531968,601.1964252753188,650.799150792136,584.6621834363797,31.467724253012264,108.95647872820966,-63519,1193.690388997226,2386.1702972152716,564.3293197623183,77.12700209294172,634.0270684763037,638.7885320248959,629.6485095959391,643.1670909052605,624.887046047347,647.9285544538526,620.5084871669824,0.2368049322009203,-35.671423055211115,12.310334419124842,10.183007455586587,2.1273269635382555,58.54550715113336,29.24615186309934,644.4990478515625,617.7306671142578,595.9388659667969,560.423991394043,YUKEN.BO,2025-01-10 11:06:40.026759
360,2023-06-30 00:00:00+05:30,645.6477716137204,653.1896179594785,643.1504876499188,649.6934204101562,958,0.0,0.0,2023-06-30,616.9265441894531,16.06478105137799,632.9913252408311,600.8617631380752,649.056106292209,584.7969820866972,93.79389025340875,177.43800605701452,-62508,1158.3625748704,2684.2902742697825,564.1419482470104,78.05646651671972,648.6778420065178,654.2051963631169,644.1660660535572,658.7169723160775,638.6387116969581,664.2443266726766,634.1269357439975,0.4279628850929135,-15.230447296035774,12.745519972266607,9.651175714702022,3.0943442575645843,66.62166558397774,29.70643691060143,640.3735473632812,616.9265441894531,593.99498046875,559.6947848510742,YUKEN.BO,2025-01-10 11:06:40.026759
361,2023-06-28 00:00:00+05:30,661.0810244474224,661.0810244474224,642.4013274769975,643.1505126953125,1212,0.0,0.0,2023-06-28,614.2619415283203,14.706030236839467,628.9679717651597,599.5559112914809,643.6740020019993,584.8498810546414,128.26218524810525,182.4604276002366,-63466,1450.7272873291054,3065.772199119628,563.9246536409584,80.22524990973162,648.8776215399108,655.3539156028241,636.6742186323993,667.5573185103357,630.197924569486,674.033612573249,617.9945216619744,0.4323289210480276,-23.98131453620701,11.604387427443157,8.877589650310876,2.7267977771322816,64.68553993238967,29.01308584539943,631.3034057617188,614.2619415283203,591.6025830078125,558.5919839477539,YUKEN.BO,2025-01-10 11:06:40.026759
362,2023-06-27 00:00:00+05:30,641.3025386512371,659.183116686529,641.2026716776159,652.2905883789062,2773,0.0,0.0,2023-06-27,611.4350158691407,14.288786101824973,625.7238019709656,597.1462297673157,640.0125880727907,582.8574436654907,214.67177904277628,190.85498829627352,-62254,3366.367472876043,3469.533427067259,563.6692522164234,82.62556557739993,650.892125581017,660.5815794844182,642.601134475505,668.8725705899302,632.9116805721038,678.5620244933314,624.6206894665918,0.44252935100397445,-9.458563868526808,10.611945195343992,8.195890206027805,2.416054989316187,69.95113432986625,28.266400082874203,625.0502075195312,611.4350158691407,589.3780029296875,557.5805838012695,YUKEN.BO,2025-01-10 11:06:40.026759
363,2023-06-26 00:00:00+05:30,623.1722071398093,649.3437549046557,612.2840857926916,642.9507446289062,12439,0.0,0.0,2023-06-26,607.73154296875,12.646798869588302,620.3783418383383,595.0847440991616,633.0251407079265,582.4379452295734,308.46778961220025,129.36509570200292,-65027,14884.481526354837,3495.3249156150623,563.0107503630063,80.55658588047531,634.8595284420845,657.4349710914775,620.3753019795133,671.9191975540487,597.7998593301204,694.4946402034416,583.3156328675492,0.44154131957962633,-10.142578869530347,8.280372380933613,7.591876458698758,0.6884959222348552,67.43579442884914,27.53299262869127,616.6293579101563,607.73154296875,587.0615222167969,556.4018655395507,YUKEN.BO,2025-01-10 11:06:40.026759
364,2023-06-23 00:00:00+05:30,593.0550136047946,614.3318609866607,586.3123468378678,613.782470703125,350,0.0,0.0,2023-06-23,605.5913696289062,9.636583214370757,615.227952843277,595.9547864145355,624.8645360576478,586.3182032001647,-66.59370502714187,23.80420108437417,-77466,399.809459526848,648.0357629301184,560.2543593002443,37.55659487950953,604.8088928425512,623.3054388472347,595.2859246984418,632.8284069913441,576.7893786937584,651.3249529960275,567.266410549649,0.3176751714064376,-27.72669232060093,6.089625550272899,7.419752478140045,-1.3301269278671457,56.996305586099666,27.11559849177939,609.7868041992188,605.5913696289062,584.9737927246093,555.3300308227539,YUKEN.BO,2025-01-10 11:06:40.026759
365,2023-06-22 00:00:00+05:30,610.5859222412109,610.5859222412109,597.6000457763672,604.3427124023438,157,0.0,0.0,2023-06-22,604.8696533203125,9.530773479166537,614.4004267994791,595.338879841146,623.9312002786456,585.8081063619794,-92.97036046945209,25.48981915984101,-77816,176.5848666744896,710.092338780936,560.2023761286997,22.286731238595166,604.1762268066406,610.7524078369139,597.7665313720702,617.1621032714843,591.1903503417968,623.7382843017576,584.7806549072264,0.32900894661932645,-71.35214557325507,6.065171728704286,7.752284210106831,-1.6871124814025453,52.41184204790472,28.451713961702637,608.9876708984375,604.8696533203125,583.3106018066406,554.5383920288086,YUKEN.BO,2025-01-10 11:06:40.026759
366,2023-06-21 00:00:00+05:30,606.3405631256776,619.0267782052729,603.893212579918,611.884521484375,449,0.0,0.0,2023-06-21,604.0530426025391,10.25078586878949,614.3038284713286,593.8022567337496,624.5546143401181,583.5514708649602,66.65033025691271,50.61760020272911,-77659,511.31242719414956,843.4692068075474,560.1831391294494,66.66733561110647,611.6015040898552,619.3097955997924,604.1762299744375,626.7350697152101,596.4679384645003,634.4433612251473,589.0426643490827,0.13063181035445487,-51.137945155270415,6.871640051489408,8.174062330457467,-1.3024222789680593,56.91170200392923,28.914341141220994,609.1175415039063,604.0530426025391,581.5645007324218,553.8806076049805,YUKEN.BO,2025-01-10 11:06:40.026759
367,2023-06-20 00:00:00+05:30,602.7944163683204,611.6847107127784,598.698834079637,610.1863403320312,424,0.0,0.0,2023-06-20,602.7994079589844,10.762970167208207,613.5623781261926,592.0364377917762,624.3253482934008,581.273467624568,-54.62583704498895,40.02411800619022,-78108,481.50286747849947,926.5084017108968,560.118619455308,66.77794713797269,606.8566283748155,615.014422669994,602.0285460368526,619.8425050079569,593.8707517416741,628.0002993031354,589.0426694037112,0.1432212722802766,-41.5585412031823,7.0572942058932995,8.499667900199482,-1.4423736943061822,56.123025060897255,28.812785108567063,609.1574951171875,602.7994079589844,579.4358160400391,553.1763735961914,YUKEN.BO,2025-01-10 11:06:40.026759
368,2023-06-19 00:00:00+05:30,613.9822725073581,619.2265689404973,605.341645425218,608.7379760742188,416,0.0,0.0,2023-06-19,601.705599975586,11.079691305820237,612.7852912814062,590.6259086697657,623.8649825872265,579.5462173639455,39.37021198890975,53.42259723828825,-78532,471.2965564699651,1037.759785268996,560.059547758983,70.17154019452323,611.102063479978,616.8624815347381,602.9775580194588,624.9869869952573,597.2171399646987,630.7474050500174,589.0926345041795,0.12918388780599077,-43.24585634645575,7.3553041957638925,8.860261323776026,-1.5049571280121334,55.47758952681255,29.1010842739353,609.387255859375,601.705599975586,577.2402044677734,552.3602615356446,YUKEN.BO,2025-01-10 11:06:40.026759
369,2023-06-16 00:00:00+05:30,603.8931897177624,614.2319818028074,603.8432562327697,609.7868041992188,152,0.0,0.0,2023-06-16,600.6192810058594,11.413955609369797,612.0332366152293,589.2053253964896,623.447192224599,577.7913697871198,3.9637957042635095,51.06559287581237,-78116,172.50121163703187,1179.3755924687537,560.0031335294419,67.48712366948855,609.2873474115986,614.7314385904275,604.3427130203899,619.6760729816363,598.898621841561,625.1201641604652,593.9539874503522,0.09471524811930561,-35.51095060728704,7.7680452203712775,9.236500605779058,-1.4684553854077809,56.03181630797941,28.772886855136527,607.9288330078125,600.6192810058594,575.2683483886718,551.5276663208008,YUKEN.BO,2025-01-10 11:06:40.026759
370,2023-06-15 00:00:00+05:30,608.638063604101,612.1342613150687,604.1429522614285,604.9920654296875,289,0.0,0.0,2023-06-15,600.4294891357422,11.28431696521651,611.7138061009587,589.1451721705257,622.9981230661753,577.8608552053091,-47.011761070733996,47.84669341693061,-78268,325.4003843296993,1431.094187676684,559.9820436922555,68.70725140215227,607.0897596687282,610.036567076028,602.0452580223878,615.0810687223684,599.098450615088,618.0278761296681,594.0539489687476,0.09067109346831971,-43.551072540585125,8.075487471075007,9.603614452131003,-1.5281269810559959,54.0889230740373,28.66856000677888,607.9787841796875,600.4294891357422,572.5572967529297,550.7415213012696,YUKEN.BO,2025-01-10 11:06:40.026759
371,2023-06-14 00:00:00+05:30,612.134223035474,616.3796057047368,600.8465118968502,612.0842895507812,1065,0.0,0.0,2023-06-14,600.938931274414,11.722620989191345,612.6615522636054,589.2163102852227,624.3841732527967,577.4936892960313,22.71701669272996,55.889337131140536,-77979,1213.1971468001109,1707.51763851343,559.9457609808428,71.77225913510591,609.7701357174561,618.6937595380621,603.1606657301754,625.3032295253428,594.2370419095695,634.2268533459487,587.6275719222888,0.08215246498899274,-31.658381519704694,8.818959966762009,9.985646197395003,-1.166686230632994,57.58641303570002,28.66005357959307,609.2174194335937,600.938931274414,570.0370367431641,550.0377865600586,YUKEN.BO,2025-01-10 11:06:40.026759
372,2023-06-13 00:00:00+05:30,611.9844622926458,622.3231940175973,604.642410501016,611.3351440429688,559,0.0,0.0,2023-06-13,601.5582580566406,12.634199038200608,614.1924570948412,588.9240590184401,626.8266561330419,576.2898599802394,64.18421772751488,64.56592522707494,-79044,636.0067293479024,1831.0977614417598,559.7904174840545,83.36784573204733,612.766916187194,620.8914218733721,603.2106383567908,630.4476997037754,595.0861326706128,638.5722053899534,585.5298548402095,0.05564507137466362,-32.91459619960974,8.938732832393498,10.27731775505325,-1.3385849226597522,57.31529979868518,28.65089281185451,609.6169921875,601.5582580566406,567.5247692871094,549.2611312866211,YUKEN.BO,2025-01-10 11:06:40.026759
373,2023-06-12 00:00:00+05:30,602.7444982879891,605.5414442097667,596.3014932923336,601.4458618164062,787,0.0,0.0,2023-06-12,601.920361328125,13.026837790393287,614.9471991185183,588.8935235377317,627.9740369089116,575.8666857473384,-11.056178497116681,42.614559180840935,-79603,880.9308383746751,2129.870519465224,559.7096827439058,81.22422578127686,601.0962664395022,605.8910395866708,596.6510886692377,610.3362173569353,591.856315522069,615.1309905041039,587.4111377518045,-0.1734342366722575,-41.242215570779976,9.030422531094246,10.611963985718187,-1.5815414546239417,53.69066180002236,28.333113879413194,607.9887573242188,601.920361328125,565.2472454833984,548.5209359741211,YUKEN.BO,2025-01-10 11:06:40.026759
374,2023-06-09 00:00:00+05:30,608.2884612232189,611.3351355711025,600.2472187742642,610.0365600585938,403,0.0,0.0,2023-06-09,603.2539093017579,14.280523936772482,617.5344332385304,588.9733853649853,631.8149571753029,574.6928614282128,31.257468917282164,57.35967037360413,-78816,457.5425091888017,2442.105439737861,559.617444597381,76.50328528019037,607.2063048013201,614.1653908283761,603.0774740315378,618.2942215981584,596.1183880044819,625.2533076252143,591.9895572346995,-0.25123834385335186,-29.239369283229134,9.984933008090934,11.007349349374174,-1.0224163412832397,57.63808935498031,28.747188441494654,608.7079833984375,603.2539093017579,563.2564111328124,,YUKEN.BO,2025-01-10 11:06:40.026759
375,2023-06-08 00:00:00+05:30,609.3372759874508,619.3264116593763,606.6901306468524,611.1852416992188,641,0.0,0.0,2023-06-08,605.0419616699219,17.129158253946887,622.1711199238688,587.912803415975,639.3002781778157,570.783645162028,73.16475009232457,70.17572790400526,-78413,729.1240578191631,2938.2461723751258,559.5603210483022,72.75981871926314,612.4005946684824,618.1110586901125,605.4747776775886,625.0368756810063,599.7643136559585,630.7473397026364,592.8384966650647,-0.11856178233239438,-27.634441630428377,10.209655185726092,11.262953434694984,-1.0532982489688916,58.16974763753126,28.881127817488093,610.3661743164063,605.0419616699219,561.038822631836,,YUKEN.BO,2025-01-10 11:06:40.026759
376,2023-06-07 00:00:00+05:30,611.8845311431271,624.3210180157712,609.3373135833926,614.0821533203125,656,0.0,0.0,2023-06-07,604.9895202636719,17.11095637911481,622.1004766427867,587.8785638845571,639.2114330219015,570.7676075054424,110.97815286866559,79.81276220257998,-77772,749.723036120563,3490.526701014116,559.4671210986114,72.19008132185247,615.9134949731588,622.4896763629249,607.5059719305464,630.8971994055373,600.9297905407802,637.4733807953035,592.5222674981678,-0.12494626641054804,-23.586902778946843,10.229548188155945,11.526277996937207,-1.2967298087812615,59.453906876835525,28.51098707556207,607.4093994140625,604.9895202636719,558.809248046875,,YUKEN.BO,2025-01-10 11:06:40.026759
377,2023-06-06 00:00:00+05:30,605.141863494436,610.9855447980567,602.6945129126898,603.1939697265625,560,0.0,0.0,2023-06-06,605.0494537353516,17.146543040529167,622.1959967758808,587.9029106948224,639.34253981641,570.7563676542932,69.64986832349241,63.65375478412037,-78428,628.6596089978638,4175.727617237504,559.3660289519723,69.45806238983964,605.6246758124363,608.5548387121828,600.2638068268159,613.9157076978032,597.3336439270694,616.8458705975497,591.972774941449,-0.11225416615434473,-38.79977492764148,9.814722203005317,11.850460449132521,-2.035738246127204,56.0724497633967,27.901559299821322,601.9153686523438,605.0494537353516,556.78544921875,,YUKEN.BO,2025-01-10 11:06:40.026759
378,2023-06-05 00:00:00+05:30,618.9768493885548,630.9638128356817,593.6543525251899,605.0419921875,3515,0.0,0.0,2023-06-05,604.867153930664,17.18664356658153,622.0537974972456,587.6805103640825,639.2404410638271,570.4938667975009,121.40138150932096,74.6712475376206,-77868,3958.0510074597532,5062.494619297414,559.2966660495811,67.7746486830698,609.8867191827904,626.119085840391,588.8096255298992,647.1961794932822,572.5772588722987,663.4285461508828,551.5001652194074,-0.04631035433816939,-41.41020814191248,10.207232436507411,12.359395010664322,-2.152162574156911,56.819956188602255,27.763860226694643,596.92080078125,604.867153930664,554.950444946289,,YUKEN.BO,2025-01-10 11:06:40.026759
379,2023-06-02 00:00:00+05:30,600.3970034434573,620.0256799519038,600.3470699575298,618.3275146484375,13025,0.0,0.0,2023-06-02,602.9342559814453,19.219551103090858,622.1538070845362,583.7147048783544,641.373358187627,564.4951537752636,202.03900209131055,83.94355856522743,-74353,14988.799295134304,5338.605522256828,558.8376837176165,51.55840394260758,612.9000881859571,625.4531064143844,605.7744964200103,632.5786981803311,593.2214781915831,645.1317164087584,586.0958864256363,-0.03288211980129871,-47.250763931050386,10.373107228906406,12.897435654203548,-2.524328425297142,62.365979858488394,27.6155689171736,595.9418579101563,602.9342559814453,552.9206518554688,,YUKEN.BO,2025-01-10 11:06:40.026759
380,2023-06-01 00:00:00+05:30,601.0962734154244,601.0962734154244,580.9681394984775,596.4013671875,542,0.0,0.0,2023-06-01,600.0598815917969,21.011479191104474,621.0713607829014,579.0484024006923,642.0828399740058,558.0369232095879,13.637155661064588,52.55357380135959,-87378,601.6008716653009,2926.0570790374595,556.5404828309566,32.389694877478604,592.8219267004673,604.6757139024571,584.5475799855102,612.9500606174142,572.6937927835204,624.803847819404,564.4194460685633,-0.15664104624819378,-66.87527069942172,9.119886270311099,13.528517760527834,-4.4086314902167345,55.747690827054626,27.89444811170702,592.1459838867188,600.0598815917969,550.7809790039063,,YUKEN.BO,2025-01-10 11:06:40.026759
381,2023-05-31 00:00:00+05:30,587.7607745155851,599.3980811344671,579.5696709706092,586.6119995117188,1692,0.0,0.0,2023-05-31,597.8148223876954,23.655439644819626,621.4702620325149,574.1593827428758,645.1257016773346,550.5039430980561,-40.22193358323172,48.58404180800094,-87920,1847.2336919721408,3507.171130880499,556.4763289201197,47.19905170024711,588.526583872265,597.4834967739207,577.6550866100628,608.3549940361229,568.698173708407,617.3119069377786,557.8266764462048,-0.157994430347253,-75.6370247902259,9.536596894924287,14.630675633082017,-5.09407873815773,52.26805645983506,29.0708845470677,590.4678100585937,597.8148223876954,548.8071252441406,,YUKEN.BO,2025-01-10 11:06:40.026759
382,2023-05-30 00:00:00+05:30,585.3633872135429,591.8063923211819,571.3286629050085,578.2211303710938,804,0.0,0.0,2023-05-30,595.7220977783203,26.391787185994115,622.1138849643144,569.3303105923262,648.5056721503086,542.938523406332,-93.32257973257227,38.25104879914234,-89612,865.2080411396586,3922.1554906075876,556.32415309226,45.43344318929439,580.4520618657614,589.5754608265142,569.0977314103409,600.9297912819347,559.974332449588,610.0531902426876,548.6200019941675,-0.15545244540363204,-83.1470841171585,10.889723270340596,15.904195317621449,-5.014472047280853,49.0819207358965,30.422795578571236,590.5077758789063,595.7220977783203,547.0150738525391,,YUKEN.BO,2025-01-10 11:06:40.026759
383,2023-05-26 00:00:00+05:30,609.3372951327204,614.3318631256116,591.4067838444718,600.1472778320312,1127,0.0,0.0,2023-05-26,593.7667236328125,29.069576439180395,622.8363000719929,564.6971471936321,651.9058765111733,535.6275707544517,-5.877813101688536,76.94062732907251,-88808,1258.7871374162137,4686.39235297457,556.2714849485295,48.381467050534525,601.9619749340382,612.5171660236045,589.5920867424647,624.887054215178,579.0368956528984,635.4422453047443,566.6670074613249,-0.15357040821958104,-63.52257734878717,13.283512738013087,17.157813329441662,-3.8743005914285753,58.57114877275546,32.25570155238734,592.5255859375,593.7667236328125,545.9532293701172,,YUKEN.BO,2025-01-10 11:06:40.026759
384,2023-05-25 00:00:00+05:30,589.6087371826172,604.3427124023438,580.3687866210938,599.34814453125,2100,0.0,0.0,2023-05-25,590.2530456542969,32.32275654073514,622.575802195032,557.9302891135618,654.8985587357672,525.6075325728266,-45.05114864968722,69.47295320664999,-89935,2342.442827918691,5543.293656864159,556.123054357756,52.66451352884152,594.6865478515625,609.0043090820312,585.0303833007813,618.6604736328125,570.7126220703126,632.9782348632812,561.0564575195314,-0.14771317044805166,-64.23782369554972,13.987629992319512,18.126388477298807,-4.138758484979295,58.29804201153485,32.93897099423803,589.8984497070312,590.2530456542969,544.5627423095704,,YUKEN.BO,2025-01-10 11:06:40.026759
385,2023-05-24 00:00:00+05:30,593.204799841795,599.298209207137,581.6673602887446,588.010498046875,14205,0.0,0.0,2023-05-24,586.9066864013672,34.708044100973225,621.6147305023404,552.198642300394,656.3227746033136,517.4905981994208,-72.48484378954099,65.46387671538868,-92035,15545.219468569978,6343.506364100526,555.8488489337294,51.61320918125089,589.6586891809188,597.6500180730931,580.0191691547006,607.2895380993112,572.0278402625264,615.2808669914855,562.3883202363082,-0.16534420543482162,-73.98844804944079,14.755882180980961,19.16107809854363,-4.4051959175626685,54.33577202471662,34.13702444809476,591.2270141601563,586.9066864013672,543.226195678711,,YUKEN.BO,2025-01-10 11:06:40.026759
386,2023-05-23 00:00:00+05:30,559.391637066859,592.3557871082988,559.391637066859,586.8118286132812,975,0.0,0.0,2023-05-23,583.8774810791016,37.16356701523477,621.0410480943364,546.7139140638668,658.2046151095711,509.55034704863203,-130.16424013829737,52.40839316253444,-106240,1064.8146438998035,4043.078087983163,554.4069070157149,42.195515075016964,579.5197509294798,599.6478647921006,566.6837147506607,612.4839009709196,546.5556008880399,632.6120148335405,533.7195647092208,-0.14897671772654628,-70.68671450017278,16.63249020991043,20.262377077934296,-3.629886868023867,53.90542286265862,35.66990614763889,596.6610961914063,583.8774810791016,541.9725592041016,,YUKEN.BO,2025-01-10 11:06:40.026759
387,2023-05-22 00:00:00+05:30,592.3557685760823,598.9985684459672,577.0224691058764,588.3101806640625,3389,0.0,0.0,2023-05-22,581.2453430175781,38.77413444272842,620.0194774603065,542.4712085748497,658.793611903035,503.69707413212126,-137.72022944153596,70.66148974692337,-105265,3710.637016309309,4787.643949004003,554.3068788431517,43.17034724285705,588.1104060719687,599.1983430380609,577.2222436979702,610.0865054120594,566.1343067318779,621.1744423781516,555.2461443578794,-0.15878867888238324,-64.13922686495007,18.901160506167912,21.169848794940265,-2.2686882887723527,54.50160569936201,37.65916981021621,604.1928955078125,581.2453430175781,540.7598773193359,,YUKEN.BO,2025-01-10 11:06:40.026759
388,2023-05-19 00:00:00+05:30,606.7900736059462,608.8877677614406,581.5675054099507,587.0115966796875,2684,0.0,0.0,2023-05-19,578.3335113525391,40.36954427892672,618.7030556314658,537.9639670736124,659.0725999103925,497.5944227946856,-119.9138555899556,83.24733887575626,-108654,2932.2414759151025,5056.895682177676,553.9380844313007,45.80352591789072,592.4889566170262,603.4104078241018,576.0901454726119,619.8092189685161,565.1686942655364,630.7306701755916,548.769883121122,-0.16827788070447722,-62.41657784711884,21.371799766736217,21.73702086713335,-0.3652211003971324,54.09301052329037,38.63925299986972,610.2463012695313,578.3335113525391,539.373384399414,,YUKEN.BO,2025-01-10 11:06:40.026759
389,2023-05-17 00:00:00+05:30,616.5794266911109,625.0701923887609,590.3579443895449,605.990966796875,1004,0.0,0.0,2023-05-17,575.6564208984375,41.52260657489493,617.1790274733324,534.1338143235427,658.7016340482274,492.6112077486477,-29.413479447756842,115.63511043559585,-105970,1132.3231936282657,5588.059233743318,553.6515340162572,47.839739767912775,607.1397011917269,623.9214579939089,589.2092099946929,641.851949190943,572.4274531925108,658.633705993125,554.4969619954768,-0.15035173934232798,-46.957088993149696,24.339042397792582,21.828326142232633,2.5107162555599487,61.59174244377399,39.36746858992781,618.4673461914062,575.6564208984375,538.3025482177734,,YUKEN.BO,2025-01-10 11:06:40.026759
390,2023-05-16 00:00:00+05:30,624.8703821913726,624.8703821913726,610.7857250013708,615.180908203125,1479,0.0,0.0,2023-05-16,572.2176574707031,41.72555249164569,613.9432099623488,530.4921049790574,655.6687624539945,488.76655248741173,21.53613301852885,144.4240424763134,-104966,1693.3298448243577,6701.99324377208,553.4813531426579,47.49996623481165,616.9456717986228,623.1056185958748,609.020961405873,631.0303289886247,602.861014608621,637.1902757858767,594.9363042158711,-0.14705404672625397,-38.12116536562159,25.900058369985913,21.200647078342644,4.699411291643269,65.68578838759208,39.50435761063409,626.4286743164063,572.2176574707031,537.0229388427734,,YUKEN.BO,2025-01-10 11:06:40.026759
391,2023-05-15 00:00:00+05:30,620.3253096082991,637.306839823019,620.3253096082991,624.4708251953125,1658,0.0,0.0,2023-05-15,567.962289428711,41.45227747138042,609.4145669000914,526.5100119573306,650.8668443714718,485.0577344859501,55.32436583993044,179.9761152706347,-103487,1926.9356845820237,7954.15909350901,553.1844030903172,48.7146700972646,627.3676582088768,634.4100068094546,617.4284765947347,644.3491884235967,610.3861279941569,651.3915370241745,600.4469463800148,-0.1401681867446362,-31.79031131459869,26.60113673573926,20.025794255431826,6.575342480307434,70.05695110547938,37.92049730576127,625.419775390625,567.962289428711,535.5215728759765,,YUKEN.BO,2025-01-10 11:06:40.026759
392,2023-05-12 00:00:00+05:30,630.8139003342469,671.1200372744795,614.1819655103432,618.5772094726562,17713,0.0,0.0,2023-05-12,563.3348236083984,39.95062037591482,603.2854439843132,523.3842032324836,643.236064360228,483.4335828565688,81.1495314110954,216.84894533441346,-105145,20391.84764134318,9460.964945740756,552.797703200412,49.67647381286639,634.6264040858263,655.0708426613094,598.132770897173,691.5644758499626,577.6883323216899,712.0089144254457,541.1946991330367,-0.13055189587702512,-35.806668081223016,26.180765898181676,18.381958635354966,7.79880726282671,68.83601352568866,35.27455807138901,623.5817749023438,563.3348236083984,533.8204229736328,,YUKEN.BO,2025-01-10 11:06:40.026759
393,2023-05-11 00:00:00+05:30,658.2340888851041,658.2340888851041,624.8703522864874,628.1168212890625,9164,0.0,0.0,2023-05-11,559.2292907714843,38.15347406840015,597.3827648398844,521.0758167030842,635.5362389082846,482.922342634684,103.0710803708046,252.35027176250793,-87432,10712.628505940736,6728.244271840149,548.7510797108372,71.04932763115549,637.0737541535514,649.2771560206153,615.9134194219986,670.4374907521681,603.7100175549347,682.640892619232,582.5496828233819,0.15314479435530015,-22.50002140850833,25.826317421294902,16.432256819648288,9.394060601646615,73.33326154636399,32.42508504975734,619.775927734375,559.2292907714843,532.2341485595703,,YUKEN.BO,2025-01-10 11:06:40.026759
394,2023-05-10 00:00:00+05:30,617.9278951038341,655.2872861078886,614.5316256290937,645.797607421875,16262,0.0,0.0,2023-05-10,554.7516632080078,34.74617156964577,589.4978347776536,520.0054916383621,624.2440063472993,485.2593200687163,134.47044285250627,292.0025756847293,-78268,19545.236434328242,5732.148213315003,546.1420727379319,91.05354333305408,638.5388397196191,662.5460538101445,621.7903933313496,679.294500198414,597.7831792408242,703.3017142889394,581.0347328525547,0.40424877022466027,-7.249143081771856,24.04170089819081,14.08374166923663,9.95795922895418,82.62246508425748,29.564261918938683,607.4293701171875,554.7516632080078,530.3661810302734,,YUKEN.BO,2025-01-10 11:06:40.026759
395,2023-05-09 00:00:00+05:30,618.8769075582886,620.2254774971394,609.3372948894447,610.1364135742188,961,0.0,0.0,2023-05-09,548.9929290771485,27.69020729384001,576.6831363709884,521.3027217833085,604.3733436648284,493.6125144894684,129.29652940888607,257.388426612605,-94530,1091.2414965889811,2278.876158061693,539.9685060193416,81.87488714262831,613.2330619869343,617.128829084424,606.2406464767292,624.121244594629,602.3448793792396,628.0170116921187,595.3524638690345,0.2934159400317008,-14.192898150659337,19.651293216921545,11.594251861998085,8.05704135492346,77.21749414410621,26.532843114848024,590.4378540039063,548.9929290771485,528.1495916748047,,YUKEN.BO,2025-01-10 11:06:40.026759
396,2023-05-08 00:00:00+05:30,616.8790600708834,624.320978326302,602.3448798892161,615.2808227539062,3523,0.0,0.0,2023-05-08,544.3379913330078,24.513636076882385,568.8516274098902,519.8243552561255,593.3652634867726,495.31071917924305,184.71082466938455,289.85772851601837,-93569,4034.1919850321137,2575.7848234298704,539.7106866798007,87.30904260872151,613.9822269898082,625.6195740904002,603.6434756533143,635.958325426894,592.0061285527223,647.595672527486,581.6673772162285,0.35763467444515784,-9.045466642625348,17.244581364279043,9.57999152326722,7.664589841011823,80.5716605482989,23.996680426239664,578.7106079101562,544.3379913330078,526.7151519775391,,YUKEN.BO,2025-01-10 11:06:40.026759
397,2023-05-05 00:00:00+05:30,566.3340953958112,606.4404411067001,566.3340953958112,599.5479736328125,8382,0.0,0.0,2023-05-05,538.8464645385742,19.592801603174877,558.439266141749,519.2536629353993,578.032067744924,499.66086133222444,194.8980313281731,245.59625381900514,-97092,9352.810518324846,2211.183033029309,538.6788615277242,83.26439471549483,590.7741700451079,615.2142446944046,575.1078989835157,630.8805157559967,550.6678243342191,655.3205904052934,535.0015532726269,0.39634599750642435,-8.399225796812294,13.395332991846658,7.663844063014263,5.731488928832395,77.83574304776423,21.265428300046047,564.6059448242188,538.8464645385742,525.1908099365235,,YUKEN.BO,2025-01-10 11:06:40.026759
398,2023-05-04 00:00:00+05:30,559.3916377314815,568.2819935043968,558.7923139357378,566.384033203125,230,0.0,0.0,2023-05-04,533.8893539428711,15.55167132052244,549.4410252633936,518.3376826223487,564.992696583916,502.78601130182625,145.09839672639777,172.22083470548392,-105474,242.4428483653835,425.77616170542484,536.635098918908,52.658473784923736,564.4861135477532,570.1799131597687,560.6902335911096,573.9757931164123,554.9964339790941,579.6695927284278,551.2005540224505,0.09699835780444696,-4.323145496425815,9.81361630737274,6.230971830806164,3.5826444765665766,69.40089792014257,18.80695707942444,552.5190795898437,533.8893539428711,523.9321783447266,,YUKEN.BO,2025-01-10 11:06:40.026759
399,2023-05-03 00:00:00+05:30,557.3937629018229,561.139688727776,551.8498048731813,560.8400268554688,300,0.0,0.0,2023-05-03,531.0774108886719,14.409384098419851,545.4867949870918,516.668026790252,559.8961790855117,502.2586426918322,163.103123271422,155.31261451309194,-105704,313.13441123005174,471.60949004043516,536.6076651556854,56.31453520625791,557.9431734854753,564.0365420977694,554.7466582431746,567.2330573400701,548.6532896308805,573.3264259523642,545.4567743885798,0.08159107040675141,-0.8151847442896413,8.345388074759853,5.335310711664519,3.010077363095334,67.48103034971135,17.75459918595144,545.2170166015625,531.0774108886719,523.0331561279297,,YUKEN.BO,2025-01-10 11:06:40.026759
400,2023-05-02 00:00:00+05:30,550.8509258362609,556.3948842122904,542.0105037517582,551.5001831054688,535,0.0,0.0,2023-05-02,526.7471206665039,17.644565512914443,544.3916861794183,509.10255515358944,562.0362516923327,491.45798964067495,171.22050576863418,127.6361094366934,-106004,549.1234405561777,511.228259743031,536.5784824311463,54.458681783550574,549.9685236898391,557.9265436279201,543.5421631673878,564.3529041503714,535.5841432293068,572.3109240884523,529.1577827068555,-0.03496262387985485,-15.288683318010799,6.885166370657089,4.582791370890685,2.3023749997664043,63.938995421617136,17.054887386992963,539.533203125,526.7471206665039,522.3349151611328,,YUKEN.BO,2025-01-10 11:06:40.026759
401,2023-04-28 00:00:00+05:30,541.4611046382802,556.3449416645012,536.3666696662705,544.7575073242188,644,0.0,0.0,2023-04-28,523.1210647583008,19.629985882655127,542.7510506409559,503.49107887564566,562.3810365236111,483.86109299299056,202.0941733200499,113.78218453379307,-106539,652.9194878466557,501.7544645397443,536.5463669333659,52.0976601106382,545.8230395516634,555.2794094370564,535.3011374388257,565.8013115498942,525.8447675534327,575.2576814352872,515.3228654405949,-0.05851996243110521,-28.642071470262085,5.831152491985222,4.007197620949083,1.8239548710361388,61.09979331536615,16.60689402793688,534.7184448242188,523.1210647583008,522.107163696289,,YUKEN.BO,2025-01-10 11:06:40.026759
402,2023-04-27 00:00:00+05:30,532.7705099273494,546.3058371124116,532.4209145773596,539.1136474609375,210,0.0,0.0,2023-04-27,520.2067352294922,20.55368060204549,540.7604158315377,499.65305462744675,561.3140964335832,479.09937402540123,183.7539374239085,88.03699485342578,-107183,210.7027290316595,463.9632087130164,536.5250385217848,46.95318940625618,539.2801330502363,546.139351523113,532.2544289880609,553.1650555852883,525.3952105151842,560.024274058165,518.3695064530089,-0.0780286793221723,-22.80708615333222,5.057395936505827,3.551208903190048,1.5061870333157792,58.564889326721065,16.127589813243397,532.6007568359375,520.2067352294922,522.3918536376954,,YUKEN.BO,2025-01-10 11:06:40.026759
403,2023-04-26 00:00:00+05:30,530.9724988071141,534.4187628359939,524.3796935970496,529.8737182617188,1675,0.0,0.0,2023-04-26,518.1240005493164,20.647233141756534,538.7712336910729,497.47676740755986,559.4184668328295,476.8295342658033,-78.10997269001703,47.258297447270756,-107393,1651.8010215168526,527.2783286333556,536.5228440857975,53.285258136194656,529.5573915649207,534.7350895327919,524.6960202938476,539.596460803865,519.5183223259764,544.7741587717362,514.6569510549033,-0.08671483769139911,-30.64153031365475,4.545960546154561,3.1746621448611028,1.371298401293458,54.005301725444895,16.26444961669709,530.7927368164062,518.1240005493164,522.7874237060547,,YUKEN.BO,2025-01-10 11:06:40.026759
404,2023-04-25 00:00:00+05:30,534.2689252821606,537.1158656805376,525.828153968039,532.4209594726562,110,0.0,0.0,2023-04-25,516.7255218505859,20.756444160055345,537.4819660106413,495.9690776905305,558.2384101706966,475.2126335304752,-33.70577466881224,55.6948305054548,-105718,108.99795976067831,246.1476554124813,536.5681091409308,76.51653407481422,531.7883263737443,537.7484987794496,526.4607870669511,543.0760380862429,520.5006146612458,549.0362104919482,515.1730753544525,-0.1549081120716176,-26.792456949745834,4.732283103186205,2.8318375445377377,1.9004455586484674,55.57241302286553,17.318523580304003,531.5119506835938,516.7255218505859,523.3508111572265,,YUKEN.BO,2025-01-10 11:06:40.026759
405,2023-04-24 00:00:00+05:30,534.0691915651445,534.5686483753732,527.3764581143095,527.4263916015625,567,0.0,0.0,2023-04-24,515.0623306274414,20.765288422808354,535.8276190502497,494.29704220463304,556.5929074730581,473.5317537818247,-65.83147888736627,46.67507048290329,-105828,556.5644416763157,280.435079325432,536.5699640400245,75.92136506124078,529.7904993637484,532.2045406131873,525.0123503521236,536.9826896248121,522.5983091026847,539.396730874251,517.8201600910598,-0.1602943767468178,-27.36019111660735,4.648266513714702,2.356726154875621,2.2915403588390815,53.09945336869833,18.328893391665222,532.4708984375,515.0623306274414,523.7234063720703,,YUKEN.BO,2025-01-10 11:06:40.026759
406,2023-04-21 00:00:00+05:30,524.7792548075241,536.8162129083879,524.7792548075241,534.1690673828125,140,0.0,0.0,2023-04-21,513.6763366699219,20.821621385689735,534.4979580556115,492.8547152842321,555.3195794413014,472.0330938985424,13.212404412039875,54.78376288377674,-105261,139.18015343881032,211.40273873771108,536.5910930562108,64.18849701785823,531.9215116995748,539.0637685916255,527.0268104907617,543.9584698004386,519.884553598711,551.1007266924893,514.9898523898979,-0.10279874603941119,-19.242323421277888,4.9621607991399515,1.7838410651658503,3.178319733974101,57.084734453309515,19.612401205698504,533.0003295898438,513.6763366699219,524.2758062744141,,YUKEN.BO,2025-01-10 11:06:40.026759
407,2023-04-20 00:00:00+05:30,536.7662199750615,537.4155382284911,525.5284415269751,530.0735473632812,112,0.0,0.0,2023-04-20,512.6124938964844,20.255325532444996,532.8678194289294,492.35716836403935,553.1231449613744,472.10184283159435,24.475267627999642,50.16143926226996,-105401,110.49043781938737,229.45838506243624,536.5924757784593,58.65785914109593,531.0058423729158,536.4832432188565,524.5961465173406,542.8929390744318,519.1187456713999,548.3703399203724,512.7090498158246,-0.05741031483372669,-24.173138833547984,4.62480494673332,0.989261131672325,3.6355438150609953,55.18482327570918,20.994640390042036,532.5508178710937,512.6124938964844,524.4346331787109,,YUKEN.BO,2025-01-10 11:06:40.026759
408,2023-04-19 00:00:00+05:30,535.7672766481904,535.7672766481904,533.4697875976562,533.4697875976562,4,0.0,0.0,2023-04-19,511.6810043334961,19.834061796792,531.5150661302881,491.8469425367041,551.3491279270801,472.01288073991213,52.09277358268999,63.27712173455513,-105289,3.971370084146101,259.20037187319843,536.5954544375588,54.15749372137672,534.2356172811677,535.0014469646792,532.703957914145,536.5331063317019,531.9381282306335,537.2989360152134,530.4064688636108,0.00750149620382989,-20.084223723484687,4.5261610929735525,0.08037517790707605,4.445785915066477,57.13249175714212,22.430277478894297,533.8294189453125,511.6810043334961,524.7073358154297,,YUKEN.BO,2025-01-10 11:06:40.026759
409,2023-04-18 00:00:00+05:30,529.8237745088309,542.360127443309,526.8270338407241,537.2156982421875,539,0.0,0.0,2023-04-18,510.1851318359375,19.22304208799167,529.4081739239292,490.96208974794587,548.6312160119209,471.73904765995417,65.94412070864917,70.43007707928692,-105285,538.8997722351841,323.0076223204615,536.5955054453281,53.11532469555547,535.4676198420735,544.108205843423,528.575112240838,551.0007134446585,519.9345262394886,559.6412994460079,513.0420186382531,0.08121895125130295,-15.574321720574853,3.996810664805139,-1.0310713008595431,5.027881965664682,59.27506197678867,23.414417634260516,534.8483154296875,510.1851318359375,524.9091168212891,,YUKEN.BO,2025-01-10 11:06:40.026759
410,2023-04-17 00:00:00+05:30,530.0235529062097,530.0735473632812,524.3797274224808,530.0735473632812,82,0.0,0.0,2023-04-17,508.89154052734375,18.148807680761358,527.0403482081051,490.7427328465824,545.1891558888665,472.593925165821,48.282265978295854,41.12419735883333,-105824,80.89478483205147,269.0345848417809,536.5941386446154,49.49331669635169,528.1756073830144,531.971487343548,526.2776674027475,533.8694273238149,522.4817874422139,537.6653072843485,520.583847461947,0.06488537439361085,-24.173138833547984,2.8896085279189947,-2.2880417922757137,5.177650320194708,56.383125844298874,24.47426087850106,533.5297607421875,508.89154052734375,525.3945892333984,,YUKEN.BO,2025-01-10 11:06:40.026759
411,2023-04-13 00:00:00+05:30,534.8183827080358,537.3156667868576,530.3232713661563,531.9215087890625,68,0.0,0.0,2023-04-13,507.27329711914064,17.59516967770076,524.8684667968414,489.67812744143987,542.4636364745421,472.0829577637391,78.79440206386033,58.98317590418381,-105742,67.31734894067385,316.0695348442132,536.5963255811412,49.920503546895176,533.1868156473588,536.0503599285613,529.05796450786,540.1792110680601,526.1944202266575,543.0427553492626,522.0655690871587,0.02639156038619005,-21.948279319721042,2.131665976678164,-3.5824543723243902,5.714120349002554,57.36318055816675,26.34727089547707,530.9225830078125,507.27329711914064,525.5813848876953,,YUKEN.BO,2025-01-10 11:06:40.026759
412,2023-04-12 00:00:00+05:30,550.1516816575287,550.1516816575287,529.4741573252007,536.466552734375,677,0.0,0.0,2023-04-12,505.5276931762695,16.73175344314953,522.259446619419,488.79593973312,538.9912000625686,472.06418628997045,119.76999967674595,76.60156238197082,-105674,675.9302122514553,378.257581320098,536.59762613895,48.396564802179576,538.6974639057015,547.9207704862023,527.2432461538743,559.3749882380295,518.0199395733736,568.5982948185302,506.5657218215464,0.0022652490274366974,-16.476258031065058,0.946975661161332,-5.010984459575028,5.95796012073636,59.73445069490768,27.982139846903472,525.6283386230468,505.5276931762695,525.7831646728515,,YUKEN.BO,2025-01-10 11:06:40.026759
413,2023-04-11 00:00:00+05:30,529.2243916564211,541.4610827609224,529.2243916564211,538.5642700195312,81,0.0,0.0,2023-04-11,504.96081085205077,15.79414832375046,520.7549591758012,489.1666625283003,536.5491074995517,473.3725142045499,163.30652356551008,64.21183998618156,-104997,81.18823431321093,303.8394235872586,536.5979901914097,48.22886527996105,536.4165814789582,543.6087713014953,531.3720801969939,548.6532725834595,524.1798903744568,555.8454624059966,519.1353890924926,0.03978224519089064,-3.8951837110646403,-1.031753020154838,-6.500474489759117,5.468721469604279,60.81180592482307,29.742767948439596,518.4161804199218,504.96081085205077,525.7422088623047,,YUKEN.BO,2025-01-10 11:06:40.026759
414,2023-04-10 00:00:00+05:30,515.888948974471,537.1158633061389,515.888948974471,530.6229248046875,285,0.0,0.0,2023-04-10,504.5637435913086,14.983931183431634,519.5476747747402,489.57981240787694,534.5316059581719,474.59588122444535,173.31462584664638,28.13761156482886,-105078,281.45010114866136,359.5022209057705,536.5973365562448,52.09967957773596,527.8759123617657,539.8628757490604,518.6359614173925,549.1028266934336,506.6489980300978,561.0897900807283,497.40904708572464,0.03384402351914052,-9.272464238484353,-3.7560860944666388,-7.867654857160186,4.1115687626935475,58.162602970613506,31.93526110524437,512.7323608398438,504.5637435913086,525.6862689208984,,YUKEN.BO,2025-01-10 11:06:40.026759
415,2023-04-06 00:00:00+05:30,501.7542926952457,519.1354138478035,501.7542926952457,517.0376586914062,161,0.0,0.0,2023-04-06,504.6586380004883,15.162596613592546,519.8212346140808,489.49604138689574,534.9838312276734,474.3334447733032,114.76679643260533,-31.106687218353752,-105363,154.92396101542386,379.0152508450477,536.6043326132468,40.47556866578696,512.6424550781518,523.5306174610579,506.14949630850003,530.0235762307096,495.26133392559393,540.9117386136157,488.7683751559422,0.021597754899501904,-14.761910741894528,-6.405045409442437,-8.895547047833572,2.4905016383911356,53.12640862445368,34.04736982929381,501.4546203613281,504.6586380004883,525.7661822509766,,YUKEN.BO,2025-01-10 11:06:40.026759
416,2023-04-05 00:00:00+05:30,483.97364424151397,516.3384696061947,483.97364424151397,505.4502868652344,902,0.0,0.0,2023-04-05,505.0731887817383,15.625140986807333,520.6983297685456,489.44804779493097,536.3234707553529,473.8229068081236,46.586816043287435,-71.9841606568104,-105524,848.5071862747253,435.0380733024536,536.617284814963,42.66806770716436,501.92080023764765,519.8679562337813,487.5031308691006,534.2856256023284,469.5559748729669,552.2327815984621,455.1383055044198,-0.019051213050741617,-28.5714042385891,-8.361527030195134,-9.518172457431355,1.1566454272362208,48.187240070422966,35.196105638356904,493.8429016113281,505.0731887817383,526.1967144775391,,YUKEN.BO,2025-01-10 11:06:40.026759
417,2023-04-03 00:00:00+05:30,499.20705324904526,503.2027075021642,498.45786807658544,500.40576171875,47,0.0,0.0,2023-04-03,506.10956115722655,16.323270238035036,522.4328313952616,489.7862909191915,538.7561016332966,473.4630206811565,28.263353628885383,-80.62367434958337,-106426,43.7714264034299,331.6707950593857,536.7333002663561,31.2074563106262,500.68877909916654,502.91969012174764,498.1748506961689,505.43361852474527,495.9439396735878,507.66452954732637,493.43001127059017,-0.014301006106926773,-34.58332292466638,-9.59854601585107,-9.807333814240408,0.2087877983893378,45.884694971408884,36.24397480321835,490.0470275878906,506.10956115722655,526.9169311523438,,YUKEN.BO,2025-01-10 11:06:40.026759
418,2023-03-31 00:00:00+05:30,529.4241918160307,529.4241918160307,467.0919911783486,510.1451721191406,19,0.0,0.0,2023-03-31,507.0385498046875,16.50921726871516,523.5477670734026,490.52933253597234,540.0569843421179,474.02011526725715,36.40254819840757,-79.94390550382211,-106379,18.039226926388164,403.6456372233746,536.7403477227654,29.833766650430462,502.2204517045066,537.3489122306646,475.0167115929826,564.5526523421886,439.8882510668246,599.6811128683466,412.68451095530054,-0.01863839890665912,-22.976176230533987,-10.540063361607565,-9.859530763837741,-0.6805325977698242,49.86096465739136,38.03763569337052,489.457666015625,507.0385498046875,527.4803186035156,,YUKEN.BO,2025-01-10 11:06:40.026759
419,2023-03-29 00:00:00+05:30,474.78361268769584,486.171251894609,469.4893829040367,474.2342224121094,1371,0.0,0.0,2023-03-29,508.2047805786133,17.53235833415935,525.7371389127726,490.6724222444539,543.269497246932,473.1400639102946,-131.79084796622726,-177.85318887656246,-106398,1210.0432286852592,500.04723979762116,536.7424336016703,29.10708686935301,476.6316190702517,483.7738552364667,467.0919862458944,493.313488060824,459.9497500796794,500.455724227039,450.4101172553221,-0.020662806005544283,-65.77380212187718,-12.544977300355356,-9.689397614395284,-2.8555796859600715,28.711510661809555,39.96927049814978,487.80946044921876,508.2047805786133,527.7869842529296,,YUKEN.BO,2025-01-10 11:06:40.026759
420,2023-03-28 00:00:00+05:30,480.87699465972213,488.86830335530345,469.73911426214033,478.97906494140625,340,0.0,0.0,2023-03-28,511.5935943603516,17.16703499649079,528.7606293568424,494.4265593638608,545.9276643533332,477.25952436737,-168.88549986555233,-184.58744548420412,-105027,303.0860786522996,322.5482425757116,537.0982057777277,36.60489572749033,479.1954941862834,488.65187411042643,469.5226850172633,498.3246832794465,460.06630509312026,507.78106320358955,450.3934959241002,0.07823945604001786,-63.34793251436626,-11.385114837145181,-8.975502692905266,-2.409612144239915,30.27686379230974,38.60552179160903,492.79404296875,511.5935943603516,528.9257458496094,,YUKEN.BO,2025-01-10 11:06:40.026759
421,2023-03-27 00:00:00+05:30,487.1202044825508,497.758628084571,482.47526240104037,486.4709167480469,525,0.0,0.0,2023-03-27,514.6502716064454,16.483158743564463,531.1334303500098,498.1671128628809,547.6165890935742,481.6839541193164,-154.00736127995577,-165.3500215805499,-104687,475.3206964621202,327.41378355656457,537.1803560468475,39.60297478141665,488.90160241121947,495.3279424213986,480.04457673786794,504.1849680947501,473.61823672768884,510.6113081049292,464.7612110543373,0.08700846457109743,-55.14224752390122,-10.194932768388128,-8.373099656845286,-1.8218331115428423,32.90953630009231,37.143800751543026,496.9395324707031,514.6502716064454,530.0385363769532,,YUKEN.BO,2025-01-10 11:06:40.026759
422,2023-03-24 00:00:00+05:30,509.74557847579393,509.74557847579393,494.76187504635357,497.4589538574219,105,0.0,0.0,2023-03-24,517.2973922729492,15.962429556075831,533.259821829025,501.33496271687335,549.2222513851009,485.37253316079756,-39.528253776845304,-129.08552522652712,-104162,97.21137616590184,290.43705533017567,537.2912755506801,48.17551309871963,500.6554691265231,506.5490632066926,491.56535977725224,515.6391725559635,485.6717656970827,521.5327666361329,476.5816563478119,0.14557674366555867,-43.844484499920675,-9.254504270885036,-7.917641378959574,-1.3368628919254624,37.33239419055541,35.935492349998405,502.2237915039062,517.2973922729492,530.9974932861328,,YUKEN.BO,2025-01-10 11:06:40.026759
423,2023-03-23 00:00:00+05:30,502.90305787471675,516.0887294249038,499.7065222006037,501.9041442871094,199,0.0,0.0,2023-03-23,519.3876190185547,15.965009088778064,535.3526281073327,503.4226099297766,551.3176371961108,487.45760084099857,3.041153776058592,-116.4370486645245,-104057,185.88502238742663,338.74347512124416,537.3087086561975,45.05285318738607,505.89979863753894,512.0930750744742,495.71086785017405,522.282005861839,489.5175914132388,528.4752822987743,479.3286606258739,0.16263423603528387,-39.038840750723594,-8.992406223931084,-7.583425655978207,-1.4089805679528773,39.31923907301378,35.03946140852038,505.020751953125,519.3876190185547,531.7946264648438,,YUKEN.BO,2025-01-10 11:06:40.026759
424,2023-03-22 00:00:00+05:30,491.51542162974647,508.79664509293764,491.51542162974647,499.1571350097656,45,0.0,0.0,2023-03-22,521.0283340454101,15.7584934560818,536.786827501492,505.26984058932834,552.5453209575737,489.51134713324655,-61.616882981574086,-154.31677628293116,-104256,41.80424045130856,376.95808830469855,537.3381002106855,41.22676594414462,499.82306724414985,508.13071285855324,490.84948939536207,517.1042907073411,482.5418437809587,525.4119363217444,473.5682659321709,0.19452055297217294,-42.00860057799413,-8.958376626983181,-7.231180513989988,-1.7271961129931936,37.40768252356698,34.25019068330466,505.350390625,521.0283340454101,,,YUKEN.BO,2025-01-10 11:06:40.026759
425,2023-03-21 00:00:00+05:30,511.9931371452576,511.9931371452576,497.8085827686317,499.7065124511719,223,0.0,0.0,2023-03-21,522.8188842773437,15.16595847776047,537.9848427551042,507.6529257995833,553.1508012328646,492.4869673218228,-50.881814685453996,-152.48922811739837,-104211,207.39124198787778,460.746550268046,537.3452690884786,41.561151559316734,503.1694107883538,508.53023880807586,494.34568443144997,517.3539651649796,488.9848564117279,522.7147931847018,480.16113005482407,0.18241035437408165,-42.10246838814823,-8.508536659228298,-6.799381485741689,-1.709155173486609,37.6278182249743,32.69097541678711,507.78773803710936,522.8188842773437,,,YUKEN.BO,2025-01-10 11:06:40.026759
426,2023-03-20 00:00:00+05:30,509.7456096141284,516.43834308188,503.5023994704887,512.8922119140625,698,0.0,0.0,2023-03-20,524.754280090332,14.517219847884176,539.2714999382162,510.23706024244785,553.7887197861004,495.7198403945637,-16.0172613739982,-125.39628712098933,-103988,666.2727741245724,524.085377338088,537.3803229746906,45.842942920530746,510.94431815547705,518.3862368404655,505.4502932290741,523.8802617668684,498.0083745440857,531.3221804518568,492.51434961768274,0.2518536570132093,-33.15162557129198,-7.857793317328856,-6.372092692370037,-1.4857006249588185,43.30247833111414,31.199251326659137,507.38817138671874,524.754280090332,,,YUKEN.BO,2025-01-10 11:06:40.026759
427,2023-03-17 00:00:00+05:30,495.5110722108184,513.9410400688648,486.07135711245246,511.4437561035156,484,0.0,0.0,2023-03-17,526.0628555297851,14.571146336694628,540.6340018664797,511.49170919309046,555.2051482031744,496.92056285639586,-58.80053296489853,-177.27314959589927,-104686,460.6953009747738,488.5385281414669,537.4519166412664,35.71568544698064,503.81871776161097,521.5660784107695,493.6963954543571,531.6884007180233,475.9490348051986,549.4357613671818,465.82671249794475,0.23301858643140275,-34.58872224923961,-8.204178784009855,-6.000667536130332,-2.203511247879523,42.415993687730364,29.766502449453125,504.21161499023435,526.0628555297851,,,YUKEN.BO,2025-01-10 11:06:40.026759
428,2023-03-16 00:00:00+05:30,500.1060736299695,521.4328844850052,445.5154530274182,503.5523376464844,1119,0.0,0.0,2023-03-16,527.3214874267578,14.327051754992729,541.6485391817505,512.9944356717651,555.9755909367433,498.66738391677234,-150.63097855129556,-276.890017813944,-105170,1048.685451177327,495.4993349331401,537.5047490262051,26.500856724521867,490.1668917196359,534.8183304118536,458.9008989542666,566.0843231772228,414.2494602620489,610.7357618694406,382.9834674966796,0.18385020850193265,-42.41825433873599,-8.38070045646407,-5.449789724160451,-2.9309107323036185,37.47659502331159,27.99798495784116,506.9486450195312,527.3214874267578,,,YUKEN.BO,2025-01-10 11:06:40.026759
429,2023-03-15 00:00:00+05:30,507.2982841340233,517.337384228898,503.90198394888336,511.3438720703125,392,0.0,0.0,2023-03-15,528.2155166625977,13.285807186922513,541.5013238495202,514.9297094756752,554.7871310364427,501.64390228875266,-74.61094952370294,-166.96158045683623,-104051,373.05224914206264,357.20280587209334,537.6649593142334,39.28019457566799,510.861080082698,517.8201762165127,504.38477593649793,524.2964803627126,497.4256798026833,531.2555764965273,490.94937565648326,-0.5510895501669284,-64.63526679525393,-7.7025362276039,-4.717062041084546,-2.9854741865193546,40.675336395531694,26.093427659182126,512.3627624511719,528.2155166625977,,,YUKEN.BO,2025-01-10 11:06:40.026759
430,2023-03-14 00:00:00+05:30,503.802057986751,509.44591348038443,494.81183598415595,497.70867919921875,351,0.0,0.0,2023-03-14,528.9447219848632,12.698293318889691,541.6430153037529,516.2464286659736,554.3413086226426,503.54813534708387,-164.6973089249408,-252.97521352039942,-104443,325.12687560083486,353.24044505460097,537.7085404023793,24.87281465839044,500.6554762212531,506.4991164583502,491.86503896212173,515.2895537174816,486.0213987250246,521.1331939545787,477.23096146589324,-0.5540593147966505,-89.84304229297267,-7.484923503188611,-3.9706934944547063,-3.5142300087339047,31.115952862800242,26.410423323431633,516.5981506347656,528.9447219848632,,,YUKEN.BO,2025-01-10 11:06:40.026759
431,2023-03-13 00:00:00+05:30,522.6815206353544,529.4241871700676,492.2146570340581,497.0094299316406,312,0.0,0.0,2023-03-13,531.0649185180664,10.570099573819626,541.6350180918861,520.4948189442467,552.2051176657056,509.92471937042717,-188.19637769848939,-237.78417602544346,-104794,288.59563810668624,360.26883741804244,537.7679310592418,37.19282788966325,506.21609137858877,520.2175257231195,483.0079955871099,543.4256215145983,469.00656124257927,557.4270558591289,445.7984654511004,-0.5569844920711563,-91.1357646417281,-5.750045436849405,-3.09213599227123,-2.657909444578175,30.58291264749508,25.916135213521805,522.1221496582032,531.0649185180664,,,YUKEN.BO,2025-01-10 11:06:40.026759
432,2023-03-10 00:00:00+05:30,523.4806743768359,525.4285681445255,523.4307408892231,525.12890625,101,0.0,0.0,2023-03-10,534.1640472412109,9.03463202538356,543.1986792665945,525.1294152158274,552.2333112919781,516.0947831904438,-74.59067022814783,-111.31179829345622,-104482,98.70924698345947,378.1871372458815,537.8217950944822,39.08634386807269,524.6627384279162,525.8947359666093,523.896908711307,526.6605656832186,522.6649111726139,527.8925632219117,521.8990814560046,-0.550547124935735,-56.91269579588038,-3.372888432579998,-2.427658631126686,-0.945229801453312,42.9928724860397,25.38382494131122,527.955810546875,534.1640472412109,,,YUKEN.BO,2025-01-10 11:06:40.026759
433,2023-03-09 00:00:00+05:30,534.6685127541298,536.8162014152263,525.9280186175606,530.6229248046875,36,0.0,0.0,2023-03-09,535.8522094726562,10.320430537835861,546.172640010492,525.5317789348204,556.493070548328,515.2113483969845,-16.322007853801587,-62.474857979274184,-104381,35.55159172404144,448.05660981148696,537.827227519884,47.77577871902209,531.1223816124915,536.3167446074224,525.4285618097567,542.0105644101571,520.2341988148258,547.204927405088,514.5403790120911,-0.5485973889133925,-42.14762693390031,-3.0476451110042717,-2.1913511807633577,-0.856293930240914,46.40672535980242,27.064885553621686,526.7271362304688,535.8522094726562,,,YUKEN.BO,2025-01-10 11:06:40.026759
434,2023-03-08 00:00:00+05:30,529.8237950574602,535.667415199369,525.7282127375646,532.5208129882812,29,0.0,0.0,2023-03-08,537.2232177734375,11.358305481639242,548.5815232550767,525.8649122917982,559.939828736716,514.5066068101589,-18.411819864636072,,-104345,28.741215049357766,551.1828643333483,537.8283267095367,52.34522271727034,531.305480308405,536.8827478792454,526.943545417441,541.2446827702094,521.3662778466006,546.8219503410497,517.0043429556366,-0.5301469036738382,-37.04708905908895,-3.126136244660529,-1.9772776982031293,-1.1488585464573997,47.621937132788815,29.123849729450054,527.2965087890625,537.2232177734375,,,YUKEN.BO,2025-01-10 11:06:40.026759
435,2023-03-06 00:00:00+05:30,528.0756866520297,538.0148279640267,522.8313903749304,525.3286743164062,273,0.0,0.0,2023-03-06,538.1497131347656,11.704992872550871,549.8547060073165,526.4447202622148,561.5596988798674,514.7397273896639,-53.24200467817225,,-104374,266.9096610517395,681.793276654346,537.8289791196464,2.3935114504750743,528.7249642184544,534.6185380619784,519.435100472882,543.9084018075507,513.541526629358,549.8019756510747,504.2516628837857,-0.5297057675357435,-56.37582297181678,-3.3661762104582067,-1.6900630615887793,-1.6761131488694274,42.31391512262794,31.22919149773134,529.1944458007813,538.1497131347656,,,YUKEN.BO,2025-01-10 11:06:40.026759
436,2023-03-03 00:00:00+05:30,521.5327617865238,527.4763098503098,509.096305861765,526.177734375,394,0.0,0.0,2023-03-03,539.6355987548828,11.876761310008284,551.5123600648911,527.7588374448745,563.3891213748994,515.8820761348662,-169.37856900215144,,-104101,385.83287439970513,785.5141805549974,537.8434607563659,1.6610640944009987,520.9167833623583,532.7372608629515,514.3572568744067,539.2967873509031,502.5367793738135,551.1172648514963,495.97725288586196,-0.4858015740774061,-54.0939904464429,-2.9141807488258564,-1.2710347743714223,-1.643145974454434,42.78994073388463,33.49648263280349,532.1512329101563,539.6355987548828,,,YUKEN.BO,2025-01-10 11:06:40.026759
437,2023-03-02 00:00:00+05:30,534.9182183513823,534.9182183513823,510.09520996498907,518.9855346679688,144,0.0,0.0,2023-03-02,540.4322326660156,11.453360350856844,551.8855930168725,528.9788723151587,563.3389533677292,517.5255119643019,-285.7530134763414,,-104495,139.0875589929731,885.4345070938206,537.862998263302,1.6609490153400657,521.3329876614467,532.5707653579044,507.7477569715112,546.15599604784,496.5099792750535,557.3937737442976,482.924748585118,-0.4937975185224525,-80.88080617128156,-2.374954887069748,-0.8602482807578139,-1.5147066063119343,37.244666450456464,34.922778243221096,534.7983520507812,540.4322326660156,,,YUKEN.BO,2025-01-10 11:06:40.026759
438,2023-03-01 00:00:00+05:30,536.6663232617609,539.1136737375057,533.4697875976562,533.4697875976562,7,0.0,0.0,2023-03-01,541.6683898925781,10.292108260049146,551.9604981526273,531.376281632529,562.2526064126764,521.0841733724799,-36.46481370234942,,-104351,6.949897647255677,1072.0212441190324,537.8745602691533,2.2322116391767395,535.3510829776061,537.232378357556,531.5884922177065,540.9949691174555,529.7071968377567,542.8762644974054,525.9446060778571,-0.4953690119762409,-66.90222897845865,-0.940275518870294,-0.4815716291798303,-0.4587038896904637,45.490309127818875,36.534347254281776,538.8539428710938,541.6683898925781,,,YUKEN.BO,2025-01-10 11:06:40.026759
439,2023-02-28 00:00:00+05:30,539.1136851717522,546.3058753263176,536.4166062426842,542.010498046875,162,0.0,0.0,2023-02-28,542.1728424072265,10.114839602618211,552.2876820098447,532.0580028046083,562.4025216124629,521.9431632019902,118.83430554778712,,-104344,163.41550216115888,1338.2890807369765,537.8746914171079,2.223311282983744,541.577659871959,546.7387135012337,536.8494444176004,551.4669289555924,531.6883907883256,556.6279825848671,526.960175333967,-0.5086307797923549,-46.760898534162486,-0.5156840326769725,-0.36689565675721436,-0.14878837591975813,51.76679120266105,38.20229457456617,539.1036743164062,542.1728424072265,,,YUKEN.BO,2025-01-10 11:06:40.026759
440,2023-02-27 00:00:00+05:30,532.3210957729339,540.1126098632812,532.271101316546,540.1126098632812,12,0.0,0.0,2023-02-27,543.1467834472656,10.997651201243574,554.1444346485092,532.1491322460221,565.1420858497528,521.1514810447785,62.11163073937705,,-104506,12.062466014470132,1632.0074753809306,537.8718396465687,6.046587981299552,537.4987736810361,542.7264460455262,534.884937498791,545.3402822277714,529.6572651343009,550.5679545922615,527.0434289520558,0.0010075465123308572,-58.516950785972824,-0.8053954463725859,-0.3296985627772748,-0.4756968835953111,50.351604733765996,39.637882967686835,537.6952026367187,543.1467834472656,,,YUKEN.BO,2025-01-10 11:06:40.026759
441,2023-02-24 00:00:00+05:30,538.2146215952934,539.413330078125,538.2146215952934,539.413330078125,2,0.0,0.0,2023-02-24,543.1118194580079,11.00891103666521,554.1207304946731,532.1029084213426,565.1296415313383,521.0939973846774,64.07653134667557,,-104518,2.0078081382160198,2036.9937277225456,537.8717251901663,7.735894094444859,539.0137605838478,539.8128995724022,538.6141910895706,540.2124690666794,537.8150521010161,541.0116080552339,537.4154826067389,0.0072174753944753,-68.62744327792244,-0.9771976557294693,-0.21077434187844696,-0.7664233138510224,49.84820410055199,41.71968039319029,537.35556640625,543.1118194580079,,,YUKEN.BO,2025-01-10 11:06:40.026759
442,2023-02-23 00:00:00+05:30,537.815112807965,539.2634887695312,537.815112807965,539.2634887695312,3,0.0,0.0,2023-02-23,543.2416778564453,10.978263555378277,554.2199414118236,532.2634143010671,565.198204967202,521.2851507456887,21.159347713691698,,-104520,3.010875596745296,2545.740207618628,537.8717120661038,10.726060739993414,538.7806967823425,539.74628075672,538.2979047951537,540.2290727439088,537.3323208207762,541.1946567182863,536.8495288335874,-0.006824242128980445,-68.86274394953217,-1.1134820562053847,-0.01916851341569137,-1.0943135427896933,49.746817479811064,43.23776689514879,537.28564453125,543.2416778564453,,,YUKEN.BO,2025-01-10 11:06:40.026759
443,2023-02-22 00:00:00+05:30,530.4730619691347,539.3134840251481,530.4231284822564,534.7184448242188,111,0.0,0.0,2023-02-22,542.9994415283203,11.1231560896692,554.1225976179895,531.876285438651,565.2457537076587,520.7531293489819,-28.386447755362987,,-104523,110.46347056056547,3181.422540624099,537.8716942930694,10.552487290942182,534.8183524438745,539.2135764054925,530.3232208626008,543.7087079867662,525.9279969009827,548.1039319483842,521.4328653197091,-0.007318878364014294,-75.99997401555663,-1.2563393482986385,0.25440987228173195,-1.5107492205803705,46.71254489885816,44.8843956487824,536.7562255859375,542.9994415283203,,,YUKEN.BO,2025-01-10 11:06:40.026759
444,2023-02-21 00:00:00+05:30,537.2656286202686,541.9106010165194,530.6728235760847,534.9681396484375,174,0.0,0.0,2023-02-21,543.0518829345704,11.084464662972815,554.1363475975431,531.9674182715976,565.220812260516,520.8829536086247,-31.125652621991748,,-104412,173.23981303088286,3949.162308139982,537.873184880049,10.236125783858384,535.8505214136806,541.0282192512764,529.7904418108417,547.0882988541152,524.6127439732459,552.265996691711,518.552664370407,-0.015098006317055426,-75.60787012653203,-0.9725865632841533,0.6320971774268245,-1.6046837407109777,46.856892120898294,46.65768815269553,534.09912109375,543.0518829345704,,,YUKEN.BO,2025-01-10 11:06:40.026759
445,2023-02-20 00:00:00+05:30,539.4632757938776,539.4632757938776,524.1299764695189,538.4144287109375,212,0.0,0.0,2023-02-20,543.0344055175781,11.098148668180613,554.1325541857586,531.9362568493975,565.2307028539393,520.8381081812169,-50.32184118217473,,-104238,212.43354216602518,4893.142931917257,537.8753391498678,9.60719157682702,534.0025603247781,543.8751441800373,528.5418448556785,549.3358596491369,518.6692610004193,559.2084435043961,513.2085455313197,-0.023764253313045283,-70.19605052499568,-0.6191520096541581,1.0332681126045689,-1.652420122258727,48.788814023937384,48.54091154984249,532.2910888671875,543.0344055175781,,,YUKEN.BO,2025-01-10 11:06:40.026759
446,2023-02-17 00:00:00+05:30,529.9236373490578,541.710805024693,529.873703865414,539.063720703125,182,0.0,0.0,2023-02-17,543.0418975830078,11.094915801999857,554.1368133850076,531.9469817810079,565.2317291870074,520.8520659790081,-45.44159907320137,,-104026,182.5921205936948,6063.320279355064,537.8748516356335,58.44716073774222,536.8827431977439,543.8917825300739,532.0546813707949,548.7198443570229,525.045642038465,555.7288836893529,520.217580211516,-0.024598694171032286,-69.17644622984933,-0.4966748447277496,1.4463731431692506,-1.9430479878970002,49.14329253679775,50.726984978092375,532.6307250976563,543.0418975830078,,,YUKEN.BO,2025-01-10 11:06:40.026759
447,2023-02-16 00:00:00+05:30,521.0333054198743,537.7151746070942,520.9334384481709,536.6163940429688,127,0.0,0.0,2023-02-16,543.161767578125,11.06257694511772,554.2243445232427,532.0991906330073,565.2869214683604,521.0366136878896,-84.49911517002907,,-104208,126.8347325498539,7533.502319045405,537.8739279307664,58.00137882603458,531.755002366078,542.576566283985,525.7948301250617,548.5367385250013,514.9732662071547,559.3583024429083,509.0130939661384,-0.02199837849975938,-73.01956273882502,-0.3962870063674018,1.9321351401435005,-2.3284221465109023,47.816287187480704,52.51735922541565,536.6163818359375,543.161767578125,,,YUKEN.BO,2025-01-10 11:06:40.026759
448,2023-02-15 00:00:00+05:30,527.5262712064231,529.424231518274,519.435095074533,521.4329223632812,37544,0.0,0.0,2023-02-15,542.7597045898438,11.452249671139487,554.2119542609832,531.3074549187043,565.6642039321227,519.8552052475648,-164.00358581474512,,-104335,36434.22445040706,9385.169215669292,537.8746100915639,58.70329208172341,523.4307496520295,527.4264042295259,517.4372677857849,533.4198860957705,513.4416132082885,537.415540673267,507.4481313420439,-0.02287799113820133,-97.05874457627468,-0.020731208809252166,2.514240676771226,-2.5349718855804784,38.598556415325596,54.67445963998815,541.071533203125,542.7597045898438,,,YUKEN.BO,2025-01-10 11:06:40.026759
449,2023-02-14 00:00:00+05:30,539.4133112980769,541.7607337282254,519.4350405092592,525.927978515625,1024,0.0,0.0,2023-02-14,542.9619812011719,11.08559537832209,554.0475765794939,531.8763858228498,565.133171957816,520.7907904445277,-193.344271286304,,-66791,1002.2977877017452,2622.905406984849,541.0148198032294,91.1372290610442,529.0412509177032,538.6474613261472,516.321768107181,551.3669441366694,506.71555769873703,560.9731545451134,493.9960748882148,0.272091460737386,-90.4411819504292,1.9557500339246872,3.147983648166346,-1.1922336142416587,40.57126842458254,57.49627990234023,548.3935668945312,542.9619812011719,,,YUKEN.BO,2025-01-10 11:06:40.026759
450,2023-02-13 00:00:00+05:30,553.8976057106419,556.5946846950677,539.4133581311931,540.1126098632812,379,0.0,0.0,2023-02-13,543.2241973876953,10.717379414441371,553.9415768021366,532.506817973254,564.6589562165781,521.7894385588125,-92.26577208386773,,-65767,380.9728849570149,3028.0573118056245,541.0938218307235,92.80175509326872,545.3735508965141,551.333743661835,534.1524170979604,562.5548774603886,528.1922243326395,568.5150702257096,516.9710905340859,0.2732633428330532,-77.47746133468146,4.013917457967864,3.44604205172676,0.5678754062411038,47.70536304226587,60.53516326179631,553.418115234375,543.2241973876953,,,YUKEN.BO,2025-01-10 11:06:40.026759
451,2023-02-10 00:00:00+05:30,552.8487225751777,561.838944624925,552.3991992789213,558.9920043945312,217,0.0,0.0,2023-02-10,542.949496459961,10.870644864959553,553.8201413249205,532.0788515950014,564.6907861898801,521.2082067300419,73.45542831457725,,-65388,225.75421607998481,3689.8284185177763,541.0957272235855,87.84678656773822,557.7433827661258,563.0875662533304,553.6478209073266,567.1831281121296,548.3036374201221,572.5273115993341,544.2080755613229,0.27905637807061295,-46.51934064771923,5.19120724757272,3.3040732001664836,1.8871340474062364,60.957600859494285,61.83723971330279,556.4048706054688,542.949496459961,,,YUKEN.BO,2025-01-10 11:06:40.026759
452,2023-02-09 00:00:00+05:30,554.4469732313189,559.741203038726,552.7488079428326,558.8921508789062,158,0.0,0.0,2023-02-09,541.720834350586,10.337633421284826,552.0584677718708,531.3832009293011,562.3961011931556,521.0455675080163,71.21999144304496,,-65605,164.34467515257495,4555.846969127224,541.0758072823371,91.0204185150975,557.1273872868215,561.5059666308105,554.5135715349171,564.1197823827149,550.1349921909282,568.4983617267038,547.5211764390237,-0.023956617610517802,-46.683078800583154,4.760505967586482,2.8322896883149244,1.9282162792715578,60.90418556747738,61.57357052329502,553.0285522460938,541.720834350586,,,YUKEN.BO,2025-01-10 11:06:40.026759
453,2023-02-08 00:00:00+05:30,548.3536169879541,569.2808684939341,548.3536169879541,558.0430908203125,1697,0.0,0.0,2023-02-08,540.6420074462891,9.546950866697717,550.1889583129868,531.0950565795914,559.7359091796845,521.5481057128936,93.40834503787423,,-65763,1762.4634434118993,5653.722542620886,541.0613564320249,91.23537658266713,558.5591921007335,568.764767213513,547.8375157075329,579.4864436067136,537.6319405947535,589.692018719493,526.9102642015529,-0.02228439855878482,-46.81019952167997,4.146782993725083,2.3502356184970346,1.796547375228048,60.47740085960436,61.351459654364064,549.9918579101562,540.6420074462891,,,YUKEN.BO,2025-01-10 11:06:40.026759
454,2023-02-07 00:00:00+05:30,566.2341583908661,583.1158228753537,539.4133522101773,551.0507202148438,721,0.0,0.0,2023-02-07,,,,,,,103.95085661652021,,-67460,739.4305317310549,6626.537317423133,540.9121176787525,91.07453990604982,557.8599651001249,576.3065779900725,532.6041073248961,601.5624357653013,514.1574944349485,620.0090486552489,488.90163665971966,,-57.97443455797206,3.3818211163893466,1.9010987746900225,1.480722341699324,56.883233139715166,61.11226333397688,547.0950073242187,,,,YUKEN.BO,2025-01-10 11:06:40.026759
455,2023-02-06 00:00:00+05:30,539.7629592994381,556.0453003556279,539.7130258113641,555.04638671875,1365,0.0,0.0,2023-02-06,,,,,,,55.810388183271165,,-66739,1410.0433708465812,8098.314013846151,540.874120119619,63.86881272585882,550.2682376285807,560.8234494457972,544.4911749015334,566.6005121728444,533.9359630843169,577.155723990061,528.1589003572697,,-37.18384557127784,3.039840952514851,1.5309181892651913,1.5089227632496596,59.77155458965636,60.85466729663683,549.1827270507813,,,,YUKEN.BO,2025-01-10 11:06:40.026759
456,2023-02-03 00:00:00+05:30,534.4686993155354,554.3970374500778,534.4686993155354,542.1104125976562,675,0.0,0.0,2023-02-03,,,,,,,1.4806958667609682,,-68104,681.0234428166732,9770.381674596043,540.7728440670375,63.63101439128622,543.6587164544231,552.8487335933108,532.9203954587684,563.5870545889655,523.7303783198807,572.7770717278532,512.992057324226,,-52.068946651289544,2.1624319059194477,1.1536874984527763,1.0087444074666714,52.53121433447639,61.43645219676139,546.0561157226563,,,,YUKEN.BO,2025-01-10 11:06:40.026759
457,2023-02-02 00:00:00+05:30,542.3601701798497,549.4524325990161,541.9106468504434,543.7086791992188,1442,0.0,0.0,2023-02-02,,,,,,,20.673579933787174,,-67429,1459.1571447736153,12042.721232540884,540.7681006421053,63.31964080384336,545.0239195495594,548.1371922486754,540.5954065001027,552.5657052981321,537.4821338009867,555.6789779972481,533.05362075153,,-50.22986134589523,2.2803157762812134,0.9015013965861083,1.3788143796951051,53.63965571533536,62.12799005913708,546.0361328125,,,,YUKEN.BO,2025-01-10 11:06:40.026759
458,2023-02-01 00:00:00+05:30,568.5816103669879,568.93120572534,543.408976469134,543.558837890625,1285,0.0,0.0,2023-02-01,,,,,,,94.63703808651891,,-68871,1299.93078566764,14688.6122544827,540.7456528833831,74.71531250910184,551.9663400283663,560.5237035875986,535.0014743313926,577.4885692845722,526.4441107721603,586.0459328438045,509.47924507518667,,-50.40227998275245,2.239287569601288,0.5567978016623321,1.6824897679389559,53.55434039644566,61.91029613830763,544.1781494140625,,,,YUKEN.BO,2025-01-10 11:06:40.026759
459,2023-01-31 00:00:00+05:30,532.4708905130815,574.3753288742884,526.3775418464763,561.4893188476562,52429,0.0,0.0,2023-01-31,,,,,,,154.08208633168,,-67586,54787.768672574486,18035.782621686463,540.7263846983293,75.24346535388543,554.0807298561404,581.7839178658044,533.7861308379923,602.0785168839524,506.0829428283283,629.7817048936164,485.7883438101803,,-29.770125112913494,2.1675875312953394,0.13617535967759303,2.0314121716177462,,61.478125296941336,542.6198364257813,,,,YUKEN.BO,2025-01-10 11:06:40.026759
460,2023-01-30 00:00:00+05:30,537.6652313232422,539.413330078125,537.4155029296875,539.413330078125,636,0.0,0.0,2023-01-30,,,,,,,33.333296530216494,,-120015,638.4829879526942,8847.786108964454,532.6737458715902,,538.7473876953126,540.0792724609377,538.0814453125001,540.7452148437501,536.749560546875,542.0770996093752,536.0836181640626,,,0.2770668193431902,-0.3716776832268436,0.6487445025700338,,61.01271054470071,537.2456909179688,,,,YUKEN.BO,2025-01-10 11:06:40.026759
461,2023-01-27 00:00:00+05:30,587.3612001316542,587.3612001316542,536.9659965320309,542.010498046875,1775,0.0,0.0,2023-01-27,,,,,,,250.098952410585,,-119379,1790.509360099117,10900.111889217393,532.6418880408295,,555.4458982368534,573.9257999416759,523.5305963420526,605.8411018364767,505.0506946372301,624.3210035412992,473.1353927424293,,,0.026579849989275317,-0.533863808869352,0.5604436588586273,,61.65225755816659,537.07587890625,,,,YUKEN.BO,2025-01-10 11:06:40.026759
462,2023-01-25 00:00:00+05:30,534.1690338134766,536.166860961914,533.4198486328125,534.4187622070312,179,0.0,0.0,2023-01-25,,,,,,,13.276716311176388,,-121154,178.0349503298677,13177.512521496961,532.5166411306321,,534.6684906005859,535.9171325683592,533.1701202392577,537.4155029296874,531.9214782714844,538.6641448974607,530.4231079101562,,,-0.5503037948178644,-0.6739747235840089,0.1236709287661445,,62.341000495745234,536.9660034179688,,,,YUKEN.BO,2025-01-10 11:06:40.026759
463,2023-01-24 00:00:00+05:30,532.2710754276775,543.4089862052689,532.2710754276775,535.7672729492188,2235,0.0,0.0,2023-01-24,,,,,,,53.11229008933017,,-120975,2228.5595775213137,16427.381914288733,532.514073275069,,537.1491115273884,542.0271476270993,530.8892368495079,548.2870223049798,526.011200749797,553.1650584046907,519.7513260719165,,,-0.5328807831873519,-0.7048924557755449,0.17201167258819305,,66.23458434185409,535.7972778320312,,,,YUKEN.BO,2025-01-10 11:06:40.026759
464,2023-01-23 00:00:00+05:30,539.4632980658723,542.7597008778552,529.7238900943298,534.6185913085938,4182,0.0,0.0,2023-01-23,,,,,,,,,-123210,4161.008717448154,19977.087498480585,532.458296864939,,535.7007274269263,541.6775647595227,528.6417539759974,548.7365382104516,522.6649166434009,554.7133755430481,515.6059431924721,,,-0.6353079734640232,-0.7478953739225931,0.11258740045856985,,70.42767463766363,533.7395141601562,,,,YUKEN.BO,2025-01-10 11:06:40.026759
465,2023-01-20 00:00:00+05:30,530.4231001216515,548.4035441935719,529.124524688004,538.5642700195312,25213,0.0,0.0,2023-01-20,,,,,,,,,-119028,25271.591996777606,23931.107193738695,532.3866956779989,,538.697446300369,548.2703679127341,528.9913484071662,557.9764658059369,519.4184267948012,567.5493874183019,509.7123289015984,,,-0.6436921998406433,-0.7760422240372356,0.13235002419659225,,74.81337327796192,533.0502563476563,,,,YUKEN.BO,2025-01-10 11:06:40.026759
466,2023-01-19 00:00:00+05:30,524.729317313545,544.7075899009167,524.729317313545,541.4611206054688,648,0.0,0.0,2023-01-19,,,,,,,,,-93815,652.9994621383449,23595.985992978967,530.8440000184696,,536.9660092733102,549.2027012330753,529.2244286457037,556.9442818606818,516.9877366859386,569.180973820447,509.2461560583321,,,-1.0332632081750717,-0.8091297300863836,-0.2241334780886881,,79.53643335212931,532.2611206054687,,,,YUKEN.BO,2025-01-10 11:06:40.026759
467,2023-01-18 00:00:00+05:30,533.7195025262974,533.7195025262974,525.078936819885,528.5751342773438,27,0.0,0.0,2023-01-18,,,,,,,,,-94463,26.560792736516287,29331.73262568912,530.7754171132174,,529.1245245411754,533.1701122624659,524.5295465560534,537.7650902475879,520.483958834763,541.8106779688783,515.888980849641,,,-1.8016725385490417,-0.7530963605642116,-1.0485761779848302,,83.9235142678637,530.8526489257813,,,,YUKEN.BO,2025-01-10 11:06:40.026759
468,2023-01-17 00:00:00+05:30,533.769424763348,535.3177895226729,500.45568265105953,525.4784545898438,41204,0.0,0.0,2023-01-17,,,,,,,,,-94490,40296.26857550948,36658.02558392727,530.7760094835565,,520.4173089211921,540.3789351913247,505.5168283197113,555.2794157928055,485.5552020495787,575.241042062938,470.6547214480979,,,-1.48909685287083,-0.49095231606800394,-0.998144536802826,,85.97027791970645,532.6007446289062,,,,YUKEN.BO,2025-01-10 11:06:40.026759
469,2023-01-16 00:00:00+05:30,534.2189765062042,541.0115767341995,529.8737267709964,531.1723022460938,526,0.0,0.0,2023-01-16,,,,,,,,,-53286,519.9860646690322,35748.464836031715,534.4704183225068,,534.0192019170966,538.1646770631967,527.0268270999936,545.1570518802996,522.8813519538935,549.3025270263997,515.8889771367906,,,-0.761367151940135,-0.2414161818672974,-0.5199509700728376,,88.17448492938327,,,,,YUKEN.BO,2025-01-10 11:06:40.026759
470,2023-01-13 00:00:00+05:30,537.4654707896585,537.4654707896585,525.3287066679694,534.6185913085938,1349,0.0,0.0,2023-01-13,,,,,,,,,-52760,1342.2287804489617,44555.58452887239,534.500043805894,,532.4709229220739,539.6131391761784,527.4763750544893,544.607687043763,520.3341588003848,551.7499032978675,515.3396109328002,,,-0.3788744683801042,-0.11142843934908797,-0.2674460290310162,,93.1052200858582,,,,,YUKEN.BO,2025-01-10 11:06:40.026759
471,2023-01-12 00:00:00+05:30,552.3992065429687,552.3992065429687,532.1212731800973,534.4187622070312,55659,0.0,0.0,2023-01-12,,,,,,,,,-54109,55358.92346597824,55358.92346597824,534.4972484313702,,539.6464139766991,547.171554773301,526.8936214104295,559.9243473395705,519.3684806138277,567.4494881361724,506.61568804755814,,,-0.22283466045666955,-0.044566932091333916,-0.17826772836533564,,100.0,,,,,YUKEN.BO,2025-01-10 11:06:40.026759
472,2023-01-11 00:00:00+05:30,524.8291936535973,544.5577358938042,524.8291936535973,537.3156127929688,1550,0.0,0.0,2023-01-11,,,,,,,,,1550,,,537.3156127929688,,535.5675141134567,546.3058345733161,526.5772923331092,555.2960563536636,515.8389718732498,566.0343768135231,506.84875009290226,,,0.0,0.0,0.0,,,,,,,YUKEN.BO,2025-01-10 11:06:40.026759
